variant	pivot_date	model	location	mae	mse	normalized_mae	max_r_data	correlation	r2	n_points	total_sequences	total_smoothed_sequences	mean_variant_frequency	mean_smoothed_variant_frequency	max_variant_frequency	max_smoothed_variant_frequency	converged
0	2025-04-01	FGA	north	0.37067682829446386	0.13746002377963154	6.3049516575824915	0.05879138309469489	0.9150268690398684	-387.7674862245139	11	2369.0	2368.962822662947	0.9858728582284081	0.9851970617555239	1.0	0.9933239513367073	False
0	2025-10-01	FGA	north	0.38615428813590646	0.14962298403319646	6.152202191692818	0.06276683959726194	-0.14405953886036554	-381.2267111334466	13	2405.0	2404.969842204282	0.9880462646548069	0.9885214153825377	1.0	0.9932801672055452	False
2	2027-10-01	FGA	north	0.0018237538777549135	4.947621580917935e-06	0.03896114163453381	0.04680955950578206	0.9969095229331485	0.9903867301572731	29	1069.0	1069.2703947851155	0.9858666462243096	0.9874265858532945	1.0	0.9991891502760114	True
2	2028-04-01	FGA	north	0.068089551551872	0.007301064352976553	2.2903312950167765	0.029729127703061513	0.6003025478766378	-20.058337929177593	44	2481.0	2480.992891598453	0.9220724590415927	0.9213788111803226	1.0	0.9989844915111884	False
3	2028-04-01	FGA	north	0.07293735144509697	0.00968055745996643	1.545183707626645	0.04720302905414821	0.9264085347601663	-26.86610398481864	12	411.0	411.00145570957125	0.2290460590284944	0.2237445136538341	0.3448275862068966	0.36414456338650414	False
2	2028-10-01	FGA	north	0.1466240933164939	0.022358618664067628	3.094558431390594	0.04738126507134842	-0.05578131400429722	-33.17425569710998	29	1889.0	1888.8671811821341	0.7991060441684312	0.8014579708741408	1.0	1.0	False
3	2028-10-01	FGA	north	0.2277276829630584	0.0524332191745601	4.286197283126635	0.05313047158597861	0.9707271278578922	-60.28267708221983	20	618.0	617.9522092123013	0.3727358757456209	0.3579506621939097	0.7647058823529411	0.6333655913057705	False
2	2029-04-01	FGA	north	0.3033396334315999	0.09210137883852719	6.233213338046245	0.04866504914569144	-0.9538526087891626	-9589.38324947416	3	69.0	68.83306466547685	0.42323232323232324	0.45309195986326695	0.5	0.48263007201777874	False
3	2029-04-01	FGA	north	0.07044300587534255	0.005809513405193059	1.8114084912037993	0.038888525817016885	0.9274491405883016	-34.659381812381696	7	143.0	142.99750118745092	0.5802503624511738	0.5353170568150246	0.7647058823529411	0.6364046165386349	False
5	2029-04-01	FGA	north	0.03161794866556868	0.0011527429609239988	0.5386559803659995	0.058697851352333075	0.4930297187076792	-4.792685053812915	5	95.0	94.93916730105212	0.7353973566042532	0.66001119310005	0.8666666666666667	0.8302631368207523	False
5	2029-10-01	FGA	north	0.19843713880291733	0.03963460046118492	3.95565881183188	0.050165382871082444	0.6818766939376771	-88.10517295154797	31	1450.0	1449.9495486784642	0.919083188914244	0.8798493763298122	1.0	0.9762197066236431	False
5	2030-04-01	FGA	north	0.20831455341584296	0.04908137905648317	4.636689253230301	0.044927434649780294	0.6028703265788335	-131.8953631614569	51	4589.0	4589.015374860872	0.9483936031294906	0.9435812344255177	1.0	0.9894116297540342	False
6	2030-04-01	FGA	north	0.06318928724156381	0.0042144556726923825	1.8448476581568685	0.0342517643460568	0.7076129254920318	-14.734122120848744	9	122.0	122.01025611776309	0.09202517371776947	0.09029470237764177	0.16470588235294117	0.13836282401267225	False
5	2030-10-01	FGA	north	0.035036923037095845	0.0020641008670453055	0.7293797507361925	0.048036599592642455	-0.34820914964541505	-2.161807863259259	25	3202.0	3202.0453849450428	0.9207517076427364	0.9104455747333265	1.0	0.9975880806867906	False
6	2030-10-01	FGA	north	0.11364838314088911	0.013120194959833676	3.2804416074967144	0.034644232923144	0.8168126748937665	-45.66995841795838	9	122.0	122.0631112999521	0.09202517371776947	0.11695154265939683	0.16470588235294117	0.1749860458519424	False
7	2032-04-01	FGA	north	0.006326468270932495	0.00011091626045837135	0.19936107507259665	0.031733718674163115	0.9866133712009353	0.6959886804545838	18	682.0	681.7909617411515	0.27867212669211605	0.2691485767038313	0.631578947368421	0.532565184882267	True
8	2032-04-01	FGA	north	0.011691359131929464	0.0005026864770658427	0.09932125731166332	0.11771255669108958	0.961429147008895	0.7685318945694808	15	434.0	433.9023487298888	0.15003168324318208	0.15757000500333276	0.3050847457627119	0.22840390132936644	True
9	2032-04-01	FGA	north	0.0030007193947764	1.0549212102438101e-05	0.050595305485433784	0.059308257277748765	0.9992357529415767	0.987539586248888	16	2125.0	2124.9809823487035	0.6033734993026101	0.5909292643554596	0.8141592920353983	0.8152920881492817	True
7	2032-10-01	FGA	north	0.0077219910134160505	7.349782849637967e-05	0.1340774486864845	0.057593510982391294	0.9929667716048584	0.9248720746503404	19	692.0	691.8429227187845	0.26839113756796956	0.27268422938336384	0.631578947368421	0.4931575841238574	True
8	2032-10-01	FGA	north	0.010806054481247255	0.00015007792253230254	0.2549382515780854	0.042386948268284694	0.9910849666842652	0.8067010479683958	16	444.0	444.0070921545913	0.14586303637381648	0.14462286839659494	0.3050847457627119	0.20943037651673915	True
9	2032-10-01	FGA	north	0.015055719244847126	0.0006025931618749936	0.2599269571556988	0.05792288498891095	0.8147150265258105	0.6488896160788094	24	2469.0	2468.941550927094	0.6907698939223277	0.6801887367989593	1.0	0.9220691626960633	True
9	2033-04-01	FGA	north	0.003812578844542637	2.3025050788526475e-05	0.06567385825414118	0.058053218524011845	0.9594226664342176	-0.07792019991017574	5	116.0	115.66053760786141	0.892994555353902	0.8795118804328552	1.0	0.904216034818285	True
11	2035-04-01	FGA	north	0.0022460392536893005	7.719583968903961e-06	0.03504966161586842	0.06408162447629527	0.999101476753566	0.9963727927127336	21	5003.0	5002.97460983917	0.9810277662406248	0.9781323725882322	1.0	1.0	True
11	2035-10-01	FGA	north	0.0033519111273725057	1.572685146222097e-05	0.049525756039981106	0.06768016069591301	0.9978719616087111	0.9941843438719286	24	5082.0	5081.985626013259	0.9833992954605467	0.9787410753839598	1.0	1.0	True
12	2037-04-01	FGA	north	0.07499146980966381	0.005623720544213719	1.486701813520428	0.050441500190336185			1	15.0	14.848293358711674	0.030612244897959183	0.01694437728966486	0.030612244897959183	0.01694437728966486	False
13	2037-04-01	FGA	north	0.18479763978866973	0.04780535225050942	3.3518904931703672	0.05513236192089315	0.9694620828616572	-29.985706457191135	23	4097.0	4097.110979914856	0.8335827695056236	0.8238694071844621	0.9411764705882353	0.8572999328728026	False
14	2037-04-01	FGA	north	0.174154877391605	0.031293292686475835	3.8598463629751194	0.04511963975098965	-0.3827692133301462	-33.30057778789878	17	690.0	689.9648572860153	0.15170399765223846	0.1450545062298049	0.26	0.1906022755748952	False
13	2037-10-01	FGA	north	0.09446967869244878	0.010270002093738993	1.6375852287148163	0.05768840426497311	0.7203588551525357	-4.9060237449099455	25	4131.0	4131.259753283833	0.819815402603559	0.8187092810893372	0.9411764705882353	0.8771220891647941	False
14	2037-10-01	FGA	north	0.254583667536396	0.06587780771294674	4.4040145602536365	0.05780718116466309	0.8152706197167062	-44.164940907760766	17	690.0	689.8835014958124	0.15170399765223846	0.16344438471626613	0.26	0.23388159447339155	False
15	2039-04-01	FGA	north	0.10958671082533743	0.015837913734734425	4.059781005543793	0.0269932566992388	0.5429584669785051	-82.70791017725078	11	187.0	186.84643507518092	0.13348732350289436	0.12524462667581165	0.2857142857142857	0.2631689479611688	False
16	2039-04-01	FGA	north	0.030694112226067456	0.0011779421672451912	0.6682620526865117	0.045931251224983684		-1.7424770941522167	16	1844.0	1844.02299607246	0.8488506741232993	0.8356687329119382	0.95	0.9430018530525416	False
15	2039-10-01	FGA	north	0.0016330015180921016	3.84959336700006e-06	0.038327322598258134	0.04260672041219798	0.9990585413339416	0.9923695642208655	12	198.0	197.40642930639186	0.1288645619107501	0.14508406331961862	0.2857142857142857	0.2507040070099003	True
16	2039-10-01	FGA	north	0.0009988196932294935	1.3596714361822913e-06	0.019791290084557826	0.05046763950010634	0.999645432126541	0.9989115676028505	25	2371.0	2370.928622225856	0.8803129912225165	0.8692374564202084	0.9615384615384616	0.9781336988316203	True
16	2040-04-01	FGA	north	0.2769176331153976	0.07680176592633264	5.534776436795644	0.05003230686508431	-0.9789390470636259	-3145.6207708634356	6	207.0	206.66629877753147	0.9336152757664387	0.9420246504452449	0.9615384615384616	0.956892593839062	False
17	2041-04-01	FGA	north	0.03914870871396799	0.002064208915369101	1.2662114044837367	0.03091798776676618	-0.9533585395072074	-4.44341953039168	7	102.0	101.90744677459939	0.09028427887016295	0.0957713873324924	0.17777777777777778	0.13697832742692703	False
18	2041-04-01	FGA	north	0.12443072265081818	0.016475256781299016	2.3326750976480177	0.05334250053780692	-0.9279447498349931	-28.626660049132443	15	2207.0	2207.013298149646	0.9072318478804042	0.8953216073922281	0.9781659388646288	0.9745718074402631	False
17	2041-10-01	FGA	north	0.18006469324306423	0.03260597754658624	5.1643620366274305	0.03486678353802145	0.9947121611901703	-116.90418498867608	7	102.0	101.85013249070136	0.09028427887016295	0.11774268953122964	0.17777777777777778	0.15297776559800177	False
18	2041-10-01	FGA	north	0.13620243207278168	0.02044230441710326	2.4898256120907853	0.054703603100302346	-0.3559185699806745	-12.614557052354112	24	2793.0	2792.9823514030845	0.934480196602677	0.9161950594617815	1.0	0.9936989499872824	False
18	2042-04-01	FGA	north	0.08652574071517453	0.007545375469099303	1.5974263295088396	0.05416571588736652	-0.8969201277494199	-220.16708301621406	7	294.0	293.89689520311174	0.9829705215419501	0.9648843414673067	1.0	0.9770014149955651	False
19	2043-04-01	FGA	north	0.07968984667249204	0.00667357106602054	1.8725582154732283	0.042556672478325605	-0.9532979631882861	-41.407892738490396	9	497.0	496.94475864794424	0.9686333316341885	0.9627756858384229	1.0	1.0	False
19	2043-10-01	FGA	north	0.0010096401859848137	1.5302467117346962e-06	0.023726639188812147	0.04255302143511714	0.9991376673092768	0.9976679958145672	21	1069.0	1069.1000964425252	0.980455916000694	0.9702554982319024	1.0	0.993300887204935	True
19	2044-04-01	FGA	north	0.07042334660777633	0.005283104110115046	1.952492889957422	0.03606842666111427	0.5723227859255613	-10.711898696655998	18	532.0	531.5475916096239	0.8679892466929504	0.8532793878873206	1.0	0.9876228018624035	False
20	2044-04-01	FGA	north	0.13785268424820118	0.019019322165827527	4.489201947835435	0.030707614816631233	-0.9978489283215224	-3449.3036257777617	3	39.0	38.915276026717564	0.4105499438832772	0.4382592441969934	0.42424242424242425	0.48576442101884665	False
19	2044-10-01	FGA	north	0.02257294162141694	0.0007423314115103293	0.8200002222641704	0.027527970125531098	0.3525721181133693	-1.5783519712105014	14	221.0	220.38017500278792	0.6065027932683462	0.6099341932891048	1.0	0.9147649575518672	True
20	2044-10-01	FGA	north	0.0291657029825312	0.0009997417505996802	1.1324135817238112	0.025755345443785518	0.8616590782483508	-4.665472249961764	12	193.0	193.09250541371193	0.547830675770864	0.5156923594155433	0.7666666666666667	0.6704050660483178	True
19	2045-04-01	FGA	north	0.2648116784000546	0.07022964198022459	9.413788670820388	0.0281301915371101	-0.9966520981720859	-2761.1864632660354	3	37.0	36.83367732752166	0.4050019201228879	0.39838828312105107	0.45161290322580644	0.4509537941855699	False
20	2045-04-01	FGA	north	0.1524263832772901	0.023910876505831874	4.154130249188936	0.03669273088080237	-8.441183373844585e-05	-57.23023352522144	24	1984.0	1984.2384550156862	0.8797245044974726	0.8785920216803486	1.0	0.96825758618257	False
20	2045-10-01	FGA	north	0.031106083871378098	0.0013137412111386255	0.5683631582118195	0.054729240313963805	0.35047229620524134	-0.3373418059327844	25	2206.0	2205.8809126580027	0.9671417577307284	0.9604771314414442	1.0	0.9894866520152231	False
20	2046-04-01	FGA	north	0.0863251210784302	0.007526984648363528	1.6232085244590344	0.053181781501054966	-0.9369999687349735	-490.56286597396814	4	90.0	89.63539117595136	0.9566666666666667	0.9517387640186823	1.0	0.9659832416655316	False
21	2047-04-01	FGA	north	0.004193346564706626	4.663186525940393e-05	0.1135209873211475	0.03693895431726446	0.994818113327339	0.9002568363803297	15	506.0	506.1478887572403	0.4694162271048824	0.4458857793615675	0.8571428571428571	0.6682279131659983	True
22	2047-04-01	FGA	north	0.0009609200111906926	1.6195934188482594e-06	0.020858784728621873	0.04606788092846768	0.9977151375105409	0.9935255193164763	12	836.0	836.0050400331768	0.6032520213372806	0.5998675573662137	0.8015873015873016	0.806958456398674	True
21	2047-10-01	FGA	north	0.001520614024820172	3.303974201337212e-06	0.03152617772989116	0.04823337728564603	0.9982317637999013	0.9949591958743818	19	597.0	596.9903623852842	0.4203746090912357	0.3905194274915291	0.8571428571428571	0.63124623897779	True
22	2047-10-01	FGA	north	0.0017728597713083827	6.452863228403984e-06	0.03957938944363696	0.044792499233294744	0.9993209818595774	0.9930876494842027	22	1280.0	1279.9237801931292	0.7150468500220317	0.7032741531735432	1.0	0.9189147041226499	True
21	2048-04-01	FGA	north	0.11416282265683117	0.013118844669404947	2.346456633129059	0.04865328472088239	-1.0	-795.8899703157047	2	26.0	25.17415315656998	0.214772132006286	0.1792295282057304	0.2608695652173913	0.19976692582137695	False
22	2048-04-01	FGA	north	0.2565105516151449	0.06606211806498033	5.911630117061939	0.04339083239914032	-0.9757722274628531	-1255.0751136293748	8	261.0	260.9574719048022	0.8789490200673109	0.8460020285822247	1.0	0.9060870473465213	False
23	2049-04-01	FGA	north	0.19093535272721646	0.038310756654408654	3.561959737478027	0.05360401767550701	-0.9027189446000595	-39.26588626718277	16	767.0	767.0893390733977	0.37307181728006555	0.3687110120537598	0.6956521739130435	0.6335364661458491	False
24	2049-04-01	FGA	north	0.1348956417703025	0.019592884487690976	1.9351306048405985	0.0697088048904142	-0.9629972591882227	-23.557429891680563	13	2295.0	2294.9655747440875	0.6631443648106062	0.6652009630729133	0.8705501618122977	0.889890380958347	False
23	2049-10-01	FGA	north	0.18602419491949984	0.03568489433010798	3.1477184642476668	0.05909810455807753	0.8021130364427926	-26.50302331248276	19	818.0	817.90530398312	0.3297278066636553	0.32688781601411837	0.6956521739130435	0.6445849992306929	False
24	2049-10-01	FGA	north	0.14107740725597182	0.022334549941025236	2.018859343072882	0.0698797604399916	-0.29997931987112664	-9.540488207131563	22	3065.0	3064.9554156639715	0.7651353716481473	0.7616847802189812	0.9574468085106383	0.956057921126678	False
23	2050-04-01	FGA	north	0.29950251214068163	0.08970175477857915	6.052085066045866	0.04948749214068166			1	15.0	14.88837257665645	0.1271186440677966	0.08831102568829213	0.1271186440677966	0.08831102568829213	False
24	2050-04-01	FGA	north	0.08346381264096168	0.007006558313364122	1.533398508455388	0.05443060768660578	-0.5461917676668933	-203.14622992005104	7	379.0	378.9752855771492	0.9123348368519691	0.9159387959893946	0.9574468085106383	0.9389488192827905	False
25	2051-04-01	FGA	north	0.01345681469378049	0.0005197282691849344	0.15367470929218194	0.08756687912905063	0.9743551784434216	0.6353572952227364	12	259.0	258.9982109343382	0.22242248062139103	0.22628095743485124	0.48148148148148145	0.4097900554458665	True
26	2051-04-01	FGA	north	0.000900281457295212	1.0074158441177123e-06	0.015053018091297578	0.05980737230467297	0.9985930338441343	0.9968151828026095	13	1443.0	1442.947120407715	0.7722171177782943	0.7540430460889802	0.9063829787234042	0.9512081064532071	True
25	2051-10-01	FGA	north	0.01845356371151302	0.0007168628136064723	0.44310890981494516	0.041645661603193114	0.974495412160951	-0.05658386254839165	14	288.0	287.9743281114421	0.20023270011748048	0.21585745955367003	0.48148148148148145	0.37334363078500116	False
26	2051-10-01	FGA	north	0.09017024077314004	0.009248173773102391	1.3270486648917004	0.06794795334841679	0.9725611862213753	-4.095084500810064	25	2505.0	2504.984133366877	0.8276836714172718	0.7933831842233843	0.9473684210526315	0.8858262385954077	False
26	2052-04-01	FGA	north	0.08691158338796716	0.0076734588051602425	1.508881502631373	0.05760000585625846	-0.7059146684875378	-91.81061448051737	9	500.0	499.9737796617471	0.8773447086083289	0.7977896883557302	0.9473684210526315	0.9515749196722667	False
27	2052-04-01	FGA	north	0.12478104596146944	0.020531671035935253	2.501997712017865	0.04987256597482391	0.9430638772998234	-23.383765249362927	24	2882.0	2882.004389837562	0.8796991846407272	0.8660014484191287	1.0	1.0	False
28	2052-04-01	FGA	north	0.05621856588342942	0.0038927694593718343	0.9278833631117134	0.06058796624491362	-0.43850985375805884	-5.488271382171211	12	510.0	509.8836616660163	0.22151590518078498	0.22440104689987364	0.47058823529411764	0.4200155322977864	False
27	2052-10-01	FGA	north	0.03676992812321441	0.0017742641228457813	0.6603793927409775	0.055680005353584354	-0.34332392936054407	-0.5314921093675351	28	2993.0	2992.956746111505	0.8130002493787144	0.8001236192709751	1.0	0.9979123630521021	False
28	2052-10-01	FGA	north	0.12092142041548126	0.015844636858107875	1.1793969088197045	0.1025281815741698	0.923846443446646	-9.275806710093446	19	716.0	715.9846160558396	0.38851469082935175	0.4053769047459032	0.8148148148148148	0.7830242021097154	False
27	2053-04-01	FGA	north	0.06798943697179144	0.004625812146587649	1.1252046694467175	0.06042406223324954	-1.0	-2451.5782298836375	2	35.0	34.82786758239126	0.37272727272727274	0.32740724569616186	0.4	0.3523609803684081	False
28	2053-04-01	FGA	north	0.2539201093759122	0.0645605803040927	6.756498908246415	0.03758161036124769	-0.9919928448361024	-2881.033823282663	5	113.0	112.99003247535015	0.7258720538720539	0.734680380994333	0.8148148148148148	0.8161511025129746	False
2	2027-10-01	FGA	south	0.003680579076935603	2.3166740095848364e-05	0.05551350265657828	0.06630060977605165	0.996968502895337	0.9900073843720382	23	5340.0	5339.962488123314	0.9974689378433917	0.9783520552384001	1.0	1.0	True
2	2028-04-01	FGA	south	0.19988993665335195	0.04188524489544005	2.8651515520439594	0.06976592093732467	0.7069961516939237	-15.384094252996032	26	5396.0	5395.9372679869975	0.9963364820523452	0.9948920826711348	1.0	0.9987557808829824	False
4	2029-10-01	FGA	south	0.018691276339639778	0.00047291049633569704	0.45812738481738	0.0407992994068463	0.46448997953952154	-1.3445700893658188	5	58.0	57.9231361133614	0.04933083325262253	0.04512035743112045	0.09345794392523364	0.06759920456429419	False
5	2029-10-01	FGA	south	0.11228855538554788	0.013879359637173763	1.831139578167412	0.061321680075270536	-0.8913680639364217	-12.912498455198278	18	3268.0	3267.9765154745423	0.9140692757178512	0.9007111617871159	0.9850746268656716	0.9763492989569473	False
4	2030-04-01	FGA	south	0.0774316967020738	0.006041079392703601	1.9172526086700432	0.04038679950253738	0.8335805102743937	-40.37058768237898	5	58.0	57.71799789466124	0.04933083325262253	0.040930523298631	0.09345794392523364	0.05566432758747368	True
5	2030-04-01	FGA	south	0.03878587741570394	0.0023464264841226027	0.6541982417979683	0.05928765156736989	0.6759040272693682	-0.14545110519678595	26	3760.0	3759.974218446511	0.9360031896214713	0.9344290404498244	1.0	0.9770950256946015	True
5	2030-10-01	FGA	south	0.07894791980486675	0.006303172675519525	1.352854412039438	0.058356552709801335	-0.8820967434444797	-107.97700530265915	6	228.0	227.96685742769253	0.9901328877218111	0.9801936653721115	1.0	0.9939989376427035	False
7	2031-10-01	FGA	south	0.002168599175802646	5.945814744425235e-06	0.04320588918263862	0.05019221260869346	0.9993006326812128	0.9918572761628904	16	2159.0	2158.985629006526	0.7303469785745438	0.7425315811603852	0.8160919540229885	0.7804558124159551	True
8	2031-10-01	FGA	south	0.0035227791141205426	1.3848722431670845e-05	0.06466203196254544	0.05447987029175115	0.9989119660187149	0.978316976499642	13	573.0	572.8458807846496	0.2050828437045587	0.20745912589322216	0.24468085106382978	0.22656205093599566	True
9	2031-10-01	FGA	south	0.0024495062869492267	8.85581982994433e-06	0.13914522613008662	0.01760395491153385	0.9997883254592872	0.9327388744157631	4	46.0	45.971983291820465	0.04886511255409276	0.03829892550688907	0.06074766355140187	0.04421715869612346	True
6	2032-04-01	FGA	south	0.010211332461396615	0.00010429039285936096	0.930734153178921	0.010971266528170074	1.0	-0.6219913430427784	2	21.0	20.79406938494806	0.036440497839076116	0.024331527951998645	0.04182509505703422	0.029011302012609718	True
7	2032-04-01	FGA	south	0.00184930168198131	4.728571295362877e-06	0.03425011505838193	0.053994028307030054	0.9990965602410511	0.9966860236467988	22	2483.0	2482.9900877899126	0.7084079479288347	0.7006499306857262	0.8160919540229885	0.7422114561876719	True
8	2032-04-01	FGA	south	0.0024488338169897685	7.235585762993956e-06	0.04673257506979236	0.05240100322596345	0.9987569043171651	0.99386430065779	17	681.0	680.8177811132612	0.2188765197277137	0.2270866474939425	0.2909090909090909	0.25229543821943207	True
9	2032-04-01	FGA	south	0.0016438013735737861	3.577242325320095e-06	0.06338189424686302	0.025934872933450443	0.9987083080867383	0.9722294042671834	4	46.0	45.9237579176472	0.04886511255409276	0.03742499199052449	0.06074766355140187	0.04814824607731659	True
7	2032-10-01	FGA	south	0.0503430916928377	0.002587260213874015	1.1759362479072306	0.04281107226895285	-0.9971944135144633	-1679.459317261137	3	76.0	76.0477783664268	0.6236208236208237	0.6365194498508301	0.7435897435897436	0.6660900491337283	False
8	2032-10-01	FGA	south	0.2177417349533183	0.04741146314048112	4.879074143590982	0.04462767495331832			1	16.0	15.545568690463625	0.2909090909090909	0.26105498024714785	0.2909090909090909	0.26105498024714785	False
10	2034-04-01	FGA	south	0.02223702381966503	0.00136345304300444	0.557300470031286	0.039901318975052495	-0.21380701852322803	-2.107494635345734	20	444.0	444.0038134791101	0.9735267999973882	0.9871232134704382	1.0	1.0	True
10	2034-10-01	FGA	south	0.15624691775152713	0.02478673621396641	4.407624272099925	0.03544923707326042	0.4511260495029222	-57.23835651195992	26	1013.0	1013.1568432385968	0.9009384454084303	0.883504413560958	1.0	0.9807778999125261	False
11	2034-10-01	FGA	south	0.1526872575226342	0.02403215997770303	3.3109996754828965	0.04611515327326795	-0.9380673784688617	-402.36096814754126	7	245.0	244.91885489471787	0.29843060220047185	0.2813859477600877	0.474025974025974	0.3905073397830094	False
10	2035-04-01	FGA	south	0.21723814227398924	0.04752391059822997	4.893678961568481	0.04439158023646935	0.9111638393683593	-77.14395000359896	25	1110.0	1109.997636093494	0.6606168734969455	0.663832078340773	1.0	0.9999271371824415	False
11	2035-04-01	FGA	south	0.1785641004701879	0.032627066350479364	3.4882381869862282	0.05119034048086719	-0.4230656439215633	-67.27023516443975	33	1508.0	1508.0110514714688	0.7729176345071365	0.7622106469202932	1.0	1.0	False
10	2035-10-01	FGA	south	0.2538629908024015	0.06454026512442035	5.622761173865805	0.04514916834496522	-0.6758413846249532	-813.9113018482038	7	167.0	167.01273017863758	0.2025420940553412	0.21790614918670984	0.3305785123966942	0.31226748597067117	False
11	2035-10-01	FGA	south	0.07481474804661116	0.00911600216298241	2.64637687364541	0.028270632498217502	0.7222616866048573	-28.476302582091698	49	3338.0	3337.9068191405745	0.9606954147808793	0.9547458763418138	1.0	1.0	False
11	2036-04-01	FGA	south	0.21574272190021884	0.0469185365827796	4.384684622841935	0.04920370344911719	0.7031687234485735	-63.33119159801117	34	2630.0	2629.953814221504	0.9951333898944192	0.9779715707066131	1.0	1.0	False
11	2036-10-01	FGA	south	0.29971801029248896	0.08987405427507648	6.095992408232735	0.04916640150137245	-0.6878425217333703	-3142.953297068467	8	191.0	190.96569033699137	0.9895833333333333	0.9971376468966215	1.0	1.0	False
12	2036-10-01	FGA	south	0.04958900517565111	0.004621788939699824	0.7185986510214888	0.06900792967696263	-0.2787906693066913	-3.056530095997343	16	997.0	996.7516176422321	0.4981753454637717	0.5087600482611935	0.9166666666666666	0.8734141022950759	False
13	2036-10-01	FGA	south	0.17573977163785542	0.03172024277909989	2.6695590680435033	0.06583101072442409	-0.9034809354652152	-65.00601495577249	13	1572.0	1571.9551854807055	0.4885750575018505	0.4737562943734876	0.7029972752043597	0.7080490685179573	False
14	2036-10-01	FGA	south	0.07232007127870561	0.006012333175509404	1.1981766415294817	0.06035843862419859	-0.9664633967530074	-14.024619162802358	8	213.0	212.9851547241232	0.08539729426276789	0.08522088384351367	0.11011904761904762	0.10773716639164373	False
12	2037-04-01	FGA	south	0.1848058257016467	0.034646036477805606	3.0222339438993067	0.06114874928021256	0.987848203848486	-26.588163434057638	21	1159.0	1158.807443451301	0.41757035262832964	0.423532825020147	0.9166666666666666	0.8533292916429508	False
13	2037-04-01	FGA	south	0.18108699130565703	0.033294717276358174	2.913974222492159	0.062144335357497936	0.9860658383800697	-19.091766573558875	23	2392.0	2391.9702795254448	0.5907097792098873	0.5684692032531485	0.7777777777777778	0.7596636921336088	False
14	2037-04-01	FGA	south	0.24751023882494902	0.061806241988078825	3.6035256960114963	0.06868557621190316	0.9922098946793754	-45.56143723640163	15	355.0	354.97900912333756	0.11185330013120838	0.13423041602221206	0.19298245614035087	0.19096994350193613	False
12	2037-10-01	FGA	south	0.32467566930681857	0.10542855723907518	5.6547728791542005	0.057416217458300674	-1.0	-12309.147002150572	2	31.0	30.996527102040147	0.11558105996875376	0.12740334910679935	0.12738853503184713	0.13558094027504025	False
13	2037-10-01	FGA	south	0.011134538251811568	0.00015913132841615985	0.19814210719804776	0.05619470999509625	-0.8198712953632248	-0.9030010411772744	7	349.0	349.0531702621157	0.733527137941751	0.7233496500602935	0.7647058823529411	0.7703894403198723	False
14	2037-10-01	FGA	south	0.2761252019364018	0.07632348549340756	8.376147400346845	0.03296565697076532	0.9881693417254379	-823.4135251586819	4	64.0	63.69068777618971	0.16633092082968426	0.13139695555203718	0.19298245614035087	0.17898488269221396	False
15	2038-10-01	FGA	south	0.00157869053885249	7.0989325727115194e-06	0.029997640063533487	0.052627157853381235	0.9984808957712594	0.994219973237522	21	3648.0	3647.981757101603	0.903878566926522	0.8833933795869798	1.0	0.9622097768252775	True
16	2038-10-01	FGA	south	0.0024003946459686676	1.13207500870729e-05	0.03877964537018119	0.061898313485207926	0.999224100564815	0.9882131305398647	11	484.0	483.8738584772623	0.15397253295341462	0.14859300306614623	0.26143790849673204	0.22778676207358056	True
15	2039-04-01	FGA	south	0.2293223402834985	0.05434352173284722	3.7377008763944497	0.061353850366087315	0.08293130664256056	-30.035418924938902	25	3811.0	3810.987473656758	0.8730046964109871	0.8644002323252152	1.0	0.9668350073039365	False
16	2039-04-01	FGA	south	0.14875492169251023	0.023162835703161955	2.13822780786182	0.06956925784313965	0.9648369113683376	-16.5693656583969	14	544.0	543.6758461458949	0.1850550784578988	0.18672646324287018	0.3114754098360656	0.3327293447145599	False
18	2041-10-01	FGA	south	0.013393729495308513	0.0002460006207595307	0.2751262599866659	0.04868211960558634	0.9754685020587639	0.7432141968260312	25	3879.0	3878.9667266851325	0.9773024364783482	0.963511246106425	1.0	1.0	True
18	2042-04-01	FGA	south	0.11567911996178923	0.014275896050645043	1.8308344768766889	0.06318382214384119	0.8513086027074707	-8.461321802142425	29	3976.0	3976.0148954902447	0.9886433155191017	0.987370923119798	1.0	1.0	False
19	2043-10-01	FGA	south	0.027661345414553864	0.0009326310939185158	1.0898802767458262	0.025380168817390976	-0.8577690124444721	-8.315250617610007	13	326.0	325.96291899131313	0.9878089793911294	0.9598066139363218	1.0	0.9918327210502901	False
19	2044-04-01	FGA	south	0.002263359020557809	8.49511318419872e-06	0.0694863367002784	0.032572720451799854	0.9876561039296848	0.975446663500349	20	459.0	458.82957500594864	0.9686631381915356	0.9537051033407176	1.0	0.9871559488527646	True
19	2044-10-01	FGA	south	0.1445862280159517	0.021016517797404693	5.790585396472763	0.024969190179636058	0.934787999507477	-372.23774765987486	5	76.0	75.80324811237284	0.7841163310961969	0.7414334993657008	1.0	0.9706938973302496	False
20	2044-10-01	FGA	south	0.03291590382687443	0.0013206908939923546	0.6099719257219163	0.05396298163709368		-3.9029596299742604	16	1307.0	1306.9757159826013	0.9295310236690619	0.9264874188601749	1.0	0.9645296059921158	False
20	2045-04-01	FGA	south	0.0032958494123997706	1.5385736163111663e-05	0.06484266136863626	0.05082841053766402	0.9988812526568264	0.9879186433786669	28	2082.0	2081.9509891543926	0.9520321254808078	0.9594014518283974	1.0	0.9966796519787845	True
20	2045-10-01	FGA	south	0.09701708412203029	0.009668573961353661	2.085112392576619	0.04652846746651588	-0.9720690025640663	-220.81729470008528	9	411.0	410.98614481345413	0.985928592144683	0.9807219233291219	1.0	0.9902175713819338	False
21	2046-10-01	FGA	south	0.17693347131821394	0.032041234800059	3.760148124523237	0.04705492056663273	-0.851397578949723	-82.10771460246409	15	1543.0	1543.010701364918	0.9406878182317976	0.931573399448411	1.0	0.9469474861365749	False
22	2046-10-01	FGA	south	0.13626347445226708	0.018838063784038715	3.494645728787321	0.03899207102161739	-0.9930646534986306	-117.60215184173308	6	105.0	104.97714968061591	0.09349028826276116	0.08620329440682724	0.1076923076923077	0.10770617688578132	False
21	2047-04-01	FGA	south	0.0011507326228519688	3.1778853745815065e-06	0.02445779245390684	0.04704973374112319	0.9987530430377629	0.9972961535969329	24	2098.0	2098.125749757261	0.888485431010317	0.8856150553403391	1.0	0.9658404452007181	True
22	2047-04-01	FGA	south	0.0027039236894247057	9.207773679006528e-06	0.06262092563754602	0.0431792354056724	0.9981119484276662	0.9779246643850891	11	183.0	182.86469316880454	0.121266103114978	0.12156174305007092	0.20588235294117646	0.21189891498581284	True
21	2047-10-01	FGA	south	0.15804387855935326	0.024997161559425354	3.294341750812276	0.047974342224933055	0.6552903836622779	-990.086130428524	7	311.0	311.05608951649856	0.7866452872876291	0.791266496845542	0.8921568627450981	0.8152315186012157	False
22	2047-10-01	FGA	south	0.2170994316652702	0.04956060918434669	6.06250649530691	0.03581017716572025	-0.5955299265724694	-135.41576039981211	7	85.0	85.11806038988976	0.559579831932773	0.5236520452331893	1.0	0.9774705987940977	False
23	2048-10-01	FGA	south	0.0331557672680272	0.0017093973529852659	0.7104248358766245	0.04667033807611024	0.740137002396198	-31.910683414637475	9	254.0	254.0927855743734	0.8051587827418663	0.7985355966857002	0.9047619047619048	0.9044286240570856	True
23	2049-04-01	FGA	south	0.006064602846347521	4.9714175931412287e-05	0.1164862018978852	0.05206284304525534	0.9922629221919353	0.9261005168322448	23	735.0	735.0088450730497	0.8572262067975723	0.859456166680556	1.0	0.9282491069472031	True
23	2049-10-01	FGA	south	0.13149714617909047	0.01747444332455146	4.057508420759148	0.03240834831206284	-0.9132457496027053	-165.6755008127307	11	355.0	354.9028699969004	0.9013803657044839	0.9122916835752882	1.0	0.9347084043116545	False
24	2049-10-01	FGA	south	0.157266706239037	0.027595903442745557	2.4282902683888716	0.06476437693067918	0.8693097321213301	-13.349389405554495	24	5208.0	5207.983814310517	0.9512826548373683	0.9283822651314969	1.0	0.9994945992348965	False
23	2050-04-01	FGA	south	0.26120685363178814	0.06910117641513386	4.169633335407456	0.06264504157084667	-1.0	-86.72512564508558	2	22.0	21.770188482656938	0.03078294254764843	0.020626865819358485	0.04195804195804196	0.031035659086497618	False
24	2050-04-01	FGA	south	0.23306609734341135	0.05513211273201288	3.471736360067918	0.0671324297617034	0.8020124421907948	-25.57641302360046	27	5259.0	5259.152508898606	0.9547463754499803	0.9430542893015426	1.0	0.9999679492678989	False
26	2051-10-01	FGA	south	0.014498760704798745	0.0005444256768826742	0.15363087248913723	0.09437400484608917	0.9743509312921173	0.6665098009164516	11	380.0	379.87888148241956	0.2745483190280496	0.3317395224950326	0.625	0.5808004020017585	True
27	2051-10-01	FGA	south	0.003820484846254911	2.8873557444495203e-05	0.05795233706923364	0.06592460355292852	0.9911834140871536	0.9686650174441291	15	3257.0	3256.998491673023	0.7560763832582098	0.7101391234738793	0.9583333333333334	0.9919095628283312	True
26	2052-04-01	FGA	south	0.007009479414380321	6.516998481961637e-05	0.09838991173414499	0.07124185082430325	0.9926504726597261	0.9540310413546776	15	452.0	452.1779781094005	0.21377824216499502	0.25401756816311905	0.625	0.4860317472428462	True
27	2052-04-01	FGA	south	0.0033960694023039955	1.8600395162524533e-05	0.0528201531668957	0.06429495559343502	0.9982209586375561	0.9925019243396309	25	4083.0	4083.024743173173	0.8376598367414894	0.8062770567293629	1.0	1.0	True
27	2052-10-01	FGA	south	0.26774830080868245	0.07191259461505906	4.080399145615691	0.065618164119158	-0.9402229849772692	-1500.6899696437124	8	403.0	403.00058025905105	0.9605386702746488	0.9471201602737849	1.0	0.9805462805663668	False
28	2052-10-01	FGA	south	0.011402631511331035	0.0001614601253775963	0.6582398263892556	0.017322913403583686		-4.135480570887495	3	33.0	32.48912873793353	1.0	0.9981764452072378	1.0	0.9985959009498375	False
28	2054-10-01	FGA	south	0.011888195920218208	0.00024068397610333163	0.338692800511843	0.03510023213440735	-0.9126773585242264	-0.9426039701761448	4	51.0	50.94820738490434	0.23043854227557217	0.19085112126285952	0.30952380952380953	0.22644926991870465	True
29	2054-10-01	FGA	south	0.003159378240517778	1.9067606986407794e-05	0.10193358467644136	0.03099447792939206	0.9670615487558494	0.8083290975294923	9	326.0	325.9719853906104	0.8029893155061912	0.7902456432375229	0.8666666666666667	0.8266407010079874	True
0	2025-04-01	FGA	tropics	0.41505330688800174	0.17701004394922412	30.60383687114534	0.013562133030428367	-0.5649498000550401	-22620.59066384604	11	535.0	534.815950003339	0.9853473934671865	0.9838269981489792	1.0	0.997485847173429	False
0	2025-10-01	FGA	tropics	0.28614816751623506	0.08213602650141677	15.89274544363528	0.01800495506148257	0.5502761472147727	-6941.453835430958	22	748.0	747.7649527012138	0.9376114826003051	0.9391197630669815	1.0	0.986567816853149	False
0	2026-04-01	FGA	tropics	0.020807521419208726	0.00047115681947510754	1.0649272319558105	0.019538913828876656	-0.3278272591723026	-283.0479327641644	9	153.0	152.70660675429806	0.8686714504192827	0.8815242518653298	1.0	0.9665405993491367	True
1	2026-04-01	FGA	tropics	0.007109216538724514	8.978572984470077e-05	0.4774170795694552	0.014890997500834604	-0.8715468499246344	-6.094659780796427	19	424.0	423.4471439120283	0.9902297303360704	0.9761396859694412	1.0	1.0	True
1	2026-10-01	FGA	tropics	0.1563429079380423	0.024680081634609198	11.40093657866115	0.013713163551024874	-0.6698940074053493	-599.9742783017654	45	1358.0	1357.665063037866	0.9900413024604707	0.9817534927629388	1.0	1.0	False
1	2027-04-01	FGA	tropics	0.2344092040758012	0.05565332809455222	19.315122909776754	0.01213604516889458	0.103819069561146	-2485.6278157136567	39	1109.0	1108.7199954151652	0.8738973414616513	0.850859912564132	1.0	0.9990447308914585	False
2	2027-04-01	FGA	tropics	0.17694571589193603	0.03139238137205249	6.382830732030782	0.027722138236249045	-0.5654672390682347	-1610.719161485801	17	655.0	654.9185829343194	0.7504406188709493	0.7131967614763017	1.0	0.9931269188035665	False
1	2027-10-01	FGA	tropics	0.26722865129830603	0.07151219520012905	14.839615065844175	0.01800778861935421	0.8654151804112584	-1884.9523847531998	13	187.0	186.63441639945268	0.6440826162492302	0.5869521685427515	1.0	0.9561984408129882	False
2	2027-10-01	FGA	tropics	0.16029596743427682	0.02632018401460211	6.09212996438556	0.026311974362228492	-0.6734946957511165	-84.49477765000708	43	2878.0	2877.975525362539	0.8928603275401982	0.8878339739175962	1.0	0.9942882970969552	False
2	2028-04-01	FGA	tropics	0.23686693795574673	0.05656525940379234	9.494826009861788	0.02494694876027483	-0.7937003534189424	-590.2035770281087	27	2049.0	2049.000604746657	0.9842297361409592	0.9838317745159361	1.0	0.9966884605524599	False
3	2029-04-01	FGA	tropics	0.08571660035032956	0.00957409171612918	2.5319721348619635	0.033853690240158434	0.2843218303497931	-78.24129434492615	13	301.0	300.8117005050413	0.7686764518325424	0.750322916360441	1.0	0.9103117920213634	False
4	2029-04-01	FGA	tropics	0.19852922026644312	0.039423581977092594	5.299778845453856	0.03745990654624037	0.8211217855669166	-6916.601481212117	5	89.0	89.01122767552444	0.38892718003517446	0.34974799553419783	0.4523809523809524	0.4375388918966371	False
3	2029-10-01	FGA	tropics	0.19372748748033253	0.03787187447609917	5.640763550318558	0.034344195737364656	0.8845832841237414	-139.47039906844182	33	975.0	974.7885545579327	0.4787958677346965	0.46824251411918133	1.0	0.9068369349191546	False
4	2029-10-01	FGA	tropics	0.042558615771348125	0.002488751248406284	1.2142153919287468	0.035050301663319364	0.9568222425298429	-6.130022204856281	31	1763.0	1762.9990384574846	0.5205927525527104	0.51242335696982	0.684931506849315	0.6240036317378403	False
5	2029-10-01	FGA	tropics	0.19800160167223832	0.039267761414938436	5.114914555419053	0.03871063720164462	0.8085596556857473	-282.7231756725364	19	587.0	586.6355889557509	0.2857845339976458	0.28371908631690956	0.5753424657534246	0.5822069524713357	False
3	2030-04-01	FGA	tropics	0.24215671481891346	0.05886564672092898	8.994610369652621	0.026922424081418633	-0.5253322014701517	-468.1691514490202	19	636.0	636.0574152807022	0.27787852545495556	0.27263331904741145	0.5740740740740741	0.518684231394994	False
4	2030-04-01	FGA	tropics	0.12387363818794603	0.015945737243691242	4.286444156130175	0.028898927333694653	-0.21332700751841727	-55.20565358933434	29	1723.0	1722.8789777117672	0.5276971994953013	0.5230075715827208	0.684931506849315	0.6214898217618188	False
5	2030-04-01	FGA	tropics	0.21560518363931142	0.05045166707532143	4.04416623574937	0.05331264123947678	0.5552228130066607	-182.26275948164445	41	1022.0	1021.6426164037593	0.5391611385592182	0.5314503609525012	1.0	0.8242924612017136	False
4	2030-10-01	FGA	tropics	0.09867778025162642	0.009801614780252987	3.479612675053799	0.028358840326991493	-1.0	-15924.957689986313	2	35.0	34.33753120009283	0.4068287037037037	0.3082148941702448	0.4074074074074074	0.3371672581923811	False
5	2030-10-01	FGA	tropics	0.1467921785170629	0.022010189673640358	10.890135199254278	0.01347937154417649	-0.8993669139873262	-2289.047322687791	20	360.0	359.7554367364781	0.7740001906830601	0.7663352158109864	1.0	0.843334017376717	False
6	2030-10-01	FGA	tropics	0.18174169085360597	0.03707522634883567	18.890218842062154	0.00962094152392393	-0.16693890409200168	-13675.44118432879	9	131.0	130.38600208448284	0.9627492877492878	0.950481867192025	1.0	0.9845798673840327	False
6	2031-04-01	FGA	tropics	0.16621568417104285	0.033300590121249384	8.574543820121242	0.019384784503753645	0.8215637155830646	-1000.0481620062804	35	830.0	829.9431591839376	0.7515291228613499	0.7451786143027943	1.0	0.9768823863162825	False
7	2031-04-01	FGA	tropics	0.15418153236923246	0.023833307453330996	5.301862085334962	0.029080638064068305	-0.8795812263521257	-2952.0341133680795	13	496.0	495.8835668113165	0.4673688506886743	0.45644739832439174	0.6666666666666666	0.6867347101250401	False
8	2031-04-01	FGA	tropics	0.2109909742822305	0.044517191228564845	9.380571983706535	0.02249233571776951			1	12.0	11.822501996294143	0.11214953271028037	0.08068155946203372	0.11214953271028037	0.08068155946203372	False
6	2031-10-01	FGA	tropics	0.21607797874723217	0.04834536130339987	5.625720551279904	0.03840894277944048	0.9059727065619105	-313.0387756629183	35	905.0	905.1029060003618	0.4860112221877732	0.48160752664634177	1.0	0.9557553216819843	False
7	2031-10-01	FGA	tropics	0.14713216413172694	0.02586680668004862	5.334614932595151	0.02758065314756486	0.9786242561440189	-96.122731637723	38	1934.0	1933.9574668082662	0.6250244060579182	0.6181151629041681	0.8095238095238095	0.756141681958184	False
8	2031-10-01	FGA	tropics	0.1986542305823469	0.04191165816378765	9.723061137784613	0.020431243593682678	0.8134176712832331	-383.9244252322513	22	309.0	309.0729108125458	0.17362107548270547	0.15006235725183575	0.5	0.24261613260257717	False
6	2032-04-01	FGA	tropics	0.3154375309156159	0.09950503570731284	12.491965684377606	0.025251232583043404	0.9523107460171675	-3515.4477346388207	8	152.0	152.01577130304935	0.1602435492008245	0.1618721000892031	0.24369747899159663	0.2283794685482459	False
7	2032-04-01	FGA	tropics	0.0733807932309063	0.005535636271790265	3.2271324517796685	0.02273869893082292	0.7886075113085311	-70.8602744988063	24	1260.0	1259.9387872034554	0.7181664199581753	0.6964256594524459	0.8095238095238095	0.732450581396469	False
8	2032-04-01	FGA	tropics	0.19893839314045592	0.03961359163971254	11.485045645540506	0.017321515236441494	0.7866584961705417	-413.4318728957526	17	242.0	241.80663706499172	0.1655878955781523	0.17031118666204698	0.25	0.2092346128508661	False
7	2032-10-01	FGA	tropics	0.14348864767890637	0.020588992012721324	7.63188055845396	0.018801217678906364			1	15.0	14.999999533014488	0.7894736842105263	0.5516384358009019	0.7894736842105263	0.5516384358009019	False
9	2032-10-01	FGA	tropics	0.17070205411987796	0.029139191280745744	621.6709105508411	0.00027458588012204847			1	10.0	10.002221139209574	1.0	0.9224071768893229	1.0	0.9224071768893229	False
9	2033-10-01	FGA	tropics	0.2116922708372773	0.04505827116368373	36.30472973614708	0.0058309832458690435	1.0	-3421.2467100755407	2	24.0	23.936326561174404	0.4	0.33830832913295056	0.5	0.46626981106985355	False
10	2033-10-01	FGA	tropics	0.1605145057655687	0.025869432146915162	9.778407798212099	0.01641519857608285	-0.48424065967721097	-11287.752883310537	15	365.0	364.8500262302821	0.7934987995865179	0.7802116115629611	0.9375	0.9451799805522983	False
9	2034-04-01	FGA	tropics	0.25260850308308413	0.06388260554144869	93.62052954796188	0.002698216986197163	-0.9429464649299206	-154092.87711834745	3	35.0	34.7623335606438	0.3446808510638298	0.24385265816159	0.5	0.4440558364456484	False
10	2034-04-01	FGA	tropics	0.17394442477671349	0.030520246879599696	9.265725860274252	0.01877288702469393	-0.7330468302631361	-421.0119844457089	41	1563.0	1562.8717615861117	0.8899150710747534	0.889134002763838	1.0	0.9876469310894403	False
10	2034-10-01	FGA	tropics	0.22413125849300047	0.050434965138758614	14.017855367490709	0.01598898352260011	-0.5584541428554195	-1195.8616013222124	34	1267.0	1266.9731456310217	0.9562322655786676	0.9560431649718772	1.0	0.9833746180879691	False
10	2035-04-01	FGA	tropics	0.15272633615113917	0.023481784249541487	9.063237342243621	0.016851190185573524	-0.7825375088292877	-3472.2510621793417	8	123.0	122.98312226866312	0.9526098901098902	0.9875547327326651	1.0	0.9952549209490884	False
11	2035-04-01	FGA	tropics	0.02347200435708733	0.0005988636141142389	0.7507026098306291	0.03126671474125153		-11.494904807477022	20	1321.0	1321.0091780404514	0.9489060567525296	0.9214813612440279	1.0	0.9999441078879563	False
11	2035-10-01	FGA	tropics	0.17561725121254856	0.03153418964802918	5.457539105921104	0.03217883514971324	-0.5283294029623921	-72.40083965087497	45	3158.0	3157.9871270034655	0.9675443888478019	0.9448439810257927	1.0	1.0	False
11	2036-04-01	FGA	tropics	0.032359175514428164	0.0012289699737296556	1.2361619113184121	0.02617713360858685	-0.9194159341977974	-16.563053637214473	24	1518.0	1517.93824952988	0.9817240151291876	0.9354996758111245	1.0	0.9999641168589345	False
12	2036-04-01	FGA	tropics	0.2659446181801131	0.07089621521897514	11.216381978521815	0.02371037458329869	-0.5355903996904445	-11897.532159300246	15	501.0	500.99997249888764	0.9192082198176074	0.9143702680210025	1.0	0.9930434087065267	False
12	2036-10-01	FGA	tropics	0.09636666826575088	0.011415094873830502	4.263400187513567	0.022603242488937525	0.9935043038016165	-49.98247075554422	41	2350.0	2349.9542101517522	0.8022490150331806	0.802193157547421	1.0	0.9879708832311284	False
13	2036-10-01	FGA	tropics	0.18766722581954262	0.03527635902164973	6.250730554652532	0.030023246751511072	0.31876191390562036	-568.9844630283309	20	527.0	526.9625737250915	0.3247575826244178	0.3216967171206765	0.640625	0.6496284575240554	False
12	2037-04-01	FGA	tropics	0.20283383315147302	0.04124168540069734	6.4539472832551725	0.03142787262575375	0.6730313415243651	-373.64490606761143	29	1748.0	1747.9343252792376	0.6411703954810662	0.6352369898136664	0.9576271186440678	0.9535163821448445	False
13	2037-04-01	FGA	tropics	0.18485599378831827	0.034759197853906985	5.117637895852267	0.03612135081658278	0.8329959472818416	-237.4590645552741	46	1214.0	1213.9588492732091	0.6196654537024678	0.6166829508984566	1.0	0.9319722802489403	False
12	2037-10-01	FGA	tropics	0.2638485378077787	0.06961853139456302	8.936446379719852	0.029524995350114786	-1.0	-41326.01131233191	2	28.0	27.635514342582844	0.2846246487354476	0.17711946451120048	0.3617021276595745	0.216190656561288	False
13	2037-10-01	FGA	tropics	0.10897628864132607	0.011904717628650231	8.623566795541752	0.012637031894698733	0.6201401681359521	-1384.8308123583022	26	611.0	611.1761095510213	0.8710824489661946	0.8647866250620595	1.0	0.9136173516848527	False
13	2038-04-01	FGA	tropics	0.17709385064793284	0.04262559993680406	6.55750380940424	0.027006290166992995	-0.9999975784627544	-116.96624978238358	3	35.0	34.79694859837677	0.6176511954992967	0.5789675072466655	0.9166666666666666	0.8826465055281945	False
15	2038-04-01	FGA	tropics	0.154236187622972	0.025339423889246367	5.404455738244139	0.02853870863101601	0.8859619861900303	-873.3832755387555	19	1126.0	1126.2154231793386	0.9059648121169075	0.9059573302991907	0.9851851851851852	0.9534458304472554	False
13	2038-10-01	FGA	tropics	0.19280812877457196	0.037174974521551926	136.421285863203	0.0014133287745719616			1	11.0	10.806067198244147	0.06962025316455696	0.024535419651236602	0.06962025316455696	0.024535419651236602	False
15	2038-10-01	FGA	tropics	0.20837394428020461	0.04799524372104689	7.252477399249187	0.02873141587477081	0.7101044495027301	-109.69905941476563	44	3225.0	3225.0653832205035	0.891218299359226	0.8843882644678106	0.9851851851851852	0.9592843600823499	False
16	2038-10-01	FGA	tropics	0.06982986020179639	0.004876209375802428	8.010197946024881	0.008717619798203608			1	12.0	12.111664709352922	0.08108108108108109	0.05296734508457959	0.08108108108108109	0.05296734508457959	False
15	2039-04-01	FGA	tropics	0.24413908510355767	0.059919814654849864	10.308148463431895	0.023684087008412798	-0.9449090506379504	-1162.8158164135805	23	1591.0	1590.8839787726122	0.8586512336234813	0.8561273765910841	0.9512195121951219	0.9598183423286574	False
16	2039-04-01	FGA	tropics	0.1519156360824007	0.023078360486320403	9.266682265225999	0.01639374608240069			1	12.0	11.997365014583716	0.08108108108108109	0.04530716214035123	0.08108108108108109	0.04530716214035123	False
17	2040-10-01	FGA	tropics	0.034414538888654464	0.002434013109297344	1.732916279848975	0.019859319973411362	0.7153040950584915	-94.67329841390838	20	603.0	603.0000024877565	0.702861814791245	0.7043478107822165	0.8490566037735849	0.7737861957002636	True
18	2040-10-01	FGA	tropics	0.006359975855790076	6.00696475034203e-05	0.1795031242618864	0.03543100367719048	-0.8360639613821148	-12.342618393587642	7	145.0	144.5228806707786	0.2823828253616063	0.27703839691687465	0.5	0.43326573387096856	True
17	2041-04-01	FGA	tropics	0.15070514416249123	0.02297124809669192	6.994987428900544	0.021544734096281104	-0.3642002557455496	-133.57806408135724	37	1257.0	1256.7911603807966	0.5460740965760084	0.5472213609570483	0.8490566037735849	0.7768892401372244	False
18	2041-04-01	FGA	tropics	0.055886252533135714	0.00901492367237795	1.6210820623216369	0.03447465975479247	-0.8170282757233839	-36.77271507726735	33	1498.0	1497.9190493674266	0.5960822855003226	0.5969061357257036	0.8913043478260869	0.835056287042835	False
17	2041-10-01	FGA	tropics	0.23354660464741733	0.054939656654893976	10.781813094844049	0.021661162421661828	-0.9764190454911417	-1536.7126699436487	15	531.0	530.9994286228398	0.3322707301592632	0.3339644576405181	0.5272727272727272	0.520156666622372	False
18	2041-10-01	FGA	tropics	0.10093966674865493	0.012299265673265237	4.985185309370381	0.020247926703732384	-0.5751032639779782	-109.81893833163134	34	1456.0	1455.8565041273173	0.7745068835167286	0.7722347167979984	1.0	0.96458375750149	False
18	2042-04-01	FGA	tropics	0.0046436442459142704	3.243956285110749e-05	0.2771989781419428	0.01675202512303794	-0.07644037261404923	-2.376989096974282	8	130.0	129.7713614353948	0.939826401668507	0.9304789607925068	1.0	0.9777696734499909	True
19	2043-04-01	FGA	tropics	0.001075149658944112	1.8195263806692895e-06	0.04175691592362881	0.025747822490303256	0.9908478029412628	0.9808920534320744	28	1769.0	1768.9879167212448	0.9269441999414404	0.9220492978291264	1.0	1.0	True
19	2043-10-01	FGA	tropics	0.19495071696709712	0.03847275005657318	7.934098207275782	0.024571250805582676	-0.49020978079094385	-164.08353592574372	44	2463.0	2462.823969155956	0.9582507681389089	0.9537293397470553	1.0	0.9794856826234081	False
19	2044-04-01	FGA	tropics	0.24811530069189233	0.06178171921790284	11.873034278174545	0.020897379294860383	-0.8857416323034962	-9081.994730762215	18	582.0	581.795598378304	0.982088242857428	0.9777482282528861	1.0	0.9836330082465435	False
20	2045-04-01	FGA	tropics	0.010303407257414712	0.0001347670163368943	0.9213849318771897	0.011182521985054603	-0.8055856395242229	-40.53717669735811	13	201.0	200.98991962324806	0.974214820267452	0.9793175265591804	1.0	0.9959631652688812	False
20	2045-10-01	FGA	tropics	0.1788003211378772	0.03210468412307607	16.12894595686696	0.01108567922640675	-0.6021070154455642	-1639.3529484284131	39	875.0	875.0075219827435	0.9796008010504124	0.9797136574095703	1.0	0.9947466233632958	False
20	2046-04-01	FGA	tropics	0.01942517477621931	0.0005187899505365052	0.5939560333594118	0.03270473517433713	-0.7437075687274484	-13.335888247328889	47	991.0	991.310945307474	0.806346454140599	0.8019021216384763	1.0	0.9964929752681811	False
21	2046-04-01	FGA	tropics	0.014964192344368053	0.0002253868138468859	0.8623723204946806	0.01735235696779342		-153.39977041376721	13	269.0	268.99940433013774	0.6368785733463052	0.6186066159550705	0.8846153846153846	0.8647550413651096	False
20	2046-10-01	FGA	tropics	0.18059399295346384	0.03416135068995151	18.374691234363297	0.009828409666864348	0.28080650065308227	-9898.925626068607	22	353.0	353.23215377866666	0.58654996875334	0.5673114672553599	0.9615384615384616	0.8903272432189959	False
21	2046-10-01	FGA	tropics	0.060657899651598124	0.0051036932401481725	4.100390374630429	0.014793201161259008	0.9226550250628784	-65.32739639639904	39	1537.0	1536.988240680886	0.8243332584129985	0.8167177003234622	1.0	0.9781501341399966	False
21	2047-04-01	FGA	tropics	0.21811352033794806	0.05983920539149823	14.266278770638392	0.01528874655014104	0.8285194156811051	-1087.1619038676401	37	1419.0	1418.9528202590473	0.9016361300084307	0.896088692552787	1.0	0.9712362983587735	False
22	2047-04-01	FGA	tropics	0.0884287359226512	0.007819641336877983	18.512461598231468	0.004776714077348794			1	12.0	11.869579464246291	0.4444444444444444	0.2572845824102345	0.4444444444444444	0.2572845824102345	False
21	2047-10-01	FGA	tropics	0.21129718551296195	0.044771196416503525	13.061337483709448	0.01617730081444562	-0.15525797531537097	-8052.851957893701	10	170.0	170.00316403730957	0.8303852813852813	0.8289994581855724	0.9523809523809523	0.9741914922933991	False
22	2047-10-01	FGA	tropics	0.04925274096164808	0.006904373096530317	7.663390434129275	0.006427017047480531	-0.6831162533751	-1681.427113024941	6	67.0	66.8852297086177	0.8165954415954415	0.6775241374609898	1.0	0.801851759160551	False
22	2048-04-01	FGA	tropics	0.0016016795610734604	4.433807114563328e-06	0.350330391829277	0.004571911539590293	0.5189529585777874	-0.3331935670459185	9	103.0	102.87140321508315	0.8410516140779298	0.749625823465362	1.0	0.8184680070793701	True
22	2048-10-01	FGA	tropics	0.20710142740114396	0.0439382787341058	28.948282682048493	0.007154186991878879	0.5361892861160388	-5907.1385794532625	9	105.0	104.85126282472243	0.6438110768373926	0.5808363361891548	0.9230769230769231	0.7901633389463265	False
23	2048-10-01	FGA	tropics	0.0181559306980879	0.0010922223076781452	1.1358575044699841	0.015984338375754144	0.13903241494819332	-269.788160709987	18	450.0	449.8788530749261	0.7195468269893524	0.7079330816042028	0.9	0.8567907333415866	False
22	2049-04-01	FGA	tropics	0.12441203180644167	0.015492973281223432	22.310337293889603	0.005576429892905109	0.45303254411825034	-2806.04900954956	5	56.0	55.86357546000135	0.33461904761904765	0.276390409779855	0.65	0.5831706914135474	False
23	2049-04-01	FGA	tropics	0.20211672776296455	0.04764156766828172	4.420030107249626	0.045727454985308266	0.8935866446986667	-299.3681903772806	44	1297.0	1296.92517887748	0.6195251057638522	0.6159837833489277	0.9	0.7898208233628274	False
24	2049-04-01	FGA	tropics	0.06085967172004611	0.003727546312929503	3.3389968299491852	0.018226933063896413	-0.17618648605435341	-814.2006095465279	18	650.0	649.9676653846121	0.5159324167129166	0.5041714544135003	0.775	0.860725773257525	False
22	2049-10-01	FGA	tropics	0.19450407215299143	0.03783183408409609	33.57244938721541	0.005793562152991427			1	11.0	10.914468891483835	0.19642857142857142	0.132705232489946	0.19642857142857142	0.132705232489946	False
23	2049-10-01	FGA	tropics	0.20863404761044949	0.04358770427575313	8.195756300478903	0.02545635081880831	0.8488475833542557	-1278.7522924279835	27	796.0	795.8744700085588	0.4869447359031283	0.483565162345667	0.8541666666666666	0.8195963019962179	False
24	2049-10-01	FGA	tropics	0.2024143833437515	0.04157174205439385	8.462982014997719	0.023917619461442996	0.9599101568646444	-342.5054994250233	44	1881.0	1880.9788775706006	0.760647013481253	0.7573332970129969	1.0	0.9891152746125231	False
23	2050-04-01	FGA	tropics	0.23030063026911676	0.05303838030235242	12.096027755863274	0.01903936026911676			1	12.0	11.783238025225948	0.14285714285714285	0.09433520583715843	0.14285714285714285	0.09433520583715843	False
24	2050-04-01	FGA	tropics	0.24022033953843075	0.058014574774605004	15.916131360516015	0.015092884954088654	0.31493374446231504	-2561.645554808481	32	1205.0	1204.731852360929	0.8839117163379746	0.8549852787215106	1.0	0.9792047125148161	False
25	2050-04-01	FGA	tropics	0.1348147419103143	0.02331858186252031	6.419667308256271	0.02100026924088892	-0.029598886190305096	-3956.946251205903	14	349.0	348.85637647981923	0.8380091469342872	0.7867898117802233	0.967741935483871	0.9947197984837888	False
24	2050-10-01	FGA	tropics	0.26018275963992316	0.06776915804889942	15.575739620612397	0.01670435985560559	0.7894559397457124	-8810.859937322066	6	82.0	81.76805808074552	0.7153304141155803	0.5926369046179747	0.7727272727272727	0.7519339523124405	False
25	2050-10-01	FGA	tropics	0.15362110493183337	0.02395770851473088	8.012935291923128	0.019171639272649595	-0.757502309607217	-200.39171883602705	39	1865.0	1864.999527892855	0.9286190935724383	0.9110725620333429	1.0	0.9917076882872085	False
25	2051-04-01	FGA	tropics	0.2187652660727644	0.048119379359342455	12.183956089646419	0.01795519160305124	-0.5783264730782351	-719.3842958682116	36	1626.0	1625.733293674703	0.9211794493247455	0.918273167469741	1.0	0.9840840030146615	False
25	2051-10-01	FGA	tropics	0.2802928545777326	0.07866783832516629	14.79438443494873	0.018945895032685352	0.1390260293133035	-37325.227548620256	10	147.0	146.34823706381874	0.8047197981756806	0.7925782582929546	0.9230769230769231	0.9163935194571886	False
26	2051-10-01	FGA	tropics	0.14668713255002963	0.022344998359469005	1.9574862729424953	0.07493648082115507	-0.5130427342296838	-39.73278789952823	12	153.0	152.69417976022635	0.5532271582581106	0.5548056617290666	1.0	0.7679130923282658	False
27	2051-10-01	FGA	tropics	0.18366757490256416	0.033986230198572914	4.198395677761176	0.04374708555352415	-0.6945613967230073	-659.7877630334785	13	885.0	884.9850406457347	0.7794849344925298	0.704154944726324	0.9593908629441624	0.9771554807591903	False
26	2052-04-01	FGA	tropics	0.24519504347751486	0.06017413703915138	17.680621558215996	0.013868010390368621	0.1377163647421718	-2490.797890923005	11	140.0	139.62894423336854	0.5247326574936966	0.48866279788845285	1.0	0.8868793317556802	False
27	2052-04-01	FGA	tropics	0.19799128410580388	0.039242193216930364	5.253603690178736	0.03768675670681735	0.974908782174758	-51.22342611941392	37	3909.0	3908.947081148197	0.9070752603172967	0.8711871192594339	1.0	0.9954658735626639	False
27	2052-10-01	FGA	tropics	0.10715080481499105	0.011684191259096649	3.2544465085938117	0.0329244326284192	-0.1798737316452172	-74.78203918739209	22	2634.0	2634.036591789826	0.9767846836403358	0.9653567464699971	1.0	0.989937909824429	False
28	2053-10-01	FGA	tropics	0.16015764928447165	0.025650472624327823	70.84362441781788	0.0022607207155283604			1	12.0	11.968148751164195	0.8571428571428571	0.6970983159926736	0.8571428571428571	0.6970983159926736	False
28	2054-04-01	FGA	tropics	0.006679526354833079	5.1141854520636255e-05	1.9448044783211706	0.003434549040425442	-0.8007717397705649	-12.759674463645842	11	132.0	130.93974042508145	0.5598748985265289	0.46774019401586187	0.8571428571428571	0.6730895938429382	True
29	2054-04-01	FGA	tropics	0.0052297630004515755	3.372219120586403e-05	0.8689229684026261	0.006018672759986592	-0.890837201758139	-8.420538665919265	18	242.0	241.52512491403155	0.6208206608885624	0.556109172720852	0.875	0.6309440239029337	True
28	2054-10-01	FGA	tropics	0.26720953507999634	0.07143582196817094	37.87709444853816	0.007054647115106505	0.43740493174496403	-4269.926070048597	11	133.0	132.29104519320592	0.5311952448468753	0.4560268309690824	0.6956521739130435	0.47730294100090065	False
29	2054-10-01	FGA	tropics	0.09771485587931691	0.009738374432855502	17.058336045704763	0.0057282759360296	-0.3165062028924705	-3354.782020255872	41	619.0	618.9011588065447	0.7113242112513998	0.6791800234570984	0.9047619047619048	0.8142490897943833	False
0	2025-04-01	GARW	north	0.572013167385373	0.3604980104330726	9.729540916974774	0.05879138309469489	-0.8581841674838147	-1018.5684639898284	11	2369.0	2368.962822662947	0.9858728582284081	0.9851970617555239	1.0	0.9933239513367073	False
0	2025-10-01	GARW	north	0.3764041773666757	0.15464468503539683	5.996863627065516	0.06276683959726194	0.9106143254534157	-394.05514301354276	13	2405.0	2404.969842204282	0.9880462646548069	0.9885214153825377	1.0	0.9932801672055452	False
2	2027-10-01	GARW	north	0.002054213467070262	5.641825941416769e-06	0.0438844861767289	0.04680955950578206	0.9973360421119781	0.9890378853165092	29	1069.0	1069.2703947851155	0.9858666462243096	0.9874265858532945	1.0	0.9991891502760114	True
2	2028-04-01	GARW	north	0.0018515184415910822	4.635184353421696e-06	0.06227960874211632	0.029729127703061513	0.9936472770308462	0.9866308152127715	44	2481.0	2480.992891598453	0.9220724590415927	0.9213788111803226	1.0	0.9989844915111884	True
3	2028-04-01	GARW	north	0.0012695309208840399	2.221319290916002e-06	0.026895115553447164	0.04720302905414821	0.9992102287966401	0.9936057903070012	12	411.0	411.00145570957125	0.2290460590284944	0.2237445136538341	0.3448275862068966	0.36414456338650414	True
2	2028-10-01	GARW	north	0.08744008011054122	0.010869683211224794	1.8454568483739469	0.04738126507134842	0.428992611403265	-15.613876688364279	29	1889.0	1888.8671811821341	0.7991060441684312	0.8014579708741408	1.0	1.0	False
3	2028-10-01	GARW	north	0.06362992132316334	0.006833325804236958	1.197616347526559	0.05313047158597861	-0.33705697393361217	-6.986625754648163	20	618.0	617.9522092123013	0.3727358757456209	0.3579506621939097	0.7647058823529411	0.6333655913057705	False
2	2029-04-01	GARW	north	0.001627529998861001	3.1218487535254912e-06	0.03344350878982097	0.04866504914569144	0.9781003604440935	0.6749264085862037	3	69.0	68.83306466547685	0.42323232323232324	0.45309195986326695	0.5	0.48263007201777874	True
3	2029-04-01	GARW	north	0.0075637989818003225	0.00011533806264093462	0.19449950397684004	0.038888525817016885	0.9654188868822029	0.29204328721627115	7	143.0	142.99750118745092	0.5802503624511738	0.5353170568150246	0.7647058823529411	0.6364046165386349	True
5	2029-04-01	GARW	north	0.018555470065568694	0.0005658134629108698	0.31611838658607333	0.058697851352333075	-0.5937933923504098	-1.84328709951326	5	95.0	94.93916730105212	0.7353973566042532	0.66001119310005	0.8666666666666667	0.8302631368207523	True
5	2029-10-01	GARW	north	0.22187627688033668	0.057232279721903756	4.422896112455189	0.050165382871082444	0.06770539735877022	-127.66768237075712	31	1450.0	1449.9495486784642	0.919083188914244	0.8798493763298122	1.0	0.9762197066236431	False
5	2030-04-01	GARW	north	0.02996773272372006	0.0026447610973491056	0.6670252365247524	0.044927434649780294	0.596703385835153	-6.161096392646615	51	4589.0	4589.015374860872	0.9483936031294906	0.9435812344255177	1.0	0.9894116297540342	True
6	2030-04-01	GARW	north	0.006775600007354212	5.34734359854399e-05	0.1978175471166421	0.0342517643460568	0.9957678181416683	0.8003638815166841	9	122.0	122.01025611776309	0.09202517371776947	0.09029470237764177	0.16470588235294117	0.13836282401267225	True
5	2030-10-01	GARW	north	0.2037137330805831	0.05037549087331744	4.240802529906488	0.048036599592642455	0.6756331660931801	-76.16562000518947	25	3202.0	3202.0453849450428	0.9207517076427364	0.9104455747333265	1.0	0.9975880806867906	False
6	2030-10-01	GARW	north	0.027752912621738728	0.0015238346951484954	0.8010831899008062	0.034644232923144	0.7356716487228501	-4.420445509852707	9	122.0	122.0631112999521	0.09202517371776947	0.11695154265939683	0.16470588235294117	0.1749860458519424	False
7	2032-04-01	GARW	north	0.006832683609821384	0.00012135471998242457	0.21531304540694762	0.031733718674163115	0.9865021737629247	0.6673778181624868	18	682.0	681.7909617411515	0.27867212669211605	0.2691485767038313	0.631578947368421	0.532565184882267	True
8	2032-04-01	GARW	north	0.011215062551929465	0.00047583264091508753	0.0952749890681663	0.11771255669108958	0.9618139352937052	0.7808970702026871	15	434.0	433.9023487298888	0.15003168324318208	0.15757000500333276	0.3050847457627119	0.22840390132936644	True
9	2032-04-01	GARW	north	0.002720865669483056	8.759752090951178e-06	0.04587667543055373	0.059308257277748765	0.9991999500996007	0.9896532428819785	16	2125.0	2124.9809823487035	0.6033734993026101	0.5909292643554596	0.8141592920353983	0.8152920881492817	True
7	2032-10-01	GARW	north	0.05447297786025066	0.003833956836314834	0.9458179737801589	0.057593510982391294	0.2676776314460743	-2.9189895658844667	19	692.0	691.8429227187845	0.26839113756796956	0.27268422938336384	0.631578947368421	0.4931575841238574	False
8	2032-10-01	GARW	north	0.045996710761296924	0.0027128653555530194	1.0851621227875274	0.042386948268284694	0.3298967909317278	-2.4941450506710887	16	444.0	444.0070921545913	0.14586303637381648	0.14462286839659494	0.3050847457627119	0.20943037651673915	False
9	2032-10-01	GARW	north	0.0787044069983792	0.009020467601933499	1.358779125270552	0.05792288498891095	-0.22216982640738442	-4.2559173307057145	24	2469.0	2468.941550927094	0.6907698939223277	0.6801887367989593	1.0	0.9220691626960633	False
9	2033-04-01	GARW	north	0.006128914749769239	4.911188227596918e-05	0.10557407333469739	0.058053218524011845	0.9762758130682512	-1.2991779886651713	5	116.0	115.66053760786141	0.892994555353902	0.8795118804328552	1.0	0.904216034818285	True
11	2035-04-01	GARW	north	0.0023356454800584265	8.733000042290733e-06	0.03644797551788682	0.06408162447629527	0.9989948513007059	0.9958966180663759	21	5003.0	5002.97460983917	0.9810277662406248	0.9781323725882322	1.0	1.0	True
11	2035-10-01	GARW	north	0.13526828348415812	0.02433497013284785	1.9986401050659228	0.06768016069591301	0.14826567442733773	-7.998865317670342	24	5082.0	5081.985626013259	0.9833992954605467	0.9787410753839598	1.0	1.0	False
12	2037-04-01	GARW	north	0.06884217580966381	0.004739245170208662	1.3647923941574782	0.050441500190336185			1	15.0	14.848293358711674	0.030612244897959183	0.01694437728966486	0.030612244897959183	0.01694437728966486	False
13	2037-04-01	GARW	north	0.1734736488756263	0.033105793803230914	3.1464940523414455	0.05513236192089315	0.9330424600077694	-20.457982433510452	23	4097.0	4097.110979914856	0.8335827695056236	0.8238694071844621	0.9411764705882353	0.8572999328728026	False
14	2037-04-01	GARW	north	0.0677747144085321	0.00550765471553686	1.502111160075154	0.04511963975098965	0.9585597717219231	-5.036940276368046	17	690.0	689.9648572860153	0.15170399765223846	0.1450545062298049	0.26	0.1906022755748952	False
13	2037-10-01	GARW	north	0.1343766414275512	0.02157384181580718	2.32935272070164	0.05768840426497311	0.598560106221316	-11.406581894541773	25	4131.0	4131.259753283833	0.819815402603559	0.8187092810893372	0.9411764705882353	0.8771220891647941	False
14	2037-10-01	GARW	north	0.05492060637219434	0.0050831120831659835	0.9500654635927261	0.05780718116466309	0.7774932380288746	-2.4849134303933145	17	690.0	689.8835014958124	0.15170399765223846	0.16344438471626613	0.26	0.23388159447339155	False
15	2039-04-01	GARW	north	0.05178980369381785	0.003389606773855625	1.918620056515015	0.0269932566992388	0.6799638394558184	-16.915042606895803	11	187.0	186.84643507518092	0.13348732350289436	0.12524462667581165	0.2857142857142857	0.2631689479611688	False
16	2039-04-01	GARW	north	0.08323699033462889	0.008752243910856654	1.8122082049738122	0.045931251224983684	0.9898759342047836	-19.376915875328663	16	1844.0	1844.02299607246	0.8488506741232993	0.8356687329119382	0.95	0.9430018530525416	False
15	2039-10-01	GARW	north	0.05738557847042667	0.005248885787956167	1.3468668302852433	0.04260672041219798	-0.22356610068035854	-9.40403026988341	12	198.0	197.40642930639186	0.1288645619107501	0.14508406331961862	0.2857142857142857	0.2507040070099003	False
16	2039-10-01	GARW	north	0.09639020467488793	0.014678039359453726	1.9099408181094903	0.05046763950010634	-0.8338681404762481	-10.749936889401852	25	2371.0	2370.928622225856	0.8803129912225165	0.8692374564202084	0.9615384615384616	0.9781336988316203	False
16	2040-04-01	GARW	north	0.41397952978206426	0.17826398055889384	8.27424429775724	0.05003230686508431	-0.9658667001661706	-7302.59695715132	6	207.0	206.66629877753147	0.9336152757664387	0.9420246504452449	0.9615384615384616	0.956892593839062	False
17	2041-04-01	GARW	north	0.0725471329996823	0.00583653262717613	2.346437728967064	0.03091798776676618	0.9952099977903998	-14.39122104162499	7	102.0	101.90744677459939	0.09028427887016295	0.0957713873324924	0.17777777777777778	0.13697832742692703	False
18	2041-04-01	GARW	north	0.060797110505981126	0.006689808407815159	1.1397499159772364	0.05334250053780692	0.9925455091278721	-11.029959965002778	15	2207.0	2207.013298149646	0.9072318478804042	0.8953216073922281	0.9781659388646288	0.9745718074402631	False
17	2041-10-01	GARW	north	0.011696254514078627	0.00014662939443778726	0.3354555059925192	0.03486678353802145	0.9994995833702842	0.46978374680318535	7	102.0	101.85013249070136	0.09028427887016295	0.11774268953122964	0.17777777777777778	0.15297776559800177	True
18	2041-10-01	GARW	north	0.0021970989224132536	7.869770261335065e-06	0.040163696683466	0.054703603100302346	0.9989132789200696	0.9947587398159367	24	2793.0	2792.9823514030845	0.934480196602677	0.9161950594617815	1.0	0.9936989499872824	True
18	2042-04-01	GARW	north	0.5473241921419684	0.3100924917515682	10.10462398909464	0.05416571588736652	-0.976237702927178	-9088.309358664756	7	294.0	293.89689520311174	0.9829705215419501	0.9648843414673067	1.0	0.9770014149955651	False
19	2043-04-01	GARW	north	0.08184150769812118	0.008428885092513307	1.9231181136119981	0.042556672478325605	0.9881180006949892	-52.56221599682668	9	497.0	496.94475864794424	0.9686333316341885	0.9627756858384229	1.0	1.0	False
19	2043-10-01	GARW	north	0.0009017864141112198	1.4090457846474475e-06	0.021192065420929548	0.04255302143511714	0.999034125040952	0.9978526987563076	21	1069.0	1069.1000964425252	0.980455916000694	0.9702554982319024	1.0	0.993300887204935	True
19	2044-04-01	GARW	north	0.002821433264181238	1.1950176764652653e-05	0.07822446181782178	0.03606842666111427	0.9868136411074457	0.9735081390111586	18	532.0	531.5475916096239	0.8679892466929504	0.8532793878873206	1.0	0.9876228018624035	True
20	2044-04-01	GARW	north	0.0020391295815345004	4.785870210642699e-06	0.06640468801341447	0.030707614816631233	0.9997341072639534	0.1317931734732869	3	39.0	38.915276026717564	0.4105499438832772	0.4382592441969934	0.42424242424242425	0.48576442101884665	True
19	2044-10-01	GARW	north	0.03991535515835306	0.002482760213370514	1.4499926793124915	0.027527970125531098	0.09111888182574121	-7.623412118803753	14	221.0	220.38017500278792	0.6065027932683462	0.6099341932891048	1.0	0.9147649575518672	True
20	2044-10-01	GARW	north	0.05925751603711898	0.0040247837298824024	2.3007851386212788	0.025755345443785518	0.818825048573455	-21.80819073532613	12	193.0	193.09250541371193	0.547830675770864	0.5156923594155433	0.7666666666666667	0.6704050660483178	True
19	2045-04-01	GARW	north	0.004797134645297192	2.7500357614359503e-05	0.1705333089882692	0.0281301915371101	0.9941265228726048	-0.08161046241340864	3	37.0	36.83367732752166	0.4050019201228879	0.39838828312105107	0.45161290322580644	0.4509537941855699	True
20	2045-04-01	GARW	north	0.012109273666235128	0.0002714756296224023	0.3300183272150697	0.03669273088080237	0.6236750459539939	0.3388745366376089	24	1984.0	1984.2384550156862	0.8797245044974726	0.8785920216803486	1.0	0.96825758618257	True
20	2045-10-01	GARW	north	0.08626008123549062	0.011650014118124752	1.5761242206294963	0.054729240313963805	-0.116939413286212	-10.859299828443449	25	2206.0	2205.8809126580027	0.9671417577307284	0.9604771314414442	1.0	0.9894866520152231	False
20	2046-04-01	GARW	north	0.018116247171042325	0.0004454509083474623	0.3406476176561132	0.053181781501054966	0.9797977897259811	-28.09094881781013	4	90.0	89.63539117595136	0.9566666666666667	0.9517387640186823	1.0	0.9659832416655316	True
21	2047-04-01	GARW	north	0.003084876912745921	2.3780403032361936e-05	0.08351283813424347	0.03693895431726446	0.9967135426018406	0.9491349398656052	15	506.0	506.1478887572403	0.4694162271048824	0.4458857793615675	0.8571428571428571	0.6682279131659983	True
22	2047-04-01	GARW	north	0.0006565975545685816	9.26898093763776e-07	0.014252827378539928	0.04606788092846768	0.9989338658860685	0.9962946355956817	12	836.0	836.0050400331768	0.6032520213372806	0.5998675573662137	0.8015873015873016	0.806958456398674	True
21	2047-10-01	GARW	north	0.04406148549349156	0.0024177673973259017	0.9135061232090832	0.04823337728564603	0.02166507904601675	-2.6887369962795438	19	597.0	596.9903623852842	0.4203746090912357	0.3905194274915291	0.8571428571428571	0.63124623897779	False
22	2047-10-01	GARW	north	0.05152064975303512	0.004183899243270386	1.1502070800894109	0.044792499233294744	-0.049511575155425064	-3.481821025581718	22	1280.0	1279.9237801931292	0.7150468500220317	0.7032741531735432	1.0	0.9189147041226499	False
21	2048-04-01	GARW	north	0.3633596073431688	0.13912938687591417	7.468346884032927	0.04865328472088239	-1.0	-8450.263489395242	2	26.0	25.17415315656998	0.214772132006286	0.1792295282057304	0.2608695652173913	0.19976692582137695	False
22	2048-04-01	GARW	north	0.396346907865145	0.1676912974775057	9.134346726037862	0.04339083239914032	-0.9109633042073569	-3187.4061804759504	8	261.0	260.9574719048022	0.8789490200673109	0.8460020285822247	1.0	0.9060870473465213	False
23	2049-04-01	GARW	north	0.013924259414424333	0.0004092850797874918	0.2597614883778883	0.05360401767550701	0.953117322348696	0.5698276955936477	16	767.0	767.0893390733977	0.37307181728006555	0.3687110120537598	0.6956521739130435	0.6335364661458491	True
24	2049-04-01	GARW	north	0.014486738636058902	0.0003767829702600583	0.20781791710290823	0.0697088048904142	0.9837592382849356	0.5277458312810688	13	2295.0	2294.9655747440875	0.6631443648106062	0.6652009630729133	0.8705501618122977	0.889890380958347	True
23	2049-10-01	GARW	north	0.04819781647453656	0.004155443665506433	0.8155560459163471	0.05909810455807753	-0.42153152901686375	-2.2026790649539922	19	818.0	817.90530398312	0.3297278066636553	0.32688781601411837	0.6956521739130435	0.6445849992306929	False
24	2049-10-01	GARW	north	0.0772253878036631	0.007301017594304227	1.1051180959611255	0.0698797604399916	-0.59953713481106	-2.4456163234105084	22	3065.0	3064.9554156639715	0.7651353716481473	0.7616847802189812	0.9574468085106383	0.956057921126678	False
23	2050-04-01	GARW	north	0.2513798721406817	0.06319184011746548	5.079664805524313	0.04948749214068166			1	15.0	14.88837257665645	0.1271186440677966	0.08831102568829213	0.1271186440677966	0.08831102568829213	False
24	2050-04-01	GARW	north	0.4283694916447526	0.1896571049538415	7.870011191335005	0.05443060768660578	-0.9905354678323596	-5524.934591884992	7	379.0	378.9752855771492	0.9123348368519691	0.9159387959893946	0.9574468085106383	0.9389488192827905	False
25	2051-04-01	GARW	north	0.012910001660447154	0.0005122839520728013	0.14743019037393346	0.08756687912905063	0.9730151946598672	0.6405802474613069	12	259.0	258.9982109343382	0.22242248062139103	0.22628095743485124	0.48148148148148145	0.4097900554458665	True
26	2051-04-01	GARW	north	0.001901712459215658	5.471952552355814e-06	0.031797291637022315	0.05980737230467297	0.9984253455783227	0.9827011172260147	13	1443.0	1442.947120407715	0.7722171177782943	0.7540430460889802	0.9063829787234042	0.9512081064532071	True
25	2051-10-01	GARW	north	0.11135705018130808	0.016826311971226516	2.67391718355532	0.041645661603193114	-0.8266900013814718	-23.800295618015358	14	288.0	287.9743281114421	0.20023270011748048	0.21585745955367003	0.48148148148148145	0.37334363078500116	False
26	2051-10-01	GARW	north	0.07181546131224054	0.006167810837822549	1.0569186822153762	0.06794795334841679	-0.49118513174339523	-2.3980241045120416	25	2505.0	2504.984133366877	0.8276836714172718	0.7933831842233843	0.9473684210526315	0.8858262385954077	False
26	2052-04-01	GARW	north	0.0048894308479352005	2.8731136183865532e-05	0.0848859435906454	0.05760000585625846	0.9131122503224681	0.6524964202381872	9	500.0	499.9737796617471	0.8773447086083289	0.7977896883557302	0.9473684210526315	0.9515749196722667	True
27	2052-04-01	GARW	north	0.002367815034145002	8.359942252883724e-06	0.04747730516493366	0.04987256597482391	0.9977440373783747	0.9900715889595266	24	2882.0	2882.004389837562	0.8796991846407272	0.8660014484191287	1.0	1.0	True
28	2052-04-01	GARW	north	0.00608490020342941	3.9287189641455587e-05	0.10043083768206595	0.06058796624491362	0.9984784073706597	0.9345180980027203	12	510.0	509.8836616660163	0.22151590518078498	0.22440104689987364	0.47058823529411764	0.4200155322977864	True
27	2052-10-01	GARW	north	0.12621561380118784	0.019644979538290495	2.2668031908345143	0.055680005353584354	0.5276090964746494	-15.956963038469585	28	2993.0	2992.956746111505	0.8130002493787144	0.8001236192709751	1.0	0.9979123630521021	False
28	2052-10-01	GARW	north	0.06570610742226421	0.0055079216050896605	0.6408589951898427	0.1025281815741698	-0.37261716700370767	-2.5720817267760223	19	716.0	715.9846160558396	0.38851469082935175	0.4053769047459032	0.8148148148148148	0.7830242021097154	False
27	2053-04-01	GARW	north	0.3484657130282085	0.12391161020367263	5.767002418391829	0.06042406223324954	-1.0	-65696.20256356208	2	35.0	34.82786758239126	0.37272727272727274	0.32740724569616186	0.4	0.3523609803684081	False
28	2053-04-01	GARW	north	0.3555633153759122	0.13894430537544894	9.46109844570555	0.03758161036124769	-0.98476328491346	-6201.580363410606	5	113.0	112.99003247535015	0.7258720538720539	0.734680380994333	0.8148148148148148	0.8161511025129746	False
2	2027-10-01	GARW	south	0.003612286750662265	2.3222408932539082e-05	0.05448346196005959	0.06630060977605165	0.9972529330539228	0.9899833724789016	23	5340.0	5339.962488123314	0.9974689378433917	0.9783520552384001	1.0	1.0	True
2	2028-04-01	GARW	south	0.13657366523027495	0.02268589842105556	1.9575985437498644	0.06976592093732467	0.825960823124717	-7.873957854904008	26	5396.0	5395.9372679869975	0.9963364820523452	0.9948920826711348	1.0	0.9987557808829824	False
4	2029-10-01	GARW	south	0.17400337037690128	0.0304505246316521	4.264861723280052	0.0407992994068463	0.9972970789799235	-149.965964617097	5	58.0	57.9231361133614	0.04933083325262253	0.04512035743112045	0.09345794392523364	0.06759920456429419	False
5	2029-10-01	GARW	south	0.05920908018103409	0.004520778153317964	0.9655488908385534	0.061321680075270536	0.9830752818421424	-3.531572112727356	18	3268.0	3267.9765154745423	0.9140692757178512	0.9007111617871159	0.9850746268656716	0.9763492989569473	False
4	2030-04-01	GARW	south	0.0627066793020738	0.004267734093681633	1.5526528488134874	0.04038679950253738	0.7912723874831398	-28.226344507403972	5	58.0	57.71799789466124	0.04933083325262253	0.040930523298631	0.09345794392523364	0.05566432758747368	False
5	2030-04-01	GARW	south	0.08579173891295552	0.010566778471453354	1.4470422869671005	0.05928765156736989	-0.1957309072380519	-4.158366631299674	26	3760.0	3759.974218446511	0.9360031896214713	0.9344290404498244	1.0	0.9770950256946015	False
5	2030-10-01	GARW	south	0.4825265235284666	0.23783682522365546	8.268591976774244	0.058356552709801335	-0.9942819263857116	-4111.015693974245	6	228.0	227.96685742769253	0.9901328877218111	0.9801936653721115	1.0	0.9939989376427035	False
7	2031-10-01	GARW	south	0.0016489503235449024	3.79072409969742e-06	0.032852712359990655	0.05019221260869346	0.9992196963118545	0.9948086476263909	16	2159.0	2158.985629006526	0.7303469785745438	0.7425315811603852	0.8160919540229885	0.7804558124159551	True
8	2031-10-01	GARW	south	0.0033397838295051584	1.2133399833644252e-05	0.06130307968098886	0.05447987029175115	0.9992388299034267	0.9810026668503019	13	573.0	572.8458807846496	0.2050828437045587	0.20745912589322216	0.24468085106382978	0.22656205093599566	True
9	2031-10-01	GARW	south	0.003983626923865049	1.908307969004006e-05	0.2262915886733518	0.01760395491153385	0.9999956127178384	0.8550614799969509	4	46.0	45.971983291820465	0.04886511255409276	0.03829892550688907	0.06074766355140187	0.04421715869612346	True
6	2032-04-01	GARW	south	0.056654825213603384	0.003227114710236294	5.16392752542609	0.010971266528170074	1.0	-49.19016593472775	2	21.0	20.79406938494806	0.036440497839076116	0.024331527951998645	0.04182509505703422	0.029011302012609718	True
7	2032-04-01	GARW	south	0.042925171644785175	0.002333690659532251	0.7949985024398761	0.053994028307030054	0.3922121149472008	-0.6355459563358052	22	2483.0	2482.9900877899126	0.7084079479288347	0.7006499306857262	0.8160919540229885	0.7422114561876719	True
8	2032-04-01	GARW	south	0.03643066452713233	0.0016974231631933356	0.6952283789307645	0.05240100322596345	0.23667326772331138	-0.4393966883958198	17	681.0	680.8177811132612	0.2188765197277137	0.2270866474939425	0.2909090909090909	0.25229543821943207	True
9	2032-04-01	GARW	south	0.06008410858454486	0.0042983134874397385	2.316730401522392	0.025934872933450443	-0.9850867035276198	-32.36836460524692	4	46.0	45.9237579176472	0.04886511255409276	0.03742499199052449	0.06074766355140187	0.04814824607731659	True
7	2032-10-01	GARW	south	0.0013485261802024622	2.750958908336697e-06	0.031499472186321084	0.04281107226895285	0.9961446660763955	-0.7867837584047648	3	76.0	76.0477783664268	0.6236208236208237	0.6365194498508301	0.7435897435897436	0.6660900491337283	True
8	2032-10-01	GARW	south	0.0019903249533183218	3.961393419801579e-06	0.0445984460404951	0.04462767495331832			1	16.0	15.545568690463625	0.2909090909090909	0.26105498024714785	0.2909090909090909	0.26105498024714785	True
10	2034-04-01	GARW	south	0.02123430667266503	0.0013245626883156875	0.5321705451877757	0.039901318975052495	-0.1365076175431461	-2.018858235887716	20	444.0	444.0038134791101	0.9735267999973882	0.9871232134704382	1.0	1.0	True
10	2034-10-01	GARW	south	0.0018590593659175113	4.965399912144303e-06	0.052442859689068214	0.03544923707326042	0.9946185001322768	0.9883334083272741	26	1013.0	1013.1568432385968	0.9009384454084303	0.883504413560958	1.0	0.9807778999125261	True
11	2034-10-01	GARW	south	0.007914153763080087	6.300375766669947e-05	0.17161720608804237	0.04611515327326795	0.9988206128864858	-0.057468688330608586	7	245.0	244.91885489471787	0.29843060220047185	0.2813859477600877	0.474025974025974	0.3905073397830094	True
10	2035-04-01	GARW	south	0.0035115415256439025	1.7595572544736136e-05	0.07910377388996481	0.04439158023646935	0.9962941310992458	0.9710674579614293	25	1110.0	1109.997636093494	0.6606168734969455	0.663832078340773	1.0	0.9999271371824415	True
11	2035-04-01	GARW	south	0.0034266984326644045	2.248754558016315e-05	0.06694033289239718	0.05119034048086719	0.9962620621920173	0.9529461212191932	33	1508.0	1508.0110514714688	0.7729176345071365	0.7622106469202932	1.0	1.0	True
10	2035-10-01	GARW	south	0.005106997911884234	2.8467551523793866e-05	0.11311388668034542	0.04514916834496522	0.9979737476677979	0.6405572640898873	7	167.0	167.01273017863758	0.2025420940553412	0.21790614918670984	0.3305785123966942	0.31226748597067117	True
11	2035-10-01	GARW	south	0.0010360498497828331	1.7263668262318128e-06	0.03664756527283772	0.028270632498217502	0.9972866371117101	0.9944178478648972	49	3338.0	3337.9068191405745	0.9606954147808793	0.9547458763418138	1.0	1.0	True
11	2036-04-01	GARW	south	0.062217380969195844	0.0056496748306918585	1.2644857319233385	0.04920370344911719	0.5838200930701462	-6.746411982787538	34	2630.0	2629.953814221504	0.9951333898944192	0.9779715707066131	1.0	1.0	False
11	2036-10-01	GARW	south	0.004914907459747767	3.2958070932612254e-05	0.09996475864947266	0.04916640150137245	0.8585571444703523	-0.15293158419735153	8	191.0	190.96569033699137	0.9895833333333333	0.9971376468966215	1.0	1.0	True
12	2036-10-01	GARW	south	0.018469853182169597	0.0008024277752922463	0.2676482727221348	0.06900792967696263	0.80053259945641	0.2957115820722439	16	997.0	996.7516176422321	0.4981753454637717	0.5087600482611935	0.9166666666666666	0.8734141022950759	True
13	2036-10-01	GARW	south	0.011120503458490544	0.000242666193791733	0.16892499957265134	0.06583101072442409	0.9007796735582326	0.4950408000271923	13	1572.0	1571.9551854807055	0.4885750575018505	0.4737562943734876	0.7029972752043597	0.7080490685179573	True
14	2036-10-01	GARW	south	0.013489287975438153	0.0003257780490466174	0.2234863638442446	0.06035843862419859	0.9785622551453894	0.18589157060287764	8	213.0	212.9851547241232	0.08539729426276789	0.08522088384351367	0.11011904761904762	0.10773716639164373	True
12	2037-04-01	GARW	south	0.004105392333999511	2.2960619334607942e-05	0.06713779729470273	0.06114874928021256	0.996624424961913	0.9817167738896733	21	1159.0	1158.807443451301	0.41757035262832964	0.423532825020147	0.9166666666666666	0.8533292916429508	True
13	2037-04-01	GARW	south	0.0027552835600173574	1.3056210818683943e-05	0.044336841711590094	0.062144335357497936	0.9977682100707396	0.9921212023539109	23	2392.0	2391.9702795254448	0.5907097792098873	0.5684692032531485	0.7777777777777778	0.7596636921336088	True
14	2037-04-01	GARW	south	0.005270125270506765	4.366196687826055e-05	0.07672826758048594	0.06868557621190316	0.9947781792340948	0.9671074657667733	15	355.0	354.97900912333756	0.11185330013120838	0.13423041602221206	0.19298245614035087	0.19096994350193613	True
12	2037-10-01	GARW	south	0.4680849243068186	0.2218818608253866	8.15248626656348	0.057416217458300674	-1.0	-25906.57566450772	2	31.0	30.996527102040147	0.11558105996875376	0.12740334910679935	0.12738853503184713	0.13558094027504025	False
13	2037-10-01	GARW	south	0.6182390461154311	0.3902949478549611	11.001730343823837	0.05619470999509625	-0.9698747344712763	-4666.4133844457765	7	349.0	349.0531702621157	0.733527137941751	0.7233496500602935	0.7647058823529411	0.7703894403198723	False
14	2037-10-01	GARW	south	0.5078446569364018	0.2636572775830702	15.405264253849689	0.03296565697076532	0.8747945425854341	-2846.9127262181273	4	64.0	63.69068777618971	0.16633092082968426	0.13139695555203718	0.19298245614035087	0.17898488269221396	False
15	2038-10-01	GARW	south	0.0017318031734713222	4.5402029284503714e-06	0.03290702451187103	0.052627157853381235	0.9988993310552334	0.9963033182573954	21	3648.0	3647.981757101603	0.903878566926522	0.8833933795869798	1.0	0.9622097768252775	True
16	2038-10-01	GARW	south	0.001994324541643585	5.89033225626203e-06	0.032219368014286466	0.061898313485207926	0.9995876627886775	0.9938671398231231	11	484.0	483.8738584772623	0.15397253295341462	0.14859300306614623	0.26143790849673204	0.22778676207358056	True
15	2039-04-01	GARW	south	0.0894694244234985	0.01140266850133131	1.4582528054824702	0.061353850366087315	0.38685174248039544	-5.512029079394764	25	3811.0	3810.987473656758	0.8730046964109871	0.8644002323252152	1.0	0.9668350073039365	False
16	2039-04-01	GARW	south	0.05979468790292657	0.004506851642791243	0.8594987176339849	0.06956925784313965	-0.5818946683081792	-2.41851600102387	14	544.0	543.6758461458949	0.1850550784578988	0.18672646324287018	0.3114754098360656	0.3327293447145599	False
18	2041-10-01	GARW	south	0.09900844663960028	0.012079402440576254	2.0337743599035676	0.04868211960558634	0.9318205885323262	-11.608988741524547	25	3879.0	3878.9667266851325	0.9773024364783482	0.963511246106425	1.0	1.0	False
18	2042-04-01	GARW	south	0.19035004923765128	0.048212637029773096	3.012639039219718	0.06318382214384119	-0.3104399920016581	-30.95282959824861	29	3976.0	3976.0148954902447	0.9886433155191017	0.987370923119798	1.0	1.0	False
19	2043-10-01	GARW	south	0.09693883984943899	0.012072655705127965	3.819471830424337	0.025380168817390976	0.9930549334177106	-119.58338419843835	13	326.0	325.96291899131313	0.9878089793911294	0.9598066139363218	1.0	0.9918327210502901	False
19	2044-04-01	GARW	south	0.0025780564032745986	1.075931655916593e-05	0.07914771525115717	0.032572720451799854	0.9868902608145226	0.9689024602432786	20	459.0	458.82957500594864	0.9686631381915356	0.9537051033407176	1.0	0.9871559488527646	True
19	2044-10-01	GARW	south	0.00850134901287406	0.0002261013746151974	0.34047355768099535	0.024969190179636058	0.9718993271883074	-3.01539249354615	5	76.0	75.80324811237284	0.7841163310961969	0.7414334993657008	1.0	0.9706938973302496	True
20	2044-10-01	GARW	south	0.01638403531614656	0.0003505699590953148	0.3036161979768056	0.05396298163709368	0.7450437355783439	-0.3014630181405693	16	1307.0	1306.9757159826013	0.9295310236690619	0.9264874188601749	1.0	0.9645296059921158	True
20	2045-04-01	GARW	south	0.005220751713192966	3.489971700274053e-05	0.10271325933602372	0.05082841053766402	0.9958753919378963	0.9725956611614976	28	2082.0	2081.9509891543926	0.9520321254808078	0.9594014518283974	1.0	0.9966796519787845	True
20	2045-10-01	GARW	south	0.01021495592244807	0.0001382409515273052	0.21954206701089488	0.04652846746651588	0.9540980450443557	-2.1715363617344945	9	411.0	410.98614481345413	0.985928592144683	0.9807219233291219	1.0	0.9902175713819338	True
21	2046-10-01	GARW	south	0.08188178821556276	0.008776694332769135	1.7401323226040302	0.04705492056663273	0.9939574668808553	-21.764759607813183	15	1543.0	1543.010701364918	0.9406878182317976	0.931573399448411	1.0	0.9469474861365749	False
22	2046-10-01	GARW	south	0.1032741714522671	0.012461233333312283	2.6485941563609536	0.03899207102161739	0.9928036344534956	-77.454405127612	6	105.0	104.97714968061591	0.09349028826276116	0.08620329440682724	0.1076923076923077	0.10770617688578132	False
21	2047-04-01	GARW	south	0.0015180953163834937	4.459096130865651e-06	0.03226575786244297	0.04704973374112319	0.9982394723974106	0.9962060585536509	24	2098.0	2098.125749757261	0.888485431010317	0.8856150553403391	1.0	0.9658404452007181	True
22	2047-04-01	GARW	south	0.002006448671494031	5.030131149571984e-06	0.04646790645186937	0.0431792354056724	0.999138738298011	0.9879404254291141	11	183.0	182.86469316880454	0.121266103114978	0.12156174305007092	0.20588235294117646	0.21189891498581284	True
21	2047-10-01	GARW	south	0.001713776458773349	3.8195866903539975e-06	0.035722771366788454	0.047974342224933055	0.9694235407822044	0.8485612302908898	7	311.0	311.05608951649856	0.7866452872876291	0.791266496845542	0.8921568627450981	0.8152315186012157	True
22	2047-10-01	GARW	south	0.005526595948927071	7.283678904067994e-05	0.15433031574659384	0.03581017716572025	0.8969403696452	0.7995164683083983	7	85.0	85.11806038988976	0.559579831932773	0.5236520452331893	1.0	0.9774705987940977	True
23	2048-10-01	GARW	south	0.06166845179576898	0.004756602932753209	1.3213628685354653	0.04667033807611024	0.6611989689347196	-90.57791953731095	9	254.0	254.0927855743734	0.8051587827418663	0.7985355966857002	0.9047619047619048	0.9044286240570856	False
23	2049-04-01	GARW	south	0.006433036884039891	5.268872165833175e-05	0.12356291949803835	0.05206284304525534	0.9920025880726415	0.9216788928636314	23	735.0	735.0088450730497	0.8572262067975723	0.859456166680556	1.0	0.9282491069472031	True
23	2049-10-01	GARW	south	0.006530729537117356	6.112049906203558e-05	0.20151380361110618	0.03240834831206284	0.9935663801053067	0.4170177783703273	11	355.0	354.9028699969004	0.9013803657044839	0.9122916835752882	1.0	0.9347084043116545	True
24	2049-10-01	GARW	south	0.009986619727571094	0.0001305513773906872	0.1541992712793379	0.06476437693067918	0.9928604419583411	0.9321155563724464	24	5208.0	5207.983814310517	0.9512826548373683	0.9283822651314969	1.0	0.9994945992348965	True
23	2050-04-01	GARW	south	0.24311899363178813	0.05912884859469243	3.880897634281868	0.06264504157084667	1.0	-74.06508486999668	2	22.0	21.770188482656938	0.03078294254764843	0.020626865819358485	0.04195804195804196	0.031035659086497618	False
24	2050-04-01	GARW	south	0.19656460871378176	0.045621224700687094	2.9280127266585945	0.0671324297617034	0.5550090886970147	-20.991693229342292	27	5259.0	5259.152508898606	0.9547463754499803	0.9430542893015426	1.0	0.9999679492678989	False
26	2051-10-01	GARW	south	0.014182560861267427	0.0005351951912532357	0.15028037524101265	0.09437400484608917	0.9715018971911094	0.6721639730484957	11	380.0	379.87888148241956	0.2745483190280496	0.3317395224950326	0.625	0.5808004020017585	True
27	2051-10-01	GARW	south	0.004055818994921577	2.8312996363616076e-05	0.061522083961647246	0.06592460355292852	0.9899785611660432	0.9692733654706795	15	3257.0	3256.998491673023	0.7560763832582098	0.7101391234738793	0.9583333333333334	0.9919095628283312	True
26	2052-04-01	GARW	south	0.05308682385097555	0.0051669421044008125	0.7451634571075133	0.07124185082430325	-0.4442194956052632	-2.6446064638100375	15	452.0	452.1779781094005	0.21377824216499502	0.25401756816311905	0.625	0.4860317472428462	False
27	2052-04-01	GARW	south	0.07626448495825522	0.008846090770501115	1.1861659169734673	0.06429495559343502	-0.2933314327216294	-2.5659811157854913	25	4083.0	4083.024743173173	0.8376598367414894	0.8062770567293629	1.0	1.0	False
27	2052-10-01	GARW	south	0.010390956433682449	0.00012349054985429764	0.15835487891452127	0.065618164119158	0.9080862976643723	-1.5787488416271391	8	403.0	403.00058025905105	0.9605386702746488	0.9471201602737849	1.0	0.9805462805663668	True
28	2052-10-01	GARW	south	0.12938492927727524	0.03034893863942591	7.469005141508625	0.017322913403583686	0.9982669194943548	-964.2933463623749	3	33.0	32.48912873793353	1.0	0.9981764452072378	1.0	0.9985959009498375	True
28	2054-10-01	GARW	south	0.016022041721985465	0.00038060342426031744	0.4564654062865784	0.03510023213440735		-2.071919182161516	4	51.0	50.94820738490434	0.23043854227557217	0.19085112126285952	0.30952380952380953	0.22644926991870465	False
29	2054-10-01	GARW	south	0.05709648889372416	0.004280708324197991	1.8421503670361734	0.03099447792939206	0.9789236060419344	-42.0304247563379	9	326.0	325.9719853906104	0.8029893155061912	0.7902456432375229	0.8666666666666667	0.8266407010079874	False
0	2025-04-01	GARW	tropics	0.50082282506982	0.2745966461244537	36.92802776275387	0.013562133030428367	-0.874901574379721	-35091.99691532902	11	535.0	534.815950003339	0.9853473934671865	0.9838269981489792	1.0	0.997485847173429	False
0	2025-10-01	GARW	tropics	0.38536267933441687	0.17016545441133257	21.40314585726521	0.01800495506148257	0.4371498948072248	-14382.040694273544	22	748.0	747.7649527012138	0.9376114826003051	0.9391197630669815	1.0	0.986567816853149	False
0	2026-04-01	GARW	tropics	0.020943313641430948	0.00046636847964150207	1.0718770667015647	0.019538913828876656	-0.39555123998009	-280.1611698544751	9	153.0	152.70660675429806	0.8686714504192827	0.8815242518653298	1.0	0.9665405993491367	True
1	2026-04-01	GARW	tropics	0.007573362284503863	8.472933168227845e-05	0.5085866332379274	0.014890997500834604	-0.8879811476579149	-5.695114945100604	19	424.0	423.4471439120283	0.9902297303360704	0.9761396859694412	1.0	1.0	True
1	2026-10-01	GARW	tropics	0.0009096164084876681	1.3193638578544387e-06	0.06633162399785471	0.013713163551024874	0.9848902039050601	0.9678727261104516	45	1358.0	1357.665063037866	0.9900413024604707	0.9817534927629388	1.0	1.0	True
1	2027-04-01	GARW	tropics	0.0024645603795011607	1.3332481698655383e-05	0.2030777197350895	0.01213604516889458	0.681436843364142	0.4042958259738827	39	1109.0	1108.7199954151652	0.8738973414616513	0.850859912564132	1.0	0.9990447308914585	True
2	2027-04-01	GARW	tropics	0.004168740207285941	2.5610526724413154e-05	0.15037585383060242	0.027722138236249045	0.12918513965313597	-0.31487242615586575	17	655.0	654.9185829343194	0.7504406188709493	0.7131967614763017	1.0	0.9931269188035665	True
1	2027-10-01	GARW	tropics	0.005165362910315288	3.409660014916834e-05	0.2868404899402094	0.01800778861935421	0.31942920649466144	0.10078883492050472	13	187.0	186.63441639945268	0.6440826162492302	0.5869521685427515	1.0	0.9561984408129882	True
2	2027-10-01	GARW	tropics	0.0018734819496799115	7.175779398478333e-06	0.07120263663563546	0.026311974362228492	0.9937979698532787	0.9766912091572746	43	2878.0	2877.975525362539	0.8928603275401982	0.8878339739175962	1.0	0.9942882970969552	True
2	2028-04-01	GARW	tropics	0.287742384252043	0.09562714299291875	11.53417145387495	0.02494694876027483	-0.002872950458293791	-998.4669801620619	27	2049.0	2049.000604746657	0.9842297361409592	0.9838317745159361	1.0	0.9966884605524599	False
3	2029-04-01	GARW	tropics	0.00793195269034984	0.00012434489631867195	0.23430097676443795	0.033853690240158434	-0.15257965958684988	-0.029157733352161097	13	301.0	300.8117005050413	0.7686764518325424	0.750322916360441	1.0	0.9103117920213634	True
4	2029-04-01	GARW	tropics	0.0024861352849392775	8.622354397670623e-06	0.0663678987525076	0.03745990654624037	0.6013265735284414	-0.5129526177382848	5	89.0	89.01122767552444	0.38892718003517446	0.34974799553419783	0.4523809523809524	0.4375388918966371	True
3	2029-10-01	GARW	tropics	0.005467012771393666	5.810440636208075e-05	0.15918301925602665	0.034344195737364656	0.9119710880746968	0.7844852080277311	33	975.0	974.7885545579327	0.4787958677346965	0.46824251411918133	1.0	0.9068369349191546	True
4	2029-10-01	GARW	tropics	0.0037835540133655796	2.447689545726406e-05	0.10794640370599498	0.035050301663319364	0.9838181681459678	0.9298761544658205	31	1763.0	1762.9990384574846	0.5205927525527104	0.51242335696982	0.684931506849315	0.6240036317378403	True
5	2029-10-01	GARW	tropics	0.002961141876676777	1.2281271206708638e-05	0.07649426851984172	0.03871063720164462	0.9966662433089115	0.9112635622071017	19	587.0	586.6355889557509	0.2857845339976458	0.28371908631690956	0.5753424657534246	0.5822069524713357	True
3	2030-04-01	GARW	tropics	0.06014502821393674	0.005602243110270822	2.2340123620386674	0.026922424081418633	0.9479063001441972	-43.65082425268565	19	636.0	636.0574152807022	0.27787852545495556	0.27263331904741145	0.5740740740740741	0.518684231394994	True
4	2030-04-01	GARW	tropics	0.046621133374186254	0.003869934306370958	1.6132478841118931	0.028898927333694653	0.5044339508336599	-12.640773312216922	29	1723.0	1722.8789777117672	0.5276971994953013	0.5230075715827208	0.684931506849315	0.6214898217618188	True
5	2030-04-01	GARW	tropics	0.0317454918064663	0.002712114433364228	0.5954589956229648	0.05331264123947678	-0.08373129972878438	-8.851598646805634	41	1022.0	1021.6426164037593	0.5391611385592182	0.5314503609525012	1.0	0.8242924612017136	True
4	2030-10-01	GARW	tropics	0.004928555251626424	2.430400276027007e-05	0.17379255268543203	0.028358840326991493	1.0	-38.489872672529295	2	35.0	34.33753120009283	0.4068287037037037	0.3082148941702448	0.4074074074074074	0.3371672581923811	True
5	2030-10-01	GARW	tropics	0.0020027552605316745	8.99917601893198e-06	0.14857927567082513	0.01347937154417649	0.6637143103084093	0.06368190124084372	20	360.0	359.7554367364781	0.7740001906830601	0.7663352158109864	1.0	0.843334017376717	True
6	2030-10-01	GARW	tropics	0.001784150747811318	4.7197374509819196e-06	0.18544450596386608	0.00962094152392393	-0.49007440378151496	-0.7410335151158218	9	131.0	130.38600208448284	0.9627492877492878	0.950481867192025	1.0	0.9845798673840327	True
6	2031-04-01	GARW	tropics	0.0026651508507006217	2.2513660256056926e-05	0.13748674122142268	0.019384784503753645	0.8039746356906854	0.3232174523844723	35	830.0	829.9431591839376	0.7515291228613499	0.7451786143027943	1.0	0.9768823863162825	True
7	2031-04-01	GARW	tropics	0.001338789484839664	3.489457768351283e-06	0.0460371427164061	0.029080638064068305	0.849289671316282	0.5676433979095751	13	496.0	495.8835668113165	0.4673688506886743	0.45644739832439174	0.6666666666666666	0.6867347101250401	True
8	2031-04-01	GARW	tropics	0.0007391702822304898	5.46372706132702e-07	0.03286320689436121	0.02249233571776951			1	12.0	11.822501996294143	0.11214953271028037	0.08068155946203372	0.11214953271028037	0.08068155946203372	True
6	2031-10-01	GARW	tropics	0.0018493842616309712	6.080232455604653e-06	0.048149835111340494	0.03840894277944048	0.9844166333928506	0.9605044061182816	35	905.0	905.1029060003618	0.4860112221877732	0.48160752664634177	1.0	0.9557553216819843	True
7	2031-10-01	GARW	tropics	0.0010935983619139208	1.955942876478841e-06	0.0396509232780978	0.02758065314756486	0.9965662231873101	0.9926559734473334	38	1934.0	1933.9574668082662	0.6250244060579182	0.6181151629041681	0.8095238095238095	0.756141681958184	True
8	2031-10-01	GARW	tropics	0.0008813821019320524	1.0166573148388564e-06	0.04313893561547937	0.020431243593682678	0.9969715533380242	0.990662831066163	22	309.0	309.0729108125458	0.17362107548270547	0.15006235725183575	0.5	0.24261613260257717	True
6	2032-04-01	GARW	tropics	0.0016277903355152747	3.613968568324039e-06	0.06446379716958298	0.025251232583043404	0.9792809352319887	0.8722845382165416	8	152.0	152.01577130304935	0.1602435492008245	0.1618721000892031	0.24369747899159663	0.2283794685482459	True
7	2032-04-01	GARW	tropics	0.0012371076427837308	2.3836258056100537e-06	0.05440538381493754	0.02273869893082292	0.9881471329610918	0.9690572146933741	24	1260.0	1259.9387872034554	0.7181664199581753	0.6964256594524459	0.8095238095238095	0.732450581396469	True
8	2032-04-01	GARW	tropics	0.0018011413358914041	9.761800135285748e-06	0.1039828970679258	0.017321515236441494	0.9799085572342491	0.8978734079531234	17	242.0	241.80663706499172	0.1655878955781523	0.17031118666204698	0.25	0.2092346128508661	True
7	2032-10-01	GARW	tropics	0.003736978178906364	1.3965005909622324e-05	0.19876256116639662	0.018801217678906364			1	15.0	14.999999533014488	0.7894736842105263	0.5516384358009019	0.7894736842105263	0.5516384358009019	True
9	2032-10-01	GARW	tropics	0.059462620119877956	0.0035358031915209147	216.55381585334212	0.00027458588012204847			1	10.0	10.002221139209574	1.0	0.9224071768893229	1.0	0.9224071768893229	True
9	2033-10-01	GARW	tropics	0.003607795008591751	1.3019873167932271e-05	0.6187284127677251	0.0058309832458690435	1.0	0.011120112604998234	2	24.0	23.936326561174404	0.4	0.33830832913295056	0.5	0.46626981106985355	True
10	2033-10-01	GARW	tropics	0.00167312844852109	4.364631892342646e-06	0.1019255685982903	0.01641519857608285	0.5118948260385903	-0.9046127715311132	15	365.0	364.8500262302821	0.7934987995865179	0.7802116115629611	0.9375	0.9451799805522983	True
9	2034-04-01	GARW	tropics	0.0858110257497508	0.009120572534946135	31.802863219941372	0.002698216986197163	0.999982707500524	-21999.110539278	3	35.0	34.7623335606438	0.3446808510638298	0.24385265816159	0.5	0.4440558364456484	False
10	2034-04-01	GARW	tropics	0.14149249336207934	0.025310049129843415	7.537066258160482	0.01877288702469393	-0.8928388535381889	-348.96912383572766	41	1563.0	1562.8717615861117	0.8899150710747534	0.889134002763838	1.0	0.9876469310894403	False
10	2034-10-01	GARW	tropics	0.0009761840442079566	1.6649140360051369e-06	0.061053539946935326	0.01598898352260011	0.9827483302142461	0.96049027348954	34	1267.0	1266.9731456310217	0.9562322655786676	0.9560431649718772	1.0	0.9833746180879691	True
10	2035-04-01	GARW	tropics	0.001944767147344871	6.182252822679868e-06	0.11540829614574084	0.016851190185573524	0.7801918843237227	0.08556709512168503	8	123.0	122.98312226866312	0.9526098901098902	0.9875547327326651	1.0	0.9952549209490884	True
11	2035-04-01	GARW	tropics	0.0018019492613844373	4.944363391910015e-06	0.05763155087755502	0.03126671474125153	0.9607574456954948	0.8968390323615406	20	1321.0	1321.0091780404514	0.9489060567525296	0.9214813612440279	1.0	0.9999441078879563	True
11	2035-10-01	GARW	tropics	0.001203924339777878	2.6448383080914987e-06	0.0374135463318226	0.03217883514971324	0.9970047030085812	0.9938437183665872	45	3158.0	3157.9871270034655	0.9675443888478019	0.9448439810257927	1.0	1.0	True
11	2036-04-01	GARW	tropics	0.0033688806681692056	2.5976773430511744e-05	0.12869555232984395	0.02617713360858685	0.924144190400523	0.6287692337207534	24	1518.0	1517.93824952988	0.9817240151291876	0.9354996758111245	1.0	0.9999641168589345	True
12	2036-04-01	GARW	tropics	0.0013170890202501742	2.810758517054415e-06	0.055549059995784134	0.02371037458329869	0.7293456848537183	0.5282695909238342	15	501.0	500.99997249888764	0.9192082198176074	0.9143702680210025	1.0	0.9930434087065267	True
12	2036-10-01	GARW	tropics	0.01319775341155272	0.0002205988093598096	0.5838876178058066	0.022603242488937525	0.8910166031309436	0.014754369437808945	41	2350.0	2349.9542101517522	0.8022490150331806	0.802193157547421	1.0	0.9879708832311284	True
13	2036-10-01	GARW	tropics	0.017352031969542613	0.0003087253058117286	0.5779532144926759	0.030023246751511072	0.9888695762641576	-3.9882876956876503	20	527.0	526.9625737250915	0.3247575826244178	0.3216967171206765	0.640625	0.6496284575240554	True
12	2037-04-01	GARW	tropics	0.0026736200761639617	1.127147892465639e-05	0.0850716212325822	0.03142787262575375	0.9548665207527425	0.8976083998036716	29	1748.0	1747.9343252792376	0.6411703954810662	0.6352369898136664	0.9576271186440678	0.9535163821448445	True
13	2037-04-01	GARW	tropics	0.0036919710436876447	2.1779090935705996e-05	0.10221021529440465	0.03612135081658278	0.9495490728209637	0.8505885644075946	46	1214.0	1213.9588492732091	0.6196654537024678	0.6166829508984566	1.0	0.9319722802489403	True
12	2037-10-01	GARW	tropics	0.008291013692221235	6.980264465668258e-05	0.28081337842408843	0.029524995350114786	1.0	-40.436304782245	2	28.0	27.635514342582844	0.2846246487354476	0.17711946451120048	0.3617021276595745	0.216190656561288	True
13	2037-10-01	GARW	tropics	0.0015789322970455933	3.295536109519443e-06	0.12494486919099725	0.012637031894698733	0.9106346778178849	0.6163659125504797	26	611.0	611.1761095510213	0.8710824489661946	0.8647866250620595	1.0	0.9136173516848527	True
13	2038-04-01	GARW	tropics	0.01619484788793286	0.00031605192952738906	0.5996694765475843	0.027006290166992995	0.6031181263260773	0.12532701198087404	3	35.0	34.79694859837677	0.6176511954992967	0.5789675072466655	0.9166666666666666	0.8826465055281945	True
15	2038-04-01	GARW	tropics	0.006227268638917416	5.883530759170268e-05	0.21820428945932016	0.02853870863101601	-0.3455297698569099	-1.0302201500009414	19	1126.0	1126.2154231793386	0.9059648121169075	0.9059573302991907	0.9851851851851852	0.9534458304472554	True
13	2038-10-01	GARW	tropics	0.0004782511045719616	2.2872411902430136e-07	0.3383863069771603	0.0014133287745719616			1	11.0	10.806067198244147	0.06962025316455696	0.024535419651236602	0.06962025316455696	0.024535419651236602	True
15	2038-10-01	GARW	tropics	0.0009021002021398182	1.7390611084435833e-06	0.03139769394142377	0.02873141587477081	0.998581549060988	0.9959889269426695	44	3225.0	3225.0653832205035	0.891218299359226	0.8843882644678106	0.9851851851851852	0.9592843600823499	True
16	2038-10-01	GARW	tropics	0.0028801792982036086	8.295432789800631e-06	0.33038597287726534	0.008717619798203608			1	12.0	12.111664709352922	0.08108108108108109	0.05296734508457959	0.08108108108108109	0.05296734508457959	True
15	2039-04-01	GARW	tropics	0.0014803634735156737	4.062052977501815e-06	0.06250456152225059	0.023684087008412798	0.9663276095104361	0.9211032021784825	23	1591.0	1590.8839787726122	0.8586512336234813	0.8561273765910841	0.9512195121951219	0.9598183423286574	True
16	2039-04-01	GARW	tropics	0.01037510748240069	0.00010764285527136679	0.6328698413560743	0.01639374608240069			1	12.0	11.997365014583716	0.08108108108108109	0.04530716214035123	0.08108108108108109	0.04530716214035123	True
17	2040-10-01	GARW	tropics	0.03369242678482475	0.0022120745037564732	1.696554908724661	0.019859319973411362	0.7242548203001982	-85.94959912224427	20	603.0	603.0000024877565	0.702861814791245	0.7043478107822165	0.8490566037735849	0.7737861957002636	True
18	2040-10-01	GARW	tropics	0.006886615175487281	6.458659730440756e-05	0.19436692333727756	0.03543100367719048	-0.85237555836405	-13.345919395048208	7	145.0	144.5228806707786	0.2823828253616063	0.27703839691687465	0.5	0.43326573387096856	True
17	2041-04-01	GARW	tropics	0.00308075403469924	1.1128438835830592e-05	0.14299336538254223	0.021544734096281104	0.9938680300076626	0.9348035531865789	37	1257.0	1256.7911603807966	0.5460740965760084	0.5472213609570483	0.8490566037735849	0.7768892401372244	True
18	2041-04-01	GARW	tropics	0.004293563796903658	2.1518850393117367e-05	0.12454260107111836	0.03447465975479247	0.9966729389716025	0.9098355755157317	33	1498.0	1497.9190493674266	0.5960822855003226	0.5969061357257036	0.8913043478260869	0.835056287042835	True
17	2041-10-01	GARW	tropics	0.003802247830580751	2.481627579200409e-05	0.17553295416770368	0.021661162421661828	0.9595165289439845	0.3054142666765053	15	531.0	530.9994286228398	0.3322707301592632	0.3339644576405181	0.5272727272727272	0.520156666622372	True
18	2041-10-01	GARW	tropics	0.003884039134069974	3.083848931628482e-05	0.19182404158713262	0.020247926703732384	0.9426634934708454	0.7221388059605385	34	1456.0	1455.8565041273173	0.7745068835167286	0.7722347167979984	1.0	0.96458375750149	True
18	2042-04-01	GARW	tropics	0.0033290165479688406	2.3001943931737802e-05	0.19872323038667525	0.01675202512303794	-0.3369663873344881	-1.3945240638173515	8	130.0	129.7713614353948	0.939826401668507	0.9304789607925068	1.0	0.9777696734499909	True
19	2043-04-01	GARW	tropics	0.001083510431360991	1.8171829755660574e-06	0.04208163357383118	0.025747822490303256	0.9906396233883512	0.9809166629458331	28	1769.0	1768.9879167212448	0.9269441999414404	0.9220492978291264	1.0	1.0	True
19	2043-10-01	GARW	tropics	0.0011293365887255003	3.0195197906554075e-06	0.04596170531411901	0.024571250805582676	0.9949119317312266	0.9870434787451855	44	2463.0	2462.823969155956	0.9582507681389089	0.9537293397470553	1.0	0.9794856826234081	True
19	2044-04-01	GARW	tropics	0.2811233875807812	0.09125751169206336	13.4525666407329	0.020897379294860383	0.2358123147587254	-13415.452444743398	18	582.0	581.795598378304	0.982088242857428	0.9777482282528861	1.0	0.9836330082465435	False
20	2045-04-01	GARW	tropics	0.06981793839268607	0.007660992215938162	6.243487693205297	0.011182521985054603	0.8229189191003528	-2360.230485024788	13	201.0	200.98991962324806	0.974214820267452	0.9793175265591804	1.0	0.9959631652688812	False
20	2045-10-01	GARW	tropics	0.0027984827938721886	1.114522537451825e-05	0.25244125657235644	0.01108567922640675	0.9462047334376803	0.4305471676997612	39	875.0	875.0075219827435	0.9796008010504124	0.9797136574095703	1.0	0.9947466233632958	True
20	2046-04-01	GARW	tropics	0.03550526175946735	0.0016574472366716795	1.0856306149614614	0.03270473517433713	-0.6109663920987299	-44.80076837686799	47	991.0	991.310945307474	0.806346454140599	0.8019021216384763	1.0	0.9964929752681811	True
21	2046-04-01	GARW	tropics	0.06332704111717041	0.004090458759717145	3.6494777761146575	0.01735235696779342	0.4125398397845562	-2801.142159995028	13	269.0	268.99940433013774	0.6368785733463052	0.6186066159550705	0.8846153846153846	0.8647550413651096	True
20	2046-10-01	GARW	tropics	0.0016857527547778175	3.922376086030863e-06	0.1715183648135049	0.009828409666864348	0.3708052892563363	-0.13670070840020254	22	353.0	353.23215377866666	0.58654996875334	0.5673114672553599	0.9615384615384616	0.8903272432189959	True
21	2046-10-01	GARW	tropics	0.0011645236189816385	2.0710163699717024e-06	0.07872019086925802	0.014793201161259008	0.9886609323915205	0.9730851527999445	39	1537.0	1536.988240680886	0.8243332584129985	0.8167177003234622	1.0	0.9781501341399966	True
21	2047-04-01	GARW	tropics	0.000974022381453309	1.4442060502911068e-06	0.06370845237435921	0.01528874655014104	0.988858125230471	0.9737374519768404	37	1419.0	1418.9528202590473	0.9016361300084307	0.896088692552787	1.0	0.9712362983587735	True
22	2047-04-01	GARW	tropics	0.0017206689226512062	2.9607015413776626e-06	0.3602202046822581	0.004776714077348794			1	12.0	11.869579464246291	0.4444444444444444	0.2572845824102345	0.4444444444444444	0.2572845824102345	True
21	2047-10-01	GARW	tropics	0.001588485720407287	4.77963237802531e-06	0.0981922595510395	0.01617730081444562	0.6267387809870549	0.14019604864565405	10	170.0	170.00316403730957	0.8303852813852813	0.8289994581855724	0.9523809523809523	0.9741914922933991	True
22	2047-10-01	GARW	tropics	0.0014008529384507077	2.9185381661287412e-06	0.21796315897432686	0.006427017047480531	0.720797661768546	0.28882352207173734	6	67.0	66.8852297086177	0.8165954415954415	0.6775241374609898	1.0	0.801851759160551	True
22	2048-04-01	GARW	tropics	0.0016140243388512382	4.4798770785176466e-06	0.3530305267008463	0.004571911539590293	-0.2976027119450147	-0.34704626248144943	9	103.0	102.87140321508315	0.8410516140779298	0.749625823465362	1.0	0.8184680070793701	True
22	2048-10-01	GARW	tropics	0.02233853724237335	0.0010839939611707234	3.1224424616984545	0.007154186991878879	0.5815258107295675	-144.75870349049188	9	105.0	104.85126282472243	0.6438110768373926	0.5808363361891548	0.9230769230769231	0.7901633389463265	True
23	2048-10-01	GARW	tropics	0.04327390664128215	0.0027592525945068845	2.7072691796191086	0.015984338375754144	0.5133847030232036	-683.0850344735449	18	450.0	449.8788530749261	0.7195468269893524	0.7079330816042028	0.9	0.8567907333415866	True
22	2049-04-01	GARW	tropics	0.003434519072120972	2.814214546427286e-05	0.6158992649563675	0.005576429892905109	0.40005213851663324	-4.098852242120995	5	56.0	55.86357546000135	0.33461904761904765	0.276390409779855	0.65	0.5831706914135474	True
23	2049-04-01	GARW	tropics	0.004031136180261705	6.771499554996615e-05	0.08815570824041848	0.045727454985308266	0.8693936296016123	0.5730738581826662	44	1297.0	1296.92517887748	0.6195251057638522	0.6159837833489277	0.9	0.7898208233628274	True
24	2049-04-01	GARW	tropics	0.006167826553379453	3.910336370554725e-05	0.33839080506618935	0.018226933063896413	0.8817662460872594	-7.551761199454898	18	650.0	649.9676653846121	0.5159324167129166	0.5041714544135003	0.775	0.860725773257525	True
22	2049-10-01	GARW	tropics	5.731347008573057e-06	3.284833853267932e-11	0.0009892613313233817	0.005793562152991427			1	11.0	10.914468891483835	0.19642857142857142	0.132705232489946	0.19642857142857142	0.132705232489946	True
23	2049-10-01	GARW	tropics	0.0024554652711128275	9.218759506452202e-06	0.09645786580292641	0.02545635081880831	0.9386710966914731	0.7293335630367831	27	796.0	795.8744700085588	0.4869447359031283	0.483565162345667	0.8541666666666666	0.8195963019962179	True
24	2049-10-01	GARW	tropics	0.0021137622950045424	6.348849753798097e-06	0.08837678425363722	0.023917619461442996	0.9869095960425425	0.9475397301705727	44	1881.0	1880.9788775706006	0.760647013481253	0.7573332970129969	1.0	0.9891152746125231	True
23	2050-04-01	GARW	tropics	0.006111415730883241	3.7349402235687145e-05	0.3209885019506883	0.01903936026911676			1	12.0	11.783238025225948	0.14285714285714285	0.09433520583715843	0.14285714285714285	0.09433520583715843	True
24	2050-04-01	GARW	tropics	0.009889620042819266	0.000135107061861782	0.6552504754990643	0.015092884954088654	0.9092506607109083	-4.96800912268149	32	1205.0	1204.731852360929	0.8839117163379746	0.8549852787215106	1.0	0.9792047125148161	True
25	2050-04-01	GARW	tropics	0.0011062840492681583	2.7234411090279677e-06	0.05267951741847908	0.02100026924088892	0.7449074198825011	0.5377406056934092	14	349.0	348.85637647981923	0.8380091469342872	0.7867898117802233	0.967741935483871	0.9947197984837888	True
24	2050-10-01	GARW	tropics	0.002027565909335694	4.646568920244242e-06	0.12137944386149528	0.01670435985560559	0.6614233108245371	0.39581786622224324	6	82.0	81.76805808074552	0.7153304141155803	0.5926369046179747	0.7727272727272727	0.7519339523124405	True
25	2050-10-01	GARW	tropics	0.0010410225433923272	1.9461489452980534e-06	0.05430013201205271	0.019171639272649595	0.9928851862174786	0.9836404103103806	39	1865.0	1864.999527892855	0.9286190935724383	0.9110725620333429	1.0	0.9917076882872085	True
25	2051-04-01	GARW	tropics	0.0012349385216952993	2.415211603891998e-06	0.0687789108017894	0.01795519160305124	0.9818312555280702	0.9638424158040461	36	1626.0	1625.733293674703	0.9211794493247455	0.918273167469741	1.0	0.9840840030146615	True
25	2051-10-01	GARW	tropics	0.0009479080420099548	1.5548204313950636e-06	0.050032370620370754	0.018945895032685352	0.5421479599270295	0.26227054848499454	10	147.0	146.34823706381874	0.8047197981756806	0.7925782582929546	0.9230769230769231	0.9163935194571886	True
26	2051-10-01	GARW	tropics	0.012015806977790441	0.00045412682683748494	0.16034656079550372	0.07493648082115507	0.6652705067929876	0.17217037032279148	12	153.0	152.69417976022635	0.5532271582581106	0.5548056617290666	1.0	0.7679130923282658	True
27	2051-10-01	GARW	tropics	0.005079912269937154	3.311577854770979e-05	0.1161200158973317	0.04374708555352415	0.6002780097946065	0.35613626166246404	13	885.0	884.9850406457347	0.7794849344925298	0.704154944726324	0.9593908629441624	0.9771554807591903	True
26	2052-04-01	GARW	tropics	0.008488141212329738	9.500652767302384e-05	0.6120662570475705	0.013868010390368621	-0.41793940275797403	-2.93419959019154	11	140.0	139.62894423336854	0.5247326574936966	0.48866279788845285	1.0	0.8868793317556802	True
27	2052-04-01	GARW	tropics	0.0020930442422781846	1.0064641903729876e-05	0.05553792433137562	0.03768675670681735	0.9951180229651013	0.9866059962558099	37	3909.0	3908.947081148197	0.9070752603172967	0.8711871192594339	1.0	0.9954658735626639	True
27	2052-10-01	GARW	tropics	0.3339242613668271	0.1367069979492306	10.142141707814748	0.0329244326284192	0.5711982023408567	-885.6625721924628	22	2634.0	2634.036591789826	0.9767846836403358	0.9653567464699971	1.0	0.989937909824429	False
28	2053-10-01	GARW	tropics	0.0013523459155283604	1.8288394752462394e-06	0.5981923845079197	0.0022607207155283604			1	12.0	11.968148751164195	0.8571428571428571	0.6970983159926736	0.8571428571428571	0.6970983159926736	True
28	2054-04-01	GARW	tropics	0.007220909791196714	5.919967622352439e-05	2.1024331596972194	0.003434549040425442	-0.8880340987329546	-14.927624854907126	11	132.0	130.93974042508145	0.5598748985265289	0.46774019401586187	0.8571428571428571	0.6730895938429382	True
29	2054-04-01	GARW	tropics	0.005552396333784909	3.842104731125637e-05	0.9225283638443367	0.006018672759986592	-0.8927542528345174	-9.733198194957872	18	242.0	241.52512491403155	0.6208206608885624	0.556109172720852	0.875	0.6309440239029337	True
28	2054-10-01	GARW	tropics	0.0029155202098021704	1.3340642727271463e-05	0.4132765483845402	0.007054647115106505	0.9849958669341028	0.20240437856941573	11	133.0	132.29104519320592	0.5311952448468753	0.4560268309690824	0.6956521739130435	0.47730294100090065	True
29	2054-10-01	GARW	tropics	0.0022213980316035525	8.71064106567815e-06	0.3877952208327546	0.0057282759360296	-0.6091246031789715	-2.0016316249337334	41	619.0	618.9011588065447	0.7113242112513998	0.6791800234570984	0.9047619047619048	0.8142490897943833	True
