variant	pivot_date	model	location	mae	mse	normalized_mae	max_r_data	correlation	r2	n_points	total_sequences	total_smoothed_sequences	mean_variant_frequency	mean_smoothed_variant_frequency	max_variant_frequency	max_smoothed_variant_frequency	converged
0	2025-10-01	FGA	north	0.2454359138985639	0.06200917388381035	4.250675215668805	0.057740453327000854	-0.2534605200927659	-47.884572256403146	19	2762.0	2762.005168964999	1.0	0.9978009224774445	1.0	1.0	False
0	2026-04-01	FGA	north	0.23667227946040273	0.056099522793529664	4.0604383240423365	0.058287372094544106	-0.919875199941204	-1871.2339872810833	6	260.0	260.0105905159796	1.0	0.993969980230959	1.0	1.0	False
2	2027-10-01	FGA	north	0.03673620162294898	0.001421420063731794	1.1182349117241586	0.032851953769094014	0.992690932691112	-2.9576447608780585	20	442.0	441.93710000364484	0.9218661069532829	0.9333909576024432	1.0	0.950483046829787	False
2	2028-04-01	FGA	north	0.07098380253558934	0.007302689213220673	1.6009346634129282	0.04433897532349234	-0.10150937200416324	-9.420325908500692	32	2664.0	2663.9653866530025	0.9687205306923873	0.9742034823944479	1.0	0.9993817924310013	False
2	2028-10-01	FGA	north	0.005568914256798515	0.00011508969123489573	0.09425392786068629	0.059084161086949596	0.959562454188142	0.9109366600625975	27	2682.0	2681.978318013142	0.9900862352925314	0.9776871687822256	1.0	0.9990411504083931	True
2	2029-04-01	FGA	north	0.2439782848260998	0.05958189338735099	4.089232575914425	0.059663587310521696	-0.6256175799977007	-2585.2432259429165	4	97.0	96.95286990884864	0.9800307219662059	0.9797104936367717	1.0	0.9883236608717499	False
3	2029-04-01	FGA	north	0.14952025010899914	0.022356305192657657	52.58816359455058	0.002843230108999149			1	11.0	10.876724851634375	0.22448979591836735	0.15429930079477425	0.22448979591836735	0.15429930079477425	False
5	2029-04-01	FGA	north	0.024967733832350923	0.0008703080730817524	0.3415965881888211	0.0730912857318989	-0.5113884707369427	-1.5406483978563408	8	293.0	292.9747852409953	0.7783479315463105	0.7717207635174317	0.8974358974358975	0.8813749722468148	False
3	2029-10-01	FGA	north	0.007440774415046538	5.5365123895611146e-05	1.1372305454956815	0.006542890045046538			1	11.0	10.764699593610718	0.22448979591836735	0.23871595466463064	0.22448979591836735	0.23871595466463064	True
5	2029-10-01	FGA	north	0.007374015396916741	0.00011556332791066698	0.10087309844876882	0.07310190239335057	0.9489715378570495	0.8592430264046704	24	1044.0	1043.941273798036	0.8995524018888851	0.8827235502053553	1.0	0.9849880631842188	True
5	2030-04-01	FGA	north	0.08625130592840854	0.012951016091354907	2.6949508069022934	0.03200477934792063	-0.7980908187618703	-26.999900003114515	34	2386.0	2386.0030580626517	0.983137627568982	0.9811133660164219	1.0	0.9994375139105885	False
5	2030-10-01	FGA	north	0.002184499495796957	6.439560520937433e-06	0.04946131065829891	0.04416582307914295	0.9988121306380681	0.9909928374441559	27	2146.0	2145.9611173291833	0.9932842701385111	0.9873673148953215	1.0	1.0	True
5	2031-04-01	FGA	north	0.008089656894331644	7.581801727174442e-05	0.15149424717755675	0.053399102903559585	0.9512854670761803	-0.07136318256791574	7	252.0	251.9839248286206	0.9819456455009341	0.9884971642619483	1.0	1.0	True
6	2031-04-01	FGA	north	0.002849410138133498	1.1071461905153213e-05	0.0690126440893028	0.04128823313082083	0.9883977214872451	0.9314313262958527	10	416.0	415.9181913545966	0.9856582633053221	0.9826031370240804	1.0	1.0	True
6	2031-10-01	FGA	north	0.020357812246439434	0.0006569006242999956	0.49136607228232054	0.04143104987261432	0.976011269106817	-0.04619349928211669	21	835.0	834.8996910603271	0.986682001936753	0.9800536344401275	1.0	0.9896214231728546	False
6	2032-04-01	FGA	north	0.31916215665241704	0.11287406559184693	9.450892154270154	0.03377058498209732	-0.8985755485014153	-438.11826048875616	9	251.0	251.13980519289657	0.8827004414706887	0.8751080568210559	1.0	0.9850901732044682	False
7	2032-04-01	FGA	north	0.04328190807091428	0.00206021583181824	0.8940508894798164	0.048411011699900995	0.8760498166471452	-2.523949067757073	17	2392.0	2391.9851620193667	0.8903339952988446	0.8871713449722897	0.9523809523809523	0.933514568083034	False
8	2032-04-01	FGA	north	0.04018210971764191	0.001902080799027273	0.77085571643838	0.05212662870724648	0.8360234456784177	-3.6648419452874874	8	178.0	177.9246235049565	0.0911146796710005	0.09178441104280295	0.14027149321266968	0.1316799322492886	False
6	2032-10-01	FGA	north	0.09577358669156584	0.009172579907766877	6.190678079928004	0.015470613308434165			1	12.0	11.822455162512457	0.06417112299465241	0.06031217533901549	0.06417112299465241	0.06031217533901549	False
7	2032-10-01	FGA	north	0.11556747104090402	0.01450031047608473	1.8935965255790284	0.061030673366685405	0.5296364379981225	-8.36685543226188	24	2767.0	2766.8162643292753	0.844464356258778	0.8204176560026251	0.9523809523809523	0.9480431065234801	False
8	2032-10-01	FGA	north	0.1253919381362428	0.01801565836067726	0.6580408542284697	0.190553424351229	0.6449201065299837	-3.8763996929177953	11	250.0	249.86221641936328	0.16280456623081857	0.19316577169873075	0.3188405797101449	0.4099617011086333	False
7	2033-04-01	FGA	north	0.27371125208261116	0.07494301646134786	4.567568905083628	0.0599249311330531	0.6042344075288815	-2612.524947481544	4	114.0	113.94441876101212	0.6742041925465838	0.6723229877041613	0.8333333333333334	0.7406944378689477	False
8	2033-04-01	FGA	north	0.20639951749857569	0.04638717966371557	10.377509064853728	0.019889119461008624	-0.8087788029383953	-258.4924365367442	4	59.0	58.54965175983138	0.6526268115942029	0.6280331399022387	1.0	0.99996694458382	False
8	2035-04-01	FGA	north	0.04378805155806362	0.004696997398290177	1.1324537286240495	0.03866652601450379	0.9214320050757735	-48.7309244201812	12	317.0	316.89297229904497	0.3626863781210235	0.3742194246468215	0.46875	0.4553328071299103	False
9	2035-04-01	FGA	north	0.02442272583068464	0.0007478753398735568	0.6194862764076468	0.03942415959932179		-1.3018383801618914	12	572.0	572.0047509421984	0.6316120033150391	0.6212421698089896	0.6761904761904762	0.6874667794011619	False
8	2035-10-01	FGA	north	0.004867918490546367	3.282287863272859e-05	0.11748951432647826	0.041432790989495975	0.9711315439507071	0.9340566402978634	19	471.0	470.93454025483516	0.3632664683586907	0.3696989283541034	0.46875	0.4530759221682037	True
9	2035-10-01	FGA	north	0.0028366075381377554	1.0378220599569898e-05	0.0716399576503095	0.039595326842372866	0.9957734978915426	0.9844931317431836	20	844.0	843.8809304496465	0.6351659524140321	0.623546730383697	0.6986301369863014	0.6735282263664596	True
8	2036-04-01	FGA	north	0.008726468888025762	9.315551480104854e-05	0.2258931087085467	0.03863096549476808	0.9906534275361939	-1.7252075479875955	5	86.0	85.86541586508781	0.34292857785382014	0.3463027579775541	0.38461538461538464	0.3685191218421174	True
9	2036-04-01	FGA	north	0.006505058045768525	6.704615788611302e-05	0.18262007055833737	0.0356207180617122	0.9843859717284664	-0.2390789972295022	6	177.0	176.8639699243081	0.6598597467656523	0.6356973624528109	0.6986301369863014	0.6545932846703818	True
10	2037-04-01	FGA	north	0.027191117129445948	0.0008970182345843985	0.6763878700438879	0.04020048012936961		-0.8569179616073539	8	155.0	154.99968608523034	0.06585412070691318	0.0633998508240375	0.10365853658536585	0.07540152420100309	False
11	2037-04-01	FGA	north	0.0639956136095499	0.005406490818670027	1.612841197148084	0.0396788063962593	-0.9696766027835371	-6.530112104924953	14	417.0	417.0907735790595	0.12400865373550332	0.12593834948925955	0.273972602739726	0.20321713156660207	False
12	2037-04-01	FGA	north	0.1439109696810964	0.0208681028767958	3.3236989472848784	0.0432984370617131	0.9722459285165185	-45.46622624846013	13	462.0	462.0038929763617	0.13250730770902458	0.12752861571528207	0.2698412698412698	0.2135059745508647	False
13	2037-04-01	FGA	north	0.17832559181824856	0.032057900044758066	4.368420174085443	0.04082152922837423	0.9829710046704142	-66.56499440162469	15	643.0	642.9209418691282	0.17455885872758387	0.174878855935761	0.2553191489361702	0.24684151445212485	False
14	2037-04-01	FGA	north	0.06498244904487495	0.005337757665579535	1.0018380483319438	0.06486322729813512	-0.8539188290332482	-5.264806839729496	14	2441.0	2440.9870010261407	0.515287097548775	0.5045475532162397	0.7483443708609272	0.7348087119686778	False
10	2037-10-01	FGA	north	0.16170070061310404	0.026309176895087584	5.906225906222267	0.02737800808512095	0.9872295184548028	-82.24948366553464	9	165.0	164.98279114098082	0.06435433184419043	0.053023430355698425	0.10365853658536585	0.09277609350718843	False
11	2037-10-01	FGA	north	0.04780492328958243	0.0025528490717774237	1.0424982325636032	0.04585611926844762	0.9972409072453872	-2.2594844383754467	16	440.0	440.0929638329625	0.11697956877181215	0.10535326285309439	0.273972602739726	0.1683262909151215	False
12	2037-10-01	FGA	north	0.023508531968372513	0.0006667274599838429	0.4343656880740953	0.054121521597632186	0.997125406074129	0.4589180423677265	16	495.0	494.8826065816322	0.1228458551587227	0.1409067734061488	0.2698412698412698	0.1748066837943528	False
13	2037-10-01	FGA	north	0.1296884088736988	0.018943897212254052	2.751071362336064	0.04714105589888235	-0.6793557718027827	-15.692760388724448	19	729.0	728.8603964479518	0.16440693253755423	0.18592262495846573	0.2553191489361702	0.19860777957074713	False
14	2037-10-01	FGA	north	0.14501783699490012	0.02168470726913556	2.451231526885255	0.05916121566010218	0.9893137664761953	-11.320741283196936	22	3081.0	3080.9815645500353	0.6016053857845494	0.568280520081398	0.819672131147541	0.7528405697785194	False
11	2038-04-01	FGA	north	0.2570149892205154	0.06605670468402165	6.508672595555556	0.03948808077948459			1	13.0	12.831405143967906	0.09090909090909091	0.049842580078962764	0.09090909090909091	0.049842580078962764	False
13	2038-04-01	FGA	north	0.08801594559752457	0.007758193953356083	2.28976067701728	0.03843892791109381	-1.0	-1657.089758890385	2	31.0	30.933201474498425	0.12603751388798118	0.142556965647183	0.14018691588785046	0.14598251923807884	False
14	2038-04-01	FGA	north	0.07504985648545048	0.0056589199263437084	1.34371497188144	0.05585251192101204	-0.2704700052018981	-220.21628009687234	6	311.0	311.02235125786564	0.7508216789930316	0.7267441833198739	0.819672131147541	0.7352918383790684	False
15	2038-04-01	FGA	north	0.06381225160504123	0.00431819001237266	1.32167528361555	0.048281338386292304	-0.9855256672097857	-65.0945486127727	6	261.0	260.753034660535	0.9966666666666667	0.9737490203645912	1.0	0.9991001536957242	False
15	2038-10-01	FGA	north	0.0012474531498928916	2.540134669040442e-06	0.02401550433666941	0.051943658246982896	0.9989461413550436	0.9965616505974536	24	1304.0	1303.69520027282	0.9991666666666666	0.9916920565282942	1.0	1.0	True
15	2039-04-01	FGA	north	0.1840640052963686	0.03556025197337371	6.7208757226936635	0.02738690802968716	-0.02756912912641865	-98.51889340543129	40	2171.0	2170.849311852547	0.955714806923669	0.9495713960002412	1.0	1.0	False
16	2039-04-01	FGA	north	0.21118377382095402	0.04491085029836951	5.5516456593436665	0.038039851024267435	-0.9621876215156151	-325.34426657606326	7	179.0	178.89648602758155	0.20526185872029895	0.20171922397458217	0.3870967741935484	0.2856535880881294	False
15	2039-10-01	FGA	north	0.22373620983327988	0.050179791429379665	4.734974050094515	0.04725183442743765	0.940958323597546	-80.59652759653942	30	1598.0	1597.9676172272425	0.8459384723267488	0.8362627326552079	1.0	1.0	False
16	2039-10-01	FGA	north	0.1482102872360669	0.022040551661335193	3.363164549276233	0.044068699305230954	0.9835207286624499	-40.9315032086904	15	338.0	337.7707883961272	0.3407200353300727	0.3465462154879216	0.8235294117647058	0.6131954381903472	False
15	2040-04-01	FGA	north	0.29573987760856696	0.08747885166814956	5.853253334974502	0.0505257265803711	-0.6496279415320539	-5923.5976614468755	4	84.0	83.90442020800862	0.5450971956811779	0.5033000864970469	0.5740740740740741	0.5748892341776408	False
16	2040-04-01	FGA	north	0.15733360362306842	0.025526258258619743	5.282632750833566	0.029783180289836002	-0.9416127184351514	-102.53367185824979	10	148.0	147.5391488707343	0.7571712057611423	0.7545023269139086	1.0	0.9858283810703028	False
16	2041-04-01	FGA	north	0.12576419177516038	0.022590029750107946	2.8116518717519803	0.04472964560039751	0.7291835771248291	-41.13385263079755	20	2124.0	2123.9541236952373	0.9933916288487381	0.9929917474551481	1.0	0.9961488533883701	False
16	2041-10-01	FGA	north	0.022934623941434876	0.0006049550729514962	0.41134531896010745	0.05575515967803949	0.9675212462518588	0.5068576529649238	27	2470.0	2469.921358687298	0.993098011321601	0.9792024862370659	1.0	0.9972644000180244	True
16	2042-04-01	FGA	north	0.09290030009523341	0.008657148628518305	1.721231717253632	0.053973151414769154	-0.7174492409352287	-626.0491269925094	6	187.0	186.9911138400252	0.9925715188873084	0.9671752979609055	1.0	0.9996529872525917	False
17	2042-04-01	FGA	north	0.18666853003910844	0.03517633733587517	2.8097721475874877	0.06643546886867137	0.9601239982531488	-30.66331435713138	17	605.0	604.8457651443892	0.19081071929553453	0.1795992749361993	0.34375	0.32378015796402687	False
18	2042-04-01	FGA	north	0.07933455316508917	0.007904750996322882	1.4314517687267976	0.05542244237516515	-0.16693080190953927	-4.190351515888009	21	3452.0	3451.9354923258948	0.8228619034224675	0.8225968148307707	0.9428571428571428	0.9058646003502909	False
17	2042-10-01	FGA	north	0.24112747352185232	0.059520510401650475	4.00892446414618	0.060147671945025696	-0.17163019869359697	-47.229806253264165	17	605.0	604.8589436071077	0.19081071929553453	0.18354552784965478	0.34375	0.32448038175814675	False
18	2042-10-01	FGA	north	0.20100822065275561	0.04225884535842278	3.3447009178117275	0.060097517115002726	0.01510590062744091	-22.343567539463724	24	3512.0	3511.85447654	0.8425531851025022	0.8438606279682919	1.0	0.9739030145199937	False
19	2044-04-01	FGA	north	0.016285867233193665	0.0005878886634173752	0.15957355439265922	0.10205868569624878	0.9757307827446025	0.7153676105640274	11	243.0	242.97087901728102	0.1490104303181852	0.24171671935066605	0.34545454545454546	0.44209123078319773	True
20	2044-04-01	FGA	north	0.0030959177323403356	1.4411485785246544e-05	0.04368901112797864	0.0708626185946721	0.9972477630929488	0.9917857788644127	15	4048.0	4047.9853314890506	0.8826680362964561	0.8227280417486506	0.9834254143646409	1.0	True
19	2044-10-01	FGA	north	0.013710759152847368	0.0003898129417417035	0.27892844677069495	0.04915511240099108	0.7930833025126366	0.4640314276837998	14	280.0	279.9403934750609	0.12452891927984275	0.1286399753888012	0.34545454545454546	0.39576844844077125	True
20	2044-10-01	FGA	north	0.04562059621047444	0.0031079648654757726	0.6005747174757827	0.07596156628473796	0.558759049684891	-0.021593886383920236	21	4410.0	4409.948680678602	0.9083032823936102	0.9072624365302252	1.0	0.9892121193997611	True
20	2045-04-01	FGA	north	0.013951830033937568	0.00019565916144599944	0.19393803958892938	0.07193962599348655	0.9982760467418434	-46.594292203544846	3	88.0	87.62565330237803	0.9753086419753086	0.9130908532980104	1.0	0.9325372355750263	True
21	2047-04-01	FGA	north	0.0023108371606066973	7.266325967332643e-06	0.11053352417844181	0.02090621083316004	0.9747274344483058	0.9014010286307473	8	110.0	110.3846363860317	0.44061501793699936	0.3950147571052868	0.75	0.6971267411758579	True
22	2047-04-01	FGA	north	0.002326969905904616	8.795520855496916e-06	0.05120457342640941	0.04544457165039972	0.990099175217841	0.9095348519404461	8	291.0	290.80894650656097	0.7312051575015972	0.7110341257719139	0.8666666666666667	0.8240605247436935	True
21	2047-10-01	FGA	north	0.18079095524487224	0.03269677135605051	7.659814506161035	0.023602523938335094	0.9412253534623157	-382.3555234507279	11	140.0	139.48942802155022	0.4182144309079293	0.4087553473165368	0.75	0.6297427842039869	False
22	2047-10-01	FGA	north	0.26384916986532597	0.0780150581363376	6.419374214910321	0.041102007926642106	0.8032976133110599	-133.6682070042571	22	836.0	835.9065775645275	0.8651966250737857	0.8209417820474091	1.0	0.9809522320622807	False
22	2048-04-01	FGA	north	0.07156371316737903	0.007593043139866784	0.35415943022474233	0.20206637762537102	0.19026854008940527	-2.5241010910969206	27	834.0	834.0352188208719	0.6363645180777331	0.6391130722747851	1.0	0.9530204519074235	False
23	2048-04-01	FGA	north	0.08087189191231878	0.010529435173762883	2.0673247628017024	0.0391191037651572	0.8962842678218006	-33.674384506591345	7	113.0	113.00223577208823	0.07875752317142307	0.08064340932817197	0.10526315789473684	0.08321703463095935	False
24	2048-04-01	FGA	north	0.04773191403995673	0.002889913381560777	0.8221547289967885	0.05805709358164281	-0.8619273329054982	-6.367814318176378	13	1349.0	1348.9352416874774	0.6336271936682577	0.6088008213583507	0.8425925925925926	0.9187548417805073	False
22	2048-10-01	FGA	north	0.1803688733021095	0.03281074785619293	3.6328938418396155	0.04964881473408944	0.9822186789673493	-45.247218558648555	18	455.0	454.9183792789232	0.33419603376959617	0.35764689208987743	0.7333333333333333	0.6483702778595353	False
23	2048-10-01	FGA	north	0.22047191679163353	0.048840761026425136	5.973377671077509	0.03690908710814256	0.9951037103570333	-91.29368790449257	10	149.0	148.91207000039387	0.07632646854226946	0.0795594559417031	0.10526315789473684	0.08178721122197229	False
24	2048-10-01	FGA	north	0.2014100599311563	0.0423263681133564	3.71129297354102	0.05426951236861984	0.9624968360994351	-27.15092915971606	23	2096.0	2095.9402589077836	0.7367629285793271	0.7135640001916955	0.9534883720930233	0.9448134671069126	False
22	2049-04-01	FGA	north	0.2762003250989406	0.07628661958476048	5.229372654588762	0.05281710509894059			1	10.0	10.006303566154237	0.08403361344537816	0.06345169029820433	0.08403361344537816	0.06345169029820433	False
23	2049-04-01	FGA	north	0.2820983449867134	0.07957947624424276	7.983998656574498	0.03533296498671338			1	11.0	10.800228737512853	0.07432432432432433	0.06985943431470017	0.07432432432432433	0.06985943431470017	False
24	2049-04-01	FGA	north	0.16723750023735548	0.04197833464685421	3.313834754526202	0.050466457329815285	-0.4962010873136473	-43.32570658460043	23	1078.0	1077.950279602354	0.8985737700767801	0.8951167996562033	1.0	0.9297552873761908	False
25	2049-04-01	FGA	north	0.20805065338592627	0.043429374202089185	9.193653253752233	0.022629812941989513	-1.0	-774.9835186290865	2	23.0	22.81467848888665	0.16912242686890575	0.10490609062592804	0.16923076923076924	0.10925170284384299	False
24	2049-10-01	FGA	north	0.0038253230746020327	1.965184420546964e-05	0.10865497277629745	0.03520614820343049	0.9952058103028478	0.9654886307000122	23	919.0	919.0342158779855	0.8869641966503365	0.8625024160504956	1.0	0.9301741027937306	True
25	2049-10-01	FGA	north	0.005737730561349329	3.567173385871172e-05	0.21055026749828684	0.027251119789700646	1.0	0.2285215479866507	2	23.0	22.679345692122673	0.16912242686890575	0.09367850144679957	0.16923076923076924	0.10309076559852931	True
24	2050-04-01	FGA	north	0.21654790614013264	0.04702710161930873	5.510155488733863	0.03929978139144882	-0.99133459357165	-1749.3194135588594	6	164.0	164.03791005565174	0.8278140718930193	0.7982510746459281	0.9122807017543859	0.8482346600200054	False
26	2050-04-01	FGA	north	0.028484309897499338	0.0008835968966492069	0.7241179044069864	0.03933656345761324		-11.231240764457834	10	397.0	397.00320932933255	0.9644310122159396	0.9370040753320534	1.0	0.9981356425638025	False
26	2050-10-01	FGA	north	0.0013529481276561318	2.558027055020179e-06	0.03297061349361739	0.0410349697592992	0.9983119969730345	0.9963742356458838	24	950.0	949.9513450298442	0.9793066399102156	0.968908994663325	1.0	1.0	True
26	2051-04-01	FGA	north	0.056064640564287505	0.005234795530750068	1.5001142285389053	0.037373580956494123	0.7760799989686192	-9.988044550982783	26	744.0	744.4372013100892	0.7715188661477796	0.7711526694196766	1.0	0.998232033463683	False
27	2051-04-01	FGA	north	0.04145592448588063	0.0018878833272319498	0.8781637128605418	0.04720751253868321	-0.77674347532039	-19.382252792508883	9	312.0	312.2403337531827	0.5109759862582615	0.5104486873765798	0.7	0.7327039342789432	False
26	2051-10-01	FGA	north	0.1947068361802618	0.03822029964405534	5.285800827632228	0.036835825361108174	0.7236054770010707	-90.23291935033565	20	429.0	428.96076902164384	0.491298210814754	0.5062354843738464	0.9333333333333333	0.8528900281352167	False
27	2051-10-01	FGA	north	0.19393551555567526	0.03817431194945635	4.221529168861187	0.04593963651517109	0.765518631848371	-52.75791413829839	23	804.0	803.9550228186948	0.6735992513100405	0.6519195094797565	0.9230769230769231	0.9181467664103043	False
26	2052-04-01	FGA	north	0.03166182375033085	0.00104977242364305	1.0098333406043025	0.03135351396833842	-0.9939678206521334	-93.46830550730114	3	39.0	38.783262828594744	0.2085483316133471	0.21410507939350054	0.23529411764705882	0.2287968859116889	False
27	2052-04-01	FGA	north	0.18291946937718825	0.0383022255968014	5.326859125516663	0.034339085203317916	0.061597894222145136	-78.53853737908386	25	743.0	743.1131495381273	0.9302288904765684	0.9307128098647258	1.0	1.0	False
27	2052-10-01	FGA	north	0.01702034645074664	0.0008717571228563392	0.5462590397672202	0.031158013344730357	0.14684979748780702	-1.2212601171286899	24	697.0	697.0788912473123	1.0	0.9925524515563362	1.0	1.0	True
27	2053-04-01	FGA	north	0.20033346492026963	0.04038957046226448	6.428784497813738	0.031161950597099315	-0.9842268748228966	-742.5573410472766	7	165.0	164.84565444240363	1.0	0.996543070214903	1.0	1.0	False
28	2053-04-01	FGA	north	0.19741516488254426	0.04275740520475141	2.9713787109116305	0.0664389107176367	-0.990305638342096	-18.033283908183037	25	4667.0	4666.970488872443	0.9846368163762645	0.9490823043715193	1.0	1.0	False
28	2053-10-01	FGA	north	0.08210367306638729	0.009633534319652325	1.255073128889888	0.06541744156295337	-0.5184531021184066	-3.515508866290064	25	4672.0	4671.885838117126	0.9846368163762643	0.9862925664188628	1.0	0.9982466903199197	False
0	2025-10-01	FGA	south	0.1990772207553723	0.048683961298481716	2.982805473360281	0.06674160367927102	0.8050361651151186	-51.713195914641794	28	1872.0	1871.5940631409858	0.6763388363470251	0.6781625073011421	1.0	0.9792551302899137	False
1	2025-10-01	FGA	south	0.06309137600522491	0.004996115060424182	1.2164392655404082	0.05186561942917578	-0.4065607637848283	-4.63184956154733	18	1520.0	1519.9826497149525	0.4500617413789928	0.4488278070357695	0.75	0.7619133980380685	False
0	2026-04-01	FGA	south	0.03844939752163585	0.0019683581643001693	0.6175368058267632	0.062262519673073564	-0.29065754830728063	-0.819199393432601	24	1827.0	1827.0206964308413	0.5956027141436885	0.602442289025905	0.8823529411764706	0.8821233355273895	False
1	2026-04-01	FGA	south	0.2242018768869009	0.05153418114205821	4.202629193418593	0.053348003492196226	0.27563834932561593	-37.29659187718507	22	1647.0	1646.9615301509948	0.5127777095484563	0.5106920877742845	0.8148148148148148	0.8410332137893682	False
2	2028-10-01	FGA	south	0.11546861042394749	0.014236693242284588	1.7158985573291168	0.06729337811419356	-0.7328441011778453	-18.6641104483408	18	952.0	952.0119043244782	0.6319676242455563	0.6303870632535156	0.967741935483871	0.906844711246238	False
3	2028-10-01	FGA	south	0.14178516138697245	0.02086416757742735	1.5386030482738087	0.0921518786447513	-0.6273636972669381	-35.928052204174385	12	957.0	956.9682948081017	0.48255733389606176	0.4764240992840709	0.7213114754098361	0.7670848709635442	False
2	2029-04-01	FGA	south	0.0076615479370852465	0.00019075531263266406	0.11536463701266847	0.06641158101372012	0.9087132534367137	0.8197066705340224	22	1065.0	1065.0279730474747	0.5575517158099281	0.5615271629719739	0.967741935483871	0.921354681255556	True
3	2029-04-01	FGA	south	0.012315339957850495	0.00034340939886213904	0.13302272360337433	0.09258072323470376	0.8873555799127631	0.7840467823927963	23	1520.0	1519.9881276282986	0.6448426877692335	0.6332362595823467	0.9375	0.8834783854778196	True
2	2029-10-01	FGA	south	0.2936299453886142	0.08623312063160211	5.479250899490471	0.05358943234665884	-1.0	-9522.54970824278	2	33.0	33.0132262976267	0.17170918943328065	0.18015043846025913	0.20388349514563106	0.19348472349695414	False
3	2029-10-01	FGA	south	0.10524056787729791	0.011534782815166407	1.3383468260489848	0.07863474984880041	0.23858612015144132	-23.1111770933438	9	355.0	355.1272756375629	0.8446479069174315	0.8353462337653094	0.9375	0.9134598845106741	False
5	2029-10-01	FGA	south	0.09931734998209887	0.014748706351903937	2.3713950734253735	0.04188140183602534	0.8541089115101045	-27.89702827802074	20	2178.0	2177.9756102221004	0.9850510004929445	0.9754257055955969	1.0	0.9988912431633711	False
5	2030-04-01	FGA	south	0.20264558970926794	0.04218655224663354	3.9799511370989022	0.05091660242265737	0.29081955882051025	-34.064384579589856	26	2471.0	2470.9325754571187	0.9871745096630078	0.9808453294135128	1.0	0.9977286372946264	False
5	2030-10-01	FGA	south	0.23761998122461103	0.05654121098096768	4.735965877854891	0.05017349941977172	-0.9666624418327976	-2465.778751866179	4	138.0	137.9424026888076	0.9913793103448276	0.9957601778264169	1.0	0.9970908893501347	False
6	2031-10-01	FGA	south	0.0019587839353855225	6.330233532413933e-06	0.037745024645754764	0.051895155819055204	0.9965862955080986	0.9923777003997601	27	2610.0	2609.9515673947208	0.8187221568180321	0.818632035970224	1.0	0.9892389398747948	True
7	2031-10-01	FGA	south	0.0019263491365648121	5.370474630948136e-06	0.03055933635714541	0.06303635373660173	0.9991443512197985	0.9940487374330482	14	844.0	843.8781072138262	0.30103753743738976	0.3005556791170809	0.5517241379310345	0.5489385411798272	True
6	2032-04-01	FGA	south	0.09746376628657914	0.011094942833969099	1.6898457837236163	0.05767613070100123	-0.37064831261698034	-8.388878863976739	25	2601.0	2600.9850788255494	0.76227290493967	0.7645300458269305	1.0	0.9907840910948496	False
7	2032-04-01	FGA	south	0.22685181315235597	0.053075447915299126	2.501081215937708	0.09070149809881503	0.8170850782999446	-26.759927927483968	19	958.0	957.8446555267248	0.392821672707021	0.39452541928246676	0.78125	0.7309250960948267	False
7	2032-10-01	FGA	south	0.2231639051107736	0.04981371065033123	4.645212064852288	0.048041704446462115	-1.0	-38469.67054907594	2	24.0	23.99727615358031	0.6491228070175439	0.6858190790689676	0.6666666666666666	0.6974581430454544	False
8	2032-10-01	FGA	south	0.009014198746299178	8.125577903778168e-05	1.0	0.009014198746299178			1	14.0	13.87828174773407	0.9333333333333333	0.9664327168055342	0.9333333333333333	0.9664327168055342	False
8	2033-10-01	FGA	south	0.01924045811642816	0.0004310528264087499	0.662997624243217	0.029020402808215655		-6.082974705438542	9	199.0	199.20115685411582	0.9306597303602585	0.9334547070747404	1.0	0.9392914514626296	False
8	2034-04-01	FGA	south	0.17807636211559824	0.03306665401442159	6.091281010538964	0.029234632552248944	-0.8940488982405846	-116.91107430168165	15	335.0	334.58748365413857	0.8979286628402575	0.88658748559641	1.0	0.9690789484400136	False
8	2034-10-01	FGA	south	0.09092027833081755	0.022614333421481978	2.601344359408742	0.034951265872190315	-0.9030722161147028	-60.05895126891474	14	339.0	338.8687575558585	0.5112193747412205	0.5013342894756619	0.9655172413793104	0.8738152722299056	False
9	2034-10-01	FGA	south	0.15650979343705237	0.024850896226524203	4.096305661993341	0.038207547568823684	-0.8027839118660405	-103.82167587802033	11	456.0	455.945926407793	0.6149782953069364	0.5966612292691594	0.7051282051282052	0.6681731521293494	False
8	2035-04-01	FGA	south	0.0045590705136907455	3.2369242262553966e-05	0.1456722321142211	0.03129677116580457	0.9759002806432739	0.9385115651249338	17	407.0	407.01289720988353	0.37802646072325247	0.3658786489744651	0.5277777777777778	0.4128935424752871	True
9	2035-04-01	FGA	south	0.004279857148560111	2.8088068578422576e-05	0.08283826093971906	0.0516652220846903	0.9827936201932458	0.9640936311215309	20	723.0	722.8168449514483	0.6280118015430581	0.6211978263883362	0.8	0.7023978757206988	True
8	2035-10-01	FGA	south	0.2096535905268085	0.04407288175534825	4.931387786794563	0.04251411561837136	0.04178078839976533	-371.06968887256954	5	87.0	86.85684027355047	0.3685958076669979	0.36490292805683366	0.41025641025641024	0.3940113872633232	False
9	2035-10-01	FGA	south	0.23674818664787603	0.05614928388929743	5.2403712326748195	0.045177750990559824	-0.868414692960628	-746.1218706230733	7	173.0	173.06336727472228	0.6503996762731958	0.642692185686972	0.8	0.6877375449201145	False
10	2036-10-01	FGA	south	0.014919982394726883	0.00026308067588247033	0.2694119931085795	0.05537980036662203	0.997344952810298	-0.20496334853289544	10	214.0	213.83591326157796	0.2282470795620309	0.21387743681309007	0.4230769230769231	0.26538777846474215	True
11	2036-10-01	FGA	south	0.011549134202484275	0.00020584250660953107	0.23852991297700848	0.04841797013357179	0.968622303453138	-0.02284121794786187	10	318.0	317.4273529387146	0.3206301397205659	0.3009391511171837	0.4411764705882353	0.31512865195968853	True
12	2036-10-01	FGA	south	0.005990436602975319	7.697599099492925e-05	0.14192289179147755	0.0422090934546124	0.8866352334457029	0.47266263971246547	11	335.0	334.533152156975	0.3214365183806385	0.3023071422649931	0.4074074074074074	0.3178705494157353	True
13	2036-10-01	FGA	south	0.014410518923414703	0.00021093154719311905	0.3541374041947941	0.040691886123071494	0.9820102711986639	-9.448857618744555	7	147.0	146.88796495160403	0.159379511115173	0.15350481347087316	0.21323529411764705	0.2156576449578244	True
10	2037-04-01	FGA	south	0.09986349789279825	0.02341384354391147	2.1406119047389605	0.04665184645180988	-0.8246809158416054	-40.39310059324157	17	356.0	355.9673161747955	0.22890045229272035	0.2058497014833917	0.4230769230769231	0.22666532567543146	False
11	2037-04-01	FGA	south	0.07844068109529244	0.006416019619669177	2.058047882359873	0.03811411861095669	0.982858834531349	-9.3903613077672	17	505.0	504.7733924893193	0.29682391667896113	0.2741821144895516	0.4411764705882353	0.28695844297955414	False
12	2037-04-01	FGA	south	0.057322341586745686	0.0035716541058087694	1.2380319477088113	0.04630118123593695	0.9897378204011592	-4.142502647757741	20	572.0	571.6736781481583	0.3254089669626733	0.3111280289765518	0.45161290322580644	0.3513564129734786	False
13	2037-04-01	FGA	south	0.05850843861489333	0.0036715176740921003	1.2271705484290172	0.0476775120538819	0.9937636170444314	-5.2573101536741085	15	298.0	297.95091370320284	0.1964934657560031	0.19068088611465434	0.38235294117647056	0.2548077695331992	False
10	2037-10-01	FGA	south	0.19234405544380453	0.037007559376498425	6.349254247631087	0.030293960194706062	-0.3769602528081097	-3524.4013051528345	3	51.0	51.25619111033434	0.19582133890663408	0.1882681321390732	0.21518987341772153	0.19375293875855404	False
11	2037-10-01	FGA	south	0.17890334337545574	0.03201395074314698	7.023356855114395	0.02547262613392322	0.07824126106699955	-4223.152031576432	4	81.0	80.88621758107928	0.2494636164463254	0.2462040991000668	0.2897196261682243	0.2508155179275151	False
12	2037-10-01	FGA	south	0.02075951378522754	0.0005009091319934203	0.5315292852697525	0.03905619946169482	-0.6909014126862726	-7.956336845794375	6	128.0	127.55911054655714	0.3493769276063117	0.32041306246881834	0.45161290322580644	0.3251979824080251	False
13	2037-10-01	FGA	south	0.14740150584641204	0.0217632505114321	4.862595153188014	0.030313341169225794	0.7765785625421471	-544.6861349064396	5	81.0	80.9620904976558	0.2546636180476192	0.23142417479115082	0.38235294117647056	0.24132458250320954	False
14	2037-10-01	FGA	south	0.168671147066083	0.031148606130639897	2.7309584122347785	0.0617626201521162	0.8585857365882261	-20.124776151766206	25	4178.0	4177.993637423749	0.9490173146441522	0.9227215172297122	1.0	0.9988551607192804	False
14	2038-04-01	FGA	south	0.18877862598952394	0.046477308701878564	2.93392540851362	0.06434336245963479	-0.9293419831551016	-26.334483800529362	27	4239.0	4238.84571678018	0.9538046729355251	0.9340864768732714	1.0	0.9865154064169517	False
14	2038-10-01	FGA	south	0.0039118385960955	1.5302481201902415e-05	0.06056385167303182	0.0645903205960955			1	11.0	10.487648509792377	1.0	0.8693475929153748	1.0	0.8693475929153748	True
15	2038-10-01	FGA	south	0.0012316615995226312	2.2118986410890393e-06	0.03061835213531711	0.040226253655955446	0.996956210493682	0.9935311237493257	18	1543.0	1542.9098122958164	1.0	0.9870201983550851	1.0	0.9993438728729782	True
15	2039-04-01	FGA	south	0.0013506937524334244	2.5629834380794302e-06	0.026476915853492714	0.05101401386427895	0.9987614324956791	0.997449537661716	27	1911.0	1910.9946879893025	1.0	0.9973782882938876	1.0	1.0	True
15	2039-10-01	FGA	south	0.24898495222641806	0.062027633618241505	4.883900606906107	0.05098075744505109	-0.8855418279027404	-2173.977631787643	6	165.0	165.06645680982615	1.0	0.9866562388449593	1.0	0.9934073519277613	False
16	2039-10-01	FGA	south	0.17208448256656386	0.029806739031312236	5.501766764983403	0.03127804029458581	-0.9986544721628013	-280.0369626918344	4	54.0	53.87471592757706	0.7762113617376776	0.8390652174815262	0.8333333333333334	0.8637317992572388	False
16	2040-04-01	FGA	south	0.09220636813019922	0.008528980555723705	2.9494144404136935	0.031262601439377945	0.9881686573523837	-36.25737302828449	14	204.0	203.97829616783523	0.8418501350362254	0.8454973832474681	0.9545454545454546	0.9547481046026314	False
16	2040-10-01	FGA	south	0.07903606775177732	0.007477652699488781	1.949812889041961	0.04053520632464976	-0.9636118520034873	-13.140096965844437	21	965.0	964.9285259975665	0.9512191971396382	0.9544568237903235	1.0	0.993904478727907	False
16	2041-04-01	FGA	south	0.17100494772699487	0.029548692625168422	4.207935286065356	0.04063868289355125	0.9959484383275656	-34.267871959117294	26	1506.0	1505.9306857016056	0.9829675617164033	0.9849888578944109	1.0	0.9904623000377408	False
16	2041-10-01	FGA	south	0.047337093633282555	0.0028702587632503593	0.7598643456902018	0.06229676902432527	0.724490737673435	-2.2463258520656546	22	675.0	674.9602066500559	0.6675530890639352	0.6831265151388689	1.0	0.9846933960778067	False
17	2041-10-01	FGA	south	0.18459578687522954	0.03450138651287365	3.014859356281836	0.0612286561529317	-0.9742906174817649	-177.2077451160665	10	835.0	834.9941576866969	0.5099748781454522	0.4757170912241063	0.5932721712538226	0.6169853602586479	False
18	2041-10-01	FGA	south	0.0441198762445812	0.0024694627448041745	0.6302913794434544	0.06999917448266377	-0.9762994713434557	-8.682970134299863	8	509.0	508.94394765710143	0.30771301656216643	0.29096764634431393	0.4458204334365325	0.39111140934522753	False
16	2042-04-01	FGA	south	0.02145726777481219	0.0006765549215239935	0.4408202290209705	0.048675778383553796	0.851980887344414	-0.19752027947616058	17	329.0	329.09830344484817	0.3012807350075416	0.3333006536653532	0.8571428571428571	0.6957993338452111	True
17	2042-04-01	FGA	south	0.013199885898814727	0.00028051734384400187	0.23487196888116177	0.05620034592332931	0.9591155225945348	0.8424261966772106	21	1708.0	1707.930270798863	0.4694941513397017	0.43928042459565253	0.5932721712538226	0.493836591355606	True
18	2042-04-01	FGA	south	0.013336126006138125	0.0002735306387232648	0.19948762512555152	0.0668518961902763	0.9693276781642257	0.8445428058466881	21	1451.0	1450.8322580032323	0.4833352851481267	0.45013942391120143	0.9166666666666666	0.6657973048472866	True
16	2042-10-01	FGA	south	0.2715413662684301	0.07373471359492571	8.6958891117406	0.031226406268430144			1	10.0	10.361018742275128	0.03225806451612903	0.040218341638810225	0.03225806451612903	0.040218341638810225	False
17	2042-10-01	FGA	south	0.09488153151824757	0.009267859927444978	1.6289206116209367	0.05824810051597978	-0.8410745160987745	-46.72733186619321	9	534.0	533.9219683054399	0.41721370449993733	0.4077491906515504	0.5135135135135135	0.494100664531483	False
18	2042-10-01	FGA	south	0.31224199789561163	0.09781061850509251	6.128425586420442	0.05094979020182398	-0.8868755280286265	-532.8586023835336	11	644.0	643.7680299272049	0.6189633351885457	0.5865590670386447	0.9166666666666666	0.6823813124110059	False
19	2043-10-01	FGA	south	0.13815791303522312	0.02086861694927782	2.515065826277862	0.05493212606673126	-0.8642122019399902	-19.442298613610916	32	4037.0	4036.722082049281	0.9880756727960993	0.9830153916467435	1.0	1.0	False
19	2044-04-01	FGA	south	0.08479821867541187	0.009234675139204255	1.3972350311083088	0.060690017633002365	-0.43663633033573207	-5.103245208061177	26	3972.0	3971.814532552121	0.994199644624785	0.9950284161855633	1.0	1.0	False
21	2046-10-01	FGA	south	0.049587623151641	0.003481173882142184	0.9764819819786646	0.050781913099062645	-0.9603944734359653	-1.7721225872641662	22	3593.0	3592.987367801584	0.997958057441448	0.9978427558645286	1.0	0.9998498097662257	False
21	2047-04-01	FGA	south	0.09894408448414707	0.012473710163507602	1.6046134271011017	0.06166225634974255	-0.7630867372452639	-6.354639252293918	26	3697.0	3696.9504433681186	0.9967929125096278	0.9894548613722384	1.0	1.0	False
24	2048-10-01	FGA	south	0.028121897979395082	0.0010768009296084097	0.6133148616868778	0.04585230154385605	0.9643200511132195	-0.8899704663651782	20	2826.0	2825.956059023917	0.9608837411586567	0.9572608515029761	1.0	0.985560252491392	True
24	2049-04-01	FGA	south	0.22564914852024714	0.05124639567209087	4.707767175576895	0.0479312464071879	0.951671580217377	-41.57363413461054	28	3292.0	3291.9528339931235	0.9652428567712928	0.9396132890494131	1.0	0.9800514420864112	False
24	2049-10-01	FGA	south	0.32568245533214285	0.10608452413138793	6.911135048199173	0.04712430781062592	0.15155224252470043	-6712.074773983573	6	267.0	266.752305320777	0.9762806721761946	0.9652804771563055	1.0	0.9673704835103321	False
26	2050-10-01	FGA	south	0.07923679124346038	0.008486136483463807	1.8359771074512603	0.04315783182801144	-0.9582576352797644	-36.46280988028211	15	1032.0	1031.960234813612	0.9879838437761043	0.978921962819549	1.0	0.987150527218216	False
26	2051-04-01	FGA	south	0.001227281962496521	2.7020135046504955e-06	0.02829336997492513	0.04337701601414728	0.9986288559731544	0.9971339150362578	25	1590.0	1589.7687974747992	0.9634939166615077	0.9698118582185331	1.0	0.9814814868183597	True
26	2051-10-01	FGA	south	0.2997690512315604	0.08990478820263957	7.051604153953279	0.04251075991886236	0.45955148041579313	-1852.557899737484	8	359.0	358.8853852337993	0.9159846676544809	0.9149194904343214	1.0	0.9679513461221186	False
27	2051-10-01	FGA	south	0.07058931347605282	0.005353983651923806	1.508995170422154	0.046779018819725494	-0.8565182840657738	-23.884631003888295	16	660.0	659.8499396206578	0.9626828534201833	0.9499850996767689	1.0	1.0	False
27	2052-04-01	FGA	south	0.18288284855255518	0.03407056480733029	4.37329952141124	0.04181804782800239	0.7619946223588885	-41.011386570525566	27	1012.0	1011.9245477534364	0.9675696232514818	0.9508313930913123	1.0	1.0	False
27	2052-10-01	FGA	south	0.15563042598768195	0.025138934631895392	2.021040459420485	0.07700510163577208	0.37891145278253124	-23.93121247631268	17	371.0	370.63977415482015	0.5358786772709466	0.5233312245627665	1.0	0.998471468204988	False
28	2052-10-01	FGA	south	0.04365881121263181	0.0023787025414503775	0.6638515598430204	0.06576592397094874		-3.4426754888833715	14	2061.0	2060.9990487379737	0.8222732439498549	0.8370404020184548	0.9693251533742331	0.9952922282989927	False
27	2053-04-01	FGA	south	0.0051885962172950875	3.184190907860763e-05	0.13829629566265939	0.03751796960600754	0.9965352717762187	0.9354214744763151	9	150.0	149.71540235777414	0.1286173956916824	0.12848799056584717	0.38235294117647056	0.24884949966598968	True
28	2053-04-01	FGA	south	0.004293218587606391	2.823862308548526e-05	0.0681329152465289	0.0630124011584124	0.9990202731356017	0.9865515282231372	24	3078.0	3077.9726670134196	0.8874830518842707	0.8957656321669578	1.0	0.9973336517860744	True
28	2053-10-01	FGA	south	0.2590900073517467	0.06748960580296337	4.701936726012834	0.05510282729207435	-0.9880102013562646	-990.4612215107577	8	547.0	546.9897256417674	0.9779410898320839	0.9765415836532714	1.0	0.9906217175858747	False
29	2053-10-01	FGA	south	0.13215083490320328	0.017479583877987835	4.048460784609075	0.03264224156637446	-1.0	-2003.5128923181442	2	23.0	23.000149868174958	0.7916666666666666	0.9042672550297126	0.9166666666666666	0.9339522369972625	False
29	2054-04-01	FGA	south	0.01597242503889528	0.0004032524371520845	0.5918816489744531	0.02698584263690305	0.9965042976519479	-1.439883511454482	9	115.0	114.8241285844548	0.8689083820662769	0.8828396980121299	1.0	0.9453375225442786	True
29	2054-10-01	FGA	south	0.06691802634302638	0.005359061849896746	1.5179215795911225	0.04408529876823535	-0.7382539903106079	-11.70783490938104	25	1775.0	1774.974876574179	0.9702999926600051	0.9380126492876067	1.0	1.0	False
0	2025-10-01	FGA	tropics	0.18592072237027468	0.035169122130097825	9.788954970978894	0.01899290812159928	-0.7841230057424323	-314.74165548350675	37	1670.0	1670.0123531079103	0.8967592696778555	0.8963773522293084	1.0	0.9994428498194726	False
1	2025-10-01	FGA	tropics	0.2642798242983388	0.07017738032210663	10.631793687761848	0.024857501194981677	-0.9598081725582341	-2295.0643383987244	11	196.0	195.7493175465717	0.2617195478893349	0.2566149380520165	0.49019607843137253	0.40562703447482346	False
0	2026-04-01	FGA	tropics	0.06149561257188074	0.004165541876862678	3.0468718832088793	0.020183196054543422	-0.7486378158662857	-36.6615338930398	32	1499.0	1498.9983404522818	0.7470517308368569	0.740796849215813	1.0	0.9815907684186452	False
1	2026-04-01	FGA	tropics	0.2108130344393915	0.04601606840493172	4.923556145006486	0.04281722970767784	0.2512466736937078	-407.06114859789375	34	596.0	595.7833345361644	0.5681869079993365	0.5642650551475914	0.9523809523809523	0.8253215710240227	False
0	2026-10-01	FGA	tropics	0.05809479775848279	0.003440200931200285	2.8993240691418785	0.020037359182023855	-0.7780027501993743	-3693.7758665236647	6	92.0	91.73911706669821	0.4413001301319659	0.3991870177340966	0.5945945945945946	0.4760754548770671	False
1	2026-10-01	FGA	tropics	0.21321731651130982	0.045703677791803746	25.273698097996444	0.00843633233587658	-0.7900784760389128	-4558.020301708782	21	349.0	348.92000520975364	0.737008366392922	0.7333544635244031	0.9523809523809523	0.8434975765257813	False
2	2026-10-01	FGA	tropics	0.008362358292421998	6.992903621083896e-05	1.0	0.008362358292421998			1	12.0	11.972299121916834	0.8571428571428571	0.7447862468779068	0.8571428571428571	0.7447862468779068	False
2	2027-04-01	FGA	tropics	0.15334946697128446	0.023677119237504988	13.128094192781973	0.011681015135890658	-0.7280262590656622	-2691.862926494686	22	338.0	337.97570779857006	0.9256170232262675	0.9163389976391568	1.0	0.9715125301701325	False
2	2027-10-01	FGA	tropics	0.1573611167927014	0.024940743954382266	13.436754428539482	0.01171124452929411	-0.6403891569660953	-1469.2793163885297	47	963.0	963.0605026442856	0.9496126976276035	0.9467495345348732	1.0	0.9899519638448785	False
2	2028-04-01	FGA	tropics	0.17025623990653962	0.030175722261373748	32.26094975698841	0.005277471407042457	-0.4257185354423154	-5765.258951303902	49	1008.0	1007.8328016617016	0.9743197465758117	0.9745052274449704	1.0	0.9991319334383503	False
2	2028-10-01	FGA	tropics	0.19639042105534707	0.03952259984706027	25.466611297100428	0.007711682514968439	-0.047539809879265996	-6239.77728038926	49	785.0	785.041974375249	0.944166584864838	0.9398728010015156	1.0	0.9932844482858886	False
2	2029-04-01	FGA	tropics	0.18363901786886197	0.034103966100945654	8.83892604815099	0.02077616860560535	0.3581728874181769	-1313.9385368125759	36	517.0	516.778573369974	0.7306823731526887	0.7136627795413598	1.0	0.9909161979323166	False
3	2029-04-01	FGA	tropics	0.2038458940824131	0.04164143812645919	7.718999093763427	0.026408332428372816	0.2698794962416489	-593.4182445400265	22	825.0	824.850882334067	0.5033719592974845	0.485670353099924	0.6666666666666666	0.5447141746909255	False
4	2029-04-01	FGA	tropics	0.17612743601909986	0.031093146861953084	7.539805960039352	0.023359677550399534	0.6407917574142494	-259.35075901239725	16	264.0	263.9998342408342	0.20605233667789633	0.19098007599856892	0.3055555555555556	0.22319190912935497	False
5	2029-04-01	FGA	tropics	0.04365988015068787	0.0020275692312691483	1.0509989357867044	0.04154131718316835	-0.4940416749055282	-40.07686274206768	10	316.0	315.9144893603007	0.26952139663416264	0.27214029709890325	0.45112781954887216	0.4372466612386469	False
2	2029-10-01	FGA	tropics	0.2337097640270805	0.054655917158932234	15.877991119986401	0.014719101570279796	-0.0971152820298456	-1933.8259506106654	10	132.0	131.44256671005365	0.3517366491228193	0.327238431168707	0.6	0.5403319246478937	False
3	2029-10-01	FGA	tropics	0.11369288435123354	0.016096066385578447	2.509006148099045	0.04531391221873778	-0.7935680097153729	-55.96714988665429	32	1149.0	1148.8054313558957	0.40913096647550357	0.40556790179056945	0.6666666666666666	0.5535746142565724	False
4	2029-10-01	FGA	tropics	0.2559078716194248	0.06556834305311977	9.89433983644224	0.0258640673202754	0.8401490969214334	-471.7999192632559	22	357.0	356.938729821883	0.17531541152130053	0.16228854793357114	0.3055555555555556	0.22293617452385442	False
5	2029-10-01	FGA	tropics	0.08804264337628437	0.00781145554094842	1.9554806984485367	0.04502352973677353	0.9317768342309704	-16.216374438970863	36	2336.0	2335.904219454993	0.6988633559414308	0.7003807669800124	1.0	0.9937830943293117	False
3	2030-04-01	FGA	tropics	0.008328510923089949	0.0002076656048203754	0.24887499442182764	0.0334646352978863	0.9778137388522284	-2.3756218768426534	9	277.0	276.9529867355323	0.1879576593091744	0.19243279749424055	0.2967741935483871	0.2917674679960048	True
4	2030-04-01	FGA	tropics	0.003079803467076406	2.337151318614769e-05	0.14771495771180093	0.02084963848471766	0.9706576346441801	-0.06550499931991438	5	81.0	80.9798914809864	0.09535366665778748	0.07831926901917588	0.12571428571428572	0.09899195761093764	True
5	2030-04-01	FGA	tropics	0.026933965844700803	0.001227766827057538	1.1021256174666987	0.024438199618851186	0.7712287076328002	-6.5545221059612535	29	1995.0	1994.9495832436205	0.8902585974545641	0.8912934053033589	1.0	1.0	True
6	2031-04-01	FGA	tropics	0.054130476091778464	0.0030918227524932254	1.7428329331019086	0.031058901323052574	-0.4297741349796276	-29.57705628979825	23	1659.0	1658.992647806747	0.9740661535618769	0.9663891269339383	1.0	1.0	False
6	2031-10-01	FGA	tropics	0.2101834171397755	0.04478698634187461	6.569921651996635	0.03199176919802379	-0.4799720989141464	-115.72983696559663	44	2723.0	2722.9651727119576	0.9796759075519273	0.9656924890545832	1.0	1.0	False
6	2032-04-01	FGA	tropics	0.193291012135533	0.03795138030918553	8.522000588200342	0.02268141267241473	0.11059461981610881	-3572.4021660461913	19	720.0	719.8316978391733	0.9819147253379351	0.9773015416815258	1.0	0.9990988686231891	False
7	2032-10-01	FGA	tropics	0.025294599525015806	0.0009969626617375518	3.40558662500888	0.007427383975279105	-0.10528298813067283	-38.25941111500223	4	46.0	46.03876258401257	0.43273499530436266	0.3494018404457729	0.8461538461538461	0.7388676863015367	True
8	2032-10-01	FGA	tropics	0.03951794498395578	0.0029941116876453272	1.7319227386293847	0.022817383306156964	0.5416674725836687	-1166.9039493500163	14	429.0	429.0004022282921	0.7784506825218552	0.749301633525112	0.8695652173913043	0.8626764005763605	True
7	2033-04-01	FGA	tropics	0.0036143369659831755	1.4937592468351627e-05	0.5651404238207073	0.006395467062058608	0.9409774281343759	0.3018725771138481	5	58.0	57.65166529151418	0.2293717139342501	0.16230596776245906	0.4230769230769231	0.2728145168213542	True
8	2033-04-01	FGA	tropics	0.0032778196517686702	2.0117219933691814e-05	0.1409147660450535	0.023261009074951593	0.9822149148601256	0.9069229365310736	40	2082.0	2082.006447739422	0.8828472048373076	0.8754657641082915	0.9864864864864865	0.9733558330370594	True
7	2033-10-01	FGA	tropics	0.2497393075176323	0.06236972171938651	19.2238953958759	0.012991087517632291			1	12.0	11.903721081302606	0.10714285714285714	0.06447598968142629	0.10714285714285714	0.06447598968142629	False
8	2033-10-01	FGA	tropics	0.11164860193167299	0.013530156654144516	5.2164818826946915	0.021403046045661407	-0.37303663236740614	-143.82680696610245	30	1542.0	1542.0189577145889	0.956201480831244	0.9539889077658991	1.0	0.9704969445922511	False
9	2035-10-01	FGA	tropics	0.12297113100828826	0.015121899061457594	45.57273035697259	0.002698348991711746			1	11.0	10.984125232652275	0.4782608695652174	0.38316081559983284	0.4782608695652174	0.38316081559983284	False
10	2035-10-01	FGA	tropics	0.13047180943377562	0.017061680942094905	8.68802362100849	0.015017432632006436	-1.0	-626.0788615206609	2	21.0	20.921834292313683	0.5022883295194508	0.46809350332285027	0.5263157894736842	0.46820571473281897	False
9	2036-04-01	FGA	tropics	0.001619849631873638	3.500477902409576e-06	0.32279551830361713	0.005018191207816055	-0.47080352632328104	-0.6284033639709159	10	133.0	132.55697872891437	0.3308046473039774	0.2727958094420583	0.4782608695652174	0.4076694298056878	True
10	2036-04-01	FGA	tropics	0.0019023344503981058	4.579344913388457e-06	0.28581805714256897	0.006655753206835361	0.49350653249494264	-1.422820241059053	19	251.0	250.57389352694403	0.37625798942390704	0.3562098497446266	0.631578947368421	0.44222309441662194	True
11	2036-04-01	FGA	tropics	0.0006382434988353603	6.039154948026562e-07	0.04573656940469452	0.013954774202409885	-1.0	-2.3814134484200227	2	26.0	26.00000699803731	0.25588697017268447	0.1983719940465754	0.3076923076923077	0.21981325089694032	True
12	2036-04-01	FGA	tropics	0.005973475848263283	3.67580904617623e-05	0.6899506191178961	0.008657830984919457	0.624057459652342	-32.159405540449	5	72.0	71.85718940342016	0.30524610103436733	0.24102859570358687	0.38461538461538464	0.24222987806023122	True
9	2036-10-01	FGA	tropics	0.054545427907516306	0.003007575422159499	5.2950637176682145	0.010301184426829988	0.9306903883014721	-134.06991259729145	14	188.0	187.25081278678394	0.26757368831088485	0.22113921796388245	0.46153846153846156	0.3251430588729304	False
10	2036-10-01	FGA	tropics	0.07440540982961796	0.014402101342498329	11.48973281696927	0.006475817237432021	-0.6143618422049386	-1458.258192504914	38	565.0	564.9138177973384	0.2995995171543157	0.2821484028880404	0.631578947368421	0.47678236462772816	False
11	2036-10-01	FGA	tropics	0.005216586593353733	4.161270817495247e-05	0.38259756506942283	0.01363465706428941		-0.3194733029249801	27	568.0	567.993044753734	0.34639822296413947	0.34366015901164176	0.48717948717948717	0.4254868069194243	False
12	2036-10-01	FGA	tropics	0.06329046733032524	0.004463756119680273	6.349676712352535	0.009967510189487478	-0.7139399045764897	-119.77161965172093	30	511.0	510.77179928188536	0.28388617608856936	0.2698994826085264	0.40625	0.2874675805394064	False
9	2037-04-01	FGA	tropics	0.060146782502607674	0.0036470999427975527	5.766516795724121	0.010430348966850593	-0.9708116594579212	-979.6851278269183	5	59.0	59.115189934234564	0.1653300851015013	0.11743120123757182	0.19718309859154928	0.13866438288675959	False
10	2037-04-01	FGA	tropics	0.17972115339801137	0.047696248402546916	23.775256276344244	0.007559167872223073	-0.3886810475907615	-28314.79473309373	21	324.0	323.69616812334607	0.25711093482156555	0.22123959374022212	0.4098360655737705	0.2803519967914345	False
11	2037-04-01	FGA	tropics	0.10520816830907223	0.026179986824595797	5.893436033979476	0.017851753663309315	-0.8628294473527119	-392.0090120162168	33	641.0	640.8004867315251	0.36896720077318906	0.3557406125491657	0.5238095238095238	0.4043050981254862	False
12	2037-04-01	FGA	tropics	0.1043965780933977	0.01128769006912815	8.140571436818368	0.01282423216891512	-0.4279153412013626	-592.8521071992061	25	424.0	423.5338101953632	0.2837058105513627	0.2742017744008382	0.40625	0.29188189172906503	False
14	2037-04-01	FGA	tropics	0.057311759805483274	0.003298060830348082	2.3408850907544174	0.02448294452036213	0.6668557929654657	-626.5422143463861	9	165.0	164.9682252732302	0.5357314795897348	0.5217454936653856	0.7551020408163265	0.7448217938297076	False
10	2037-10-01	FGA	tropics	0.0019146123152242174	3.855773631929067e-06	0.3330754440476256	0.005748284208398299	1.0	0.3820991432574703	2	22.0	21.914641683250103	0.3130081300813008	0.2030628627711129	0.3333333333333333	0.2081193647712018	True
11	2037-10-01	FGA	tropics	0.008368825412973645	7.515080298067757e-05	0.5171737143777475	0.016181846022555187	-0.1820298330830572	-27.904551086635543	6	77.0	76.8575764522976	0.4033377635855999	0.3226337273511067	0.5238095238095238	0.38561082099782584	True
12	2037-10-01	FGA	tropics	0.013487162084860145	0.00018190354110328907	0.9564785572942947	0.014100851484860146			1	11.0	10.940633916479236	0.3055555555555556	0.21764724415331999	0.3055555555555556	0.21764724415331999	True
14	2037-10-01	FGA	tropics	0.005006341274857602	4.5437273227723445e-05	0.24008078423773244	0.020852736260225768	0.9017635623856274	0.6602325072215876	35	2258.0	2257.9740100560666	0.823195571856854	0.8038364450365199	1.0	0.9926935096638344	True
14	2038-04-01	FGA	tropics	0.01116215153503576	0.00018838362368625713	0.4950161749877669	0.022549064250903732	0.9187172917724039	0.009317064309170897	39	2433.0	2432.9923516120316	0.9044952619862192	0.8774625030530231	1.0	0.989012635096654	True
15	2038-04-01	FGA	tropics	0.008400002457693177	0.00011022440600043845	0.19510049413703887	0.04305474722064519	0.05997892758562555	-0.3273712962634494	13	707.0	707.2028552433114	0.8126577503275683	0.7381447993245712	0.9910714285714286	1.0	True
14	2038-10-01	FGA	tropics	0.21512554775553527	0.046293141576250495	7.91527667492305	0.027178525349226237	0.7059911394528026	-1684.3191981396012	12	268.0	267.88596716765755	0.8177150377489665	0.7040845481943349	1.0	0.9864515624073492	False
15	2038-10-01	FGA	tropics	0.0718008843323355	0.005317559068902057	1.9698525888972171	0.036449876877605245	0.8738822527848655	-6.79022872028896	38	3604.0	3604.0973184499235	0.9354215903967128	0.9016887478325919	1.0	0.9998861331485039	False
15	2039-04-01	FGA	tropics	0.25439523957834614	0.0652764629483347	8.018711748925663	0.031725200698532366	-0.9084226549755426	-408.80304279840124	22	2291.0	2290.9802877617913	0.9993838547815822	0.9923199488359987	1.0	1.0	False
16	2040-10-01	FGA	tropics	0.030826714220268427	0.0017084160996288765	1.7141647032829648	0.017983519413991646	0.6072655115561779	-313.6473018882389	20	552.0	551.9792288058271	0.9835463698554564	0.9741918208843975	1.0	1.0	True
16	2041-04-01	FGA	tropics	0.18072413855196198	0.04020650715727717	9.785761909653557	0.01846807026580929	0.791120544843878	-462.42049064322777	46	1750.0	1749.9428678427205	0.9919346368164687	0.9905679004615939	1.0	0.9988612823296582	False
16	2041-10-01	FGA	tropics	0.24010282610801684	0.06045161749367856	15.823497053456773	0.015173815579253664	-0.1430229657370228	-1631.233166909156	38	1293.0	1293.2133185391538	0.9109317028187381	0.8855826217111983	1.0	0.9991991275438432	False
17	2041-10-01	FGA	tropics	0.13819633885597127	0.0192297012049652	3.590810579355416	0.03848611220277144	-0.9757420828046766	-466.1333571326611	12	393.0	392.93689064312815	0.3842253009083096	0.34101703340691225	0.5769230769230769	0.3852928140324623	False
18	2041-10-01	FGA	tropics	0.048861889717969086	0.002533887306875311	1.021939787444904	0.047812885179992444	-0.9863767165261625	-49.89388519466438	10	628.0	627.9546945291145	0.5377081494281211	0.498242633791049	0.6916299559471366	0.6467172443246472	False
16	2042-04-01	FGA	tropics	0.2325497434355104	0.054161338727885804	11.099108750323722	0.02095210963931926	0.3226431814337275	-591.3042726568498	12	159.0	158.8366983733905	0.7270004564441904	0.647628258730984	1.0	0.9998665846385871	False
17	2042-04-01	FGA	tropics	0.0671381340065034	0.004624739349973002	1.5342753033963394	0.04375885726497941	0.9489035044538412	-5.0966679942982145	26	1084.0	1083.9083246764762	0.3014225282492684	0.28319983006526983	0.5769230769230769	0.35167289255054573	False
18	2042-04-01	FGA	tropics	0.22357103349873575	0.05011154218020566	5.285284561985259	0.042300661558846694	0.9234856949696078	-57.289716892796136	33	2983.0	2983.0077183731973	0.7360989689050873	0.7139815288756975	1.0	0.9246194340049578	False
17	2042-10-01	FGA	tropics	0.1175257179767726	0.01418837475908062	2.821128214874959	0.0416591196944169	-0.8918666376020475	-57.315268353654844	12	553.0	553.0713895150543	0.22252051864875752	0.2094762554044152	0.28523489932885904	0.27972695595433994	False
18	2042-10-01	FGA	tropics	0.2956811112392198	0.08769691760521348	8.435739006121773	0.03505100276628349	-0.3090292368501999	-489.49268066471296	21	2004.0	2003.999409450018	0.8331097243487834	0.8281079736045843	1.0	0.8980156395637598	False
19	2043-10-01	FGA	tropics	0.0010524454330790528	1.961003606771523e-06	0.05357253838944401	0.01964524110148247	0.9850752801156504	0.9608095717544438	34	1252.0	1251.9137695658992	0.9983056481701993	0.9980759202712826	1.0	1.0	True
19	2044-04-01	FGA	tropics	0.16165255306116774	0.026277649858495417	9.658873294949005	0.016736170785644537	0.7655000248667552	-357.0808681101763	45	1593.0	1593.0190910317003	0.9098320222882605	0.9035489805584018	1.0	1.0	False
20	2044-04-01	FGA	tropics	0.17911907909320984	0.03215653177629337	5.367324229640555	0.03337213692141816	0.006603458616536773	-11610.050670780773	7	171.0	170.99961411763007	0.6635919911631512	0.6672433143685843	0.8367346938775511	0.8870062787970697	False
19	2044-10-01	FGA	tropics	0.24045630214567623	0.05791451833476117	14.062409145115366	0.017099225293782588	-0.6718689023501492	-1403.9699993873537	18	377.0	376.86069600321434	0.77778049806583	0.7466553614702371	1.0	1.0	False
20	2044-10-01	FGA	tropics	0.06558381150052713	0.0044609686512577474	2.3835287407433596	0.02751542718132833	0.6756721297428131	-14.535719624889342	33	2183.0	2182.9807762026003	0.9144889426666862	0.8803320487878645	1.0	1.0	False
20	2045-04-01	FGA	tropics	0.22913232508162534	0.05288026774876075	10.257626405470146	0.022337753006819838	-0.5541804942718985	-350.067740705804	33	2023.0	2022.987234203811	0.9877819167667066	0.9867852513892023	1.0	1.0	False
21	2046-10-01	FGA	tropics	0.0012809558397306267	2.6977444657704496e-06	0.09068671178795193	0.014125066555790664	0.9605933925883616	0.8972441980894782	32	1021.0	1021.0016404065373	0.9922022291706817	0.9894957783724009	1.0	1.0	True
21	2047-04-01	FGA	tropics	0.00160688369051305	3.6330590027082247e-06	0.10400969666149323	0.01544936426209149	0.9888837797439289	0.9505110268904966	45	1387.0	1387.0773050561909	0.8845354015448946	0.8834715855211346	1.0	0.998671569228746	True
22	2047-04-01	FGA	tropics	0.0019319737008238718	5.707015783309121e-06	0.12204312391653636	0.01583025441191691	-0.7366356995340066	-1.7965675382125252	10	126.0	125.95364351279389	0.616207183929724	0.6107454803344968	0.8333333333333334	0.8651730858740012	True
21	2047-10-01	FGA	tropics	0.28472574124706296	0.081083996487133	21.066906804276552	0.013515308340817458	-0.34177364218821266	-35772.696885188634	19	415.0	415.0251002507075	0.7453131758557576	0.720481553716057	0.9714285714285714	0.9746084284796103	False
22	2047-10-01	FGA	tropics	0.09246703933713254	0.008651692090842012	8.437369626064822	0.010959225852981749	0.4596281978082003	-272.1611958352414	36	866.0	865.9650866273169	0.8565820997588774	0.8425967085264676	1.0	1.0	False
22	2048-04-01	FGA	tropics	0.017968277891951635	0.00045833568990159097	1.4244247173406834	0.012614410346302713	0.8815828535865451	-12.74530751835482	42	1076.0	1076.0544660120802	0.9600130981865294	0.9412513528047509	1.0	1.0	False
24	2048-04-01	FGA	tropics	0.07245208513367091	0.005249304640216697	2.754189678636787	0.026306134866329094			1	11.0	11.016776959532567	0.6470588235294118	0.3887822370938071	0.6470588235294118	0.3887822370938071	False
22	2048-10-01	FGA	tropics	0.26015979567849834	0.06775419938465975	21.197285801104748	0.012273259799372025	-0.607158771182123	-7917.227689137598	16	308.0	307.7041042177313	0.95359427981719	0.9321318170053718	1.0	0.9998701420680596	False
24	2048-10-01	FGA	tropics	0.1875770720811534	0.035273872966926106	8.00282886085638	0.0234388458559491	0.17485786983992654	-1215.0782292087536	22	983.0	982.8854651206359	0.8205092034126532	0.7954759570268625	0.9880952380952381	0.9247471877735366	False
24	2049-04-01	FGA	tropics	0.0800519463773911	0.009591169645401857	3.8976184792209105	0.02053868196801873	-0.8535911252920223	-67.08063083621127	46	3036.0	3035.9437310294848	0.8875832884278453	0.8773910479683917	0.9880952380952381	0.9470579225073725	False
24	2049-10-01	FGA	tropics	0.1174844391246019	0.01590795692598079	6.169085325989554	0.019044061301868403	-0.5420069817198836	-281.529849128852	30	2012.0	2011.9153500277944	0.91045411529613	0.9123833486153431	0.9649122807017544	0.9399664302320674	False
26	2051-04-01	FGA	tropics	0.0016735888839994866	3.7658343053115856e-06	0.12958568182978744	0.012914921312045635	0.939744771312324	0.8108027468321447	29	703.0	702.6299383420003	0.8875035145351376	0.8845084007275333	1.0	0.9728255490128197	True
27	2051-04-01	FGA	tropics	0.0014481185720653942	2.3124281664484023e-06	0.06818716117949923	0.02123740814276306	0.9443829101571208	-3.687598099245024	4	57.0	57.05285883365472	0.3029628214922333	0.2902291617655758	0.4117647058823529	0.33358086760734795	True
26	2051-10-01	FGA	tropics	0.15852486878153868	0.025345568783001877	5.891865196653998	0.0269057189006234	-0.4868256766346617	-316.2890162079554	37	899.0	898.6508970523084	0.6680355121697182	0.664445684197323	1.0	0.9790611584384429	False
27	2051-10-01	FGA	tropics	0.05001848367298311	0.0076676645058111875	2.241075912016573	0.022318960015939533	-0.7166605617948458	-76.93515911736124	31	1280.0	1280.009157531691	0.7181324657597243	0.7185736079319506	0.9811320754716981	0.968003922679653	False
26	2052-04-01	FGA	tropics	0.09133364296776443	0.008611688427984196	4.028856979681839	0.022669864785067922	-0.9100791986445935	-411.11666054573675	11	193.0	193.0415713593991	0.2915874056242877	0.2810120034021356	0.4827586206896552	0.45964197090993314	False
27	2052-04-01	FGA	tropics	0.21635395399503707	0.04816905060962211	13.46323770562565	0.016069979504605567	0.005426339358710619	-509.85633487205973	38	1492.0	1492.0750907536574	0.8889122747491927	0.8866555457961478	1.0	0.9980960563430044	False
27	2052-10-01	FGA	tropics	0.2157714311865048	0.04668246491345875	14.02359011317288	0.015386319012834144	-0.471379931233704	-18550.477641553898	11	245.0	244.94966351840262	0.9968652037617555	0.9817047652606304	1.0	1.0	False
28	2053-04-01	FGA	tropics	0.008897173131431237	0.0001271706107883995	0.22022997734719701	0.04039946440808403	0.9738503147670273	0.7353422290998934	26	2787.0	2786.98728672144	0.9261411757109588	0.8918128898330675	1.0	0.9991467467679761	True
28	2053-10-01	FGA	tropics	0.21537824023873345	0.04724968670391502	6.504174836560621	0.03311384543786718	-0.4838941046803772	-95.07410016417556	37	3197.0	3196.938582453587	0.9126747694376849	0.8901219040058674	1.0	0.9968396598918673	False
29	2053-10-01	FGA	tropics	0.06571928835225649	0.00681689944520446	3.7303010923461764	0.017617690026979105	0.7489048935975352	-443.316369740654	10	157.0	156.52763491256775	0.7385727230286053	0.662790506444958	0.9375	0.9796724641066195	False
28	2054-04-01	FGA	tropics	0.1324863863533001	0.017664775589342412	4.212080278394977	0.03145390818709285	0.45416336238566507	-420.01287091473654	12	322.0	321.3560722546451	0.7989372186072496	0.7151543031018736	1.0	0.9977823018622275	False
29	2054-04-01	FGA	tropics	0.19815538049911866	0.03937523176819312	15.18909258185359	0.013045899841038227	-0.03937221048741099	-1220.9148434206036	36	898.0	897.8724357955932	0.8626263105694065	0.8435123475064495	1.0	0.9562848700411972	False
28	2054-10-01	FGA	tropics	0.27597115821293766	0.07616008016539028	90.83501874186177	0.0030381582129377044			1	11.0	10.828111536261616	0.3055555555555556	0.10917854998965126	0.3055555555555556	0.10917854998965126	False
29	2054-10-01	FGA	tropics	0.11007203205953665	0.012245449784265741	10.611266706033206	0.010373128402941134	0.8314420382380531	-331.14536718030234	45	1117.0	1116.8502727861849	0.9428820602472945	0.9469520044701042	1.0	1.0	False
0	2025-10-01	GARW	north	0.31728454389856386	0.11644653832517547	5.495013038808163	0.057740453327000854	0.04977151876320568	-90.79995249463028	19	2762.0	2762.005168964999	1.0	0.9978009224774445	1.0	1.0	False
0	2026-04-01	GARW	north	0.0029089475253241425	1.3367311711839531e-05	0.04990699393010428	0.058287372094544106	0.8382635573374515	0.5538868414693012	6	260.0	260.0105905159796	1.0	0.993969980230959	1.0	1.0	True
2	2027-10-01	GARW	north	0.175578856572949	0.037191781606422565	5.344548388416628	0.032851953769094014	-0.7098146610697473	-102.55268184124398	20	442.0	441.93710000364484	0.9218661069532829	0.9333909576024432	1.0	0.950483046829787	False
2	2028-04-01	GARW	north	0.15937431242777556	0.02978200073416235	3.5944518623851343	0.04433897532349234	0.5204182934214058	-41.496420811027704	32	2664.0	2663.9653866530025	0.9687205306923873	0.9742034823944479	1.0	0.9993817924310013	False
2	2028-10-01	GARW	north	0.005875407895927043	0.00010482592930039658	0.09944133567845126	0.059084161086949596	0.9643508351212152	0.9188793776804871	27	2682.0	2681.978318013142	0.9900862352925314	0.9776871687822256	1.0	0.9990411504083931	True
2	2029-04-01	GARW	north	0.0026793838920057874	2.34764293432819e-05	0.04490819296635348	0.059663587310521696	0.6199486905945018	-0.019030327949934867	4	97.0	96.95286990884864	0.9800307219662059	0.9797104936367717	1.0	0.9883236608717499	True
3	2029-04-01	GARW	north	0.014900058108999149	0.0002220117316515513	5.2405389426057205	0.002843230108999149			1	11.0	10.876724851634375	0.22448979591836735	0.15429930079477425	0.22448979591836735	0.15429930079477425	True
5	2029-04-01	GARW	north	0.014627487429005086	0.00034648983965317594	0.20012628431054236	0.0730912857318989	0.5630452435704804	-0.011491083693130344	8	293.0	292.9747852409953	0.7783479315463105	0.7717207635174317	0.8974358974358975	0.8813749722468148	True
3	2029-10-01	GARW	north	0.052825719954953464	0.0027905566887591686	8.073759392448682	0.006542890045046538			1	11.0	10.764699593610718	0.22448979591836735	0.23871595466463064	0.22448979591836735	0.23871595466463064	False
5	2029-10-01	GARW	north	0.16200166761771265	0.030740436147515992	2.2161074105295584	0.07310190239335057	-0.7860111990018419	-36.44207472520725	24	1044.0	1043.941273798036	0.8995524018888851	0.8827235502053553	1.0	0.9849880631842188	False
5	2030-04-01	GARW	north	0.16574224526810433	0.029236838382244737	5.178671706070447	0.03200477934792063	0.8064044646177245	-62.20960033834919	34	2386.0	2386.0030580626517	0.983137627568982	0.9811133660164219	1.0	0.9994375139105885	False
5	2030-10-01	GARW	north	0.2647272047637754	0.08494305612550394	5.993937988869753	0.04416582307914295	-0.7353327969526231	-117.81182140069782	27	2146.0	2145.9611173291833	0.9932842701385111	0.9873673148953215	1.0	1.0	False
5	2031-04-01	GARW	north	0.0073846873229030715	7.802408574746979e-05	0.13829234802389925	0.053399102903559585	0.9496346758382848	-0.1025365187769689	7	252.0	251.9839248286206	0.9819456455009341	0.9884971642619483	1.0	1.0	True
6	2031-04-01	GARW	north	0.002234480448133497	6.95406320970908e-06	0.054119061986827977	0.04128823313082083	0.991334558397767	0.9569315330505165	10	416.0	415.9181913545966	0.9856582633053221	0.9826031370240804	1.0	1.0	True
6	2031-10-01	GARW	north	0.17854870704622727	0.04352377790028739	4.309538560939218	0.04143104987261432	-0.9031789669630306	-68.31686745160492	21	835.0	834.8996910603271	0.986682001936753	0.9800536344401275	1.0	0.9896214231728546	False
6	2032-04-01	GARW	north	0.002912407721282367	3.012001898344329e-05	0.08624096155948471	0.03377058498209732	0.9950047894151315	0.882822947215137	9	251.0	251.13980519289657	0.8827004414706887	0.8751080568210559	1.0	0.9850901732044682	True
7	2032-04-01	GARW	north	0.002477601076144541	7.004302683589558e-06	0.051178461039053394	0.048411011699900995	0.9994433891472602	0.9880193106319642	17	2392.0	2391.9851620193667	0.8903339952988446	0.8871713449722897	0.9523809523809523	0.933514568083034	True
8	2032-04-01	GARW	north	0.001810455501299254	5.34149415798183e-06	0.03473187401907636	0.05212662870724648	0.9994791449214362	0.9869000170700402	8	178.0	177.9246235049565	0.0911146796710005	0.09178441104280295	0.14027149321266968	0.1316799322492886	True
6	2032-10-01	GARW	north	0.05365907030843417	0.0028792958263654817	3.468451394824837	0.015470613308434165			1	12.0	11.822455162512457	0.06417112299465241	0.06031217533901549	0.06417112299465241	0.06031217533901549	False
7	2032-10-01	GARW	north	0.08035675287796622	0.010221292869508378	1.3166617447453934	0.061030673366685405	-0.26283599685916487	-5.6027119072656975	24	2767.0	2766.8162643292753	0.844464356258778	0.8204176560026251	0.9523809523809523	0.9480431065234801	False
8	2032-10-01	GARW	north	0.11122641204492681	0.016674186601501027	0.5837019850134718	0.190553424351229	-0.8408197091699591	-3.5132959781635726	11	250.0	249.86221641936328	0.16280456623081857	0.19316577169873075	0.3188405797101449	0.4099617011086333	False
7	2033-04-01	GARW	north	0.004447721978420699	2.8911283373731e-05	0.07422156178277936	0.0599249311330531	0.9993004043205163	-0.008237510694874217	4	114.0	113.94441876101212	0.6742041925465838	0.6723229877041613	0.8333333333333334	0.7406944378689477	True
8	2033-04-01	GARW	north	0.006861468642872907	8.888058475715191e-05	0.34498604406919003	0.019889119461008624	0.9516791491548637	0.5027971162151796	4	59.0	58.54965175983138	0.6526268115942029	0.6280331399022387	1.0	0.99996694458382	True
8	2035-04-01	GARW	north	0.007236473334594602	8.61250299029823e-05	0.1871508532181093	0.03866652601450379	0.7150837270381957	0.08812439318143872	12	317.0	316.89297229904497	0.3626863781210235	0.3742194246468215	0.46875	0.4553328071299103	True
9	2035-04-01	GARW	north	0.005292837567707841	4.0468328030307886e-05	0.13425365617175752	0.03942415959932179	0.9658591305981654	0.8754450833251259	12	572.0	572.0047509421984	0.6316120033150391	0.6212421698089896	0.6761904761904762	0.6874667794011619	True
8	2035-10-01	GARW	north	0.004423602511409475	2.7574787221317593e-05	0.10676573809693257	0.041432790989495975	0.9751857873765415	0.9446004071491745	19	471.0	470.93454025483516	0.3632664683586907	0.3696989283541034	0.46875	0.4530759221682037	True
9	2035-10-01	GARW	north	0.003068497334820916	1.1901238746085368e-05	0.07749645171604365	0.039595326842372866	0.9943020473984842	0.9822174774993593	20	844.0	843.8809304496465	0.6351659524140321	0.623546730383697	0.6986301369863014	0.6735282263664596	True
8	2036-04-01	GARW	north	0.00740067088802576	6.92465119676478e-05	0.19157354193045106	0.03863096549476808	0.9850677633051281	-1.0257643091670512	5	86.0	85.86541586508781	0.34292857785382014	0.3463027579775541	0.38461538461538464	0.3685191218421174	True
9	2036-04-01	GARW	north	0.005963767879101856	5.596678508973742e-05	0.1674241341449025	0.0356207180617122	0.975885215570931	-0.03432128154079517	6	177.0	176.8639699243081	0.6598597467656523	0.6356973624528109	0.6986301369863014	0.6545932846703818	True
10	2037-04-01	GARW	north	0.027191117129445948	0.0008970182345843985	0.6763878700438879	0.04020048012936961		-0.8569179616073539	8	155.0	154.99968608523034	0.06585412070691318	0.0633998508240375	0.10365853658536585	0.07540152420100309	False
11	2037-04-01	GARW	north	0.03010048534329595	0.001987295681896478	0.7586035991781662	0.0396788063962593	0.9044400596476722	-1.7678876691396987	14	417.0	417.0907735790595	0.12400865373550332	0.12593834948925955	0.273972602739726	0.20321713156660207	False
12	2037-04-01	GARW	north	0.020665476414914265	0.0005913009645316267	0.4772799624489872	0.0432984370617131		-0.31662780086303677	13	462.0	462.0038929763617	0.13250730770902458	0.12752861571528207	0.2698412698412698	0.2135059745508647	False
13	2037-04-01	GARW	north	0.025493808635602296	0.0008235503861788329	0.6245187066113648	0.04082152922837423		-0.7357087380627467	15	643.0	642.9209418691282	0.17455885872758387	0.174878855935761	0.2553191489361702	0.24684151445212485	False
14	2037-04-01	GARW	north	0.15737316259798217	0.028305584639262502	2.4262308422403582	0.06486322729813512	0.9927749490244202	-32.22163188375858	14	2441.0	2440.9870010261407	0.515287097548775	0.5045475532162397	0.7483443708609272	0.7348087119686778	False
10	2037-10-01	GARW	north	0.006536880757691763	4.997671701008781e-05	0.23876392823641335	0.02737800808512095	0.9895008237340899	0.8418598991910993	9	165.0	164.98279114098082	0.06435433184419043	0.053023430355698425	0.10365853658536585	0.09277609350718843	True
11	2037-10-01	GARW	north	0.006699941825328097	6.825509809096232e-05	0.1461079117076126	0.04585611926844762	0.9871173646134198	0.9128517104568262	16	440.0	440.0929638329625	0.11697956877181215	0.10535326285309439	0.273972602739726	0.1683262909151215	True
12	2037-10-01	GARW	north	0.011976395269118305	0.00017062323599122204	0.22128711306672263	0.054121521597632186	0.9930575874950673	0.8615308951727876	16	495.0	494.8826065816322	0.1228458551587227	0.1409067734061488	0.2698412698412698	0.1748066837943528	True
13	2037-10-01	GARW	north	0.007474361695243015	8.762903825204851e-05	0.15855312429309038	0.04714105589888235	0.9865216266001936	0.9227840754071656	19	729.0	728.8603964479518	0.16440693253755423	0.18592262495846573	0.2553191489361702	0.19860777957074713	True
14	2037-10-01	GARW	north	0.0020218782058636173	5.9832916541442145e-06	0.03417573799497083	0.05916121566010218	0.9983834089911587	0.9966004342333203	22	3081.0	3080.9815645500353	0.6016053857845494	0.568280520081398	0.819672131147541	0.7528405697785194	True
11	2038-04-01	GARW	north	0.02593064677948459	0.0006723984424023945	0.6566702221941475	0.03948808077948459			1	13.0	12.831405143967906	0.09090909090909091	0.049842580078962764	0.09090909090909091	0.049842580078962764	True
13	2038-04-01	GARW	north	0.026170457902475422	0.0006863084480122543	0.6808321491953577	0.03843892791109381	1.0	-145.67859761314776	2	31.0	30.933201474498425	0.12603751388798118	0.142556965647183	0.14018691588785046	0.14598251923807884	True
14	2038-04-01	GARW	north	0.030117940985450484	0.00091825415098483	0.5392405811227254	0.05585251192101204	0.991498358794239	-34.896031417363105	6	311.0	311.02235125786564	0.7508216789930316	0.7267441833198739	0.819672131147541	0.7352918383790684	True
15	2038-04-01	GARW	north	0.009072755268145521	0.00012070214178901899	0.18791432821426082	0.048281338386292304	-0.9873457411388932	-0.8474762702155076	6	261.0	260.753034660535	0.9966666666666667	0.9737490203645912	1.0	0.9991001536957242	True
15	2038-10-01	GARW	north	0.0009740771108371647	1.6664059078913726e-06	0.01875257045250068	0.051943658246982896	0.9991209028593497	0.9977443377992385	24	1304.0	1303.69520027282	0.9991666666666666	0.9916920565282942	1.0	1.0	True
15	2039-04-01	GARW	north	0.20474077264892038	0.05322200360864841	7.475863008229451	0.02738690802968716	0.5725263713339312	-147.9470577407176	40	2171.0	2170.849311852547	0.955714806923669	0.9495713960002412	1.0	1.0	False
16	2039-04-01	GARW	north	0.14421253924952543	0.023509744491514165	3.7910910628310655	0.038039851024267435	0.9825682734841082	-169.83333476214267	7	179.0	178.89648602758155	0.20526185872029895	0.20171922397458217	0.3870967741935484	0.2856535880881294	False
15	2039-10-01	GARW	north	0.15977832803327988	0.030034645337026947	3.381420636243101	0.04725183442743765	-0.20092878455042643	-47.83883924754866	30	1598.0	1597.9676172272425	0.8459384723267488	0.8362627326552079	1.0	1.0	False
16	2039-10-01	GARW	north	0.22579827483606693	0.06666859674795761	5.123778972284409	0.044068699305230954	-0.9623579744512538	-125.83505029322488	15	338.0	337.7707883961272	0.3407200353300727	0.3465462154879216	0.8235294117647058	0.6131954381903472	False
15	2040-04-01	GARW	north	0.003553857358566937	1.428193820486106e-05	0.0703375804584191	0.0505257265803711	0.9782292086280502	0.032740644442452616	4	84.0	83.90442020800862	0.5450971956811779	0.5033000864970469	0.5740740740740741	0.5748892341776408	True
16	2040-04-01	GARW	north	0.00273500483014034	1.4925420125475438e-05	0.0918305165373392	0.029783180289836002	0.9813989503952646	0.9394629822372937	10	148.0	147.5391488707343	0.7571712057611423	0.7545023269139086	1.0	0.9858283810703028	True
16	2041-04-01	GARW	north	0.09074738864091941	0.010491734215564695	2.0287973987460557	0.04472964560039751	0.7564027309497036	-18.568685308083175	20	2124.0	2123.9541236952373	0.9933916288487381	0.9929917474551481	1.0	0.9961488533883701	False
16	2041-10-01	GARW	north	0.003962914221876713	2.3563055591342308e-05	0.07107708496865092	0.05575515967803949	0.9965145147547388	0.9807920603410426	27	2470.0	2469.921358687298	0.993098011321601	0.9792024862370659	1.0	0.9972644000180244	True
16	2042-04-01	GARW	north	0.0066626325952334085	4.682013718704315e-05	0.12344346069461219	0.053973151414769154	0.9085343341585123	-2.3912466342661975	6	187.0	186.9911138400252	0.9925715188873084	0.9671752979609055	1.0	0.9996529872525917	True
17	2042-04-01	GARW	north	0.011518166379481559	0.0001855933236793971	0.17337375013113096	0.06643546886867137	0.9828061455873834	0.8329416819569688	17	605.0	604.8457651443892	0.19081071929553453	0.1795992749361993	0.34375	0.32378015796402687	True
18	2042-04-01	GARW	north	0.012918219885699805	0.00019411584902425034	0.23308644173877965	0.05542244237516515	0.9954352814514568	0.872541274012352	21	3452.0	3451.9354923258948	0.8228619034224675	0.8225968148307707	0.9428571428571428	0.9058646003502909	True
17	2042-10-01	GARW	north	0.12736186981596995	0.017935406653885124	2.117486274986292	0.060147671945025696	0.8660487440094521	-13.53316146237882	17	605.0	604.8589436071077	0.19081071929553453	0.18354552784965478	0.34375	0.32448038175814675	False
18	2042-10-01	GARW	north	0.30560329483524945	0.11721349515907076	5.085123471081948	0.060097517115002726	0.9578237007335068	-63.748128293027605	24	3512.0	3511.85447654	0.8425531851025022	0.8438606279682919	1.0	0.9739030145199937	False
19	2044-04-01	GARW	north	0.2599791958782616	0.07115320408250651	2.5473500281203143	0.10205868569624878	0.9079784352411927	-33.449561208243324	11	243.0	242.97087901728102	0.1490104303181852	0.24171671935066605	0.34545454545454546	0.44209123078319773	False
20	2044-04-01	GARW	north	0.11955033499154492	0.01497229527385782	1.6870719338691424	0.0708626185946721	0.9813308259100743	-7.533869867372102	15	4048.0	4047.9853314890506	0.8826680362964561	0.8227280417486506	0.9834254143646409	1.0	False
19	2044-10-01	GARW	north	0.013650164493346323	0.00032446737057801906	0.27769572332563935	0.04915511240099108	0.7694999721932223	0.5538775275267176	14	280.0	279.9403934750609	0.12452891927984275	0.1286399753888012	0.34545454545454546	0.39576844844077125	True
20	2044-10-01	GARW	north	0.046406716208605474	0.0040529242576698415	0.6109236351795634	0.07596156628473796	0.307056574886303	-0.33220381272835664	21	4410.0	4409.948680678602	0.9083032823936102	0.9072624365302252	1.0	0.9892121193997611	True
20	2045-04-01	GARW	north	0.01574012903393757	0.0002491391136111005	0.21879637010293448	0.07193962599348655	0.9905019679336747	-59.60334555717437	3	88.0	87.62565330237803	0.9753086419753086	0.9130908532980104	1.0	0.9325372355750263	True
21	2047-04-01	GARW	north	0.0023969381780694376	6.6010981741193534e-06	0.11465196621224033	0.02090621083316004	0.9753562527731636	0.9104277054454053	8	110.0	110.3846363860317	0.44061501793699936	0.3950147571052868	0.75	0.6971267411758579	True
22	2047-04-01	GARW	north	0.003289466030904616	1.8368955437275497e-05	0.07238413547409205	0.04544457165039972	0.988352426559691	0.8110685767638269	8	291.0	290.80894650656097	0.7312051575015972	0.7110341257719139	0.8666666666666667	0.8240605247436935	True
21	2047-10-01	GARW	north	0.0033270368669837858	1.3429862537564048e-05	0.1409610631335927	0.023602523938335094	0.9767584788126784	0.842540661678925	11	140.0	139.48942802155022	0.4182144309079293	0.4087553473165368	0.75	0.6297427842039869	True
22	2047-10-01	GARW	north	0.0010469386478366516	2.039659106308268e-06	0.025471715389311467	0.041102007926642106	0.9991943890333814	0.996479176696037	22	836.0	835.9065775645275	0.8651966250737857	0.8209417820474091	1.0	0.9809522320622807	True
22	2048-04-01	GARW	north	0.19284918283068406	0.03820067477023639	0.9543853118811505	0.20206637762537102	0.7610053452042322	-16.729787274827807	27	834.0	834.0352188208719	0.6363645180777331	0.6391130722747851	1.0	0.9530204519074235	True
23	2048-04-01	GARW	north	0.10034524499966048	0.0115334329762088	2.565121266633836	0.0391191037651572	0.9983686204563404	-36.98064028112036	7	113.0	113.00223577208823	0.07875752317142307	0.08064340932817197	0.10526315789473684	0.08321703463095935	True
24	2048-04-01	GARW	north	0.03886598123314445	0.0024989117585990203	0.6694441425747424	0.05805709358164281	0.9907684652546336	-5.370958365859924	13	1349.0	1348.9352416874774	0.6336271936682577	0.6088008213583507	0.8425925925925926	0.9187548417805073	True
22	2048-10-01	GARW	north	0.01697469661114674	0.00046104546364395156	0.3418953040885328	0.04964881473408944	0.732893421673373	0.35014982236709946	18	455.0	454.9183792789232	0.33419603376959617	0.35764689208987743	0.7333333333333333	0.6483702778595353	True
23	2048-10-01	GARW	north	0.024851569663411403	0.0010535603565206674	0.673318459234633	0.03690908710814256	-0.12281009098763901	-0.9908979444577997	10	149.0	148.91207000039387	0.07632646854226946	0.0795594559417031	0.10526315789473684	0.08178721122197229	True
24	2048-10-01	GARW	north	0.040401802864328526	0.002985935453664049	0.744465927570965	0.05426951236861984	-0.21589763033465437	-0.9859218066257027	23	2096.0	2095.9402589077836	0.7367629285793271	0.7135640001916955	0.9534883720930233	0.9448134671069126	True
22	2049-04-01	GARW	north	0.006830931901059413	4.666163063691117e-05	0.12933181188675993	0.05281710509894059			1	10.0	10.006303566154237	0.08403361344537816	0.06345169029820433	0.08403361344537816	0.06345169029820433	True
23	2049-04-01	GARW	north	0.0024501810132866175	6.003386997870236e-06	0.06934546857893145	0.03533296498671338			1	11.0	10.800228737512853	0.07432432432432433	0.06985943431470017	0.07432432432432433	0.06985943431470017	True
24	2049-04-01	GARW	north	0.008898176908742282	0.00013313262368101606	0.1763186357740489	0.050466457329815285	0.9557363723588916	0.8594227793034908	23	1078.0	1077.950279602354	0.8985737700767801	0.8951167996562033	1.0	0.9297552873761908	True
25	2049-04-01	GARW	north	0.011810945885926237	0.00017955245376507204	0.5219197311176657	0.022629812941989513	1.0	-2.2081914006581393	2	23.0	22.81467848888665	0.16912242686890575	0.10490609062592804	0.16923076923076924	0.10925170284384299	True
24	2049-10-01	GARW	north	0.003907943221769735	2.2138085139589325e-05	0.11100172615273332	0.03520614820343049	0.9950977566438174	0.9611224461247106	23	919.0	919.0342158779855	0.8869641966503365	0.8625024160504956	1.0	0.9301741027937306	True
25	2049-10-01	GARW	north	0.006044813561349328	3.879710063612256e-05	0.2218189053513287	0.027251119789700646	1.0	0.16092872693228488	2	23.0	22.679345692122673	0.16912242686890575	0.09367850144679957	0.16923076923076924	0.10309076559852931	True
24	2050-04-01	GARW	north	0.0035278171217852008	2.0621009938265005e-05	0.089766838310017	0.03929978139144882	0.9108459531406605	0.23249886173474177	6	164.0	164.03791005565174	0.8278140718930193	0.7982510746459281	0.9122807017543859	0.8482346600200054	True
26	2050-04-01	GARW	north	0.007760726194023305	9.523336051749009e-05	0.197290396309932	0.03933656345761324	0.9773275357875232	-0.3182732598033051	10	397.0	397.00320932933255	0.9644310122159396	0.9370040753320534	1.0	0.9981356425638025	True
26	2050-10-01	GARW	north	0.0014707372761653683	3.4446501979632233e-06	0.03584107128121071	0.0410349697592992	0.9990116429133463	0.99511753017793	24	950.0	949.9513450298442	0.9793066399102156	0.968908994663325	1.0	1.0	True
26	2051-04-01	GARW	north	0.002700656251092828	1.8869210596523064e-05	0.0722611048225914	0.037373580956494123	0.9827507233999717	0.960392774568071	26	744.0	744.4372013100892	0.7715188661477796	0.7711526694196766	1.0	0.998232033463683	True
27	2051-04-01	GARW	north	0.0020300342918971393	5.35791872885859e-06	0.04300235667434649	0.04720751253868321	0.9977559740145789	0.9421540238223121	9	312.0	312.2403337531827	0.5109759862582615	0.5104486873765798	0.7	0.7327039342789432	True
26	2051-10-01	GARW	north	0.0008039472163879671	9.277456911649894e-07	0.021825144638588357	0.036835825361108174	0.9989154601770118	0.9977854452056123	20	429.0	428.96076902164384	0.491298210814754	0.5062354843738464	0.9333333333333333	0.8528900281352167	True
27	2051-10-01	GARW	north	0.0015250496982296923	3.1976003221133514e-06	0.03319681682126632	0.04593963651517109	0.9987776985290244	0.9954970681909773	23	804.0	803.9550228186948	0.6735992513100405	0.6519195094797565	0.9230769230769231	0.9181467664103043	True
26	2052-04-01	GARW	north	0.0038815432543358127	2.108605522962508e-05	0.12379930550226345	0.03135351396833842	0.9998435599901282	-0.8975197504839076	3	39.0	38.783262828594744	0.2085483316133471	0.21410507939350054	0.23529411764705882	0.2287968859116889	True
27	2052-04-01	GARW	north	0.0014934733369657816	4.0351183573684925e-06	0.043491937194106704	0.034339085203317916	0.995867440619459	0.9916206589226663	25	743.0	743.1131495381273	0.9302288904765684	0.9307128098647258	1.0	1.0	True
27	2052-10-01	GARW	north	0.2693029058276333	0.09900626198419833	8.643134684104611	0.031158013344730357	-0.8766788215302154	-251.27056404302596	24	697.0	697.0788912473123	1.0	0.9925524515563362	1.0	1.0	False
27	2053-04-01	GARW	north	0.00495095957515016	3.165039876110157e-05	0.1588783590335008	0.031161950597099315	0.9444636304707822	0.41732763986984855	7	165.0	164.84565444240363	1.0	0.996543070214903	1.0	1.0	True
28	2053-04-01	GARW	north	0.009523099005821416	0.0001149395281714421	0.14333617006898697	0.0664389107176367	0.9951349312482963	0.9488351395159836	25	4667.0	4666.970488872443	0.9846368163762645	0.9490823043715193	1.0	1.0	True
28	2053-10-01	GARW	north	0.14863893193361272	0.024969897571206014	2.2721605795386015	0.06541744156295337	0.7917965515074816	-10.704094274426659	25	4672.0	4671.885838117126	0.9846368163762643	0.9862925664188628	1.0	0.9982466903199197	False
0	2025-10-01	GARW	south	0.2061876335582587	0.06762828141345217	3.089341912566263	0.06674160367927102	0.6415436399337252	-72.22540632347865	28	1872.0	1871.5940631409858	0.6763388363470251	0.6781625073011421	1.0	0.9792551302899137	False
1	2025-10-01	GARW	south	0.14371982644711062	0.023773837630599218	2.7710037598869284	0.05186561942917578	0.9565845556786929	-25.798957873644323	18	1520.0	1519.9826497149525	0.4500617413789928	0.4488278070357695	0.75	0.7619133980380685	False
0	2026-04-01	GARW	south	0.07388272770269498	0.008134279812590182	1.1866324731256703	0.062262519673073564	0.6663675419694661	-6.517878183687345	24	1827.0	1827.0206964308413	0.5956027141436885	0.602442289025905	0.8823529411764706	0.8821233355273895	False
1	2026-04-01	GARW	south	0.07662675945283264	0.008461859620859873	1.4363566476117824	0.053348003492196226	0.6187279949592297	-5.2882610578172065	22	1647.0	1646.9615301509948	0.5127777095484563	0.5106920877742845	0.8148148148148148	0.8410332137893682	False
2	2028-10-01	GARW	south	0.04689714235797323	0.0034883672742112132	0.696905753169221	0.06729337811419356	0.6875967916156844	-3.818228376286849	18	952.0	952.0119043244782	0.6319676242455563	0.6303870632535156	0.967741935483871	0.906844711246238	True
3	2028-10-01	GARW	south	0.02332331597816381	0.0008752919868937169	0.2530964785653042	0.0921518786447513	0.7829700995534793	-0.5492028649576375	12	957.0	956.9682948081017	0.48255733389606176	0.4764240992840709	0.7213114754098361	0.7670848709635442	True
2	2029-04-01	GARW	south	0.007775095143393029	0.0001966708372686711	0.11707438709803875	0.06641158101372012	0.9066835267403182	0.8141155830961718	22	1065.0	1065.0279730474747	0.5575517158099281	0.5615271629719739	0.967741935483871	0.921354681255556	True
3	2029-04-01	GARW	south	0.01278530677369613	0.00035099451638293926	0.13809901593967647	0.09258072323470376	0.8865282288409285	0.7792768764438821	23	1520.0	1519.9881276282986	0.6448426877692335	0.6332362595823467	0.9375	0.8834783854778196	True
2	2029-10-01	GARW	south	0.18061954038861416	0.0327945210410035	3.370432051233984	0.05358943234665884	-1.0	-3620.8131618624693	2	33.0	33.0132262976267	0.17170918943328065	0.18015043846025913	0.20388349514563106	0.19348472349695414	False
3	2029-10-01	GARW	south	0.24022964101159097	0.058734958801877034	3.055006107013841	0.07863474984880041	-0.4402615345158687	-121.77378915017559	9	355.0	355.1272756375629	0.8446479069174315	0.8353462337653094	0.9375	0.9134598845106741	False
5	2029-10-01	GARW	south	0.26567281155408373	0.09303052859630791	6.343455565175438	0.04188140183602534	0.8769062368167677	-181.27400772812106	20	2178.0	2177.9756102221004	0.9850510004929445	0.9754257055955969	1.0	0.9988912431633711	False
5	2030-04-01	GARW	south	0.03682211169550003	0.002007401223916553	0.7231847755637867	0.05091660242265737	0.5026532652291874	-0.668500618619914	26	2471.0	2470.9325754571187	0.9871745096630078	0.9808453294135128	1.0	0.9977286372946264	True
5	2030-10-01	GARW	south	0.00977520602538897	0.00011014283094691359	0.19482806936796768	0.05017349941977172	0.9523684122796372	-3.8053090893594623	4	138.0	137.9424026888076	0.9913793103448276	0.9957601778264169	1.0	0.9970908893501347	True
6	2031-10-01	GARW	south	0.0017678688044190888	5.149745878092507e-06	0.03406616237136244	0.051895155819055204	0.9975158215167723	0.9937991377811061	27	2610.0	2609.9515673947208	0.8187221568180321	0.818632035970224	1.0	0.9892389398747948	True
7	2031-10-01	GARW	south	0.0025909920508505263	7.511416566335493e-06	0.04110313965298536	0.06303635373660173	0.9996159003048677	0.9916762641464854	14	844.0	843.8781072138262	0.30103753743738976	0.3005556791170809	0.5517241379310345	0.5489385411798272	True
6	2032-04-01	GARW	south	0.0020266745070835986	5.1524713313250765e-06	0.03513887777233324	0.05767613070100123	0.998554775410333	0.9956398216823783	25	2601.0	2600.9850788255494	0.76227290493967	0.7645300458269305	1.0	0.9907840910948496	True
7	2032-04-01	GARW	south	0.006440869557989486	0.00011325788153972226	0.07101172188989052	0.09070149809881503	0.9958904314985083	0.9407629939594738	19	958.0	957.8446555267248	0.392821672707021	0.39452541928246676	0.78125	0.7309250960948267	True
7	2032-10-01	GARW	south	0.006266057610773614	3.952228097488357e-05	0.13042954414235108	0.048041704446462115	1.0	-29.52269407122851	2	24.0	23.99727615358031	0.6491228070175439	0.6858190790689676	0.6666666666666666	0.6974581430454544	True
8	2032-10-01	GARW	south	0.0019040797462991782	3.6255196802667426e-06	0.21123116983424703	0.009014198746299178			1	14.0	13.87828174773407	0.9333333333333333	0.9664327168055342	0.9333333333333333	0.9664327168055342	True
8	2033-10-01	GARW	south	0.00623461431405272	5.558473947653779e-05	0.21483555398092907	0.029020402808215655	0.9372132279264491	0.08664256536535586	9	199.0	199.20115685411582	0.9306597303602585	0.9334547070747404	1.0	0.9392914514626296	True
8	2034-04-01	GARW	south	0.025266753092066038	0.001497578346177936	0.8642746936158201	0.029234632552248944	-0.5893085960365743	-4.340155419770099	15	335.0	334.58748365413857	0.8979286628402575	0.88658748559641	1.0	0.9690789484400136	True
8	2034-10-01	GARW	south	0.005234386896280072	4.33832168745527e-05	0.14976244109215278	0.034951265872190315	0.9412498065899608	0.8828648328623395	14	339.0	338.8687575558585	0.5112193747412205	0.5013342894756619	0.9655172413793104	0.8738152722299056	True
9	2034-10-01	GARW	south	0.004583255106795148	3.1552759666736884e-05	0.11995679907325324	0.038207547568823684	0.9371512215567672	0.8669097035094593	11	456.0	455.945926407793	0.6149782953069364	0.5966612292691594	0.7051282051282052	0.6681731521293494	True
8	2035-04-01	GARW	south	0.0038072697456412127	2.340995005926637e-05	0.12165056022779454	0.03129677116580457	0.978986381329237	0.9555305874023207	17	407.0	407.01289720988353	0.37802646072325247	0.3658786489744651	0.5277777777777778	0.4128935424752871	True
9	2035-04-01	GARW	south	0.00338371913025267	2.170637147378558e-05	0.06549316917105348	0.0516652220846903	0.9868586854794783	0.9722516705278353	20	723.0	722.8168449514483	0.6280118015430581	0.6211978263883362	0.8	0.7023978757206988	True
8	2035-10-01	GARW	south	0.0061519266007016415	4.5225801916396935e-05	0.14470315355785615	0.04251411561837136	0.9863880794551358	0.6181971911558906	5	87.0	86.85684027355047	0.3685958076669979	0.36490292805683366	0.41025641025641024	0.3940113872633232	True
9	2035-10-01	GARW	south	0.0040197840637125025	1.9041852562253542e-05	0.08897707335082841	0.045177750990559824	0.9273074270411288	0.7466292796451613	7	173.0	173.06336727472228	0.6503996762731958	0.642692185686972	0.8	0.6877375449201145	True
10	2036-10-01	GARW	south	0.014532313994726884	0.00025140242373829696	0.2624118161950916	0.05537980036662203	0.9953188105289712	-0.15147456315763996	10	214.0	213.83591326157796	0.2282470795620309	0.21387743681309007	0.4230769230769231	0.26538777846474215	True
11	2036-10-01	GARW	south	0.010309204950404455	0.00017665612769940479	0.21292104815555485	0.04841797013357179	0.9594089589211441	0.12218728876649954	10	318.0	317.4273529387146	0.3206301397205659	0.3009391511171837	0.4411764705882353	0.31512865195968853	True
12	2036-10-01	GARW	south	0.006073453307612616	7.49253143626357e-05	0.143889688465909	0.0422090934546124	0.8775321392897735	0.48671115520540986	11	335.0	334.533152156975	0.3214365183806385	0.3023071422649931	0.4074074074074074	0.3178705494157353	True
13	2036-10-01	GARW	south	0.012862910494843274	0.00016998913423911942	0.3161050450190427	0.040691886123071494	0.9806536887185788	-7.420704650556681	7	147.0	146.88796495160403	0.159379511115173	0.15350481347087316	0.21323529411764705	0.2156576449578244	True
10	2037-04-01	GARW	south	0.0017809327583560924	7.473598970016024e-06	0.03817496827688801	0.04665184645180988	0.9952877377266943	0.9867874988837592	17	356.0	355.9673161747955	0.22890045229272035	0.2058497014833917	0.4230769230769231	0.22666532567543146	True
11	2037-04-01	GARW	south	0.0017104512855268751	4.7519233383788236e-06	0.04487710454453932	0.03811411861095669	0.9993311399958942	0.9923045434210949	17	505.0	504.7733924893193	0.29682391667896113	0.2741821144895516	0.4411764705882353	0.28695844297955414	True
12	2037-04-01	GARW	south	0.0021998628993784614	7.151368129277677e-06	0.04751202540964601	0.04630118123593695	0.9952251611341612	0.9897033899559058	20	572.0	571.6736781481583	0.3254089669626733	0.3111280289765518	0.45161290322580644	0.3513564129734786	True
13	2037-04-01	GARW	south	0.002308321696326612	1.0803191404188099e-05	0.04841531357000976	0.0476775120538819	0.998066045528531	0.9815882898392346	15	298.0	297.95091370320284	0.1964934657560031	0.19068088611465434	0.38235294117647056	0.2548077695331992	True
10	2037-10-01	GARW	south	0.22331721122286216	0.05041282902026741	7.371674412574403	0.030293960194706062	-0.9660029403858765	-4801.409459548462	3	51.0	51.25619111033434	0.19582133890663408	0.1882681321390732	0.21518987341772153	0.19375293875855404	False
11	2037-10-01	GARW	south	0.34809291162454425	0.12178784122742042	13.665371987734348	0.02547262613392322	-0.9677272498521736	-16068.567953972097	4	81.0	80.88621758107928	0.2494636164463254	0.2462040991000668	0.2897196261682243	0.2508155179275151	False
12	2037-10-01	GARW	south	0.2401483613814391	0.058289426765901035	6.148789812919959	0.03905619946169482	-0.730253355022764	-1041.2244421579637	6	128.0	127.55911054655714	0.3493769276063117	0.32041306246881834	0.45161290322580644	0.3251979824080251	False
13	2037-10-01	GARW	south	0.2911242618464121	0.08551247724606206	9.603832854359268	0.030313341169225794	-0.9491585442774307	-2143.117817794116	5	81.0	80.9620904976558	0.2546636180476192	0.23142417479115082	0.38235294117647056	0.24132458250320954	False
14	2037-10-01	GARW	south	0.14919499304142333	0.05542032016901653	2.415619555549432	0.0617626201521162	0.45958464381098235	-36.5856901242867	25	4178.0	4177.993637423749	0.9490173146441522	0.9227215172297122	1.0	0.9988551607192804	False
14	2038-04-01	GARW	south	0.065462993660111	0.005759586661913779	1.0174008811115305	0.06434336245963479	0.7322283476619251	-2.387358965160214	27	4239.0	4238.84571678018	0.9538046729355251	0.9340864768732714	1.0	0.9865154064169517	False
14	2038-10-01	GARW	south	0.005935325403904498	3.52280876502341e-05	0.09189187093558551	0.0645903205960955			1	11.0	10.487648509792377	1.0	0.8693475929153748	1.0	0.8693475929153748	True
15	2038-10-01	GARW	south	0.0019313091897414265	7.0911292111026595e-06	0.048011162219067316	0.040226253655955446	0.9937486405674737	0.9792614198082878	18	1543.0	1542.9098122958164	1.0	0.9870201983550851	1.0	0.9993438728729782	True
15	2039-04-01	GARW	south	0.2322434436533807	0.07707287440422984	4.552542057781544	0.05101401386427895	-0.7500789019560088	-75.69634557552361	27	1911.0	1910.9946879893025	1.0	0.9973782882938876	1.0	1.0	False
15	2039-10-01	GARW	south	0.0016851638786965887	4.02620525133479e-06	0.033054900773353935	0.05098075744505109	0.9726921765901947	0.8588224981056858	6	165.0	165.06645680982615	1.0	0.9866562388449593	1.0	0.9934073519277613	True
16	2039-10-01	GARW	south	0.010660515963856764	0.00017610878063695632	0.3408306870715966	0.03127804029458581	-0.9962466784389501	-0.660466002724412	4	54.0	53.87471592757706	0.7762113617376776	0.8390652174815262	0.8333333333333334	0.8637317992572388	True
16	2040-04-01	GARW	south	0.2432723287016278	0.06988148043990852	7.781576628335392	0.031262601439377945	-0.789913229057007	-304.26513309626324	14	204.0	203.97829616783523	0.8418501350362254	0.8454973832474681	0.9545454545454546	0.9547481046026314	False
16	2040-10-01	GARW	south	0.041029522633288656	0.002758159112204472	1.0121947401643863	0.04053520632464976	-0.31285913131388804	-4.215625659702672	21	965.0	964.9285259975665	0.9512191971396382	0.9544568237903235	1.0	0.993904478727907	True
16	2041-04-01	GARW	south	0.1319681236500718	0.02448268983596461	3.247352380876821	0.04063868289355125	-0.4503351306639317	-28.221339207885194	26	1506.0	1505.9306857016056	0.9829675617164033	0.9849888578944109	1.0	0.9904623000377408	False
16	2041-10-01	GARW	south	0.012309375441655423	0.00039600895356412045	0.19759251778930834	0.06229676902432527	0.7463356086145979	0.5521051550945002	22	675.0	674.9602066500559	0.6675530890639352	0.6831265151388689	1.0	0.9846933960778067	True
17	2041-10-01	GARW	south	0.008717431038968364	0.00018504781524940605	0.14237501827893642	0.0612286561529317	0.9554500605341857	0.04418467698548045	10	835.0	834.9941576866969	0.5099748781454522	0.4757170912241063	0.5932721712538226	0.6169853602586479	True
18	2041-10-01	GARW	south	0.012905807365247142	0.00037158615065855326	0.18437085095115568	0.06999917448266377	0.9600842210613134	-0.45702040118509357	8	509.0	508.94394765710143	0.30771301656216643	0.29096764634431393	0.4458204334365325	0.39111140934522753	True
16	2042-04-01	GARW	south	0.027382502114242376	0.0009386352612246654	0.5625488286694593	0.048675778383553796	0.8174321390996576	-0.66140947998126	17	329.0	329.09830344484817	0.3012807350075416	0.3333006536653532	0.8571428571428571	0.6957993338452111	True
17	2042-04-01	GARW	south	0.015082464452896838	0.00037876412645678197	0.2683696017364897	0.05620034592332931	0.9893624562586903	0.7872384532443759	21	1708.0	1707.930270798863	0.4694941513397017	0.43928042459565253	0.5932721712538226	0.493836591355606	True
18	2042-04-01	GARW	south	0.014596066294709558	0.00033944518375415676	0.21833436486477067	0.0668518961902763	0.9962880358086331	0.8070812246789508	21	1451.0	1450.8322580032323	0.4833352851481267	0.45013942391120143	0.9166666666666666	0.6657973048472866	True
16	2042-10-01	GARW	south	0.28896356626843017	0.08349994263056944	9.253820749798287	0.031226406268430144			1	10.0	10.361018742275128	0.03225806451612903	0.040218341638810225	0.03225806451612903	0.040218341638810225	False
17	2042-10-01	GARW	south	0.528081674037308	0.28784926829444435	9.066075448974239	0.05824810051597978	-0.8973628050432192	-1481.3570557693236	9	534.0	533.9219683054399	0.41721370449993733	0.4077491906515504	0.5135135135135135	0.494100664531483	False
18	2042-10-01	GARW	south	0.4646421860774298	0.22466220911644852	9.11960940833856	0.05094979020182398	-0.37755384121653646	-1225.2252790177358	11	644.0	643.7680299272049	0.6189633351885457	0.5865590670386447	0.9166666666666666	0.6823813124110059	False
19	2043-10-01	GARW	south	0.0017529224121824293	4.634730264098816e-06	0.03191069666688284	0.05493212606673126	0.9978437527432118	0.995459951165785	32	4037.0	4036.722082049281	0.9880756727960993	0.9830153916467435	1.0	1.0	True
19	2044-04-01	GARW	south	0.24052133313228044	0.06833926911291574	3.9631119336088045	0.060690017633002365	0.45044127175366233	-44.165781194090464	26	3972.0	3971.814532552121	0.994199644624785	0.9950284161855633	1.0	1.0	False
21	2046-10-01	GARW	south	0.09732151276101403	0.011827597542675584	1.9164601493284512	0.050781913099062645	0.9418403033353532	-8.418532774049455	22	3593.0	3592.987367801584	0.997958057441448	0.9978427558645286	1.0	0.9998498097662257	False
21	2047-04-01	GARW	south	0.10360290605431449	0.014968025471344694	1.6801672885060919	0.06166225634974255	0.3315061409103819	-7.825315500992142	26	3697.0	3696.9504433681186	0.9967929125096278	0.9894548613722384	1.0	1.0	False
24	2048-10-01	GARW	south	0.02816595744639508	0.0010739697738331366	0.614275761478524	0.04585230154385605	0.9666810817730944	-0.8850013020063667	20	2826.0	2825.956059023917	0.9608837411586567	0.9572608515029761	1.0	0.985560252491392	True
24	2049-04-01	GARW	south	0.005064175491019998	3.133073307222366e-05	0.10565499273685819	0.0479312464071879	0.9929274917848848	0.9739715710833411	28	3292.0	3291.9528339931235	0.9652428567712928	0.9396132890494131	1.0	0.9800514420864112	True
24	2049-10-01	GARW	south	0.0031558491663661974	1.8122851265503207e-05	0.06696860522701607	0.04712430781062592	0.780061373227428	-0.14682190130227957	6	267.0	266.752305320777	0.9762806721761946	0.9652804771563055	1.0	0.9673704835103321	True
26	2050-10-01	GARW	south	0.15107200652445568	0.038524347341278284	3.5004540340787678	0.04315783182801144	0.8782784659720293	-169.0691831931476	15	1032.0	1031.960234813612	0.9879838437761043	0.978921962819549	1.0	0.987150527218216	False
26	2051-04-01	GARW	south	0.0036475666111273645	1.827430469110281e-05	0.08408984633561982	0.04337701601414728	0.99049220013872	0.980616044365482	25	1590.0	1589.7687974747992	0.9634939166615077	0.9698118582185331	1.0	0.9814814868183597	True
26	2051-10-01	GARW	south	0.00231056531163216	6.873233477706866e-06	0.05435248196085395	0.04251075991886236	0.9542558758100715	0.8582952425111251	8	359.0	358.8853852337993	0.9159846676544809	0.9149194904343214	1.0	0.9679513461221186	True
27	2051-10-01	GARW	south	0.002518301122470697	1.7131019355651622e-05	0.05383398767245616	0.046779018819725494	0.9669930691139479	0.9203772138466131	16	660.0	659.8499396206578	0.9626828534201833	0.9499850996767689	1.0	1.0	True
27	2052-04-01	GARW	south	0.002026064891647401	6.1202348265470895e-06	0.04844953308152032	0.04181804782800239	0.998951448462751	0.9924533229004426	27	1012.0	1011.9245477534364	0.9675696232514818	0.9508313930913123	1.0	1.0	True
27	2052-10-01	GARW	south	0.06146745682784102	0.008575099389084824	0.7982257736451948	0.07700510163577208	0.7139506341329502	-7.504243636622796	17	371.0	370.63977415482015	0.5358786772709466	0.5233312245627665	1.0	0.998471468204988	True
28	2052-10-01	GARW	south	0.13708687701073383	0.025041683599934188	2.0844666771699307	0.06576592397094874	0.9946411399139221	-45.77006560978661	14	2061.0	2060.9990487379737	0.8222732439498549	0.8370404020184548	0.9693251533742331	0.9952922282989927	True
27	2053-04-01	GARW	south	0.005232941883961754	3.181647182853091e-05	0.13947828037911286	0.03751796960600754	0.9972960147674544	0.9354730637230301	9	150.0	149.71540235777414	0.1286173956916824	0.12848799056584717	0.38235294117647056	0.24884949966598968	True
28	2053-04-01	GARW	south	0.0039416305879239905	2.4341257915516302e-05	0.06255325166890212	0.0630124011584124	0.9992658752836625	0.9884076245821483	24	3078.0	3077.9726670134196	0.8874830518842707	0.8957656321669578	1.0	0.9973336517860744	True
28	2053-10-01	GARW	south	0.07180637285174671	0.005254774831238266	1.3031340927596087	0.05510282729207435	0.42566638969387405	-76.19567199953504	8	547.0	546.9897256417674	0.9779410898320839	0.9765415836532714	1.0	0.9906217175858747	True
29	2053-10-01	GARW	south	0.019294207153203305	0.00038296297873412796	0.5910809499393792	0.03264224156637446	-1.0	-42.91719125075004	2	23.0	23.000149868174958	0.7916666666666666	0.9042672550297126	0.9166666666666666	0.9339522369972625	True
29	2054-04-01	GARW	south	0.0158697992611175	0.0004002241270235306	0.5880787001779816	0.02698584263690305	0.9728497010630803	-1.4215606861730996	9	115.0	114.8241285844548	0.8689083820662769	0.8828396980121299	1.0	0.9453375225442786	True
29	2054-10-01	GARW	south	0.10673445392275269	0.013507367264965568	2.4210894993334544	0.04408529876823535	0.7257743028766221	-31.029746636879615	25	1775.0	1774.974876574179	0.9702999926600051	0.9380126492876067	1.0	1.0	False
0	2025-10-01	GARW	tropics	0.003961244098112662	1.9089358722804536e-05	0.20856437954374255	0.01899290812159928	0.9703734817472053	0.8286193865470801	37	1670.0	1670.0123531079103	0.8967592696778555	0.8963773522293084	1.0	0.9994428498194726	True
1	2025-10-01	GARW	tropics	0.002396573630641062	8.689730495635105e-06	0.09641249182057329	0.024857501194981677	0.9774131583699005	0.7156892974667154	11	196.0	195.7493175465717	0.2617195478893349	0.2566149380520165	0.49019607843137253	0.40562703447482346	True
0	2026-04-01	GARW	tropics	0.03990014246374546	0.003073829295672784	1.9768991172616377	0.020183196054543422	0.2832892160359267	-26.791132491888177	32	1499.0	1498.9983404522818	0.7470517308368569	0.740796849215813	1.0	0.9815907684186452	True
1	2026-04-01	GARW	tropics	0.02760047087136524	0.002258468207988375	0.6446113179156945	0.04281722970767784	-0.5782219411562706	-19.027637366011746	34	596.0	595.7833345361644	0.5681869079993365	0.5642650551475914	0.9523809523809523	0.8253215710240227	True
0	2026-10-01	GARW	tropics	0.005261198091816123	2.8674005960239247e-05	0.26256943562383755	0.020037359182023855	0.39731652833041087	-29.795882954860968	6	92.0	91.73911706669821	0.4413001301319659	0.3991870177340966	0.5945945945945946	0.4760754548770671	True
1	2026-10-01	GARW	tropics	0.003141078330989711	1.52911188096077e-05	0.37232747667275684	0.00843633233587658	0.48193319188302153	-0.5253153456579027	21	349.0	348.92000520975364	0.737008366392922	0.7333544635244031	0.9523809523809523	0.8434975765257813	True
2	2026-10-01	GARW	tropics	0.0013088527075780024	1.7130954101342679e-06	0.15651717635252363	0.008362358292421998			1	12.0	11.972299121916834	0.8571428571428571	0.7447862468779068	0.8571428571428571	0.7447862468779068	True
2	2027-04-01	GARW	tropics	0.00213464708126586	6.939729918712338e-06	0.18274499745377623	0.011681015135890658	0.7034881589675629	0.2107257124259987	22	338.0	337.97570779857006	0.9256170232262675	0.9163389976391568	1.0	0.9715125301701325	True
2	2027-10-01	GARW	tropics	0.0014278897990859284	3.266422670921685e-06	0.12192468490554129	0.01171124452929411	0.9025138737698244	0.8074414419865416	47	963.0	963.0605026442856	0.9496126976276035	0.9467495345348732	1.0	0.9899519638448785	True
2	2028-04-01	GARW	tropics	0.0011500302331339703	1.9494952060634926e-06	0.21791311490562063	0.005277471407042457	0.7934893835964726	0.6274722412567731	49	1008.0	1007.8328016617016	0.9743197465758117	0.9745052274449704	1.0	0.9991319334383503	True
2	2028-10-01	GARW	tropics	0.02813493378499508	0.0023643707727590115	3.648352189082596	0.007711682514968439	-0.2126160499370616	-372.3436428309351	49	785.0	785.041974375249	0.944166584864838	0.9398728010015156	1.0	0.9932844482858886	True
2	2029-04-01	GARW	tropics	0.0033943787385178116	2.440712397084372e-05	0.16337847477816567	0.02077616860560535	0.4255094996688049	0.05894030661922112	36	517.0	516.778573369974	0.7306823731526887	0.7136627795413598	1.0	0.9909161979323166	True
3	2029-04-01	GARW	tropics	0.009445152966502874	0.00013528343861094152	0.35765806084579227	0.026408332428372816	0.6515993649535007	-0.9311279271922701	22	825.0	824.850882334067	0.5033719592974845	0.485670353099924	0.6666666666666666	0.5447141746909255	True
4	2029-04-01	GARW	tropics	0.011916809761575626	0.00021917267851775615	0.5101444459524145	0.023359677550399534	0.7463509893589941	-0.8351881030318355	16	264.0	263.9998342408342	0.20605233667789633	0.19098007599856892	0.3055555555555556	0.22319190912935497	True
5	2029-04-01	GARW	tropics	0.018420746250687868	0.0003872696098107642	0.4434319251232496	0.04154131718316835	0.6169854367410306	-6.845759523788708	10	316.0	315.9144893603007	0.26952139663416264	0.27214029709890325	0.45112781954887216	0.4372466612386469	True
2	2029-10-01	GARW	tropics	0.004417354788618832	3.281559867763093e-05	0.3001103543940598	0.014719101570279796	0.3955325341859664	-0.16167608571415215	10	132.0	131.44256671005365	0.3517366491228193	0.327238431168707	0.6	0.5403319246478937	True
3	2029-10-01	GARW	tropics	0.004945199705770802	3.970280762450082e-05	0.10913204055080263	0.04531391221873778	0.93911986560251	0.8594839423070224	32	1149.0	1148.8054313558957	0.40913096647550357	0.40556790179056945	0.6666666666666666	0.5535746142565724	True
4	2029-10-01	GARW	tropics	0.005583097340155727	4.580743930803798e-05	0.21586308413986444	0.0258640673202754	0.895047026255364	0.6696919184163163	22	357.0	356.938729821883	0.17531541152130053	0.16228854793357114	0.3055555555555556	0.22293617452385442	True
5	2029-10-01	GARW	tropics	0.0026580508454040253	1.3524528816953458e-05	0.05903692715662471	0.04502352973677353	0.9857363477813028	0.9701920658700885	36	2336.0	2335.904219454993	0.6988633559414308	0.7003807669800124	1.0	0.9937830943293117	True
3	2030-04-01	GARW	tropics	0.011377585210983329	0.00027542755588864535	0.33998832229024656	0.0334646352978863	0.9035001686152161	-3.477098092133316	9	277.0	276.9529867355323	0.1879576593091744	0.19243279749424055	0.2967741935483871	0.2917674679960048	True
4	2030-04-01	GARW	tropics	0.00590991748297937	4.947416816959605e-05	0.28345419453249576	0.02084963848471766	0.6878734545394651	-1.2555224859442546	5	81.0	80.9798914809864	0.09535366665778748	0.07831926901917588	0.12571428571428572	0.09899195761093764	True
5	2030-04-01	GARW	tropics	0.03150749347343726	0.0017621762683924208	1.2892722853909806	0.024438199618851186	0.6759348778884716	-9.842775094416996	29	1995.0	1994.9495832436205	0.8902585974545641	0.8912934053033589	1.0	1.0	True
6	2031-04-01	GARW	tropics	0.0014363043279142706	2.943063664688691e-06	0.0462445310919036	0.031058901323052574	0.9863880914708283	0.9708941195716738	23	1659.0	1658.992647806747	0.9740661535618769	0.9663891269339383	1.0	1.0	True
6	2031-10-01	GARW	tropics	0.0011755815625439222	2.1842861529926995e-06	0.03674637545886462	0.03199176919802379	0.997773801927215	0.9943070211382663	44	2723.0	2722.9651727119576	0.9796759075519273	0.9656924890545832	1.0	1.0	True
6	2032-04-01	GARW	tropics	0.002258939792869827	6.800171901345612e-06	0.09959431652231975	0.02268141267241473	0.9146187114562899	0.3597136967407354	19	720.0	719.8316978391733	0.9819147253379351	0.9773015416815258	1.0	0.9990988686231891	True
7	2032-10-01	GARW	tropics	0.02843612135001581	0.0011251851820712304	3.8285514044596356	0.007427383975279105	-0.12895512773339188	-43.30868811722039	4	46.0	46.03876258401257	0.43273499530436266	0.3494018404457729	0.8461538461538461	0.7388676863015367	True
8	2032-10-01	GARW	tropics	0.04451410575289195	0.0035210988669567623	1.9508856539601722	0.022817383306156964	0.38737877904157814	-1372.464219701413	14	429.0	429.0004022282921	0.7784506825218552	0.749301633525112	0.8695652173913043	0.8626764005763605	True
7	2033-04-01	GARW	tropics	0.002862364813983176	9.236344090410452e-06	0.4475614972617531	0.006395467062058608	0.9325437594554646	0.5683276866476499	5	58.0	57.65166529151418	0.2293717139342501	0.16230596776245906	0.4230769230769231	0.2728145168213542	True
8	2033-04-01	GARW	tropics	0.003627405856904941	2.3769299875667086e-05	0.15594361556786804	0.023261009074951593	0.9849074264926758	0.8900257271913513	40	2082.0	2082.006447739422	0.8828472048373076	0.8754657641082915	0.9864864864864865	0.9733558330370594	True
7	2033-10-01	GARW	tropics	0.0014365744823677095	2.0637462433900527e-06	0.11058154141582863	0.012991087517632291			1	12.0	11.903721081302606	0.10714285714285714	0.06447598968142629	0.10714285714285714	0.06447598968142629	True
8	2033-10-01	GARW	tropics	0.004531507705090034	4.1041283124479165e-05	0.21172256021047114	0.021403046045661407	0.9475304389636388	0.5606940746772957	30	1542.0	1542.0189577145889	0.956201480831244	0.9539889077658991	1.0	0.9704969445922511	True
9	2035-10-01	GARW	tropics	0.004434658008288255	1.966619165047515e-05	1.6434708860528269	0.002698348991711746			1	11.0	10.984125232652275	0.4782608695652174	0.38316081559983284	0.4782608695652174	0.38316081559983284	True
10	2035-10-01	GARW	tropics	0.006744044116224393	7.260830343112806e-05	0.4490810301256761	0.015017432632006436	1.0	-1.6686193703343268	2	21.0	20.921834292313683	0.5022883295194508	0.46809350332285027	0.5263157894736842	0.46820571473281897	True
9	2036-04-01	GARW	tropics	0.001608024091873638	3.07892957423012e-06	0.3204389839448663	0.005018191207816055	-0.4906301372516054	-0.4323013645235778	10	133.0	132.55697872891437	0.3308046473039774	0.2727958094420583	0.4782608695652174	0.4076694298056878	True
10	2036-04-01	GARW	tropics	0.0013777132030296845	2.3290573554101993e-06	0.20699583656659523	0.006655753206835361	0.4944782570878871	-0.2322477144661903	19	251.0	250.57389352694403	0.37625798942390704	0.3562098497446266	0.631578947368421	0.44222309441662194	True
11	2036-04-01	GARW	tropics	0.00046075620124524496	2.642460820800475e-07	0.033017818458551326	0.013954774202409885	-1.0	-0.47955345297069174	2	26.0	26.00000699803731	0.25588697017268447	0.1983719940465754	0.3076923076923077	0.21981325089694032	True
12	2036-04-01	GARW	tropics	0.004577583048263283	2.2002338452623255e-05	0.5287216921000991	0.008657830984919457	0.6627508305412699	-18.84826889600541	5	72.0	71.85718940342016	0.30524610103436733	0.24102859570358687	0.38461538461538464	0.24222987806023122	True
9	2036-10-01	GARW	tropics	0.009336395128197991	0.0001122697103236909	0.9063419060706116	0.010301184426829988	-0.28236963120539516	-4.0420215064318885	14	188.0	187.25081278678394	0.26757368831088485	0.22113921796388245	0.46153846153846156	0.3251430588729304	True
10	2036-10-01	GARW	tropics	0.011044091753225335	0.00012772099007669742	1.705435985652501	0.006475817237432021	0.6702278886867934	-11.941021361534775	38	565.0	564.9138177973384	0.2995995171543157	0.2821484028880404	0.631578947368421	0.47678236462772816	True
11	2036-10-01	GARW	tropics	0.015549796165472933	0.00025440073901424406	1.1404611126010256	0.01363465706428941	0.9723286895726382	-7.066645938120653	27	568.0	567.993044753734	0.34639822296413947	0.34366015901164176	0.48717948717948717	0.4254868069194243	True
12	2036-10-01	GARW	tropics	0.01503398951967475	0.00024344515930560352	1.508299388099024	0.009967510189487478	0.9448024404237736	-5.586664996342788	30	511.0	510.77179928188536	0.28388617608856936	0.2698994826085264	0.40625	0.2874675805394064	True
9	2037-04-01	GARW	tropics	0.0007106291734700705	1.029429312831356e-06	0.06813091064628515	0.010430348966850593	0.9900058334126961	0.7231921161808331	5	59.0	59.115189934234564	0.1653300851015013	0.11743120123757182	0.19718309859154928	0.13866438288675959	True
10	2037-04-01	GARW	tropics	0.0038101434734405123	2.022910873370322e-05	0.5040427118229865	0.007559167872223073	0.5407647973120135	-11.009399265590606	21	324.0	323.69616812334607	0.25711093482156555	0.22123959374022212	0.4098360655737705	0.2803519967914345	True
11	2037-04-01	GARW	tropics	0.0034242161373661748	1.4681345306159392e-05	0.19181399216839753	0.017851753663309315	0.9325749827058449	0.7796064202590862	33	641.0	640.8004867315251	0.36896720077318906	0.3557406125491657	0.5238095238095238	0.4043050981254862	True
12	2037-04-01	GARW	tropics	0.002921300573396332	1.051710590406377e-05	0.22779535920110083	0.01282423216891512	0.9630616546476765	0.4466887853479232	25	424.0	423.5338101953632	0.2837058105513627	0.2742017744008382	0.40625	0.29188189172906503	True
14	2037-04-01	GARW	tropics	0.0022234652451449425	6.923866342022949e-06	0.09081690493950663	0.02448294452036213	0.3330852077449473	-0.317446414611132	9	165.0	164.9682252732302	0.5357314795897348	0.5217454936653856	0.7551020408163265	0.7448217938297076	True
10	2037-10-01	GARW	tropics	0.004200359633174082	1.9289828491478575e-05	0.7307153719082496	0.005748284208398299	1.0	-2.091260714218283	2	22.0	21.914641683250103	0.3130081300813008	0.2030628627711129	0.3333333333333333	0.2081193647712018	True
11	2037-10-01	GARW	tropics	0.007111962112973644	5.500352528956473e-05	0.43950252048255695	0.016181846022555187	-0.12069929561253562	-20.15549193913536	6	77.0	76.8575764522976	0.4033377635855999	0.3226337273511067	0.5238095238095238	0.38561082099782584	True
12	2037-10-01	GARW	tropics	0.011532129684860146	0.00013299001506843257	0.8178321498699568	0.014100851484860146			1	11.0	10.940633916479236	0.3055555555555556	0.21764724415331999	0.3055555555555556	0.21764724415331999	True
14	2037-10-01	GARW	tropics	0.004812947973230818	4.0278776742508816e-05	0.23080654323581365	0.020852736260225768	0.9084392906977974	0.6988063320306481	35	2258.0	2257.9740100560666	0.823195571856854	0.8038364450365199	1.0	0.9926935096638344	True
14	2038-04-01	GARW	tropics	0.010321169727343451	0.00012948399413954413	0.4577205338766904	0.022549064250903732	0.9426316667994795	0.31906191775577486	39	2433.0	2432.9923516120316	0.9044952619862192	0.8774625030530231	1.0	0.989012635096654	True
15	2038-04-01	GARW	tropics	0.0077156005461021535	8.043771822264546e-05	0.1792044093665575	0.04305474722064519	0.7710020488734258	0.03133323934408605	13	707.0	707.2028552433114	0.8126577503275683	0.7381447993245712	0.9910714285714286	1.0	True
14	2038-10-01	GARW	tropics	0.005491924218644666	3.614056276964798e-05	0.20206851358111008	0.027178525349226237	-0.8240941810987953	-0.31571075527318593	12	268.0	267.88596716765755	0.8177150377489665	0.7040845481943349	1.0	0.9864515624073492	True
15	2038-10-01	GARW	tropics	0.003543482113671101	4.851749760131076e-05	0.09721520118078127	0.036449876877605245	0.9707795930381277	0.9289218232740155	38	3604.0	3604.0973184499235	0.9354215903967128	0.9016887478325919	1.0	0.9998861331485039	True
15	2039-04-01	GARW	tropics	0.24481425898743714	0.07530529012463348	7.716712695178078	0.031725200698532366	0.6416308998954642	-471.7636216489957	22	2291.0	2290.9802877617913	0.9993838547815822	0.9923199488359987	1.0	1.0	False
16	2040-10-01	GARW	tropics	0.03139001763689074	0.0018706431512969795	1.7454880167932252	0.017983519413991646	0.580547881889234	-343.52544697932126	20	552.0	551.9792288058271	0.9835463698554564	0.9741918208843975	1.0	1.0	True
16	2041-04-01	GARW	tropics	0.003112780908318996	1.3718165956833623e-05	0.16854933209138895	0.01846807026580929	0.9849931745306353	0.8418843205262005	46	1750.0	1749.9428678427205	0.9919346368164687	0.9905679004615939	1.0	0.9988612823296582	True
16	2041-10-01	GARW	tropics	0.0050044104378601205	4.5569028981061356e-05	0.32980567160064733	0.015173815579253664	0.5267848345296645	-0.23039355389474458	38	1293.0	1293.2133185391538	0.9109317028187381	0.8855826217111983	1.0	0.9991991275438432	True
17	2041-10-01	GARW	tropics	0.005785399710998847	4.4399857276144224e-05	0.15032434766383682	0.03848611220277144	-0.1580539322628261	-0.07857392918101747	12	393.0	392.93689064312815	0.3842253009083096	0.34101703340691225	0.5769230769230769	0.3852928140324623	True
18	2041-10-01	GARW	tropics	0.0051773929446604664	5.685812388215069e-05	0.10828447028808406	0.047812885179992444	0.7287053207875678	-0.14201244127569956	10	628.0	627.9546945291145	0.5377081494281211	0.498242633791049	0.6916299559471366	0.6467172443246472	True
16	2042-04-01	GARW	tropics	0.007284563066186502	0.00014562369537200306	0.3476768302374719	0.02095210963931926	-0.36608779793596635	-0.5925296345104551	12	159.0	158.8366983733905	0.7270004564441904	0.647628258730984	1.0	0.9998665846385871	True
17	2042-04-01	GARW	tropics	0.015629903190143266	0.00038871945801428995	0.3571826178068871	0.04375885726497941	0.841402634670858	0.4875617198944402	26	1084.0	1083.9083246764762	0.3014225282492684	0.28319983006526983	0.5769230769230769	0.35167289255054573	True
18	2042-04-01	GARW	tropics	0.012512638374422675	0.0002861574944979039	0.2958024275108719	0.042300661558846694	0.8981242986802056	0.6671417678376022	33	2983.0	2983.0077183731973	0.7360989689050873	0.7139815288756975	1.0	0.9246194340049578	True
17	2042-10-01	GARW	tropics	0.475227843689894	0.23651481639858843	11.407534464862525	0.0416591196944169	-0.08384474408194756	-971.0933667241825	12	553.0	553.0713895150543	0.22252051864875752	0.2094762554044152	0.28523489932885904	0.27972695595433994	False
18	2042-10-01	GARW	tropics	0.29415667847731497	0.11647147579298543	8.392247161621071	0.03505100276628349	0.5743710772456531	-650.4300381668197	21	2004.0	2003.999409450018	0.8331097243487834	0.8281079736045843	1.0	0.8980156395637598	False
19	2043-10-01	GARW	tropics	0.1828205849271667	0.06225849016316064	9.306100341693984	0.01964524110148247	0.5211594710228873	-1243.228660768747	34	1252.0	1251.9137695658992	0.9983056481701993	0.9980759202712826	1.0	1.0	False
19	2044-04-01	GARW	tropics	0.21694035297227887	0.06674960094970571	12.962364913147255	0.016736170785644537	-0.004876408261690841	-908.5849584262257	45	1593.0	1593.0190910317003	0.9098320222882605	0.9035489805584018	1.0	1.0	False
20	2044-04-01	GARW	tropics	0.12067786027581587	0.020340961194066642	3.6161262480726877	0.03337213692141816	-0.17243883032414672	-7343.695403091047	7	171.0	170.99961411763007	0.6635919911631512	0.6672433143685843	0.8367346938775511	0.8870062787970697	False
19	2044-10-01	GARW	tropics	0.0041917762143526644	2.486502740187713e-05	0.24514421807617373	0.017099225293782588	0.8598955321110707	0.39678998396135223	18	377.0	376.86069600321434	0.77778049806583	0.7466553614702371	1.0	1.0	True
20	2044-10-01	GARW	tropics	0.01464902043083015	0.00024974095272647484	0.5323929857345924	0.02751542718132833	0.9441649533626049	0.13025494601551701	33	2183.0	2182.9807762026003	0.9144889426666862	0.8803320487878645	1.0	1.0	True
20	2045-04-01	GARW	tropics	0.004353622113711235	2.4923360767876803e-05	0.19489973375487005	0.022337753006819838	0.9627443725756057	0.8345358613321463	33	2023.0	2022.987234203811	0.9877819167667066	0.9867852513892023	1.0	1.0	True
21	2046-10-01	GARW	tropics	0.001071085670121095	1.7266824822929016e-06	0.07582871669245313	0.014125066555790664	0.9715633731898178	0.9342314865755137	32	1021.0	1021.0016404065373	0.9922022291706817	0.9894957783724009	1.0	1.0	True
21	2047-04-01	GARW	tropics	0.0009539605666575938	1.2647903255487023e-06	0.06174756128951868	0.01544936426209149	0.9914736498194177	0.9827712199654395	45	1387.0	1387.0773050561909	0.8845354015448946	0.8834715855211346	1.0	0.998671569228746	True
22	2047-04-01	GARW	tropics	0.0022992335508238712	7.487315115373847e-06	0.14524299426881124	0.01583025441191691	-0.705923470843618	-2.668954703307558	10	126.0	125.95364351279389	0.616207183929724	0.6107454803344968	0.8333333333333334	0.8651730858740012	True
21	2047-10-01	GARW	tropics	0.0015315602219937536	3.3077954060268077e-06	0.11332040552625076	0.013515308340817458	0.17984371532417087	-0.4593763916434519	19	415.0	415.0251002507075	0.7453131758557576	0.720481553716057	0.9714285714285714	0.9746084284796103	True
22	2047-10-01	GARW	tropics	0.001660160021022911	4.048731168684852e-06	0.15148515445287775	0.010959225852981749	0.9449473286585255	0.8721687924118283	36	866.0	865.9650866273169	0.8565820997588774	0.8425967085264676	1.0	1.0	True
22	2048-04-01	GARW	tropics	0.001243056537957446	2.590980000677894e-06	0.09854257978231905	0.012614410346302713	0.9610089278726534	0.9222975263155452	42	1076.0	1076.0544660120802	0.9600130981865294	0.9412513528047509	1.0	1.0	True
24	2048-04-01	GARW	tropics	0.005218045133670905	2.7227995017026616e-05	0.19835848786549845	0.026306134866329094			1	11.0	11.016776959532567	0.6470588235294118	0.3887822370938071	0.6470588235294118	0.3887822370938071	True
22	2048-10-01	GARW	tropics	0.0021873649693471614	7.242586817008083e-06	0.1782220050013999	0.012273259799372025	0.6342971783854905	0.15358085555947654	16	308.0	307.7041042177313	0.95359427981719	0.9321318170053718	1.0	0.9998701420680596	True
24	2048-10-01	GARW	tropics	0.046395967764631244	0.0033948470259877435	1.9794476250994804	0.0234388458559491	0.8427907375801731	-116.03845403278218	22	983.0	982.8854651206359	0.8205092034126532	0.7954759570268625	0.9880952380952381	0.9247471877735366	True
24	2049-04-01	GARW	tropics	0.00424248893577123	2.5607764059947494e-05	0.20656091478398222	0.02053868196801873	0.9824776350019333	0.8182293926641271	46	3036.0	3035.9437310294848	0.8875832884278453	0.8773910479683917	0.9880952380952381	0.9470579225073725	True
24	2049-10-01	GARW	tropics	0.0045232108675296815	3.4012622884880765e-05	0.23751293360339643	0.019044061301868403	0.9759105446291303	0.39592612320645737	30	2012.0	2011.9153500277944	0.91045411529613	0.9123833486153431	0.9649122807017544	0.9399664302320674	True
26	2051-04-01	GARW	tropics	0.0013893594336374453	2.7257463635037226e-06	0.10757784736493918	0.012914921312045635	0.9438951565029785	0.8630572449563721	29	703.0	702.6299383420003	0.8875035145351376	0.8845084007275333	1.0	0.9728255490128197	True
27	2051-04-01	GARW	tropics	0.0008880256779346049	9.970061996713027e-07	0.04181422101817127	0.02123740814276306	0.9040722949298878	-1.021063587757932	4	57.0	57.05285883365472	0.3029628214922333	0.2902291617655758	0.4117647058823529	0.33358086760734795	True
26	2051-10-01	GARW	tropics	0.0014724436042382412	3.5239866707765824e-06	0.05472604577772962	0.0269057189006234	0.9786681909345678	0.9558849014802728	37	899.0	898.6508970523084	0.6680355121697182	0.664445684197323	1.0	0.9790611584384429	True
27	2051-10-01	GARW	tropics	0.0011039010195326255	2.098408219807013e-06	0.04946023554611203	0.022318960015939533	0.9932625194130134	0.9786715005097192	31	1280.0	1280.009157531691	0.7181324657597243	0.7185736079319506	0.9811320754716981	0.968003922679653	True
26	2052-04-01	GARW	tropics	0.0005613524475332989	4.884984085824575e-07	0.02476205539183665	0.022669864785067922	0.9904094492724669	0.9766226641255723	11	193.0	193.0415713593991	0.2915874056242877	0.2810120034021356	0.4827586206896552	0.45964197090993314	True
27	2052-04-01	GARW	tropics	0.0009088125179286941	1.2941819788947303e-06	0.05655343354160679	0.016069979504605567	0.9932607583755894	0.9862745672993696	38	1492.0	1492.0750907536574	0.8889122747491927	0.8866555457961478	1.0	0.9980960563430044	True
27	2052-10-01	GARW	tropics	0.32384642118650486	0.11378527054401699	21.047686643983905	0.015386319012834144	-0.6565519078812785	-45216.94010553448	11	245.0	244.94966351840262	0.9968652037617555	0.9817047652606304	1.0	1.0	False
28	2053-04-01	GARW	tropics	0.009130212870856932	0.0001466007348146903	0.22599836420182726	0.04039946440808403	0.9823607146562437	0.6949057376713266	26	2787.0	2786.98728672144	0.9261411757109588	0.8918128898330675	1.0	0.9991467467679761	True
28	2053-10-01	GARW	tropics	0.004677326976872438	2.6708013693182204e-05	0.14124988852921633	0.03311384543786718	0.9898522468384492	0.9456938540391984	37	3197.0	3196.938582453587	0.9126747694376849	0.8901219040058674	1.0	0.9968396598918673	True
29	2053-10-01	GARW	tropics	0.004109335362833329	2.2743584565862078e-05	0.23325052016129463	0.017617690026979105	-0.5734163553178462	-0.48239636075346537	10	157.0	156.52763491256775	0.7385727230286053	0.662790506444958	0.9375	0.9796724641066195	True
28	2054-04-01	GARW	tropics	0.005050802927882042	4.345722999094055e-05	0.16057791285709433	0.03145390818709285	0.7545105379654565	-0.0357365180187359	12	322.0	321.3560722546451	0.7989372186072496	0.7151543031018736	1.0	0.9977823018622275	True
29	2054-04-01	GARW	tropics	0.006812062455841396	6.224196419084619e-05	0.5221611800523585	0.013045899841038227	-0.8641724946870476	-0.9315284383896509	36	898.0	897.8724357955932	0.8626263105694065	0.8435123475064495	1.0	0.9562848700411972	True
28	2054-10-01	GARW	tropics	0.0004274748129377043	1.827347156961253e-07	0.14070195920585832	0.0030381582129377044			1	11.0	10.828111536261616	0.3055555555555556	0.10917854998965126	0.3055555555555556	0.10917854998965126	True
29	2054-10-01	GARW	tropics	0.001093055106765107	1.7917382215789034e-06	0.10537371796681788	0.010373128402941134	0.9765394304173293	0.9514009236098475	45	1117.0	1116.8502727861849	0.9428820602472945	0.9469520044701042	1.0	1.0	True
