variant	pivot_date	model	location	mae	mse	normalized_mae	max_r_data	correlation	r2	n_points	total_sequences	total_smoothed_sequences	mean_variant_frequency	mean_smoothed_variant_frequency	max_variant_frequency	max_smoothed_variant_frequency	converged
0	2025-04-01	FGA	north	0.28490875949789723	0.08161265118511327	7.348238252953716	0.03877239001925048	-0.2034059231925775	-500.89095057133625	11	379.0	378.963069280748	0.656396294511818	0.6852929886751871	0.8823529411764706	0.9188690334312236	False
1	2025-04-01	FGA	north	0.4343085279465021	0.1886238974470576	680.2141376760836	0.000638487946502104			1	15.0	14.823066716534289	0.16483516483516483	0.19162984339851785	0.16483516483516483	0.19162984339851785	False
2	2025-04-01	FGA	north	0.12590169532222675	0.016231911642041942	2.0207778468050512	0.06230358053522979	-0.9912536744890705	-425.6633607111065	5	155.0	154.98190114026744	0.34746092206137114	0.35117747301104185	0.5929203539823009	0.5458595704146865	False
0	2025-10-01	FGA	north	0.1791208702127392	0.032251273198539786	4.353212216083961	0.04114682706047163	0.822627175853534	-74.61691818749088	19	565.0	564.9390172030757	0.4802490250711168	0.4948429397356002	0.8823529411764706	0.6970422922555616	False
1	2025-10-01	FGA	north	0.24645503992752	0.06077155870012317	15.996376342623494	0.015406929335040889	1.0	-7747.903647160964	2	26.0	25.967043152869337	0.13196713196713197	0.05368621496498032	0.16483516483516483	0.07431442701907545	False
2	2025-10-01	FGA	north	0.2312739295276307	0.053578092903727524	5.253332969136265	0.0440242282159503	0.9054290197811845	-175.7463721295929	31	1339.0	1338.960467419928	0.7921619466835036	0.7721870073576153	1.0	0.9831894717403458	False
0	2026-04-01	FGA	north	0.2750703996973694	0.0757154199063146	8.532119099453405	0.03223939990652396	0.05353760120507953	-1459.4560175658023	6	123.0	122.92853402549568	0.2020107574022548	0.20526708677300753	0.32432432432432434	0.2721954055141888	False
1	2026-04-01	FGA	north	0.12449241883810758	0.015498362348162802	11.23461064823584	0.011081151161892424			1	11.0	10.83805713624833	0.0990990990990991	0.07116626663187015	0.0990990990990991	0.07116626663187015	False
2	2026-04-01	FGA	north	0.2107363904359327	0.04746523931540332	4.360952433318525	0.048323478336031754	0.3880035170652045	-126.7988261339665	50	4650.0	4649.973280873033	0.8579277123071626	0.8516856523462556	1.0	1.0	False
3	2026-04-01	FGA	north	0.053946020837307186	0.003657767228606195	0.9070855117316822	0.05947181400166	-0.1731686328029335	-4.291493246687534	16	948.0	947.98140255569	0.28364865013435686	0.2860832487906684	0.6074766355140186	0.575452527383579	False
2	2026-10-01	FGA	north	0.28654730273694534	0.08263459361642925	5.661302589684341	0.05061508340131355	0.6667699159169098	-100.84629897103635	27	3544.0	3543.8805466949557	0.7475395010343038	0.7508467840440526	0.983739837398374	0.998851406074293	False
3	2026-10-01	FGA	north	0.11770171915402798	0.014398923566654004	1.6234839050647487	0.07249946783385804	0.8741780817222115	-10.875405655094736	23	1135.0	1134.921365243932	0.42418705441821913	0.413443393429565	0.8461538461538461	0.7710502129750274	False
2	2027-04-01	FGA	north	0.27158376524311056	0.073757741543625	6.476533828226303	0.041933505243110555			1	14.0	13.848434230890085	0.2978723404255319	0.27425919307381574	0.2978723404255319	0.27425919307381574	False
3	2027-04-01	FGA	north	0.14783571859941902	0.021964584227668976	3.345594984727767	0.04418816960040622	-0.9564198295114859	-962.2870236401344	5	107.0	107.0732914675138	0.7738878001968963	0.7467871134742913	0.8461538461538461	0.7658485515704028	False
4	2027-04-01	FGA	north	0.18754349924851005	0.03641222632067258	2.872588524716559	0.06528728275380656	-0.9700933194628654	-75.14369105090914	17	2106.0	2106.036350532828	0.9891036619035882	0.9864558843964578	1.0	1.0	False
4	2027-10-01	FGA	north	0.09361743293105326	0.009172435324558989	1.7756269351900622	0.05272359360837951	0.9799403034711748	-5.515004188926491	26	3005.0	3005.2277932877582	0.9920255504255626	0.9913814423055202	1.0	1.0	False
4	2028-04-01	FGA	north	0.06272809666195522	0.004476053448128301	1.2754855556574338	0.04917977815093545	0.8936300855592446	-20.043116418053646	9	542.0	541.9839017966032	0.913127173373075	0.8900211812413897	1.0	0.9967637597651755	False
5	2028-04-01	FGA	north	0.18999945753680103	0.03627305946275561	4.535448349822102	0.041892100379503514	-0.8488501782641985	-1232.1203360052582	9	319.0	318.98344537618584	0.8161083571513719	0.8093610372281925	0.9210526315789473	0.9317245460296008	False
4	2028-10-01	FGA	north	0.008637501804620045	7.4890801491913e-05	0.4544577351877339	0.019006171830372613	1.0	0.6127915283466202	2	24.0	24.206237915205797	0.16525914886570625	0.1319704525871648	0.22950819672131148	0.17219226091769183	True
5	2028-10-01	FGA	north	0.03970438591848724	0.003380899695524402	0.964038846291409	0.041185462672201724	-0.6577256010973729	-4.653659112095742	24	1219.0	1218.9288464422773	0.8954968431911121	0.8856113167981464	1.0	0.9560613105130464	True
5	2029-04-01	FGA	north	0.1857390236867534	0.0357323958401029	1.0712377213049866	0.1733873070306797	0.6354328820165063	-18.24266289910859	34	1444.0	1443.9912230073257	0.5702895948702088	0.5759356914442836	1.0	0.9732621193355899	False
6	2029-04-01	FGA	north	0.17816589812268271	0.032706655842892736	2.1082445923870448	0.08450912136383362	-0.3027696290101047	-41.23808706010598	17	1647.0	1647.0047473134432	0.46272111870377114	0.43497178462233316	0.5308641975308642	0.5041855737494161	False
7	2029-04-01	FGA	north	0.03196177905407517	0.0015708458636803286	0.3565060279320871	0.08965284328983003		-1.0513323104049084	15	1186.0	1185.9586886161935	0.32249496233015595	0.311611501835264	0.44660194174757284	0.4710263063297335	False
5	2029-10-01	FGA	north	0.19534378820994905	0.038785484885956026	2.9124086635938586	0.06707293198643985	0.8356569086035601	-34.77774888325712	22	717.0	716.8748850642127	0.2852407266647173	0.277180764192504	0.8461538461538461	0.5827333709169427	False
6	2029-10-01	FGA	north	0.0696131337521436	0.005540711422358621	0.8403324608722686	0.08283999130520898	0.9330926685067549	-2.8590730263679607	23	1860.0	1860.0322986785561	0.4466567098346288	0.4285919868107167	0.5308641975308642	0.47613557124971073	False
7	2029-10-01	FGA	north	0.247934834870616	0.062001743420324426	2.8260202172019437	0.08773285957454949	0.9405053156905843	-40.985400502760506	22	1451.0	1450.9433394034609	0.3685625049011349	0.3362085098648061	0.5116279069767442	0.41140567491513447	False
5	2030-04-01	FGA	north	0.15039371040076366	0.022618268128108767	3.23096111353405	0.046547669599236334			1	12.0	11.515666760154918	0.0967741935483871	0.08149511007253325	0.0967741935483871	0.08149511007253325	False
6	2030-04-01	FGA	north	0.18789647750620259	0.0356116958484388	3.3375589484570627	0.05629757568568675	-0.9734904389142931	-896.3113880959816	5	147.0	146.7802651536294	0.39835019372194236	0.37616701302167865	0.5121951219512195	0.42678670385103346	False
7	2030-04-01	FGA	north	0.18188371945604995	0.03346157716630638	3.4759828282036116	0.05232583946625751	-0.9751934725287332	-751.2688314639664	6	189.0	188.87205979065857	0.465493875248163	0.4463123651837355	0.5116279069767442	0.47506173597471574	False
8	2030-04-01	FGA	north	0.024738161407661025	0.0007161482828577552	0.6799675464605947	0.03638138545939361		-0.8441937994840167	23	2732.0	2731.9896037870126	0.9983376290653395	0.9806277305452894	1.0	0.9974550018682405	False
8	2030-10-01	FGA	north	0.13189914430778774	0.017921164650037024	2.16779031082238	0.060844973634811596	0.8087589970084957	-16.591648753052635	31	3063.0	3062.8545899521177	0.993605202948173	0.9835078606530744	1.0	1.0	False
8	2031-04-01	FGA	north	0.343740888683278	0.11824019695228148	5.6884960037028645	0.060427376315202404	-0.940593153878168	-2321.454029916947	6	157.0	156.3508316765249	0.9756474519632414	0.9955027133204414	1.0	1.0	False
9	2033-04-01	FGA	north	0.011153196550016302	0.00019459507486470096	0.2841614837977067	0.03924950137843527	0.9982393941278942	0.1981543803992868	14	567.0	567.0163289344429	0.3529369828326136	0.3509957958137198	0.6470588235294118	0.5615433432658743	True
11	2033-04-01	FGA	north	0.01187111900602739	0.0002808069874948955	0.2055481510370963	0.05775347015349678	0.9712998198588072	0.10342663347573222	13	1445.0	1445.0133920095031	0.6295580719551973	0.6251668410811461	0.7888446215139442	0.7844708351604698	True
12	2033-04-01	FGA	north	0.0354001347402562	0.001253169539628294	1.5565284506580193	0.022743005259743803			1	16.0	15.81777105554403	0.05555555555555555	0.027536724206219738	0.05555555555555555	0.027536724206219738	True
9	2033-10-01	FGA	north	0.005611828952778537	5.5802925752365925e-05	0.11009364718255764	0.050973231393388066	0.9971781587621444	0.9461264176488692	20	701.0	701.0437129285617	0.28902011160355195	0.2939280053661585	0.6470588235294118	0.5260266597367785	True
11	2033-10-01	FGA	north	0.006502533503293943	6.112401043258805e-05	0.11477234239864102	0.056655927442071076	0.9984385267621176	0.9573058156347323	24	2346.0	2345.993190242867	0.7044629327285398	0.6942762686910798	0.8888888888888888	0.7918025905635425	True
12	2033-10-01	FGA	north	0.0035760987097162235	1.7275734316555966e-05	0.1071325665963467	0.03338012728837368	0.9973184820274884	0.965740256339671	3	43.0	43.01017526840215	0.0798089341396428	0.07075970957604844	0.12087912087912088	0.10288338641844645	True
9	2034-04-01	FGA	north	0.14468853563648323	0.020936561005962046	3.274618932169052	0.04418484673593578	0.9575023769158592	-2460.7689978722365	3	42.0	41.88655782245666	0.12448836225744249	0.11960577862413589	0.13013698630136986	0.12954270667788578	False
11	2034-04-01	FGA	north	0.1574722140261117	0.024890684862474616	3.057903536105265	0.05149678927631512	0.9684786838273608	-333.128579113778	8	422.0	421.9780747553343	0.791990525740018	0.7459192111446864	0.8888888888888888	0.7974101473088178	False
12	2034-04-01	FGA	north	0.15470611115030145	0.023933980827249426	32.573745724347816	0.0047494111503014426			1	11.0	10.784152456111402	0.12087912087912088	0.09636715827551955	0.12087912087912088	0.09636715827551955	False
13	2034-04-01	FGA	north	0.16098141337938054	0.032440476558349765	3.210042624770983	0.050149307095529796	0.9351981537034664	-37.76793017780795	26	4453.0	4452.983141613491	0.9677649935263263	0.9401501994535235	1.0	0.997335626980326	False
13	2034-10-01	FGA	north	0.25874201801822294	0.06762313376986417	4.658071670088833	0.0555470238209728	0.8788099666986917	-54.89915413221265	27	4590.0	4589.959794411704	0.979005513393046	0.9785937712607854	1.0	0.994341581327643	False
14	2039-10-01	FGA	north	0.04393989754174472	0.0019392281997434122	1.7048232286126623	0.025773873093870137	0.9812970517562537	-10.105819085643882	12	176.0	175.53518748322543	0.8840421152921154	0.879308517959084	1.0	0.9543007921828932	False
14	2040-04-01	FGA	north	0.26534999811329374	0.07046033003300778	10.331701426627781	0.025683088114549082	-0.6613113070854715	-1590.0886778089996	4	52.0	51.74535377423891	0.8460470085470086	0.8012437275989638	0.9333333333333333	0.8201907825298701	False
15	2040-04-01	FGA	north	0.029600347975182233	0.0010945507968301911	0.6122125359522856	0.04834979069668905		-4.012363472584232	16	1005.0	1004.9999527768609	0.8705786508118554	0.8700201930861169	0.9375	0.9157947128538793	False
16	2040-04-01	FGA	north	0.21594838563301072	0.046669735852755495	18.76533814548927	0.011507833429845198	-1.0	-5163.488583164528	2	26.0	26.000002463915735	0.09317617866004962	0.0717663787858802	0.11538461538461539	0.07218808277682881	False
15	2040-10-01	FGA	north	0.18273026696695724	0.03397913101391678	3.8710288436051536	0.04720457386124188	0.9809584479572501	-33.213167516861	27	1649.0	1649.075467401528	0.8907766446162229	0.8802369182394729	0.9583333333333334	0.9227315768445313	False
16	2040-10-01	FGA	north	0.22367369882330246	0.05003430512981186	16.396700521359623	0.013641384651255148	1.0	-4493.978980278672	2	26.0	25.936092377495896	0.09317617866004962	0.07275140358229099	0.11538461538461539	0.0735539588489538	False
15	2041-04-01	FGA	north	0.10643474736999411	0.011440717018068073	2.5050743703314367	0.042487659700063976	-0.8567389662519044	-170.36619213066956	9	403.0	403.1176356027991	0.921686904134722	0.9235695091583518	0.9583333333333334	0.941072192562368	False
16	2041-04-01	FGA	north	0.00562501409832729	5.8301590133052407e-05	0.3938997106117173	0.01428032046429222		-0.9344183950699874	4	47.0	46.977352637344865	0.3191239316239316	0.2963093019278823	0.4	0.3242674487501582	False
17	2041-04-01	FGA	north	0.05962347028625683	0.003677420573460848	1.9302096900878127	0.030889633697541084	-0.5234230675718435	-68.5478676613509	10	199.0	199.07844942680765	0.6282052976535735	0.6194233319402404	0.7727272727272727	0.6874405471217868	False
16	2041-10-01	FGA	north	0.004571710138874776	2.7860864415490258e-05	0.2665570243662262	0.017150964787908358	0.973581051760601	0.6929713834762239	8	93.0	92.78927170209832	0.33862341362341364	0.3173967839178127	0.43333333333333335	0.3553855546095602	True
17	2041-10-01	FGA	north	0.002308757348575127	8.369103094180432e-06	0.07281593248440606	0.031706760729453824	0.9916921721545751	0.9764397624388697	18	340.0	340.211205711249	0.6385167215435414	0.6213269344139836	0.8666666666666667	0.6548250141040822	True
16	2042-04-01	FGA	north	0.055505076275615746	0.005965140547115762	2.514987268788925	0.022069724552659004	0.9149187450509353	-61.69243958714104	4	45.0	44.885689613996085	0.3232085346215781	0.26365100610368863	0.43333333333333335	0.35144132957121665	False
17	2042-04-01	FGA	north	0.2928437830620338	0.08579366464994238	10.444858617221582	0.028037122740866036	-0.5796321056233017	-3081.4955436661558	6	93.0	92.878672088273	0.6531372948039614	0.6218540155512849	0.8666666666666667	0.6356880521718273	False
18	2042-04-01	FGA	north	0.04091871811035389	0.0019462165523477233	0.9044014078620797	0.04524397878490914	-0.9771895278243478	-15.88821810867546	7	183.0	183.0023687746932	0.6730466225157833	0.6440600278359957	0.8	0.7523290327296352	False
16	2042-10-01	FGA	north	0.00543394766540927	4.5698276606574554e-05	0.2454218631764005	0.022141253411899747	0.9964216272552189	0.7885574766575922	3	32.0	32.04155091229167	0.23248792270531402	0.1891784338136311	0.25	0.23372438006878038	True
18	2042-10-01	FGA	north	0.0016007861535305944	4.8544858030593034e-06	0.045200261368578916	0.03541541807639602	0.9950314093526925	0.9897271767762104	20	553.0	552.6716557205731	0.7884017597291239	0.7682043530860246	1.0	0.8994584157413464	True
18	2043-04-01	FGA	north	0.0020234404940585324	8.41111847515706e-06	0.05692711062313312	0.035544408839824015	0.9934542818818862	0.9843091967630307	32	1844.0	1843.894355294343	0.7777902137717374	0.7598279425409737	1.0	0.9383346222653077	True
19	2043-04-01	FGA	north	0.0013791362607815558	2.3385126144081326e-06	0.02684351154655459	0.05137689450166479	0.9989509197886655	0.9912594751283043	10	562.0	562.1192138652589	0.23299544563830663	0.22336259540707118	0.29044117647058826	0.3295140555131723	True
20	2043-04-01	FGA	north	0.004194217049600513	1.8283951988866452e-05	0.07409409190579368	0.05660663275195026	0.9990525259949226	0.9384316133072595	10	522.0	521.9999904979751	0.21206673357111816	0.2094110672907314	0.340080971659919	0.332384315173155	True
18	2043-10-01	FGA	north	0.1789085068792115	0.03227433784169066	3.084664208243527	0.05799934605559086	0.9868065957073764	-33.280767119543334	27	1781.0	1780.8957036466074	0.6215459056550565	0.6277801392573478	1.0	0.944665891030581	False
19	2043-10-01	FGA	north	0.21185734812972729	0.045110779249976446	4.022942593706345	0.052662284682154184	0.9959310991970756	-44.082820943834285	18	899.0	899.071780581048	0.29155740682446135	0.27397208526914685	0.5588235294117647	0.3547078718232271	False
20	2043-10-01	FGA	north	0.24787124724560697	0.06165198206160123	4.039344234437604	0.06136422965202369	0.9839768054174329	-54.71449959757548	21	972.0	971.9998264493124	0.35272004269133855	0.3375732231134781	0.6666666666666666	0.6107255534644509	False
18	2044-04-01	FGA	north	0.18334048150673632	0.03364006835477667	3.4875967532642616	0.052569288962417006	-0.2599515043705687	-1310.7702005046458	5	109.0	109.07862983616732	0.1942851040034622	0.1965125549269618	0.275	0.22976199438522918	False
19	2044-04-01	FGA	north	0.006517724110433244	6.504064058806054e-05	0.16966504963641318	0.038415243000255624	-0.6949102700965005	-2.4048240004507844	6	189.0	188.92252768216605	0.37531676671316205	0.3546785660767607	0.5588235294117647	0.39663201477775833	False
20	2044-04-01	FGA	north	0.02117018459009326	0.0005228572984220527	0.5157935247165898	0.04104391306914046	-0.431205651726529	-6.931788120110942	8	268.0	267.96552696375625	0.48028166457583543	0.4620355648597521	0.6111111111111112	0.5066622848748339	False
21	2044-04-01	FGA	north	0.2928686135181967	0.08603843117775857	14.03810479556466	0.0208624039913656	-1.0	-606.2071731945682	2	24.0	24.000004890870997	0.07441950464396285	0.04947293749843307	0.07647058823529412	0.05390984977903252	False
22	2044-04-01	FGA	north	0.15327328765716414	0.02364396527258507	3.279338844755167	0.04673908214831256	0.9268909685092706	-87.43100873119637	16	1358.0	1357.9739371936103	0.9195341280126588	0.9036857238903635	0.9805194805194806	0.9438884233030173	False
21	2044-10-01	FGA	north	0.03782589817855939	0.0014624417730902271	2.0203603712900122	0.018722352069501014	1.0	-30.79273364227939	2	24.0	23.52830761117528	0.07441950464396285	0.03944263804056018	0.07647058823529412	0.04301461131430057	True
22	2044-10-01	FGA	north	0.013876007325831472	0.0003400143333573051	0.29077430879326954	0.047720884913862296	0.8680022675543906	0.6388520770066011	27	2057.0	2057.0106792902534	0.9261513896511177	0.923361123286473	0.9805194805194806	0.9808430138940857	True
22	2045-04-01	FGA	north	0.1668286862456076	0.027875211759559558	3.5539669844763413	0.04694154081180609	0.8189306641966679	-556.7769990236592	8	342.0	342.0498498144694	0.9344065333138112	0.9552921305294059	0.9615384615384616	0.9660638127888784	False
23	2046-04-01	FGA	north	0.00530940189039951	3.622974236561199e-05	0.12748538321648278	0.04164714225617239	0.9735550877861072	0.5733991001581237	11	372.0	371.92103543615286	0.928311425476606	0.9163235280840929	1.0	0.9608593040265346	True
23	2046-10-01	FGA	north	0.0021509674332012667	7.482239591814653e-06	0.0487259390905653	0.044144196568553236	0.9985929471908128	0.9888290967569212	25	881.0	880.807446500857	0.9516466464844998	0.9488311060123976	1.0	0.9641997680105499	True
23	2047-04-01	FGA	north	0.033789903435543445	0.0016273867072509815	1.0727578245700606	0.03149816544016889	0.38591074099549993	-2.394484367186767	32	1619.0	1618.8534914630231	0.9268798063573549	0.9224494220206113	1.0	0.9877260737610487	False
24	2047-04-01	FGA	north	0.17555370308885726	0.03083910952109209	12.28292570698453	0.014292498975959031	-1.0	-5164.156894750566	2	21.0	21.159932404968618	0.08720209395233502	0.07268000931435473	0.09243697478991597	0.0770248823989572	False
25	2047-04-01	FGA	north	0.2739062138231752	0.07519053776933261	9.412144184340026	0.029101361863846265	-0.9857880083873813	-1097.3597571019754	6	110.0	109.8550993550184	0.1429718204255493	0.14195555545198826	0.21008403361344538	0.176790518509082	False
23	2047-10-01	FGA	north	0.2002308457482427	0.04016471666087804	3.784882384050052	0.052902792063510215	0.9910361599368342	-52.64879214616243	29	1554.0	1553.9742361414576	0.8097888290467555	0.788582832470601	1.0	0.9608149392980339	False
24	2047-10-01	FGA	north	0.22136678568987958	0.04901530862234277	14.3905315893134	0.015382808085718633	0.8697047024139313	-1001.5780312306192	4	45.0	44.97676648481536	0.11573144780906704	0.0700452113629213	0.19117647058823528	0.07585951795695983	False
25	2047-10-01	FGA	north	0.31486702146289963	0.10007185689424816	9.705440751005778	0.03244232070864683	0.8429770621576052	-302.7298944918006	14	253.0	252.7793420196903	0.2527080499595909	0.23657658789296937	0.6470588235294118	0.44599981078148465	False
23	2048-04-01	FGA	north	0.009526853570798244	0.00010398297438878736	0.18258601983962422	0.05217734402210107	0.3644246595931457	-0.11188108618577552	7	185.0	185.08679333270854	0.5782893116014557	0.5570349543638995	0.7692307692307693	0.5914184747255624	True
24	2048-04-01	FGA	north	0.007559765246665006	7.85254650889503e-05	0.24463880716747502	0.030901741772676874	0.9760263383007569	0.7618771758559232	7	92.0	91.87951121655975	0.27976253207023477	0.24391754773342292	0.44	0.27235373127412216	True
25	2048-04-01	FGA	north	0.005117504486940417	4.917169222560817e-05	0.16844100582625246	0.03038158352140893	0.9360834073266705	0.8521415834940991	18	377.0	376.7802168263811	0.5538617169904856	0.5302811603676104	0.7647058823529411	0.6763073014811558	True
26	2048-04-01	FGA	north	0.018103178626767233	0.00032772507639264195	2.770343745509548	0.006534632626767234			1	11.0	11.006522949597155	0.22916666666666666	0.10764804429691348	0.22916666666666666	0.10764804429691348	True
24	2048-10-01	FGA	north	0.16693540108705063	0.027922012080405383	4.914159510141228	0.033970285405378116	0.9901093878179582	-113.30750915928321	6	79.0	78.69297120023049	0.29452687565056795	0.2530127087780382	0.44	0.2707746154395762	False
25	2048-10-01	FGA	north	0.2024252180993673	0.04099681548822366	5.556944543089917	0.03642743175313561	0.9757976913162856	-93.0472999189188	20	436.0	435.94319832319184	0.6564744293629712	0.6435028442663091	0.8333333333333334	0.7160031093187326	False
26	2048-10-01	FGA	north	0.2476099799940144	0.061310702192636214	52.155867231559554	0.004747500005985624			1	11.0	10.853835290904044	0.22916666666666666	0.12157329859967028	0.22916666666666666	0.12157329859967028	False
25	2049-04-01	FGA	north	0.26633138278812324	0.07105006998234821	7.780327925217355	0.03423138270623508	0.591708948830615	-550.9767634735906	6	113.0	112.90472318154045	0.6849450549450551	0.6738196011003338	0.8333333333333334	0.7068666863881772	False
27	2049-04-01	FGA	north	0.16019694437695886	0.02653335335652729	2.883150110644873	0.05556316467376986	-0.6026681720040794	-37.54724274449387	16	2805.0	2805.0235058975613	0.9236268483433818	0.9071125747953319	0.975177304964539	0.9808506413550563	False
27	2049-10-01	FGA	north	0.22245640786218626	0.04997131202881461	3.8308542143854774	0.058069661598404466	0.9890958762036249	-28.509085878254435	25	3639.0	3638.9874229532334	0.9431885947941774	0.9266640711918167	1.0	0.970966513625598	False
27	2050-04-01	FGA	north	0.28217586038327747	0.07967748260862728	4.844577346338244	0.05824571272384763	0.11402450499942374	-1451.8417976247883	7	443.0	442.77762704820145	0.9769220531564006	0.9753143278041269	1.0	0.9816380454168184	False
28	2052-04-01	FGA	north	0.04537259546414238	0.0020586724191527135	0.6348151939215598	0.07147370746414237			1	11.0	10.655754093806223	0.021032504780114723	0.015587553746813013	0.021032504780114723	0.015587553746813013	True
29	2052-04-01	FGA	north	0.0030798772312860567	1.5281518006925496e-05	0.04611624072379888	0.06678508878753091	0.9961772921006873	0.981253146943072	14	3516.0	3516.0023387367974	0.952707258725699	0.9449465700653191	0.9949367088607595	1.0	True
28	2052-10-01	FGA	north	0.007431966207425178	5.523412170830978e-05	0.8113447265321955	0.009160059792574822			1	11.0	10.676379142390704	0.021032504780114723	0.04506062643836225	0.021032504780114723	0.04506062643836225	True
29	2052-10-01	FGA	north	0.031282045163608094	0.002220031470638295	0.469390950607421	0.06664390338826769	0.5612986007469651	-0.01472837207220068	24	4702.0	4701.895774453527	0.9710381020397193	0.9565939148732188	1.0	1.0	True
29	2053-04-01	FGA	north	0.24916871884000408	0.06216624771652571	4.332707064338362	0.05750878495591394	-0.7203049384311654	-1984.0039017466781	8	602.0	601.8676275734936	0.997265625	0.9974070588658657	1.0	0.9990630455699518	False
2	2025-10-01	FGA	south	0.16373046830565624	0.028178495898005414	2.659564613652973	0.06156288418981808	-0.10174138490875982	-20.547190389994153	19	4673.0	4673.127111288885	0.9857949836635027	0.9757246684427162	1.0	1.0	False
2	2026-04-01	FGA	south	0.03494398816524253	0.0019041605505269357	0.5293916792910154	0.06600781525701548	0.7861286065233387	0.21583440582587043	27	5098.0	5098.143380056173	0.9897664604887516	0.9671927482746979	1.0	1.0	True
2	2026-10-01	FGA	south	0.03473086347942202	0.0013069029724573332	0.529090012291432	0.06564263673964733	-0.9585883566116191	-50.91260164247012	5	162.0	161.83686243814978	1.0	0.989735175226628	1.0	0.9991924470342888	False
4	2027-04-01	FGA	south	0.0010588222513920717	1.7300208513588602e-06	0.04811514356301467	0.022006008357958455	0.9869039253852253	0.968915778994239	8	113.0	112.78570523440723	0.9665178571428572	0.9221111083805388	1.0	0.9946476805768356	True
4	2027-10-01	FGA	south	0.002171568870138482	7.918553161990588e-06	0.041197314376685994	0.05271141828039637	0.9963941513846446	0.9923107152026003	34	6179.0	6178.976303497085	0.9907129340103341	0.9753193551079905	1.0	1.0	True
4	2028-04-01	FGA	south	0.0580054450175829	0.005568192206499922	0.924550623768726	0.06273906860950085	-0.5052695177211406	-2.558943765943625	27	6059.0	6058.827854890169	0.992934805790791	0.9871182482868938	1.0	1.0	False
6	2029-10-01	FGA	south	0.14891155132896497	0.023100173561998383	1.178869315562576	0.12631726804925947	0.9647773070917023	-7.7824929997021695	12	408.0	408.0235769834671	0.15784395930082226	0.16419549048662574	0.3157894736842105	0.23718764704585843	False
7	2029-10-01	FGA	south	0.1314758229380274	0.018442808722276473	1.4113712026734664	0.09315467305056353	0.957239110852623	-9.396199680863543	20	1732.0	1732.0602033340565	0.3778259664416999	0.37500391759235363	0.8125	0.6486170399797311	False
8	2029-10-01	FGA	south	0.20296107811782615	0.043111343010658554	2.885768809837558	0.0703317179899976	-0.6053415063773869	-25.033738131507338	15	4284.0	4283.960147268916	0.610044043225928	0.5941786587451711	0.8796680497925311	0.8645591953676709	False
6	2030-04-01	FGA	south	0.16428757466403354	0.02727528282627135	4.19638875250969	0.039149750977141906	0.991689450636486	-47.05681112826208	14	448.0	447.8994805592831	0.14016910454529635	0.1294883960101204	0.3157894736842105	0.2557257119873527	False
7	2030-04-01	FGA	south	0.18603791251264493	0.03532289093414628	2.7440629645295704	0.06779651739680048	0.9951263590506826	-24.002536496676356	21	1754.0	1753.9298360625307	0.36677212824154326	0.37360679184037865	0.8125	0.5659392481253697	False
8	2030-04-01	FGA	south	0.2502310904243008	0.06357086175797762	3.8517149409438605	0.06496614995163215	0.9914639941914651	-26.914914464617798	21	4644.0	4643.962637950687	0.6962062899342014	0.6510291459073664	0.9642857142857143	0.9227719165487707	False
8	2030-10-01	FGA	south	0.258278567385563	0.06672114209958456	3.974944765168381	0.06497664310930926	-0.23835618068546846	-5171.2468663555865	4	139.0	139.111484989198	0.9274545089353572	0.8821287629973156	0.9642857142857143	0.8875822024554382	False
11	2033-10-01	FGA	south	0.014908304201607936	0.0002931038628320053	0.24556816857640182	0.06070943269249339	0.9209739616131865	0.79525936915643	18	1407.0	1406.8957411679069	0.3223554522603698	0.31852149152255055	0.8484848484848485	0.6676751046239752	True
12	2033-10-01	FGA	south	0.024779384400674162	0.000986787729475957	0.22759405064178673	0.10887536089277994	0.947193989995049	0.6743684144340978	15	900.0	899.8636838313367	0.14203781957622993	0.1349619644704921	0.20754716981132076	0.1613242732998606	True
13	2033-10-01	FGA	south	0.014323350170904865	0.0003346964378862006	0.19945926482696702	0.07181090426323651	0.9603291669280942	0.8152934576525479	16	4563.0	4563.02057098684	0.5802219478311251	0.5648234913561794	0.8516483516483516	0.8535974849752934	True
11	2034-04-01	FGA	south	0.0645693211267406	0.005777490957598588	0.7897896955966169	0.08175508174738104	0.4656197017815839	-1.7924763945058757	19	1422.0	1421.924868646071	0.3105158283204871	0.33045485093096394	0.8484848484848485	0.5594885056735484	True
12	2034-04-01	FGA	south	0.06372598031996148	0.005608476000173859	0.9924045723762493	0.06421371091365861	0.4292296866134671	-1.8854178069803407	16	917.0	916.8277179894571	0.14005980650206626	0.1279134614614309	0.20754716981132076	0.15040282698233692	True
13	2034-04-01	FGA	south	0.048472203403177594	0.0038656471903400214	0.6712620010214777	0.07221055762044644	0.6110631913419551	-0.42323485119185045	22	4891.0	4891.019230289113	0.6544736530272212	0.6351864457646835	0.9	0.9345735262329239	True
13	2034-10-01	FGA	south	0.18001257306825916	0.032710866011060026	2.906010747341155	0.061944909609491665	-0.994874813393585	-20056.304762273237	3	68.0	68.20818964634921	0.861904761904762	0.8913602636120147	0.9	0.9111173697244642	False
14	2040-04-01	FGA	south	0.004762673424514965	2.3166623519019858e-05	0.260543883449439	0.01827973607155973	1.0	0.9007411770692242	2	23.0	22.67674046109157	0.3830128205128205	0.25821605459513874	0.4583333333333333	0.33295342431215247	True
15	2040-04-01	FGA	south	0.003976099337032277	2.0487553053480408e-05	0.11254749827461372	0.03532818941324375	0.9976227380231539	0.9437478900453637	15	296.0	295.8064497463799	0.762266843387533	0.7308972170753419	1.0	0.7971564152985445	True
14	2040-10-01	FGA	south	0.24269845181400132	0.05890253851291312	26.195299741789775	0.009264961814001335			1	12.0	11.903608081958968	0.3076923076923077	0.21325384903394026	0.3076923076923077	0.21325384903394026	False
15	2040-10-01	FGA	south	0.05219967825296764	0.005036635320707072	1.6386354756013521	0.03185557680777735	0.6981364875267032	-11.282380974404973	27	1353.0	1352.9483926647326	0.7839135778926148	0.7705281319211679	1.0	0.8856262561245231	False
16	2040-10-01	FGA	south	0.04937565296574786	0.0058070177668910926	1.548882512552861	0.03187824290453583	0.8162511406060147	-31.45944917828232	9	159.0	159.006801535026	0.1321331728990724	0.12032385664092542	0.16304347826086957	0.12173614108537055	False
17	2040-10-01	FGA	south	0.06285234814265817	0.004303433349828968	1.573609887015803	0.03994150561792128	-0.9366919879982536	-24.20483646333458	8	206.0	205.93714358900394	0.18335262898375257	0.17427871020518623	0.23300970873786409	0.24212514075470148	False
15	2041-04-01	FGA	south	0.2022331106049335	0.041039470565509	4.3076344852466	0.04694760228556305	0.9898452597574642	-51.76551385954457	26	1488.0	1487.9836039146512	0.7153841332434342	0.7085976310928009	0.9259259259259259	0.8424332425496793	False
16	2041-04-01	FGA	south	0.1867281675649325	0.03497999905859522	7.6698874018604535	0.024345620448044464	0.9220413658558387	-149.4992047102598	13	211.0	210.84634502909398	0.1312518002618544	0.08468424713961917	0.16304347826086957	0.12999531875542988	False
17	2041-04-01	FGA	south	0.0985460887626563	0.009926708111370038	1.9394526946702462	0.0508112876552586	0.986164567316632	-12.262554899713441	15	346.0	345.9261112491068	0.24491313953270427	0.2797889688791514	0.45161290322580644	0.4057878987807387	False
15	2041-10-01	FGA	south	0.03574248187389674	0.0013369019085066533	0.8205555341333141	0.04355888222927971	0.8495942050589255	-469.71672654637035	5	143.0	142.81691925901205	0.5177038543422244	0.4995646733235766	0.5964912280701754	0.5400257286223834	False
16	2041-10-01	FGA	south	0.17844759556568637	0.03184354436317477	15.764610435514715	0.011319505565686378			1	11.0	10.87813739569438	0.13095238095238096	0.15607146792469473	0.13095238095238096	0.15607146792469473	False
17	2041-10-01	FGA	south	0.2823845699442123	0.08044854724970629	8.570385650427907	0.0329488755188179	-0.9899915074486844	-538.1733830634291	5	95.0	94.96076000741326	0.35628749292586304	0.35130016647377954	0.45161290322580644	0.3944050736785498	False
18	2042-10-01	FGA	south	0.1003444114968304	0.01184506383317685	2.1908972811700225	0.045800600675921545	0.9244278558120121	-45.370268140659014	13	823.0	823.0125735048482	0.9257076993217541	0.9204086188563259	1.0	0.973641647006894	False
18	2043-04-01	FGA	south	0.239268274224397	0.05729966705037375	5.587369225103181	0.042823064770697784	0.9807174359777627	-63.66531983476747	26	1470.0	1469.99461285021	0.9206556223159877	0.9094404232341624	1.0	0.9410103870927538	False
18	2043-10-01	FGA	south	0.09183246954980812	0.008577098054699034	2.219045146571238	0.041383777023060224	-0.6020053678505533	-76.95694113626963	11	435.0	434.97487202790813	0.9111251445881926	0.9123031258969149	1.0	0.9490004579176542	False
19	2043-10-01	FGA	south	0.17156465677562013	0.030616255642645845	1.756389859439894	0.0976802820020445	0.9653685176987931	-17.711768596569783	18	1141.0	1140.9894050139587	0.31271433226430934	0.33509573719020236	0.42857142857142855	0.45710152782348945	False
20	2043-10-01	FGA	south	0.07336504472643075	0.005866157902952269	1.4927792055695965	0.0491466148863167	0.8380923317062879	-6.959990034834133	18	1958.0	1957.8977640951034	0.48877075532904307	0.4504502764345385	0.5493827160493827	0.4746624224920026	False
22	2043-10-01	FGA	south	0.09400636063300867	0.009730426512848889	1.3836244269062543	0.06794210828093306	-0.7853134174951759	-13.021322399887454	13	931.0	930.9886869755798	0.23062341249933427	0.22883015166487072	0.42574257425742573	0.4151471402767638	False
19	2044-04-01	FGA	south	0.0010667281943275572	2.4668771794852672e-06	0.017467338103264268	0.06106987727730585	0.9992987028480511	0.998031300283862	22	1227.0	1226.9777840886584	0.28589825142577274	0.297430556144718	0.42857142857142855	0.4427819995731602	True
20	2044-04-01	FGA	south	0.0009691677936256639	1.5087151888431917e-06	0.017242096513069453	0.056209393845524404	0.9995643187080601	0.9989496064490115	23	2143.0	2142.801720295324	0.4512866755225094	0.43859057697499065	0.5493827160493827	0.514779627651024	True
22	2044-04-01	FGA	south	0.00184135759503702	5.145840004431196e-06	0.025617949796634783	0.07187763305238828	0.9983794022643002	0.996646457380213	22	1263.0	1262.9865759150987	0.37252517032985943	0.37421765312556804	0.7857142857142857	0.762148407568609	True
19	2044-10-01	FGA	south	0.0005292495540522787	2.801050904645359e-07	0.008913413021037432	0.05937675644594772			1	11.0	10.839912640856447	0.14864864864864866	0.13091165365254717	0.14864864864864866	0.13091165365254717	True
20	2044-10-01	FGA	south	0.0062235874228021085	3.9194045569471215e-05	0.11020052908965972	0.0564751138149125	1.0	-132.55350633556287	2	36.0	35.84304682045131	0.30388080388080385	0.27957311092668397	0.35135135135135137	0.29063612850694265	True
22	2044-10-01	FGA	south	0.009811223650822027	0.00010578902324906798	0.19921030442584642	0.049250583091569614	0.923815192193897	-2.0430649383525408	6	124.0	123.97705048790432	0.6248029748029748	0.6389671210980267	0.7857142857142857	0.701815867706766	True
23	2046-10-01	FGA	south	0.06431149054967095	0.008986176077034993	1.4839184555283875	0.04333896536570211	0.20640618422404144	-29.905846247639875	18	1604.0	1603.729490856121	0.9860874167847007	0.9782411932002759	1.0	1.0	False
23	2047-04-01	FGA	south	0.0011909935284601728	2.5070169466947336e-06	0.02445915215013921	0.048693164879527275	0.9989531758803752	0.9976819032157292	28	2247.0	2246.921026818895	0.9895817255720507	0.9882083695991096	1.0	1.0	True
23	2047-10-01	FGA	south	0.2571129876814652	0.06617149350591855	5.342273422850982	0.04812800980602994	-0.5138252578054725	-1444.6072672377672	9	418.0	417.8025276584138	0.9964915057507651	0.9831922734204362	1.0	0.9935811021176366	False
25	2047-10-01	FGA	south	0.19677853353661862	0.03911655667847991	5.845850629609441	0.03366123187272839	-0.9858149836549202	-226.68065405675472	7	122.0	121.78982588917174	0.6624725258479811	0.6622953577819197	0.7142857142857143	0.6997723616797643	False
25	2048-04-01	FGA	south	0.0031338746664832102	1.335859214282961e-05	0.1070235142376233	0.02928211327022114	0.9755656277914548	0.9436483977868972	14	229.0	228.79683060825312	0.6648808201702955	0.6550363253019872	0.8571428571428571	0.6815947616871266	True
24	2048-10-01	FGA	south	0.022830911703032784	0.0006249483353021794	0.9227643435633591	0.02474186596208153	0.9962293386698158	-1.2612434455336556	7	115.0	114.93601218207172	0.21885380965871368	0.19798621321034685	0.25	0.23514900079896972	True
25	2048-10-01	FGA	south	0.017921284729374886	0.0006481846545867034	0.5156084188573261	0.034757548701573625	0.7011426261933986	-1.577637238061445	18	479.0	478.5414996556416	0.5892106753609054	0.581966914992496	0.8571428571428571	0.7200409217710106	True
27	2048-10-01	FGA	south	0.02987474423731426	0.0010122125286529126	0.632260798403817	0.04725066667542092	0.9952553092195504	-8.549110426963097	6	131.0	130.703805272157	0.24152573741577255	0.22555387241522337	0.3	0.29221371152103476	True
24	2049-04-01	FGA	south	0.00408310597088645	1.8714850799091932e-05	0.17789747547617007	0.022952017503100514	0.9959415727974278	0.9165479124051401	11	177.0	176.59232229863014	0.198077246578322	0.17675923751324057	0.25	0.2203214557016023	True
25	2049-04-01	FGA	south	0.0033683578377771816	1.5184751423628365e-05	0.08150088974202768	0.04132909282878927	0.9969011541265327	0.9741393819049726	23	645.0	644.6611376053227	0.4704053245065071	0.4661057994920647	0.7419354838709677	0.6647431926803458	True
27	2049-04-01	FGA	south	0.006711462055061871	5.490755417595124e-05	0.14398645458777123	0.046611759934478414	0.9969752555506425	0.8923269892624399	21	536.0	535.8890285794253	0.4957433662258155	0.4823778680977445	0.9285714285714286	0.7837878274094873	True
24	2049-10-01	FGA	south	0.15792120544069227	0.02497698303770459	9.630736318297854	0.016397625292746403	-1.0	-8926.331442443652	2	36.0	35.976821705789156	0.19318442153493698	0.13395113055298985	0.2111111111111111	0.1364030763231624	False
25	2049-10-01	FGA	south	0.18648808911999523	0.03525587515673607	4.528598355696365	0.041180090277915325	-0.9863760334222609	-445.76394602339735	7	148.0	147.92542874345878	0.31744370851951154	0.29457619189550927	0.3870967741935484	0.3586191874557531	False
27	2049-10-01	FGA	south	0.08765718565953447	0.015807431122597183	2.5693933804670626	0.03411590701755455	0.6800578649117645	-32.58574574587475	37	2558.0	2557.9884213341434	0.8252303501518424	0.8135538850962504	1.0	0.9624543887693598	False
28	2049-10-01	FGA	south	0.022470138907557204	0.0007117507099987606	0.5744648729142682	0.03911490496114389	-0.9944133637416606	-1.4934857055662225	9	199.0	199.0770068207941	0.12190461445069187	0.12130828836486612	0.16793893129770993	0.17240873937988246	False
27	2050-04-01	FGA	south	0.2109550379245666	0.04477452393908665	3.7390375514356156	0.05641960933063369	0.9632913249311131	-45.63741543026194	32	2553.0	2552.7881972810737	0.8939317589659856	0.8931288811616962	1.0	0.9600105238522689	False
28	2050-04-01	FGA	south	0.11251734304482325	0.012681486343628272	4.634478352552142	0.02427831882802118	0.9989924616781647	-57.35328912974071	12	251.0	250.90293616213415	0.1428643631775357	0.10665946884272472	0.2698412698412698	0.16327499779978116	False
27	2050-10-01	FGA	south	0.2764538507472017	0.07649264483556377	5.345176262872	0.05172024965153556	-0.9599230652643806	-4360.493314527106	6	152.0	152.0412799843374	0.7634248199465591	0.7722589208429036	0.8478260869565217	0.7756920260713167	False
28	2050-10-01	FGA	south	0.11925209286358546	0.01422106165234521	5.384296926285871	0.022148127136414533			1	17.0	16.76994517530365	0.2698412698412698	0.22281293112349637	0.2698412698412698	0.22281293112349637	False
29	2052-10-01	FGA	south	0.046068251780266814	0.0034667934969272543	0.7607742679319233	0.06055442950968626	0.9315623965106943	-1.167051776092657	28	5964.0	5963.856258648909	0.9967149899782353	0.9927209074981282	1.0	1.0	True
29	2053-04-01	FGA	south	0.1077233383123508	0.013764259817779506	1.778950593451127	0.06055442950968626	-0.7929148277037628	-7.10602173279465	24	5898.0	5897.749890584653	0.9996397105301634	0.9995797031772359	1.0	1.0	False
0	2025-10-01	FGA	tropics	0.23205826664415155	0.05424370023202825	9.987948906592308	0.02323382596510751	0.07793260354033538	-1707.8640953462184	22	317.0	316.06515649144785	0.47955599672788035	0.46036243091628376	0.875	0.7848621486816209	False
1	2025-10-01	FGA	tropics	0.13458061825378645	0.0181119428095714	506.71988182034477	0.00026559174621354487			1	10.0	10.05260505042049	0.3448275862068966	0.2301023330384499	0.3448275862068966	0.2301023330384499	False
2	2025-10-01	FGA	tropics	0.20350046643510872	0.04167657632898926	5.909915187024994	0.034433737201827644	0.35622891709584353	-166.3947984261852	23	3276.0	3275.994578846184	0.8125978264249605	0.8013672247421895	0.9803149606299213	0.9931951964522429	False
0	2026-04-01	FGA	tropics	0.23094646398141522	0.053362135002759305	29.7929802579333	0.007751707347905169	0.007684245330344591	-3840.319451036591	11	154.0	153.42436828446972	0.27217066964180875	0.25262536932174123	0.5151515151515151	0.4372572031268222	False
2	2026-04-01	FGA	tropics	0.23880655640015883	0.05715762562085244	7.254882241620018	0.03291666886474966	0.949789642300159	-91.45873528160257	39	4593.0	4592.979465474801	0.8886156028506526	0.8689178749282157	1.0	1.0	False
2	2026-10-01	FGA	tropics	0.2915082165473853	0.08505001367432988	10.159893724318051	0.028692053721944992	-0.8399220025352069	-17713.808729803528	14	940.0	940.0022945497998	0.9985422740524782	0.9884811829138985	1.0	0.9979798872044217	False
4	2026-10-01	FGA	tropics	0.036704013685891386	0.0013766717737370429	0.8583980330763037	0.04275873460980861	-0.9747234609592847	-544.0402206885238	3	78.0	77.88874144713606	0.7905652905652906	0.8008108777374311	0.8571428571428571	0.8423657007206115	False
3	2027-04-01	FGA	tropics	0.008165932788000292	8.25396943536731e-05	0.6647788561782673	0.012283683080634131	0.7364029873980947	-0.7255509225604775	8	97.0	96.57963626433613	0.0689474078099891	0.057438230143441196	0.171875	0.17767179514322876	True
4	2027-04-01	FGA	tropics	0.0016074118287726852	3.1946847985337678e-06	0.04028533131546581	0.039900672931926194	0.9989754476000072	0.995405739276129	29	4843.0	4843.001745672844	0.9372235639026436	0.931516541610685	0.9958847736625515	0.9814252353436167	True
3	2027-10-01	FGA	tropics	0.23080635927191664	0.05366957356215174	9.520750730913894	0.024242453751308495	-0.9087117660471855	-263.81966688670593	7	86.0	85.67788156410353	0.07112887045743978	0.06617775297432449	0.14925373134328357	0.11085985611916387	False
4	2027-10-01	FGA	tropics	0.05197412898123331	0.0031072628185320962	1.3929409253711205	0.037312514863030444	0.5780269966254847	-4.114978174055788	31	4835.0	4834.999972405549	0.9664876166311616	0.9562922610523865	1.0	0.9920407183643156	False
4	2028-04-01	FGA	tropics	0.29881427787802617	0.08933461912743858	8.81846200239713	0.03388507857683111	-0.6974220608891388	-28332.3307835143	5	100.0	99.94092096883992	0.9866666666666667	0.975971222800664	1.0	0.9917052265450105	False
5	2028-04-01	FGA	tropics	0.15217882856044598	0.02315839586202961	9.765111528545136	0.015583931439554024			1	12.0	12.006988273585959	1.0	0.9664326344983587	1.0	0.9664326344983587	False
5	2028-10-01	FGA	tropics	0.060423678304555785	0.00661955728556932	3.3433221085418134	0.01807294551433739	0.6690170175195432	-122.64032981750002	27	747.0	746.9627557497092	0.7408190995612299	0.7370272553795494	1.0	0.957891334400672	False
6	2028-10-01	FGA	tropics	0.1786897858561289	0.03202615559477793	4.771788689087352	0.037447128843902125	-0.3069384018687832	-511.13478914368795	12	380.0	380.2644289127022	0.42899440284614015	0.42276138231287935	0.6836734693877551	0.5976968117329307	False
5	2029-04-01	FGA	tropics	0.1686515819657443	0.028656182433818542	5.843202331202614	0.028862868750093997	0.8795382499284168	-192.3383197634642	42	1168.0	1167.8758309290874	0.530426960865484	0.5255253587274095	1.0	0.970941655685386	False
6	2029-04-01	FGA	tropics	0.17226889680884452	0.03157273400151804	4.782976992660582	0.03601708665402091	0.8022863654658925	-154.37517990264777	38	2143.0	2143.0878513170505	0.6679352762967666	0.6653278208745633	0.9148936170212766	0.864610744107624	False
5	2029-10-01	FGA	tropics	0.22128105000070855	0.049056911374072136	8.63761023072061	0.025618318503617843	-0.7371971143705397	-1245.596337563972	15	363.0	362.92018402253717	0.22460309879078139	0.2153994196353512	0.3728813559322034	0.32950013909019665	False
6	2029-10-01	FGA	tropics	0.22669434564379914	0.05161953491807461	9.38411452709139	0.02415724413734997	0.6630226527161296	-641.8699505580277	33	1800.0	1800.0261697356354	0.80111036435951	0.7945839096206314	0.9523809523809523	0.8512821806950501	False
8	2029-10-01	FGA	tropics	0.14670082255751613	0.02165153753835944	3.610371619789077	0.04063316411901293	-0.8833076839884829	-779.0147994439515	6	159.0	159.08352767727723	0.7940513332704354	0.760910162047427	0.9183673469387755	0.8870834189986364	False
6	2030-04-01	FGA	tropics	0.21256507386455858	0.04519532463111843	10.314015839858559	0.020609341420933243	-0.3705987892248588	-31048.613671633466	7	128.0	128.07932508512167	0.8509251547508956	0.7799268713763373	0.9523809523809523	0.86625372780486	False
8	2030-04-01	FGA	tropics	0.14596845100278283	0.029497145359983826	4.228135093686448	0.0345231284640707	0.931146552198491	-94.22811969846786	32	3302.0	3302.027787205593	0.9307051928065153	0.8896563142660895	1.0	0.9872097221154338	False
8	2030-10-01	FGA	tropics	0.20746461638610975	0.04404095227745017	7.998196125213253	0.025938925870060255	-0.7765184414039774	-177.0878886218848	36	3420.0	3420.0141230749728	0.95975046059329	0.9486893467177473	1.0	0.9881873399094326	False
8	2031-04-01	FGA	tropics	0.07473014225053214	0.005753901323860304	1.8849912787024303	0.03964482122271359	-0.3556925039048999	-133.09015662991436	10	274.0	273.7830072785981	0.9358542217123256	0.9223433870736117	1.0	0.9821431232511895	False
9	2032-04-01	FGA	tropics	0.00158646722275946	4.269260498864836e-06	0.13329037127729698	0.011902339287951844	-0.04948492883347993	-0.028958214026860718	15	268.0	268.09375691429256	0.9066607561946436	0.8869072138750252	1.0	0.8915120106975971	True
9	2032-10-01	FGA	tropics	0.16315838128399873	0.039473272649493615	13.400720349666628	0.012175344087980886	0.8243349758432114	-2361.4720915954467	41	1003.0	1003.0367627460424	0.8646656092896384	0.8607997146051494	1.0	0.9023009992352125	False
9	2033-04-01	FGA	tropics	0.23277031447418567	0.058681213562378876	16.96254871056731	0.013722602566746036	0.875333166489443	-2202.9991122283277	40	1031.0	1030.7772465393564	0.7193473593974	0.7097560731081984	0.9512195121951219	0.883889620828724	False
11	2033-04-01	FGA	tropics	0.07232478764671962	0.01168506929801732	6.7739174205268515	0.010676951482690862	0.38142582141858333	-5493.165598815098	19	365.0	365.1170357576368	0.5455110353255884	0.531197339439258	0.7692307692307693	0.7442637716646362	False
9	2033-10-01	FGA	tropics	0.001459013629221802	3.1808022803869906e-06	0.12968981632621954	0.01125002463995958	0.09213727362556128	-1.238186228340679	14	270.0	269.98820478073895	0.5318870126403482	0.4781215340162905	0.7380952380952381	0.6909607153638697	True
11	2033-10-01	FGA	tropics	0.004940323969608984	4.5658536841009894e-05	0.24873591815544693	0.01986172325350109	0.7099051873726157	-0.2899291901415313	38	770.0	769.8346455689123	0.44646732146688545	0.44689004983557806	0.7692307692307693	0.6052039484610384	True
12	2033-10-01	FGA	tropics	0.011845562250950877	0.0004286451094822743	0.1471931778375148	0.08047629941128852	0.5899668824225279	0.18674239658613212	21	454.0	454.04591860078074	0.21403016174310108	0.2003865861609946	0.36363636363636365	0.25604878190379626	True
13	2033-10-01	FGA	tropics	0.004652869400253345	4.501656004869692e-05	0.17036579729211496	0.02731105347557161	0.6210056829794817	0.11155560439400347	19	1947.0	1946.9902863958064	0.6347412576882335	0.6078037040068934	0.9076923076923077	0.9630071842385677	True
11	2034-04-01	FGA	tropics	0.12732280898434165	0.016546618352938143	9.304768085524213	0.013683609071613796	-0.34544982139308755	-1509.3966248201461	16	340.0	339.88271611821233	0.31178292942937286	0.29022067276511315	0.6888888888888889	0.5385477511992439	False
12	2034-04-01	FGA	tropics	0.12833144499909482	0.016770901113792213	5.199569862982961	0.024681165631164705	-0.013603684682074655	-153.51764894873327	23	483.0	482.94308502543583	0.19011887296188212	0.18463304385374632	0.36363636363636365	0.25746333311545866	False
13	2034-04-01	FGA	tropics	0.15888382187550967	0.026239250530815432	4.912413363372637	0.0323433331283073	-0.7492109617851241	-63.1424799382433	42	3772.0	3772.0641264120395	0.8164447487047375	0.8095449900135786	1.0	0.9871783443076505	False
13	2034-10-01	FGA	tropics	0.2877928691741229	0.08288637132704178	12.377595554271133	0.02325111269892918	-0.33895848176507387	-8684.75636410029	20	1246.0	1246.0230287268864	0.9726176701132868	0.9597906044816632	1.0	1.0	False
14	2038-10-01	FGA	tropics	0.16792631380500758	0.029409814608119277	12.203022186718066	0.013761043062576814	0.6048821327977862	-2977.604776523041	26	811.0	810.9049509739972	0.9973579348579349	0.9971387226943998	1.0	1.0	False
14	2039-04-01	FGA	tropics	0.06270611750086506	0.004479437176261109	4.918652383998081	0.012748637757949257	-0.7498968658052367	-77.00195487058352	49	1759.0	1758.98503651907	0.9589351319517772	0.9582604861314479	1.0	1.0	False
14	2039-10-01	FGA	tropics	0.07681653572858069	0.006036812867137526	5.647467288191104	0.013601944342237207	-0.5905843234398618	-396.2452233054942	28	918.0	917.9586728546078	0.8872843749646198	0.8823626587661085	1.0	0.9642930354385658	False
14	2040-04-01	FGA	tropics	0.2424673286658401	0.0588681142446455	18.691566279961894	0.012972017702217644	-0.9780255707913417	-17919.063314314528	3	40.0	39.67241148742016	0.7103174603174603	0.7094404800485709	0.75	0.7278476410655603	False
16	2040-10-01	FGA	tropics	0.007591136336076333	6.557711857627366e-05	0.7511346562309332	0.010106225658881687		-7.246860449461861	6	86.0	85.63730007812708	0.7372743951381722	0.6801515486803295	0.8235294117647058	0.7211218316406443	False
15	2041-04-01	FGA	tropics	0.1784073999982605	0.03182920037413932	537.1290051600846	0.00033215000173950467			1	12.0	11.912810908117704	0.26666666666666666	0.22166166138539478	0.26666666666666666	0.22166166138539478	False
16	2041-04-01	FGA	tropics	0.1543102385783568	0.027932944815856224	13.424631383821229	0.011494560570528936	0.7823206579361732	-3537.8914914692214	32	981.0	980.6680031988328	0.8017208846137125	0.7902812938693	0.98	0.9182382755576911	False
15	2041-10-01	FGA	tropics	0.2382401776323863	0.05675838223831098	222.81104060122436	0.0010692476323862974			1	12.0	11.80745092792398	0.26666666666666666	0.21055906941876798	0.26666666666666666	0.21055906941876798	False
16	2041-10-01	FGA	tropics	0.07700769039928697	0.007954937838888967	5.5181158691703045	0.013955431930947424	-0.6978749429386583	-153.32321761834947	49	1595.0	1594.9682136252081	0.8096029840397999	0.8093758534013485	0.98	0.8697601189180573	False
16	2042-04-01	FGA	tropics	0.006781394719125696	6.037540137646998e-05	0.45902101217027247	0.014773604125577933	0.42216634339853426	-2.872143263919142	25	681.0	680.9803249975052	0.7851946206811489	0.7704657655935158	0.9545454545454546	0.870580684522284	True
18	2042-04-01	FGA	tropics	2.0637747925733715e-05	4.2591663944612626e-10	0.015013772598068876	0.0013745877520742664			1	10.0	10.010423179174945	0.6666666666666666	0.730865442892512	0.6666666666666666	0.730865442892512	True
16	2042-10-01	FGA	tropics	0.23955278350845471	0.05738553608664857	24.793385247091198	0.009661963508454718			1	11.0	10.968635055806027	0.6111111111111112	0.4847342469384526	0.6111111111111112	0.4847342469384526	False
18	2042-10-01	FGA	tropics	0.09657265836952551	0.019333382650201538	8.14020192371349	0.011863668650306636	-0.48407708299753577	-1556.7850417541904	13	202.0	201.61445195066165	0.7615146019557784	0.7030769448223194	0.85	0.764261245114531	False
18	2043-04-01	FGA	tropics	0.2038790895835337	0.042118211376069095	4.762892571730924	0.04280572918936113	0.7063825217248725	-478.8546908816361	32	523.0	522.1330358612801	0.5576073598581608	0.5239455190105347	0.85	0.7057753797340663	False
19	2043-04-01	FGA	tropics	0.13300639355025928	0.024382296087233586	6.731591567107259	0.019758535886248905	0.8313435947630662	-1899.9946984963253	20	909.0	909.0573523163235	0.6875443334900037	0.6713621742181568	0.9431818181818182	0.9696908209270835	False
18	2043-10-01	FGA	tropics	0.001562984813815617	3.2586078724586868e-06	0.17493852165035673	0.008934480519616475	0.7813572470540529	0.33237751156226103	18	295.0	294.6458795847508	0.3947962834790799	0.38262266641610204	0.65625	0.66972055857573	True
19	2043-10-01	FGA	tropics	0.0014146003109265352	5.907519529783521e-06	0.047352143009398155	0.029874050486918286	0.9820663999895065	0.9629181178782215	46	2432.0	2432.211942187695	0.7747129645162364	0.7689481974494075	0.95	0.9032592717257287	True
19	2044-04-01	FGA	tropics	0.0018856810283679254	8.1442127805729e-06	0.11217276556196545	0.01681050671186541	0.9246813378304757	0.7920319808082525	27	1404.0	1403.9726104517467	0.7963291918060119	0.7726904842395934	0.95	0.9017831064869855	True
21	2044-04-01	FGA	tropics	0.002969961605796533	1.9410742679515436e-05	0.3030301565777437	0.009800878035828678	0.7549103806211712	0.29501854238890635	12	169.0	168.35779378445724	0.3534103809484673	0.31123033863995936	0.5769230769230769	0.3400879207675033	True
22	2044-04-01	FGA	tropics	0.0020106465967101705	6.513719224745122e-06	0.11796708090662815	0.017044132831443144	0.1321912460339506	-0.39415449417681936	17	400.0	399.9998971059576	0.5730215107337948	0.5520788093212312	0.8135593220338984	0.7390794745731246	True
19	2044-10-01	FGA	tropics	0.003558978625584087	1.2666328857364397e-05	0.2369380519659361	0.015020713625584088			1	11.0	10.950900115968258	0.36666666666666664	0.25182347630754864	0.36666666666666664	0.25182347630754864	True
21	2044-10-01	FGA	tropics	0.009221985395650131	9.119084299140654e-05	0.8812954989356919	0.010464124016050442	0.9787918537666686	-1.2234959847583546	30	448.0	446.97938553753045	0.28414477403669597	0.25867894688413745	0.5769230769230769	0.3326521452161285	True
22	2044-10-01	FGA	tropics	0.010464688912944477	0.00011887885445297444	0.6840831757374982	0.015297392603849198	0.9792652690258478	-1.1513657293348607	43	1620.0	1619.814413414091	0.7048073665110595	0.6982835575005715	0.9459459459459459	0.8630678008316888	True
21	2045-04-01	FGA	tropics	0.2122734245421156	0.04565714802719342	22.69209714658399	0.009354508892276212	-0.9128786362653519	-8414.289672483012	15	229.0	228.33254938046565	0.22786122728126879	0.20551952759557557	0.3924050632911392	0.27456671814577566	False
22	2045-04-01	FGA	tropics	0.09743464884179788	0.023441284663008124	8.670735300747635	0.011237184098261719	-0.8956261280787644	-916.2922700824591	43	1513.0	1512.8120506604	0.8434685202263615	0.8332918502358613	1.0	0.8931256292957657	False
22	2045-10-01	FGA	tropics	0.22422395962588582	0.05041909544971721	20.412908371606843	0.010984420031873958	0.22905078735579784	-17647.394924131593	17	325.0	325.0134115108085	0.8918746403121234	0.8704136894393205	1.0	0.8782569536426814	False
23	2046-10-01	FGA	tropics	0.001774855676275014	4.978815738072111e-06	0.10845851875936005	0.016364373186885724	0.6238065794263995	0.14768796153963648	18	383.0	382.922607478612	0.9488025425573099	0.9473176650271111	1.0	0.9895575287764502	True
23	2047-04-01	FGA	tropics	0.001543596224350279	3.701316312559855e-06	0.09461918389026659	0.016313776560791787	0.9697957130404417	0.8974169717143284	44	1456.0	1455.9145990747795	0.9676361400973721	0.9656811003038395	1.0	0.9925042131833188	True
23	2047-10-01	FGA	tropics	0.17687603880192979	0.031790581371564375	15.076277620334347	0.01173207626286781	0.7573627725876314	-1581.9299013476611	47	1469.0	1469.3175158290708	0.8838170390584289	0.878894338934798	1.0	0.9932206196068014	False
23	2048-04-01	FGA	tropics	0.22128926670714885	0.049035161022902764	17.406060860211742	0.012713345568783499	-0.3459000389550476	-9442.030658227897	21	374.0	374.0577654048004	0.7615229405131699	0.7519253653134096	1.0	0.9401148985809986	False
24	2048-04-01	FGA	tropics	0.1268513721676415	0.02071798110225754	11.709170700324082	0.010833506096561609	0.7594147769574262	-2979.3965291314043	19	321.0	320.7110967989782	0.564557686542706	0.5443111441734912	0.7407407407407407	0.5848806625265386	False
25	2048-04-01	FGA	tropics	0.14227983732369662	0.02382966757366222	15.606067336880397	0.009116956517767909	0.8912929432374086	-1535.115494101991	14	185.0	184.60660547771707	0.4215213052905062	0.3820076343887853	0.5769230769230769	0.4037640489963771	False
24	2048-10-01	FGA	tropics	0.032905982284020294	0.002556694022876854	3.866645429999109	0.008510214572228796	-0.12999791200269778	-107.11139693244814	40	709.0	708.5912657712831	0.5270359517803984	0.5088267700654823	0.7407407407407407	0.5509009266092447	True
25	2048-10-01	FGA	tropics	0.03833303506008187	0.003076562783208385	4.234218297279714	0.009053155120676948	-0.304878135456246	-144.74180946272918	33	496.0	495.11350490633134	0.42808523273209803	0.4013452059529686	0.5769230769230769	0.430010544631847	True
27	2048-10-01	FGA	tropics	0.05579730739849586	0.0032038632243393678	3.498364458877289	0.015949541008200896	0.43284922284734073	-10238.560458887792	3	37.0	37.058577353528825	0.44433416046319274	0.3736529103782229	0.5483870967741935	0.4082264411624208	True
24	2049-04-01	FGA	tropics	0.004616709348218039	2.5933800379325456e-05	0.47216972963546755	0.009777647863581405	0.8709243046981631	-0.7492597373291623	20	349.0	348.8181916232335	0.48782293236830626	0.47078587369561886	0.6666666666666666	0.5345640988946859	True
25	2049-04-01	FGA	tropics	0.003474197731563706	1.6301191360159705e-05	0.41071337633834615	0.008458934945185856	0.7882340904409024	-0.02293673974995314	18	281.0	280.6159229361231	0.425942860831425	0.4115687077425185	0.5641025641025641	0.45390501881096423	True
27	2049-04-01	FGA	tropics	0.0038864984355798733	2.9875991932264352e-05	0.24200000511717215	0.016059910551233663	0.7775319927709498	0.11376978850077546	28	1395.0	1394.923653651187	0.7912664440521515	0.782632128667559	1.0	0.9794322039349934	True
25	2049-10-01	FGA	tropics	0.20972520954815174	0.043984663520016155	19.58990549028809	0.010705779548151741			1	11.0	11.246420128179826	0.2972972972972973	0.2704316659313813	0.2972972972972973	0.2704316659313813	False
27	2049-10-01	FGA	tropics	0.20778533471729513	0.043716076660898745	11.673058280625122	0.017800419540625105	0.9202656715464136	-375.8947485332384	49	2402.0	2402.0084773518747	0.8935734844101618	0.8925452690490133	1.0	0.9786923170322323	False
27	2050-04-01	FGA	tropics	0.1170673068084699	0.013762859448625101	7.740297388410914	0.015124393926226633	-0.28943206109770453	-1940.8981466107216	26	931.0	930.9813590201375	0.9216008385417397	0.9223725404792291	1.0	0.9693281802421126	False
28	2051-10-01	FGA	tropics	0.1667572966217303	0.027942545044759282	16.067460271597827	0.010378572207612942	-0.16282704541295737	-8667.143176585192	11	185.0	184.87010737377676	0.8420156422934446	0.8547341823157624	1.0	0.9618682397645065	False
28	2052-04-01	FGA	tropics	0.21608557371709017	0.04731175318738205	2.5496516383321026	0.0847510187150297	0.9340494303783047	-125.08586535740132	30	590.0	589.7839129905752	0.4802149955935023	0.48092090211829414	1.0	0.9875857449204903	False
29	2052-04-01	FGA	tropics	0.07420640531427751	0.012160595014614462	2.259391866898815	0.03284353033284632	-0.660498710617726	-38.08591829732701	26	3622.0	3622.101499766738	0.795915551933335	0.7861715110529093	0.9853479853479854	0.9974909300727202	False
28	2052-10-01	FGA	tropics	0.2837854387236748	0.08079349793086729	6.193728281746221	0.045818193148709795	-0.2782880630769311	-399.3970807457492	17	367.0	367.1407993541962	0.23739364376419517	0.2355178136453364	0.5555555555555556	0.5163605893236034	False
29	2052-10-01	FGA	tropics	0.11060553121591771	0.012402245878247318	3.0347060186936883	0.036446868505414134	0.826227034836831	-22.368396864454873	41	4372.0	4371.8847371768015	0.8949527946528278	0.8966320157491167	1.0	1.0	False
29	2053-04-01	FGA	tropics	0.2052179787614397	0.04213959151955225	7.206317371545712	0.028477510520386877	0.5371030738302998	-3949.9514241880256	15	536.0	535.5843626039052	0.994285461404558	0.9945740464961216	1.0	1.0	False
0	2025-04-01	GARW	north	0.008141311203788026	0.00010895734542203796	0.20997702746067157	0.03877239001925048	0.8545613692526383	0.32994817750056193	11	379.0	378.963069280748	0.656396294511818	0.6852929886751871	0.8823529411764706	0.9188690334312236	True
1	2025-04-01	GARW	north	0.000817778716502104	6.687620291638285e-07	1.2808052540102401	0.000638487946502104			1	15.0	14.823066716534289	0.16483516483516483	0.19162984339851785	0.16483516483516483	0.19162984339851785	True
2	2025-04-01	GARW	north	0.005887503922226747	3.774911199171741e-05	0.09449703968293822	0.06230358053522979	0.9587443744004602	0.007747002236641376	5	155.0	154.98190114026744	0.34746092206137114	0.35117747301104185	0.5929203539823009	0.5458595704146865	True
0	2025-10-01	GARW	north	0.005546358111067418	4.5071497265581254e-05	0.13479430875474763	0.04114682706047163	0.9827405187998012	0.894324552697861	19	565.0	564.9390172030757	0.4802490250711168	0.4948429397356002	0.8823529411764706	0.6970422922555616	True
1	2025-10-01	GARW	north	0.008849859592479109	0.00011447043473550327	0.5744077486194054	0.015406929335040889	1.0	-13.595978582531314	2	26.0	25.967043152869337	0.13196713196713197	0.05368621496498032	0.16483516483516483	0.07431442701907545	True
2	2025-10-01	GARW	north	0.0034330565092559285	2.514542453864214e-05	0.07798107197736422	0.0440242282159503	0.9709799279272489	0.9170488846840937	31	1339.0	1338.960467419928	0.7921619466835036	0.7721870073576153	1.0	0.9831894717403458	True
0	2026-04-01	GARW	north	0.017063878969297223	0.00042687358631481146	0.5292864947478187	0.03223939990652396	-0.7192026318031486	-7.233859082400304	6	123.0	122.92853402549568	0.2020107574022548	0.20526708677300753	0.32432432432432434	0.2721954055141888	True
1	2026-04-01	GARW	north	0.03679949883810757	0.0013542031147358803	3.3209093803051237	0.011081151161892424			1	11.0	10.83805713624833	0.0990990990990991	0.07116626663187015	0.0990990990990991	0.07116626663187015	True
2	2026-04-01	GARW	north	0.021311426456562192	0.0008330308342705153	0.44101598623275456	0.048323478336031754	0.4943846816919384	-1.242912166643651	50	4650.0	4649.973280873033	0.8579277123071626	0.8516856523462556	1.0	1.0	True
3	2026-04-01	GARW	north	0.019092177981094298	0.0004863214508149542	0.32102901688119667	0.05947181400166	0.9770570216129277	0.2964651625228747	16	948.0	947.98140255569	0.28364865013435686	0.2860832487906684	0.6074766355140186	0.575452527383579	True
2	2026-10-01	GARW	north	0.16536292436534286	0.033948826835514624	3.2670681001199617	0.05061508340131355	0.9925100533595239	-40.841584937840594	27	3544.0	3543.8805466949557	0.7475395010343038	0.7508467840440526	0.983739837398374	0.998851406074293	False
3	2026-10-01	GARW	north	0.12103261376272365	0.020609257314385333	1.6694276162148614	0.07249946783385804	-0.033554210193962916	-15.997332455139013	23	1135.0	1134.921365243932	0.42418705441821913	0.413443393429565	0.8461538461538461	0.7710502129750274	False
2	2027-04-01	GARW	north	0.012427361756889445	0.0001544393202365983	0.29635876335263417	0.041933505243110555			1	14.0	13.848434230890085	0.2978723404255319	0.27425919307381574	0.2978723404255319	0.27425919307381574	True
3	2027-04-01	GARW	north	0.0036749887307512643	1.7129495294472768e-05	0.08316680152140722	0.04418816960040622	0.9787025482214206	0.24876244559710858	5	107.0	107.0732914675138	0.7738878001968963	0.7467871134742913	0.8461538461538461	0.7658485515704028	True
4	2027-04-01	GARW	north	0.004243342681349552	2.0534875812257624e-05	0.06499493473102379	0.06528728275380656	0.9947964279741464	0.9570583455719758	17	2106.0	2106.036350532828	0.9891036619035882	0.9864558843964578	1.0	1.0	True
4	2027-10-01	GARW	north	0.18663812031566868	0.050951734501164817	3.5399354926748723	0.05272359360837951	-0.8078309313871057	-35.19003590239208	26	3005.0	3005.2277932877582	0.9920255504255626	0.9913814423055202	1.0	1.0	False
4	2028-04-01	GARW	north	0.002034387137736195	7.310102107166629e-06	0.04136633417687548	0.04917977815093545	0.9983494408353495	0.965633267910755	9	542.0	541.9839017966032	0.913127173373075	0.8900211812413897	1.0	0.9967637597651755	True
5	2028-04-01	GARW	north	0.004383907835428337	2.4210036779345066e-05	0.10464760171283378	0.041892100379503514	0.9633811203429228	0.17696799966104382	9	319.0	318.98344537618584	0.8161083571513719	0.8093610372281925	0.9210526315789473	0.9317245460296008	True
4	2028-10-01	GARW	north	0.011726214434620044	0.00019967081548336458	0.6169687688438705	0.019006171830372613	1.0	-0.032359512208536056	2	24.0	24.206237915205797	0.16525914886570625	0.1319704525871648	0.22950819672131148	0.17219226091769183	True
5	2028-10-01	GARW	north	0.03464057708022943	0.0022847994994861357	0.8410874816664429	0.041185462672201724	-0.7018192767742699	-2.820721900351435	24	1219.0	1218.9288464422773	0.8954968431911121	0.8856113167981464	1.0	0.9560613105130464	True
5	2029-04-01	GARW	north	0.022024911981637644	0.0014690632616853347	0.12702724529737627	0.1733873070306797	0.5650147240234121	0.2088778695787995	34	1444.0	1443.9912230073257	0.5702895948702088	0.5759356914442836	1.0	0.9732621193355899	True
6	2029-04-01	GARW	north	0.016940034559231886	0.0005007660227848557	0.20045214393249525	0.08450912136383362	0.7779463148937692	0.3532998613881211	17	1647.0	1647.0047473134432	0.46272111870377114	0.43497178462233316	0.5308641975308642	0.5041855737494161	True
7	2029-04-01	GARW	north	0.015363326542348966	0.000421396599204942	0.1713646324933873	0.08965284328983003	0.8514851762833149	0.4497076515078391	15	1186.0	1185.9586886161935	0.32249496233015595	0.311611501835264	0.44660194174757284	0.4710263063297335	True
5	2029-10-01	GARW	north	0.011679967851948048	0.0002943228055733126	0.17413832236093973	0.06707293198643985	0.8708949468189148	0.7285013334400621	22	717.0	716.8748850642127	0.2852407266647173	0.277180764192504	0.8461538461538461	0.5827333709169427	True
6	2029-10-01	GARW	north	0.008973073156621717	0.00021638301101346955	0.10831813252565478	0.08283999130520898	0.9268461008997355	0.8492905012528346	23	1860.0	1860.0322986785561	0.4466567098346288	0.4285919868107167	0.5308641975308642	0.47613557124971073	True
7	2029-10-01	GARW	north	0.00665177284316753	0.00015738448302174678	0.07581848893817601	0.08773285957454949	0.9524755418696278	0.8934247621427066	22	1451.0	1450.9433394034609	0.3685625049011349	0.3362085098648061	0.5116279069767442	0.41140567491513447	True
5	2030-04-01	GARW	north	0.028362494400763667	0.0008044310886333504	0.6093214686139515	0.046547669599236334			1	12.0	11.515666760154918	0.0967741935483871	0.08149511007253325	0.0967741935483871	0.08149511007253325	True
6	2030-04-01	GARW	north	0.010877772393723482	0.00013854185253786647	0.19321919747405883	0.05629757568568675	-0.3371195679623179	-2.4908526271598963	5	147.0	146.7802651536294	0.39835019372194236	0.37616701302167865	0.5121951219512195	0.42678670385103346	True
7	2030-04-01	GARW	north	0.01105649651527528	0.00014069128395142373	0.21130089126243445	0.05232583946625751	0.2864606560164863	-2.1629611255106718	6	189.0	188.87205979065857	0.465493875248163	0.4463123651837355	0.5116279069767442	0.47506173597471574	True
8	2030-04-01	GARW	north	0.005141501380300368	3.351671776989755e-05	0.14132230852062952	0.03638138545939361	0.966444663425659	0.9136892113409172	23	2732.0	2731.9896037870126	0.9983376290653395	0.9806277305452894	1.0	0.9974550018682405	True
8	2030-10-01	GARW	north	0.1287948754655408	0.01953964409370372	2.1167709963777948	0.060844973634811596	0.6094203372908699	-18.180369265531258	31	3063.0	3062.8545899521177	0.993605202948173	0.9835078606530744	1.0	1.0	False
8	2031-04-01	GARW	north	0.4614149653499447	0.2258725955452107	7.635859663062374	0.060427376315202404	-0.9064932181037986	-4435.551471438101	6	157.0	156.3508316765249	0.9756474519632414	0.9955027133204414	1.0	1.0	False
9	2033-04-01	GARW	north	0.011522200335730587	0.00021356816767894646	0.29356297356840294	0.03924950137843527	0.9952048682264328	0.119974131623935	14	567.0	567.0163289344429	0.3529369828326136	0.3509957958137198	0.6470588235294118	0.5615433432658743	True
11	2033-04-01	GARW	north	0.012090318159873544	0.0002912825524955736	0.20934357931635933	0.05775347015349678	0.979918767373976	0.06997977140620315	13	1445.0	1445.0133920095031	0.6295580719551973	0.6251668410811461	0.7888446215139442	0.7844708351604698	True
12	2033-04-01	GARW	north	0.0322086627402562	0.0010373979555155682	1.416200821852997	0.022743005259743803			1	16.0	15.81777105554403	0.05555555555555555	0.027536724206219738	0.05555555555555555	0.027536724206219738	True
9	2033-10-01	GARW	north	0.00463406954612641	3.647103834367499e-05	0.09091182605950136	0.050973231393388066	0.9979403976044168	0.9647899198626531	20	701.0	701.0437129285617	0.28902011160355195	0.2939280053661585	0.6470588235294118	0.5260266597367785	True
11	2033-10-01	GARW	north	0.0043501106270439445	3.0609991526647745e-05	0.07678120937110768	0.056655927442071076	0.9986836680683866	0.9786193901151284	24	2346.0	2345.993190242867	0.7044629327285398	0.6942762686910798	0.8888888888888888	0.7918025905635425	True
12	2033-10-01	GARW	north	0.0037313735352751116	2.062908647996016e-05	0.11178428119939349	0.03338012728837368	0.9982328209910091	0.959090178061323	3	43.0	43.01017526840215	0.0798089341396428	0.07075970957604844	0.12087912087912088	0.10288338641844645	True
9	2034-04-01	GARW	north	0.016426335969816557	0.00028898483187399986	0.3717640137576154	0.04418484673593578	0.9548740025831458	-32.979501206532724	3	42.0	41.88655782245666	0.12448836225744249	0.11960577862413589	0.13013698630136986	0.12954270667788578	True
11	2034-04-01	GARW	north	0.024092303118868567	0.0007461908938285782	0.467840878187513	0.05149678927631512	0.9662204705412194	-9.016747408925864	8	422.0	421.9780747553343	0.791990525740018	0.7459192111446864	0.8888888888888888	0.7974101473088178	True
12	2034-04-01	GARW	north	0.025845641150301444	0.0006679971664701553	5.441862229312583	0.0047494111503014426			1	11.0	10.784152456111402	0.12087912087912088	0.09636715827551955	0.12087912087912088	0.09636715827551955	True
13	2034-04-01	GARW	north	0.012872613353675197	0.00030160564266015755	0.25668576694697015	0.050149307095529796	0.9219851476981963	0.6395667469665347	26	4453.0	4452.983141613491	0.9677649935263263	0.9401501994535235	1.0	0.997335626980326	True
13	2034-10-01	GARW	north	0.07010169306574922	0.007276135621315287	1.2620242857958672	0.0555470238209728	0.3180424204384812	-5.014655102601036	27	4590.0	4589.959794411704	0.979005513393046	0.9785937712607854	1.0	0.994341581327643	False
14	2039-10-01	GARW	north	0.2054058202084114	0.049665816594492984	7.969536416211484	0.025773873093870137	-0.923788377803812	-283.4325252243087	12	176.0	175.53518748322543	0.8840421152921154	0.879308517959084	1.0	0.9543007921828932	False
14	2040-04-01	GARW	north	0.13895543311329375	0.019895704565788964	5.410386496107437	0.025683088114549082	0.9331054520424488	-448.2716718305205	4	52.0	51.74535377423891	0.8460470085470086	0.8012437275989638	0.9333333333333333	0.8201907825298701	False
15	2040-04-01	GARW	north	0.12349364571919874	0.029793007710246837	2.5541712578221247	0.04834979069668905	0.8387161600868556	-135.43348853039046	16	1005.0	1004.9999527768609	0.8705786508118554	0.8700201930861169	0.9375	0.9157947128538793	False
16	2040-04-01	GARW	north	0.055112639133010725	0.0031553599131761405	4.789141194038998	0.011507833429845198	1.0	-348.17318364061515	2	26.0	26.000002463915735	0.09317617866004962	0.0717663787858802	0.11538461538461539	0.07218808277682881	False
15	2040-10-01	GARW	north	0.03210999910370381	0.001868519239431575	0.6802306742158363	0.04720457386124188	-0.5154160585500129	-0.881388953736554	27	1649.0	1649.075467401528	0.8907766446162229	0.8802369182394729	0.9583333333333334	0.9227315768445313	True
16	2040-10-01	GARW	north	0.012932181823302448	0.00018105633389599302	0.9480109353937581	0.013641384651255148	-1.0	-15.265728343729787	2	26.0	25.936092377495896	0.09317617866004962	0.07275140358229099	0.11538461538461539	0.0735539588489538	True
15	2041-04-01	GARW	north	0.006197475929657747	5.824620150005828e-05	0.14586531650385098	0.042487659700063976	0.9862293354392023	0.1275520807500765	9	403.0	403.1176356027991	0.921686904134722	0.9235695091583518	0.9583333333333334	0.941072192562368	True
16	2041-04-01	GARW	north	0.01236677579954696	0.0001671570223893219	0.8660012799061437	0.01428032046429222	0.9965340688390012	-4.546188675765039	4	47.0	46.977352637344865	0.3191239316239316	0.2963093019278823	0.4	0.3242674487501582	True
17	2041-04-01	GARW	north	0.010830964386256822	0.00014102975743871454	0.3506342772565478	0.030889633697541084	0.9555931374786818	-1.667173555683204	10	199.0	199.07844942680765	0.6282052976535735	0.6194233319402404	0.7727272727272727	0.6874405471217868	True
16	2041-10-01	GARW	north	0.0040380700513747755	2.1970113352043065e-05	0.23544273463972504	0.017150964787908358	0.9732212610039254	0.7578878599474486	8	93.0	92.78927170209832	0.33862341362341364	0.3173967839178127	0.43333333333333335	0.3553855546095602	True
17	2041-10-01	GARW	north	0.002702851405473197	1.205550740731674e-05	0.08524527082838827	0.031706760729453824	0.9912414489066665	0.9660620002836561	18	340.0	340.211205711249	0.6385167215435414	0.6213269344139836	0.8666666666666667	0.6548250141040822	True
16	2042-04-01	GARW	north	0.011714264563896657	0.00021372046969919456	0.5307843573645915	0.022069724552659004	0.9330116990232338	-1.2461595882481964	4	45.0	44.885689613996085	0.3232085346215781	0.26365100610368863	0.43333333333333335	0.35144132957121665	True
17	2042-04-01	GARW	north	0.008322547104632892	7.649860476489466e-05	0.2968402707208685	0.028037122740866036	0.893439216114649	-1.7485317155597766	6	93.0	92.878672088273	0.6531372948039614	0.6218540155512849	0.8666666666666667	0.6356880521718273	True
18	2042-04-01	GARW	north	0.009182858251055867	0.00012598327586923975	0.2029631013380007	0.04524397878490914	0.8942106050933323	-0.09321495511821887	7	183.0	183.0023687746932	0.6730466225157833	0.6440600278359957	0.8	0.7523290327296352	True
16	2042-10-01	GARW	north	0.0064945919987426035	5.566094321685192e-05	0.29332539933137236	0.022141253411899747	0.9978322616635461	0.7424609600333059	3	32.0	32.04155091229167	0.23248792270531402	0.1891784338136311	0.25	0.23372438006878038	True
18	2042-10-01	GARW	north	0.0014413638276053833	3.5820653231192843e-06	0.0406987664100466	0.03541541807639602	0.9966226541422226	0.9924198101851939	20	553.0	552.6716557205731	0.7884017597291239	0.7682043530860246	1.0	0.8994584157413464	True
18	2043-04-01	GARW	north	0.0018250259284994588	6.106103418282661e-06	0.05134495095202418	0.035544408839824015	0.995315062462123	0.9886091644572788	32	1844.0	1843.894355294343	0.7777902137717374	0.7598279425409737	1.0	0.9383346222653077	True
19	2043-04-01	GARW	north	0.0019687311072423387	5.245601321833148e-06	0.03831938707736694	0.05137689450166479	0.9991506458236409	0.9803938159076011	10	562.0	562.1192138652589	0.23299544563830663	0.22336259540707118	0.29044117647058826	0.3295140555131723	True
20	2043-04-01	GARW	north	0.002742152249600514	8.96450616697107e-06	0.04844224283074034	0.05660663275195026	0.9992535128188484	0.9698134089099766	10	522.0	521.9999904979751	0.21206673357111816	0.2094110672907314	0.340080971659919	0.332384315173155	True
18	2043-10-01	GARW	north	0.0020343510044397045	4.853675714417782e-06	0.03507541278982408	0.05799934605559086	0.9988028327651162	0.9948445812380137	27	1781.0	1780.8957036466074	0.6215459056550565	0.6277801392573478	1.0	0.944665891030581	True
19	2043-10-01	GARW	north	0.0011011845553651836	1.6485143088007276e-06	0.02091030729128896	0.052662284682154184	0.9996632219215966	0.9983525073908571	18	899.0	899.071780581048	0.29155740682446135	0.27397208526914685	0.5588235294117647	0.3547078718232271	True
20	2043-10-01	GARW	north	0.002305287901323484	6.862812998210499e-06	0.03756729147250787	0.06136422965202369	0.9971685708633602	0.9937981200402447	21	972.0	971.9998264493124	0.35272004269133855	0.3375732231134781	0.6666666666666666	0.6107255534644509	True
18	2044-04-01	GARW	north	0.008574781693263681	8.128749077244406e-05	0.16311389905604373	0.052569288962417006	0.9801255662675878	-2.1697470690171072	5	109.0	109.07862983616732	0.1942851040034622	0.1965125549269618	0.275	0.22976199438522918	True
19	2044-04-01	GARW	north	0.005502863389566757	3.9716664630485336e-05	0.14324687180893636	0.038415243000255624	0.71237579713185	-1.0791347029960683	6	189.0	188.92252768216605	0.37531676671316205	0.3546785660767607	0.5588235294117647	0.39663201477775833	True
20	2044-04-01	GARW	north	0.004753396780368539	3.518302247014749e-05	0.11581246584265033	0.04104391306914046	0.7867930209361532	0.46627066218543967	8	268.0	267.96552696375625	0.48028166457583543	0.4620355648597521	0.6111111111111112	0.5066622848748339	True
21	2044-04-01	GARW	north	0.010594370018196768	0.00016386209858493814	0.5078211515116619	0.0208624039913656	1.0	-0.1564395156150966	2	24.0	24.000004890870997	0.07441950464396285	0.04947293749843307	0.07647058823529412	0.05390984977903252	True
22	2044-04-01	GARW	north	0.0030088664486216934	2.0917750713417886e-05	0.06437581377986738	0.04673908214831256	0.9779689081910421	0.9217653310411497	16	1358.0	1357.9739371936103	0.9195341280126588	0.9036857238903635	0.9805194805194806	0.9438884233030173	True
21	2044-10-01	GARW	north	0.0662265576785594	0.004570634207916237	3.537299022725004	0.018722352069501014	-1.0	-98.3632420944299	2	24.0	23.52830761117528	0.07441950464396285	0.03944263804056018	0.07647058823529412	0.04301461131430057	True
22	2044-10-01	GARW	north	0.03652123160507996	0.002307252850090142	0.7653091863447615	0.047720884913862296	0.6069171560992535	-1.4506601424799976	27	2057.0	2057.0106792902534	0.9261513896511177	0.923361123286473	0.9805194805194806	0.9808430138940857	True
22	2045-04-01	GARW	north	0.01025056464801035	0.0001474826734314295	0.2183687299295525	0.04694154081180609	0.9086720647502868	-1.951096612435883	8	342.0	342.0498498144694	0.9344065333138112	0.9552921305294059	0.9615384615384616	0.9660638127888784	True
23	2046-04-01	GARW	north	0.0037153786176722377	1.6246427745060492e-05	0.089210889784919	0.04164714225617239	0.9689618982338717	0.808700248946919	11	372.0	371.92103543615286	0.928311425476606	0.9163235280840929	1.0	0.9608593040265346	True
23	2046-10-01	GARW	north	0.001455490127333112	4.628346877134479e-06	0.032971267810318505	0.044144196568553236	0.9990055254068423	0.993089927887843	25	881.0	880.807446500857	0.9516466464844998	0.9488311060123976	1.0	0.9641997680105499	True
23	2047-04-01	GARW	north	0.001416903083717398	3.2496641149998297e-06	0.044983670125449716	0.03149816544016889	0.9970118907408888	0.9932216884973772	32	1619.0	1618.8534914630231	0.9268798063573549	0.9224494220206113	1.0	0.9877260737610487	True
24	2047-04-01	GARW	north	0.01655164258885726	0.0002741667926557376	1.1580649833663283	0.014292498975959031	1.0	-44.919435463235246	2	21.0	21.159932404968618	0.08720209395233502	0.07268000931435473	0.09243697478991597	0.0770248823989572	True
25	2047-04-01	GARW	north	0.0007318322779066742	7.17499898156171e-07	0.02514769863110281	0.029101361863846265	0.9978746043054627	0.9895189868667101	6	110.0	109.8550993550184	0.1429718204255493	0.14195555545198826	0.21008403361344538	0.176790518509082	True
23	2047-10-01	GARW	north	0.0013010158680929248	3.361080447992054e-06	0.02459257474598023	0.052902792063510215	0.9980893235514258	0.9955105395647794	29	1554.0	1553.9742361414576	0.8097888290467555	0.788582832470601	1.0	0.9608149392980339	True
24	2047-10-01	GARW	north	0.012375614064879595	0.00016928238865197314	0.8045094235017525	0.015382808085718633	0.8955205684737773	-2.4625672816706166	4	45.0	44.97676648481536	0.11573144780906704	0.0700452113629213	0.19117647058823528	0.07585951795695983	True
25	2047-10-01	GARW	north	0.0010461261985216627	3.8905629287356725e-06	0.03224572643605115	0.03244232070864683	0.9951188394074879	0.988191682411696	14	253.0	252.7793420196903	0.2527080499595909	0.23657658789296937	0.6470588235294118	0.44599981078148465	True
23	2048-04-01	GARW	north	0.009523992713655385	0.00010429722208772996	0.18253119034999654	0.05217734402210107	0.3920037104560166	-0.11524131005786131	7	185.0	185.08679333270854	0.5782893116014557	0.5570349543638995	0.7692307692307693	0.5914184747255624	True
24	2048-04-01	GARW	north	0.00634798583237929	5.852480770294283e-05	0.20542485530676913	0.030901741772676874	0.9877210046161766	0.8225277306294518	7	92.0	91.87951121655975	0.27976253207023477	0.24391754773342292	0.44	0.27235373127412216	True
25	2048-04-01	GARW	north	0.004598347529183874	4.841037222201499e-05	0.15135312239217438	0.03038158352140893	0.9348976046112011	0.8544308593983952	18	377.0	376.7802168263811	0.5538617169904856	0.5302811603676104	0.7647058823529411	0.6763073014811558	True
26	2048-04-01	GARW	north	0.015590247126767234	0.00024305580547367398	2.3857878502467442	0.006534632626767234			1	11.0	11.006522949597155	0.22916666666666666	0.10764804429691348	0.22916666666666666	0.10764804429691348	True
24	2048-10-01	GARW	north	0.014533543186365926	0.00030203229447898437	0.42783105920166925	0.033970285405378116	-0.23655607749237656	-0.23646387545917102	6	79.0	78.69297120023049	0.29452687565056795	0.2530127087780382	0.44	0.2707746154395762	True
25	2048-10-01	GARW	north	0.028532519454724643	0.0018616508430628835	0.7832701368596652	0.03642743175313561	-0.904996946565523	-3.2706545154009747	20	436.0	435.94319832319184	0.6564744293629712	0.6435028442663091	0.8333333333333334	0.7160031093187326	True
26	2048-10-01	GARW	north	0.014209160994014376	0.00020190025615381962	2.992977562106274	0.004747500005985624			1	11.0	10.853835290904044	0.22916666666666666	0.12157329859967028	0.22916666666666666	0.12157329859967028	True
25	2049-04-01	GARW	north	0.008958670837326625	9.582695285036828e-05	0.26170928922759656	0.03423138270623508	0.9590731327043871	0.2555355497746339	6	113.0	112.90472318154045	0.6849450549450551	0.6738196011003338	0.8333333333333334	0.7068666863881772	True
27	2049-04-01	GARW	north	0.016038397182421914	0.00043024681094781044	0.28865161436697806	0.05556316467376986	0.9741088031160612	0.37494413017457173	16	2805.0	2805.0235058975613	0.9236268483433818	0.9071125747953319	0.975177304964539	0.9808506413550563	True
27	2049-10-01	GARW	north	0.06433228026741211	0.006028635138771403	1.1078466534266789	0.058069661598404466	0.34602303130325973	-2.5600328431658297	25	3639.0	3638.9874229532334	0.9431885947941774	0.9266640711918167	1.0	0.970966513625598	False
27	2050-04-01	GARW	north	0.4777676746689917	0.23936508077506136	8.202623889833157	0.05824571272384763	-0.9564104669322663	-4363.590632839449	7	443.0	442.77762704820145	0.9769220531564006	0.9753143278041269	1.0	0.9816380454168184	False
28	2052-04-01	GARW	north	0.04411946746414237	0.0019465274093195175	0.6172824809217663	0.07147370746414237			1	11.0	10.655754093806223	0.021032504780114723	0.015587553746813013	0.021032504780114723	0.015587553746813013	True
29	2052-04-01	GARW	north	0.0034997091302397185	1.796273997051856e-05	0.052402552632274564	0.06678508878753091	0.9965255383127715	0.9779639138877101	14	3516.0	3516.0023387367974	0.952707258725699	0.9449465700653191	0.9949367088607595	1.0	True
28	2052-10-01	GARW	north	0.05481721779257483	0.003004927366518582	5.984373359332203	0.009160059792574822			1	11.0	10.676379142390704	0.021032504780114723	0.04506062643836225	0.021032504780114723	0.04506062643836225	False
29	2052-10-01	GARW	north	0.06594117912198506	0.006496853561595055	0.9894555356070825	0.06664390338826769	-0.1404269914546148	-1.9695712539846855	24	4702.0	4701.895774453527	0.9710381020397193	0.9565939148732188	1.0	1.0	False
29	2053-04-01	GARW	north	0.46807411134000404	0.2350058091972071	8.139175809379875	0.05750878495591394	-0.981201772051798	-7502.870111587653	8	602.0	601.8676275734936	0.997265625	0.9974070588658657	1.0	0.9990630455699518	False
2	2025-10-01	GARW	south	0.021060949936627205	0.0005236277559723075	0.3421046660466646	0.06156288418981808	0.9679407943893655	0.5995986800622902	19	4673.0	4673.127111288885	0.9857949836635027	0.9757246684427162	1.0	1.0	True
2	2026-04-01	GARW	south	0.08486692437925285	0.010386559964113317	1.2857102458065823	0.06600781525701548	0.18991631843298393	-3.27736146693631	27	5098.0	5098.143380056173	0.9897664604887516	0.9671927482746979	1.0	1.0	False
2	2026-10-01	GARW	south	0.304785783079422	0.09635923276014402	4.643106953309436	0.06564263673964733	-0.9812549354364299	-3826.5668280452423	5	162.0	161.83686243814978	1.0	0.989735175226628	1.0	0.9991924470342888	False
4	2027-04-01	GARW	south	0.0012080734625019819	1.951486991315579e-06	0.05489743722945934	0.022006008357958455	0.9849576062883836	0.9649365769896503	8	113.0	112.78570523440723	0.9665178571428572	0.9221111083805388	1.0	0.9946476805768356	True
4	2027-10-01	GARW	south	0.002094800209982332	8.702067403023678e-06	0.03974091910862884	0.05271141828039637	0.9968171926477772	0.991549886296249	34	6179.0	6178.976303497085	0.9907129340103341	0.9753193551079905	1.0	1.0	True
4	2028-04-01	GARW	south	0.2162685861676023	0.055734081791530506	3.447111838935585	0.06273906860950085	0.6575948569306544	-34.62277586449231	27	6059.0	6058.827854890169	0.992934805790791	0.9871182482868938	1.0	1.0	False
6	2029-10-01	GARW	south	0.027264097231041323	0.001419303469268363	0.21583824327493567	0.12631726804925947	0.9207705307574026	0.46039267844253995	12	408.0	408.0235769834671	0.15784395930082226	0.16419549048662574	0.3157894736842105	0.23718764704585843	True
7	2029-10-01	GARW	south	0.01571978527951362	0.0004777257084023634	0.16874929367183825	0.09315467305056353	0.9271932036964161	0.7307063185427908	20	1732.0	1732.0602033340565	0.3778259664416999	0.37500391759235363	0.8125	0.6486170399797311	True
8	2029-10-01	GARW	south	0.01652774929612965	0.00040618763704568136	0.2349970933239564	0.0703317179899976	0.9649367011236563	0.7547146102015744	15	4284.0	4283.960147268916	0.610044043225928	0.5941786587451711	0.8796680497925311	0.8645591953676709	True
6	2030-04-01	GARW	south	0.029146695735462108	0.0014526871357333547	0.7444924937703892	0.039149750977141906	0.20247480848731778	-1.559515578813794	14	448.0	447.8994805592831	0.14016910454529635	0.1294883960101204	0.3157894736842105	0.2557257119873527	False
7	2030-04-01	GARW	south	0.056984001845978224	0.005308242234573447	0.8405151773867882	0.06779651739680048	-0.5076360206680212	-2.7573232737534195	21	1754.0	1753.9298360625307	0.36677212824154326	0.37360679184037865	0.8125	0.5659392481253697	False
8	2030-04-01	GARW	south	0.10254145342430085	0.012649282264004766	1.5783827962815071	0.06496614995163215	0.2922061851633323	-4.554488686700686	21	4644.0	4643.962637950687	0.6962062899342014	0.6510291459073664	0.9642857142857143	0.9227719165487707	False
8	2030-10-01	GARW	south	0.507813357385563	0.26546773900490117	7.815321523016755	0.06497664310930926	-0.9927227254513271	-20578.154342670525	4	139.0	139.111484989198	0.9274545089353572	0.8821287629973156	0.9642857142857143	0.8875822024554382	False
11	2033-10-01	GARW	south	0.014931563373830158	0.00029576922928423475	0.2459512914485926	0.06070943269249339	0.9214731399442008	0.7933975417359858	18	1407.0	1406.8957411679069	0.3223554522603698	0.31852149152255055	0.8484848484848485	0.6676751046239752	True
12	2033-10-01	GARW	south	0.02512338974177696	0.0010225876493896824	0.23075367590761314	0.10887536089277994	0.9487828744892167	0.6625547443443516	15	900.0	899.8636838313367	0.14203781957622993	0.1349619644704921	0.20754716981132076	0.1613242732998606	True
13	2033-10-01	GARW	south	0.014621552442154866	0.00035659994399556046	0.20361186914673554	0.07181090426323651	0.9611488712768632	0.8032057255443212	16	4563.0	4563.02057098684	0.5802219478311251	0.5648234913561794	0.8516483516483516	0.8535974849752934	True
11	2034-04-01	GARW	south	0.0684613287431875	0.006888751048376842	0.837395392187723	0.08175508174738104	0.04489516267143198	-2.329589752956645	19	1422.0	1421.924868646071	0.3105158283204871	0.33045485093096394	0.8484848484848485	0.5594885056735484	True
12	2034-04-01	GARW	south	0.06568184981040873	0.006361473336114611	1.0228633242941552	0.06421371091365861	-0.0698616894431473	-2.2728157242870837	16	917.0	916.8277179894571	0.14005980650206626	0.1279134614614309	0.20754716981132076	0.15040282698233692	True
13	2034-04-01	GARW	south	0.049477760202714334	0.004313724285803741	0.6851873442492943	0.07221055762044644	0.36637755274121486	-0.5882056586360471	22	4891.0	4891.019230289113	0.6544736530272212	0.6351864457646835	0.9	0.9345735262329239	True
13	2034-10-01	GARW	south	0.003235288230534509	1.3355707668979816e-05	0.05222847609158144	0.061944909609491665	0.996374540406179	-7.189312350886217	3	68.0	68.20818964634921	0.861904761904762	0.8913602636120147	0.9	0.9111173697244642	True
14	2040-04-01	GARW	south	0.0018465759245149642	3.4108081671890723e-06	0.10101764693353167	0.01827973607155973	1.0	0.9853861826847615	2	23.0	22.67674046109157	0.3830128205128205	0.25821605459513874	0.4583333333333333	0.33295342431215247	True
15	2040-04-01	GARW	south	0.001489727660437814	4.1885047651251746e-06	0.04216824256154346	0.03532818941324375	0.9967320542633116	0.9884997378662889	15	296.0	295.8064497463799	0.762266843387533	0.7308972170753419	1.0	0.7971564152985445	True
14	2040-10-01	GARW	south	0.13299943581400134	0.01768884992684266	14.355098108770486	0.009264961814001335			1	12.0	11.903608081958968	0.3076923076923077	0.21325384903394026	0.3076923076923077	0.21325384903394026	False
15	2040-10-01	GARW	south	0.18316812223140702	0.03668253425438364	5.749954657442825	0.03185557680777735	0.5088812973907895	-88.45433451706597	27	1353.0	1352.9483926647326	0.7839135778926148	0.7705281319211679	1.0	0.8856262561245231	False
16	2040-10-01	GARW	south	0.11574179934257638	0.02408223601556619	3.630745888008399	0.03187824290453583	0.9652354388595257	-133.61231692858556	9	159.0	159.006801535026	0.1321331728990724	0.12032385664092542	0.16304347826086957	0.12173614108537055	False
17	2040-10-01	GARW	south	0.045340349402612556	0.0036790644449294337	1.1351687599445144	0.03994150561792128	0.9899014228346722	-20.54796185613066	8	206.0	205.93714358900394	0.18335262898375257	0.17427871020518623	0.23300970873786409	0.24212514075470148	False
15	2041-04-01	GARW	south	0.016660612531692487	0.00034722783556255976	0.3548767502619793	0.04694760228556305	0.7675825993640166	0.5535601478934753	26	1488.0	1487.9836039146512	0.7153841332434342	0.7085976310928009	0.9259259259259259	0.8424332425496793	True
16	2041-04-01	GARW	south	0.015500001304804497	0.00031602203275949624	0.6366648711164606	0.024345620448044464	0.009768946168602473	-0.35966454777640244	13	211.0	210.84634502909398	0.1312518002618544	0.08468424713961917	0.16304347826086957	0.12999531875542988	True
17	2041-04-01	GARW	south	0.021544949523745038	0.0005666810018066642	0.4240189634618577	0.0508112876552586	0.5573251349989062	0.2428871874980293	15	346.0	345.9261112491068	0.24491313953270427	0.2797889688791514	0.45161290322580644	0.4057878987807387	True
15	2041-10-01	GARW	south	0.005722484937815142	4.0571427553461394e-05	0.1313735487447509	0.04355888222927971	-0.9474992152527479	-13.285004343071833	5	143.0	142.81691925901205	0.5177038543422244	0.4995646733235766	0.5964912280701754	0.5400257286223834	True
16	2041-10-01	GARW	south	0.01266826443431362	0.0001604849237776954	1.1191535143297981	0.011319505565686378			1	11.0	10.87813739569438	0.13095238095238096	0.15607146792469473	0.13095238095238096	0.15607146792469473	True
17	2041-10-01	GARW	south	0.011146236344212312	0.00023705385543402001	0.33828882378236025	0.0329488755188179	0.9840785635191902	-0.5887562121646177	5	95.0	94.96076000741326	0.35628749292586304	0.35130016647377954	0.45161290322580644	0.3944050736785498	True
18	2042-10-01	GARW	south	0.0030905862821031848	1.7560505055165243e-05	0.06747916482518926	0.045800600675921545	0.9932605058933831	0.9312553026677088	13	823.0	823.0125735048482	0.9257076993217541	0.9204086188563259	1.0	0.973641647006894	True
18	2043-04-01	GARW	south	0.2511855730705508	0.090724374522659	5.865660816561351	0.042823064770697784	-0.1518308758255819	-101.38664546094786	26	1470.0	1469.99461285021	0.9206556223159877	0.9094404232341624	1.0	0.9410103870927538	False
18	2043-10-01	GARW	south	0.3712020730952627	0.13933404121358392	8.969748529439888	0.041383777023060224	-0.5891878289212289	-1265.4021770411102	11	435.0	434.97487202790813	0.9111251445881926	0.9123031258969149	1.0	0.9490004579176542	False
19	2043-10-01	GARW	south	0.035095754324129196	0.001678472570123533	0.35929210691052904	0.0976802820020445		-0.025833815030396945	18	1141.0	1140.9894050139587	0.31271433226430934	0.33509573719020236	0.42857142857142855	0.45710152782348945	False
20	2043-10-01	GARW	south	0.05251014991364146	0.004637748028282106	1.068438793497886	0.0491466148863167	0.9762858166585822	-5.293118715849472	18	1958.0	1957.8977640951034	0.48877075532904307	0.4504502764345385	0.5493827160493827	0.4746624224920026	False
22	2043-10-01	GARW	south	0.14408688829006827	0.024083071749155197	2.1207303090196294	0.06794210828093306	0.9896808985211977	-33.703156426763975	13	931.0	930.9886869755798	0.23062341249933427	0.22883015166487072	0.42574257425742573	0.4151471402767638	False
19	2044-04-01	GARW	south	0.0670629948641887	0.007103375787163136	1.0981354123190605	0.06106987727730585	0.32851689585056276	-4.668873185947304	22	1227.0	1226.9777840886584	0.28589825142577274	0.297430556144718	0.42857142857142855	0.4427819995731602	False
20	2044-04-01	GARW	south	0.06926403744787017	0.007396303586774523	1.232250211383221	0.056209393845524404	0.21962798371619494	-4.149434198151942	23	2143.0	2142.801720295324	0.4512866755225094	0.43859057697499065	0.5493827160493827	0.514779627651024	False
22	2044-04-01	GARW	south	0.06725171365842177	0.006987310033264121	0.9356417400306588	0.07187763305238828	-0.38664410665553406	-3.5536281683920947	22	1263.0	1262.9865759150987	0.37252517032985943	0.37421765312556804	0.7857142857142857	0.762148407568609	False
19	2044-10-01	GARW	south	0.004179994445947716	1.747235356815375e-05	0.07039782393221292	0.05937675644594772			1	11.0	10.839912640856447	0.14864864864864866	0.13091165365254717	0.14864864864864866	0.13091165365254717	True
20	2044-10-01	GARW	south	0.00743403792280211	5.7467514522896874e-05	0.13163387234890564	0.0564751138149125	1.0	-194.82025671013952	2	36.0	35.84304682045131	0.30388080388080385	0.27957311092668397	0.35135135135135137	0.29063612850694265	True
22	2044-10-01	GARW	south	0.00687017198415536	5.331196235783232e-05	0.139494226319756	0.049250583091569614	0.9208772664560423	-0.5335406119019939	6	124.0	123.97705048790432	0.6248029748029748	0.6389671210980267	0.7857142857142857	0.701815867706766	True
23	2046-10-01	GARW	south	0.0014107264801642503	3.685129407856526e-06	0.03255099581312758	0.04333896536570211	0.9940169025439942	0.9873258611999678	18	1604.0	1603.729490856121	0.9860874167847007	0.9782411932002759	1.0	1.0	True
23	2047-04-01	GARW	south	0.19341440609215946	0.044664779431856365	3.972105870930548	0.048693164879527275	-0.14805474845410294	-40.298995488503806	28	2247.0	2246.921026818895	0.9895817255720507	0.9882083695991096	1.0	1.0	False
23	2047-10-01	GARW	south	0.0014120028260426886	2.379398026193297e-06	0.02933848359268285	0.04812800980602994	0.9910302293929814	0.9480187782370579	9	418.0	417.8025276584138	0.9964915057507651	0.9831922734204362	1.0	0.9935811021176366	True
25	2047-10-01	GARW	south	0.007008491347275331	8.800133435522149e-05	0.2082066210106072	0.03366123187272839	0.9922888711779436	0.487782078352337	7	122.0	121.78982588917174	0.6624725258479811	0.6622953577819197	0.7142857142857143	0.6997723616797643	True
25	2048-04-01	GARW	south	0.0034464244189625457	1.6731195798362613e-05	0.1176972572695918	0.02928211327022114	0.974870691365638	0.9294214779448191	14	229.0	228.79683060825312	0.6648808201702955	0.6550363253019872	0.8571428571428571	0.6815947616871266	True
24	2048-10-01	GARW	south	0.030944467122795947	0.0025427171814037144	1.2506925375078943	0.02474186596208153	0.4543415753239868	-8.200284624351905	7	115.0	114.93601218207172	0.21885380965871368	0.19798621321034685	0.25	0.23514900079896972	False
25	2048-10-01	GARW	south	0.08757664006705534	0.015060701581482308	2.519643741823783	0.034757548701573625	-0.0023260481811294836	-58.89192269988683	18	479.0	478.5414996556416	0.5892106753609054	0.581966914992496	0.8571428571428571	0.7200409217710106	False
27	2048-10-01	GARW	south	0.05134397576268574	0.003105486480867801	1.0866296578497612	0.04725066667542092	0.9866312231151017	-28.296844778944852	6	131.0	130.703805272157	0.24152573741577255	0.22555387241522337	0.3	0.29221371152103476	False
24	2049-04-01	GARW	south	0.0034394626745228142	1.5244025944506682e-05	0.1498544811608909	0.022952017503100514	0.9940281348171365	0.9320247966667725	11	177.0	176.59232229863014	0.198077246578322	0.17675923751324057	0.25	0.2203214557016023	True
25	2049-04-01	GARW	south	0.0035598857237464656	1.6986843051046206e-05	0.08613510435599735	0.04132909282878927	0.9958027452497367	0.971070302797337	23	645.0	644.6611376053227	0.4704053245065071	0.4661057994920647	0.7419354838709677	0.6647431926803458	True
27	2049-04-01	GARW	south	0.005146751855185249	3.31748623647652e-05	0.11041745393050971	0.046611759934478414	0.9967769361026944	0.934944519652581	21	536.0	535.8890285794253	0.4957433662258155	0.4823778680977445	0.9285714285714286	0.7837878274094873	True
24	2049-10-01	GARW	south	0.05771039855930775	0.0034189093267836175	3.5194363530697537	0.016397625292746403	-1.0	-1220.99453335835	2	36.0	35.976821705789156	0.19318442153493698	0.13395113055298985	0.2111111111111111	0.1364030763231624	False
25	2049-10-01	GARW	south	0.12660544769142384	0.01667761870654806	3.0744334661966906	0.041180090277915325	-0.94104895731249	-210.33949194244985	7	148.0	147.92542874345878	0.31744370851951154	0.29457619189550927	0.3870967741935484	0.3586191874557531	False
27	2049-10-01	GARW	south	0.20050744059608938	0.046386804645471555	5.877241970817808	0.03411590701755455	0.7236794802205025	-97.55715420826701	37	2558.0	2557.9884213341434	0.8252303501518424	0.8135538850962504	1.0	0.9624543887693598	False
28	2049-10-01	GARW	south	0.1465843675083824	0.02150107716250231	3.747532242606672	0.03911490496114389	0.9864924454126911	-74.32500889120185	9	199.0	199.0770068207941	0.12190461445069187	0.12130828836486612	0.16793893129770993	0.17240873937988246	False
27	2050-04-01	GARW	south	0.12128584789331659	0.019491058384321323	2.149710877694132	0.05641960933063369	-0.03591867104191731	-19.302004512247784	32	2553.0	2552.7881972810737	0.8939317589659856	0.8931288811616962	1.0	0.9600105238522689	False
28	2050-04-01	GARW	south	0.0616928221931991	0.005555777997581976	2.541066481176424	0.02427831882802118	-0.9131383813051517	-24.56466261515504	12	251.0	250.90293616213415	0.1428643631775357	0.10665946884272472	0.2698412698412698	0.16327499779978116	False
27	2050-10-01	GARW	south	0.35801519741386834	0.14071046586765615	6.922147511390425	0.05172024965153556	-0.9358289142943615	-8022.0949980232	6	152.0	152.0412799843374	0.7634248199465591	0.7722589208429036	0.8478260869565217	0.7756920260713167	False
28	2050-10-01	GARW	south	0.18489908713641454	0.03418767242387941	8.348294462894575	0.022148127136414533			1	17.0	16.76994517530365	0.2698412698412698	0.22281293112349637	0.2698412698412698	0.22281293112349637	False
29	2052-10-01	GARW	south	0.04714469460169539	0.003176822273145835	0.7785507184764104	0.06055442950968626	0.8815072557296791	-0.9857941799686756	28	5964.0	5963.856258648909	0.9967149899782353	0.9927209074981282	1.0	1.0	True
29	2053-04-01	GARW	south	0.31296983472901746	0.10609341072902083	5.168405305163596	0.06055442950968626	0.6174653982818661	-61.48032981511163	24	5898.0	5897.749890584653	0.9996397105301634	0.9995797031772359	1.0	1.0	False
0	2025-10-01	GARW	tropics	0.006172747157437147	5.3851331947979985e-05	0.26567932318626125	0.02323382596510751	0.2986031544519646	-0.6965031378544801	22	317.0	316.06515649144785	0.47955599672788035	0.46036243091628376	0.875	0.7848621486816209	True
1	2025-10-01	GARW	tropics	0.0015640193462135449	2.4461565153302445e-06	5.888810057207198	0.00026559174621354487			1	10.0	10.05260505042049	0.3448275862068966	0.2301023330384499	0.3448275862068966	0.2301023330384499	True
2	2025-10-01	GARW	tropics	0.009474760368179402	0.00012361488035448145	0.27515922284719385	0.034433737201827644	0.815532586666267	0.503498372417357	23	3276.0	3275.994578846184	0.8125978264249605	0.8013672247421895	0.9803149606299213	0.9931951964522429	True
0	2026-04-01	GARW	tropics	0.11025590089050613	0.01297274054563449	14.223434392205457	0.007751707347905169	0.762651695966543	-932.8539507203003	11	154.0	153.42436828446972	0.27217066964180875	0.25262536932174123	0.5151515151515151	0.4372572031268222	False
2	2026-04-01	GARW	tropics	0.15925097706682548	0.033953359583242894	4.838004043518716	0.03291666886474966	-0.7819327403325249	-53.92328716472844	39	4593.0	4592.979465474801	0.8886156028506526	0.8689178749282157	1.0	1.0	False
2	2026-10-01	GARW	tropics	0.0014447867863094834	3.404630876591811e-06	0.050354944972253575	0.028692053721944992	0.682989190076335	0.2908597874498524	14	940.0	940.0022945497998	0.9985422740524782	0.9884811829138985	1.0	0.9979798872044217	True
4	2026-10-01	GARW	tropics	0.0013617584485656822	2.5799031937727364e-06	0.03184749176963021	0.04275873460980861	0.5965229016564643	-0.02141340653179369	3	78.0	77.88874144713606	0.7905652905652906	0.8008108777374311	0.8571428571428571	0.8423657007206115	True
3	2027-04-01	GARW	tropics	0.0077808866630002926	6.95169744831149e-05	0.6334327100368836	0.012283683080634131	0.6987616400636811	-0.45330171612894965	8	97.0	96.57963626433613	0.0689474078099891	0.057438230143441196	0.171875	0.17767179514322876	True
4	2027-04-01	GARW	tropics	0.001175585876154265	1.8849951187476985e-06	0.029462808262906006	0.039900672931926194	0.9993166810216052	0.9972891976564555	29	4843.0	4843.001745672844	0.9372235639026436	0.931516541610685	0.9958847736625515	0.9814252353436167	True
3	2027-10-01	GARW	tropics	0.0075577762390759496	8.145380030068895e-05	0.31175789037724844	0.024242453751308495	0.9773071942549241	0.5980857154136869	7	86.0	85.67788156410353	0.07112887045743978	0.06617775297432449	0.14925373134328357	0.11085985611916387	True
4	2027-10-01	GARW	tropics	0.0013034791458877153	2.4362213957676324e-06	0.03493410054703157	0.037312514863030444	0.998786576200282	0.9959896474826014	31	4835.0	4834.999972405549	0.9664876166311616	0.9562922610523865	1.0	0.9920407183643156	True
4	2028-04-01	GARW	tropics	0.0020240712540837815	5.69999260645746e-06	0.059733408895434534	0.03388507857683111	0.021147118847483243	-0.8078072930714648	5	100.0	99.94092096883992	0.9866666666666667	0.975971222800664	1.0	0.9917052265450105	True
5	2028-04-01	GARW	tropics	0.003819405439554023	1.458785791169486e-05	0.2450861295410913	0.015583931439554024			1	12.0	12.006988273585959	1.0	0.9664326344983587	1.0	0.9664326344983587	True
5	2028-10-01	GARW	tropics	0.04178701392554215	0.003009709951302072	2.312130797516776	0.01807294551433739	0.1883059246458855	-55.2154710625781	27	747.0	746.9627557497092	0.7408190995612299	0.7370272553795494	1.0	0.957891334400672	True
6	2028-10-01	GARW	tropics	0.026839951482717724	0.0011885495038422619	0.7167425730981865	0.037447128843902125	0.47253151552390044	-18.006263419151804	12	380.0	380.2644289127022	0.42899440284614015	0.42276138231287935	0.6836734693877551	0.5976968117329307	True
5	2029-04-01	GARW	tropics	0.004289760155202737	3.299939271495851e-05	0.14862556429664556	0.028862868750093997	0.9157252357810909	0.7773587896622484	42	1168.0	1167.8758309290874	0.530426960865484	0.5255253587274095	1.0	0.970941655685386	True
6	2029-04-01	GARW	tropics	0.005650625073840081	5.139108458787884e-05	0.15688734427966985	0.03601708665402091	0.9248845555378611	0.7470951038687387	38	2143.0	2143.0878513170505	0.6679352762967666	0.6653278208745633	0.9148936170212766	0.864610744107624	True
5	2029-10-01	GARW	tropics	0.006182102399773837	4.5557922473481314e-05	0.24131569755059432	0.025618318503617843	0.872366329879044	-0.15768273443487546	15	363.0	362.92018402253717	0.22460309879078139	0.2153994196353512	0.3728813559322034	0.32950013909019665	True
6	2029-10-01	GARW	tropics	0.003650831905593417	2.4986977520430033e-05	0.15112783084179693	0.02415724413734997	0.8983918136183799	0.6888120548035236	33	1800.0	1800.0261697356354	0.80111036435951	0.7945839096206314	0.9523809523809523	0.8512821806950501	True
8	2029-10-01	GARW	tropics	0.007161854521739186	5.8133907748761345e-05	0.17625638261303986	0.04063316411901293	-0.8428971407382717	-1.0943227848463977	6	159.0	159.08352767727723	0.7940513332704354	0.760910162047427	0.9183673469387755	0.8870834189986364	True
6	2030-04-01	GARW	tropics	0.014237664123561058	0.00027630816949255683	0.6908354727482767	0.020609341420933243	-0.02323243766401284	-188.8263147147086	7	128.0	128.07932508512167	0.8509251547508956	0.7799268713763373	0.9523809523809523	0.86625372780486	True
8	2030-04-01	GARW	tropics	0.010194886366330399	0.0004406946753443507	0.2953059823920806	0.0345231284640707	0.40090546468330357	-0.4227317519037468	32	3302.0	3302.027787205593	0.9307051928065153	0.8896563142660895	1.0	0.9872097221154338	True
8	2030-10-01	GARW	tropics	0.0015501739125645328	5.667106788109792e-06	0.0597624558676813	0.025938925870060255	0.9944519017351641	0.9770839859199417	36	3420.0	3420.0141230749728	0.95975046059329	0.9486893467177473	1.0	0.9881873399094326	True
8	2031-04-01	GARW	tropics	0.3445200102494679	0.12132457330213424	8.690164304539305	0.03964482122271359	0.8004114669724709	-2826.374006168424	10	274.0	273.7830072785981	0.9358542217123256	0.9223433870736117	1.0	0.9821431232511895	False
9	2032-04-01	GARW	tropics	0.0015036908607616495	4.1737734623477725e-06	0.12633574160364947	0.011902339287951844	0.07842408232631196	-0.005944352356100691	15	268.0	268.09375691429256	0.9066607561946436	0.8869072138750252	1.0	0.8915120106975971	True
9	2032-10-01	GARW	tropics	0.03713325738729843	0.0032115839588500836	3.04987334394559	0.012175344087980886	-0.25955596242622836	-191.21303335983407	41	1003.0	1003.0367627460424	0.8646656092896384	0.8607997146051494	1.0	0.9023009992352125	True
9	2033-04-01	GARW	tropics	0.002371124951834212	8.116331198776466e-06	0.1727897416179753	0.013722602566746036	0.9475936774919449	0.6951599043254477	40	1031.0	1030.7772465393564	0.7193473593974	0.7097560731081984	0.9512195121951219	0.883889620828724	True
11	2033-04-01	GARW	tropics	0.0037179779826756517	1.5248973924905066e-05	0.34822467711903726	0.010676951482690862	0.5776033882236213	-6.169866589465361	19	365.0	365.1170357576368	0.5455110353255884	0.531197339439258	0.7692307692307693	0.7442637716646362	True
9	2033-10-01	GARW	tropics	0.1826077228245512	0.036623049003417854	16.23176203329696	0.01125002463995958	-0.05337624760574376	-25768.977726915782	14	270.0	269.98820478073895	0.5318870126403482	0.4781215340162905	0.7380952380952381	0.6909607153638697	False
11	2033-10-01	GARW	tropics	0.15768398094340919	0.02979221541342141	7.939088614358461	0.01986172325350109	-0.16477774296312814	-840.6793651223519	38	770.0	769.8346455689123	0.44646732146688545	0.44689004983557806	0.7692307692307693	0.6052039484610384	False
12	2033-10-01	GARW	tropics	0.16471632379971163	0.031256558594786606	2.046768116882455	0.08047629941128852	0.8271112241441411	-58.3022838041092	21	454.0	454.04591860078074	0.21403016174310108	0.2003865861609946	0.36363636363636365	0.25604878190379626	False
13	2033-10-01	GARW	tropics	0.10777821070467816	0.014436814698439625	3.9463219828221	0.02731105347557161	0.9156320496178917	-283.92419445990606	19	1947.0	1946.9902863958064	0.6347412576882335	0.6078037040068934	0.9076923076923077	0.9630071842385677	False
11	2034-04-01	GARW	tropics	0.10916672804030048	0.014181346855943359	7.977919236728512	0.013683609071613796	-0.5177703611989618	-1293.491597602917	16	340.0	339.88271611821233	0.31178292942937286	0.29022067276511315	0.6888888888888889	0.5385477511992439	True
12	2034-04-01	GARW	tropics	0.08288230953380667	0.009952368592613165	3.3581197408744687	0.024681165631164705	-0.30351707827628566	-90.69552583773303	23	483.0	482.94308502543583	0.19011887296188212	0.18463304385374632	0.36363636363636365	0.25746333311545866	True
13	2034-04-01	GARW	tropics	0.037900541253034215	0.003907618272551451	1.1718192773354945	0.0323433331283073	-0.36791771335050116	-8.55226698868884	42	3772.0	3772.0641264120395	0.8164447487047375	0.8095449900135786	1.0	0.9871783443076505	True
13	2034-10-01	GARW	tropics	0.0013089849870758469	2.6188982913191056e-06	0.05629773525359634	0.02325111269892918	0.8731460602275213	0.7255626934010196	20	1246.0	1246.0230287268864	0.9726176701132868	0.9597906044816632	1.0	1.0	True
14	2038-10-01	GARW	tropics	0.22509454815432733	0.05806241662665111	16.35737546425332	0.013761043062576814	0.6070409619512583	-5879.5196090174695	26	811.0	810.9049509739972	0.9973579348579349	0.9971387226943998	1.0	1.0	False
14	2039-04-01	GARW	tropics	0.13836826014657325	0.02373285249047773	10.853572183451162	0.012748637757949257	0.32102150336971824	-412.2681888526058	49	1759.0	1758.98503651907	0.9589351319517772	0.9582604861314479	1.0	1.0	False
14	2039-10-01	GARW	tropics	0.0010217968122029429	1.4036885836390906e-06	0.07512137871569034	0.013601944342237207	0.9571391406509565	0.9076319579335438	28	918.0	917.9586728546078	0.8872843749646198	0.8823626587661085	1.0	0.9642930354385658	True
14	2040-04-01	GARW	tropics	0.0023476344689716574	6.5203916408091685e-06	0.1809768166266313	0.012972017702217644	-0.744885196735714	-0.9848747074152371	3	40.0	39.67241148742016	0.7103174603174603	0.7094404800485709	0.75	0.7278476410655603	True
16	2040-10-01	GARW	tropics	0.005035404617462079	5.735094401448162e-05	0.49824779174971207	0.010106225658881687	0.6937840994706945	-6.212351536644867	6	86.0	85.63730007812708	0.7372743951381722	0.6801515486803295	0.8235294117647058	0.7211218316406443	True
15	2041-04-01	GARW	tropics	0.00031539485826049537	9.947391661715797e-08	0.9495554918221862	0.00033215000173950467			1	12.0	11.912810908117704	0.26666666666666666	0.22166166138539478	0.26666666666666666	0.22166166138539478	True
16	2041-04-01	GARW	tropics	0.0035260930792594698	1.784097640196541e-05	0.30676188599154186	0.011494560570528936	0.6864112842318917	-1.2603159102859243	32	981.0	980.6680031988328	0.8017208846137125	0.7902812938693	0.98	0.9182382755576911	True
15	2041-10-01	GARW	tropics	0.006364166867613702	4.0502619918832006e-05	5.952004638448859	0.0010692476323862974			1	12.0	11.80745092792398	0.26666666666666666	0.21055906941876798	0.26666666666666666	0.21055906941876798	True
16	2041-10-01	GARW	tropics	0.0019752975026943232	6.149816658182526e-06	0.14154327235934014	0.013955431930947424	0.9754574570248948	0.8806955486422501	49	1595.0	1594.9682136252081	0.8096029840397999	0.8093758534013485	0.98	0.8697601189180573	True
16	2042-04-01	GARW	tropics	0.008036277579125697	7.767351294727323e-05	0.5439618870802336	0.014773604125577933	0.676703157944117	-3.981548165093213	25	681.0	680.9803249975052	0.7851946206811489	0.7704657655935158	0.9545454545454546	0.870580684522284	True
18	2042-04-01	GARW	tropics	0.0016563985120742664	2.7436560308018434e-06	1.2050147468393668	0.0013745877520742664			1	10.0	10.010423179174945	0.6666666666666666	0.730865442892512	0.6666666666666666	0.730865442892512	True
16	2042-10-01	GARW	tropics	0.0033504454915452824	1.1225484991816108e-05	0.34676652303783484	0.009661963508454718			1	11.0	10.968635055806027	0.6111111111111112	0.4847342469384526	0.6111111111111112	0.4847342469384526	True
18	2042-10-01	GARW	tropics	0.0033269971917863376	1.5802279506377338e-05	0.2804357817006585	0.011863668650306636	-0.42459620446354435	-0.2732668196786969	13	202.0	201.61445195066165	0.7615146019557784	0.7030769448223194	0.85	0.764261245114531	True
18	2043-04-01	GARW	tropics	0.00291197534253371	4.370005118329194e-05	0.06802770091012601	0.04280572918936113	0.816055617712704	0.5021233365103233	32	523.0	522.1330358612801	0.5576073598581608	0.5239455190105347	0.85	0.7057753797340663	True
19	2043-04-01	GARW	tropics	0.0019490650782466	5.256837056609887e-06	0.09864420569760261	0.019758535886248905	0.8178227454530846	0.5901444499024517	20	909.0	909.0573523163235	0.6875443334900037	0.6713621742181568	0.9431818181818182	0.9696908209270835	True
18	2043-10-01	GARW	tropics	0.0017878041476185975	3.998053174866716e-06	0.20010163363088754	0.008934480519616475	0.7219826050432061	0.18088020590923048	18	295.0	294.6458795847508	0.3947962834790799	0.38262266641610204	0.65625	0.66972055857573	True
19	2043-10-01	GARW	tropics	0.0010887153614111834	4.6777092923803326e-06	0.03644351347293622	0.029874050486918286	0.985834914783955	0.9706377162689884	46	2432.0	2432.211942187695	0.7747129645162364	0.7689481974494075	0.95	0.9032592717257287	True
19	2044-04-01	GARW	tropics	0.0017426099106417588	6.867273128522752e-06	0.10366195026184233	0.01681050671186541	0.9393190419157961	0.8246395043613868	27	1404.0	1403.9726104517467	0.7963291918060119	0.7726904842395934	0.95	0.9017831064869855	True
21	2044-04-01	GARW	tropics	0.0027667510496355787	1.8610476897276274e-05	0.2822962432060962	0.009800878035828678	0.8219216478314229	0.32408350641187644	12	169.0	168.35779378445724	0.3534103809484673	0.31123033863995936	0.5769230769230769	0.3400879207675033	True
22	2044-04-01	GARW	tropics	0.0019386104553940186	6.379366390151652e-06	0.11374063289495466	0.017044132831443144	0.20033859060419248	-0.3653984791121372	17	400.0	399.9998971059576	0.5730215107337948	0.5520788093212312	0.8135593220338984	0.7390794745731246	True
19	2044-10-01	GARW	tropics	0.003540858625584087	1.253767980637323e-05	0.23573171780288163	0.015020713625584088			1	11.0	10.950900115968258	0.36666666666666664	0.25182347630754864	0.36666666666666664	0.25182347630754864	True
21	2044-10-01	GARW	tropics	0.009514254782316796	0.00010028975073228394	0.9092261108262206	0.010464124016050442	0.976364746285919	-1.4453536205018267	30	448.0	446.97938553753045	0.28414477403669597	0.25867894688413745	0.5769230769230769	0.3326521452161285	True
22	2044-10-01	GARW	tropics	0.009801486052479363	0.00010937023142694058	0.6407291952494616	0.015297392603849198	0.9821628152650819	-0.9792869706228506	43	1620.0	1619.814413414091	0.7048073665110595	0.6982835575005715	0.9459459459459459	0.8630678008316888	True
21	2045-04-01	GARW	tropics	0.0016318810402870948	3.6490663409993615e-06	0.17444860645057475	0.009354508892276212	0.8169494097901436	0.32742294206971423	15	229.0	228.33254938046565	0.22786122728126879	0.20551952759557557	0.3924050632911392	0.27456671814577566	True
22	2045-04-01	GARW	tropics	0.0034335937309636104	1.580101812503628e-05	0.30555641884471335	0.011237184098261719	0.860842662600194	0.3816827023818653	43	1513.0	1512.8120506604	0.8434685202263615	0.8332918502358613	1.0	0.8931256292957657	True
22	2045-10-01	GARW	tropics	0.00165908647773127	4.573360206208742e-06	0.15103997051433105	0.010984420031873958	0.04864223572866068	-0.6008313185621119	17	325.0	325.0134115108085	0.8918746403121234	0.8704136894393205	1.0	0.8782569536426814	True
23	2046-10-01	GARW	tropics	0.0016033081574501709	4.285533675951671e-06	0.09797553130449561	0.016364373186885724	0.6322737568025288	0.2663693264825938	18	383.0	382.922607478612	0.9488025425573099	0.9473176650271111	1.0	0.9895575287764502	True
23	2047-04-01	GARW	tropics	0.0010656268181493279	2.24458481183009e-06	0.06532067018193903	0.016313776560791787	0.9698833829275106	0.9377906972013672	44	1456.0	1455.9145990747795	0.9676361400973721	0.9656811003038395	1.0	0.9925042131833188	True
23	2047-10-01	GARW	tropics	0.0012428500046911138	2.6973273597730538e-06	0.10593606594808389	0.01173207626286781	0.9341313925847867	0.8656935498723847	47	1469.0	1469.3175158290708	0.8838170390584289	0.878894338934798	1.0	0.9932206196068014	True
23	2048-04-01	GARW	tropics	0.0017729209052440684	4.789628000026e-06	0.13945352902207894	0.012713345568783499	0.39395034765234177	0.07762913178509911	21	374.0	374.0577654048004	0.7615229405131699	0.7519253653134096	1.0	0.9401148985809986	True
24	2048-04-01	GARW	tropics	0.001445964660619431	2.9892237103716666e-06	0.13347153245968618	0.010833506096561609	0.775779801032491	0.569983584442104	19	321.0	320.7110967989782	0.564557686542706	0.5443111441734912	0.7407407407407407	0.5848806625265386	True
25	2048-04-01	GARW	tropics	0.0029905800174948754	1.4693880498383319e-05	0.32802394216387626	0.009116956517767909	0.8586515804141847	0.05279847348785971	14	185.0	184.60660547771707	0.4215213052905062	0.3820076343887853	0.5769230769230769	0.4037640489963771	True
24	2048-10-01	GARW	tropics	0.035738406559395294	0.003051810686221245	4.199471853038781	0.008510214572228796	-0.15423767418327217	-128.04771298737597	40	709.0	708.5912657712831	0.5270359517803984	0.5088267700654823	0.7407407407407407	0.5509009266092447	True
25	2048-10-01	GARW	tropics	0.041973209946748545	0.0037257475614316457	4.636307385353849	0.009053155120676948	-0.32553072210633016	-175.49475387534125	33	496.0	495.11350490633134	0.42808523273209803	0.4013452059529686	0.5769230769230769	0.430010544631847	True
27	2048-10-01	GARW	tropics	0.05831691539849585	0.0035406369757338793	3.656338158478078	0.015949541008200896	0.47185664809892236	-11314.890797265958	3	37.0	37.058577353528825	0.44433416046319274	0.3736529103782229	0.5483870967741935	0.4082264411624208	True
24	2049-04-01	GARW	tropics	0.0031501214154203414	1.3182599223910514e-05	0.322175789041609	0.009777647863581405	0.8955216473423875	0.11082102436029029	20	349.0	348.8181916232335	0.48782293236830626	0.47078587369561886	0.6666666666666666	0.5345640988946859	True
25	2049-04-01	GARW	tropics	0.002645929440152557	9.247884326782388e-06	0.3127969959927883	0.008458934945185856	0.8160223969362042	0.41967427816694336	18	281.0	280.6159229361231	0.425942860831425	0.4115687077425185	0.5641025641025641	0.45390501881096423	True
27	2049-04-01	GARW	tropics	0.004180850629332723	3.2290957604668275e-05	0.2603283882556597	0.016059910551233663	0.8027160302099269	0.04213315318937716	28	1395.0	1394.923653651187	0.7912664440521515	0.782632128667559	1.0	0.9794322039349934	True
25	2049-10-01	GARW	tropics	0.000473667451848259	2.2436085494042276e-07	0.04424408794500476	0.010705779548151741			1	11.0	11.246420128179826	0.2972972972972973	0.2704316659313813	0.2972972972972973	0.2704316659313813	True
27	2049-10-01	GARW	tropics	0.0012269153602724673	2.3186175371789447e-06	0.06892620465895948	0.017800419540625105	0.98997005991588	0.9800102195721182	49	2402.0	2402.0084773518747	0.8935734844101618	0.8925452690490133	1.0	0.9786923170322323	True
27	2050-04-01	GARW	tropics	0.15113308584537624	0.02368883576330501	9.992670554771927	0.015124393926226633	0.34852781546572553	-3341.423602874421	26	931.0	930.9813590201375	0.9216008385417397	0.9223725404792291	1.0	0.9693281802421126	False
28	2051-10-01	GARW	tropics	0.001520230904542907	3.324588259203724e-06	0.1464778462906275	0.010378572207612942	-0.28780783310937647	-0.031330789225189504	11	185.0	184.87010737377676	0.8420156422934446	0.8547341823157624	1.0	0.9618682397645065	True
28	2052-04-01	GARW	tropics	0.005095313899254551	0.00011531031387443983	0.06012097525797588	0.0847510187150297	0.9479048530653367	0.6926979084476238	30	590.0	589.7839129905752	0.4802149955935023	0.48092090211829414	1.0	0.9875857449204903	True
29	2052-04-01	GARW	tropics	0.0015495917067187186	3.99228053276873e-06	0.04718103355561004	0.03284353033284632	0.9966584796082454	0.9871682306222452	26	3622.0	3622.101499766738	0.795915551933335	0.7861715110529093	0.9853479853479854	0.9974909300727202	True
28	2052-10-01	GARW	tropics	0.0035653965082465887	2.379424107885934e-05	0.07781617438894985	0.045818193148709795	0.9736388835804008	0.8820803045971847	17	367.0	367.1407993541962	0.23739364376419517	0.2355178136453364	0.5555555555555556	0.5163605893236034	True
29	2052-10-01	GARW	tropics	0.042410489972042095	0.007027038543637801	1.1636250715405652	0.036446868505414134	-0.21384541031486104	-12.240394286776977	41	4372.0	4371.8847371768015	0.8949527946528278	0.8966320157491167	1.0	1.0	True
29	2053-04-01	GARW	tropics	0.36314722742810635	0.14334720883436897	12.752070696914727	0.028477510520386877	-0.7301800559678158	-13439.04150193875	15	536.0	535.5843626039052	0.994285461404558	0.9945740464961216	1.0	1.0	False
