variant	pivot_date	model	location	mae	mse	normalized_mae	max_r_data	correlation	r2	n_points	total_sequences	total_smoothed_sequences	mean_variant_frequency	mean_smoothed_variant_frequency	max_variant_frequency	max_smoothed_variant_frequency	converged
0	2026-04-01	FGA	north	0.15009624522257134	0.027424513948789624	4.430325276540026	0.03387928331524063	0.12866078721281782	-63.21675733954983	24	827.0	827.0091076043864	0.9988738738738738	0.9987443006982565	1.0	1.0	False
0	2026-10-01	FGA	north	0.0015549935015008811	3.7257840063197115e-06	0.03648292255234532	0.04262250370073265	0.9974473218776368	0.9945001797254369	25	1002.0	1002.0513654838866	0.9949298478806676	0.9961677226348103	1.0	1.0	True
0	2027-04-01	FGA	north	0.21496687289198382	0.06040914135357544	5.125731036883124	0.04193877348326528	-0.9210096052809609	-89.30632999281869	11	267.0	267.0825639740403	0.7327230324231824	0.7271841591754499	1.0	0.9939275521646056	False
1	2027-04-01	FGA	north	0.12216826950044839	0.015994613205957263	1.8193606406701317	0.06714901200426635	-0.9702716283716208	-24.688750373545798	14	1841.0	1840.9306055877637	0.9244327996790378	0.9152057913287112	0.9653846153846154	0.9818254772788758	False
0	2027-10-01	FGA	north	0.05985724350821183	0.0036382022533103476	2.0988163453781703	0.0285195241784848	-1.0	-86.28485981553047	2	24.0	23.998152985292055	0.04990421455938697	0.01833938732417463	0.05	0.019845586494241528	False
1	2027-10-01	FGA	north	0.09630103312280382	0.010308498823689108	1.5398764821968998	0.06253815434950585	0.9598549381666894	-4.911653480910299	23	2641.0	2640.827433549175	0.9414531754534223	0.9283588207140984	1.0	0.9834690394736262	False
1	2028-04-01	FGA	north	0.08896504337920648	0.007995785393042241	1.7034959864962753	0.05222497973839576	-0.8251685237725918	-162.46487061957976	7	443.0	442.8725393255911	0.9684951859577724	0.972528382941606	1.0	0.9770045234850124	False
2	2028-04-01	FGA	north	0.1703428914739105	0.02937816097951787	3.326695030363455	0.05120484141742919	0.9451621283142331	-45.043201995284676	17	2450.0	2450.044365756185	0.9876764782167323	0.9818807865871667	1.0	0.9987850858153461	False
2	2028-10-01	FGA	north	0.01425759585013513	0.0006780528272113079	0.26647792697370587	0.05350385306600636	0.7629382987828214	0.5450006385596886	25	3036.0	3035.9620797376297	0.9878190819365996	0.9890684563819571	1.0	1.0	True
2	2029-04-01	FGA	north	0.26866957061479557	0.07238683622721201	5.02653463549128	0.053450257503007644	-0.9774560357946902	-2739.917411270471	6	281.0	280.95098559358854	0.9891824309632528	0.9880495296813979	1.0	0.989561133578605	False
3	2030-04-01	FGA	north	0.010215461728869356	0.00016327365077583502	0.2129304911705472	0.04797557020937531	0.9829748166559715	0.8018056529934919	21	1495.0	1495.0408761013937	0.5898591771081408	0.5810352590679554	1.0	0.8871372938997367	True
4	2030-04-01	FGA	north	0.01167997054713648	0.00021208497364426902	0.19633311653596905	0.05949057781597768	0.9891662457438428	0.7600437669687092	15	1554.0	1554.0511094909637	0.5040670522633307	0.49613028826398037	0.7375	0.7266889442898029	True
3	2030-10-01	FGA	north	0.2594066056416563	0.06793244919127363	3.936353693674478	0.06590022793391499	0.9437983081794576	-53.309694939846665	24	1558.0	1557.8185472860018	0.5519050548871851	0.5456029418065067	1.0	0.8966983893709177	False
4	2030-10-01	FGA	north	0.10943098011193894	0.012665053996907032	1.8293310799496774	0.05982021587636791	0.9777404175680671	-6.811909251774361	22	1787.0	1787.1288525154123	0.5955603266331125	0.5954834586188477	0.9166666666666666	0.8849958101662476	False
3	2031-04-01	FGA	north	0.04996598745146602	0.0024965999020000597	0.7610650184200446	0.06565271854853398			1	11.0	10.45463384591031	0.3235294117647059	0.20262200485438642	0.3235294117647059	0.20262200485438642	False
4	2031-04-01	FGA	north	0.26647214731692614	0.07108781451051309	4.901127621207942	0.05436955898962102	-0.9918897230747541	-4008.75034350249	5	94.0	94.3300078425743	0.8152941176470587	0.8216224988841458	0.9166666666666666	0.8772712953629836	False
5	2032-04-01	FGA	north	0.016532925655331793	0.0014490358388787052	0.06543277533274837	0.25267040212273023	0.9285719783984419	0.7599160051443659	20	957.0	956.9163832511682	0.342121466386679	0.37016133062125384	1.0	0.8182751701832187	True
6	2032-04-01	FGA	north	0.006033850209342948	4.405736270162664e-05	0.07813192098843087	0.07722644129326335	0.9961015268864007	0.98479132417676	18	5085.0	5085.001504010934	0.795183790188558	0.7455944786597615	0.9407665505226481	0.9997778949612565	True
5	2032-10-01	FGA	north	0.008347081404501265	0.00010539129528294719	0.10164860755455112	0.08211702654187063	0.9792703750933478	0.9491559517748283	19	946.0	945.9683809591629	0.3074962804070306	0.31062929719324617	0.9166666666666666	0.8701887855757054	True
6	2032-10-01	FGA	north	0.0078354682936346	8.338782221564182e-05	0.1019963627584593	0.07682105598402574	0.9916275000600325	0.9762895732796606	21	5138.0	5138.050167592522	0.8166570534468544	0.8090673377396985	0.9545454545454546	0.9665061221412969	True
8	2034-10-01	FGA	north	0.005454552036587425	3.944976165089902e-05	0.3081070578269407	0.017703430992649212	0.9084006741597817	0.11798279725406069	8	99.0	99.00084000825709	0.6008337978446674	0.5592516285763531	0.7692307692307693	0.6708304863544895	True
8	2035-04-01	FGA	north	0.027994284585807043	0.0010576280111846922	0.5922536226211957	0.047267392746219015		-0.08469273239369257	5	63.0	63.02421375934751	0.22422863874476776	0.2086511022019603	0.3225806451612903	0.24552012354384503	False
9	2035-04-01	FGA	north	0.022566707191096425	0.0010709613851778844	0.417091244752067	0.05410496498077017	0.9724134927916246	-3.1327358265439162	6	97.0	96.92901288104757	0.3194078029349347	0.28210892496793366	0.5	0.4052985878703015	False
10	2035-04-01	FGA	north	0.02902161927517878	0.0009065748820462644	0.5685652434934733	0.05104360424295251	-0.6667129917447329	-123.73716487198917	6	183.0	182.91838974850992	0.4755707024399198	0.48082053008228093	0.6868686868686869	0.6594914778242476	False
8	2035-10-01	FGA	north	0.2453457686412306	0.0603339536716356	7.491155551104874	0.03275139155334245	0.9180546583869789	-105.36436530326709	13	202.0	202.0768278512067	0.22512122067296553	0.20735433338637071	0.3225806451612903	0.23179323634016558	False
9	2035-10-01	FGA	north	0.15885715837088496	0.02530280948035477	3.4772075581742414	0.04568526776534882	0.9932096657799565	-66.13181620753464	11	174.0	174.09366070919728	0.2528130106388766	0.24151733575454323	0.5	0.33141779884785133	False
10	2035-10-01	FGA	north	0.17057061347338956	0.029146758971569587	3.2952087955653386	0.051763218677657666	0.997549260257337	-43.35057136641976	22	754.0	753.9262503987173	0.6314751009830594	0.6344647775539874	0.9047619047619048	0.795672000839889	False
8	2036-04-01	FGA	north	0.005806122963223047	4.5532205352016814e-05	0.1997518243654803	0.029066683028635305	0.9856508483654348	0.4754482826173685	6	90.0	89.93418995831941	0.21804027729812636	0.1940599588955461	0.2894736842105263	0.20790166349429598	True
9	2036-04-01	FGA	north	0.0056836650466191505	3.763590943688205e-05	0.3312012464760718	0.01716075983134857	0.9239586629098879	-1.20989143176848	3	45.0	44.91559721075097	0.17951652205597687	0.1597035220350104	0.2073170731707317	0.1713780681021487	True
10	2036-04-01	FGA	north	0.0023578350859236245	1.1429234692551055e-05	0.07855017670805647	0.030016929111272055	0.9883842966842556	0.974809582291152	34	1821.0	1820.9185546133344	0.7386485583034028	0.7236998027312183	0.9473684210526315	0.8218434383256497	True
11	2036-04-01	FGA	north	0.0012958790828796784	2.4040921944755042e-06	0.028448056787816235	0.045552464006423064	0.9981141602936525	0.9924558922851885	12	403.0	402.9574827369885	0.25834210243639505	0.25776165173850024	0.3888888888888889	0.3916844297087762	True
10	2036-10-01	FGA	north	0.18413094062925084	0.03414375688863567	3.241183309381041	0.05680978921997897	0.9877921670258112	-35.29023101665206	28	1543.0	1543.000033229921	0.7012770443512638	0.6862262802561497	0.9473684210526315	0.8297507980639531	False
11	2036-10-01	FGA	north	0.21527055200437598	0.046461509438227785	4.620062261091957	0.046594729646239993	0.9933506593783076	-64.31170020651652	19	554.0	553.3366339793022	0.3408508102192253	0.34990659887915515	0.6	0.6347803097643594	False
10	2037-04-01	FGA	north	0.164164541143179	0.02712819110423912	2.8320137062037998	0.0579674246574304	-0.9950369700446051	-762.1707954860741	4	78.0	78.00325232844179	0.5037182820549858	0.46798901872540793	0.5714285714285714	0.538832519836505	False
11	2037-04-01	FGA	north	0.21333632336818226	0.045551409077239736	6.53815520461784	0.032629437003499816	0.9028525510290747	-3241.800410807285	5	87.0	86.89513601139433	0.5067872791179162	0.5028716941057524	0.6	0.6270552151802321	False
11	2038-04-01	FGA	north	0.019666561747201904	0.0006798593724709014	0.4804120093067612	0.04093686537016618	0.9803525666055545	-0.12002476852033528	9	140.0	139.91348981011893	0.21109361835771667	0.18406193969892093	0.45454545454545453	0.21365478803486274	True
12	2038-04-01	FGA	north	0.006402930746084725	6.273590264569174e-05	0.17228197582554672	0.037165412779850825	0.9469839627348885	0.2722792178460036	14	624.0	623.9461947845401	0.7095169752070618	0.7066644385460188	0.9090909090909091	0.7815231359681672	True
13	2038-04-01	FGA	north	0.014965553314672028	0.00028029620766505884	0.3659805931648026	0.04089165817580108	0.9980706344873731	-2.893582383294788	5	94.0	94.05321711259812	0.16805765106591183	0.16898754219849743	0.20491803278688525	0.2046160293813523	True
11	2038-10-01	FGA	north	0.003928205545919265	2.0349515132748267e-05	0.09858174612347509	0.03984718977283208	0.9985148761381565	0.9520538869994623	13	193.0	192.92549998892343	0.1893478630580101	0.17552525027912777	0.45454545454545453	0.20381486950308356	True
12	2038-10-01	FGA	north	0.0016303412976037329	4.8338590902493996e-06	0.03897120800624322	0.04183450760219059	0.9975277626453918	0.9928931639762358	23	976.0	975.9933658499755	0.6467681870680896	0.6452182220723658	0.9090909090909091	0.7945669691327035	True
13	2038-10-01	FGA	north	0.0014576161860074934	3.929073735809975e-06	0.03620989386602226	0.040254638453255866	0.9959481458557966	0.9905747429224424	16	304.0	303.91362673944406	0.3113997042481102	0.298963238946262	0.7	0.5218411667927152	True
11	2039-04-01	FGA	north	0.2654917853174126	0.07048588807102708	9.310471847300436	0.028515395317412588			1	12.0	11.776356381353638	0.13636363636363635	0.1351723446226287	0.13636363636363635	0.1351723446226287	False
12	2039-04-01	FGA	north	0.10727954876278091	0.011542551907876336	2.826361603881769	0.037956766966916584	-0.6665745510918094	-410.63504876408945	6	180.0	180.11294826002347	0.526095410470242	0.4966895640483126	0.6477272727272727	0.5774278270426367	False
13	2039-04-01	FGA	north	0.15893209341185324	0.03869616965145078	4.8565150560183445	0.03272554322978977	-0.3543926089485703	-102.47702966992419	22	658.0	657.9825870937101	0.7673078325571797	0.7634792355857102	1.0	0.9985758056183174	False
13	2039-10-01	FGA	north	0.002302103453609733	7.908299712483282e-06	0.061545749389441386	0.037404751367032266	0.9961092293550389	0.984659862925694	22	771.0	770.8068052650278	0.948660368255733	0.957152132173884	1.0	0.9812990118383488	True
13	2040-04-01	FGA	north	0.29916657834256044	0.08951425680493383	8.891097185373098	0.03364788080763808	-0.14922701171733938	-6737.940171249084	5	117.0	116.8864385413235	0.9058478776125835	0.9094531262746154	1.0	0.9221715920665812	False
14	2040-04-01	FGA	north	0.04920718809110599	0.003312918316011205	0.9047782917406859	0.05438590706728519	-0.8944280611478446	-4.152306818917846	16	2402.0	2402.0107789605795	0.9841617521677165	0.9807337606361365	1.0	1.0	False
14	2040-10-01	FGA	north	0.2167864826621362	0.04758129823493168	3.659339156532897	0.05924197604781029	0.9877635389389291	-26.25057939820708	25	2982.0	2982.064672857839	0.9891492356730529	0.9823561584032734	1.0	1.0	False
14	2041-04-01	FGA	north	0.19384044390211022	0.03767481848393571	3.272700969306559	0.05922950056240011	-0.9501270791277345	-901.6747463623942	7	294.0	293.9881624282101	0.9974489795918368	0.9987463867691988	1.0	0.999018942889789	False
14	2043-04-01	FGA	north	0.03161715712596625	0.0022466279232835075	0.328398378426411	0.09627683692430646	0.9486406563213947	-0.16209798956673205	5	73.0	72.74959723362508	0.17815554029394615	0.1853748032896855	0.3055555555555556	0.3539752082133127	True
15	2043-04-01	FGA	north	0.006110363598705815	4.1086728177244034e-05	0.09325928998949105	0.06552015996898929	0.9788245428590934	0.8430278153624557	10	888.0	887.9476823398962	0.8131701186322278	0.7892814152524296	0.93048128342246	0.9979372403924403	True
14	2043-10-01	FGA	north	0.1618347762674248	0.026265976014513946	5.2824934863759045	0.03063605789288967	0.9673154174580403	-102.54218166524616	7	102.0	101.51677252621633	0.14833502836215368	0.17011501822438077	0.3055555555555556	0.29078153844200316	False
15	2043-10-01	FGA	north	0.13714662757698304	0.019065348237394877	2.1549719937369605	0.06364195357321353	0.9350703244661028	-10.82911743886191	25	2169.0	2168.80254103492	0.9128742564710535	0.89948968435007	1.0	0.9989686899849005	False
15	2044-04-01	FGA	north	0.1041956499540515	0.011112702604686279	2.2235146873992346	0.04686078780793907	-0.8271332078034455	-78.55626531032443	13	916.0	915.9229601211688	0.9822386610673164	0.9819250704673654	1.0	0.9945917840287023	False
16	2044-04-01	FGA	north	0.04908654418115351	0.005711229624214947	1.7578418002271354	0.027924324119958297	0.7382230314700816	-96.98142471831912	10	239.0	239.0015689694007	0.8258214307595633	0.8186424467766645	0.972972972972973	0.9165139241283621	False
16	2044-10-01	FGA	north	0.01808449399970901	0.00045165766099756886	0.6207443779607771	0.029133560676165664	0.7545109769787353	-0.48780208838099326	16	378.0	378.02592909414795	0.8237575842452328	0.8294773189990139	0.972972972972973	0.8703857232160608	True
16	2045-04-01	FGA	north	0.06602817779531102	0.004364511019197977	2.3394509084149973	0.028223792838656232	0.029960710889336578	-963.4612949735633	3	52.0	52.34752933495666	0.7700216450216449	0.7794824541844086	0.8636363636363636	0.8025416894225514	False
17	2045-04-01	FGA	north	0.07508359121798888	0.00787682788615809	1.8808035513619543	0.03992101735644761	0.9306355378263984	-55.50108733796654	9	253.0	252.91237265580685	0.6298080712005807	0.6122038970765898	0.7727272727272727	0.6375407312916652	False
18	2045-04-01	FGA	north	0.03595842486595797	0.0013565220204506203	1.0771565268622392	0.03338272940767949	-0.9841017489210611	-121.05812388252133	6	136.0	136.12477219010333	0.38746190141971143	0.3734779524278407	0.45588235294117646	0.44893200891276996	False
17	2045-10-01	FGA	north	0.004501211225701631	3.517041782150127e-05	0.1059658536828356	0.0424779404804695	0.9952036332954749	0.9419513335302772	20	536.0	535.8544344064356	0.549049382433872	0.5398478174111393	0.7727272727272727	0.6553167890978818	True
18	2045-10-01	FGA	north	0.0040877406585400075	2.4106213887136558e-05	0.12485320307736741	0.03274037475840303	0.9909395776786207	0.9540472246883195	19	458.0	458.12568230205443	0.48736646024119573	0.48160706897464006	0.7	0.6070758500955679	True
17	2046-04-01	FGA	north	0.21930042737052274	0.04837337890247905	5.8764204620101275	0.03731870937218597	-0.9943739852332587	-811.0905137496665	8	172.0	171.95395399737833	0.46464009109170396	0.4322146803261126	0.5769230769230769	0.5074083938144862	False
18	2046-04-01	FGA	north	0.061592250612368685	0.0066923413188790725	1.9476577166752025	0.03162375508028755	0.7898042111819891	-13.652716646586617	28	1106.0	1105.950254866598	0.8185322272151553	0.8245066759033077	1.0	0.9807548885668889	False
18	2046-10-01	FGA	north	0.21731461760461987	0.047723808614074506	5.276276426847035	0.041187117585209876	0.7580533667975006	-73.6239950773791	25	1136.0	1135.96597965922	0.9785980125167799	0.9732818300006187	1.0	0.9903505593421886	False
18	2047-04-01	FGA	north	0.23908616858195927	0.05730927186892168	5.958799122589198	0.040123213362841526	-0.99060863175321	-2067.026097579819	6	144.0	143.90019025881938	0.9868647717484927	0.9579042297987383	1.0	0.9709661058691471	False
19	2048-04-01	FGA	north	0.0020622662141782174	6.548379757508612e-06	0.050668539250057106	0.040701118380394065	0.9942974159069384	0.9858117403317296	19	1745.0	1745.0128059534884	0.9573946907667237	0.9528148904132229	1.0	0.9779762134074607	True
20	2048-04-01	FGA	north	0.0032547291074196405	1.059326156268465e-05	0.18669580056512655	0.01743332789258036			1	15.0	14.54402160962012	0.08379888268156424	0.03777057518243605	0.08379888268156424	0.03777057518243605	True
19	2048-10-01	FGA	north	0.029448454794865332	0.002143829777125595	0.6176673650164954	0.04767688316198943	-0.17982506126514472	-1.087623602520169	25	2110.0	2109.964393149808	0.931217417948053	0.9302866035251737	1.0	0.9823995839878538	True
20	2048-10-01	FGA	north	0.0029349595432124898	8.613987520294066e-06	0.18374429973362585	0.01597306445678751			1	15.0	14.700278990816177	0.08379888268156424	0.04160144734758082	0.08379888268156424	0.04160144734758082	True
19	2049-04-01	FGA	north	0.005122411283474349	2.667614702497401e-05	0.11226348007098254	0.045628474016977956	0.9702328860516666	-4.518750321866381	6	211.0	210.7935966860521	0.8722154945817024	0.8556680986082812	0.9523809523809523	0.8811872745983784	True
21	2050-04-01	FGA	north	0.007421106638333563	9.798025233063919e-05	0.18164407438069186	0.0408552090875275	0.9891944338216406	0.09825908582433862	12	437.0	436.9254740882283	0.9664718535995132	0.9729383304448783	1.0	0.9771113667219522	True
21	2050-10-01	FGA	north	0.23354081533578427	0.054562213641503855	5.7492370091946405	0.04062118416100903	0.9850352664808903	-76.84727068482434	24	946.0	945.7888325823475	0.9721458341736228	0.9626475640001759	1.0	0.990164760713423	False
21	2051-04-01	FGA	north	0.1757275007787625	0.033142799521504555	1.7456300152554791	0.1006670939678155	-0.18121418838926387	-31.765904193061935	21	588.0	587.919874270826	0.5326948450836854	0.5409315822409089	1.0	0.9792782483676689	False
22	2051-04-01	FGA	north	0.025015648501460996	0.001425742588035917	0.44142877075942244	0.056669728297103816	-0.34068023077093157	-0.7734516334235115	17	2758.0	2757.84239190971	0.7604376069245474	0.7140876473577926	0.8359375	0.8680657313528215	False
23	2051-04-01	FGA	north	0.14791940903919093	0.022062820880468754	3.2981743159528145	0.04484887542896843	0.9782975009891696	-35.039641864571394	10	367.0	367.0022377594424	0.12283822339635746	0.12491358286032175	0.2168141592920354	0.12748445658164398	False
21	2051-10-01	FGA	north	0.19315159690578484	0.0379845651620397	2.514020081301426	0.076829774886204	0.9905404742694308	-29.071623766303965	15	272.0	272.09866664349585	0.12087046977572548	0.11536351031517549	0.3111111111111111	0.2724723465480253	False
22	2051-10-01	FGA	north	0.19448967294834965	0.03848798909958975	3.3836114089663103	0.057479908133944387	0.9486494186937575	-20.68898722311854	25	3160.0	3159.8404815324784	0.6707920314247096	0.6463456863989512	0.8359375	0.7872168084699	False
23	2051-10-01	FGA	north	0.21351477015423564	0.04587532537469614	3.0508567042802404	0.0699851847694722	0.9237472978753117	-40.49084984538424	21	734.0	734.0026280227152	0.3579347343690541	0.38350424232785374	0.9375	0.7722630942684394	False
22	2052-04-01	FGA	north	0.0016549668149604471	4.720464932826034e-06	0.028595847155182645	0.05787437616306131	0.8163038649453753	0.09813765158375165	5	132.0	131.83318503247546	0.4030502156580087	0.3660695212836553	0.5148514851485149	0.4803358835702669	True
23	2052-04-01	FGA	north	0.0023109676519588386	1.7269422398704915e-05	0.07508784395739382	0.030776854550120296	0.9230949784608613	0.753187457452338	8	215.0	214.97869327183054	0.6553490802915021	0.6774456476178587	0.9375	0.8283621123410295	True
24	2052-04-01	FGA	north	0.003900635234606981	2.5934740268260176e-05	0.07987119602967212	0.04883656973357325	0.9979315635318462	0.9748497185573719	21	2949.0	2948.981448222162	0.9394842044737792	0.9064512740318537	0.9872881355932204	0.9933521225580211	True
23	2052-10-01	FGA	north	0.01666243490743669	0.0003053725992022446	0.5274773789058951	0.03158890897273788	0.9997809148008289	-2.2646889004569375	3	36.0	35.83178324946063	0.044366475818088724	0.028949980643178986	0.05303030303030303	0.037051924418571476	True
24	2052-10-01	FGA	north	0.012539318624057237	0.00024101425056660653	0.21893878267869238	0.05727317230250405	0.9730000653660281	0.8311390450685402	26	3178.0	3177.9918214091826	0.9456114409437397	0.9281360045945277	1.0	0.9996040317549199	True
24	2053-04-01	FGA	north	0.19891742752862587	0.03958022174904221	3.4786793447183295	0.057181880770540615	-0.9972346857859	-6161.644431137485	3	92.0	92.15769356077223	0.9565720611916264	0.9620864602571843	0.96875	0.9649858252189913	False
25	2053-04-01	FGA	north	0.0796978673767191	0.0070135788420886015	2.418592674843766	0.03295216602848074	-0.9702240573931795	-31.62596229378631	17	1082.0	1081.987431664992	0.7631914178351564	0.7489032857571672	0.9090909090909091	0.8224115419945044	False
26	2053-04-01	FGA	north	0.020114837535665002	0.0007333557550333321	0.6041078895085793	0.03329676351690709	-0.9187008066078635	-2.538600032894058	11	249.0	248.97648289865467	0.19117090748166013	0.19180958705222625	0.23214285714285715	0.19509601192768738	False
27	2053-04-01	FGA	north	0.17869555078732177	0.032180354869319444	5.115430940499127	0.034932648464194874	-0.9946538759721391	-325.82979656165605	5	79.0	78.4791087579527	0.1129962963607313	0.09929494163186178	0.16551724137931034	0.1309875984671211	False
25	2053-10-01	FGA	north	0.006354076238280063	5.1779086948814685e-05	0.13012939620166636	0.04882890740869123	0.9992464058280301	0.9431494257395694	26	1395.0	1394.9593748530474	0.6455669954452343	0.6322980377711338	0.9090909090909091	0.8013690565789301	True
26	2053-10-01	FGA	north	0.005665543152552803	4.077419957396299e-05	0.1903453532647688	0.02976454667990807	0.9723126885484599	0.8552295921422767	20	482.0	481.83884045714825	0.26855510857830717	0.2625434580194373	0.4583333333333333	0.4593516752649944	True
27	2053-10-01	FGA	north	0.005371584958188705	3.644169829591823e-05	0.1645308910061412	0.032647881047384635	0.9987495419265858	0.9047595526996256	12	179.0	178.78596035136073	0.16463980347478693	0.14593313842576028	0.2682926829268293	0.20680929572711265	True
25	2054-04-01	FGA	north	0.0073781979315224525	6.417440112003492e-05	0.16392523730919287	0.04500953027510844	0.7788379159652303	-2.6812102755237595	6	184.0	184.13913512399665	0.4143026847641358	0.40115226948675403	0.5066666666666667	0.4690643167880673	True
26	2054-04-01	FGA	north	0.008435530004924275	0.00016394287168582097	0.2233956752117549	0.0377604893063767	0.8881525003052834	0.7218437134447394	23	1403.0	1402.876421832394	0.7054172744055124	0.7194954534614582	0.9312977099236641	0.8876036190975971	True
27	2054-04-01	FGA	north	0.005281024252363776	3.8659348127662016e-05	0.1388621121570962	0.0380307066508487	0.9726252241469698	0.9458797960902998	9	130.0	129.41617247413873	0.17860252319608974	0.14832133752160906	0.2682926829268293	0.19293874302353226	True
26	2054-10-01	FGA	north	0.21407071581886875	0.04593298031723713	4.4872149245613375	0.0477068113334901	0.9886198103309938	-47.52018544655326	26	1829.0	1828.9771430336434	0.8232403657291706	0.824054938115132	0.9312977099236641	0.8579280307062891	False
27	2054-10-01	FGA	north	0.222255299412654	0.049424379537432964	7.0368517989320045	0.031584479219298904	0.9996871727814367	-204.92402172313683	5	80.0	79.65833341750549	0.1269540054263781	0.09385630023194647	0.19444444444444445	0.0994900423740242	False
0	2027-04-01	FGA	south	0.0019479968674747635	7.048374674951e-06	0.10161822774741211	0.01916975832639802	0.9791814762360074	0.8886250122432292	8	114.0	113.81609710913094	0.5868197916347948	0.5770973444275564	1.0	0.9070255410000415	True
1	2027-04-01	FGA	south	0.002050437832008158	6.368541666051818e-06	0.056418240709942266	0.0363435266007297	0.9934742265378115	0.972670664471516	29	666.0	666.0585140876889	0.8529185837000679	0.8343109616818446	1.0	1.0	True
0	2027-10-01	FGA	south	0.23166317123847854	0.05366782490826863	169.64188718559197	0.0013656012384785246			1	11.0	11.276990688151873	0.22448979591836735	0.23624217972484898	0.22448979591836735	0.23624217972484898	False
1	2027-10-01	FGA	south	0.15368336878640396	0.024534262808653944	3.4079534623801977	0.04509550100460226	-0.6004155577400728	-56.42040800047079	50	3909.0	3908.984815096185	0.8845216465986209	0.8715493852479266	1.0	0.9909702048847258	False
2	2027-10-01	FGA	south	0.15460888189505342	0.024605052684579982	2.8489302072768643	0.054269101257778986	-0.9434420560528275	-57.90828989502011	12	583.0	582.9145630922496	0.29259022036463816	0.30545682821956116	0.6542056074766355	0.5756630373301892	False
1	2028-04-01	FGA	south	0.06318076860660564	0.0053492795476560275	1.2609576923079464	0.05010538338599219	-0.4495246479720245	-4.971117698408314	27	3342.0	3341.9921443385656	0.780378230805218	0.7699716009225992	1.0	0.9920570477326008	False
2	2028-04-01	FGA	south	0.111572535903951	0.013893758025902285	1.8867926944886606	0.059133436455343205	-0.35538210151596084	-19.26574750529697	22	865.0	864.8326434958383	0.5546179036342023	0.5394552430427018	1.0	0.9569751540826734	False
1	2028-10-01	FGA	south	0.24978019441590124	0.06239014552244542	5.1821967148702965	0.04819967441590123			1	16.0	15.914055161588958	0.3137254901960784	0.2008203493884051	0.3137254901960784	0.2008203493884051	False
2	2028-10-01	FGA	south	0.18278229552032377	0.03369495334357476	3.8932447343252465	0.04694857580074593	0.7768742860409498	-49.84842608874672	22	633.0	633.1083619679333	0.9535064491389683	0.9371579710964452	1.0	0.9809651268998857	False
2	2029-04-01	FGA	south	0.014177647427869325	0.0003142572480847049	0.3007920395667605	0.04713438376989565	0.8081995882236424	0.2760421083181336	21	609.0	608.9689946209445	0.9730496555783889	0.9716294013240369	1.0	0.9922375062260144	False
2	2029-10-01	FGA	south	0.29977440573605285	0.0899692861593057	11.665596599237158	0.025697306021678808	0.1966127996677245	-845.4687524588014	4	83.0	82.89360336866272	0.956547619047619	0.9407167891752899	1.0	0.9451525052279126	False
3	2029-10-01	FGA	south	0.03783099978145681	0.0017153699498421602	0.6455717866032338	0.058600763798105096		-5.036094455882011	13	1466.0	1465.914978622061	0.9870080210287426	0.9797669328610356	1.0	0.9968477106472733	False
3	2030-04-01	FGA	south	0.010969922070751946	0.00015248316969496833	0.20418020187481797	0.05372666874664743	0.9837342472479589	0.8925454703147185	24	2459.0	2458.6147626816223	0.9798656339090751	0.9651880452388807	1.0	0.9999480519038392	False
3	2030-10-01	FGA	south	0.282624168207833	0.08001276596461047	6.064025515811493	0.046606691787643637	-0.6195800900756588	-1031.411894882886	9	599.0	598.7301877469981	0.967317510097816	0.9545906689503147	1.0	0.9894699318330176	False
4	2030-10-01	FGA	south	0.020508281299723846	0.0004907460352640274	0.6603166291451733	0.031058253562799516		-5.995025424083675	14	377.0	376.831227715342	0.9717804565126985	0.9644541582026712	1.0	0.9777904120591424	False
4	2031-04-01	FGA	south	0.0014556787741198905	3.072579348450804e-06	0.04491136353094717	0.03241225960812396	0.9981708719723412	0.9932297320002424	24	665.0	664.8681214371734	0.9322603784173956	0.9319131259207213	1.0	0.994678392691367	True
4	2031-10-01	FGA	south	0.2114650763066059	0.04472068172915812	6.288971328766715	0.03362474803142008	0.9638416313793037	-1030.7179727511723	7	168.0	168.0616796407565	0.8438168069747016	0.8519342938684993	1.0	0.9443401146180862	False
5	2031-10-01	FGA	south	0.058865844090367735	0.00606984982701924	1.189993070486997	0.049467383928779744	0.6534436500965245	-4.904148422926496	21	3591.0	3591.1066672915395	0.962653300819753	0.9705913183903886	1.0	0.9929127276423272	False
5	2032-04-01	FGA	south	0.0773067422578522	0.008104107611390082	1.1471713630104607	0.06738900982934252	-0.3687893346264801	-3.3922066782540385	27	3766.0	3765.9889776991977	0.9709525673042523	0.9496004123173208	1.0	0.997248681065538	False
5	2032-10-01	FGA	south	0.2827826052110033	0.08001893768764469	3.789604456635435	0.07462061237442949	0.6821907198117805	-1370.7248861512708	3	45.0	45.1700724284518	1.0	0.9371863982796871	1.0	1.0	False
6	2032-10-01	FGA	south	0.01392163381724026	0.00035985709314288907	0.4837171578635298	0.02878052512904234	0.6916482179879927	-1.6912681269624747	18	1013.0	1012.9457016155	0.9875302253061966	0.9770061869590896	1.0	1.0	False
6	2033-04-01	FGA	south	0.07321738014707929	0.006260415240401765	2.001353266730579	0.03658393616169902	-0.7082518215402126	-10.325857464187209	29	1430.0	1429.8420051455687	0.9512387093604427	0.9556843467766797	1.0	1.0	False
6	2033-10-01	FGA	south	0.2769731030402951	0.0767586051869279	8.036067265003645	0.03446624995866924	-0.7316520738786614	-2863.3565247523543	8	200.0	199.96387575179602	0.8773332169959562	0.8872991229030989	1.0	0.9043638986228896	False
7	2033-10-01	FGA	south	0.029183381194283455	0.0011883060022830662	0.48451594293163813	0.060232034920677587		-2.5299405563738926	12	453.0	452.99343474299707	0.23999944168456921	0.24291634339289936	0.3333333333333333	0.2894996661981953	False
8	2033-10-01	FGA	south	0.1537907535392898	0.024009868074216477	2.264985478712838	0.06789922274763859	0.8605538325818758	-43.85766426865386	13	1349.0	1348.9813195112336	0.629501402812857	0.6133536979596237	0.7364016736401674	0.7188627130384364	False
9	2033-10-01	FGA	south	0.08597713209194832	0.007733913766533185	2.7061134676702308	0.03177144385078888	-0.754859907318924	-50.73090827848559	8	118.0	118.02606891123102	0.07180673087944682	0.06784857441348033	0.11494252873563218	0.09746894269678592	False
7	2034-04-01	FGA	south	0.1291976842115302	0.020634373506195285	2.3828793859805413	0.054219145531097065	-0.8765536034514814	-16.102835241406613	18	619.0	618.9795457350917	0.23313609085069023	0.22156803268348696	0.3333333333333333	0.22911867259030652	False
8	2034-04-01	FGA	south	0.1390014055228436	0.023947392480579074	2.209960143869928	0.06289769791025915	-0.8432545999400927	-12.820687285267555	23	1996.0	1995.9583374000608	0.6569776601708098	0.6634303641868528	0.7647058823529411	0.7350640970025876	False
9	2034-04-01	FGA	south	0.12769794929956835	0.018129956106611285	3.0786934031227786	0.041477968923453644	-0.9287463332160655	-35.56615853522794	9	130.0	129.9553611516329	0.07008798613384319	0.06735145889803144	0.11494252873563218	0.06953412967609394	False
7	2034-10-01	FGA	south	0.09350437838451146	0.008772089927636005	1.8687255919180892	0.05003644129930126	-0.9265370229057117	-378.16241358316563	3	60.0	60.08007006190901	0.2422330755664089	0.21401916556632397	0.26373626373626374	0.22273120456737197	False
8	2034-10-01	FGA	south	0.2992089803641455	0.08956586786016166	5.841079855641777	0.051224942606313766	-0.8796324903249216	-3682.2758200856038	7	240.0	240.04105525924834	0.6691165184022326	0.717253148319205	0.7142857142857143	0.7599118700392903	False
8	2035-10-01	FGA	south	0.006685085025527164	4.5234829097118076e-05	0.8964647690304163	0.007457164248359151	1.0	-3.4886674152246515	2	27.0	26.7623602067668	0.12478381182981667	0.07481253111252142	0.1271186440677966	0.0793899024323633	True
10	2035-10-01	FGA	south	0.0016385716991221236	3.892741048437726e-06	0.0380381906844501	0.043077014695968883	0.9971566183777658	0.981570270796094	14	1017.0	1016.7644315666165	0.8751834956588606	0.8689956077782168	0.9694656488549618	0.9299797792411625	True
8	2036-04-01	FGA	south	0.2018582578973956	0.040747263367721234	13.239765466602998	0.015246362060308272	1.0	-6344.307551925514	2	27.0	26.910200277322822	0.12478381182981667	0.1033595566604695	0.1271186440677966	0.10640942371870156	False
10	2036-04-01	FGA	south	0.18462177033109098	0.03420470171625057	3.933240959897455	0.046938840567729755	0.9951395100963514	-34.21063990252767	24	1490.0	1490.0006899493062	0.8986752454214549	0.8703681155520652	1.0	0.9207204513987179	False
10	2036-10-01	FGA	south	0.21673274601757847	0.04738354712802309	5.252169257912504	0.041265377289786694	-0.9902423067488246	-1171.580697983727	8	302.0	301.99738821685037	0.9348325258381032	0.9269934487484572	1.0	0.9477451859303834	False
11	2036-10-01	FGA	south	0.011255889995795014	0.00015623632472649824	0.60619002163467	0.01856825350810303		-4.288748604500599	4	60.0	59.5022638606577	0.9079656862745098	0.841874502970937	1.0	0.8536967676066439	False
11	2037-10-01	FGA	south	0.024946618423661526	0.0008116675651389787	0.6241494031506325	0.03996898546683525		-2.942454630947362	8	187.0	187.2593535646011	0.34261760149851694	0.3426128929578724	0.42105263157894735	0.3687662977476903	False
12	2037-10-01	FGA	south	0.08184246208839108	0.010438436194633027	1.794210227321249	0.045614756198654405	0.9156872143294531	-86.49109291562492	13	434.0	434.07384364605167	0.675587778203127	0.674619225720779	0.8571428571428571	0.7195704043626588	False
11	2038-04-01	FGA	south	0.017691052075210784	0.0005216240084295297	0.47047567017314484	0.037602480206256166	0.9582840368265221	-0.20711008504426576	16	376.0	376.03716630726626	0.3506340387435888	0.33055474547799374	0.42105263157894735	0.3366945691778473	False
12	2038-04-01	FGA	south	0.08891391578364845	0.00828692070787766	2.0804318698440114	0.04273820117469894	0.9817836726312364	-9.909972901291832	25	837.0	836.9568003054934	0.6771089209206832	0.666010978559012	0.8666666666666667	0.6748250602937714	False
11	2038-10-01	FGA	south	0.2700627547371626	0.07304960708476566	8.705862520209017	0.031020792495891465	-0.9960600728475426	-2529.714881164806	5	90.0	90.00002706841272	0.355210923078909	0.3427129079356003	0.375	0.3599685857219311	False
12	2038-10-01	FGA	south	0.17084262708703674	0.030043951303054657	2.391925900224012	0.0714247155695905	0.06514430802842289	-44.678838953292555	20	399.0	398.84352821443684	0.381031634447063	0.3797927436045985	0.8666666666666667	0.7098494798296591	False
13	2038-10-01	FGA	south	0.07627988600364086	0.011945017741888149	1.6094769332494914	0.04739420890589204	-0.642725171363449	-29.191712863667206	15	1517.0	1517.0512932877987	0.8292000314773952	0.8170827952014793	0.9285714285714286	0.9468715389624079	False
12	2039-04-01	FGA	south	0.002305455272002799	6.502303954383621e-06	0.08097235153374288	0.028472129416200382	0.9988600546826204	0.9819051017861731	11	170.0	169.86253405400376	0.1256728718227355	0.14593699421593356	0.20512820512820512	0.23139925351873283	True
13	2039-04-01	FGA	south	0.0014313352371704594	2.4843725448309285e-06	0.02617676102956387	0.054679615845288056	0.9993853447788867	0.9981302744356388	25	2006.0	2006.030142223449	0.8804497071774462	0.8729911378111497	1.0	0.9979848801750428	True
13	2039-10-01	FGA	south	0.32253458614692015	0.10407909342840284	5.934012801817379	0.0543535372974152	-0.8661903598561131	-3063.988369249784	7	186.0	185.90637628334167	0.9569763569763571	0.9528537779041939	1.0	0.9589704395739481	False
14	2040-10-01	FGA	south	0.0726852315724345	0.010201695656343442	1.6689796069725353	0.04355070084066678	0.6265312053027694	-10.703949289915398	21	3039.0	3039.0072160608825	0.9997148560022812	0.999323919634159	1.0	1.0	False
14	2041-04-01	FGA	south	0.0035641521513824505	1.511212531324409e-05	0.06757421699161344	0.052744261199871446	0.9971206292058231	0.987985828807161	25	3170.0	3170.091319025354	0.9997604790419161	0.9997666410324126	1.0	1.0	True
15	2043-10-01	FGA	south	0.21056856314982908	0.06686941332465528	4.456734967784865	0.047247270630160036	0.930942283740108	-76.83237936581321	19	2836.0	2835.9272918806523	0.9731742489855287	0.9592479172417502	1.0	0.9845665949785962	False
16	2043-10-01	FGA	south	0.18953978264419355	0.03595050209855302	14.43768080126261	0.013128132229354859	-1.0	-2611.2280446200953	2	23.0	22.934448374209275	0.048860861742945794	0.03813775744606068	0.04975124378109453	0.0393891220600161	False
15	2044-04-01	FGA	south	0.19718632328354263	0.03954360644099632	3.414260392207667	0.057753744774001144	0.9527808716891826	-25.670326067060493	25	3120.0	3119.995889315671	0.955921816042347	0.9574471558974408	1.0	0.9859188104994222	False
16	2044-04-01	FGA	south	0.21220439349433978	0.04505639813947967	5.527635702209577	0.038389721198434756	-1.0	-46414.77516318564	2	23.0	22.93028607460439	0.048860861742945794	0.012772245793203501	0.04975124378109453	0.013393703589112013	False
15	2044-10-01	FGA	south	0.04806884586647961	0.002326543570107291	0.8531274973897442	0.0563442697762674	-0.998929786636233	-571.9274002866937	3	65.0	65.01096674976247	0.8848861283643893	0.880321314651389	1.0	0.8874448090203134	False
17	2045-10-01	FGA	south	0.038656491328039215	0.0021237304410496446	0.7336034915028777	0.05269398493298689	0.999999824588254	-2.255350964385942	3	36.0	35.61706455473892	0.12123581214659974	0.13386098204954808	0.12631578947368421	0.1892929728164313	True
18	2045-10-01	FGA	south	0.009682815032614091	0.00015648935783667823	0.24809581007649084	0.0390285310728495	0.9734072227133405	0.07645171983203647	12	720.0	719.9284246213958	0.8584139013254662	0.8177645985769194	0.9042553191489362	0.8968323130790058	True
17	2046-04-01	FGA	south	0.07078726607283965	0.005056466763631867	4.121583794473064	0.017174773000554668	0.9957253340113339	-54.06416832231344	4	46.0	45.62866598516966	0.11592685910994982	0.150142745951529	0.12631578947368421	0.17335277832036894	False
18	2046-04-01	FGA	south	0.01610104326866337	0.0003257988320902828	0.38585387687348016	0.04172834389828571	0.9811719349875977	0.5752610728635452	23	1242.0	1241.9296635511919	0.9033671790122564	0.8890702049511549	1.0	0.9999766135257081	False
18	2046-10-01	FGA	south	0.0016301388934973362	3.218354421941331e-06	0.03954739200127698	0.04121988356260507	0.9944197358178578	0.986381889063716	11	360.0	360.0391950814702	0.9643287073561854	0.9595557387490499	1.0	0.9822955877172419	True
19	2047-10-01	FGA	south	0.07327433669631842	0.008978692073399273	1.473625650127856	0.0497238472267098	0.8231934368033892	-36.24627711316992	13	1094.0	1093.941391591674	0.9624490513285882	0.9637835533499042	1.0	0.9710946175294783	False
19	2048-04-01	FGA	south	0.001165233168197896	2.012609397788904e-06	0.023325197991786454	0.04995598187883386	0.999308912583354	0.9982511752953821	25	1822.0	1821.9821112238908	0.9756903254954711	0.9710639951446542	1.0	0.9999663977797094	True
19	2048-10-01	FGA	south	0.00842645603233293	9.125515500674781e-05	0.18483005716776	0.045590290678126574	0.972640364387	0.6813211545434671	11	470.0	470.03023035895603	0.9640151515151515	0.9532046784937783	1.0	0.9943374039225541	True
19	2049-04-01	FGA	south	0.003070746241897157	1.4638193341005907e-05	0.23217085514992467	0.013226234791245517	1.0	0.6859914871965793	2	23.0	22.59750912501885	0.6966911764705883	0.5432701925864198	0.7058823529411765	0.660283039775968	True
21	2049-10-01	FGA	south	0.007002432775998489	6.150623833271492e-05	0.1520074059828256	0.04606639216506103	0.9512894567468251	0.24785652334882835	9	230.0	230.25090250574004	0.7206219819193372	0.6957456715197972	0.8076923076923077	0.7582681070117171	True
21	2050-04-01	FGA	south	0.01624709773600793	0.00036036544303277125	0.40137828793229074	0.040478267570737865	0.8416178666539488	0.2696393446267862	25	681.0	681.0430583769797	0.8060085412342621	0.786805972188906	1.0	0.9209942328041034	True
21	2050-10-01	FGA	south	0.16382964003170752	0.027697370430032304	4.62195377361125	0.03544597113175004	0.3920885007597379	-50.97571497134169	31	2039.0	2038.9341506415233	0.8704646872241265	0.8606246368959186	1.0	0.9709427147309198	False
22	2050-10-01	FGA	south	0.030209071909789095	0.001319122582442539	0.6603276251657838	0.04574861138393947	-0.993179886153869	-5.090256278609984	8	211.0	210.95594653977514	0.14675031046105264	0.1451821618009725	0.23417721518987342	0.2135728962403195	False
23	2050-10-01	FGA	south	0.006788089234431828	6.950603722564716e-05	0.4785463730431926	0.014184809700394803		-0.8447758432995633	4	44.0	44.0780013419383	0.061218052218932645	0.05423853785681382	0.06962025316455696	0.061398126835894115	False
21	2051-04-01	FGA	south	0.20024056617998112	0.040317584160084054	4.202444486393853	0.04764859281979688	0.9703074954923563	-42.61249988955266	25	1959.0	1958.916161684466	0.7602693863306415	0.7518833145169821	1.0	0.9811790077638451	False
22	2051-04-01	FGA	south	0.2454646932246687	0.06040158911163892	4.2425679728360315	0.05785757465674329	0.9463300485981141	-82.01077201206657	18	464.0	463.96332424509734	0.29359743043345193	0.30533292568229764	0.5	0.49087871070993133	False
23	2051-04-01	FGA	south	0.20029321852577364	0.04022638437371179	4.943409689318548	0.04051722012006336	0.9969514010342329	-103.07238779046043	8	103.0	102.40530712502064	0.11636411801209921	0.12183253360893019	0.2	0.22374715929821395	False
21	2051-10-01	FGA	south	0.18390439521669383	0.03402644198384993	3.989796913888015	0.046093673233478176	-0.955090837905831	-3693.968985490999	5	136.0	135.72403138691718	0.3937047334512124	0.3786066607925661	0.4722222222222222	0.4470474203142723	False
22	2051-10-01	FGA	south	0.169524382413967	0.029322103248399314	4.3529227053489095	0.03894495581225321	0.7522808262050982	-65.72448988540371	22	473.0	472.9548584273056	0.24196825248101436	0.2381341130587589	0.5	0.4554545204433962	False
23	2051-10-01	FGA	south	0.0672279722830027	0.011119511599826238	1.2016803841618546	0.0559449693687833	0.39733666472236717	-13.205884224763588	22	1032.0	1032.1154202013986	0.3821034110451949	0.37822422682945933	0.5882352941176471	0.5257702864524506	False
24	2051-10-01	FGA	south	0.045520750839577344	0.0028685114604940403	0.7622344067409345	0.059720147026961455	-0.9774941401905837	-4.459775492057979	13	1402.0	1402.003179697609	0.4801175346614381	0.4717719628189475	0.6736401673640168	0.7046348841645609	False
22	2052-04-01	FGA	south	0.008416204499963213	8.63037606861696e-05	0.26848179542800404	0.03134739354132522	0.995362568460183	0.7743437536119486	18	356.0	355.85838559942897	0.12745304999847434	0.12916148610607295	0.22	0.1942768543697254	True
23	2052-04-01	FGA	south	0.0036073621485164524	2.0809478267132122e-05	0.06471918539932374	0.05573868283815183	0.9975260127371738	0.9812429044509385	23	1111.0	1111.0110190348287	0.3701116976510994	0.3823036294338868	0.5882352941176471	0.4899256799869262	True
24	2052-04-01	FGA	south	0.0027892334572110697	1.0218392365249287e-05	0.05072159592121481	0.054991042899035544	0.9981198603241166	0.9923321865026463	24	2008.0	2007.9941038570564	0.5772207898091638	0.5391653425637103	0.8536585365853658	0.7302334343310073	True
22	2052-10-01	FGA	south	0.22575780959897496	0.05097240839317341	7.604720677425571	0.02968653540019314	-1.0	-10148.87795542016	2	36.0	35.93288337493459	0.15042646678728355	0.1149444468801013	0.19811320754716982	0.11815312992108294	False
23	2052-10-01	FGA	south	0.019049090536757	0.000366572543555109	0.3914366724918013	0.0486645525967064	0.07990183301605908	-99.05597915644866	3	50.0	49.79048293457426	0.15281362903487483	0.15523833825384364	0.16883116883116883	0.1656107102349414	False
24	2052-10-01	FGA	south	0.03167414287932557	0.0010534838678134479	0.6143361351544976	0.051558326243270614	-0.7509728647677241	-25.335938888964034	8	361.0	360.93346034246116	0.7536100799215915	0.7137828949332452	0.8536585365853658	0.7205108826708593	False
25	2052-10-01	FGA	south	0.2297212937709652	0.05331746223112649	3.7945361034720304	0.06054002057346836	-0.7757621630292905	-159.91469438018297	12	1111.0	1110.997247533344	0.8833197815789777	0.8694657791654148	0.9322033898305084	0.8935294859583359	False
26	2052-10-01	FGA	south	0.14044064736102105	0.01986839219342068	4.2579092675479275	0.03298347581790979	-0.9999983943061546	-451.8666624503567	3	49.0	48.37180912716079	0.08908147434868667	0.06495677118792967	0.09950248756218906	0.07388455592030588	False
25	2053-04-01	FGA	south	0.14481768673645054	0.02136201452474391	2.6038209513260027	0.05561737517424221	0.9968768817741487	-19.343625918363426	24	1907.0	1907.0015581961836	0.7347525435393489	0.7141669542803945	0.9322033898305084	0.9050466769380872	False
26	2053-04-01	FGA	south	0.20627283416789685	0.042686417500872514	3.790351600695761	0.05442050128806868	0.9746385326434129	-141.81760392376881	25	558.0	557.0883384501764	0.5415102942999814	0.5394165320722376	1.0	0.9704496700642994	False
25	2053-10-01	FGA	south	0.00967792269383549	0.00010123578533659713	0.23856812654806922	0.040566704504365045	0.9690991077560651	-2.095788171177479	10	501.0	501.00457054952864	0.5381987854180168	0.5253273107453367	0.7584269662921348	0.7414135553680453	True
26	2053-10-01	FGA	south	0.008611332177455458	9.525311922459182e-05	0.2426591073614652	0.03548736443931614	0.9669185650751111	0.8027526694004612	46	4002.0	4001.7180088700393	0.7915262814406708	0.7849663685475209	1.0	0.9991222989356421	True
27	2053-10-01	FGA	south	0.021729236248810537	0.0004763307214290807	2.5850873726336228	0.008405609991693755	0.9461357229184301	-23.647420410915597	7	168.0	167.9398280521892	0.174009395678303	0.16457686596627225	0.3020833333333333	0.2316791969458794	True
28	2053-10-01	FGA	south	0.0231626536197148	0.0005365085227068871	3.480973452275625	0.006654073619714802			1	16.0	15.99187673901838	0.16666666666666666	0.08667242606123261	0.16666666666666666	0.08667242606123261	True
26	2054-04-01	FGA	south	0.16838184499284634	0.02891775360650993	3.9275835157026875	0.042871614141277145	0.7581814520462923	-29.030567671933646	27	3577.0	3577.032317032819	0.8363849966565675	0.8370562813184735	1.0	0.976642774183964	False
27	2054-04-01	FGA	south	0.21684871089538646	0.04702811721699653	9.595972347891557	0.022597888263301717	0.9875622959265207	-304.6707478198532	15	326.0	325.9022187913877	0.3638133219434437	0.3414527941273616	0.7037037037037037	0.5615611114622131	False
28	2054-04-01	FGA	south	0.0812179951932044	0.006596362743203373	19.160362620346962	0.004238854806795597			1	16.0	15.700472329049393	0.16666666666666666	0.10354458025048054	0.16666666666666666	0.10354458025048054	False
26	2054-10-01	FGA	south	0.16577492192377385	0.02750849972140672	3.704584680002618	0.04474858485989763	-1.0	-678959.2622420525	2	21.0	21.112770460393826	0.22594819611470862	0.2691742600832754	0.2391304347826087	0.2910987964395741	False
27	2054-10-01	FGA	south	0.16643052382279996	0.028243232420587173	5.049228287292365	0.03296157637428746	0.8626884068279604	-57.35104243021719	16	487.0	486.9041115449306	0.5261338495259933	0.5007008994321951	0.7037037037037037	0.5428834367246537	False
28	2054-10-01	FGA	south	0.026101179502272736	0.0008517046787863853	0.6816997657689191	0.038288379742703986		-3.6716094880521677	10	373.0	372.9758580426485	0.4578894259400716	0.4577556680829347	0.5634920634920635	0.5115060753811	False
0	2026-10-01	FGA	tropics	0.20319670032159753	0.041578268615818585	14.288555988229101	0.014220940204803816	-0.7170827571999453	-5531.902352096276	25	648.0	648.1201873442016	1.0	0.9996968735825245	1.0	1.0	False
0	2027-04-01	FGA	tropics	0.0014532441002418194	2.111918414887655e-06	0.14610362301222374	0.00994666710024182			1	10.0	10.02659608997425	1.0	0.9730915892644629	1.0	0.9730915892644629	True
1	2027-04-01	FGA	tropics	0.0015325946834584057	3.5393432342745374e-06	0.05170776449069123	0.029639546372853025	0.8820050676483713	0.39326585335452624	9	207.0	206.96308424173534	0.8552371846537494	0.8692652752957768	0.9302325581395349	0.9530492996982064	True
1	2027-10-01	FGA	tropics	0.0011116117177066877	1.9654031671633783e-06	0.03932273734316914	0.028268930212199197	0.9972115372976529	0.9918973983190374	35	2224.0	2223.9628911879504	0.9342136036039954	0.9336687258940931	1.0	0.9821785713107617	True
1	2028-04-01	FGA	tropics	0.20597945650536706	0.04290872209950177	9.004540324508694	0.022875066253490926	-0.7030939656698747	-259.3853318079166	32	2042.0	2041.9819548074888	0.8748299958242693	0.841642394327764	1.0	0.9880777648672818	False
2	2028-04-01	FGA	tropics	0.018876663099773004	0.000816672750408181	0.8838044594834035	0.021358415764055647	0.28922141612690133	-34.720541170354835	23	1053.0	1052.9586270861091	0.8109932463862447	0.7824623674712662	1.0	1.0	False
1	2028-10-01	FGA	tropics	0.23183524114160362	0.05375888657126924	9.377472161235536	0.024722573115168598	0.6774125181828557	-2711.958896248008	6	91.0	90.67756427475987	0.5522188539429919	0.513764322064764	0.8461538461538461	0.6828365075421073	False
2	2028-10-01	FGA	tropics	0.08225516639042789	0.010187517774450901	3.2248172233226695	0.025506923553849297	-0.8260993708774601	-55.74671249506768	50	2662.0	2661.9654558776533	0.8874021265789986	0.8831321527922782	1.0	1.0	False
2	2029-04-01	FGA	tropics	0.22711136532424298	0.05185887725066738	8.766373525982514	0.025907105675010453	-0.5233263684569232	-1176.709099542494	29	1464.0	1463.7901425964578	0.9390131443266815	0.9428795435183679	1.0	0.9813921765032454	False
2	2029-10-01	FGA	tropics	0.26465212853877507	0.07007554187096332	17.976027925123727	0.014722503193761227	0.9440418353901093	-1727.1393209631362	3	43.0	42.43881347724523	0.8414860681114552	0.8377926003115476	0.8823529411764706	0.8405834373942914	False
3	2029-10-01	FGA	tropics	0.03139408035257345	0.0026476374493595496	1.8190270506468262	0.017258720996705383	0.11391631810480957	-637.5877168431613	19	540.0	540.092304112177	0.8537504597230856	0.853242342747809	0.9565217391304348	0.8653971133902314	False
3	2030-04-01	FGA	tropics	0.02495234132422153	0.001204402264084616	1.0655074428871687	0.02341827031879668	-0.631565926601052	-5.834401996014889	43	1439.0	1439.1575399593942	0.6555438316327012	0.6585500254514244	0.9565217391304348	0.9006968562043661	True
4	2030-04-01	FGA	tropics	0.00841141714416947	9.945453912316405e-05	0.39017707920313693	0.02155794789726809	0.31651534014684735	-0.0931006086862387	26	839.0	838.9851736247698	0.5194100744230647	0.5181543869045695	0.78	0.7883959942201453	True
3	2030-10-01	FGA	tropics	0.1749302330597122	0.030661899552153312	8.151865568723064	0.02145892024162929	0.31858116689505456	-727.4851801835258	22	781.0	781.0250111435131	0.4711450682571817	0.4652576284729067	0.7264150943396226	0.7637884299519747	False
4	2030-10-01	FGA	tropics	0.17655615595043458	0.031421714177903494	5.075706982559899	0.03478454460769319	0.6690967134248468	-202.21545041364408	37	1029.0	1028.8888228310927	0.6679331049969526	0.6620607861906241	1.0	0.9156215953978385	False
4	2031-04-01	FGA	tropics	0.18383022114616085	0.03391925259859527	11.75752775629624	0.01563510841364746	-0.5355558583040414	-4965.205566357974	11	176.0	175.61692851737692	0.89531584725435	0.892750228362759	1.0	0.9337465529828096	False
5	2031-04-01	FGA	tropics	0.021965591846991206	0.0004860721749304208	0.8980673324687964	0.02445873605780489		-134.58688682883306	8	136.0	135.8998432841293	0.9210500976706473	0.9153830980967717	1.0	0.9958418912056454	False
5	2031-10-01	FGA	tropics	0.000857789143841257	1.160472927432961e-06	0.03893729812817641	0.022030011969950487	0.9955961172087497	0.9906341376328189	34	1874.0	1873.9949214217859	0.9657416188661045	0.9603987765330124	1.0	0.9969471778154365	True
5	2032-04-01	FGA	tropics	0.20852603066446623	0.043820470142024254	9.008119581300054	0.02314867479083484	-0.5046749313442656	-293.4673416811742	35	1936.0	1936.0864425314871	0.8767930188195739	0.8414035827139911	1.0	1.0	False
6	2032-04-01	FGA	tropics	0.07046701833127955	0.008591135190773477	2.521766386787185	0.027943515585143835	0.262828524588134	-114.52885139965915	21	1605.0	1605.0098817920227	0.7812048677463337	0.7455146972542865	0.9937888198757764	1.0	False
5	2032-10-01	FGA	tropics	0.24437272311895353	0.059762802278240455	9.589119181332553	0.025484376458129936	-0.32760127361069546	-1692.5782322226553	9	189.0	188.9297758579939	0.5926106588849946	0.5288671226701465	0.8611111111111112	0.7904296431136504	False
6	2032-10-01	FGA	tropics	0.1767151310137747	0.04499609871456878	6.930308274073773	0.025498884613093558	0.9793356192274623	-127.13906492166089	42	2983.0	2982.9323727140163	0.883831936298354	0.8812825271871464	1.0	0.9993541134782625	False
6	2033-04-01	FGA	tropics	0.24908430234595647	0.06230985833317632	10.72049176162395	0.02323441012637138	-0.9485454214507733	-4488.4274134342895	18	942.0	942.0625285279971	0.9860218395862808	0.9805341979326668	1.0	0.9974340327709271	False
7	2033-10-01	FGA	tropics	0.017950506414471663	0.0004624317406193255	1.2246143269739191	0.014658089505475758	0.721040085409642	-210.03423521195367	13	253.0	253.02046858572268	0.8255888540969992	0.8251229710625725	0.9259259259259259	0.8696596021883893	False
7	2034-04-01	FGA	tropics	0.1818796429852906	0.033422273151607645	9.799431684861375	0.0185602235756454	0.9475856018164993	-370.7965507132198	37	925.0	924.8826072397139	0.6019165353589648	0.5979344799780634	0.9259259259259259	0.8815990081347717	False
8	2034-04-01	FGA	tropics	0.07305957884444507	0.005402534814074189	6.024141738664523	0.012127798782609897	-0.2796938980608052	-144.84943143542006	11	143.0	142.98127468280342	0.21309308873538121	0.1846277726708421	0.28205128205128205	0.20032221894085597	False
9	2034-04-01	FGA	tropics	0.19374398030321127	0.03756436774468566	9.437788421241143	0.020528536099321926	0.8082668299027723	-713.2705027412194	25	524.0	523.7486346553446	0.37197368591359015	0.3678783461543438	0.5833333333333334	0.5816794081331252	False
7	2034-10-01	FGA	tropics	0.21963253627728035	0.04831443835147681	12.532926588926875	0.017524441296203768	0.5189387670057262	-969.4142413884548	23	606.0	606.0139184402464	0.4479534450106058	0.4312973662483543	0.6818181818181818	0.6400869466492843	False
8	2034-10-01	FGA	tropics	0.04975165301121658	0.002549662350693226	5.629489045107557	0.00883768537651822	0.6094330664137413	-101.31085005394769	12	154.0	153.76929407007648	0.2231131091185439	0.17560978131852	0.3333333333333333	0.19996247581813625	False
9	2034-10-01	FGA	tropics	0.24429146173500066	0.060035784941796	12.478754683202869	0.019576589806980595	0.7633834343193504	-705.6750156342056	37	759.0	759.0741721941746	0.49043697788027174	0.4849412915227935	0.8125	0.698522561468825	False
7	2035-04-01	FGA	tropics	0.24737016303358583	0.061191997559262835	14.551080750702553	0.017000123033585827			1	12.0	11.842574562947853	0.35294117647058826	0.2213180391989228	0.35294117647058826	0.2213180391989228	False
8	2035-04-01	FGA	tropics	0.14126299753527716	0.01995523447265172	24.41290155836062	0.005786407535277149			1	11.0	10.96941722018376	0.3333333333333333	0.18904678059390057	0.3333333333333333	0.18904678059390057	False
9	2035-04-01	FGA	tropics	0.2805710361631488	0.0787434294707697	22.24016900414177	0.012615508277428031	-0.3907425684581959	-23631.349018908437	11	186.0	185.54196494626544	0.67773148722762	0.6505026582311676	0.8125	0.7006038590972367	False
10	2035-10-01	FGA	tropics	0.16360750706177116	0.026996847624434637	7.397955056856777	0.022115233980792022	0.9520065524428849	-747.8198558796194	22	740.0	739.7910027729556	0.8171494825089126	0.7964907691062453	0.925	0.8995285136340682	False
10	2036-04-01	FGA	tropics	0.0014343461083093244	3.3386902503785614e-06	0.08127944737163172	0.017647094741566147	0.9900333459139702	0.9724220174092733	47	1627.0	1626.774356049216	0.860359947263007	0.8591996184622896	0.9824561403508771	0.9304743510225204	True
10	2036-10-01	FGA	tropics	0.24284452383059968	0.059082054475602136	15.436400947740703	0.015731939371926122	0.4161176477838428	-2864.672531082624	27	814.0	813.7562145577648	0.8822728338874702	0.8863091589443557	0.9824561403508771	0.9299818882690644	False
10	2037-04-01	FGA	tropics	0.23893984239122687	0.057092248281944334	15.502595899990403	0.015412892391226864			1	11.0	10.688118171805929	0.7333333333333333	0.7461797851441203	0.7333333333333333	0.7461797851441203	False
12	2037-04-01	FGA	tropics	0.006748498977142218	5.985847355858116e-05	0.5593019775000209	0.01206593083633781		-3.109281926428764	9	118.0	117.60237108762084	0.7893439313047156	0.753814299084465	0.9230769230769231	0.8125530274622342	False
12	2037-10-01	FGA	tropics	0.15091574473500988	0.0229181698029655	14.145264593219665	0.010668994117462407	-0.7321103433817503	-3226.8926731809033	35	689.0	688.60982127277	0.844706430326121	0.8370649623911397	0.967741935483871	0.9195958387589498	False
12	2038-04-01	FGA	tropics	0.0518799561041564	0.0028526339101116517	5.80526061055641	0.008936714401730177	0.6956594273354448	-163.29298638270097	50	1102.0	1101.9998778821248	0.8049169977439011	0.8034928163795836	0.96875	0.9135322013842058	False
13	2038-04-01	FGA	tropics	0.07153331611677183	0.005150891125737149	3.5360481224887508	0.020229734901465384	-0.3852790079539913	-2564.2604567934345	5	76.0	76.084279903296	0.4336354454001513	0.4385364493549882	0.5641025641025641	0.5193102948677034	False
12	2038-10-01	FGA	tropics	0.16286860763446973	0.026609991167449068	9.94989622828579	0.0163688750010742	-0.18587969071097385	-2100.332070757013	33	629.0	629.0384103007299	0.6022071779440193	0.5970283979882326	0.96875	0.893646961321166	False
13	2038-10-01	FGA	tropics	0.046933222750021576	0.007016438440283343	2.5391561254891406	0.01848378769579614	-0.6788967526615467	-115.09866756524531	31	1115.0	1115.0178753223051	0.7606666214176616	0.7592182256783183	1.0	0.9758462789255441	False
12	2039-04-01	FGA	tropics	0.11514009097933554	0.013281286633369289	8.979961176034575	0.0128218918458821	-0.9174274725596048	-2873.508721332791	7	86.0	85.99297432629878	0.26401891897523144	0.24836099116469204	0.3888888888888889	0.34735010055161636	False
13	2039-04-01	FGA	tropics	0.2507945243631859	0.06467532244930889	16.978429965421693	0.014771361361089015	0.5779405381229976	-821.9890516479257	38	1318.0	1317.9542558749133	0.9061368074932474	0.9014359192540083	1.0	0.9851553609680378	False
13	2039-10-01	FGA	tropics	0.08373251886968032	0.007035941742213336	5.688084651610665	0.014720687893765825	-0.4819021049290442	-3001.039026622068	12	244.0	243.82117058608318	0.9853103103103104	0.9674284128151963	1.0	0.9780748711223325	False
14	2039-10-01	FGA	tropics	0.1722692574028084	0.029676697046115058	7.436517710695306	0.0231653125971916			1	15.0	14.80507661220717	1.0	1.0	1.0	1.0	False
14	2040-04-01	FGA	tropics	0.001403139487211511	3.424482330813021e-06	0.07086408656823497	0.01980043143377611	0.8912828249608034	0.7701862889776812	27	939.0	938.9915368047705	0.9870097125652681	0.9779231072095285	1.0	1.0	True
14	2040-10-01	FGA	tropics	0.18151513882764836	0.04238853387203606	10.53948309560519	0.017222394796888807	0.8051647211801937	-440.7356686209869	50	2144.0	2143.9580422030053	0.9912199141578139	0.9917803951473967	1.0	1.0	False
14	2041-04-01	FGA	tropics	0.2579871512323205	0.0696567706960214	21.447841358153642	0.012028583526157226	-0.094727061099345	-6244.859124634031	33	1232.0	1232.2681862129868	0.9977403666292556	0.9976573301283425	1.0	1.0	False
14	2043-04-01	FGA	tropics	0.020464474605590855	0.0006337668421766483	2.1370046126630586	0.009576242598788198	-0.3530646899937593	-67.41563686894143	40	640.0	639.6732823180253	0.9758581349206349	0.9658635538656529	1.0	1.0	False
14	2043-10-01	FGA	tropics	0.23638489856985814	0.05598338829106859	23.20826524427666	0.010185375601399269	-0.22227698116860456	-4926.3584355453095	14	200.0	199.6772287524639	0.9310232426303855	0.8975647926825948	1.0	0.9996563275969743	False
15	2043-10-01	FGA	tropics	0.015810590941005932	0.0003159136652420685	0.46670877648477394	0.0338767808484136		-0.24328676068328514	20	673.0	672.9954909442251	0.44709309843659895	0.4485236086966372	0.6842105263157895	0.5304398435908432	False
16	2043-10-01	FGA	tropics	0.162055883895443	0.02795147369905603	5.440474174530776	0.02978708816486935	0.7875777290095156	-436.98935212445804	17	892.0	892.00112444591	0.5377286593389771	0.5181052731909742	0.6976744186046512	0.7376225855577294	False
15	2044-04-01	FGA	tropics	0.09909919248768101	0.00993421173989874	3.437093504307725	0.02883226550673688	0.8252837791049001	-34.048784784774575	31	934.0	934.2150181410394	0.3764573004682293	0.3739517435044792	0.6842105263157895	0.5114992656386348	False
16	2044-04-01	FGA	tropics	0.22466611648350315	0.053032506538655	7.136428297437117	0.03148159094713903	0.6987575692905235	-146.57848704441267	39	1848.0	1847.9209055885888	0.6793954724696599	0.6645169506192122	0.95	0.8052025920437136	False
15	2044-10-01	FGA	tropics	0.006933242997281941	5.5357307094921614e-05	0.25410850888289205	0.027284576292867006	0.5103104566113656	-6.410692178207461	8	143.0	143.06175164479183	0.21750089176737286	0.22582386123935266	0.2524271844660194	0.27351337814963317	True
16	2044-10-01	FGA	tropics	0.010955926107768722	0.00015086905730793691	0.42915704398873844	0.02552894391745372	-0.7874155894400124	-4.247601121722963	19	720.0	719.9154586053266	0.8096771556065431	0.7915877523397726	0.95	0.8255755294997653	True
18	2046-04-01	FGA	tropics	0.17424665054515892	0.030562771055377008	12.54789928366274	0.013886519695932418	-0.9039819905552874	-1681.1576676262732	26	568.0	567.9980434653387	0.8334018102051393	0.8355872919878932	0.9615384615384616	0.8657632405676408	False
18	2046-10-01	FGA	tropics	0.0011582539138989413	2.272266426857785e-06	0.10371404425338493	0.011167763461901055	0.9815692799940174	0.9444147998175426	47	1079.0	1078.9231502635785	0.8307724993622387	0.8333371969981713	0.9629629629629629	0.8629344686921017	True
18	2047-04-01	FGA	tropics	0.2250967488554869	0.05087972664926475	18.47324130287011	0.012185016433500197	-0.7550287254434936	-4071.3995832412625	23	504.0	503.6877241841861	0.803198015658169	0.8033459832716663	0.9629629629629629	0.8668956419333006	False
17	2047-10-01	FGA	tropics	0.20416331617198097	0.041682659670340266	33.77332181827951	0.006045106171980967			1	11.0	10.770812432407073	0.5238095238095238	0.2827307514134817	0.5238095238095238	0.2827307514134817	False
18	2047-10-01	FGA	tropics	0.25950490224894696	0.06734279429123552	25.3194232262009	0.01024924224894695			1	12.0	11.81590892351362	0.6	0.5676228040153827	0.6	0.5676228040153827	False
19	2047-10-01	FGA	tropics	0.15443985084345024	0.02564049780151135	13.209862704208923	0.01169125329321119	0.6526831334010805	-4463.379571366959	17	286.0	285.97335371758436	0.7868873562545025	0.7610837165157677	0.92	0.8243112544014682	False
19	2048-04-01	FGA	tropics	0.19590700080363563	0.03910498661661	13.491941033116905	0.014520297733496485	0.9207111491164982	-1547.6711668084256	43	951.0	950.6710664528077	0.7947858683496218	0.7877907934733265	0.9333333333333333	0.8456791413726474	False
19	2048-10-01	FGA	tropics	0.19672426624058043	0.04014664954439403	18.77789893394136	0.010476372619356158	-0.7004926184099463	-2528.440716709599	38	809.0	808.7146506658688	0.7139329022189413	0.7032623544611167	0.9333333333333333	0.8428277152150259	False
20	2048-10-01	FGA	tropics	0.2089369771535197	0.04835832120361517	33.64511367323067	0.006210024408975556	0.2711575983055847	-15288.954533144117	13	152.0	151.49077452620548	0.48494063907107393	0.4391922430695062	0.6666666666666666	0.53811682621777	False
19	2049-04-01	FGA	tropics	0.004788324681172581	2.6103834121032526e-05	0.4982235764966299	0.009610795046759435	0.22211561591989787	-6.901810445804845	12	171.0	170.40329155091112	0.5741494133885439	0.5250974207841562	0.75	0.5969578239334343	True
20	2049-04-01	FGA	tropics	0.0016984944453453687	4.390405563242785e-06	0.41539371657320023	0.0040888785207372335	0.7680304143441554	-0.39579207617662093	14	165.0	164.28197414210396	0.5198091230806171	0.47162449007565693	0.7222222222222222	0.5384410531353649	True
20	2049-10-01	FGA	tropics	0.044378215530695195	0.0019694260136888363	7.949033109321294	0.0055828444693048086			1	13.0	12.773691698481294	0.7222222222222222	0.5575103690743882	0.7222222222222222	0.5575103690743882	False
21	2050-04-01	FGA	tropics	0.0019357317970913341	5.027889396630037e-06	0.13842431038428343	0.013984045083681451	0.16543354320628056	-0.20566752552869394	7	97.0	96.84049505019158	0.6479728225228385	0.6347413185765226	0.7241379310344828	0.6851883312197276	True
21	2050-10-01	FGA	tropics	0.0016629892783404853	6.042795826715074e-06	0.11559755100336717	0.0143860251701357	0.9355422626829435	0.6903552256895029	33	1097.0	1096.7954577909773	0.8290704143263299	0.8251266501670057	0.9636363636363636	0.9247830844617732	True
21	2051-04-01	FGA	tropics	0.18233581740547555	0.03407630876163733	4.725679205557418	0.0385840446365991	-0.73228357567735	-313.4473356815862	48	1586.0	1585.8678187354535	0.7182306634391047	0.711913897146404	0.9636363636363636	0.9341330683985106	False
22	2051-04-01	FGA	tropics	0.022702392343739417	0.0007489519242914372	1.6506381663574472	0.013753706176465081	0.35596560527604765	-534.9762702691022	17	400.0	399.9303363458952	0.479843637787529	0.45921057216176697	0.6862745098039216	0.7219755071001183	False
20	2051-10-01	FGA	tropics	0.12132946573657903	0.014720839255923705	32.49493927799685	0.003733795736579028			1	10.0	10.084094008694702	0.2222222222222222	0.1092628399619939	0.2222222222222222	0.1092628399619939	False
21	2051-10-01	FGA	tropics	0.17115321927473454	0.029722195630578024	6.1399357792580025	0.027875408705890083	-0.1269781024095517	-1819.1806693227716	23	544.0	543.6897344973452	0.5008528012160797	0.482480392951509	0.8372093023255814	0.8647386913653464	False
22	2051-10-01	FGA	tropics	0.19052666800304288	0.036832162109848875	7.263430866173689	0.026230946712846	-0.8439914197290601	-339.4908123328733	43	1315.0	1315.041469831795	0.5648925716637072	0.5579204644077012	0.7857142857142857	0.7313410366265861	False
23	2051-10-01	FGA	tropics	0.010725229996975134	0.0001181172348400668	0.7663264585507898	0.01399564099255787		-37.26680266026616	14	272.0	272.07020212401596	0.37535690123428883	0.3701908241404661	0.5471698113207547	0.5886999932792496	False
24	2051-10-01	FGA	tropics	0.00048070206206855814	2.3107447247696392e-07	0.02279151587699033	0.02109127206206856			1	11.0	11.106432880587857	0.22448979591836735	0.11348857997138562	0.22448979591836735	0.11348857997138562	False
21	2052-04-01	FGA	tropics	0.0019501196756497082	3.802966749356123e-06	0.14332366745370648	0.013606403675649708			1	11.0	10.982996985511344	0.1774193548387097	0.054331896888693776	0.1774193548387097	0.054331896888693776	True
22	2052-04-01	FGA	tropics	0.0011956839820845642	3.3308232178784593e-06	0.06929397439837892	0.017255237449802507	0.8813516717709962	0.7441123561491612	31	902.0	901.7834201208539	0.5145094739070467	0.49913899699291747	0.7846153846153846	0.744316768361124	True
23	2052-04-01	FGA	tropics	0.0028072754894382934	1.4687271388161728e-05	0.09075839306830735	0.030931304472584235	0.9056531197733477	0.8113671627340483	35	779.0	779.1348810459313	0.3433871085384458	0.34233331752356416	0.5555555555555556	0.42194961383158996	True
24	2052-04-01	FGA	tropics	0.0029559858230141663	1.3173978801257743e-05	0.12169449537965915	0.024290218006921042	0.9634062163302815	0.7734097810773503	24	1428.0	1427.9155879619584	0.6179233918275099	0.5994038506562819	0.8608695652173913	0.8640803414354568	True
25	2052-04-01	FGA	tropics	0.020228197515036052	0.00041188444068266896	1.6580514842386518	0.012199981549019563	1.0	-108.36660453272387	2	26.0	26.196125230148198	0.11057692307692307	0.09020119031123516	0.125	0.09357892581364644	True
22	2052-10-01	FGA	tropics	0.11888062987887173	0.014237523808931852	8.423881706490366	0.014112333722264583	-0.825241730328855	-3802.393825418668	6	73.0	73.02493322882837	0.1924394191414327	0.2137224176521785	0.375	0.29752254185042276	False
23	2052-10-01	FGA	tropics	0.24961879851277163	0.06939484017439743	19.579140519004824	0.012749221462018465	-0.8957923700305712	-5024.407338322556	19	467.0	467.01247583055493	0.31265659255203354	0.2863834574435908	0.5555555555555556	0.459640187028484	False
24	2052-10-01	FGA	tropics	0.22978747559866258	0.053197822592952373	3.341846786368219	0.06876062557266012	0.2691944975795959	-132.03288087022239	42	2132.0	2131.8343726146386	0.5084554899984604	0.5060348448663631	0.8608695652173913	0.7678017490770593	False
25	2052-10-01	FGA	tropics	0.22038123405560106	0.048719907182689266	9.582309852811136	0.022998758904769545	-0.32234504691229093	-478.5596827808735	28	2014.0	2014.0000336624335	0.6184586591045055	0.6172758836324557	0.8932038834951457	0.8517461105794503	False
26	2052-10-01	FGA	tropics	0.16898144847883842	0.028757836066587106	15.405526373810916	0.0109688850856861	-0.873184931499891	-4297.436158252114	4	79.0	78.91042672546949	0.1806572436610039	0.14872776690134515	0.23853211009174313	0.17109803312046717	False
24	2053-04-01	FGA	tropics	0.2673553345218764	0.07543636689070499	7.505839945319283	0.03561964236775417	-0.8518760137833914	-1782.1844472984008	17	585.0	584.6683625853009	0.31142328318227813	0.3031259847263562	0.7452830188679245	0.659141963257037	False
25	2053-04-01	FGA	tropics	0.21658541630548983	0.047643311350138336	2.659370988644653	0.08144234754394779	-0.34690862642626186	-90.95737643334586	37	2366.0	2365.9993176454027	0.5876542106735514	0.5799484149250883	0.8932038834951457	0.8516956065565889	False
26	2053-04-01	FGA	tropics	0.010276080822580625	0.00012690124162557088	0.5279726004985023	0.019463284293310172		-0.5071729139878209	30	1990.0	1989.83435570822	0.6918239197290951	0.6952349142424257	0.9910714285714286	0.9852939438175765	False
25	2053-10-01	FGA	tropics	0.2044477762918132	0.04476739278498603	5.908103741710781	0.034604635468471354	-0.8768532189581322	-1241.9116365518735	11	303.0	302.5851479477032	0.3341061858239192	0.32464045977754236	0.6266666666666667	0.5819301815734108	False
26	2053-10-01	FGA	tropics	0.08128357459169451	0.007239097000266194	3.8881008195303837	0.020905727079760288	-0.14784667349251848	-36.34128919825638	42	2411.0	2410.9355663648475	0.8722464387527863	0.8609825453084439	1.0	0.9931861713311366	False
26	2054-04-01	FGA	tropics	0.23647114632359295	0.05592606014605481	11.85873953518871	0.019940664488152952	0.6536238379436872	-14191.735196117688	16	443.0	442.9105762288443	0.9548775124166615	0.9513487000905101	1.0	0.9684589862131556	False
27	2054-10-01	FGA	tropics	0.003815150516794915	2.2445817737429467e-05	0.17003070823207914	0.02243800873656023	-0.06795985444147287	-0.10371815729245282	16	561.0	560.8791411376179	0.711217035391096	0.6845417357147809	0.7959183673469388	0.7663164877151344	True
29	2054-10-01	FGA	tropics	0.010459070477483408	0.00012703412980625628	0.8755557214717403	0.011945636606545764	0.9074539957959369	-6.136353274736067	3	42.0	42.0023473799062	0.17648109108392926	0.13984299080723397	0.22388059701492538	0.15077459647651495	True
0	2026-04-01	GARW	north	0.016097188140195267	0.0003787618695752547	0.4751336676875314	0.03387928331524063	0.7987011670150825	0.11309789798255143	24	827.0	827.0091076043864	0.9988738738738738	0.9987443006982565	1.0	1.0	True
0	2026-10-01	GARW	north	0.291193924098824	0.10671022318407748	6.831929117618179	0.04262250370073265	-0.8158827571189022	-156.5204166359237	25	1002.0	1002.0513654838866	0.9949298478806676	0.9961677226348103	1.0	1.0	False
0	2027-04-01	GARW	north	0.009762071680601364	0.0002670610672538786	0.2327696036341334	0.04193877348326528	0.99516849813466	0.6007672956895013	11	267.0	267.0825639740403	0.7327230324231824	0.7271841591754499	1.0	0.9939275521646056	True
1	2027-04-01	GARW	north	0.004266501292276631	2.2494213305111457e-05	0.06353781187436618	0.06714901200426635	0.9891267238330355	0.9638723223248012	14	1841.0	1840.9306055877637	0.9244327996790378	0.9152057913287112	0.9653846153846154	0.9818254772788758	True
0	2027-10-01	GARW	north	0.06946791099178817	0.004832772802303778	2.435801893363808	0.0285195241784848	1.0	-114.94404796643136	2	24.0	23.998152985292055	0.04990421455938697	0.01833938732417463	0.05	0.019845586494241528	False
1	2027-10-01	GARW	north	0.20361285567986318	0.0489486993806283	3.255818112922484	0.06253815434950585	-0.9576432919684255	-27.070794208614647	23	2641.0	2640.827433549175	0.9414531754534223	0.9283588207140984	1.0	0.9834690394736262	False
1	2028-04-01	GARW	north	0.0025794671279209557	8.189965726162205e-06	0.049391443344582744	0.05222497973839576	0.9914927583267166	0.8325653301086761	7	443.0	442.8725393255911	0.9684951859577724	0.972528382941606	1.0	0.9770045234850124	True
2	2028-04-01	GARW	north	0.0032533103538757353	1.45734786422229e-05	0.06353521002739339	0.05120484141742919	0.9974428957696331	0.9771595770965494	17	2450.0	2450.044365756185	0.9876764782167323	0.9818807865871667	1.0	0.9987850858153461	True
2	2028-10-01	GARW	north	0.01854796747542207	0.0008110586353311273	0.34666601398856095	0.05350385306600636	0.7025320552053458	0.45574865798574626	25	3036.0	3035.9620797376297	0.9878190819365996	0.9890684563819571	1.0	1.0	False
2	2029-04-01	GARW	north	0.3822367422814623	0.16128426685957895	7.151261006739843	0.053450257503007644	-0.9947258721481977	-6106.00616631217	6	281.0	280.95098559358854	0.9891824309632528	0.9880495296813979	1.0	0.989561133578605	False
3	2030-04-01	GARW	north	0.03806292925828264	0.0025269453261695016	0.7933814875397655	0.04797557020937531	0.9339813877471609	-2.0674041798018985	21	1495.0	1495.0408761013937	0.5898591771081408	0.5810352590679554	1.0	0.8871372938997367	False
4	2030-04-01	GARW	north	0.028044961219547502	0.0012190912378758625	0.47141853801284356	0.05949057781597768	0.988186541873258	-0.3792987599998694	15	1554.0	1554.0511094909637	0.5040670522633307	0.49613028826398037	0.7375	0.7266889442898029	False
3	2030-10-01	GARW	north	0.07824016469299673	0.010038427522952973	1.1872518069505962	0.06590022793391499	0.8425637502900043	-7.025383199600126	24	1558.0	1557.8185472860018	0.5519050548871851	0.5456029418065067	1.0	0.8966983893709177	False
4	2030-10-01	GARW	north	0.14396805688466624	0.03149109442375888	2.406678992637021	0.05982021587636791	-0.6570942274195937	-18.423965498886915	22	1787.0	1787.1288525154123	0.5955603266331125	0.5954834586188477	0.9166666666666666	0.8849958101662476	False
3	2031-04-01	GARW	north	0.407621258548534	0.1661550904206908	6.208749120528782	0.06565271854853398			1	11.0	10.45463384591031	0.3235294117647059	0.20262200485438642	0.3235294117647059	0.20262200485438642	False
4	2031-04-01	GARW	north	0.36860997531692613	0.14158154162115416	6.779712437750187	0.05436955898962102	-0.9728492565216993	-7984.990834829752	5	94.0	94.3300078425743	0.8152941176470587	0.8216224988841458	0.9166666666666666	0.8772712953629836	False
5	2032-04-01	GARW	north	0.015913626891443742	0.001453808903490269	0.0629817610521472	0.25267040212273023	0.9259211489546191	0.7591251783139301	20	957.0	956.9163832511682	0.342121466386679	0.37016133062125384	1.0	0.8182751701832187	True
6	2032-04-01	GARW	north	0.006000863987869242	4.484376057412643e-05	0.07770478462268222	0.07722644129326335	0.9955521002732124	0.9845198583064142	18	5085.0	5085.001504010934	0.795183790188558	0.7455944786597615	0.9407665505226481	0.9997778949612565	True
5	2032-10-01	GARW	north	0.043463253074511515	0.0033055562997307327	0.5292843019876037	0.08211702654187063	0.8994928012877168	-0.5947034663850825	19	946.0	945.9683809591629	0.3074962804070306	0.31062929719324617	0.9166666666666666	0.8701887855757054	False
6	2032-10-01	GARW	north	0.06775360489723124	0.008734963786009551	0.8819665914423256	0.07682105598402574	0.21431364774665826	-1.483692621416706	21	5138.0	5138.050167592522	0.8166570534468544	0.8090673377396985	0.9545454545454546	0.9665061221412969	False
8	2034-10-01	GARW	north	0.005466294311587424	3.766922223759747e-05	0.3087703346236743	0.017703430992649212	0.9191036607775338	0.15779207180929344	8	99.0	99.00084000825709	0.6008337978446674	0.5592516285763531	0.7692307692307693	0.6708304863544895	True
8	2035-04-01	GARW	north	0.07387051351268056	0.005694785833608797	1.5628218359598345	0.047267392746219015	0.9424573531902887	-4.840515512949402	5	63.0	63.02421375934751	0.22422863874476776	0.2086511022019603	0.3225806451612903	0.24552012354384503	False
9	2035-04-01	GARW	north	0.06885946344002211	0.00905831765868348	1.2727013771193816	0.05410496498077017	0.900937974302623	-33.95516685696249	6	97.0	96.92901288104757	0.3194078029349347	0.28210892496793366	0.5	0.4052985878703015	False
10	2035-04-01	GARW	north	0.06899703655815455	0.006290087887475058	1.3517273629375581	0.05104360424295251	0.6593562795665888	-864.4637861886383	6	183.0	182.91838974850992	0.4755707024399198	0.48082053008228093	0.6868686868686869	0.6594914778242476	False
8	2035-10-01	GARW	north	0.19860597217969217	0.046762129086037454	6.0640468316047285	0.03275139155334245	-0.7595988580560857	-81.43822719683843	13	202.0	202.0768278512067	0.22512122067296553	0.20735433338637071	0.3225806451612903	0.23179323634016558	False
9	2035-10-01	GARW	north	0.13063472587367567	0.024665029131324224	2.8594497146136675	0.04568526776534882	-0.9835141024970958	-64.43969766215581	11	174.0	174.09366070919728	0.2528130106388766	0.24151733575454323	0.5	0.33141779884785133	False
10	2035-10-01	GARW	north	0.17279063715520773	0.035021407101484596	3.338096848869033	0.051763218677657666	-0.3874779866749791	-52.28960988499194	22	754.0	753.9262503987173	0.6314751009830594	0.6344647775539874	0.9047619047619048	0.795672000839889	False
8	2036-04-01	GARW	north	0.005596870963223047	4.1803268071648056e-05	0.1925527917206528	0.029066683028635305	0.9785289984078651	0.5184073363093046	6	90.0	89.93418995831941	0.21804027729812636	0.1940599588955461	0.2894736842105263	0.20790166349429598	True
9	2036-04-01	GARW	north	0.006060684046619152	4.2023185936504495e-05	0.353171077864964	0.01716075983134857	0.9185843061749754	-1.4675019130981442	3	45.0	44.91559721075097	0.17951652205597687	0.1597035220350104	0.2073170731707317	0.1713780681021487	True
10	2036-04-01	GARW	north	0.00216799854121656	1.0533754929131046e-05	0.07222586071945734	0.030016929111272055	0.9904747271486233	0.9767832498110842	34	1821.0	1820.9185546133344	0.7386485583034028	0.7236998027312183	0.9473684210526315	0.8218434383256497	True
11	2036-04-01	GARW	north	0.0007630861906205005	9.41517055844666e-07	0.016751809309654524	0.045552464006423064	0.9986597411788745	0.9970454934711129	12	403.0	402.9574827369885	0.25834210243639505	0.25776165173850024	0.3888888888888889	0.3916844297087762	True
10	2036-10-01	GARW	north	0.09688066366177353	0.01134659686973977	1.705351577465497	0.05680978921997897	0.10332264379386498	-11.059909605106467	28	1543.0	1543.000033229921	0.7012770443512638	0.6862262802561497	0.9473684210526315	0.8297507980639531	False
11	2036-10-01	GARW	north	0.07793638010462713	0.01071492811018474	1.6726436808699516	0.046594729646239993	-0.7790264078519556	-14.06214888255373	19	554.0	553.3366339793022	0.3408508102192253	0.34990659887915515	0.6	0.6347803097643594	False
10	2037-04-01	GARW	north	0.0035943635638219645	1.4319670502097227e-05	0.06200661121420426	0.0579674246574304	0.9739213775398379	0.5971587531880694	4	78.0	78.00325232844179	0.5037182820549858	0.46798901872540793	0.5714285714285714	0.538832519836505	True
11	2037-04-01	GARW	north	0.006745509433217678	5.2714434347788006e-05	0.20673079442020892	0.032629437003499816	-0.9468197664768233	-2.7527354876908485	5	87.0	86.89513601139433	0.5067872791179162	0.5028716941057524	0.6	0.6270552151802321	True
11	2038-04-01	GARW	north	0.019586355628490704	0.0006803966942221942	0.47845274549928724	0.04093686537016618	0.9952835339611679	-0.12090997168805129	9	140.0	139.91348981011893	0.21109361835771667	0.18406193969892093	0.45454545454545453	0.21365478803486274	True
12	2038-04-01	GARW	north	0.00644032063501211	6.490140321856616e-05	0.17328801574628871	0.037165412779850825	0.9248906214522312	0.24715995273321711	14	624.0	623.9461947845401	0.7095169752070618	0.7066644385460188	0.9090909090909091	0.7815231359681672	True
13	2038-04-01	GARW	north	0.015091820314672027	0.00028035581968546716	0.3690684356645406	0.04089165817580108	0.9970194514241644	-2.8944104512676936	5	94.0	94.05321711259812	0.16805765106591183	0.16898754219849743	0.20491803278688525	0.2046160293813523	True
11	2038-10-01	GARW	north	0.005131669184380803	3.363590055587702e-05	0.12878371633323032	0.03984718977283208	0.9973450909168171	0.9207494292416033	13	193.0	192.92549998892343	0.1893478630580101	0.17552525027912777	0.45454545454545453	0.20381486950308356	True
12	2038-10-01	GARW	north	0.0015004184643833262	3.742426854639295e-06	0.03586557008513133	0.04183450760219059	0.9983517640825794	0.9944978094126694	23	976.0	975.9933658499755	0.6467681870680896	0.6452182220723658	0.9090909090909091	0.7945669691327035	True
13	2038-10-01	GARW	north	0.0017674992262589925	5.4644902095973525e-06	0.04390796425389418	0.040254638453255866	0.9961185291644964	0.9868915096823364	16	304.0	303.91362673944406	0.3113997042481102	0.298963238946262	0.7	0.5218411667927152	True
11	2039-04-01	GARW	north	0.0009713733174125869	9.435661217811342e-07	0.03406487290812445	0.028515395317412588			1	12.0	11.776356381353638	0.13636363636363635	0.1351723446226287	0.13636363636363635	0.1351723446226287	True
12	2039-04-01	GARW	north	0.002217850213173182	9.560627794491975e-06	0.0584309568595839	0.037956766966916584	0.8603829344138794	0.6590451123970655	6	180.0	180.11294826002347	0.526095410470242	0.4966895640483126	0.6477272727272727	0.5774278270426367	True
13	2039-04-01	GARW	north	0.0039456620866637655	3.079632523802701e-05	0.12056826861385952	0.03272554322978977	0.9585931509575063	0.9176478631067693	22	658.0	657.9825870937101	0.7673078325571797	0.7634792355857102	1.0	0.9985758056183174	True
13	2039-10-01	GARW	north	0.0009867621576794404	1.7805087479036698e-06	0.026380663461625122	0.037404751367032266	0.9984865680014077	0.9965462552953412	22	771.0	770.8068052650278	0.948660368255733	0.957152132173884	1.0	0.9812990118383488	True
13	2040-04-01	GARW	north	0.2298142383425604	0.054880858867086935	6.829976593663886	0.03364788080763808	-0.9835522037720559	-4130.619226398793	5	117.0	116.8864385413235	0.9058478776125835	0.9094531262746154	1.0	0.9221715920665812	False
14	2040-04-01	GARW	north	0.06645465640228133	0.00551875649028454	1.22190949798934	0.05438590706728519	0.9893706713098248	-7.582863803015655	16	2402.0	2402.0107789605795	0.9841617521677165	0.9807337606361365	1.0	1.0	False
14	2040-10-01	GARW	north	0.1338995954221362	0.024354583257500288	2.2602148738940557	0.05924197604781029	-0.3922583801460733	-12.948263905954548	25	2982.0	2982.064672857839	0.9891492356730529	0.9823561584032734	1.0	1.0	False
14	2041-04-01	GARW	north	0.4668722539021101	0.2278547345748351	7.882427666433651	0.05922950056240011	-0.9523637049256365	-5458.315346867827	7	294.0	293.9881624282101	0.9974489795918368	0.9987463867691988	1.0	0.999018942889789	False
14	2043-04-01	GARW	north	0.03360764478591852	0.0022087577919951305	0.34907300509198375	0.09627683692430646		-0.14250916358502197	5	73.0	72.74959723362508	0.17815554029394615	0.1853748032896855	0.3055555555555556	0.3539752082133127	False
15	2043-04-01	GARW	north	0.10881945314780261	0.01189431523872191	1.660854509502219	0.06552015996898929	0.997275946202052	-44.442329691851576	10	888.0	887.9476823398962	0.8131701186322278	0.7892814152524296	0.93048128342246	0.9979372403924403	False
14	2043-10-01	GARW	north	0.11623415912456765	0.016503595374712122	3.794031188051269	0.03063605789288967	-0.9903648338628006	-64.05824377034027	7	102.0	101.51677252621633	0.14833502836215368	0.17011501822438077	0.3055555555555556	0.29078153844200316	False
15	2043-10-01	GARW	north	0.24511949581698303	0.07687707442573007	3.851539465000838	0.06364195357321353	-0.8592074587168504	-46.69847004181177	25	2169.0	2168.80254103492	0.9128742564710535	0.89948968435007	1.0	0.9989686899849005	False
15	2044-04-01	GARW	north	0.0026572756506153352	1.5510830715892094e-05	0.05670574002098071	0.04686078780793907	0.9802744468295421	0.888957366401881	13	916.0	915.9229601211688	0.9822386610673164	0.9819250704673654	1.0	0.9945917840287023	True
16	2044-04-01	GARW	north	0.0013924147460296849	3.506240880362492e-06	0.04986386564086925	0.027924324119958297	0.9843503261098733	0.9398471958810878	10	239.0	239.0015689694007	0.8258214307595633	0.8186424467766645	0.972972972972973	0.9165139241283621	True
16	2044-10-01	GARW	north	0.04814697478996553	0.003697243247791553	1.6526292589204468	0.029133560676165664	-0.21272332120381754	-11.179061046296319	16	378.0	378.02592909414795	0.8237575842452328	0.8294773189990139	0.972972972972973	0.8703857232160608	True
16	2045-04-01	GARW	north	0.21896124220468902	0.04831091237276408	7.758037463511726	0.028223792838656232	-0.948167404973724	-10674.652989175522	3	52.0	52.34752933495666	0.7700216450216449	0.7794824541844086	0.8636363636363636	0.8025416894225514	False
17	2045-04-01	GARW	north	0.024525837871712284	0.0007409269233122547	0.6143590393181986	0.03992101735644761		-4.314725345044352	9	253.0	252.91237265580685	0.6298080712005807	0.6122038970765898	0.7727272727272727	0.6375407312916652	False
18	2045-04-01	GARW	north	0.03337987548028892	0.0017351884421529292	0.9999145088660752	0.03338272940767949	0.9599460552171524	-155.1300462792827	6	136.0	136.12477219010333	0.38746190141971143	0.3734779524278407	0.45588235294117646	0.44893200891276996	False
17	2045-10-01	GARW	north	0.003844459021560305	3.0129252588379065e-05	0.09050483564117025	0.0424779404804695	0.9913751655239921	0.9502717612465886	20	536.0	535.8544344064356	0.549049382433872	0.5398478174111393	0.7727272727272727	0.6553167890978818	True
18	2045-10-01	GARW	north	0.0034398561785438696	1.539681903582647e-05	0.10506465499943637	0.03274037475840303	0.9932064510285739	0.970649618850122	19	458.0	458.12568230205443	0.48736646024119573	0.48160706897464006	0.7	0.6070758500955679	True
17	2046-04-01	GARW	north	0.03343184453933424	0.0017848724943844779	0.8958467509128638	0.03731870937218597	0.9777260425796518	-28.964374079894096	8	172.0	171.95395399737833	0.46464009109170396	0.4322146803261126	0.5769230769230769	0.5074083938144862	True
18	2046-04-01	GARW	north	0.02304798860573087	0.001560200169410543	0.7288188435312565	0.03162375508028755	0.8572132476183947	-2.416019880790873	28	1106.0	1105.950254866598	0.8185322272151553	0.8245066759033077	1.0	0.9807548885668889	True
18	2046-10-01	GARW	north	0.06685437668607337	0.006278363816053265	1.6231865837118085	0.041187117585209876	-0.6457820488992433	-8.817250636718484	25	1136.0	1135.96597965922	0.9785980125167799	0.9732818300006187	1.0	0.9903505593421886	False
18	2047-04-01	GARW	north	0.0012362392571043286	2.4138528142377194e-06	0.030811073029589926	0.040123213362841526	0.9880411474470461	0.91289523574863	6	144.0	143.90019025881938	0.9868647717484927	0.9579042297987383	1.0	0.9709661058691471	True
19	2048-04-01	GARW	north	0.0012493467541578073	2.5335123779116076e-06	0.030695636971971363	0.040701118380394065	0.9973148226327205	0.9945106831274759	19	1745.0	1745.0128059534884	0.9573946907667237	0.9528148904132229	1.0	0.9779762134074607	True
20	2048-04-01	GARW	north	0.0014150921074196424	2.0024856724813646e-06	0.08117165673353204	0.01743332789258036			1	15.0	14.54402160962012	0.08379888268156424	0.03777057518243605	0.08379888268156424	0.03777057518243605	True
19	2048-10-01	GARW	north	0.0937426000859524	0.013234653764965222	1.9662065527112524	0.04767688316198943	0.2586514009013449	-11.887672270308796	25	2110.0	2109.964393149808	0.931217417948053	0.9302866035251737	1.0	0.9823995839878538	False
20	2048-10-01	GARW	north	0.007445362543212489	5.543342339987155e-05	0.46611985842508113	0.01597306445678751			1	15.0	14.700278990816177	0.08379888268156424	0.04160144734758082	0.08379888268156424	0.04160144734758082	False
19	2049-04-01	GARW	north	0.41134443761680767	0.18006670862345298	9.015082061779012	0.045628474016977956	-0.9254317968430874	-37251.12659994586	6	211.0	210.7935966860521	0.8722154945817024	0.8556680986082812	0.9523809523809523	0.8811872745983784	False
21	2050-04-01	GARW	north	0.18809290432598494	0.05069823288409284	4.603890385752718	0.0408552090875275	0.9008474452417881	-465.59066271557765	12	437.0	436.9254740882283	0.9664718535995132	0.9729383304448783	1.0	0.9771113667219522	False
21	2050-10-01	GARW	north	0.0009626082985489956	1.3642337083239508e-06	0.023697199341445402	0.04062118416100903	0.9993071092316398	0.9980535637452863	24	946.0	945.7888325823475	0.9721458341736228	0.9626475640001759	1.0	0.990164760713423	True
21	2051-04-01	GARW	north	0.009535876745928243	0.000402830522350219	0.09472685035466485	0.1006670939678155	0.8212157054882374	0.6017504105890575	21	588.0	587.919874270826	0.5326948450836854	0.5409315822409089	1.0	0.9792782483676689	True
22	2051-04-01	GARW	north	0.0012500987910800873	2.5583312464033628e-06	0.02205937506045843	0.056669728297103816	0.99946763504435	0.9968177448258576	17	2758.0	2757.84239190971	0.7604376069245474	0.7140876473577926	0.8359375	0.8680657313528215	True
23	2051-04-01	GARW	north	0.008656017199190933	7.641759678539078e-05	0.1930041080494943	0.04484887542896843	0.9998070496699868	0.8751717726750545	10	367.0	367.0022377594424	0.12283822339635746	0.12491358286032175	0.2168141592920354	0.12748445658164398	True
21	2051-10-01	GARW	north	0.014090939661781994	0.0003742936708406851	0.18340467198625418	0.076829774886204	0.9945613622494714	0.7036791549511188	15	272.0	272.09866664349585	0.12087046977572548	0.11536351031517549	0.3111111111111111	0.2724723465480253	True
22	2051-10-01	GARW	north	0.0034714968282459017	1.7263159086705822e-05	0.06039496131685415	0.057479908133944387	0.9973411256759999	0.9902717589143618	25	3160.0	3159.8404815324784	0.6707920314247096	0.6463456863989512	0.8359375	0.7872168084699	True
23	2051-10-01	GARW	north	0.010245632135186823	0.00016865198172307278	0.14639715775467962	0.0699851847694722	0.9623883428936248	0.8474667156549873	21	734.0	734.0026280227152	0.3579347343690541	0.38350424232785374	0.9375	0.7722630942684394	True
22	2052-04-01	GARW	north	0.001951724080184973	5.48114314863856e-06	0.033723457764555105	0.05787437616306131	0.7984516179699814	-0.047192745286934734	5	132.0	131.83318503247546	0.4030502156580087	0.3660695212836553	0.5148514851485149	0.4803358835702669	True
23	2052-04-01	GARW	north	0.003112738539488913	2.5752762111410838e-05	0.10113894304630122	0.030776854550120296	0.8837170168740014	0.6319445695636543	8	215.0	214.97869327183054	0.6553490802915021	0.6774456476178587	0.9375	0.8283621123410295	True
24	2052-04-01	GARW	north	0.0034182312494295654	1.857719083852385e-05	0.06999327078207264	0.04883656973357325	0.9982434651460647	0.9819847211435508	21	2949.0	2948.981448222162	0.9394842044737792	0.9064512740318537	0.9872881355932204	0.9933521225580211	True
23	2052-10-01	GARW	north	0.12314128484077003	0.015177106273036823	3.8982443156566258	0.03158890897273788	0.986635325229632	-161.25598013731178	3	36.0	35.83178324946063	0.044366475818088724	0.028949980643178986	0.05303030303030303	0.037051924418571476	False
24	2052-10-01	GARW	north	0.17903921479933946	0.04303237926753402	3.1260572376486238	0.05727317230250405	-0.1904517998082025	-29.14962243521109	26	3178.0	3177.9918214091826	0.9456114409437397	0.9281360045945277	1.0	0.9996040317549199	False
24	2053-04-01	GARW	north	0.013671326195292557	0.00018972023589411673	0.23908493409219678	0.057181880770540615	0.7859672324796891	-28.539459445682898	3	92.0	92.15769356077223	0.9565720611916264	0.9620864602571843	0.96875	0.9649858252189913	True
25	2053-04-01	GARW	north	0.012034277922283683	0.00024149829976600549	0.3652044576336011	0.03295216602848074	0.7943681781412478	-0.12340854784386313	17	1082.0	1081.987431664992	0.7631914178351564	0.7489032857571672	0.9090909090909091	0.8224115419945044	True
26	2053-04-01	GARW	north	0.016252055717483185	0.00042909738688441516	0.4880971602309301	0.03329676351690709	-0.6309363577985259	-1.0704876411243713	11	249.0	248.97648289865467	0.19117090748166013	0.19180958705222625	0.23214285714285715	0.19509601192768738	True
27	2053-04-01	GARW	north	0.02872292158732176	0.0009252747044564164	0.822237157791287	0.034932648464194874	-0.9583342984299685	-8.39726565008922	5	79.0	78.4791087579527	0.1129962963607313	0.09929494163186178	0.16551724137931034	0.1309875984671211	True
25	2053-10-01	GARW	north	0.005729031808712088	3.876209643147079e-05	0.11732869139915174	0.04882890740869123	0.9980134053364618	0.9574413615318154	26	1395.0	1394.9593748530474	0.6455669954452343	0.6322980377711338	0.9090909090909091	0.8013690565789301	True
26	2053-10-01	GARW	north	0.0031149654303190668	1.4074299392047979e-05	0.10465354852596356	0.02976454667990807	0.9819546552095384	0.9500286434905372	20	482.0	481.83884045714825	0.26855510857830717	0.2625434580194373	0.4583333333333333	0.4593516752649944	True
27	2053-10-01	GARW	north	0.0062068098878364985	4.39304124128566e-05	0.19011371301028784	0.032647881047384635	0.9951698259531112	0.8851877842158904	12	179.0	178.78596035136073	0.16463980347478693	0.14593313842576028	0.2682926829268293	0.20680929572711265	True
25	2054-04-01	GARW	north	0.009448148264855788	9.813654692749408e-05	0.20991439384296096	0.04500953027510844	0.7889764600780367	-4.629367140928829	6	184.0	184.13913512399665	0.4143026847641358	0.40115226948675403	0.5066666666666667	0.4690643167880673	True
26	2054-04-01	GARW	north	0.008509333205298907	0.00016807732046667176	0.22535018379282273	0.0377604893063767	0.8794787293547834	0.7148289350160788	23	1403.0	1402.876421832394	0.7054172744055124	0.7194954534614582	0.9312977099236641	0.8876036190975971	True
27	2054-04-01	GARW	north	0.0054392282523637765	4.2227070882558186e-05	0.14302201382425256	0.0380307066508487	0.9700813270204908	0.9408852503377267	9	130.0	129.41617247413873	0.17860252319608974	0.14832133752160906	0.2682926829268293	0.19293874302353226	True
26	2054-10-01	GARW	north	0.001762992285079401	4.617817433930889e-06	0.0369547290166883	0.0477068113334901	0.9981251911054191	0.995122080981787	26	1829.0	1828.9771430336434	0.8232403657291706	0.824054938115132	0.9312977099236641	0.8579280307062891	True
27	2054-10-01	GARW	north	0.0029193197277905987	1.252840076128291e-05	0.09242893344927536	0.031584479219298904	0.9996512625857101	0.9478010913911701	5	80.0	79.65833341750549	0.1269540054263781	0.09385630023194647	0.19444444444444445	0.0994900423740242	True
0	2027-04-01	GARW	south	0.0016633363513758222	5.7666696812334124e-06	0.086768770010277	0.01916975832639802	0.98758246776315	0.9088778910367478	8	114.0	113.81609710913094	0.5868197916347948	0.5770973444275564	1.0	0.9070255410000415	True
1	2027-04-01	GARW	south	0.0020994721755350295	7.235264482993207e-06	0.05776743128425177	0.0363435266007297	0.9935922816940864	0.9689512951219128	29	666.0	666.0585140876889	0.8529185837000679	0.8343109616818446	1.0	1.0	True
0	2027-10-01	GARW	south	0.014590800761521477	0.00021289146686241572	10.684525138376207	0.0013656012384785246			1	11.0	11.276990688151873	0.22448979591836735	0.23624217972484898	0.22448979591836735	0.23624217972484898	True
1	2027-10-01	GARW	south	0.003630788055446247	2.2181192483455678e-05	0.08051331007666826	0.04509550100460226	0.9754416663277518	0.9480867580057165	50	3909.0	3908.984815096185	0.8845216465986209	0.8715493852479266	1.0	0.9909702048847258	True
2	2027-10-01	GARW	south	0.010814430596613252	0.00013108110102214745	0.1992741789705445	0.054269101257778986	0.986335942363643	0.6861716332105106	12	583.0	582.9145630922496	0.29259022036463816	0.30545682821956116	0.6542056074766355	0.5756630373301892	True
1	2028-04-01	GARW	south	0.004681645422023571	3.582628092163997e-05	0.0934359764490377	0.05010538338599219	0.9892984181345841	0.9600090183783552	27	3342.0	3341.9921443385656	0.780378230805218	0.7699716009225992	1.0	0.9920570477326008	True
2	2028-04-01	GARW	south	0.007382446091672546	8.647589060421237e-05	0.12484385373489451	0.059133436455343205	0.9727190933958318	0.8738643237478695	22	865.0	864.8326434958383	0.5546179036342023	0.5394552430427018	1.0	0.9569751540826734	True
1	2028-10-01	GARW	south	0.1719525044159012	0.029567663774900523	3.5675034427032046	0.04819967441590123			1	16.0	15.914055161588958	0.3137254901960784	0.2008203493884051	0.3137254901960784	0.2008203493884051	False
2	2028-10-01	GARW	south	0.1453552861807905	0.05370793245519549	3.096053153937868	0.04694857580074593	-0.8865939058421486	-80.04963986686073	22	633.0	633.1083619679333	0.9535064491389683	0.9371579710964452	1.0	0.9809651268998857	False
2	2029-04-01	GARW	south	0.05038956907936918	0.003208838433941964	1.0690617983967914	0.04713438376989565	-0.3895174992501081	-6.392236524511944	21	609.0	608.9689946209445	0.9730496555783889	0.9716294013240369	1.0	0.9922375062260144	False
2	2029-10-01	GARW	south	0.014471057513947129	0.0003200838384138017	0.5631351979751896	0.025697306021678808	-0.07480078343316676	-2.0114829065622337	4	83.0	82.89360336866272	0.956547619047619	0.9407167891752899	1.0	0.9451525052279126	True
3	2029-10-01	GARW	south	0.012367727328330635	0.00020110531790959977	0.21105061652337295	0.058600763798105096	0.9903679616074428	0.29234466617873267	13	1466.0	1465.914978622061	0.9870080210287426	0.9797669328610356	1.0	0.9968477106472733	True
3	2030-04-01	GARW	south	0.10300951087674115	0.01673875733267151	1.9172882532972788	0.05372666874664743	-0.8022523116440612	-10.795762773664498	24	2459.0	2458.6147626816223	0.9798656339090751	0.9651880452388807	1.0	0.9999480519038392	False
3	2030-10-01	GARW	south	0.005895697300532269	7.555456117635898e-05	0.12649894413006452	0.046606691787643637	0.9699265434071476	0.025112721317114617	9	599.0	598.7301877469981	0.967317510097816	0.9545906689503147	1.0	0.9894699318330176	True
4	2030-10-01	GARW	south	0.001776396531615412	5.216440977320786e-06	0.05719563490662969	0.031058253562799516	0.9911633794530658	0.9256455791029281	14	377.0	376.831227715342	0.9717804565126985	0.9644541582026712	1.0	0.9777904120591424	True
4	2031-04-01	GARW	south	0.0017035546807865575	3.88113791898129e-06	0.05255896075692207	0.03241225960812396	0.9981355483693704	0.9914481154510223	24	665.0	664.8681214371734	0.9322603784173956	0.9319131259207213	1.0	0.994678392691367	True
4	2031-10-01	GARW	south	0.0023564735583280266	9.247863051749802e-06	0.07008152317233901	0.03362474803142008	0.9669123512886407	0.7866493498955123	7	168.0	168.0616796407565	0.8438168069747016	0.8519342938684993	1.0	0.9443401146180862	True
5	2031-10-01	GARW	south	0.002117218480175396	6.566009600677066e-06	0.04280029207171424	0.049467383928779744	0.9981509681335677	0.9936132365159691	21	3591.0	3591.1066672915395	0.962653300819753	0.9705913183903886	1.0	0.9929127276423272	True
5	2032-04-01	GARW	south	0.002830915314123442	1.1830762858402851e-05	0.04200856076224472	0.06738900982934252	0.9971633602464238	0.9935880471820877	27	3766.0	3765.9889776991977	0.9709525673042523	0.9496004123173208	1.0	0.997248681065538	True
5	2032-10-01	GARW	south	0.01449669654433662	0.00027062081304795265	0.19427201255861384	0.07462061237442949	-0.7588171668110536	-3.6391181224802107	3	45.0	45.1700724284518	1.0	0.9371863982796871	1.0	1.0	True
6	2032-10-01	GARW	south	0.05551590608010916	0.004679819206955354	1.9289399978351411	0.02878052512904234	0.7969071251491411	-33.99902742399125	18	1013.0	1012.9457016155	0.9875302253061966	0.9770061869590896	1.0	1.0	True
6	2033-04-01	GARW	south	0.0018202411360305351	7.199332248889194e-06	0.04975520206423846	0.03658393616169902	0.9970825988337848	0.9869755267410965	29	1430.0	1429.8420051455687	0.9512387093604427	0.9556843467766797	1.0	1.0	True
6	2033-10-01	GARW	south	0.07681843941529512	0.0059720435127284645	2.2288017845693453	0.03446624995866924	0.2553753786695615	-221.8552975934213	8	200.0	199.96387575179602	0.8773332169959562	0.8872991229030989	1.0	0.9043638986228896	True
7	2033-10-01	GARW	south	0.04119058178163839	0.0034447623528046345	0.6838650202651166	0.060232034920677587	0.9471857991049978	-9.232891454619148	12	453.0	452.99343474299707	0.23999944168456921	0.24291634339289936	0.3333333333333333	0.2894996661981953	True
8	2033-10-01	GARW	south	0.03572030041974685	0.002181340429909383	0.5260781931555931	0.06789922274763859	0.99816672463149	-3.075400845937775	13	1349.0	1348.9813195112336	0.629501402812857	0.6133536979596237	0.7364016736401674	0.7188627130384364	True
9	2033-10-01	GARW	south	0.15488932265805166	0.02581066085969142	4.8751112283556415	0.03177144385078888	0.8916445851875829	-171.6433691719733	8	118.0	118.02606891123102	0.07180673087944682	0.06784857441348033	0.11494252873563218	0.09746894269678592	True
7	2034-04-01	GARW	south	0.07714538016879494	0.0073758033815452305	1.422843894220883	0.054219145531097065	-0.8238090276579837	-5.113447058118983	18	619.0	618.9795457350917	0.23313609085069023	0.22156803268348696	0.3333333333333333	0.22911867259030652	False
8	2034-04-01	GARW	south	0.07429389850369587	0.006874801012591811	1.1811862909465547	0.06289769791025915	-0.5322344250520381	-2.967633429005988	23	1996.0	1995.9583374000608	0.6569776601708098	0.6634303641868528	0.7647058823529411	0.7350640970025876	False
9	2034-04-01	GARW	south	0.05656925313358014	0.0038189047562069514	1.3638385533770232	0.041477968923453644	-0.9734482985457629	-6.702317420144068	9	130.0	129.9553611516329	0.07008798613384319	0.06735145889803144	0.11494252873563218	0.06953412967609394	False
7	2034-10-01	GARW	south	0.002776361156821547	9.64204415383933e-06	0.05548678292715269	0.05003644129930126	0.9907709366581555	0.5832349231022529	3	60.0	60.08007006190901	0.2422330755664089	0.21401916556632397	0.26373626373626374	0.22273120456737197	True
8	2034-10-01	GARW	south	0.0030508142072830794	1.1438867956386928e-05	0.059557201083267765	0.051224942606313766	0.9795466249077192	0.5295919443476719	7	240.0	240.04105525924834	0.6691165184022326	0.717253148319205	0.7142857142857143	0.7599118700392903	True
8	2035-10-01	GARW	south	0.007622546775527164	5.878171837226065e-05	1.022177669910436	0.007457164248359151	1.0	-4.832929827191249	2	27.0	26.7623602067668	0.12478381182981667	0.07481253111252142	0.1271186440677966	0.0793899024323633	True
10	2035-10-01	GARW	south	0.0011150509039252246	1.7546413535739155e-06	0.025885055215527048	0.043077014695968883	0.9969042566357679	0.9916928548305775	14	1017.0	1016.7644315666165	0.8751834956588606	0.8689956077782168	0.9694656488549618	0.9299797792411625	True
8	2036-04-01	GARW	south	0.04570314689739559	0.0021383555839572135	2.9976427633433427	0.015246362060308272	-1.0	-331.9922727113591	2	27.0	26.910200277322822	0.12478381182981667	0.1033595566604695	0.1271186440677966	0.10640942371870156	False
10	2036-04-01	GARW	south	0.17588492074775766	0.042151419400777435	3.7471083354512547	0.046938840567729755	-0.8452198596637285	-42.391065421747655	24	1490.0	1490.0006899493062	0.8986752454214549	0.8703681155520652	1.0	0.9207204513987179	False
10	2036-10-01	GARW	south	0.003554616119147349	1.7875316917938914e-05	0.08614040032119438	0.041265377289786694	0.9680778705798949	0.5576470555974683	8	302.0	301.99738821685037	0.9348325258381032	0.9269934487484572	1.0	0.9477451859303834	True
11	2036-10-01	GARW	south	0.012501686754204985	0.00017667050340142498	0.6732828560720238	0.01856825350810303	0.9473949737628763	-4.980465042021261	4	60.0	59.5022638606577	0.9079656862745098	0.841874502970937	1.0	0.8536967676066439	True
11	2037-10-01	GARW	south	0.11254587293467248	0.018787868837497525	2.81583011477884	0.03996898546683525	0.9740920541487772	-90.25696736611741	8	187.0	187.2593535646011	0.34261760149851694	0.3426128929578724	0.42105263157894735	0.3687662977476903	False
12	2037-10-01	GARW	south	0.02780736407911231	0.000892558055725814	0.6096133443750074	0.045614756198654405		-6.4810899190290145	13	434.0	434.07384364605167	0.675587778203127	0.674619225720779	0.8571428571428571	0.7195704043626588	False
11	2038-04-01	GARW	south	0.16285559546882605	0.035567447225133386	4.330980152786058	0.037602480206256166	-0.9550693382254107	-81.30799110263435	16	376.0	376.03716630726626	0.3506340387435888	0.33055474547799374	0.42105263157894735	0.3366945691778473	False
12	2038-04-01	GARW	south	0.12257797249852183	0.02207342419673376	2.8681125814693416	0.04273820117469894	-0.9377493814259275	-28.060306996319813	25	837.0	836.9568003054934	0.6771089209206832	0.666010978559012	0.8666666666666667	0.6748250602937714	False
11	2038-10-01	GARW	south	0.0018825137576035961	5.489640528453155e-06	0.06068554689094177	0.031020792495891465	0.9854841129423215	0.8098180738812061	5	90.0	90.00002706841272	0.355210923078909	0.3427129079356003	0.375	0.3599685857219311	True
12	2038-10-01	GARW	south	0.007341188286843469	0.00018481959881701395	0.10278218440633209	0.0714247155695905	0.882674423583893	0.7190001872717667	20	399.0	398.84352821443684	0.381031634447063	0.3797927436045985	0.8666666666666667	0.7098494798296591	True
13	2038-10-01	GARW	south	0.0009341963206138885	1.1809899190596607e-06	0.019711191349746304	0.04739420890589204	0.9993195552254629	0.9970149806972577	15	1517.0	1517.0512932877987	0.8292000314773952	0.8170827952014793	0.9285714285714286	0.9468715389624079	True
12	2039-04-01	GARW	south	0.04562036130475295	0.0028146369400943623	1.6022813270438205	0.028472129416200382	0.2642439063590328	-6.832695810159613	11	170.0	169.86253405400376	0.1256728718227355	0.14593699421593356	0.20512820512820512	0.23139925351873283	False
13	2039-04-01	GARW	south	0.09093675752130183	0.012309873797376724	1.663083328504002	0.054679615845288056	-0.7317763980949767	-8.264345551114223	25	2006.0	2006.030142223449	0.8804497071774462	0.8729911378111497	1.0	0.9979848801750428	False
13	2039-10-01	GARW	south	0.0011839479309557655	2.1772801715615e-06	0.02178235290331451	0.0543535372974152	0.9678957848128198	0.9358820471757392	7	186.0	185.90637628334167	0.9569763569763571	0.9528537779041939	1.0	0.9589704395739481	True
14	2040-10-01	GARW	south	0.2225025182879882	0.05011149191589815	5.109045640896317	0.04355070084066678	0.6051642829388969	-56.490674097985725	21	3039.0	3039.0072160608825	0.9997148560022812	0.999323919634159	1.0	1.0	False
14	2041-04-01	GARW	south	0.23125691323870595	0.07098527485629295	4.38449431232662	0.052744261199871446	-0.35753112576800383	-55.43344179702007	25	3170.0	3170.091319025354	0.9997604790419161	0.9997666410324126	1.0	1.0	False
15	2043-10-01	GARW	south	0.0017093504816144704	4.823627537596846e-06	0.036178819618911826	0.047247270630160036	0.9983522901816513	0.9943855585123371	19	2836.0	2835.9272918806523	0.9731742489855287	0.9592479172417502	1.0	0.9845665949785962	True
16	2043-10-01	GARW	south	0.006156081244193553	3.790371929078237e-05	0.46892285487713087	0.013128132229354859	1.0	-1.7541523135159385	2	23.0	22.934448374209275	0.048860861742945794	0.03813775744606068	0.04975124378109453	0.0393891220600161	True
15	2044-04-01	GARW	south	0.11234621676354264	0.01751437308661561	1.9452628951277504	0.057753744774001144	0.0992427103115959	-10.812631247409763	25	3120.0	3119.995889315671	0.955921816042347	0.9574471558974408	1.0	0.9859188104994222	False
16	2044-04-01	GARW	south	0.1225952434943398	0.015119561651810031	3.193439276639975	0.038389721198434756	1.0	-15574.727381133325	2	23.0	22.93028607460439	0.048860861742945794	0.012772245793203501	0.04975124378109453	0.013393703589112013	False
15	2044-10-01	GARW	south	0.006387863466853727	4.1442643362742564e-05	0.11337201621777589	0.0563442697762674	0.9994882366613362	-9.205536757572837	3	65.0	65.01096674976247	0.8848861283643893	0.880321314651389	1.0	0.8874448090203134	True
17	2045-10-01	GARW	south	0.03926382266137255	0.002142034256924506	0.745129120739416	0.05269398493298689	0.9772422426605121	-2.2834078888940845	3	36.0	35.61706455473892	0.12123581214659974	0.13386098204954808	0.12631578947368421	0.1892929728164313	True
18	2045-10-01	GARW	south	0.008946816615947425	0.00013549728890183672	0.22923785164364913	0.0390285310728495	0.9974957844696035	0.20033994731248816	12	720.0	719.9284246213958	0.8584139013254662	0.8177645985769194	0.9042553191489362	0.8968323130790058	True
17	2046-04-01	GARW	south	0.11136342707283964	0.013935187039836913	6.484128032972727	0.017174773000554668	-0.9819149869064309	-150.7521068829012	4	46.0	45.62866598516966	0.11592685910994982	0.150142745951529	0.12631578947368421	0.17335277832036894	False
18	2046-04-01	GARW	south	0.18620550052775964	0.046279736507636116	4.462326637779875	0.04172834389828571	-0.8528102332837644	-59.33418077743153	23	1242.0	1241.9296635511919	0.9033671790122564	0.8890702049511549	1.0	0.9999766135257081	False
18	2046-10-01	GARW	south	0.2108713420001733	0.05544713766932277	5.115767531946089	0.04121988356260507	-0.9450261129755122	-233.61843317578843	11	360.0	360.0391950814702	0.9643287073561854	0.9595557387490499	1.0	0.9822955877172419	False
19	2047-10-01	GARW	south	0.001712461437890648	3.844417188659215e-06	0.034439439693451104	0.0497238472267098	0.9957860897397913	0.9840522175416109	13	1094.0	1093.941391591674	0.9624490513285882	0.9637835533499042	1.0	0.9710946175294783	True
19	2048-04-01	GARW	south	0.0012778383573182118	2.3383753614731257e-06	0.02557928618874022	0.04995598187883386	0.9989991793302383	0.9979681061783241	25	1822.0	1821.9821112238908	0.9756903254954711	0.9710639951446542	1.0	0.9999663977797094	True
19	2048-10-01	GARW	south	0.005220936997145964	3.9214449396659704e-05	0.1145186161239125	0.045590290678126574	0.9973641145022678	0.8630563340995139	11	470.0	470.03023035895603	0.9640151515151515	0.9532046784937783	1.0	0.9943374039225541	True
19	2049-04-01	GARW	south	0.003520129333142673	1.870091717598283e-05	0.2661475006834641	0.013226234791245517	1.0	0.5988407138987286	2	23.0	22.59750912501885	0.6966911764705883	0.5432701925864198	0.7058823529411765	0.660283039775968	True
21	2049-10-01	GARW	south	0.005684666553776266	4.200079006884002e-05	0.123401601180476	0.04606639216506103	0.9395913484735571	0.48638347717534836	9	230.0	230.25090250574004	0.7206219819193372	0.6957456715197972	0.8076923076923077	0.7582681070117171	True
21	2050-04-01	GARW	south	0.017415135405098627	0.00044056657895341915	0.4302342083851483	0.040478267570737865	0.8658508206605371	0.10709391935038459	25	681.0	681.0430583769797	0.8060085412342621	0.786805972188906	1.0	0.9209942328041034	True
21	2050-10-01	GARW	south	0.0014785172469288022	3.22214584881043e-06	0.04171185609313012	0.03544597113175004	0.9979436276080811	0.9939534572548349	31	2039.0	2038.9341506415233	0.8704646872241265	0.8606246368959186	1.0	0.9709427147309198	True
22	2050-10-01	GARW	south	0.005796023466219928	3.6212078710103104e-05	0.12669288292878508	0.04574861138393947	0.9985937828299138	0.8328124750033751	8	211.0	210.95594653977514	0.14675031046105264	0.1451821618009725	0.23417721518987342	0.2135728962403195	True
23	2050-10-01	GARW	south	0.01426589909203645	0.0002036144668611239	1.0057166358487974	0.014184809700394803	0.9999205937003413	-4.404178756332824	4	44.0	44.0780013419383	0.061218052218932645	0.05423853785681382	0.06962025316455696	0.061398126835894115	True
21	2051-04-01	GARW	south	0.0020279547312195122	6.113668287358488e-06	0.04256064263826369	0.04764859281979688	0.9975509762559537	0.9933866980608634	25	1959.0	1958.916161684466	0.7602693863306415	0.7518833145169821	1.0	0.9811790077638451	True
22	2051-04-01	GARW	south	0.004953340252722662	3.3183389959257245e-05	0.08561264937408418	0.05785757465674329	0.9874581629832403	0.9543955902649486	18	464.0	463.96332424509734	0.29359743043345193	0.30533292568229764	0.5	0.49087871070993133	True
23	2051-04-01	GARW	south	0.006031085082158301	4.955938130470522e-05	0.14885239076833462	0.04051722012006336	0.999420296747912	0.8717815873810123	8	103.0	102.40530712502064	0.11636411801209921	0.12183253360893019	0.2	0.22374715929821395	True
21	2051-10-01	GARW	south	0.002277072216693836	7.558865306326004e-06	0.04940097104346159	0.046093673233478176	0.9100170819746053	0.17917445245568453	5	136.0	135.72403138691718	0.3937047334512124	0.3786066607925661	0.4722222222222222	0.4470474203142723	True
22	2051-10-01	GARW	south	0.010139606937376762	0.00020059566676004288	0.2603573871352692	0.03894495581225321	0.8188070008002252	0.5435305774487047	22	473.0	472.9548584273056	0.24196825248101436	0.2381341130587589	0.5	0.4554545204433962	True
23	2051-10-01	GARW	south	0.005332748677813175	8.346177924120297e-05	0.09532132626010147	0.0559449693687833	0.9549301093884752	0.893372261681724	22	1032.0	1032.1154202013986	0.3821034110451949	0.37822422682945933	0.5882352941176471	0.5257702864524506	True
24	2051-10-01	GARW	south	0.0013761915679958788	2.538482585238617e-06	0.02304400837081963	0.059720147026961455	0.9994805862596312	0.9951683843007848	13	1402.0	1402.003179697609	0.4801175346614381	0.4717719628189475	0.6736401673640168	0.7046348841645609	True
22	2052-04-01	GARW	south	0.0013303797801778256	2.3732031366259984e-06	0.04243988510317414	0.03134739354132522	0.9973476795782975	0.993794846163486	18	356.0	355.85838559942897	0.12745304999847434	0.12916148610607295	0.22	0.1942768543697254	True
23	2052-04-01	GARW	south	0.0013739282523634517	2.7605827562947505e-06	0.02464945675793813	0.05573868283815183	0.9996670096349684	0.9975116860756332	23	1111.0	1111.0110190348287	0.3701116976510994	0.3823036294338868	0.5882352941176471	0.4899256799869262	True
24	2052-04-01	GARW	south	0.003812179885116306	1.8834642832990756e-05	0.06932365134655712	0.054991042899035544	0.9989722664417058	0.9858666096025255	24	2008.0	2007.9941038570564	0.5772207898091638	0.5391653425637103	0.8536585365853658	0.7302334343310073	True
22	2052-10-01	GARW	south	0.010325913348974942	0.00010668592897652339	0.3478315407902992	0.02968653540019314	1.0	-20.24382960914514	2	36.0	35.93288337493459	0.15042646678728355	0.1149444468801013	0.19811320754716982	0.11815312992108294	True
23	2052-10-01	GARW	south	0.014756523203423669	0.0002196031611376454	0.3032294024300223	0.0486645525967064	0.9993727163609558	-58.94068486521881	3	50.0	49.79048293457426	0.15281362903487483	0.15523833825384364	0.16883116883116883	0.1656107102349414	True
24	2052-10-01	GARW	south	0.010819270441825575	0.00011989996509444777	0.2098452612828506	0.051558326243270614	0.9802505369757077	-1.9973673541581585	8	361.0	360.93346034246116	0.7536100799215915	0.7137828949332452	0.8536585365853658	0.7205108826708593	True
25	2052-10-01	GARW	south	0.15069089348801792	0.03005928294923385	2.489112029705159	0.06054002057346836	0.9950779095431435	-89.72037802728734	12	1111.0	1110.997247533344	0.8833197815789777	0.8694657791654148	0.9322033898305084	0.8935294859583359	True
26	2052-10-01	GARW	south	0.2507096659723123	0.06556550117077176	7.601068709568165	0.03298347581790979	0.9932677149531541	-1493.455585436091	3	49.0	48.37180912716079	0.08908147434868667	0.06495677118792967	0.09950248756218906	0.07388455592030588	True
25	2053-04-01	GARW	south	0.0046809789190501985	3.1382402303632125e-05	0.08416396682485075	0.05561737517424221	0.9885149255614633	0.9701136869771727	24	1907.0	1907.0015581961836	0.7347525435393489	0.7141669542803945	0.9322033898305084	0.9050466769380872	True
26	2053-04-01	GARW	south	0.009553500321092926	0.00010757659344534438	0.17554965674650014	0.05442050128806868	0.9043612176686573	0.6400768156795669	25	558.0	557.0883384501764	0.5415102942999814	0.5394165320722376	1.0	0.9704496700642994	True
25	2053-10-01	GARW	south	0.21715649229383546	0.04823436145890677	5.353072056185118	0.040566704504365045	-0.9657258102634472	-1474.0057516944207	10	501.0	501.00457054952864	0.5381987854180168	0.5253273107453367	0.7584269662921348	0.7414135553680453	False
26	2053-10-01	GARW	south	0.18309539468412903	0.05109801685452138	5.159453162469266	0.03548736443931614	0.5888434142682499	-104.81225586660334	46	4002.0	4001.7180088700393	0.7915262814406708	0.7849663685475209	1.0	0.9991222989356421	False
27	2053-10-01	GARW	south	0.08029635111109625	0.008034525416146814	9.552709582105688	0.008405609991693755	0.8094147388071954	-414.74124200897506	7	168.0	167.9398280521892	0.174009395678303	0.16457686596627225	0.3020833333333333	0.2316791969458794	False
28	2053-10-01	GARW	south	0.029293964380285198	0.000858136349113418	4.402410621591644	0.006654073619714802			1	16.0	15.99187673901838	0.16666666666666666	0.08667242606123261	0.16666666666666666	0.08667242606123261	False
26	2054-04-01	GARW	south	0.013823324840486977	0.0002423462910296496	0.32243537168752795	0.042871614141277145	0.9960376774876888	0.7483277300222362	27	3577.0	3577.032317032819	0.8363849966565675	0.8370562813184735	1.0	0.976642774183964	True
27	2054-04-01	GARW	south	0.01197119891128017	0.000165725703552663	0.5297485664056952	0.022597888263301717	0.9392756266915894	-0.0771747357898811	15	326.0	325.9022187913877	0.3638133219434437	0.3414527941273616	0.7037037037037037	0.5615611114622131	True
28	2054-04-01	GARW	south	0.018979321806795596	0.0003602146562459068	4.4774644737462	0.004238854806795597			1	16.0	15.700472329049393	0.16666666666666666	0.10354458025048054	0.16666666666666666	0.10354458025048054	True
26	2054-10-01	GARW	south	0.014253834923773868	0.00020755752582583608	0.3185315238102141	0.04474858485989763	1.0	-5121.900688595414	2	21.0	21.112770460393826	0.22594819611470862	0.2691742600832754	0.2391304347826087	0.2910987964395741	True
27	2054-10-01	GARW	south	0.0035859337883340768	1.694589874825399e-05	0.10879133168920216	0.03296157637428746	0.9870445397902005	0.9649894586372924	16	487.0	486.9041115449306	0.5261338495259933	0.5007008994321951	0.7037037037037037	0.5428834367246537	True
28	2054-10-01	GARW	south	0.004442086564514202	2.4675083754149775e-05	0.11601657198253892	0.038288379742703986	0.9601187373184454	0.8646568954527497	10	373.0	372.9758580426485	0.4578894259400716	0.4577556680829347	0.5634920634920635	0.5115060753811	True
0	2026-10-01	GARW	tropics	0.25969275352159754	0.07868150201757539	18.2612928387023	0.014220940204803816	0.0718455636794827	-10469.302926800694	25	648.0	648.1201873442016	1.0	0.9996968735825245	1.0	1.0	False
0	2027-04-01	GARW	tropics	0.0008309711002418198	6.905129694371006e-07	0.08354266729421533	0.00994666710024182			1	10.0	10.02659608997425	1.0	0.9730915892644629	1.0	0.9730915892644629	True
1	2027-04-01	GARW	tropics	0.0020497331231622276	6.501378235073213e-06	0.0691553472977436	0.029639546372853025	-0.725452331596342	-0.1145028651862674	9	207.0	206.96308424173534	0.8552371846537494	0.8692652752957768	0.9302325581395349	0.9530492996982064	True
1	2027-10-01	GARW	tropics	0.0009675724614351764	1.3749815746356593e-06	0.03422741696173665	0.028268930212199197	0.9975119300999421	0.9943314795640555	35	2224.0	2223.9628911879504	0.9342136036039954	0.9336687258940931	1.0	0.9821785713107617	True
1	2028-04-01	GARW	tropics	0.0028536717584119846	1.5238191907487906e-05	0.12475031664559619	0.022875066253490926	0.9539550072209801	0.9075292513540034	32	2042.0	2041.9819548074888	0.8748299958242693	0.841642394327764	1.0	0.9880777648672818	True
2	2028-04-01	GARW	tropics	0.003722735958972958	2.9244304602113318e-05	0.17429831875630017	0.021358415764055647	0.48786339442707694	-0.27911992412636977	23	1053.0	1052.9586270861091	0.8109932463862447	0.7824623674712662	1.0	1.0	True
1	2028-10-01	GARW	tropics	0.009445525478594336	0.0001233411994062066	0.3820607763841139	0.024722573115168598	-0.8633841334093302	-5.224451910092218	6	91.0	90.67756427475987	0.5522188539429919	0.513764322064764	0.8461538461538461	0.6828365075421073	True
2	2028-10-01	GARW	tropics	0.02866923545669562	0.002065767075355557	1.1239785698251756	0.025506923553849297	-0.41621595850179793	-10.506776518316011	50	2662.0	2661.9654558776533	0.8874021265789986	0.8831321527922782	1.0	1.0	True
2	2029-04-01	GARW	tropics	0.005572391312844236	4.6306458899388114e-05	0.21509123337614933	0.025907105675010453	0.42468325686398506	-0.0516143214939746	29	1464.0	1463.7901425964578	0.9390131443266815	0.9428795435183679	1.0	0.9813921765032454	True
2	2029-10-01	GARW	tropics	0.15537503187210844	0.02431854819252854	10.553574336322766	0.014722503193761227	0.5088677047497477	-598.7219320491549	3	43.0	42.43881347724523	0.8414860681114552	0.8377926003115476	0.8823529411764706	0.8405834373942914	False
3	2029-10-01	GARW	tropics	0.17022470374106727	0.049701420312629786	9.863112322956171	0.017258720996705383	0.5328590765181225	-11986.561412149542	19	540.0	540.092304112177	0.8537504597230856	0.853242342747809	0.9565217391304348	0.8653971133902314	False
3	2030-04-01	GARW	tropics	0.02368565147686331	0.0015354859156662065	1.011417630526368	0.02341827031879668	-0.36575205646601416	-7.7131420454923685	43	1439.0	1439.1575399593942	0.6555438316327012	0.6585500254514244	0.9565217391304348	0.9006968562043661	True
4	2030-04-01	GARW	tropics	0.0026954723907458584	9.584802201412621e-06	0.12503381136232541	0.02155794789726809	0.9681008679608123	0.894653846743722	26	839.0	838.9851736247698	0.5194100744230647	0.5181543869045695	0.78	0.7883959942201453	True
3	2030-10-01	GARW	tropics	0.002162026168955476	6.744455367995521e-06	0.10075186191154425	0.02145892024162929	0.9403592286921447	0.8397608805795947	22	781.0	781.0250111435131	0.4711450682571817	0.4652576284729067	0.7264150943396226	0.7637884299519747	True
4	2030-10-01	GARW	tropics	0.0032850892700351107	3.886177956017391e-05	0.09444106016292529	0.03478454460769319	0.9208185823524322	0.7486669889337206	37	1029.0	1028.8888228310927	0.6679331049969526	0.6620607861906241	1.0	0.9156215953978385	True
4	2031-04-01	GARW	tropics	0.003085405442401362	1.879448208266236e-05	0.19733828258639996	0.01563510841364746	-0.39767040798010034	-1.7517487675892514	11	176.0	175.61692851737692	0.89531584725435	0.892750228362759	1.0	0.9337465529828096	True
5	2031-04-01	GARW	tropics	0.0020413823029248757	5.305452126916324e-06	0.08346229740164605	0.02445873605780489	0.7431187615434975	-0.47992371135205847	8	136.0	135.8998432841293	0.9210500976706473	0.9153830980967717	1.0	0.9958418912056454	True
5	2031-10-01	GARW	tropics	0.15661657396886128	0.030077157037058842	7.109236898395261	0.022030011969950487	0.15939445441793043	-241.74457985704066	34	1874.0	1873.9949214217859	0.9657416188661045	0.9603987765330124	1.0	0.9969471778154365	False
5	2032-04-01	GARW	tropics	0.002846561782037296	1.8575706122814972e-05	0.12296867132818867	0.02314867479083484	0.9400294203943036	0.8751738905559958	35	1936.0	1936.0864425314871	0.8767930188195739	0.8414035827139911	1.0	1.0	True
6	2032-04-01	GARW	tropics	0.00743552554812334	0.0001076063207983835	0.2660912699215426	0.027943515585143835	0.43089998621843884	-0.4470304993607317	21	1605.0	1605.0098817920227	0.7812048677463337	0.7455146972542865	0.9937888198757764	1.0	True
5	2032-10-01	GARW	tropics	0.007639419271145147	7.333795549405094e-05	0.2997687341378151	0.025484376458129936	-0.911307874620132	-1.0782754537208321	9	189.0	188.9297758579939	0.5926106588849946	0.5288671226701465	0.8611111111111112	0.7904296431136504	True
6	2032-10-01	GARW	tropics	0.045586872661530026	0.005511826207006968	1.78779869603086	0.025498884613093558	-0.40493208719657	-14.69647761368919	42	2983.0	2982.9323727140163	0.883831936298354	0.8812825271871464	1.0	0.9993541134782625	True
6	2033-04-01	GARW	tropics	0.005822698144813104	4.0610603564995745e-05	0.25060666972579004	0.02323441012637138	-0.8330697276205337	-1.9259953689178975	18	942.0	942.0625285279971	0.9860218395862808	0.9805341979326668	1.0	0.9974340327709271	True
7	2033-10-01	GARW	tropics	0.003944315316297565	1.7734131412715104e-05	0.2690879541173565	0.014658089505475758	0.14368964642209708	-7.093105492322714	13	253.0	253.02046858572268	0.8255888540969992	0.8251229710625725	0.9259259259259259	0.8696596021883893	True
7	2034-04-01	GARW	tropics	0.03441746012676959	0.0033916007598537774	1.854366677561576	0.0185602235756454	-0.4449016752522755	-36.72889588299338	37	925.0	924.8826072397139	0.6019165353589648	0.5979344799780634	0.9259259259259259	0.8815990081347717	True
8	2034-04-01	GARW	tropics	0.005045265032273424	3.4776979754682665e-05	0.4160083064296755	0.012127798782609897	0.41433831884192757	0.06114390766202116	11	143.0	142.98127468280342	0.21309308873538121	0.1846277726708421	0.28205128205128205	0.20032221894085597	True
9	2034-04-01	GARW	tropics	0.007389043454300051	9.335060643798165e-05	0.3599401057411063	0.020528536099321926	0.8093604161154777	-0.7750221445185359	25	524.0	523.7486346553446	0.37197368591359015	0.3678783461543438	0.5833333333333334	0.5816794081331252	True
7	2034-10-01	GARW	tropics	0.0006202284774992345	5.849643349134938e-07	0.0353921969331822	0.017524441296203768	0.9945912911428836	0.9882507643538191	23	606.0	606.0139184402464	0.4479534450106058	0.4312973662483543	0.6818181818181818	0.6400869466492843	True
8	2034-10-01	GARW	tropics	0.0008355269824620169	1.3355125855617723e-06	0.09454138124016236	0.00883768537651822	0.985042775666816	0.9464095989614388	12	154.0	153.76929407007648	0.2231131091185439	0.17560978131852	0.3333333333333333	0.19996247581813625	True
9	2034-10-01	GARW	tropics	0.001028279481222572	1.96772699744022e-06	0.05252597573740394	0.019576589806980595	0.9942180068678439	0.9768380890159422	37	759.0	759.0741721941746	0.49043697788027174	0.4849412915227935	0.8125	0.698522561468825	True
7	2035-04-01	GARW	tropics	7.717303358582839e-05	5.955677112839397e-09	0.004539557356929924	0.017000123033585827			1	12.0	11.842574562947853	0.35294117647058826	0.2213180391989228	0.35294117647058826	0.2213180391989228	True
8	2035-04-01	GARW	tropics	0.01182268913527715	0.00013977597838940036	2.043182935733351	0.005786407535277149			1	11.0	10.96941722018376	0.3333333333333333	0.18904678059390057	0.3333333333333333	0.18904678059390057	True
9	2035-04-01	GARW	tropics	0.001469633009991315	2.7794886055587553e-06	0.11649415764094241	0.012615508277428031	0.5195213600154882	0.1658244343418288	11	186.0	185.54196494626544	0.67773148722762	0.6505026582311676	0.8125	0.7006038590972367	True
10	2035-10-01	GARW	tropics	0.0015663542962038575	4.390818428638721e-06	0.07082693755645089	0.022115233980792022	0.958878274704628	0.8782105204034658	22	740.0	739.7910027729556	0.8171494825089126	0.7964907691062453	0.925	0.8995285136340682	True
10	2036-04-01	GARW	tropics	0.0013899463858607548	3.1947461523781335e-06	0.07876346822045789	0.017647094741566147	0.990148113121255	0.9736110129527333	47	1627.0	1626.774356049216	0.860359947263007	0.8591996184622896	0.9824561403508771	0.9304743510225204	True
10	2036-10-01	GARW	tropics	0.008641753417497823	9.528601998438884e-05	0.5493126570853152	0.015731939371926122	-0.16892806022331838	-3.6216830556935404	27	814.0	813.7562145577648	0.8822728338874702	0.8863091589443557	0.9824561403508771	0.9299818882690644	True
10	2037-04-01	GARW	tropics	0.0038638963912268637	1.4929695322135981e-05	0.25069249126959603	0.015412892391226864			1	11.0	10.688118171805929	0.7333333333333333	0.7461797851441203	0.7333333333333333	0.7461797851441203	True
12	2037-04-01	GARW	tropics	0.004903962695575379	3.736562831698994e-05	0.40643053255423806	0.01206593083633781	0.16187889423042096	-1.5651489586080443	9	118.0	117.60237108762084	0.7893439313047156	0.753814299084465	0.9230769230769231	0.8125530274622342	True
12	2037-10-01	GARW	tropics	0.0023535721183105983	7.99394432000868e-06	0.22059925166313515	0.010668994117462407	0.6976039239878772	-0.12590117457953642	35	689.0	688.60982127277	0.844706430326121	0.8370649623911397	0.967741935483871	0.9195958387589498	True
12	2038-04-01	GARW	tropics	0.006182567632361642	6.040892093317812e-05	0.6918166290694796	0.008936714401730177	0.4295217553025904	-2.4791572760487304	50	1102.0	1101.9998778821248	0.8049169977439011	0.8034928163795836	0.96875	0.9135322013842058	True
13	2038-04-01	GARW	tropics	0.001570400677357984	3.93841187483348e-06	0.07762833695088256	0.020229734901465384	-0.6822989765455378	-0.9614183251893453	5	76.0	76.084279903296	0.4336354454001513	0.4385364493549882	0.5641025641025641	0.5193102948677034	True
12	2038-10-01	GARW	tropics	0.0012165234191225214	1.9068105882601117e-06	0.07431930533055493	0.0163688750010742	0.9263383994756973	0.8494233907573999	33	629.0	629.0384103007299	0.6022071779440193	0.5970283979882326	0.96875	0.893646961321166	True
13	2038-10-01	GARW	tropics	0.0010837103903784692	1.8770611838442948e-06	0.058630320160241986	0.01848378769579614	0.9856207260187886	0.9689408944099616	31	1115.0	1115.0178753223051	0.7606666214176616	0.7592182256783183	1.0	0.9758462789255441	True
12	2039-04-01	GARW	tropics	0.15578319973495017	0.024327343299168597	12.14978270035726	0.0128218918458821	0.7072163394385009	-5264.239913173747	7	86.0	85.99297432629878	0.26401891897523144	0.24836099116469204	0.3888888888888889	0.34735010055161636	False
13	2039-04-01	GARW	tropics	0.15517166052108056	0.029345467443152258	10.504899090061972	0.014771361361089015	-0.7790039739408076	-372.4190647465884	38	1318.0	1317.9542558749133	0.9061368074932474	0.9014359192540083	1.0	0.9851553609680378	False
13	2039-10-01	GARW	tropics	0.0014502310953783653	2.6635278694124654e-06	0.09851653033093206	0.014720687893765825	-0.28045654820559474	-0.13645264634559018	12	244.0	243.82117058608318	0.9853103103103104	0.9674284128151963	1.0	0.9780748711223325	True
14	2039-10-01	GARW	tropics	0.007149782597191599	5.1119391187103845e-05	0.3086417490458725	0.0231653125971916			1	15.0	14.80507661220717	1.0	1.0	1.0	1.0	True
14	2040-04-01	GARW	tropics	0.0013676556187053445	3.1627135924153625e-06	0.06907201104579776	0.01980043143377611	0.8923280727424256	0.7877533368959906	27	939.0	938.9915368047705	0.9870097125652681	0.9779231072095285	1.0	1.0	True
14	2040-10-01	GARW	tropics	0.028182914517648344	0.0013187100206729107	1.6364108969758104	0.017222394796888807	-0.4921193623997175	-12.742425120379927	50	2144.0	2143.9580422030053	0.9912199141578139	0.9917803951473967	1.0	1.0	True
14	2041-04-01	GARW	tropics	0.24799437092929025	0.07534364808549784	20.617088486770236	0.012028583526157226	0.1858106540989506	-6754.77990733499	33	1232.0	1232.2681862129868	0.9977403666292556	0.9976573301283425	1.0	1.0	False
14	2043-04-01	GARW	tropics	0.001708544449079246	4.923626353845907e-06	0.17841490871330365	0.009576242598788198	0.7093048430403927	0.468490602086151	40	640.0	639.6732823180253	0.9758581349206349	0.9658635538656529	1.0	1.0	True
14	2043-10-01	GARW	tropics	0.08984180499842956	0.008495129577605	8.82066685749783	0.010185375601399269	-0.07306519441328217	-746.6958730620534	14	200.0	199.6772287524639	0.9310232426303855	0.8975647926825948	1.0	0.9996563275969743	False
15	2043-10-01	GARW	tropics	0.23680212543841597	0.05611431052918582	6.99010116982544	0.0338767808484136	0.9464725769499768	-219.83938443229144	20	673.0	672.9954909442251	0.44709309843659895	0.4485236086966372	0.6842105263157895	0.5304398435908432	False
16	2043-10-01	GARW	tropics	0.2383949919538192	0.0642853789953374	8.003299638901272	0.02978708816486935	0.7272087733332837	-1006.3283362584908	17	892.0	892.00112444591	0.5377286593389771	0.5181052731909742	0.6976744186046512	0.7376225855577294	False
15	2044-04-01	GARW	tropics	0.0010362113901510933	1.4732009824507474e-06	0.03593929828056607	0.02883226550673688	0.9981623483301727	0.9948024155785549	31	934.0	934.2150181410394	0.3764573004682293	0.3739517435044792	0.6842105263157895	0.5114992656386348	True
16	2044-04-01	GARW	tropics	0.0007789211904457615	1.2841226946461996e-06	0.024742116488129642	0.03148159094713903	0.9987524460647573	0.9964265523765664	39	1848.0	1847.9209055885888	0.6793954724696599	0.6645169506192122	0.95	0.8052025920437136	True
15	2044-10-01	GARW	tropics	0.005266517997281941	3.528049729394475e-05	0.19302179886365925	0.027284576292867006	-0.32694907736228046	-3.7230062129140515	8	143.0	143.06175164479183	0.21750089176737286	0.22582386123935266	0.2524271844660194	0.27351337814963317	True
16	2044-10-01	GARW	tropics	0.009824943681452933	0.00012308165445928842	0.3848550771712801	0.02552894391745372	-0.4350863258830592	-3.281086125472208	19	720.0	719.9154586053266	0.8096771556065431	0.7915877523397726	0.95	0.8255755294997653	True
18	2046-04-01	GARW	tropics	0.1141139262374666	0.013596981044881839	8.217604463621823	0.013886519695932418	-0.9505624089373547	-747.3701618473855	26	568.0	567.9980434653387	0.8334018102051393	0.8355872919878932	0.9615384615384616	0.8657632405676408	True
18	2046-10-01	GARW	tropics	0.0012012048388413813	2.366106034230281e-06	0.10756001798742466	0.011167763461901055	0.9807579695094386	0.9421192532657869	47	1079.0	1078.9231502635785	0.8307724993622387	0.8333371969981713	0.9629629629629629	0.8629344686921017	True
18	2047-04-01	GARW	tropics	0.0013909630521976126	3.29282500468442e-06	0.1141535639109559	0.012185016433500197	0.9457087944166805	0.7364431757033227	23	504.0	503.6877241841861	0.803198015658169	0.8033459832716663	0.9629629629629629	0.8668956419333006	True
17	2047-10-01	GARW	tropics	0.0024173291719809674	5.843480325710189e-06	0.3998820042541642	0.006045106171980967			1	11.0	10.770812432407073	0.5238095238095238	0.2827307514134817	0.5238095238095238	0.2827307514134817	True
18	2047-10-01	GARW	tropics	0.0016878987510530498	2.8490021938064452e-06	0.16468522355654844	0.01024924224894695			1	12.0	11.81590892351362	0.6	0.5676228040153827	0.6	0.5676228040153827	True
19	2047-10-01	GARW	tropics	0.0018086808036843684	6.138217216181527e-06	0.154703756588237	0.01169125329321119	0.06807935601666235	-0.06875193128732926	17	286.0	285.97335371758436	0.7868873562545025	0.7610837165157677	0.92	0.8243112544014682	True
19	2048-04-01	GARW	tropics	0.0014054088208529606	3.947926257678081e-06	0.09678925643589667	0.014520297733496485	0.9225397428398903	0.8436506416970624	43	951.0	950.6710664528077	0.7947858683496218	0.7877907934733265	0.9333333333333333	0.8456791413726474	True
19	2048-10-01	GARW	tropics	0.034013752895273065	0.003138993117808592	3.2467108732300356	0.010476372619356158	-0.5079638951393113	-196.7723444362736	38	809.0	808.7146506658688	0.7139329022189413	0.7032623544611167	0.9333333333333333	0.8428277152150259	True
20	2048-10-01	GARW	tropics	0.061437922217939436	0.005638095288089033	9.893346333573367	0.006210024408975556	0.37574015467013283	-1781.6553623613133	13	152.0	151.49077452620548	0.48494063907107393	0.4391922430695062	0.6666666666666666	0.53811682621777	True
19	2049-04-01	GARW	tropics	0.0029394577904732736	1.1397284507334197e-05	0.30584959685144875	0.009610795046759435	0.23187526446634626	-2.4500365485122395	12	171.0	170.40329155091112	0.5741494133885439	0.5250974207841562	0.75	0.5969578239334343	True
20	2049-04-01	GARW	tropics	0.0012666007104408991	2.9728836484689224e-06	0.30976726357048345	0.0040888785207372335	0.6717753268685658	0.05486466337677154	14	165.0	164.28197414210396	0.5198091230806171	0.47162449007565693	0.7222222222222222	0.5384410531353649	True
20	2049-10-01	GARW	tropics	0.0030851714693048084	9.51828299501239e-06	0.552616410195103	0.0055828444693048086			1	13.0	12.773691698481294	0.7222222222222222	0.5575103690743882	0.7222222222222222	0.5575103690743882	True
21	2050-04-01	GARW	tropics	0.0018171913750739646	5.072907264290534e-06	0.1299474768709462	0.013984045083681451	-0.14404467025959955	-0.2164626279713191	7	97.0	96.84049505019158	0.6479728225228385	0.6347413185765226	0.7241379310344828	0.6851883312197276	True
21	2050-10-01	GARW	tropics	0.0012067958991720206	3.194884566818614e-06	0.08388668064318681	0.0143860251701357	0.9538967217340213	0.8362878146127234	33	1097.0	1096.7954577909773	0.8290704143263299	0.8251266501670057	0.9636363636363636	0.9247830844617732	True
21	2051-04-01	GARW	tropics	0.0023273078283224933	2.53677341974567e-05	0.06031788139999489	0.0385840446365991	0.9062940205584012	0.7659131308362507	48	1586.0	1585.8678187354535	0.7182306634391047	0.711913897146404	0.9636363636363636	0.9341330683985106	True
22	2051-04-01	GARW	tropics	0.002026310999033636	5.625767128291522e-06	0.14732836175466632	0.013753706176465081	-0.3452452011225854	-3.025996309011262	17	400.0	399.9303363458952	0.479843637787529	0.45921057216176697	0.6862745098039216	0.7219755071001183	True
20	2051-10-01	GARW	tropics	0.002872150996579028	8.249251347149904e-06	0.76923088438966	0.003733795736579028			1	10.0	10.084094008694702	0.2222222222222222	0.1092628399619939	0.2222222222222222	0.1092628399619939	True
21	2051-10-01	GARW	tropics	0.0022525720350140173	1.459150993395277e-05	0.08080857428067227	0.027875408705890083	0.3445923707338228	0.10641916740874668	23	544.0	543.6897344973452	0.5008528012160797	0.482480392951509	0.8372093023255814	0.8647386913653464	True
22	2051-10-01	GARW	tropics	0.0020772757556107068	1.1448563119563406e-05	0.0791917950332082	0.026230946712846	0.9567561390303738	0.8941650358456159	43	1315.0	1315.041469831795	0.5648925716637072	0.5579204644077012	0.7857142857142857	0.7313410366265861	True
23	2051-10-01	GARW	tropics	0.0015792565357504358	3.5841287428769798e-06	0.11283917160994625	0.01399564099255787	-0.4367519267823471	-0.1611611759991627	14	272.0	272.07020212401596	0.37535690123428883	0.3701908241404661	0.5471698113207547	0.5886999932792496	True
24	2051-10-01	GARW	tropics	0.0040915500620685614	1.674078191041325e-05	0.19399256953434207	0.02109127206206856			1	11.0	11.106432880587857	0.22448979591836735	0.11348857997138562	0.22448979591836735	0.11348857997138562	True
21	2052-04-01	GARW	tropics	0.003388260675649707	1.1480310406154209e-05	0.24901956140794249	0.013606403675649708			1	11.0	10.982996985511344	0.1774193548387097	0.054331896888693776	0.1774193548387097	0.054331896888693776	True
22	2052-04-01	GARW	tropics	0.001023060383586588	2.2543504323854023e-06	0.05928984672409114	0.017255237449802507	0.9212627268952944	0.8268114568612119	31	902.0	901.7834201208539	0.5145094739070467	0.49913899699291747	0.7846153846153846	0.744316768361124	True
23	2052-04-01	GARW	tropics	0.0027038365250062727	1.508673253813121e-05	0.08741424169170754	0.030931304472584235	0.9026108620544927	0.8062367686598298	35	779.0	779.1348810459313	0.3433871085384458	0.34233331752356416	0.5555555555555556	0.42194961383158996	True
24	2052-04-01	GARW	tropics	0.00258854856521938	1.061296484709386e-05	0.10656753119637796	0.024290218006921042	0.9642945822350543	0.8174587902106087	24	1428.0	1427.9155879619584	0.6179233918275099	0.5994038506562819	0.8608695652173913	0.8640803414354568	True
25	2052-04-01	GARW	tropics	0.010938832954963947	0.0001219282707735979	0.8966270080828961	0.012199981549019563	1.0	-31.375296694755804	2	26.0	26.196125230148198	0.11057692307692307	0.09020119031123516	0.125	0.09357892581364644	True
22	2052-10-01	GARW	tropics	0.004665815117654526	2.4620295471733135e-05	0.3306196699624115	0.014112333722264583	0.7073723683499655	-5.577034113082775	6	73.0	73.02493322882837	0.1924394191414327	0.2137224176521785	0.375	0.29752254185042276	True
23	2052-10-01	GARW	tropics	0.006793170961629221	6.917317322314337e-05	0.5328302580566925	0.012749221462018465	0.6980651549683475	-4.00935475111728	19	467.0	467.01247583055493	0.31265659255203354	0.2863834574435908	0.5555555555555556	0.459640187028484	True
24	2052-10-01	GARW	tropics	0.044843479808118925	0.006580836561701783	0.6521680021763665	0.06876062557266012	-0.2275064106125379	-15.456832322593197	42	2132.0	2131.8343726146386	0.5084554899984604	0.5060348448663631	0.8608695652173913	0.7678017490770593	True
25	2052-10-01	GARW	tropics	0.12684353011574678	0.02924100245074407	5.515233697651468	0.022998758904769545	0.6991548637995364	-286.82497074329467	28	2014.0	2014.0000336624335	0.6184586591045055	0.6172758836324557	0.8932038834951457	0.8517461105794503	True
26	2052-10-01	GARW	tropics	0.3363851459788384	0.11717944060434912	30.667213973989558	0.0109688850856861	0.9494521011869607	-17513.820772022937	4	79.0	78.91042672546949	0.1806572436610039	0.14872776690134515	0.23853211009174313	0.17109803312046717	True
24	2053-04-01	GARW	tropics	0.004027555246049119	2.567763282204778e-05	0.11307118708455068	0.03561964236775417	0.8111943832654724	0.3930254414551294	17	585.0	584.6683625853009	0.31142328318227813	0.3031259847263562	0.7452830188679245	0.659141963257037	True
25	2053-04-01	GARW	tropics	0.007634369822117095	0.00016333665605666533	0.09373955997520146	0.08144234754394779	0.8505750500641377	0.6847404191538609	37	2366.0	2365.9993176454027	0.5876542106735514	0.5799484149250883	0.8932038834951457	0.8516956065565889	True
26	2053-04-01	GARW	tropics	0.0073044806792592724	8.128276698087971e-05	0.3752953802236724	0.019463284293310172	0.7229202812615724	0.03462579878430416	30	1990.0	1989.83435570822	0.6918239197290951	0.6952349142424257	0.9910714285714286	0.9852939438175765	True
25	2053-10-01	GARW	tropics	0.005033146694472209	4.515946763644728e-05	0.14544718146382332	0.034604635468471354	-0.24994177510865678	-0.25379711289893403	11	303.0	302.5851479477032	0.3341061858239192	0.32464045977754236	0.6266666666666667	0.5819301815734108	True
26	2053-10-01	GARW	tropics	0.0019826393159590476	5.958489860884103e-06	0.0948371376128087	0.020905727079760288	0.9872334084206362	0.969264440983182	42	2411.0	2410.9355663648475	0.8722464387527863	0.8609825453084439	1.0	0.9931861713311366	True
26	2054-04-01	GARW	tropics	0.010296671801407031	0.00011001067670369182	0.5163655307236346	0.019940664488152952	0.12259384413159613	-26.918154776568034	16	443.0	442.9105762288443	0.9548775124166615	0.9513487000905101	1.0	0.9684589862131556	True
27	2054-10-01	GARW	tropics	0.0032711090167949148	1.634027001812787e-05	0.14578428305293456	0.02243800873656023	0.5822216154487299	0.19650721016080874	16	561.0	560.8791411376179	0.711217035391096	0.6845417357147809	0.7959183673469388	0.7663164877151344	True
29	2054-10-01	GARW	tropics	0.008566504144150075	8.739575113541232e-05	0.7171241204052657	0.011945636606545764	0.9903163046142147	-3.909601504449414	3	42.0	42.0023473799062	0.17648109108392926	0.13984299080723397	0.22388059701492538	0.15077459647651495	True
