date	country	cases
2025-01-05	north	1306973
2025-01-05	south	1978
2025-01-05	tropics	16760
2025-01-11	north	1380202
2025-01-11	south	2284
2025-01-11	tropics	17209
2025-01-18	north	1331830
2025-01-18	south	2408
2025-01-18	tropics	18457
2025-01-26	north	1184638
2025-01-26	south	2395
2025-01-26	tropics	19014
2025-02-02	north	986567
2025-02-02	south	2283
2025-02-02	tropics	19547
2025-02-09	north	776101
2025-02-09	south	2246
2025-02-09	tropics	20241
2025-02-16	north	585513
2025-02-16	south	2045
2025-02-16	tropics	20497
2025-02-22	north	429954
2025-02-22	south	1829
2025-02-22	tropics	20758
2025-03-01	north	306818
2025-03-01	south	1559
2025-03-01	tropics	21257
2025-03-09	north	215765
2025-03-09	south	1385
2025-03-09	tropics	21708
2025-03-16	north	148381
2025-03-16	south	1242
2025-03-16	tropics	22423
2025-03-23	north	101728
2025-03-23	south	1132
2025-03-23	tropics	23439
2025-03-30	north	68361
2025-03-30	south	928
2025-03-30	tropics	23636
2025-04-05	north	45701
2025-04-05	south	779
2025-04-05	tropics	24944
2025-04-13	north	29702
2025-04-13	south	729
2025-04-13	tropics	25635
2025-04-20	north	18977
2025-04-20	south	615
2025-04-20	tropics	26554
2025-04-27	north	12066
2025-04-27	south	584
2025-04-27	tropics	28646
2025-05-04	north	7495
2025-05-04	south	675
2025-05-04	tropics	30448
2025-05-11	north	4910
2025-05-11	south	613
2025-05-11	tropics	33090
2025-05-17	north	3076
2025-05-17	south	595
2025-05-17	tropics	35788
2025-05-25	north	1860
2025-05-25	south	685
2025-05-25	tropics	38307
2025-06-01	north	1122
2025-06-01	south	792
2025-06-01	tropics	42012
2025-06-08	north	723
2025-06-08	south	890
2025-06-08	tropics	46436
2025-06-15	north	476
2025-06-15	south	1027
2025-06-15	tropics	51696
2025-06-22	north	304
2025-06-22	south	1234
2025-06-22	tropics	56584
2025-06-28	north	254
2025-06-28	south	1482
2025-06-28	tropics	63644
2025-07-06	north	204
2025-07-06	south	1692
2025-07-06	tropics	69645
2025-07-13	north	198
2025-07-13	south	1830
2025-07-13	tropics	77580
2025-07-20	north	162
2025-07-20	south	2116
2025-07-20	tropics	86190
2025-07-27	north	173
2025-07-27	south	2363
2025-07-27	tropics	94298
2025-08-03	north	164
2025-08-03	south	2474
2025-08-03	tropics	102770
2025-08-10	north	194
2025-08-10	south	2736
2025-08-10	tropics	113014
2025-08-17	north	244
2025-08-17	south	2935
2025-08-17	tropics	123112
2025-08-24	north	239
2025-08-24	south	2954
2025-08-24	tropics	133590
2025-08-31	north	249
2025-08-31	south	3212
2025-08-31	tropics	142049
2025-09-07	north	278
2025-09-07	south	3416
2025-09-07	tropics	151955
2025-09-14	north	338
2025-09-14	south	3682
2025-09-14	tropics	162160
2025-09-21	north	372
2025-09-21	south	3760
2025-09-21	tropics	168821
2025-09-28	north	499
2025-09-28	south	3616
2025-09-28	tropics	174930
2025-10-05	north	565
2025-10-05	south	3528
2025-10-05	tropics	179537
2025-10-12	north	626
2025-10-12	south	3334
2025-10-12	tropics	182316
2025-10-19	north	785
2025-10-19	south	3027
2025-10-19	tropics	184890
2025-10-26	north	806
2025-10-26	south	2582
2025-10-26	tropics	183615
2025-11-02	north	900
2025-11-02	south	2325
2025-11-02	tropics	182252
2025-11-09	north	989
2025-11-09	south	2199
2025-11-09	tropics	178560
2025-11-16	north	1117
2025-11-16	south	1801
2025-11-16	tropics	174012
2025-11-23	north	1203
2025-11-23	south	1812
2025-11-23	tropics	166563
2025-11-30	north	1103
2025-11-30	south	1522
2025-11-30	tropics	158428
2025-12-07	north	1315
2025-12-07	south	1280
2025-12-07	tropics	149294
2025-12-14	north	1316
2025-12-14	south	1188
2025-12-14	tropics	138964
2025-12-21	north	1258
2025-12-21	south	1020
2025-12-21	tropics	130965
2025-12-28	north	1228
2025-12-28	south	790
2025-12-28	tropics	121717
2026-01-04	north	1088
2026-01-04	south	727
2026-01-04	tropics	112703
2026-01-11	north	1147
2026-01-11	south	749
2026-01-11	tropics	102406
2026-01-18	north	1075
2026-01-18	south	591
2026-01-18	tropics	92485
2026-01-25	north	1128
2026-01-25	south	479
2026-01-25	tropics	83952
2026-02-01	north	1038
2026-02-01	south	520
2026-02-01	tropics	75744
2026-02-08	north	1055
2026-02-08	south	461
2026-02-08	tropics	68309
2026-02-15	north	1013
2026-02-15	south	432
2026-02-15	tropics	61249
2026-02-22	north	953
2026-02-22	south	428
2026-02-22	tropics	55053
2026-03-01	north	776
2026-03-01	south	442
2026-03-01	tropics	49405
2026-03-08	north	625
2026-03-08	south	358
2026-03-08	tropics	43621
2026-03-15	north	585
2026-03-15	south	320
2026-03-15	tropics	38638
2026-03-22	north	491
2026-03-22	south	364
2026-03-22	tropics	34444
2026-03-29	north	407
2026-03-29	south	295
2026-03-29	tropics	30450
2026-04-05	north	356
2026-04-05	south	330
2026-04-05	tropics	27299
2026-04-12	north	297
2026-04-12	south	412
2026-04-12	tropics	24358
2026-04-19	north	273
2026-04-19	south	411
2026-04-19	tropics	21897
2026-04-26	north	185
2026-04-26	south	418
2026-04-26	tropics	19499
2026-05-03	north	155
2026-05-03	south	523
2026-05-03	tropics	17079
2026-05-10	north	111
2026-05-10	south	656
2026-05-10	tropics	15308
2026-05-17	north	68
2026-05-17	south	825
2026-05-17	tropics	13809
2026-05-24	north	59
2026-05-24	south	975
2026-05-24	tropics	12621
2026-05-31	north	57
2026-05-31	south	1194
2026-05-31	tropics	11206
2026-06-07	north	60
2026-06-07	south	1468
2026-06-07	tropics	10419
2026-06-14	north	36
2026-06-14	south	1630
2026-06-14	tropics	9310
2026-06-21	north	34
2026-06-21	south	1935
2026-06-21	tropics	8798
2026-06-28	north	46
2026-06-28	south	2191
2026-06-28	tropics	8379
2026-07-05	north	35
2026-07-05	south	2785
2026-07-05	tropics	7880
2026-07-12	north	47
2026-07-12	south	3446
2026-07-12	tropics	7176
2026-07-19	north	56
2026-07-19	south	4273
2026-07-19	tropics	6502
2026-07-26	north	72
2026-07-26	south	5317
2026-07-26	tropics	5886
2026-08-02	north	39
2026-08-02	south	6154
2026-08-02	tropics	5718
2026-08-09	north	51
2026-08-09	south	7369
2026-08-09	tropics	5324
2026-08-16	north	59
2026-08-16	south	8533
2026-08-16	tropics	5073
2026-08-23	north	78
2026-08-23	south	10120
2026-08-23	tropics	5053
2026-08-30	north	67
2026-08-30	south	12092
2026-08-30	tropics	4898
2026-09-06	north	77
2026-09-06	south	13668
2026-09-06	tropics	4723
2026-09-13	north	95
2026-09-13	south	15466
2026-09-13	tropics	4594
2026-09-20	north	109
2026-09-20	south	16884
2026-09-20	tropics	4402
2026-09-27	north	125
2026-09-27	south	17460
2026-09-27	tropics	4496
2026-10-04	north	111
2026-10-04	south	18327
2026-10-04	tropics	4525
2026-10-11	north	85
2026-10-11	south	18912
2026-10-11	tropics	4501
2026-10-18	north	100
2026-10-18	south	18555
2026-10-18	tropics	4756
2026-10-25	north	130
2026-10-25	south	18405
2026-10-25	tropics	4735
2026-11-01	north	153
2026-11-01	south	17667
2026-11-01	tropics	4662
2026-11-08	north	200
2026-11-08	south	16853
2026-11-08	tropics	4585
2026-11-15	north	243
2026-11-15	south	15483
2026-11-15	tropics	4816
2026-11-22	north	286
2026-11-22	south	13997
2026-11-22	tropics	4970
2026-11-29	north	295
2026-11-29	south	12641
2026-11-29	tropics	5168
2026-12-06	north	298
2026-12-06	south	11118
2026-12-06	tropics	5317
2026-12-13	north	315
2026-12-13	south	9918
2026-12-13	tropics	5446
2026-12-20	north	393
2026-12-20	south	8248
2026-12-20	tropics	5580
2026-12-27	north	418
2026-12-27	south	6935
2026-12-27	tropics	6060
2027-01-03	north	407
2027-01-03	south	5818
2027-01-03	tropics	6185
2027-01-10	north	532
2027-01-10	south	4968
2027-01-10	tropics	6877
2027-01-17	north	670
2027-01-17	south	4197
2027-01-17	tropics	7407
2027-01-24	north	779
2027-01-24	south	3779
2027-01-24	tropics	7564
2027-01-31	north	1029
2027-01-31	south	3568
2027-01-31	tropics	7671
2027-02-07	north	1151
2027-02-07	south	3032
2027-02-07	tropics	8231
2027-02-14	north	1439
2027-02-14	south	2740
2027-02-14	tropics	8923
2027-02-21	north	1630
2027-02-21	south	2704
2027-02-21	tropics	8866
2027-02-28	north	1879
2027-02-28	south	2537
2027-02-28	tropics	9310
2027-03-07	north	1955
2027-03-07	south	2467
2027-03-07	tropics	9840
2027-03-14	north	2009
2027-03-14	south	2246
2027-03-14	tropics	10645
2027-03-21	north	1948
2027-03-21	south	2510
2027-03-21	tropics	11292
2027-03-28	north	1888
2027-03-28	south	2669
2027-03-28	tropics	11953
2027-04-04	north	1733
2027-04-04	south	2939
2027-04-04	tropics	12545
2027-04-11	north	1600
2027-04-11	south	3303
2027-04-11	tropics	12770
2027-04-18	north	1485
2027-04-18	south	3716
2027-04-18	tropics	13502
2027-04-25	north	1364
2027-04-25	south	4223
2027-04-25	tropics	14435
2027-05-02	north	1202
2027-05-02	south	5443
2027-05-02	tropics	15574
2027-05-09	north	983
2027-05-09	south	6854
2027-05-09	tropics	16781
2027-05-16	north	887
2027-05-16	south	8959
2027-05-16	tropics	17290
2027-05-23	north	805
2027-05-23	south	11369
2027-05-23	tropics	17962
2027-05-30	north	723
2027-05-30	south	15932
2027-05-30	tropics	18837
2027-06-06	north	648
2027-06-06	south	21413
2027-06-06	tropics	20689
2027-06-13	north	554
2027-06-13	south	29169
2027-06-13	tropics	21621
2027-06-20	north	448
2027-06-20	south	40773
2027-06-20	tropics	22996
2027-06-27	north	465
2027-06-27	south	56751
2027-06-27	tropics	24721
2027-07-04	north	482
2027-07-04	south	78039
2027-07-04	tropics	26900
2027-07-11	north	514
2027-07-11	south	107595
2027-07-11	tropics	29050
2027-07-18	north	535
2027-07-18	south	145544
2027-07-18	tropics	31517
2027-07-25	north	586
2027-07-25	south	193052
2027-07-25	tropics	33785
2027-08-01	north	711
2027-08-01	south	250525
2027-08-01	tropics	36296
2027-08-08	north	1016
2027-08-08	south	315471
2027-08-08	tropics	39116
2027-08-15	north	1197
2027-08-15	south	383188
2027-08-15	tropics	41924
2027-08-22	north	1509
2027-08-22	south	442495
2027-08-22	tropics	45072
2027-08-29	north	1867
2027-08-29	south	487613
2027-08-29	tropics	48262
2027-09-05	north	2387
2027-09-05	south	507310
2027-09-05	tropics	51304
2027-09-12	north	2700
2027-09-12	south	502054
2027-09-12	tropics	55241
2027-09-19	north	3375
2027-09-19	south	472291
2027-09-19	tropics	59375
2027-09-26	north	3837
2027-09-26	south	421632
2027-09-26	tropics	62820
2027-10-03	north	4459
2027-10-03	south	361281
2027-10-03	tropics	66342
2027-10-10	north	5196
2027-10-10	south	297156
2027-10-10	tropics	70034
2027-10-17	north	5697
2027-10-17	south	236879
2027-10-17	tropics	73867
2027-10-24	north	6161
2027-10-24	south	181698
2027-10-24	tropics	77305
2027-10-31	north	6980
2027-10-31	south	137508
2027-10-31	tropics	80553
2027-11-07	north	8020
2027-11-07	south	101779
2027-11-07	tropics	83268
2027-11-14	north	9669
2027-11-14	south	73437
2027-11-14	tropics	85544
2027-11-21	north	11311
2027-11-21	south	52650
2027-11-21	tropics	89323
2027-11-28	north	13585
2027-11-28	south	36093
2027-11-28	tropics	91105
2027-12-05	north	16092
2027-12-05	south	24970
2027-12-05	tropics	91088
2027-12-12	north	19777
2027-12-12	south	17311
2027-12-12	tropics	92465
2027-12-19	north	24524
2027-12-19	south	11796
2027-12-19	tropics	93752
2027-12-26	north	29880
2027-12-26	south	7946
2027-12-26	tropics	94444
2028-01-02	north	36900
2028-01-02	south	5631
2028-01-02	tropics	94810
2028-01-09	north	44688
2028-01-09	south	4025
2028-01-09	tropics	92960
2028-01-16	north	54786
2028-01-16	south	2984
2028-01-16	tropics	92636
2028-01-23	north	66872
2028-01-23	south	2329
2028-01-23	tropics	91157
2028-01-30	north	79346
2028-01-30	south	1743
2028-01-30	tropics	90167
2028-02-06	north	94287
2028-02-06	south	1562
2028-02-06	tropics	88291
2028-02-13	north	108419
2028-02-13	south	1267
2028-02-13	tropics	86845
2028-02-20	north	121109
2028-02-20	south	1186
2028-02-20	tropics	83475
2028-02-27	north	133546
2028-02-27	south	1067
2028-02-27	tropics	80692
2028-03-05	north	143690
2028-03-05	south	1032
2028-03-05	tropics	77714
2028-03-12	north	149007
2028-03-12	south	998
2028-03-12	tropics	74961
2028-03-19	north	149954
2028-03-19	south	986
2028-03-19	tropics	71276
2028-03-26	north	145656
2028-03-26	south	1031
2028-03-26	tropics	68412
2028-04-02	north	138666
2028-04-02	south	1139
2028-04-02	tropics	65254
2028-04-09	north	127965
2028-04-09	south	1302
2028-04-09	tropics	62368
2028-04-16	north	113116
2028-04-16	south	1364
2028-04-16	tropics	59005
2028-04-23	north	97191
2028-04-23	south	1452
2028-04-23	tropics	56835
2028-04-30	north	82980
2028-04-30	south	1447
2028-04-30	tropics	54242
2028-05-07	north	68462
2028-05-07	south	1453
2028-05-07	tropics	51900
2028-05-14	north	55789
2028-05-14	south	1512
2028-05-14	tropics	48754
2028-05-21	north	44451
2028-05-21	south	1600
2028-05-21	tropics	46410
2028-05-28	north	34400
2028-05-28	south	1645
2028-05-28	tropics	43984
2028-06-04	north	26842
2028-06-04	south	1762
2028-06-04	tropics	41341
2028-06-11	north	20660
2028-06-11	south	1867
2028-06-11	tropics	38877
2028-06-18	north	15380
2028-06-18	south	2048
2028-06-18	tropics	36243
2028-06-25	north	11571
2028-06-25	south	2304
2028-06-25	tropics	34192
2028-07-02	north	8935
2028-07-02	south	2587
2028-07-02	tropics	32451
2028-07-10	north	6820
2028-07-10	south	2769
2028-07-10	tropics	31403
2028-07-16	north	5128
2028-07-16	south	2816
2028-07-16	tropics	30170
2028-07-23	north	3944
2028-07-23	south	3033
2028-07-23	tropics	28696
2028-07-30	north	2988
2028-07-30	south	3270
2028-07-30	tropics	28130
2028-08-06	north	2210
2028-08-06	south	3430
2028-08-06	tropics	28033
2028-08-13	north	1851
2028-08-13	south	3675
2028-08-13	tropics	27226
2028-08-21	north	1631
2028-08-21	south	3575
2028-08-21	tropics	26938
2028-08-27	north	1309
2028-08-27	south	3566
2028-08-27	tropics	26608
2028-09-03	north	1069
2028-09-03	south	3501
2028-09-03	tropics	26152
2028-09-10	north	879
2028-09-10	south	3535
2028-09-10	tropics	26544
2028-09-17	north	903
2028-09-17	south	3459
2028-09-17	tropics	26931
2028-09-25	north	1017
2028-09-25	south	3421
2028-09-25	tropics	27617
2028-10-02	north	999
2028-10-02	south	3569
2028-10-02	tropics	28365
2028-10-08	north	1002
2028-10-08	south	3323
2028-10-08	tropics	29638
2028-10-15	north	1124
2028-10-15	south	2906
2028-10-15	tropics	31129
2028-10-22	north	1365
2028-10-22	south	2700
2028-10-22	tropics	33002
2028-10-29	north	1544
2028-10-29	south	2432
2028-10-29	tropics	34989
2028-11-06	north	2009
2028-11-06	south	2158
2028-11-06	tropics	37681
2028-11-13	north	2425
2028-11-13	south	1830
2028-11-13	tropics	40215
2028-11-19	north	3025
2028-11-19	south	1638
2028-11-19	tropics	42856
2028-11-26	north	4073
2028-11-26	south	1366
2028-11-26	tropics	47011
2028-12-03	north	5869
2028-12-03	south	1366
2028-12-03	tropics	50923
2028-12-10	north	7843
2028-12-10	south	1203
2028-12-10	tropics	54451
2028-12-18	north	10528
2028-12-18	south	983
2028-12-18	tropics	59348
2028-12-25	north	15004
2028-12-25	south	875
2028-12-25	tropics	63509
2029-01-01	north	20954
2029-01-01	south	813
2029-01-01	tropics	68240
2029-01-07	north	29753
2029-01-07	south	707
2029-01-07	tropics	72758
2029-01-14	north	42990
2029-01-14	south	776
2029-01-14	tropics	77428
2029-01-22	north	60818
2029-01-22	south	826
2029-01-22	tropics	83689
2029-01-29	north	85094
2029-01-29	south	961
2029-01-29	tropics	88269
2029-02-05	north	117066
2029-02-05	south	1021
2029-02-05	tropics	93541
2029-02-12	north	155106
2029-02-12	south	1328
2029-02-12	tropics	99782
2029-02-18	north	201285
2029-02-18	south	1504
2029-02-18	tropics	106000
2029-02-25	north	253271
2029-02-25	south	1820
2029-02-25	tropics	112391
2029-03-05	north	305713
2029-03-05	south	2121
2029-03-05	tropics	117830
2029-03-12	north	356034
2029-03-12	south	2917
2029-03-12	tropics	122981
2029-03-19	north	392122
2029-03-19	south	3702
2029-03-19	tropics	128610
2029-03-26	north	412670
2029-03-26	south	4788
2029-03-26	tropics	134111
2029-04-01	north	412455
2029-04-01	south	6020
2029-04-01	tropics	142952
2029-04-09	north	392708
2029-04-09	south	7750
2029-04-09	tropics	149079
2029-04-16	north	357002
2029-04-16	south	9942
2029-04-16	tropics	159125
2029-04-23	north	315354
2029-04-23	south	12206
2029-04-23	tropics	169310
2029-04-30	north	268748
2029-04-30	south	15861
2029-04-30	tropics	180892
2029-05-07	north	219067
2029-05-07	south	21317
2029-05-07	tropics	195941
2029-05-13	north	176033
2029-05-13	south	29171
2029-05-13	tropics	214550
2029-05-21	north	137079
2029-05-21	south	41255
2029-05-21	tropics	234733
2029-05-28	north	104778
2029-05-28	south	61019
2029-05-28	tropics	259430
2029-06-04	north	79183
2029-06-04	south	92420
2029-06-04	tropics	288264
2029-06-11	north	59751
2029-06-11	south	145512
2029-06-11	tropics	318557
2029-06-18	north	44686
2029-06-18	south	234201
2029-06-18	tropics	350815
2029-06-24	north	33665
2029-06-24	south	385981
2029-06-24	tropics	383070
2029-07-02	north	26586
2029-07-02	south	624067
2029-07-02	tropics	416510
2029-07-09	north	21549
2029-07-09	south	971977
2029-07-09	tropics	445290
2029-07-16	north	19010
2029-07-16	south	1410848
2029-07-16	tropics	467399
2029-07-23	north	18718
2029-07-23	south	1831229
2029-07-23	tropics	478515
2029-07-30	north	18838
2029-07-30	south	2062567
2029-07-30	tropics	479594
2029-08-06	north	20296
2029-08-06	south	1995932
2029-08-06	tropics	470095
2029-08-13	north	22240
2029-08-13	south	1695415
2029-08-13	tropics	448863
2029-08-20	north	24056
2029-08-20	south	1296823
2029-08-20	tropics	418596
2029-08-27	north	25865
2029-08-27	south	922853
2029-08-27	tropics	382684
2029-09-03	north	27909
2029-09-03	south	624917
2029-09-03	tropics	343769
2029-09-10	north	30525
2029-09-10	south	408426
2029-09-10	tropics	300357
2029-09-17	north	33828
2029-09-17	south	258728
2029-09-17	tropics	261322
2029-09-24	north	37898
2029-09-24	south	161338
2029-09-24	tropics	223778
2029-10-01	north	43999
2029-10-01	south	98518
2029-10-01	tropics	190233
2029-10-08	north	51796
2029-10-08	south	58920
2029-10-08	tropics	160082
2029-10-15	north	62289
2029-10-15	south	35021
2029-10-15	tropics	132680
2029-10-22	north	78094
2029-10-22	south	20959
2029-10-22	tropics	109967
2029-10-29	north	99118
2029-10-29	south	12002
2029-10-29	tropics	90906
2029-11-05	north	129531
2029-11-05	south	7048
2029-11-05	tropics	75168
2029-11-12	north	171610
2029-11-12	south	4062
2029-11-12	tropics	61191
2029-11-19	north	228112
2029-11-19	south	2465
2029-11-19	tropics	50781
2029-11-26	north	304065
2029-11-26	south	1609
2029-11-26	tropics	41389
2029-12-03	north	405530
2029-12-03	south	1074
2029-12-03	tropics	33868
2029-12-10	north	525888
2029-12-10	south	941
2029-12-10	tropics	28525
2029-12-17	north	663460
2029-12-17	south	830
2029-12-17	tropics	24190
2029-12-24	north	801534
2029-12-24	south	1005
2029-12-24	tropics	21014
2029-12-31	north	919684
2029-12-31	south	980
2029-12-31	tropics	18114
2030-01-07	north	994037
2030-01-07	south	1121
2030-01-07	tropics	15997
2030-01-14	north	1001294
2030-01-14	south	1209
2030-01-14	tropics	14122
2030-01-21	north	948412
2030-01-21	south	1292
2030-01-21	tropics	12913
2030-01-28	north	853340
2030-01-28	south	1253
2030-01-28	tropics	11723
2030-02-04	north	731664
2030-02-04	south	1125
2030-02-04	tropics	10909
2030-02-11	north	605012
2030-02-11	south	1206
2030-02-11	tropics	9766
2030-02-18	north	487644
2030-02-18	south	1049
2030-02-18	tropics	8956
2030-02-25	north	390419
2030-02-25	south	1030
2030-02-25	tropics	8177
2030-03-04	north	306051
2030-03-04	south	931
2030-03-04	tropics	7628
2030-03-11	north	238237
2030-03-11	south	859
2030-03-11	tropics	7389
2030-03-18	north	184388
2030-03-18	south	733
2030-03-18	tropics	6778
2030-03-25	north	142286
2030-03-25	south	652
2030-03-25	tropics	6475
2030-04-01	north	109189
2030-04-01	south	669
2030-04-01	tropics	6512
2030-04-08	north	83035
2030-04-08	south	614
2030-04-08	tropics	6247
2030-04-15	north	62841
2030-04-15	south	570
2030-04-15	tropics	5992
2030-04-22	north	46913
2030-04-22	south	664
2030-04-22	tropics	6134
2030-04-29	north	34453
2030-04-29	south	558
2030-04-29	tropics	6244
2030-05-06	north	25136
2030-05-06	south	557
2030-05-06	tropics	6625
2030-05-13	north	17938
2030-05-13	south	459
2030-05-13	tropics	7185
2030-05-20	north	12456
2030-05-20	south	447
2030-05-20	tropics	7875
2030-05-27	north	8807
2030-05-27	south	396
2030-05-27	tropics	8378
2030-06-03	north	6210
2030-06-03	south	359
2030-06-03	tropics	8875
2030-06-10	north	4205
2030-06-10	south	350
2030-06-10	tropics	9888
2030-06-17	north	2905
2030-06-17	south	379
2030-06-17	tropics	10485
2030-06-24	north	2155
2030-06-24	south	342
2030-06-24	tropics	12133
2030-07-01	north	1511
2030-07-01	south	402
2030-07-01	tropics	13786
2030-07-08	north	1054
2030-07-08	south	416
2030-07-08	tropics	16103
2030-07-15	north	808
2030-07-15	south	449
2030-07-15	tropics	18571
2030-07-22	north	602
2030-07-22	south	617
2030-07-22	tropics	20752
2030-07-29	north	452
2030-07-29	south	722
2030-07-29	tropics	24315
2030-08-05	north	366
2030-08-05	south	778
2030-08-05	tropics	27924
2030-08-12	north	290
2030-08-12	south	949
2030-08-12	tropics	32217
2030-08-19	north	339
2030-08-19	south	1020
2030-08-19	tropics	38081
2030-08-26	north	353
2030-08-26	south	1176
2030-08-26	tropics	44275
2030-09-02	north	311
2030-09-02	south	1177
2030-09-02	tropics	52065
2030-09-09	north	321
2030-09-09	south	1298
2030-09-09	tropics	61557
2030-09-16	north	349
2030-09-16	south	1392
2030-09-16	tropics	71894
2030-09-23	north	364
2030-09-23	south	1368
2030-09-23	tropics	85333
2030-09-30	north	509
2030-09-30	south	1448
2030-09-30	tropics	101408
2030-10-07	north	687
2030-10-07	south	1741
2030-10-07	tropics	119414
2030-10-14	north	798
2030-10-14	south	1751
2030-10-14	tropics	142137
2030-10-21	north	996
2030-10-21	south	1748
2030-10-21	tropics	166257
2030-10-28	north	1287
2030-10-28	south	1903
2030-10-28	tropics	191534
2030-11-04	north	1694
2030-11-04	south	2091
2030-11-04	tropics	218350
2030-11-11	north	2187
2030-11-11	south	2056
2030-11-11	tropics	248231
2030-11-18	north	2839
2030-11-18	south	2045
2030-11-18	tropics	273858
2030-11-25	north	3655
2030-11-25	south	2083
2030-11-25	tropics	302786
2030-12-02	north	4817
2030-12-02	south	2138
2030-12-02	tropics	327598
2030-12-09	north	6311
2030-12-09	south	2115
2030-12-09	tropics	350054
2030-12-16	north	8318
2030-12-16	south	2067
2030-12-16	tropics	360879
2030-12-23	north	10607
2030-12-23	south	2132
2030-12-23	tropics	367885
2030-12-30	north	13627
2030-12-30	south	2028
2030-12-30	tropics	369643
2031-01-06	north	16979
2031-01-06	south	2067
2031-01-06	tropics	361741
2031-01-13	north	21150
2031-01-13	south	2192
2031-01-13	tropics	346480
2031-01-20	north	26494
2031-01-20	south	2210
2031-01-20	tropics	325294
2031-01-27	north	32838
2031-01-27	south	2252
2031-01-27	tropics	299402
2031-02-03	north	38818
2031-02-03	south	2243
2031-02-03	tropics	270178
2031-02-10	north	45614
2031-02-10	south	2148
2031-02-10	tropics	243504
2031-02-17	north	52989
2031-02-17	south	2177
2031-02-17	tropics	215886
2031-02-24	north	59647
2031-02-24	south	2270
2031-02-24	tropics	189988
2031-03-03	north	64514
2031-03-03	south	2329
2031-03-03	tropics	165387
2031-03-10	north	69346
2031-03-10	south	2365
2031-03-10	tropics	142062
2031-03-17	north	71860
2031-03-17	south	2560
2031-03-17	tropics	122167
2031-03-24	north	72178
2031-03-24	south	2813
2031-03-24	tropics	104935
2031-03-31	north	70806
2031-03-31	south	3120
2031-03-31	tropics	89151
2031-04-07	north	68009
2031-04-07	south	3360
2031-04-07	tropics	76064
2031-04-14	north	63370
2031-04-14	south	3752
2031-04-14	tropics	64205
2031-04-21	north	57141
2031-04-21	south	4069
2031-04-21	tropics	55284
2031-04-28	north	49560
2031-04-28	south	4704
2031-04-28	tropics	46486
2031-05-05	north	42816
2031-05-05	south	5553
2031-05-05	tropics	39416
2031-05-12	north	36663
2031-05-12	south	6488
2031-05-12	tropics	33687
2031-05-19	north	30470
2031-05-19	south	7516
2031-05-19	tropics	28265
2031-05-26	north	25142
2031-05-26	south	8967
2031-05-26	tropics	24224
2031-06-02	north	19732
2031-06-02	south	10868
2031-06-02	tropics	20844
2031-06-09	north	15716
2031-06-09	south	13061
2031-06-09	tropics	17025
2031-06-16	north	12506
2031-06-16	south	16178
2031-06-16	tropics	14273
2031-06-23	north	9724
2031-06-23	south	20070
2031-06-23	tropics	12246
2031-06-30	north	7569
2031-06-30	south	25086
2031-06-30	tropics	10407
2031-07-07	north	5835
2031-07-07	south	32050
2031-07-07	tropics	9069
2031-07-14	north	4594
2031-07-14	south	40968
2031-07-14	tropics	7718
2031-07-21	north	3662
2031-07-21	south	52703
2031-07-21	tropics	6792
2031-07-28	north	2968
2031-07-28	south	67528
2031-07-28	tropics	5597
2031-08-04	north	2554
2031-08-04	south	88109
2031-08-04	tropics	4931
2031-08-11	north	2147
2031-08-11	south	111089
2031-08-11	tropics	4617
2031-08-18	north	2020
2031-08-18	south	140754
2031-08-18	tropics	4081
2031-08-25	north	2071
2031-08-25	south	178892
2031-08-25	tropics	3949
2031-09-01	north	2262
2031-09-01	south	226833
2031-09-01	tropics	3892
2031-09-08	north	2516
2031-09-08	south	287422
2031-09-08	tropics	3795
2031-09-15	north	3167
2031-09-15	south	355359
2031-09-15	tropics	4089
2031-09-22	north	4128
2031-09-22	south	432173
2031-09-22	tropics	4414
2031-09-29	north	5619
2031-09-29	south	505827
2031-09-29	tropics	4936
2031-10-06	north	7476
2031-10-06	south	565334
2031-10-06	tropics	5758
2031-10-13	north	11074
2031-10-13	south	605441
2031-10-13	tropics	7010
2031-10-20	north	16294
2031-10-20	south	618849
2031-10-20	tropics	8515
2031-10-27	north	24499
2031-10-27	south	598755
2031-10-27	tropics	10451
2031-11-03	north	36717
2031-11-03	south	551335
2031-11-03	tropics	12844
2031-11-10	north	57958
2031-11-10	south	485636
2031-11-10	tropics	15348
2031-11-17	north	90414
2031-11-17	south	413365
2031-11-17	tropics	18603
2031-11-24	north	145135
2031-11-24	south	339979
2031-11-24	tropics	22436
2031-12-01	north	237035
2031-12-01	south	273334
2031-12-01	tropics	26561
2031-12-08	north	380568
2031-12-08	south	214044
2031-12-08	tropics	31119
2031-12-15	north	605318
2031-12-15	south	166083
2031-12-15	tropics	37438
2031-12-22	north	912559
2031-12-22	south	128814
2031-12-22	tropics	44480
2031-12-29	north	1280091
2031-12-29	south	99069
2031-12-29	tropics	52772
2032-01-05	north	1626141
2032-01-05	south	77133
2032-01-05	tropics	63994
2032-01-12	north	1814286
2032-01-12	south	60747
2032-01-12	tropics	76628
2032-01-19	north	1775122
2032-01-19	south	48889
2032-01-19	tropics	91463
2032-01-26	north	1546425
2032-01-26	south	39208
2032-01-26	tropics	107407
2032-02-02	north	1227600
2032-02-02	south	32012
2032-02-02	tropics	124678
2032-02-09	north	910340
2032-02-09	south	26515
2032-02-09	tropics	143091
2032-02-16	north	644700
2032-02-16	south	21997
2032-02-16	tropics	161605
2032-02-23	north	442366
2032-02-23	south	18976
2032-02-23	tropics	181847
2032-03-01	north	298160
2032-03-01	south	16781
2032-03-01	tropics	203882
2032-03-08	north	196370
2032-03-08	south	14794
2032-03-08	tropics	227410
2032-03-15	north	128193
2032-03-15	south	13799
2032-03-15	tropics	248088
2032-03-22	north	83574
2032-03-22	south	12936
2032-03-22	tropics	270688
2032-03-29	north	53860
2032-03-29	south	12233
2032-03-29	tropics	293393
2032-04-05	north	34772
2032-04-05	south	12307
2032-04-05	tropics	313771
2032-04-12	north	22789
2032-04-12	south	12940
2032-04-12	tropics	331843
2032-04-19	north	14314
2032-04-19	south	13793
2032-04-19	tropics	349151
2032-04-26	north	9582
2032-04-26	south	15471
2032-04-26	tropics	361828
2032-05-03	north	6110
2032-05-03	south	18618
2032-05-03	tropics	369750
2032-05-10	north	4220
2032-05-10	south	22186
2032-05-10	tropics	376228
2032-05-17	north	2804
2032-05-17	south	27138
2032-05-17	tropics	378101
2032-05-24	north	2032
2032-05-24	south	34523
2032-05-24	tropics	376128
2032-05-31	north	1501
2032-05-31	south	44045
2032-05-31	tropics	369836
2032-06-07	north	1270
2032-06-07	south	57749
2032-06-07	tropics	359393
2032-06-14	north	1105
2032-06-14	south	76665
2032-06-14	tropics	346291
2032-06-21	north	940
2032-06-21	south	100779
2032-06-21	tropics	327017
2032-06-28	north	891
2032-06-28	south	133294
2032-06-28	tropics	307815
2032-07-06	north	834
2032-07-06	south	175969
2032-07-06	tropics	286248
2032-07-12	north	883
2032-07-12	south	230579
2032-07-12	tropics	264186
2032-07-19	north	872
2032-07-19	south	295685
2032-07-19	tropics	240565
2032-07-26	north	977
2032-07-26	south	370758
2032-07-26	tropics	218094
2032-08-02	north	1168
2032-08-02	south	446424
2032-08-02	tropics	197526
2032-08-10	north	1226
2032-08-10	south	518499
2032-08-10	tropics	177910
2032-08-17	north	1396
2032-08-17	south	572129
2032-08-17	tropics	158694
2032-08-23	north	1565
2032-08-23	south	597157
2032-08-23	tropics	141987
2032-08-30	north	1859
2032-08-30	south	589821
2032-08-30	tropics	125481
2032-09-06	north	1904
2032-09-06	south	549800
2032-09-06	tropics	110516
2032-09-13	north	1952
2032-09-13	south	487868
2032-09-13	tropics	96571
2032-09-21	north	1932
2032-09-21	south	415199
2032-09-21	tropics	84271
2032-09-28	north	2139
2032-09-28	south	340343
2032-09-28	tropics	72802
2032-10-04	north	2229
2032-10-04	south	267710
2032-10-04	tropics	63250
2032-10-11	north	1842
2032-10-11	south	205002
2032-10-11	tropics	55865
2032-10-18	north	1815
2032-10-18	south	152929
2032-10-18	tropics	49052
2032-10-25	north	1660
2032-10-25	south	110193
2032-10-25	tropics	42767
2032-11-02	north	1502
2032-11-02	south	78253
2032-11-02	tropics	37155
2032-11-09	north	1297
2032-11-09	south	53539
2032-11-09	tropics	32863
2032-11-15	north	1186
2032-11-15	south	35816
2032-11-15	tropics	29373
2032-11-22	north	1229
2032-11-22	south	23805
2032-11-22	tropics	25656
2032-11-29	north	1289
2032-11-29	south	16092
2032-11-29	tropics	22695
2032-12-06	north	1188
2032-12-06	south	10884
2032-12-06	tropics	20057
2032-12-14	north	1117
2032-12-14	south	7063
2032-12-14	tropics	18109
2032-12-21	north	1190
2032-12-21	south	4748
2032-12-21	tropics	16098
2032-12-27	north	1061
2032-12-27	south	3008
2032-12-27	tropics	14301
2033-01-03	north	897
2033-01-03	south	2028
2033-01-03	tropics	13256
2033-01-10	north	934
2033-01-10	south	1395
2033-01-10	tropics	11826
2033-01-18	north	940
2033-01-18	south	988
2033-01-18	tropics	10580
2033-01-25	north	1037
2033-01-25	south	755
2033-01-25	tropics	9848
2033-02-01	north	1242
2033-02-01	south	499
2033-02-01	tropics	9144
2033-02-07	north	1254
2033-02-07	south	371
2033-02-07	tropics	8221
2033-02-14	north	1189
2033-02-14	south	321
2033-02-14	tropics	7352
2033-02-22	north	1188
2033-02-22	south	197
2033-02-22	tropics	7036
2033-03-01	north	1233
2033-03-01	south	90
2033-03-01	tropics	6870
2033-03-08	north	1164
2033-03-08	south	114
2033-03-08	tropics	6101
2033-03-15	north	987
2033-03-15	south	112
2033-03-15	tropics	5874
2033-03-21	north	916
2033-03-21	south	99
2033-03-21	tropics	5649
2033-03-28	north	946
2033-03-28	south	76
2033-03-28	tropics	5444
2033-04-05	north	905
2033-04-05	south	75
2033-04-05	tropics	5373
2033-04-12	north	732
2033-04-12	south	91
2033-04-12	tropics	5212
2033-04-19	north	669
2033-04-19	south	84
2033-04-19	tropics	5117
2033-04-26	north	522
2033-04-26	south	72
2033-04-26	tropics	4628
2033-05-02	north	442
2033-05-02	south	94
2033-05-02	tropics	4554
2033-05-09	north	414
2033-05-09	south	83
2033-05-09	tropics	4686
2033-05-17	north	356
2033-05-17	south	115
2033-05-17	tropics	4496
2033-05-24	north	277
2033-05-24	south	122
2033-05-24	tropics	4480
2033-05-31	north	266
2033-05-31	south	138
2033-05-31	tropics	4536
2033-06-07	north	174
2033-06-07	south	173
2033-06-07	tropics	4520
2033-06-13	north	137
2033-06-13	south	164
2033-06-13	tropics	4700
2033-06-21	north	92
2033-06-21	south	224
2033-06-21	tropics	4651
2033-06-28	north	53
2033-06-28	south	212
2033-06-28	tropics	4636
2033-07-05	north	46
2033-07-05	south	224
2033-07-05	tropics	4574
2033-07-12	north	31
2033-07-12	south	221
2033-07-12	tropics	4558
2033-07-19	north	30
2033-07-19	south	205
2033-07-19	tropics	4564
2033-07-26	north	20
2033-07-26	south	255
2033-07-26	tropics	4529
2033-08-02	north	17
2033-08-02	south	268
2033-08-02	tropics	4403
2033-08-09	north	20
2033-08-09	south	218
2033-08-09	tropics	4230
2033-08-16	north	25
2033-08-16	south	287
2033-08-16	tropics	4252
2033-08-23	north	39
2033-08-23	south	281
2033-08-23	tropics	4212
2033-08-30	north	47
2033-08-30	south	298
2033-08-30	tropics	4320
2033-09-06	north	48
2033-09-06	south	279
2033-09-06	tropics	4487
2033-09-13	north	48
2033-09-13	south	299
2033-09-13	tropics	4738
2033-09-20	north	36
2033-09-20	south	279
2033-09-20	tropics	4725
2033-09-27	north	42
2033-09-27	south	268
2033-09-27	tropics	4608
2033-10-04	north	51
2033-10-04	south	233
2033-10-04	tropics	4598
2033-10-11	north	53
2033-10-11	south	211
2033-10-11	tropics	4691
2033-10-18	north	43
2033-10-18	south	261
2033-10-18	tropics	4630
2033-10-25	north	48
2033-10-25	south	221
2033-10-25	tropics	4695
2033-11-01	north	63
2033-11-01	south	206
2033-11-01	tropics	4977
2033-11-08	north	58
2033-11-08	south	128
2033-11-08	tropics	4822
2033-11-15	north	63
2033-11-15	south	111
2033-11-15	tropics	4877
2033-11-22	north	65
2033-11-22	south	105
2033-11-22	tropics	5182
2033-11-29	north	102
2033-11-29	south	92
2033-11-29	tropics	5371
2033-12-06	north	113
2033-12-06	south	100
2033-12-06	tropics	5373
2033-12-13	north	126
2033-12-13	south	114
2033-12-13	tropics	5612
2033-12-20	north	97
2033-12-20	south	77
2033-12-20	tropics	5647
2033-12-27	north	120
2033-12-27	south	43
2033-12-27	tropics	5485
2034-01-03	north	169
2034-01-03	south	38
2034-01-03	tropics	5397
2034-01-10	north	161
2034-01-10	south	47
2034-01-10	tropics	5630
2034-01-17	north	218
2034-01-17	south	36
2034-01-17	tropics	5929
2034-01-24	north	258
2034-01-24	south	43
2034-01-24	tropics	5993
2034-01-31	north	334
2034-01-31	south	24
2034-01-31	tropics	5899
2034-02-07	north	349
2034-02-07	south	14
2034-02-07	tropics	6050
2034-02-14	north	465
2034-02-14	south	11
2034-02-14	tropics	6380
2034-02-21	north	449
2034-02-21	south	30
2034-02-21	tropics	6575
2034-02-28	north	585
2034-02-28	south	24
2034-02-28	tropics	6668
2034-03-07	north	618
2034-03-07	south	37
2034-03-07	tropics	7001
2034-03-14	north	743
2034-03-14	south	56
2034-03-14	tropics	7041
2034-03-21	north	884
2034-03-21	south	104
2034-03-21	tropics	7156
2034-03-28	north	880
2034-03-28	south	76
2034-03-28	tropics	7412
2034-04-04	north	905
2034-04-04	south	47
2034-04-04	tropics	7441
2034-04-11	north	967
2034-04-11	south	59
2034-04-11	tropics	7523
2034-04-18	north	959
2034-04-18	south	94
2034-04-18	tropics	7371
2034-04-25	north	844
2034-04-25	south	126
2034-04-25	tropics	7432
2034-05-02	north	783
2034-05-02	south	192
2034-05-02	tropics	7326
2034-05-09	north	593
2034-05-09	south	228
2034-05-09	tropics	7412
2034-05-16	north	522
2034-05-16	south	250
2034-05-16	tropics	7473
2034-05-23	north	516
2034-05-23	south	244
2034-05-23	tropics	7764
2034-05-30	north	462
2034-05-30	south	234
2034-05-30	tropics	8154
2034-06-06	north	383
2034-06-06	south	301
2034-06-06	tropics	8429
2034-06-13	north	332
2034-06-13	south	327
2034-06-13	tropics	8625
2034-06-20	north	289
2034-06-20	south	476
2034-06-20	tropics	8678
2034-06-27	north	204
2034-06-27	south	533
2034-06-27	tropics	8961
2034-07-04	north	171
2034-07-04	south	589
2034-07-04	tropics	9065
2034-07-11	north	172
2034-07-11	south	606
2034-07-11	tropics	9422
2034-07-18	north	144
2034-07-18	south	739
2034-07-18	tropics	9730
2034-07-25	north	69
2034-07-25	south	949
2034-07-25	tropics	9862
2034-08-01	north	72
2034-08-01	south	1039
2034-08-01	tropics	10278
2034-08-08	north	50
2034-08-08	south	1340
2034-08-08	tropics	10656
2034-08-15	north	38
2034-08-15	south	1593
2034-08-15	tropics	10979
2034-08-22	north	71
2034-08-22	south	1898
2034-08-22	tropics	11410
2034-08-29	north	91
2034-08-29	south	1993
2034-08-29	tropics	12113
2034-09-05	north	132
2034-09-05	south	2175
2034-09-05	tropics	12521
2034-09-12	north	157
2034-09-12	south	2143
2034-09-12	tropics	12688
2034-09-19	north	167
2034-09-19	south	2153
2034-09-19	tropics	13082
2034-09-26	north	195
2034-09-26	south	2214
2034-09-26	tropics	13324
2034-10-03	north	223
2034-10-03	south	2047
2034-10-03	tropics	13829
2034-10-10	north	222
2034-10-10	south	2062
2034-10-10	tropics	14056
2034-10-17	north	268
2034-10-17	south	1858
2034-10-17	tropics	14190
2034-10-24	north	268
2034-10-24	south	1720
2034-10-24	tropics	14106
2034-10-31	north	300
2034-10-31	south	1599
2034-10-31	tropics	14220
2034-11-07	north	412
2034-11-07	south	1355
2034-11-07	tropics	14337
2034-11-14	north	455
2034-11-14	south	1092
2034-11-14	tropics	14560
2034-11-21	north	485
2034-11-21	south	794
2034-11-21	tropics	14727
2034-11-28	north	505
2034-11-28	south	644
2034-11-28	tropics	14877
2034-12-05	north	788
2034-12-05	south	543
2034-12-05	tropics	15182
2034-12-12	north	1052
2034-12-12	south	501
2034-12-12	tropics	15558
2034-12-19	north	1292
2034-12-19	south	491
2034-12-19	tropics	16028
2034-12-26	north	1635
2034-12-26	south	333
2034-12-26	tropics	16096
2035-01-02	north	2177
2035-01-02	south	244
2035-01-02	tropics	16479
2035-01-09	north	2624
2035-01-09	south	250
2035-01-09	tropics	16971
2035-01-16	north	3175
2035-01-16	south	255
2035-01-16	tropics	17151
2035-01-23	north	3877
2035-01-23	south	195
2035-01-23	tropics	17217
2035-01-30	north	4704
2035-01-30	south	152
2035-01-30	tropics	17793
2035-02-06	north	5452
2035-02-06	south	167
2035-02-06	tropics	17792
2035-02-13	north	6464
2035-02-13	south	206
2035-02-13	tropics	18173
2035-02-20	north	7603
2035-02-20	south	178
2035-02-20	tropics	18137
2035-02-27	north	8376
2035-02-27	south	212
2035-02-27	tropics	18454
2035-03-06	north	9111
2035-03-06	south	228
2035-03-06	tropics	18632
2035-03-13	north	9846
2035-03-13	south	238
2035-03-13	tropics	19124
2035-03-20	north	10282
2035-03-20	south	239
2035-03-20	tropics	19625
2035-03-27	north	10275
2035-03-27	south	332
2035-03-27	tropics	19402
2035-04-03	north	10009
2035-04-03	south	359
2035-04-03	tropics	19386
2035-04-10	north	9907
2035-04-10	south	409
2035-04-10	tropics	19314
2035-04-17	north	9149
2035-04-17	south	399
2035-04-17	tropics	19575
2035-04-24	north	8278
2035-04-24	south	503
2035-04-24	tropics	19818
2035-05-01	north	7696
2035-05-01	south	603
2035-05-01	tropics	20325
2035-05-08	north	6473
2035-05-08	south	669
2035-05-08	tropics	20467
2035-05-15	north	5147
2035-05-15	south	862
2035-05-15	tropics	20794
2035-05-22	north	4315
2035-05-22	south	1129
2035-05-22	tropics	21013
2035-05-29	north	3687
2035-05-29	south	1424
2035-05-29	tropics	21620
2035-06-05	north	3067
2035-06-05	south	1932
2035-06-05	tropics	21812
2035-06-12	north	2387
2035-06-12	south	2476
2035-06-12	tropics	21615
2035-06-19	north	2108
2035-06-19	south	2932
2035-06-19	tropics	21682
2035-06-26	north	1691
2035-06-26	south	3498
2035-06-26	tropics	21469
2035-07-03	north	1549
2035-07-03	south	4839
2035-07-03	tropics	22392
2035-07-10	north	1295
2035-07-10	south	6568
2035-07-10	tropics	22846
2035-07-17	north	1004
2035-07-17	south	8953
2035-07-17	tropics	23312
2035-07-24	north	829
2035-07-24	south	11882
2035-07-24	tropics	23513
2035-07-31	north	761
2035-07-31	south	15118
2035-07-31	tropics	24102
2035-08-07	north	670
2035-08-07	south	20271
2035-08-07	tropics	24706
2035-08-14	north	718
2035-08-14	south	25457
2035-08-14	tropics	25004
2035-08-21	north	645
2035-08-21	south	31413
2035-08-21	tropics	25652
2035-08-28	north	668
2035-08-28	south	39706
2035-08-28	tropics	26169
2035-09-04	north	773
2035-09-04	south	49239
2035-09-04	tropics	27144
2035-09-11	north	902
2035-09-11	south	58356
2035-09-11	tropics	28482
2035-09-18	north	1034
2035-09-18	south	67839
2035-09-18	tropics	29437
2035-09-25	north	1256
2035-09-25	south	78591
2035-09-25	tropics	30689
2035-10-02	north	1570
2035-10-02	south	88069
2035-10-02	tropics	32476
2035-10-09	north	2055
2035-10-09	south	94830
2035-10-09	tropics	34781
2035-10-16	north	2522
2035-10-16	south	100076
2035-10-16	tropics	37715
2035-10-23	north	3319
2035-10-23	south	103410
2035-10-23	tropics	40300
2035-10-30	north	4880
2035-10-30	south	101856
2035-10-30	tropics	43749
2035-11-06	north	6671
2035-11-06	south	98671
2035-11-06	tropics	47575
2035-11-13	north	9181
2035-11-13	south	93175
2035-11-13	tropics	52287
2035-11-20	north	12492
2035-11-20	south	86383
2035-11-20	tropics	57855
2035-11-27	north	18219
2035-11-27	south	78416
2035-11-27	tropics	61944
2035-12-04	north	26457
2035-12-04	south	69553
2035-12-04	tropics	68337
2035-12-11	north	38599
2035-12-11	south	61149
2035-12-11	tropics	76928
2035-12-18	north	58643
2035-12-18	south	53538
2035-12-18	tropics	85449
2035-12-25	north	89778
2035-12-25	south	47603
2035-12-25	tropics	94385
2036-01-01	north	136123
2036-01-01	south	42338
2036-01-01	tropics	107316
2036-01-08	north	204382
2036-01-08	south	37354
2036-01-08	tropics	120949
2036-01-15	north	308907
2036-01-15	south	32930
2036-01-15	tropics	134887
2036-01-22	north	454531
2036-01-22	south	29283
2036-01-22	tropics	151789
2036-01-29	north	653183
2036-01-29	south	27297
2036-01-29	tropics	168801
2036-02-05	north	890206
2036-02-05	south	25750
2036-02-05	tropics	187679
2036-02-12	north	1141867
2036-02-12	south	26156
2036-02-12	tropics	209711
2036-02-19	north	1355306
2036-02-19	south	27205
2036-02-19	tropics	233956
2036-02-26	north	1467871
2036-02-26	south	29948
2036-02-26	tropics	257765
2036-03-04	north	1443447
2036-03-04	south	33622
2036-03-04	tropics	280216
2036-03-11	north	1306328
2036-03-11	south	39539
2036-03-11	tropics	303811
2036-03-18	north	1098863
2036-03-18	south	47552
2036-03-18	tropics	324428
2036-03-25	north	870823
2036-03-25	south	58052
2036-03-25	tropics	342952
2036-04-01	north	655093
2036-04-01	south	72256
2036-04-01	tropics	355174
2036-04-08	north	475616
2036-04-08	south	93735
2036-04-08	tropics	364038
2036-04-15	north	334207
2036-04-15	south	125534
2036-04-15	tropics	369935
2036-04-22	north	228941
2036-04-22	south	172025
2036-04-22	tropics	371090
2036-04-29	north	154200
2036-04-29	south	240865
2036-04-29	tropics	369285
2036-05-06	north	102463
2036-05-06	south	345211
2036-05-06	tropics	359946
2036-05-13	north	66838
2036-05-13	south	493088
2036-05-13	tropics	347963
2036-05-21	north	44125
2036-05-21	south	695070
2036-05-21	tropics	332619
2036-05-27	north	28883
2036-05-27	south	953464
2036-05-27	tropics	315631
2036-06-03	north	19076
2036-06-03	south	1232661
2036-06-03	tropics	300873
2036-06-10	north	12932
2036-06-10	south	1472720
2036-06-10	tropics	283623
2036-06-17	north	9206
2036-06-17	south	1596511
2036-06-17	tropics	265692
2036-06-24	north	7066
2036-06-24	south	1560983
2036-06-24	tropics	248349
2036-07-02	north	5626
2036-07-02	south	1385067
2036-07-02	tropics	230605
2036-07-08	north	4626
2036-07-08	south	1140771
2036-07-08	tropics	212257
2036-07-15	north	3798
2036-07-15	south	881797
2036-07-15	tropics	193718
2036-07-22	north	3100
2036-07-22	south	650332
2036-07-22	tropics	176996
2036-07-29	north	2515
2036-07-29	south	465017
2036-07-29	tropics	161327
2036-08-06	north	1938
2036-08-06	south	324322
2036-08-06	tropics	146182
2036-08-13	north	1614
2036-08-13	south	221956
2036-08-13	tropics	133068
2036-08-19	north	1385
2036-08-19	south	148951
2036-08-19	tropics	119745
2036-08-26	north	1190
2036-08-26	south	99639
2036-08-26	tropics	106457
2036-09-02	north	991
2036-09-02	south	65078
2036-09-02	tropics	94951
2036-09-09	north	780
2036-09-09	south	42543
2036-09-09	tropics	86040
2036-09-17	north	692
2036-09-17	south	27610
2036-09-17	tropics	76720
2036-09-24	north	606
2036-09-24	south	17337
2036-09-24	tropics	69033
2036-09-30	north	537
2036-09-30	south	10934
2036-09-30	tropics	62958
2036-10-07	north	561
2036-10-07	south	6855
2036-10-07	tropics	55558
2036-10-14	north	486
2036-10-14	south	4380
2036-10-14	tropics	49414
2036-10-22	north	391
2036-10-22	south	2673
2036-10-22	tropics	44543
2036-10-29	north	421
2036-10-29	south	1688
2036-10-29	tropics	40578
2036-11-05	north	512
2036-11-05	south	1030
2036-11-05	tropics	36682
2036-11-11	north	546
2036-11-11	south	673
2036-11-11	tropics	33756
2036-11-18	north	656
2036-11-18	south	470
2036-11-18	tropics	31252
2036-11-25	north	650
2036-11-25	south	346
2036-11-25	tropics	29426
2036-12-03	north	685
2036-12-03	south	237
2036-12-03	tropics	27343
2036-12-10	north	781
2036-12-10	south	157
2036-12-10	tropics	25964
2036-12-17	north	884
2036-12-17	south	125
2036-12-17	tropics	24656
2036-12-23	north	993
2036-12-23	south	88
2036-12-23	tropics	24539
2036-12-30	north	1065
2036-12-30	south	52
2036-12-30	tropics	24334
2037-01-06	north	1156
2037-01-06	south	32
2037-01-06	tropics	24354
2037-01-14	north	1342
2037-01-14	south	49
2037-01-14	tropics	25693
2037-01-21	north	1567
2037-01-21	south	44
2037-01-21	tropics	26915
2037-01-28	north	1880
2037-01-28	south	56
2037-01-28	tropics	28789
2037-02-03	north	2081
2037-02-03	south	69
2037-02-03	tropics	31518
2037-02-10	north	2354
2037-02-10	south	82
2037-02-10	tropics	34186
2037-02-18	north	2650
2037-02-18	south	78
2037-02-18	tropics	37759
2037-02-25	north	2944
2037-02-25	south	83
2037-02-25	tropics	40802
2037-03-04	north	3155
2037-03-04	south	104
2037-03-04	tropics	45657
2037-03-11	north	3594
2037-03-11	south	85
2037-03-11	tropics	50899
2037-03-17	north	3917
2037-03-17	south	155
2037-03-17	tropics	56761
2037-03-24	north	3934
2037-03-24	south	133
2037-03-24	tropics	63371
2037-04-01	north	3828
2037-04-01	south	232
2037-04-01	tropics	70722
2037-04-08	north	3890
2037-04-08	south	245
2037-04-08	tropics	78075
2037-04-15	north	3800
2037-04-15	south	290
2037-04-15	tropics	86014
2037-04-22	north	3557
2037-04-22	south	347
2037-04-22	tropics	95875
2037-04-28	north	3429
2037-04-28	south	442
2037-04-28	tropics	106326
2037-05-05	north	3158
2037-05-05	south	564
2037-05-05	tropics	116894
2037-05-13	north	3145
2037-05-13	south	617
2037-05-13	tropics	126441
2037-05-20	north	2785
2037-05-20	south	675
2037-05-20	tropics	136201
2037-05-27	north	2679
2037-05-27	south	823
2037-05-27	tropics	147419
2037-06-03	north	2490
2037-06-03	south	978
2037-06-03	tropics	157129
2037-06-09	north	2112
2037-06-09	south	1175
2037-06-09	tropics	166106
2037-06-16	north	1889
2037-06-16	south	1429
2037-06-16	tropics	172853
2037-06-24	north	1705
2037-06-24	south	1560
2037-06-24	tropics	179416
2037-07-01	north	1663
2037-07-01	south	1831
2037-07-01	tropics	183271
2037-07-08	north	1558
2037-07-08	south	2011
2037-07-08	tropics	187577
2037-07-15	north	1549
2037-07-15	south	2158
2037-07-15	tropics	188352
2037-07-21	north	1494
2037-07-21	south	2460
2037-07-21	tropics	187938
2037-07-29	north	1339
2037-07-29	south	2721
2037-07-29	tropics	183209
2037-08-05	north	1289
2037-08-05	south	2818
2037-08-05	tropics	177961
2037-08-12	north	1336
2037-08-12	south	2924
2037-08-12	tropics	172608
2037-08-19	north	1399
2037-08-19	south	2938
2037-08-19	tropics	164647
2037-08-26	north	1477
2037-08-26	south	2781
2037-08-26	tropics	154976
2037-09-01	north	1703
2037-09-01	south	2547
2037-09-01	tropics	146288
2037-09-09	north	1617
2037-09-09	south	2466
2037-09-09	tropics	136766
2037-09-16	north	1691
2037-09-16	south	2368
2037-09-16	tropics	126756
2037-09-23	north	1813
2037-09-23	south	2251
2037-09-23	tropics	116503
2037-09-30	north	1967
2037-09-30	south	1773
2037-09-30	tropics	106871
2037-10-07	north	2246
2037-10-07	south	1593
2037-10-07	tropics	96813
2037-10-14	north	2449
2037-10-14	south	1289
2037-10-14	tropics	87524
2037-10-21	north	2724
2037-10-21	south	1007
2037-10-21	tropics	79106
2037-10-28	north	3089
2037-10-28	south	822
2037-10-28	tropics	71287
2037-11-04	north	3657
2037-11-04	south	707
2037-11-04	tropics	64086
2037-11-11	north	4233
2037-11-11	south	595
2037-11-11	tropics	57691
2037-11-18	north	5013
2037-11-18	south	482
2037-11-18	tropics	51024
2037-11-25	north	6088
2037-11-25	south	379
2037-11-25	tropics	45820
2037-12-02	north	7648
2037-12-02	south	295
2037-12-02	tropics	40424
2037-12-09	north	9818
2037-12-09	south	211
2037-12-09	tropics	36034
2037-12-16	north	12537
2037-12-16	south	202
2037-12-16	tropics	32167
2037-12-23	north	16163
2037-12-23	south	157
2037-12-23	tropics	28500
2037-12-30	north	21712
2037-12-30	south	172
2037-12-30	tropics	25452
2038-01-06	north	27890
2038-01-06	south	158
2038-01-06	tropics	22887
2038-01-13	north	35871
2038-01-13	south	153
2038-01-13	tropics	20335
2038-01-20	north	45877
2038-01-20	south	156
2038-01-20	tropics	17890
2038-01-27	north	58407
2038-01-27	south	198
2038-01-27	tropics	15940
2038-02-03	north	75433
2038-02-03	south	214
2038-02-03	tropics	14420
2038-02-10	north	94885
2038-02-10	south	233
2038-02-10	tropics	13149
2038-02-17	north	116971
2038-02-17	south	337
2038-02-17	tropics	11629
2038-02-24	north	141162
2038-02-24	south	441
2038-02-24	tropics	10214
2038-03-03	north	167042
2038-03-03	south	547
2038-03-03	tropics	9515
2038-03-10	north	191629
2038-03-10	south	592
2038-03-10	tropics	9005
2038-03-17	north	212177
2038-03-17	south	742
2038-03-17	tropics	8422
2038-03-24	north	227260
2038-03-24	south	860
2038-03-24	tropics	8109
2038-03-31	north	238500
2038-03-31	south	1144
2038-03-31	tropics	7545
2038-04-07	north	239097
2038-04-07	south	1454
2038-04-07	tropics	7551
2038-04-14	north	230295
2038-04-14	south	1725
2038-04-14	tropics	7505
2038-04-21	north	217232
2038-04-21	south	2091
2038-04-21	tropics	7343
2038-04-28	north	199755
2038-04-28	south	2180
2038-04-28	tropics	7170
2038-05-05	north	177502
2038-05-05	south	2599
2038-05-05	tropics	6924
2038-05-12	north	154657
2038-05-12	south	2964
2038-05-12	tropics	6785
2038-05-19	north	130571
2038-05-19	south	3607
2038-05-19	tropics	6509
2038-05-26	north	108495
2038-05-26	south	4751
2038-05-26	tropics	6547
2038-06-02	north	89170
2038-06-02	south	5785
2038-06-02	tropics	6331
2038-06-09	north	72969
2038-06-09	south	6864
2038-06-09	tropics	6301
2038-06-16	north	58372
2038-06-16	south	8288
2038-06-16	tropics	6129
2038-06-23	north	47218
2038-06-23	south	9961
2038-06-23	tropics	6406
2038-06-30	north	37167
2038-06-30	south	12058
2038-06-30	tropics	6358
2038-07-07	north	30087
2038-07-07	south	14293
2038-07-07	tropics	6354
2038-07-14	north	24216
2038-07-14	south	17411
2038-07-14	tropics	6190
2038-07-21	north	19747
2038-07-21	south	20866
2038-07-21	tropics	6009
2038-07-28	north	16632
2038-07-28	south	24397
2038-07-28	tropics	5971
2038-08-04	north	14072
2038-08-04	south	28528
2038-08-04	tropics	6375
2038-08-11	north	11776
2038-08-11	south	32877
2038-08-11	tropics	6495
2038-08-18	north	10152
2038-08-18	south	37912
2038-08-18	tropics	6345
2038-08-25	north	8909
2038-08-25	south	42957
2038-08-25	tropics	6271
2038-09-01	north	7927
2038-09-01	south	46570
2038-09-01	tropics	6580
2038-09-08	north	7492
2038-09-08	south	50540
2038-09-08	tropics	6541
2038-09-15	north	7148
2038-09-15	south	52493
2038-09-15	tropics	6844
2038-09-22	north	7191
2038-09-22	south	53292
2038-09-22	tropics	6984
2038-09-29	north	7075
2038-09-29	south	53906
2038-09-29	tropics	7475
2038-10-06	north	6944
2038-10-06	south	51944
2038-10-06	tropics	7969
2038-10-13	north	7738
2038-10-13	south	49525
2038-10-13	tropics	8153
2038-10-20	north	8501
2038-10-20	south	45662
2038-10-20	tropics	8732
2038-10-27	north	9153
2038-10-27	south	40642
2038-10-27	tropics	9314
2038-11-03	north	10274
2038-11-03	south	35428
2038-11-03	tropics	9673
2038-11-10	north	11605
2038-11-10	south	30653
2038-11-10	tropics	10680
2038-11-17	north	14002
2038-11-17	south	25908
2038-11-17	tropics	11225
2038-11-24	north	16806
2038-11-24	south	20891
2038-11-24	tropics	11527
2038-12-01	north	20209
2038-12-01	south	16748
2038-12-01	tropics	12297
2038-12-08	north	23945
2038-12-08	south	13332
2038-12-08	tropics	12981
2038-12-15	north	28846
2038-12-15	south	10572
2038-12-15	tropics	13459
2038-12-22	north	36424
2038-12-22	south	8463
2038-12-22	tropics	13927
2038-12-29	north	45229
2038-12-29	south	6601
2038-12-29	tropics	14676
2039-01-05	north	56420
2039-01-05	south	5347
2039-01-05	tropics	15430
2039-01-12	north	68871
2039-01-12	south	4139
2039-01-12	tropics	15905
2039-01-19	north	84078
2039-01-19	south	3401
2039-01-19	tropics	17108
2039-01-26	north	100474
2039-01-26	south	2959
2039-01-26	tropics	17691
2039-02-02	north	120498
2039-02-02	south	2503
2039-02-02	tropics	18153
2039-02-09	north	140774
2039-02-09	south	2160
2039-02-09	tropics	18339
2039-02-16	north	160594
2039-02-16	south	2039
2039-02-16	tropics	19932
2039-02-23	north	176199
2039-02-23	south	1959
2039-02-23	tropics	20646
2039-03-02	north	188211
2039-03-02	south	1845
2039-03-02	tropics	21807
2039-03-09	north	195580
2039-03-09	south	1803
2039-03-09	tropics	23007
2039-03-16	north	195131
2039-03-16	south	1964
2039-03-16	tropics	24644
2039-03-23	north	188742
2039-03-23	south	2209
2039-03-23	tropics	26000
2039-03-30	north	176503
2039-03-30	south	2341
2039-03-30	tropics	27616
2039-04-06	north	160495
2039-04-06	south	2685
2039-04-06	tropics	28852
2039-04-13	north	140089
2039-04-13	south	2867
2039-04-13	tropics	30436
2039-04-20	north	119515
2039-04-20	south	3150
2039-04-20	tropics	31636
2039-04-27	north	99159
2039-04-27	south	3533
2039-04-27	tropics	33632
2039-05-04	north	79839
2039-05-04	south	4120
2039-05-04	tropics	35982
2039-05-11	north	63007
2039-05-11	south	4587
2039-05-11	tropics	37868
2039-05-18	north	48843
2039-05-18	south	5405
2039-05-18	tropics	39446
2039-05-25	north	37364
2039-05-25	south	6521
2039-05-25	tropics	40904
2039-06-01	north	28551
2039-06-01	south	8113
2039-06-01	tropics	42195
2039-06-08	north	21534
2039-06-08	south	9978
2039-06-08	tropics	43434
2039-06-15	north	16290
2039-06-15	south	12152
2039-06-15	tropics	44660
2039-06-22	north	12422
2039-06-22	south	15470
2039-06-22	tropics	45849
2039-06-29	north	9265
2039-06-29	south	19832
2039-06-29	tropics	46827
2039-07-06	north	6985
2039-07-06	south	25244
2039-07-06	tropics	47901
2039-07-13	north	5175
2039-07-13	south	31628
2039-07-13	tropics	49749
2039-07-20	north	3863
2039-07-20	south	39821
2039-07-20	tropics	50891
2039-07-27	north	2972
2039-07-27	south	49902
2039-07-27	tropics	52390
2039-08-03	north	2359
2039-08-03	south	60148
2039-08-03	tropics	53746
2039-08-10	north	1789
2039-08-10	south	72334
2039-08-10	tropics	54544
2039-08-17	north	1683
2039-08-17	south	85777
2039-08-17	tropics	56241
2039-08-24	north	1562
2039-08-24	south	98799
2039-08-24	tropics	57167
2039-08-31	north	1371
2039-08-31	south	112538
2039-08-31	tropics	58079
2039-09-07	north	1257
2039-09-07	south	123780
2039-09-07	tropics	58901
2039-09-14	north	1301
2039-09-14	south	131931
2039-09-14	tropics	59962
2039-09-21	north	1386
2039-09-21	south	134916
2039-09-21	tropics	61767
2039-09-28	north	1448
2039-09-28	south	136185
2039-09-28	tropics	62438
2039-10-05	north	1681
2039-10-05	south	132990
2039-10-05	tropics	62805
2039-10-12	north	1887
2039-10-12	south	125931
2039-10-12	tropics	63935
2039-10-19	north	2199
2039-10-19	south	115262
2039-10-19	tropics	63913
2039-10-26	north	2467
2039-10-26	south	102498
2039-10-26	tropics	64326
2039-11-02	north	2868
2039-11-02	south	89816
2039-11-02	tropics	65974
2039-11-09	north	3121
2039-11-09	south	76320
2039-11-09	tropics	64853
2039-11-16	north	3650
2039-11-16	south	64909
2039-11-16	tropics	65396
2039-11-23	north	4331
2039-11-23	south	52539
2039-11-23	tropics	66048
2039-11-30	north	5148
2039-11-30	south	42370
2039-11-30	tropics	66544
2039-12-07	north	6046
2039-12-07	south	33993
2039-12-07	tropics	66654
2039-12-14	north	7167
2039-12-14	south	26638
2039-12-14	tropics	66834
2039-12-21	north	8322
2039-12-21	south	20947
2039-12-21	tropics	66656
2039-12-28	north	9407
2039-12-28	south	16194
2039-12-28	tropics	65982
2040-01-04	north	10775
2040-01-04	south	12938
2040-01-04	tropics	65861
2040-01-11	north	12414
2040-01-11	south	10366
2040-01-11	tropics	65798
2040-01-18	north	14306
2040-01-18	south	8102
2040-01-18	tropics	64159
2040-01-25	north	16705
2040-01-25	south	6699
2040-01-25	tropics	64259
2040-02-01	north	19315
2040-02-01	south	5391
2040-02-01	tropics	63121
2040-02-08	north	21907
2040-02-08	south	4456
2040-02-08	tropics	63001
2040-02-15	north	24022
2040-02-15	south	3921
2040-02-15	tropics	61828
2040-02-22	north	26719
2040-02-22	south	3577
2040-02-22	tropics	61398
2040-02-29	north	28095
2040-02-29	south	3354
2040-02-29	tropics	59869
2040-03-07	north	29683
2040-03-07	south	3013
2040-03-07	tropics	58761
2040-03-14	north	30524
2040-03-14	south	2808
2040-03-14	tropics	58634
2040-03-21	north	30745
2040-03-21	south	2867
2040-03-21	tropics	56749
2040-03-28	north	29877
2040-03-28	south	2854
2040-03-28	tropics	55729
2040-04-04	north	28623
2040-04-04	south	3025
2040-04-04	tropics	53805
2040-04-11	north	26374
2040-04-11	south	3157
2040-04-11	tropics	53040
2040-04-18	north	24187
2040-04-18	south	3480
2040-04-18	tropics	51029
2040-04-25	north	21197
2040-04-25	south	3572
2040-04-25	tropics	50313
2040-05-02	north	18995
2040-05-02	south	3859
2040-05-02	tropics	48091
2040-05-09	north	16248
2040-05-09	south	4502
2040-05-09	tropics	47488
2040-05-16	north	13544
2040-05-16	south	5016
2040-05-16	tropics	45242
2040-05-23	north	11361
2040-05-23	south	5894
2040-05-23	tropics	43133
2040-05-30	north	9071
2040-05-30	south	6843
2040-05-30	tropics	41503
2040-06-06	north	7382
2040-06-06	south	8164
2040-06-06	tropics	40451
2040-06-13	north	6001
2040-06-13	south	10107
2040-06-13	tropics	39150
2040-06-21	north	4970
2040-06-21	south	12473
2040-06-21	tropics	38698
2040-06-27	north	3794
2040-06-27	south	15824
2040-06-27	tropics	37561
2040-07-04	north	2978
2040-07-04	south	19248
2040-07-04	tropics	36814
2040-07-11	north	2518
2040-07-11	south	23510
2040-07-11	tropics	36032
2040-07-18	north	1979
2040-07-18	south	29040
2040-07-18	tropics	34704
2040-07-25	north	1728
2040-07-25	south	36037
2040-07-25	tropics	33525
2040-08-02	north	1324
2040-08-02	south	43935
2040-08-02	tropics	33091
2040-08-08	north	1248
2040-08-08	south	52961
2040-08-08	tropics	32108
2040-08-15	north	1190
2040-08-15	south	62914
2040-08-15	tropics	31100
2040-08-22	north	1073
2040-08-22	south	72105
2040-08-22	tropics	29905
2040-08-29	north	1041
2040-08-29	south	81743
2040-08-29	tropics	29091
2040-09-06	north	1141
2040-09-06	south	89707
2040-09-06	tropics	28340
2040-09-13	north	1154
2040-09-13	south	98311
2040-09-13	tropics	27388
2040-09-19	north	1302
2040-09-19	south	105379
2040-09-19	tropics	27098
2040-09-26	north	1406
2040-09-26	south	109733
2040-09-26	tropics	26174
2040-10-03	north	1712
2040-10-03	south	111138
2040-10-03	tropics	25947
2040-10-10	north	1932
2040-10-10	south	109428
2040-10-10	tropics	25612
2040-10-17	north	2282
2040-10-17	south	105583
2040-10-17	tropics	25329
2040-10-25	north	2759
2040-10-25	south	99441
2040-10-25	tropics	24706
2040-11-01	north	3522
2040-11-01	south	92794
2040-11-01	tropics	24077
2040-11-07	north	4451
2040-11-07	south	84030
2040-11-07	tropics	24730
2040-11-14	north	5656
2040-11-14	south	74916
2040-11-14	tropics	24374
2040-11-21	north	7057
2040-11-21	south	65303
2040-11-21	tropics	24273
2040-11-29	north	9569
2040-11-29	south	55951
2040-11-29	tropics	24444
2040-12-06	north	12736
2040-12-06	south	48092
2040-12-06	tropics	24736
2040-12-13	north	17673
2040-12-13	south	41053
2040-12-13	tropics	24929
2040-12-19	north	24470
2040-12-19	south	34376
2040-12-19	tropics	25525
2040-12-26	north	34427
2040-12-26	south	29099
2040-12-26	tropics	26255
2041-01-03	north	49550
2041-01-03	south	24268
2041-01-03	tropics	26873
2041-01-10	north	69509
2041-01-10	south	20610
2041-01-10	tropics	27991
2041-01-17	north	97812
2041-01-17	south	17477
2041-01-17	tropics	29094
2041-01-24	north	136892
2041-01-24	south	15396
2041-01-24	tropics	30509
2041-01-30	north	188306
2041-01-30	south	13704
2041-01-30	tropics	31789
2041-02-06	north	253208
2041-02-06	south	12764
2041-02-06	tropics	33764
2041-02-13	north	326354
2041-02-13	south	11894
2041-02-13	tropics	35961
2041-02-21	north	407094
2041-02-21	south	10996
2041-02-21	tropics	38157
2041-02-28	north	479427
2041-02-28	south	10862
2041-02-28	tropics	40676
2041-03-07	north	537292
2041-03-07	south	11093
2041-03-07	tropics	43710
2041-03-13	north	565229
2041-03-13	south	11523
2041-03-13	tropics	46724
2041-03-20	north	559013
2041-03-20	south	12533
2041-03-20	tropics	50456
2041-03-28	north	524898
2041-03-28	south	13864
2041-03-28	tropics	54986
2041-04-04	north	468970
2041-04-04	south	15814
2041-04-04	tropics	58980
2041-04-11	north	399803
2041-04-11	south	18483
2041-04-11	tropics	63771
2041-04-18	north	325141
2041-04-18	south	21028
2041-04-18	tropics	68785
2041-04-24	north	256858
2041-04-24	south	25554
2041-04-24	tropics	74810
2041-05-01	north	195969
2041-05-01	south	30877
2041-05-01	tropics	80670
2041-05-09	north	146288
2041-05-09	south	37590
2041-05-09	tropics	85435
2041-05-16	north	106116
2041-05-16	south	47175
2041-05-16	tropics	90991
2041-05-23	north	75686
2041-05-23	south	59165
2041-05-23	tropics	95823
2041-05-30	north	53902
2041-05-30	south	76263
2041-05-30	tropics	101112
2041-06-05	north	37341
2041-06-05	south	97037
2041-06-05	tropics	105875
2041-06-13	north	26657
2041-06-13	south	126261
2041-06-13	tropics	110850
2041-06-20	north	18122
2041-06-20	south	163000
2041-06-20	tropics	115148
2041-06-27	north	12644
2041-06-27	south	209287
2041-06-27	tropics	118892
2041-07-04	north	9114
2041-07-04	south	268491
2041-07-04	tropics	122594
2041-07-11	north	6649
2041-07-11	south	333153
2041-07-11	tropics	126419
2041-07-18	north	5259
2041-07-18	south	400565
2041-07-18	tropics	127890
2041-07-25	north	4151
2041-07-25	south	467317
2041-07-25	tropics	130711
2041-08-01	north	3520
2041-08-01	south	523279
2041-08-01	tropics	131239
2041-08-08	north	3057
2041-08-08	south	559734
2041-08-08	tropics	131542
2041-08-15	north	2774
2041-08-15	south	568675
2041-08-15	tropics	131440
2041-08-22	north	2610
2041-08-22	south	550405
2041-08-22	tropics	129289
2041-08-28	north	2519
2041-08-28	south	507049
2041-08-28	tropics	126706
2041-09-05	north	2483
2041-09-05	south	445621
2041-09-05	tropics	123389
2041-09-12	north	2536
2041-09-12	south	379798
2041-09-12	tropics	119727
2041-09-19	north	2501
2041-09-19	south	309122
2041-09-19	tropics	114882
2041-09-26	north	2446
2041-09-26	south	244315
2041-09-26	tropics	110363
2041-10-03	north	2275
2041-10-03	south	185879
2041-10-03	tropics	105931
2041-10-10	north	2299
2041-10-10	south	139470
2041-10-10	tropics	100770
2041-10-17	north	2165
2041-10-17	south	103290
2041-10-17	tropics	95342
2041-10-24	north	2107
2041-10-24	south	74377
2041-10-24	tropics	90149
2041-10-31	north	2091
2041-10-31	south	52674
2041-10-31	tropics	84906
2041-11-07	north	2226
2041-11-07	south	36602
2041-11-07	tropics	79410
2041-11-14	north	2191
2041-11-14	south	25154
2041-11-14	tropics	73678
2041-11-21	north	2312
2041-11-21	south	17565
2041-11-21	tropics	69605
2041-11-28	north	2362
2041-11-28	south	11610
2041-11-28	tropics	64049
2041-12-05	north	2477
2041-12-05	south	7779
2041-12-05	tropics	59806
2041-12-12	north	2866
2041-12-12	south	5251
2041-12-12	tropics	55517
2041-12-19	north	3066
2041-12-19	south	3351
2041-12-19	tropics	51812
2041-12-26	north	3389
2041-12-26	south	2428
2041-12-26	tropics	48131
2042-01-02	north	3648
2042-01-02	south	1652
2042-01-02	tropics	43942
2042-01-09	north	4174
2042-01-09	south	1045
2042-01-09	tropics	41047
2042-01-16	north	4492
2042-01-16	south	749
2042-01-16	tropics	37573
2042-01-23	north	5252
2042-01-23	south	542
2042-01-23	tropics	34406
2042-01-30	north	5605
2042-01-30	south	425
2042-01-30	tropics	31859
2042-02-06	north	5802
2042-02-06	south	282
2042-02-06	tropics	29033
2042-02-13	north	6062
2042-02-13	south	234
2042-02-13	tropics	27516
2042-02-20	north	6252
2042-02-20	south	215
2042-02-20	tropics	25753
2042-02-27	north	6232
2042-02-27	south	172
2042-02-27	tropics	24437
2042-03-06	north	6095
2042-03-06	south	163
2042-03-06	tropics	23036
2042-03-13	north	6088
2042-03-13	south	129
2042-03-13	tropics	20590
2042-03-20	north	5711
2042-03-20	south	127
2042-03-20	tropics	19978
2042-03-27	north	5535
2042-03-27	south	97
2042-03-27	tropics	18354
2042-04-03	north	5270
2042-04-03	south	104
2042-04-03	tropics	17127
2042-04-10	north	4921
2042-04-10	south	123
2042-04-10	tropics	16238
2042-04-17	north	4605
2042-04-17	south	128
2042-04-17	tropics	15384
2042-04-24	north	4055
2042-04-24	south	122
2042-04-24	tropics	14672
2042-05-01	north	3318
2042-05-01	south	158
2042-05-01	tropics	14347
2042-05-08	north	2684
2042-05-08	south	120
2042-05-08	tropics	13657
2042-05-15	north	2124
2042-05-15	south	186
2042-05-15	tropics	12854
2042-05-22	north	1761
2042-05-22	south	168
2042-05-22	tropics	12357
2042-05-29	north	1446
2042-05-29	south	172
2042-05-29	tropics	11956
2042-06-05	north	1045
2042-06-05	south	163
2042-06-05	tropics	11953
2042-06-12	north	791
2042-06-12	south	201
2042-06-12	tropics	12089
2042-06-19	north	735
2042-06-19	south	185
2042-06-19	tropics	12077
2042-06-26	north	615
2042-06-26	south	243
2042-06-26	tropics	11535
2042-07-03	north	587
2042-07-03	south	215
2042-07-03	tropics	11174
2042-07-10	north	462
2042-07-10	south	239
2042-07-10	tropics	11374
2042-07-17	north	382
2042-07-17	south	223
2042-07-17	tropics	11016
2042-07-24	north	280
2042-07-24	south	282
2042-07-24	tropics	10896
2042-07-31	north	226
2042-07-31	south	284
2042-07-31	tropics	11131
2042-08-07	north	227
2042-08-07	south	291
2042-08-07	tropics	11424
2042-08-14	north	185
2042-08-14	south	349
2042-08-14	tropics	11814
2042-08-21	north	128
2042-08-21	south	252
2042-08-21	tropics	12128
2042-08-28	north	113
2042-08-28	south	275
2042-08-28	tropics	12433
2042-09-04	north	112
2042-09-04	south	293
2042-09-04	tropics	12607
2042-09-11	north	111
2042-09-11	south	330
2042-09-11	tropics	12756
2042-09-18	north	106
2042-09-18	south	324
2042-09-18	tropics	13372
2042-09-25	north	132
2042-09-25	south	281
2042-09-25	tropics	13459
2042-10-02	north	101
2042-10-02	south	298
2042-10-02	tropics	13525
2042-10-09	north	92
2042-10-09	south	196
2042-10-09	tropics	13375
2042-10-16	north	105
2042-10-16	south	136
2042-10-16	tropics	13630
2042-10-23	north	183
2042-10-23	south	137
2042-10-23	tropics	14434
2042-10-30	north	207
2042-10-30	south	149
2042-10-30	tropics	14651
2042-11-06	north	254
2042-11-06	south	170
2042-11-06	tropics	15027
2042-11-13	north	298
2042-11-13	south	110
2042-11-13	tropics	16170
2042-11-20	north	369
2042-11-20	south	141
2042-11-20	tropics	17040
2042-11-27	north	380
2042-11-27	south	125
2042-11-27	tropics	18505
2042-12-04	north	517
2042-12-04	south	112
2042-12-04	tropics	19324
2042-12-11	north	666
2042-12-11	south	126
2042-12-11	tropics	20222
2042-12-18	north	741
2042-12-18	south	116
2042-12-18	tropics	21091
2042-12-25	north	875
2042-12-25	south	103
2042-12-25	tropics	22149
2043-01-01	north	1209
2043-01-01	south	91
2043-01-01	tropics	23585
2043-01-08	north	1521
2043-01-08	south	128
2043-01-08	tropics	25354
2043-01-15	north	2017
2043-01-15	south	95
2043-01-15	tropics	26791
2043-01-22	north	2635
2043-01-22	south	150
2043-01-22	tropics	28617
2043-01-29	north	3104
2043-01-29	south	142
2043-01-29	tropics	31681
2043-02-05	north	4011
2043-02-05	south	153
2043-02-05	tropics	34203
2043-02-12	north	4926
2043-02-12	south	206
2043-02-12	tropics	36670
2043-02-19	north	5926
2043-02-19	south	220
2043-02-19	tropics	40287
2043-02-26	north	6724
2043-02-26	south	206
2043-02-26	tropics	43898
2043-03-05	north	7719
2043-03-05	south	192
2043-03-05	tropics	47737
2043-03-12	north	9123
2043-03-12	south	220
2043-03-12	tropics	52048
2043-03-19	north	10576
2043-03-19	south	252
2043-03-19	tropics	56752
2043-03-26	north	12176
2043-03-26	south	332
2043-03-26	tropics	63931
2043-04-02	north	13600
2043-04-02	south	504
2043-04-02	tropics	70973
2043-04-09	north	14291
2043-04-09	south	559
2043-04-09	tropics	77513
2043-04-16	north	15321
2043-04-16	south	749
2043-04-16	tropics	84403
2043-04-23	north	15820
2043-04-23	south	868
2043-04-23	tropics	93832
2043-04-30	north	15898
2043-04-30	south	1158
2043-04-30	tropics	102897
2043-05-07	north	15658
2043-05-07	south	1490
2043-05-07	tropics	112641
2043-05-14	north	14838
2043-05-14	south	2005
2043-05-14	tropics	122591
2043-05-21	north	14005
2043-05-21	south	2830
2043-05-21	tropics	133197
2043-05-28	north	12948
2043-05-28	south	3693
2043-05-28	tropics	143262
2043-06-04	north	11768
2043-06-04	south	4578
2043-06-04	tropics	152258
2043-06-11	north	10901
2043-06-11	south	5973
2043-06-11	tropics	162220
2043-06-18	north	9909
2043-06-18	south	8712
2043-06-18	tropics	170790
2043-06-25	north	8922
2043-06-25	south	11631
2043-06-25	tropics	179955
2043-07-02	north	8005
2043-07-02	south	15291
2043-07-02	tropics	186973
2043-07-09	north	7117
2043-07-09	south	20305
2043-07-09	tropics	190438
2043-07-16	north	6498
2043-07-16	south	26711
2043-07-16	tropics	193688
2043-07-23	north	6155
2043-07-23	south	33726
2043-07-23	tropics	192830
2043-07-30	north	6252
2043-07-30	south	42634
2043-07-30	tropics	194010
2043-08-06	north	6230
2043-08-06	south	54109
2043-08-06	tropics	192786
2043-08-13	north	5979
2043-08-13	south	64853
2043-08-13	tropics	186131
2043-08-20	north	6371
2043-08-20	south	77350
2043-08-20	tropics	179462
2043-08-27	north	6514
2043-08-27	south	91080
2043-08-27	tropics	170325
2043-09-03	north	6905
2043-09-03	south	103418
2043-09-03	tropics	162476
2043-09-10	north	7567
2043-09-10	south	114353
2043-09-10	tropics	153770
2043-09-17	north	8333
2043-09-17	south	123867
2043-09-17	tropics	143463
2043-09-24	north	9550
2043-09-24	south	129692
2043-09-24	tropics	132508
2043-10-01	north	11571
2043-10-01	south	129817
2043-10-01	tropics	122139
2043-10-08	north	13796
2043-10-08	south	125759
2043-10-08	tropics	111349
2043-10-15	north	16680
2043-10-15	south	120041
2043-10-15	tropics	101561
2043-10-22	north	20905
2043-10-22	south	109812
2043-10-22	tropics	92121
2043-10-29	north	26205
2043-10-29	south	97224
2043-10-29	tropics	83161
2043-11-05	north	34101
2043-11-05	south	84885
2043-11-05	tropics	74409
2043-11-12	north	44988
2043-11-12	south	71893
2043-11-12	tropics	66540
2043-11-19	north	61188
2043-11-19	south	59223
2043-11-19	tropics	59968
2043-11-26	north	83412
2043-11-26	south	48139
2043-11-26	tropics	54321
2043-12-03	north	114256
2043-12-03	south	38684
2043-12-03	tropics	48647
2043-12-10	north	156330
2043-12-10	south	31038
2043-12-10	tropics	43452
2043-12-17	north	214561
2043-12-17	south	24698
2043-12-17	tropics	39395
2043-12-24	north	291074
2043-12-24	south	19777
2043-12-24	tropics	36449
2043-12-31	north	387792
2043-12-31	south	15792
2043-12-31	tropics	32419
2044-01-07	north	499353
2044-01-07	south	12484
2044-01-07	tropics	29583
2044-01-14	north	616745
2044-01-14	south	10724
2044-01-14	tropics	27159
2044-01-21	north	718440
2044-01-21	south	9334
2044-01-21	tropics	25053
2044-01-28	north	793196
2044-01-28	south	8673
2044-01-28	tropics	23025
2044-02-04	north	816824
2044-02-04	south	7785
2044-02-04	tropics	21305
2044-02-11	north	784476
2044-02-11	south	7371
2044-02-11	tropics	20462
2044-02-18	north	710494
2044-02-18	south	6874
2044-02-18	tropics	19813
2044-02-25	north	610341
2044-02-25	south	6445
2044-02-25	tropics	18529
2044-03-03	north	496123
2044-03-03	south	6251
2044-03-03	tropics	17711
2044-03-10	north	388079
2044-03-10	south	6195
2044-03-10	tropics	16480
2044-03-17	north	294136
2044-03-17	south	6135
2044-03-17	tropics	15294
2044-03-24	north	214475
2044-03-24	south	5988
2044-03-24	tropics	14807
2044-03-31	north	152914
2044-03-31	south	6333
2044-03-31	tropics	13112
2044-04-07	north	106799
2044-04-07	south	6586
2044-04-07	tropics	12486
2044-04-14	north	73440
2044-04-14	south	6750
2044-04-14	tropics	11551
2044-04-21	north	49615
2044-04-21	south	7366
2044-04-21	tropics	10823
2044-04-28	north	32612
2044-04-28	south	7731
2044-04-28	tropics	10253
2044-05-06	north	21066
2044-05-06	south	8582
2044-05-06	tropics	9881
2044-05-12	north	13486
2044-05-12	south	9895
2044-05-12	tropics	9413
2044-05-19	north	8720
2044-05-19	south	11273
2044-05-19	tropics	8975
2044-05-26	north	5373
2044-05-26	south	13745
2044-05-26	tropics	8663
2044-06-02	north	3306
2044-06-02	south	16368
2044-06-02	tropics	8398
2044-06-09	north	2113
2044-06-09	south	20054
2044-06-09	tropics	7751
2044-06-16	north	1324
2044-06-16	south	25049
2044-06-16	tropics	7210
2044-06-23	north	871
2044-06-23	south	31108
2044-06-23	tropics	6909
2044-06-30	north	564
2044-06-30	south	38521
2044-06-30	tropics	6882
2044-07-07	north	386
2044-07-07	south	48041
2044-07-07	tropics	6543
2044-07-14	north	265
2044-07-14	south	61312
2044-07-14	tropics	6687
2044-07-21	north	258
2044-07-21	south	75224
2044-07-21	tropics	6867
2044-07-29	north	195
2044-07-29	south	93433
2044-07-29	tropics	6837
2044-08-04	north	202
2044-08-04	south	113582
2044-08-04	tropics	6689
2044-08-11	north	233
2044-08-11	south	135298
2044-08-11	tropics	6710
2044-08-18	north	275
2044-08-18	south	160793
2044-08-18	tropics	7077
2044-08-25	north	419
2044-08-25	south	182895
2044-08-25	tropics	7322
2044-09-02	north	497
2044-09-02	south	204737
2044-09-02	tropics	7377
2044-09-09	north	584
2044-09-09	south	219848
2044-09-09	tropics	7769
2044-09-15	north	627
2044-09-15	south	227866
2044-09-15	tropics	7999
2044-09-22	north	662
2044-09-22	south	227798
2044-09-22	tropics	8557
2044-09-29	north	699
2044-09-29	south	218909
2044-09-29	tropics	8610
2044-10-06	north	720
2044-10-06	south	206182
2044-10-06	tropics	8969
2044-10-14	north	860
2044-10-14	south	188434
2044-10-14	tropics	9372
2044-10-21	north	871
2044-10-21	south	165968
2044-10-21	tropics	9864
2044-10-27	north	834
2044-10-27	south	142484
2044-10-27	tropics	10355
2044-11-03	north	955
2044-11-03	south	118560
2044-11-03	tropics	10546
2044-11-10	north	994
2044-11-10	south	96586
2044-11-10	tropics	10601
2044-11-18	north	970
2044-11-18	south	76041
2044-11-18	tropics	10516
2044-11-25	north	1028
2044-11-25	south	59029
2044-11-25	tropics	11045
2044-12-02	north	1009
2044-12-02	south	45148
2044-12-02	tropics	11183
2044-12-08	north	955
2044-12-08	south	33608
2044-12-08	tropics	11186
2044-12-15	north	938
2044-12-15	south	25670
2044-12-15	tropics	11345
2044-12-22	north	866
2044-12-22	south	19455
2044-12-22	tropics	11768
2044-12-29	north	826
2044-12-29	south	14550
2044-12-29	tropics	12131
2045-01-06	north	815
2045-01-06	south	11129
2045-01-06	tropics	12297
2045-01-13	north	866
2045-01-13	south	8336
2045-01-13	tropics	12562
2045-01-19	north	863
2045-01-19	south	6400
2045-01-19	tropics	12903
2045-01-26	north	785
2045-01-26	south	5035
2045-01-26	tropics	12917
2045-02-02	north	699
2045-02-02	south	3740
2045-02-02	tropics	13203
2045-02-10	north	714
2045-02-10	south	2998
2045-02-10	tropics	13247
2045-02-17	north	623
2045-02-17	south	2452
2045-02-17	tropics	13845
2045-02-24	north	594
2045-02-24	south	2152
2045-02-24	tropics	14031
2045-03-02	north	466
2045-03-02	south	1772
2045-03-02	tropics	14369
2045-03-09	north	472
2045-03-09	south	1496
2045-03-09	tropics	14582
2045-03-17	north	393
2045-03-17	south	1390
2045-03-17	tropics	15118
2045-03-24	north	333
2045-03-24	south	1361
2045-03-24	tropics	15558
2045-03-31	north	299
2045-03-31	south	1296
2045-03-31	tropics	16794
2045-04-07	north	277
2045-04-07	south	1237
2045-04-07	tropics	17047
2045-04-14	north	166
2045-04-14	south	1161
2045-04-14	tropics	17802
2045-04-20	north	142
2045-04-20	south	1281
2045-04-20	tropics	18408
2045-04-27	north	138
2045-04-27	south	1288
2045-04-27	tropics	18382
2045-05-05	north	110
2045-05-05	south	1418
2045-05-05	tropics	18893
2045-05-12	north	103
2045-05-12	south	1568
2045-05-12	tropics	19702
2045-05-19	north	131
2045-05-19	south	1662
2045-05-19	tropics	19875
2045-05-26	north	132
2045-05-26	south	2049
2045-05-26	tropics	20693
2045-06-01	north	115
2045-06-01	south	2373
2045-06-01	tropics	21365
2045-06-09	north	88
2045-06-09	south	3097
2045-06-09	tropics	22149
2045-06-16	north	101
2045-06-16	south	4099
2045-06-16	tropics	22544
2045-06-23	north	104
2045-06-23	south	5169
2045-06-23	tropics	23021
2045-06-30	north	96
2045-06-30	south	6198
2045-06-30	tropics	23507
2045-07-07	north	93
2045-07-07	south	8399
2045-07-07	tropics	24723
2045-07-14	north	95
2045-07-14	south	11068
2045-07-14	tropics	24937
2045-07-21	north	88
2045-07-21	south	14706
2045-07-21	tropics	25647
2045-07-28	north	108
2045-07-28	south	19829
2045-07-28	tropics	26761
2045-08-04	north	115
2045-08-04	south	25973
2045-08-04	tropics	27353
2045-08-11	north	165
2045-08-11	south	34529
2045-08-11	tropics	28566
2045-08-18	north	149
2045-08-18	south	45576
2045-08-18	tropics	29285
2045-08-25	north	229
2045-08-25	south	57875
2045-08-25	tropics	30605
2045-09-01	north	349
2045-09-01	south	72988
2045-09-01	tropics	31018
2045-09-08	north	437
2045-09-08	south	89869
2045-09-08	tropics	32197
2045-09-15	north	611
2045-09-15	south	107559
2045-09-15	tropics	33490
2045-09-22	north	799
2045-09-22	south	123975
2045-09-22	tropics	34050
2045-09-29	north	1004
2045-09-29	south	137781
2045-09-29	tropics	35439
2045-10-06	north	1132
2045-10-06	south	149508
2045-10-06	tropics	36062
2045-10-13	north	1474
2045-10-13	south	156265
2045-10-13	tropics	37582
2045-10-20	north	1965
2045-10-20	south	158776
2045-10-20	tropics	39299
2045-10-27	north	2500
2045-10-27	south	153848
2045-10-27	tropics	41162
2045-11-03	north	2949
2045-11-03	south	146817
2045-11-03	tropics	43383
2045-11-10	north	3856
2045-11-10	south	135507
2045-11-10	tropics	45417
2045-11-17	north	4629
2045-11-17	south	122141
2045-11-17	tropics	47317
2045-11-24	north	5848
2045-11-24	south	106488
2045-11-24	tropics	50594
2045-12-01	north	7634
2045-12-01	south	91462
2045-12-01	tropics	53725
2045-12-08	north	9573
2045-12-08	south	77861
2045-12-08	tropics	57865
2045-12-15	north	12134
2045-12-15	south	65403
2045-12-15	tropics	62749
2045-12-22	north	15433
2045-12-22	south	53778
2045-12-22	tropics	68864
2045-12-29	north	20205
2045-12-29	south	44278
2045-12-29	tropics	75290
2046-01-05	north	26407
2046-01-05	south	36074
2046-01-05	tropics	82233
2046-01-12	north	35412
2046-01-12	south	29864
2046-01-12	tropics	88498
2046-01-19	north	46402
2046-01-19	south	24909
2046-01-19	tropics	96227
2046-01-26	north	58670
2046-01-26	south	20818
2046-01-26	tropics	103545
2046-02-02	north	75149
2046-02-02	south	17706
2046-02-02	tropics	113042
2046-02-09	north	94437
2046-02-09	south	15151
2046-02-09	tropics	122685
2046-02-16	north	117707
2046-02-16	south	13331
2046-02-16	tropics	134493
2046-02-23	north	140951
2046-02-23	south	12381
2046-02-23	tropics	144885
2046-03-02	north	168102
2046-03-02	south	11473
2046-03-02	tropics	156074
2046-03-09	north	193733
2046-03-09	south	11009
2046-03-09	tropics	167842
2046-03-16	north	216305
2046-03-16	south	10746
2046-03-16	tropics	180902
2046-03-23	north	235321
2046-03-23	south	11255
2046-03-23	tropics	192179
2046-03-30	north	246523
2046-03-30	south	12086
2046-03-30	tropics	200396
2046-04-06	north	249706
2046-04-06	south	13584
2046-04-06	tropics	206315
2046-04-13	north	244208
2046-04-13	south	15714
2046-04-13	tropics	209870
2046-04-20	north	233748
2046-04-20	south	18112
2046-04-20	tropics	212456
2046-04-27	north	215325
2046-04-27	south	21945
2046-04-27	tropics	211221
2046-05-04	north	193991
2046-05-04	south	25742
2046-05-04	tropics	209490
2046-05-11	north	168343
2046-05-11	south	31976
2046-05-11	tropics	205408
2046-05-18	north	144583
2046-05-18	south	40528
2046-05-18	tropics	199372
2046-05-25	north	122985
2046-05-25	south	52685
2046-05-25	tropics	192742
2046-06-01	north	101559
2046-06-01	south	69397
2046-06-01	tropics	186188
2046-06-08	north	83377
2046-06-08	south	92453
2046-06-08	tropics	177182
2046-06-15	north	68172
2046-06-15	south	124850
2046-06-15	tropics	167119
2046-06-22	north	55266
2046-06-22	south	168654
2046-06-22	tropics	157338
2046-06-29	north	44578
2046-06-29	south	227994
2046-06-29	tropics	148988
2046-07-06	north	36179
2046-07-06	south	305147
2046-07-06	tropics	138955
2046-07-13	north	29436
2046-07-13	south	397542
2046-07-13	tropics	129564
2046-07-20	north	23941
2046-07-20	south	504845
2046-07-20	tropics	120247
2046-07-27	north	20418
2046-07-27	south	615056
2046-07-27	tropics	110940
2046-08-03	north	17712
2046-08-03	south	712557
2046-08-03	tropics	105011
2046-08-10	north	15562
2046-08-10	south	780148
2046-08-10	tropics	97390
2046-08-17	north	14174
2046-08-17	south	805295
2046-08-17	tropics	90832
2046-08-24	north	13062
2046-08-24	south	776716
2046-08-24	tropics	86717
2046-08-31	north	12480
2046-08-31	south	701826
2046-08-31	tropics	80089
2046-09-07	north	12327
2046-09-07	south	598888
2046-09-07	tropics	76139
2046-09-14	north	12096
2046-09-14	south	487939
2046-09-14	tropics	71971
2046-09-21	north	12190
2046-09-21	south	380978
2046-09-21	tropics	67216
2046-09-28	north	12564
2046-09-28	south	287702
2046-09-28	tropics	64642
2046-10-05	north	13034
2046-10-05	south	209905
2046-10-05	tropics	61866
2046-10-12	north	13614
2046-10-12	south	147987
2046-10-12	tropics	58897
2046-10-19	north	14913
2046-10-19	south	103313
2046-10-19	tropics	55778
2046-10-26	north	15828
2046-10-26	south	70870
2046-10-26	tropics	52560
2046-11-02	north	17719
2046-11-02	south	47047
2046-11-02	tropics	50489
2046-11-09	north	19967
2046-11-09	south	31083
2046-11-09	tropics	48034
2046-11-16	north	22956
2046-11-16	south	20741
2046-11-16	tropics	45641
2046-11-23	north	27183
2046-11-23	south	13274
2046-11-23	tropics	44108
2046-11-30	north	32349
2046-11-30	south	8340
2046-11-30	tropics	42559
2046-12-07	north	38333
2046-12-07	south	5337
2046-12-07	tropics	40756
2046-12-14	north	47045
2046-12-14	south	3383
2046-12-14	tropics	39412
2046-12-21	north	57884
2046-12-21	south	2067
2046-12-21	tropics	37981
2046-12-28	north	71605
2046-12-28	south	1356
2046-12-28	tropics	36221
2047-01-04	north	87562
2047-01-04	south	956
2047-01-04	tropics	34673
2047-01-11	north	104786
2047-01-11	south	658
2047-01-11	tropics	33426
2047-01-18	north	124833
2047-01-18	south	493
2047-01-18	tropics	32084
2047-01-25	north	147418
2047-01-25	south	489
2047-01-25	tropics	31478
2047-02-01	north	170318
2047-02-01	south	488
2047-02-01	tropics	30196
2047-02-08	north	194154
2047-02-08	south	488
2047-02-08	tropics	29403
2047-02-15	north	212775
2047-02-15	south	537
2047-02-15	tropics	28802
2047-02-22	north	228456
2047-02-22	south	549
2047-02-22	tropics	28410
2047-03-01	north	235442
2047-03-01	south	564
2047-03-01	tropics	28483
2047-03-08	north	235136
2047-03-08	south	579
2047-03-08	tropics	28137
2047-03-15	north	226684
2047-03-15	south	596
2047-03-15	tropics	27762
2047-03-22	north	211336
2047-03-22	south	651
2047-03-22	tropics	27155
2047-03-29	north	189651
2047-03-29	south	638
2047-03-29	tropics	26669
2047-04-05	north	165183
2047-04-05	south	665
2047-04-05	tropics	26164
2047-04-12	north	139585
2047-04-12	south	655
2047-04-12	tropics	25079
2047-04-19	north	115126
2047-04-19	south	647
2047-04-19	tropics	24294
2047-04-26	north	92826
2047-04-26	south	657
2047-04-26	tropics	23887
2047-05-03	north	73477
2047-05-03	south	675
2047-05-03	tropics	23467
2047-05-10	north	56957
2047-05-10	south	589
2047-05-10	tropics	22505
2047-05-17	north	44223
2047-05-17	south	579
2047-05-17	tropics	22555
2047-05-24	north	33385
2047-05-24	south	661
2047-05-24	tropics	22838
2047-05-31	north	25028
2047-05-31	south	622
2047-05-31	tropics	23004
2047-06-07	north	17972
2047-06-07	south	678
2047-06-07	tropics	22723
2047-06-14	north	13109
2047-06-14	south	618
2047-06-14	tropics	23078
2047-06-21	north	9629
2047-06-21	south	655
2047-06-21	tropics	22508
2047-06-28	north	7096
2047-06-28	south	602
2047-06-28	tropics	22837
2047-07-05	north	5233
2047-07-05	south	561
2047-07-05	tropics	23302
2047-07-12	north	3818
2047-07-12	south	563
2047-07-12	tropics	23503
2047-07-19	north	2821
2047-07-19	south	592
2047-07-19	tropics	24339
2047-07-26	north	2204
2047-07-26	south	611
2047-07-26	tropics	25454
2047-08-02	north	1684
2047-08-02	south	692
2047-08-02	tropics	26691
2047-08-09	north	1311
2047-08-09	south	763
2047-08-09	tropics	27456
2047-08-16	north	1014
2047-08-16	south	799
2047-08-16	tropics	29201
2047-08-23	north	829
2047-08-23	south	895
2047-08-23	tropics	31738
2047-08-30	north	665
2047-08-30	south	948
2047-08-30	tropics	34614
2047-09-06	north	586
2047-09-06	south	962
2047-09-06	tropics	37590
2047-09-13	north	584
2047-09-13	south	1110
2047-09-13	tropics	42352
2047-09-20	north	542
2047-09-20	south	1233
2047-09-20	tropics	47291
2047-09-27	north	665
2047-09-27	south	1275
2047-09-27	tropics	51438
2047-10-04	north	750
2047-10-04	south	1388
2047-10-04	tropics	58068
2047-10-11	north	871
2047-10-11	south	1241
2047-10-11	tropics	65046
2047-10-18	north	1076
2047-10-18	south	1228
2047-10-18	tropics	74443
2047-10-25	north	1223
2047-10-25	south	1187
2047-10-25	tropics	83931
2047-11-01	north	1346
2047-11-01	south	1115
2047-11-01	tropics	93819
2047-11-08	north	1843
2047-11-08	south	1019
2047-11-08	tropics	106000
2047-11-15	north	2189
2047-11-15	south	879
2047-11-15	tropics	120181
2047-11-22	north	3095
2047-11-22	south	918
2047-11-22	tropics	135076
2047-11-29	north	4319
2047-11-29	south	881
2047-11-29	tropics	149903
2047-12-06	north	5753
2047-12-06	south	992
2047-12-06	tropics	165730
2047-12-13	north	8126
2047-12-13	south	874
2047-12-13	tropics	184237
2047-12-20	north	11180
2047-12-20	south	932
2047-12-20	tropics	200590
2047-12-27	north	15147
2047-12-27	south	868
2047-12-27	tropics	216490
2048-01-03	north	20602
2048-01-03	south	1018
2048-01-03	tropics	230204
2048-01-10	north	28290
2048-01-10	south	1041
2048-01-10	tropics	242990
2048-01-17	north	38533
2048-01-17	south	1073
2048-01-17	tropics	252216
2048-01-24	north	51276
2048-01-24	south	1150
2048-01-24	tropics	257291
2048-01-31	north	68091
2048-01-31	south	1308
2048-01-31	tropics	260829
2048-02-07	north	85990
2048-02-07	south	1459
2048-02-07	tropics	258946
2048-02-14	north	109638
2048-02-14	south	1592
2048-02-14	tropics	254649
2048-02-21	north	133353
2048-02-21	south	1743
2048-02-21	tropics	245413
2048-02-28	north	156691
2048-02-28	south	1822
2048-02-28	tropics	234875
2048-03-06	north	182854
2048-03-06	south	2259
2048-03-06	tropics	220432
2048-03-13	north	201971
2048-03-13	south	2457
2048-03-13	tropics	204573
2048-03-20	north	214451
2048-03-20	south	2952
2048-03-20	tropics	188689
2048-03-27	north	221019
2048-03-27	south	3366
2048-03-27	tropics	172633
2048-04-03	north	218082
2048-04-03	south	3883
2048-04-03	tropics	156422
2048-04-10	north	208098
2048-04-10	south	4474
2048-04-10	tropics	139378
2048-04-17	north	191251
2048-04-17	south	5194
2048-04-17	tropics	125632
2048-04-24	north	169736
2048-04-24	south	5772
2048-04-24	tropics	111942
2048-05-01	north	144431
2048-05-01	south	6665
2048-05-01	tropics	99384
2048-05-08	north	122496
2048-05-08	south	7962
2048-05-08	tropics	88039
2048-05-15	north	101082
2048-05-15	south	9211
2048-05-15	tropics	76515
2048-05-22	north	81445
2048-05-22	south	10686
2048-05-22	tropics	66747
2048-05-29	north	64972
2048-05-29	south	13004
2048-05-29	tropics	58800
2048-06-05	north	50571
2048-06-05	south	15877
2048-06-05	tropics	50815
2048-06-13	north	38211
2048-06-13	south	19232
2048-06-13	tropics	43926
2048-06-19	north	29408
2048-06-19	south	23843
2048-06-19	tropics	37817
2048-06-26	north	22121
2048-06-26	south	29218
2048-06-26	tropics	32975
2048-07-03	north	16870
2048-07-03	south	36180
2048-07-03	tropics	28574
2048-07-10	north	13162
2048-07-10	south	44227
2048-07-10	tropics	24745
2048-07-18	north	10482
2048-07-18	south	53822
2048-07-18	tropics	21537
2048-07-25	north	8382
2048-07-25	south	65229
2048-07-25	tropics	18694
2048-07-31	north	6324
2048-07-31	south	76132
2048-07-31	tropics	16220
2048-08-07	north	5284
2048-08-07	south	87566
2048-08-07	tropics	14335
2048-08-14	north	4220
2048-08-14	south	99461
2048-08-14	tropics	12226
2048-08-21	north	3746
2048-08-21	south	111069
2048-08-21	tropics	10929
2048-08-28	north	3229
2048-08-28	south	118650
2048-08-28	tropics	9617
2048-09-05	north	2989
2048-09-05	south	123827
2048-09-05	tropics	8726
2048-09-11	north	2843
2048-09-11	south	127432
2048-09-11	tropics	7706
2048-09-18	north	2497
2048-09-18	south	125803
2048-09-18	tropics	6955
2048-09-25	north	2594
2048-09-25	south	120290
2048-09-25	tropics	6162
2048-10-02	north	2768
2048-10-02	south	110540
2048-10-02	tropics	5520
2048-10-10	north	2822
2048-10-10	south	98715
2048-10-10	tropics	5039
2048-10-17	north	2769
2048-10-17	south	86448
2048-10-17	tropics	4427
2048-10-23	north	3015
2048-10-23	south	73675
2048-10-23	tropics	4001
2048-10-30	north	3275
2048-10-30	south	60773
2048-10-30	tropics	3722
2048-11-06	north	3516
2048-11-06	south	49177
2048-11-06	tropics	3601
2048-11-14	north	3677
2048-11-14	south	39510
2048-11-14	tropics	3288
2048-11-21	north	4034
2048-11-21	south	31154
2048-11-21	tropics	3027
2048-11-28	north	4564
2048-11-28	south	24490
2048-11-28	tropics	2580
2048-12-04	north	5351
2048-12-04	south	19103
2048-12-04	tropics	2256
2048-12-11	north	6034
2048-12-11	south	14209
2048-12-11	tropics	2075
2048-12-18	north	6772
2048-12-18	south	10609
2048-12-18	tropics	1849
2048-12-26	north	8098
2048-12-26	south	7775
2048-12-26	tropics	1875
2049-01-02	north	9284
2049-01-02	south	5740
2049-01-02	tropics	1692
2049-01-09	north	10746
2049-01-09	south	4638
2049-01-09	tropics	1579
2049-01-15	north	12841
2049-01-15	south	3455
2049-01-15	tropics	1511
2049-01-22	north	14944
2049-01-22	south	2612
2049-01-22	tropics	1474
2049-01-29	north	17265
2049-01-29	south	2067
2049-01-29	tropics	1322
2049-02-06	north	20092
2049-02-06	south	1748
2049-02-06	tropics	1216
2049-02-13	north	22981
2049-02-13	south	1395
2049-02-13	tropics	1157
2049-02-20	north	25698
2049-02-20	south	1103
2049-02-20	tropics	1025
2049-02-26	north	27691
2049-02-26	south	1027
2049-02-26	tropics	971
2049-03-05	north	29876
2049-03-05	south	898
2049-03-05	tropics	1013
2049-03-13	north	31367
2049-03-13	south	765
2049-03-13	tropics	998
2049-03-20	north	32993
2049-03-20	south	683
2049-03-20	tropics	1024
2049-03-27	north	32862
2049-03-27	south	686
2049-03-27	tropics	962
2049-04-03	north	32168
2049-04-03	south	668
2049-04-03	tropics	973
2049-04-09	north	31182
2049-04-09	south	714
2049-04-09	tropics	871
2049-04-16	north	29391
2049-04-16	south	767
2049-04-16	tropics	862
2049-04-24	north	26904
2049-04-24	south	787
2049-04-24	tropics	775
2049-05-01	north	24766
2049-05-01	south	854
2049-05-01	tropics	776
2049-05-08	north	22237
2049-05-08	south	992
2049-05-08	tropics	773
2049-05-15	north	19632
2049-05-15	south	1002
2049-05-15	tropics	766
2049-05-21	north	17461
2049-05-21	south	1196
2049-05-21	tropics	829
2049-05-28	north	14867
2049-05-28	south	1311
2049-05-28	tropics	772
2049-06-05	north	13189
2049-06-05	south	1570
2049-06-05	tropics	723
2049-06-12	north	10887
2049-06-12	south	1940
2049-06-12	tropics	700
2049-06-19	north	9380
2049-06-19	south	2310
2049-06-19	tropics	708
2049-06-26	north	8204
2049-06-26	south	2829
2049-06-26	tropics	654
2049-07-02	north	6801
2049-07-02	south	3620
2049-07-02	tropics	728
2049-07-09	north	5991
2049-07-09	south	4952
2049-07-09	tropics	721
2049-07-17	north	5141
2049-07-17	south	6055
2049-07-17	tropics	741
2049-07-24	north	4464
2049-07-24	south	7946
2049-07-24	tropics	786
2049-07-31	north	3740
2049-07-31	south	10214
2049-07-31	tropics	780
2049-08-07	north	3248
2049-08-07	south	12459
2049-08-07	tropics	850
2049-08-13	north	3062
2049-08-13	south	15281
2049-08-13	tropics	818
2049-08-21	north	2874
2049-08-21	south	18664
2049-08-21	tropics	982
2049-08-28	north	2517
2049-08-28	south	22849
2049-08-28	tropics	969
2049-09-04	north	2404
2049-09-04	south	26741
2049-09-04	tropics	1024
2049-09-11	north	2485
2049-09-11	south	30680
2049-09-11	tropics	1026
2049-09-18	north	2621
2049-09-18	south	34128
2049-09-18	tropics	1032
2049-09-25	north	2943
2049-09-25	south	37156
2049-09-25	tropics	1294
2049-10-02	north	3078
2049-10-02	south	40180
2049-10-02	tropics	1295
2049-10-09	north	3482
2049-10-09	south	41473
2049-10-09	tropics	1361
2049-10-16	north	4136
2049-10-16	south	42010
2049-10-16	tropics	1443
2049-10-23	north	4605
2049-10-23	south	41242
2049-10-23	tropics	1556
2049-10-30	north	6025
2049-10-30	south	39649
2049-10-30	tropics	1644
2049-11-06	north	7546
2049-11-06	south	37172
2049-11-06	tropics	1738
2049-11-13	north	9672
2049-11-13	south	34058
2049-11-13	tropics	1898
2049-11-20	north	12774
2049-11-20	south	31086
2049-11-20	tropics	2104
2049-11-27	north	16298
2049-11-27	south	26790
2049-11-27	tropics	2190
2049-12-04	north	22607
2049-12-04	south	23670
2049-12-04	tropics	2422
2049-12-11	north	30485
2049-12-11	south	20132
2049-12-11	tropics	2514
2049-12-18	north	41815
2049-12-18	south	17486
2049-12-18	tropics	2737
2049-12-25	north	56547
2049-12-25	south	14985
2049-12-25	tropics	3048
2050-01-01	north	77250
2050-01-01	south	12742
2050-01-01	tropics	3441
2050-01-08	north	103550
2050-01-08	south	11180
2050-01-08	tropics	3748
2050-01-15	north	138410
2050-01-15	south	9797
2050-01-15	tropics	4233
2050-01-22	north	182002
2050-01-22	south	8563
2050-01-22	tropics	4649
2050-01-29	north	233349
2050-01-29	south	7559
2050-01-29	tropics	5079
2050-02-05	north	290246
2050-02-05	south	7097
2050-02-05	tropics	5774
2050-02-12	north	348657
2050-02-12	south	6376
2050-02-12	tropics	6431
2050-02-19	north	400178
2050-02-19	south	6661
2050-02-19	tropics	7499
2050-02-26	north	439567
2050-02-26	south	6994
2050-02-26	tropics	8478
2050-03-05	north	459990
2050-03-05	south	7231
2050-03-05	tropics	9207
2050-03-12	north	456259
2050-03-12	south	7427
2050-03-12	tropics	10951
2050-03-19	north	430800
2050-03-19	south	7866
2050-03-19	tropics	12051
2050-03-26	north	386199
2050-03-26	south	8526
2050-03-26	tropics	13328
2050-04-02	north	330271
2050-04-02	south	9265
2050-04-02	tropics	13990
2050-04-09	north	273778
2050-04-09	south	10241
2050-04-09	tropics	15147
2050-04-16	north	218496
2050-04-16	south	11584
2050-04-16	tropics	16547
2050-04-23	north	169492
2050-04-23	south	14016
2050-04-23	tropics	17567
2050-04-30	north	126849
2050-04-30	south	16573
2050-04-30	tropics	18978
2050-05-07	north	92350
2050-05-07	south	19672
2050-05-07	tropics	20248
2050-05-14	north	67101
2050-05-14	south	24101
2050-05-14	tropics	21157
2050-05-21	north	47571
2050-05-21	south	31185
2050-05-21	tropics	22513
2050-05-28	north	33285
2050-05-28	south	38589
2050-05-28	tropics	23732
2050-06-04	north	22875
2050-06-04	south	49863
2050-06-04	tropics	25877
2050-06-11	north	15931
2050-06-11	south	64088
2050-06-11	tropics	27521
2050-06-18	north	10818
2050-06-18	south	82871
2050-06-18	tropics	28880
2050-06-25	north	7359
2050-06-25	south	108390
2050-06-25	tropics	30646
2050-07-02	north	5396
2050-07-02	south	139017
2050-07-02	tropics	31883
2050-07-09	north	3706
2050-07-09	south	179369
2050-07-09	tropics	33871
2050-07-16	north	2645
2050-07-16	south	225536
2050-07-16	tropics	35791
2050-07-23	north	2012
2050-07-23	south	277631
2050-07-23	tropics	38384
2050-07-30	north	1884
2050-07-30	south	331842
2050-07-30	tropics	39874
2050-08-06	north	1762
2050-08-06	south	381374
2050-08-06	tropics	42150
2050-08-13	north	1538
2050-08-13	south	421380
2050-08-13	tropics	44720
2050-08-20	north	1530
2050-08-20	south	444174
2050-08-20	tropics	47571
2050-08-27	north	1635
2050-08-27	south	446304
2050-08-27	tropics	50669
2050-09-03	north	1710
2050-09-03	south	427423
2050-09-03	tropics	52983
2050-09-10	north	1722
2050-09-10	south	391423
2050-09-10	tropics	55040
2050-09-17	north	1601
2050-09-17	south	345549
2050-09-17	tropics	57842
2050-09-24	north	1752
2050-09-24	south	290842
2050-09-24	tropics	60475
2050-10-01	north	1790
2050-10-01	south	236876
2050-10-01	tropics	62954
2050-10-08	north	1670
2050-10-08	south	187429
2050-10-08	tropics	64445
2050-10-15	north	1735
2050-10-15	south	144497
2050-10-15	tropics	65718
2050-10-22	north	1671
2050-10-22	south	108762
2050-10-22	tropics	66768
2050-10-29	north	1570
2050-10-29	south	79385
2050-10-29	tropics	67754
2050-11-05	north	1574
2050-11-05	south	57231
2050-11-05	tropics	68973
2050-11-12	north	1534
2050-11-12	south	40145
2050-11-12	tropics	69988
2050-11-19	north	1482
2050-11-19	south	27458
2050-11-19	tropics	71511
2050-11-26	north	1622
2050-11-26	south	18174
2050-11-26	tropics	71365
2050-12-03	north	1674
2050-12-03	south	12471
2050-12-03	tropics	71652
2050-12-10	north	1898
2050-12-10	south	8623
2050-12-10	tropics	71276
2050-12-17	north	1969
2050-12-17	south	5944
2050-12-17	tropics	71201
2050-12-24	north	2172
2050-12-24	south	4000
2050-12-24	tropics	71316
2050-12-31	north	2215
2050-12-31	south	2856
2050-12-31	tropics	71552
2051-01-07	north	2257
2051-01-07	south	1928
2051-01-07	tropics	71302
2051-01-14	north	2397
2051-01-14	south	1397
2051-01-14	tropics	71268
2051-01-21	north	2473
2051-01-21	south	963
2051-01-21	tropics	70188
2051-01-28	north	2769
2051-01-28	south	741
2051-01-28	tropics	69163
2051-02-04	north	2798
2051-02-04	south	569
2051-02-04	tropics	68432
2051-02-11	north	2880
2051-02-11	south	517
2051-02-11	tropics	67642
2051-02-18	north	3041
2051-02-18	south	386
2051-02-18	tropics	66635
2051-02-25	north	2965
2051-02-25	south	449
2051-02-25	tropics	66676
2051-03-04	north	2798
2051-03-04	south	379
2051-03-04	tropics	65890
2051-03-11	north	2664
2051-03-11	south	336
2051-03-11	tropics	66571
2051-03-18	north	2587
2051-03-18	south	366
2051-03-18	tropics	66354
2051-03-25	north	2435
2051-03-25	south	321
2051-03-25	tropics	65747
2051-04-01	north	2297
2051-04-01	south	351
2051-04-01	tropics	65936
2051-04-08	north	2117
2051-04-08	south	353
2051-04-08	tropics	65555
2051-04-15	north	1780
2051-04-15	south	330
2051-04-15	tropics	65169
2051-04-22	north	1770
2051-04-22	south	393
2051-04-22	tropics	64303
2051-04-29	north	1606
2051-04-29	south	542
2051-04-29	tropics	63006
2051-05-06	north	1287
2051-05-06	south	565
2051-05-06	tropics	63416
2051-05-13	north	1079
2051-05-13	south	686
2051-05-13	tropics	63003
2051-05-20	north	991
2051-05-20	south	736
2051-05-20	tropics	62995
2051-05-27	north	784
2051-05-27	south	840
2051-05-27	tropics	62577
2051-06-03	north	648
2051-06-03	south	992
2051-06-03	tropics	63583
2051-06-10	north	519
2051-06-10	south	1194
2051-06-10	tropics	63140
2051-06-17	north	482
2051-06-17	south	1413
2051-06-17	tropics	63625
2051-06-24	north	487
2051-06-24	south	1547
2051-06-24	tropics	62493
2051-07-01	north	445
2051-07-01	south	1842
2051-07-01	tropics	63561
2051-07-08	north	456
2051-07-08	south	2036
2051-07-08	tropics	63853
2051-07-15	north	518
2051-07-15	south	2374
2051-07-15	tropics	64503
2051-07-22	north	466
2051-07-22	south	2716
2051-07-22	tropics	65074
2051-07-29	north	468
2051-07-29	south	2776
2051-07-29	tropics	65977
2051-08-05	north	536
2051-08-05	south	3220
2051-08-05	tropics	66970
2051-08-12	north	470
2051-08-12	south	3566
2051-08-12	tropics	67518
2051-08-19	north	469
2051-08-19	south	3870
2051-08-19	tropics	68330
2051-08-26	north	506
2051-08-26	south	4068
2051-08-26	tropics	68656
2051-09-02	north	540
2051-09-02	south	4391
2051-09-02	tropics	69729
2051-09-09	north	575
2051-09-09	south	4831
2051-09-09	tropics	71302
2051-09-16	north	648
2051-09-16	south	4695
2051-09-16	tropics	72797
2051-09-23	north	612
2051-09-23	south	4668
2051-09-23	tropics	73689
2051-09-30	north	784
2051-09-30	south	4544
2051-09-30	tropics	76314
2051-10-07	north	1120
2051-10-07	south	4400
2051-10-07	tropics	79489
2051-10-14	north	1397
2051-10-14	south	4294
2051-10-14	tropics	83383
2051-10-21	north	1746
2051-10-21	south	4097
2051-10-21	tropics	88364
2051-10-28	north	2542
2051-10-28	south	3937
2051-10-28	tropics	93201
2051-11-04	north	3188
2051-11-04	south	3727
2051-11-04	tropics	101456
2051-11-11	north	4303
2051-11-11	south	3522
2051-11-11	tropics	109495
2051-11-18	north	5956
2051-11-18	south	3317
2051-11-18	tropics	120193
2051-11-25	north	9418
2051-11-25	south	3303
2051-11-25	tropics	133459
2051-12-02	north	14066
2051-12-02	south	3125
2051-12-02	tropics	147909
2051-12-09	north	21848
2051-12-09	south	2946
2051-12-09	tropics	165178
2051-12-16	north	34109
2051-12-16	south	3064
2051-12-16	tropics	182398
2051-12-23	north	52755
2051-12-23	south	3053
2051-12-23	tropics	202962
2051-12-30	north	81773
2051-12-30	south	3029
2051-12-30	tropics	222007
2052-01-06	north	128406
2052-01-06	south	3087
2052-01-06	tropics	240402
2052-01-13	north	198036
2052-01-13	south	3380
2052-01-13	tropics	260161
2052-01-20	north	296421
2052-01-20	south	3840
2052-01-20	tropics	277129
2052-01-27	north	432186
2052-01-27	south	4633
2052-01-27	tropics	292881
2052-02-03	north	599509
2052-02-03	south	5309
2052-02-03	tropics	304155
2052-02-10	north	779798
2052-02-10	south	6361
2052-02-10	tropics	310256
2052-02-17	north	939687
2052-02-17	south	7995
2052-02-17	tropics	312498
2052-02-24	north	1037453
2052-02-24	south	9728
2052-02-24	tropics	310347
2052-03-02	north	1042184
2052-03-02	south	12466
2052-03-02	tropics	300203
2052-03-09	north	963445
2052-03-09	south	15563
2052-03-09	tropics	286514
2052-03-16	north	823504
2052-03-16	south	18868
2052-03-16	tropics	267508
2052-03-23	north	661255
2052-03-23	south	23593
2052-03-23	tropics	247521
2052-03-30	north	502481
2052-03-30	south	28319
2052-03-30	tropics	226543
2052-04-06	north	367011
2052-04-06	south	34638
2052-04-06	tropics	205954
2052-04-13	north	259963
2052-04-13	south	43669
2052-04-13	tropics	184514
2052-04-20	north	179083
2052-04-20	south	56090
2052-04-20	tropics	163434
2052-04-27	north	121040
2052-04-27	south	73182
2052-04-27	tropics	143161
2052-05-04	north	79061
2052-05-04	south	97493
2052-05-04	tropics	126221
2052-05-11	north	51023
2052-05-11	south	130684
2052-05-11	tropics	109581
2052-05-18	north	33152
2052-05-18	south	177285
2052-05-18	tropics	95016
2052-05-25	north	20817
2052-05-25	south	243398
2052-05-25	tropics	81832
2052-06-01	north	13467
2052-06-01	south	332502
2052-06-01	tropics	70268
2052-06-08	north	8550
2052-06-08	south	445902
2052-06-08	tropics	60884
2052-06-15	north	5558
2052-06-15	south	584430
2052-06-15	tropics	51980
2052-06-22	north	3868
2052-06-22	south	737469
2052-06-22	tropics	45445
2052-06-29	north	2928
2052-06-29	south	879257
2052-06-29	tropics	39100
2052-07-06	north	2556
2052-07-06	south	983423
2052-07-06	tropics	33821
2052-07-14	north	2338
2052-07-14	south	1026129
2052-07-14	tropics	30272
2052-07-21	north	2193
2052-07-21	south	996372
2052-07-21	tropics	26681
2052-07-27	north	2045
2052-07-27	south	897570
2052-07-27	tropics	23439
2052-08-03	north	1891
2052-08-03	south	765297
2052-08-03	tropics	20936
2052-08-10	north	1613
2052-08-10	south	612538
2052-08-10	tropics	18622
2052-08-17	north	1456
2052-08-17	south	473435
2052-08-17	tropics	16504
2052-08-25	north	1266
2052-08-25	south	353413
2052-08-25	tropics	14057
2052-09-01	north	1150
2052-09-01	south	254814
2052-09-01	tropics	12392
2052-09-07	north	950
2052-09-07	south	178816
2052-09-07	tropics	10912
2052-09-14	north	756
2052-09-14	south	122818
2052-09-14	tropics	9435
2052-09-21	north	651
2052-09-21	south	82143
2052-09-21	tropics	8666
2052-09-28	north	502
2052-09-28	south	55418
2052-09-28	tropics	7410
2052-10-06	north	447
2052-10-06	south	35711
2052-10-06	tropics	6273
2052-10-13	north	345
2052-10-13	south	22631
2052-10-13	tropics	5649
2052-10-19	north	311
2052-10-19	south	14511
2052-10-19	tropics	4996
2052-10-26	north	277
2052-10-26	south	8810
2052-10-26	tropics	4358
2052-11-02	north	243
2052-11-02	south	5225
2052-11-02	tropics	3726
2052-11-10	north	197
2052-11-10	south	3198
2052-11-10	tropics	3183
2052-11-17	north	208
2052-11-17	south	1801
2052-11-17	tropics	2806
2052-11-24	north	203
2052-11-24	south	988
2052-11-24	tropics	2499
2052-11-30	north	220
2052-11-30	south	531
2052-11-30	tropics	2495
2052-12-07	north	202
2052-12-07	south	301
2052-12-07	tropics	2267
2052-12-14	north	225
2052-12-14	south	164
2052-12-14	tropics	2081
2052-12-22	north	186
2052-12-22	south	104
2052-12-22	tropics	1993
2052-12-29	north	173
2052-12-29	south	64
2052-12-29	tropics	1724
2053-01-05	north	155
2053-01-05	south	48
2053-01-05	tropics	1609
2053-01-11	north	116
2053-01-11	south	28
2053-01-11	tropics	1432
2053-01-18	north	94
2053-01-18	south	19
2053-01-18	tropics	1464
2053-01-26	north	70
2053-01-26	south	13
2053-01-26	tropics	1395
2053-02-02	north	81
2053-02-02	south	10
2053-02-02	tropics	1373
2053-02-09	north	75
2053-02-09	south	10
2053-02-09	tropics	1497
2053-02-16	north	97
2053-02-16	south	11
2053-02-16	tropics	1618
2053-02-22	north	97
2053-02-22	south	19
2053-02-22	tropics	1487
2053-03-01	north	94
2053-03-01	south	11
2053-03-01	tropics	1466
2053-03-09	north	128
2053-03-09	south	18
2053-03-09	tropics	1439
2053-03-16	north	151
2053-03-16	south	11
2053-03-16	tropics	1624
2053-03-23	north	100
2053-03-23	south	1
2053-03-23	tropics	1648
2053-03-30	north	91
2053-03-30	south	0
2053-03-30	tropics	1867
2053-04-05	north	84
2053-04-05	south	1
2053-04-05	tropics	2082
2053-04-12	north	81
2053-04-12	south	0
2053-04-12	tropics	2213
2053-04-20	north	83
2053-04-20	south	0
2053-04-20	tropics	2379
2053-04-27	north	81
2053-04-27	south	7
2053-04-27	tropics	2877
2053-05-04	north	99
2053-05-04	south	12
2053-05-04	tropics	3125
2053-05-11	north	97
2053-05-11	south	26
2053-05-11	tropics	3429
2053-05-17	north	73
2053-05-17	south	37
2053-05-17	tropics	3671
2053-05-25	north	58
2053-05-25	south	14
2053-05-25	tropics	3960
2053-06-01	north	54
2053-06-01	south	34
2053-06-01	tropics	4021
2053-06-08	north	30
2053-06-08	south	49
2053-06-08	tropics	4274
2053-06-15	north	20
2053-06-15	south	61
2053-06-15	tropics	4828
2053-06-22	north	24
2053-06-22	south	52
2053-06-22	tropics	5175
2053-06-28	north	23
2053-06-28	south	34
2053-06-28	tropics	5556
2053-07-06	north	21
2053-07-06	south	35
2053-07-06	tropics	5940
2053-07-13	north	26
2053-07-13	south	20
2053-07-13	tropics	6571
2053-07-20	north	23
2053-07-20	south	33
2053-07-20	tropics	7261
2053-07-27	north	28
2053-07-27	south	45
2053-07-27	tropics	7738
2053-08-03	north	18
2053-08-03	south	70
2053-08-03	tropics	8574
2053-08-09	north	18
2053-08-09	south	82
2053-08-09	tropics	9793
2053-08-17	north	30
2053-08-17	south	115
2053-08-17	tropics	11266
2053-08-24	north	25
2053-08-24	south	157
2053-08-24	tropics	12693
2053-08-31	north	49
2053-08-31	south	163
2053-08-31	tropics	13823
2053-09-07	north	64
2053-09-07	south	134
2053-09-07	tropics	15134
2053-09-14	north	73
2053-09-14	south	174
2053-09-14	tropics	16546
2053-09-21	north	79
2053-09-21	south	141
2053-09-21	tropics	18696
2053-09-28	north	84
2053-09-28	south	159
2053-09-28	tropics	20917
2053-10-05	north	109
2053-10-05	south	157
2053-10-05	tropics	23319
2053-10-12	north	129
2053-10-12	south	184
2053-10-12	tropics	25541
2053-10-19	north	189
2053-10-19	south	208
2053-10-19	tropics	28758
2053-10-26	north	312
2053-10-26	south	163
2053-10-26	tropics	31296
2053-11-02	north	301
2053-11-02	south	187
2053-11-02	tropics	33531
2053-11-09	north	393
2053-11-09	south	188
2053-11-09	tropics	36380
2053-11-16	north	507
2053-11-16	south	225
2053-11-16	tropics	39293
2053-11-23	north	618
2053-11-23	south	214
2053-11-23	tropics	42609
2053-11-30	north	880
2053-11-30	south	208
2053-11-30	tropics	46883
2053-12-07	north	1087
2053-12-07	south	153
2053-12-07	tropics	51436
2053-12-14	north	1294
2053-12-14	south	192
2053-12-14	tropics	56380
2053-12-21	north	1608
2053-12-21	south	175
2053-12-21	tropics	61102
2053-12-28	north	2039
2053-12-28	south	213
2053-12-28	tropics	65714
2054-01-04	north	2662
2054-01-04	south	199
2054-01-04	tropics	71305
2054-01-11	north	3285
2054-01-11	south	272
2054-01-11	tropics	76890
2054-01-18	north	4202
2054-01-18	south	254
2054-01-18	tropics	82263
2054-01-25	north	5149
2054-01-25	south	257
2054-01-25	tropics	86756
2054-02-01	north	6232
2054-02-01	south	337
2054-02-01	tropics	91982
2054-02-08	north	7217
2054-02-08	south	364
2054-02-08	tropics	97208
2054-02-15	north	8432
2054-02-15	south	391
2054-02-15	tropics	102480
2054-02-22	north	9944
2054-02-22	south	473
2054-02-22	tropics	107721
2054-03-01	north	11397
2054-03-01	south	492
2054-03-01	tropics	110800
2054-03-08	north	12269
2054-03-08	south	476
2054-03-08	tropics	115263
2054-03-15	north	13079
2054-03-15	south	557
2054-03-15	tropics	119889
2054-03-22	north	13486
2054-03-22	south	683
2054-03-22	tropics	122417
2054-03-29	north	13852
2054-03-29	south	704
2054-03-29	tropics	124542
2054-04-05	north	14319
2054-04-05	south	863
2054-04-05	tropics	126425
2054-04-12	north	13480
2054-04-12	south	1002
2054-04-12	tropics	126526
2054-04-19	north	12639
2054-04-19	south	1069
2054-04-19	tropics	126441
2054-04-26	north	11464
2054-04-26	south	1245
2054-04-26	tropics	125941
2054-05-03	north	10863
2054-05-03	south	1468
2054-05-03	tropics	123329
2054-05-10	north	9970
2054-05-10	south	1651
2054-05-10	tropics	122137
2054-05-17	north	8742
2054-05-17	south	1909
2054-05-17	tropics	119292
2054-05-24	north	7830
2054-05-24	south	2229
2054-05-24	tropics	115577
2054-05-31	north	6510
2054-05-31	south	2786
2054-05-31	tropics	111342
2054-06-07	north	5458
2054-06-07	south	3278
2054-06-07	tropics	107055
2054-06-14	north	4596
2054-06-14	south	3714
2054-06-14	tropics	103034
2054-06-21	north	4010
2054-06-21	south	4552
2054-06-21	tropics	99002
2054-06-28	north	3327
2054-06-28	south	5578
2054-06-28	tropics	95619
2054-07-05	north	3008
2054-07-05	south	6770
2054-07-05	tropics	92955
2054-07-12	north	2703
2054-07-12	south	8108
2054-07-12	tropics	88185
2054-07-19	north	2353
2054-07-19	south	9577
2054-07-19	tropics	83717
2054-07-26	north	2139
2054-07-26	south	11774
2054-07-26	tropics	79419
2054-08-02	north	1738
2054-08-02	south	13865
2054-08-02	tropics	75780
2054-08-09	north	1709
2054-08-09	south	16303
2054-08-09	tropics	72327
2054-08-16	north	1696
2054-08-16	south	19445
2054-08-16	tropics	69939
2054-08-23	north	1495
2054-08-23	south	22595
2054-08-23	tropics	66504
2054-08-30	north	1451
2054-08-30	south	25380
2054-08-30	tropics	63700
2054-09-06	north	1442
2054-09-06	south	27405
2054-09-06	tropics	59563
2054-09-13	north	1535
2054-09-13	south	30079
2054-09-13	tropics	56222
2054-09-20	north	1647
2054-09-20	south	32041
2054-09-20	tropics	53678
2054-09-27	north	1774
2054-09-27	south	32793
2054-09-27	tropics	51007
2054-10-04	north	1880
2054-10-04	south	32736
2054-10-04	tropics	48533
2054-10-11	north	2172
2054-10-11	south	32618
2054-10-11	tropics	46184
2054-10-18	north	2507
2054-10-18	south	32119
2054-10-18	tropics	44562
2054-10-25	north	3291
2054-10-25	south	30789
2054-10-25	tropics	42487
2054-11-01	north	4334
2054-11-01	south	28153
2054-11-01	tropics	40811
2054-11-08	north	5407
2054-11-08	south	25729
2054-11-08	tropics	38953
2054-11-15	north	7318
2054-11-15	south	22849
2054-11-15	tropics	37797
2054-11-22	north	10048
2054-11-22	south	20044
2054-11-22	tropics	36514
2054-11-29	north	13474
2054-11-29	south	17449
2054-11-29	tropics	35187
2054-12-06	north	18522
2054-12-06	south	14985
2054-12-06	tropics	33187
2054-12-13	north	25711
2054-12-13	south	12310
2054-12-13	tropics	32757
2054-12-20	north	35745
2054-12-20	south	10538
2054-12-20	tropics	31689
2054-12-27	north	49138
2054-12-27	south	8998
2054-12-27	tropics	30276
