variant	pivot_date	model	location	mae	mse	normalized_mae	max_r_data	correlation	r2	n_points	total_sequences	total_smoothed_sequences	mean_variant_frequency	mean_smoothed_variant_frequency	max_variant_frequency	max_smoothed_variant_frequency	converged
0	2025-04-01	FGA	north	0.23626092231762932	0.05655112061710413	11.422743019576023	0.020683378932077088	0.6518072092155844	-517.7845492045996	11	444.0	443.8818525926186	0.9953898914937876	0.9955141737010927	1.0	1.0	False
0	2025-10-01	FGA	north	0.01485554793710605	0.0006005815621992909	0.4237921722532501	0.035053851651201944	0.8082204804682845	-0.9258952808652166	18	617.0	616.9605702232159	0.9930674851309773	0.9907075461421763	1.0	0.999426635548863	True
0	2028-04-01	FGA	north	0.0043465360017756124	2.5897205304616582e-05	0.10397573667042964	0.04180336817956639	0.9813472862976926	0.9461777961175297	12	276.0	275.7477130693625	0.12324491201369116	0.12532628676295995	0.1735159817351598	0.15724707936556487	True
1	2028-04-01	FGA	north	0.003308109182385765	2.2575847024523877e-05	0.06472416306715054	0.05111088387429038	0.988244406750326	0.9550710492801394	18	2153.0	2152.8987501466986	0.854644893585002	0.8551991892499269	0.9166666666666666	0.9008199931928195	True
0	2028-10-01	FGA	north	0.008468319222916855	0.00011409780408949201	0.28575646847026903	0.029634742017389977	0.9919389510450092	0.7167978766908969	13	291.0	290.9146939380576	0.12102142821583103	0.10045248928140574	0.1735159817351598	0.1377312622290581	False
1	2028-10-01	FGA	north	0.02085616346741641	0.0015157751711120462	0.38108772101946736	0.05472798601755789	0.48817401844746344	-0.08160209331302126	28	2700.0	2699.905692240525	0.873517702165465	0.8835958679620004	0.967741935483871	0.9268966153966279	False
1	2029-04-01	FGA	north	0.09075072424576977	0.008264179650074232	1.7299420024094199	0.05245882470011968	-0.8222927383158546	-791.6771928418088	8	297.0	297.02698224341106	0.9006988543885166	0.8957791914909018	0.967741935483871	0.9452180714573412	False
2	2030-04-01	FGA	north	0.08201159354387956	0.009911297360219857	2.1999687193925235	0.0372785271085697	0.9002739804215723	-23.779281432581357	18	1093.0	1092.9699588683718	0.5202525464525521	0.5143824287638938	0.7027027027027027	0.555962245512936	False
3	2030-04-01	FGA	north	0.12625509222461553	0.01604514755027951	3.55435783956752	0.03552121027858516	0.7750675410000757	-78.20003795631006	18	985.0	984.940374443019	0.4294346818222773	0.43088259101476295	0.52	0.49414772117503364	False
4	2030-04-01	FGA	north	0.07474669537139386	0.006022553787639494	1.7448877453017346	0.04283753815834628	-0.9285486362976862	-26.101645954027557	7	125.0	125.00014379119413	0.09451504512034004	0.08744060894995871	0.1457286432160804	0.1207831093792721	False
2	2030-10-01	FGA	north	0.0027040901421333647	9.27116720894784e-06	0.05983045143122737	0.0451958839929798	0.9995050000903537	0.9884887511981721	25	1289.0	1288.8314985292955	0.48449734136515177	0.48196290100774875	0.7027027027027027	0.5715664125571933	True
3	2030-10-01	FGA	north	0.002323868413116332	7.133398272990128e-06	0.05170510661653477	0.04494465953529593	0.9986078815657999	0.990974407385171	25	1227.0	1226.9880182054462	0.4344013943793656	0.4381107052107162	0.6125	0.4520184631443554	True
4	2030-10-01	FGA	north	0.0039061832764883853	2.347248882725326e-05	0.08693276032387412	0.044933386009320585	0.9984204348831306	0.956856994086395	11	189.0	188.93653305610368	0.12026447318994729	0.10991338186167604	0.2033898305084746	0.1499514543347343	True
2	2031-04-01	FGA	north	0.2858847173820392	0.08188458167774067	5.5589867092521645	0.05142748711851094	-0.22683948833971743	-531.2916586762238	5	98.0	97.72957125677078	0.39753131908621964	0.38722295538525103	0.5	0.41047227169957234	False
3	2031-04-01	FGA	north	0.09073419117645598	0.008293192612604895	1.8718903975576404	0.04847195716952335	-0.9232932931987661	-167.1105326682223	5	123.0	123.00492387644898	0.4421711495946942	0.4274177854725245	0.6125	0.4812103191229141	False
4	2031-04-01	FGA	north	0.30016919673935466	0.09051087722283879	6.777897560053388	0.04428647586951584	1.0	-213.39671689885736	2	23.0	22.869174980697984	0.1704449152542373	0.12298944846328319	0.2033898305084746	0.13542018058240668	False
5	2032-04-01	FGA	north	0.1352357650600687	0.019465531855587782	3.048882194304779	0.04435585124039397	-0.5147651360242823	-31.750584266632828	23	3487.0	3486.5518281719405	0.9694378839344613	0.9613942253991347	1.0	0.9983368914291899	False
5	2032-10-01	FGA	north	0.007952046596487525	0.00015694618108360597	0.14551608043380815	0.05464720168919562	0.9423224341381233	0.8803960819298232	27	3812.0	3811.6452688781937	0.9805990264734937	0.9745593821725874	1.0	0.9815624696099795	True
5	2033-04-01	FGA	north	0.2449603785714278	0.060007654530278565	4.512029134263993	0.054290513487871346	0.998105057583432	-11652.499599352075	3	100.0	99.8946406613911	0.9855072463768115	0.985829406914478	1.0	0.9862809437788363	False
7	2035-04-01	FGA	north	0.029338540966025693	0.0009976812345126136	0.7065763751370507	0.04152210857649331		-0.3662077748435204	22	3163.0	3162.9130522346854	0.8328875714052221	0.8380746821225415	0.9736842105263158	0.9649299269086096	False
9	2035-04-01	FGA	north	0.06067015267650305	0.004625711729847892	0.9942496956892836	0.06102104223873285	-0.6994067131294022	-5.522413544995896	12	703.0	702.9845140468245	0.2166900558418993	0.21946425057352592	0.42105263157894735	0.37363920338462586	False
7	2035-10-01	FGA	north	0.016845778231296158	0.0003687633645473029	0.27926247517673153	0.060322383881455215	0.9775701982189131	0.7148741895484207	27	3337.0	3336.8873797154015	0.7734592450372786	0.7827050626269172	0.9736842105263158	0.9632212606491031	True
9	2035-10-01	FGA	north	0.01565868300334191	0.0003402735143844604	0.2622818985838494	0.0597017296576262	0.9540081015508913	0.678317926348907	18	860.0	860.0565032439695	0.3016473168201059	0.2923633276583344	0.56	0.5726943882322497	True
7	2036-04-01	FGA	north	0.012125493399666757	0.00014721371822788858	0.24235109807454241	0.05003275617895981	0.9643505747188332	-114.43637114760864	3	58.0	58.19739074929201	0.4768553459119497	0.4976210139738055	0.5	0.5074481737993828	True
9	2036-04-01	FGA	north	0.001844382664237261	5.498718511520753e-06	0.03820815004107918	0.048271969782737144	0.9968642810638312	0.6112136080808992	4	70.0	70.0642947830654	0.5017194519317161	0.46503782296247265	0.56	0.4761784070459696	True
11	2037-04-01	FGA	north	0.13754581257462212	0.01967053292203558	3.2862973914390863	0.04185434128175177	-0.8383351275714974	-58.02128994251693	17	1720.0	1720.0198959458448	0.9811656519150458	0.9684552099540868	1.0	0.9950272285361176	False
11	2037-10-01	FGA	north	0.22208296165383287	0.04991317850157429	4.610156049500048	0.048172547581749825	0.9541495911007507	-45.83969402701685	27	2351.0	2351.2026141249007	0.9829877009033557	0.9710847694703496	1.0	0.9871911609664185	False
11	2038-04-01	FGA	north	0.09860905142036747	0.009818170366992786	2.0289148591964694	0.04860186763057201	-0.8605536070756094	-152.61348023753217	8	405.0	404.90066834287836	0.9854910956139685	0.9828757105777872	1.0	0.9929937689400641	False
12	2038-04-01	FGA	north	0.09832833724087939	0.014691800405226666	2.2452882250590043	0.043793191512548645	0.8979582297610227	-39.497472294795486	18	2419.0	2418.985950776674	0.9894311752843932	0.9728904680729816	1.0	0.9953144566340779	False
12	2038-10-01	FGA	north	0.23867103159894162	0.058232604458960835	4.613900701092053	0.051728688383443355	0.9147491042333431	-45.584235962634494	28	2974.0	2973.9590180565333	0.9651135130508628	0.9689316008147584	1.0	0.9990708324613234	False
12	2039-04-01	FGA	north	0.2861627419623957	0.08202275665616886	5.786536040845496	0.04945320308081642	-0.93659961906897	-3822.2381603919284	6	202.0	202.06123882267428	0.943141180602905	0.9285541487938135	1.0	0.9675530981393932	False
13	2039-04-01	FGA	north	0.15202337934567514	0.023490908861108377	4.516721855402763	0.03365790150744604	-0.7905134556484112	-170.30518304437112	17	993.0	992.9602062905375	0.9839788133620692	0.9860531152436276	1.0	0.994281981573759	False
13	2039-10-01	FGA	north	0.0011530787160539565	1.9572401481168965e-06	0.025800249652055893	0.044692541025938226	0.9988525721313504	0.9972623239729553	28	1462.0	1461.9186795561573	0.9652919602881961	0.9673333324809192	1.0	0.9967480718032461	True
13	2040-04-01	FGA	north	0.2749125786800044	0.07563384322032077	6.394656191730921	0.04299098660464346	-0.869058650890677	-2202.2701324382583	8	250.0	249.78706633226724	0.9237801179084074	0.9211102682984966	1.0	0.953200398555635	False
14	2040-04-01	FGA	north	0.06660031704339044	0.008137859441726292	1.8498665242679357	0.03600276894017895	0.6301938403803358	-37.30989166516626	12	377.0	376.54218109707347	0.5745836422671756	0.5644577454254777	0.9166666666666666	0.811284641475812	False
15	2040-04-01	FGA	north	0.034904842404132747	0.001432945479011044	0.6541845742119138	0.05335626026673295	-0.9286517600648623	-16.212972675494644	9	374.0	373.88868006557664	0.49199512471532597	0.4814520122275074	0.6666666666666666	0.6732559492873929	False
14	2040-10-01	FGA	north	0.04333336977279261	0.0020285478935546703	1.01819747766403	0.04255890504876219	0.9863425484451046	-1.979514289045166	20	601.0	600.9220894959212	0.4393275522405973	0.4360018542189886	0.9166666666666666	0.731766163770349	True
15	2040-10-01	FGA	north	0.11675663661196387	0.013815212684855112	2.243513091731077	0.052041878891767625	0.8871645479834582	-15.665228169520976	28	1298.0	1297.8324124124335	0.7381077519767754	0.7243800870788686	1.0	0.9580547138240625	True
14	2041-04-01	FGA	north	0.006688456791388766	6.481972340837058e-05	0.16505153649224014	0.04052344457698049	0.9739083489055522	0.20786712147592012	6	143.0	142.7568885466781	0.21715852079389267	0.20562604798451456	0.2789115646258503	0.2670388237570998	True
15	2041-04-01	FGA	north	0.014382504505257512	0.0005036679040847737	0.11655793523250271	0.12339361088173158	0.8557466599436182	0.5229354830915399	34	1169.0	1168.9707883515289	0.5562692872839092	0.5650570035465515	1.0	0.9464085118599579	True
16	2041-04-01	FGA	north	0.01397061947655185	0.0003615715359196899	0.2582369061475413	0.05410001105175054	0.9665842312200816	0.7167500916609544	19	3709.0	3708.905277499883	0.6667605324553595	0.6431485571878869	0.7570977917981072	0.7189916247965985	True
17	2041-04-01	FGA	north	0.016961524342797973	0.0004528197021407125	0.253171565272397	0.06699616651083394	0.9865413121646225	0.646431479652018	14	1084.0	1083.9433325908367	0.2164559295777977	0.21114455462519974	0.3425414364640884	0.3398640280672999	True
15	2041-10-01	FGA	north	0.20027039192554152	0.040661102328024466	3.3064346963295073	0.06056989183783453	0.8000144587413055	-52.817757444591535	18	450.0	449.97777379166916	0.2280254516474024	0.22242272418920608	0.6470588235294118	0.5177248372806992	False
16	2041-10-01	FGA	north	0.17539424832790296	0.0311653484624123	2.6824190383301834	0.0653865953908106	0.9342478692481568	-14.644950352149136	24	3886.0	3885.8560200896563	0.6487003704290947	0.6434159699836012	0.7570977917981072	0.7034237815290558	False
17	2041-10-01	FGA	north	0.24076847797444292	0.05884244493343596	3.585165085302138	0.06715687346211904	0.9777364015723935	-32.17778148793141	18	1181.0	1181.664049187779	0.2537246082512819	0.25655930441531916	0.4722222222222222	0.42267927981564757	False
16	2042-04-01	FGA	north	0.3089069413932189	0.09542388691621527	4.7060805849078475	0.06563996000915649	0.8933148917138986	-52384.387869737075	3	58.0	57.95840492226803	0.5426587301587301	0.5525587772091841	0.6041666666666666	0.5718750968249955	False
17	2042-04-01	FGA	north	0.30995697287599966	0.09610530585921703	6.255484861129108	0.049549632004073425	-1.0	-4902.397490695931	2	36.0	35.95536724448592	0.4340277777777778	0.4220627256392753	0.4722222222222222	0.4332458455871305	False
18	2043-10-01	FGA	north	0.012169585328826164	0.00016139065330947601	0.7119297022972362	0.0170938019435875	0.980386428738218	-0.9393239190047853	4	49.0	48.56587695752741	0.48346560846560843	0.39645915078597765	0.6190476190476191	0.4770258948542397	False
19	2043-10-01	FGA	north	0.029396645531838256	0.0009953106869839145	1.0439634414072112	0.028158692503841922	0.9767914566965741	-2.487876431305595	12	167.0	166.57021616807128	0.6366586648836391	0.6018041037831537	0.7777777777777778	0.6349205082646379	False
18	2044-04-01	FGA	north	0.1439052031572167	0.022291109515251983	4.295895932688125	0.033498298239075144	-0.7540951584938755	-66.71524914981626	9	125.0	124.5841128254572	0.1253876731398835	0.10016508840444915	0.4583333333333333	0.29008953498852563	False
19	2044-04-01	FGA	north	0.16732461413969704	0.03507408274743749	5.749810644559757	0.029100891226394206	-0.36653260422889894	-105.63991658998876	10	143.0	142.8351935431065	0.34136360266216026	0.3196600405672558	0.7777777777777778	0.6828512080779304	False
20	2044-04-01	FGA	north	0.10529104503975151	0.013474989841179582	1.539774616908809	0.06838081618148095	0.8937460040039478	-39.13353202115462	16	1407.0	1406.9349688875031	0.7188755663569586	0.7171738399539065	0.8111111111111111	0.7519037987485829	False
21	2044-04-01	FGA	north	0.18446494060268726	0.03419883649965974	4.415334800138139	0.04177824535455749	-0.9729183974927744	-620.7068968276262	6	143.0	143.03418070681036	0.10410627707511999	0.10371045543274615	0.17266187050359713	0.1446103117298683	False
22	2044-04-01	FGA	north	0.05281245244968376	0.002789155133750108	2.1702575449463386	0.02433464755031624			1	12.0	11.99941865940428	0.04316546762589928	0.0336996239204468	0.04316546762589928	0.0336996239204468	False
18	2044-10-01	FGA	north	0.004045359863796428	2.437771849307827e-05	0.17619920333336422	0.02295901336252193	0.9980601931756312	0.873470664066082	7	104.0	103.83424424234207	0.07693953965102818	0.06452447684183546	0.09230769230769231	0.09135622517571947	True
19	2044-10-01	FGA	north	0.011412581758543653	0.00015553026077800764	0.2421920726747348	0.047122028530928874	0.9887884247794706	0.7264567908535222	7	97.0	96.59773241526894	0.09971114060131056	0.11559281597349454	0.17582417582417584	0.15485597722801775	True
20	2044-10-01	FGA	north	0.007896779056736832	0.00011250266013257793	0.16568388826762392	0.04766171979246054	0.9934289618477155	0.901788451271397	26	2113.0	2113.204395148892	0.6539143854580427	0.6176261372388511	0.8111111111111111	0.7021335929993526	True
21	2044-10-01	FGA	north	0.016130654407727957	0.00033216906855761043	0.35766406842038684	0.04510001376142852	0.9847596930013501	0.437559228924973	15	401.0	400.81310492073027	0.19106509720597845	0.17881417515771186	0.3283582089552239	0.25763121492805563	True
22	2044-10-01	FGA	north	0.020276916061564166	0.0005243995537102811	0.5965105594150526	0.03399255175205619	0.7459662259980439	-1.0375199795386711	12	158.0	157.90727191018095	0.3069128787788847	0.3280801431165212	0.9166666666666666	0.9213549851381578	True
20	2045-04-01	FGA	north	0.17303559866817136	0.030095803892979434	3.543672834699923	0.04882945089450504	-0.9663907287778422	-1146.6760229332697	7	325.0	325.03215552167546	0.5003684774329671	0.464371052275616	0.6518987341772152	0.5997187432645495	False
21	2045-04-01	FGA	north	0.1166940347280115	0.013790576820131144	3.1657372343601486	0.036861566860774984	-0.9710084873044766	-402.5709917580226	6	152.0	151.5453214503177	0.27810953664749655	0.2476226332113731	0.3283582089552239	0.2506239155947225	False
22	2045-04-01	FGA	north	0.17330180767466075	0.030787248141045494	4.121325205078599	0.042050020090893474	-0.2169986190235263	-63.50225746158097	33	3698.0	3697.5373718920573	0.8408021418007442	0.8396370773345053	1.0	0.9993381634742552	False
23	2045-04-01	FGA	north	0.10936546792800536	0.012033729066169273	7.935837847414616	0.01378121252359448	-0.976597008605085	-253.6992792518992	4	48.0	47.813270043465685	0.062327816870894864	0.05144102741508071	0.08759124087591241	0.0617733479091561	False
22	2045-10-01	FGA	north	0.2008711226048812	0.040558816859610165	4.096483796878411	0.049035009672917136	0.9406963770934832	-37.389630743619804	30	3860.0	3860.0049301552867	0.9267253423058797	0.903982405717845	1.0	0.9878036181241459	False
23	2045-10-01	FGA	north	0.08934480163930152	0.008018503167721328	3.2037567306162535	0.027887511178826534	0.9572920358734482	-22.9244340496314	5	59.0	58.83078864056336	0.15462415825862066	0.16721796328138178	0.5238095238095238	0.36806926923516703	False
22	2046-04-01	FGA	north	0.29068464237969005	0.08453031783984641	5.366794028888388	0.05416355478056215	-0.8003951113779812	-73242.39539530157	4	80.0	80.1994519944227	0.688896688896689	0.6892249422672162	0.8378378378378378	0.7777265082787239	False
23	2046-04-01	FGA	north	0.14652109656885967	0.022236339117495906	3.1683886784516333	0.04624467243092895	-0.29107934882032155	-44.51836877536325	18	1995.0	1995.0521285978039	0.9735449735449736	0.96247046330861	1.0	1.0	False
23	2047-04-01	FGA	north	0.42686801678455727	0.20094812116459684	8.942204920064107	0.04773632684560499	-0.006554729174129255	-3583.124638729542	9	409.0	408.6764143420638	0.8981481481481483	0.8897869302424611	1.0	0.999963997907118	False
24	2047-04-01	FGA	north	0.03545309723255129	0.001573943446553118	0.6487739162253197	0.054646304892810145	-0.3853219125483427	-3.935930075282398	14	1601.0	1600.9692182550743	0.9208425728062865	0.9129008772844136	0.9801980198019802	0.9971788043312035	False
24	2047-10-01	FGA	north	0.2222865600811709	0.05879638803557993	4.113080773836562	0.05404381102728222	0.8667842919285469	-39.74964511518496	27	2700.0	2700.005033143472	0.9522011071388446	0.9539489986164221	1.0	0.9993760680464954	False
24	2048-04-01	FGA	north	0.09757112836427678	0.009658847175132719	2.0046456856959556	0.04867250560061086	-0.7948351554564008	-126.08901788026297	11	688.0	688.0408561316875	0.9873112690367076	0.9686853128780732	1.0	0.9782645542426027	False
25	2050-04-01	FGA	north	0.12626443763469442	0.016204016371954805	3.4857177330588827	0.03622336841482898	0.26737153738064456	-89.11782641314765	14	386.0	385.97272683173446	0.6041087422140271	0.5992022030446105	0.7540983606557377	0.6972988801683466	False
26	2050-04-01	FGA	north	0.024181615646940637	0.0007169114110745167	0.5718324863056166	0.04228793611074545		-4.4245358685269	10	253.0	253.11356920246212	0.4316812342897179	0.41796425094255485	0.5454545454545454	0.4346673705420652	False
25	2050-10-01	FGA	north	0.004356863551332455	2.7792910992423043e-05	0.1278210004053983	0.03408566305625982	0.9941805942847395	0.94588705716398	22	692.0	692.0174711988598	0.5697119262636224	0.5681833930971539	0.7540983606557377	0.6940208754693002	True
26	2050-10-01	FGA	north	0.0017704017721132984	5.631680429871737e-06	0.03795837064501251	0.046640615548810924	0.9974292530618092	0.9900132605656742	19	530.0	529.9858918646053	0.4486351863502445	0.44081239081375606	0.5918367346938775	0.4792363181350384	True
25	2051-04-01	FGA	north	0.26222660903065304	0.06878530220789265	9.04584377311846	0.02898862898891887	-0.7257907823706763	-3715.4369305139644	7	208.0	207.97161030114472	0.5299238676085836	0.5079382977428757	0.6486486486486487	0.5326654250355809	False
26	2051-04-01	FGA	north	0.06446943327401601	0.006796995710621341	1.9136413064662243	0.033689403053839176	0.8506770225952871	-15.962826490381772	14	278.0	277.9755316671819	0.5917427918316905	0.5943019916643123	0.8	0.7302788102184383	False
26	2051-10-01	FGA	north	0.0028224486428428614	9.979436004956411e-06	0.14474686806369744	0.01949920354477592	0.9892194185800973	0.8932740469497619	9	115.0	114.78221476864579	0.6805983814755743	0.6242999646913474	0.8	0.6396854815777101	True
26	2052-04-01	FGA	north	0.011154652282562518	0.0001244262675448772	12.762150890538445	0.0008740417174374825			1	11.0	10.738129101179771	0.6111111111111112	0.4845246654046767	0.6111111111111112	0.4845246654046767	False
27	2052-04-01	FGA	north	0.16954614416666808	0.029860517053681906	4.0819018025002345	0.04153606636563824	-0.8762889347863315	-54.69262070957694	16	1101.0	1100.8895138302837	0.4568636023199153	0.4503649933137696	0.6666666666666666	0.5339608009469357	False
28	2052-04-01	FGA	north	0.025589588824403004	0.0008450643490948562	0.5701482166855263	0.04488234475793743		-0.7355884599751439	16	966.0	965.9534055689512	0.38576991370521957	0.37149812727129033	0.5238095238095238	0.40082280267660614	False
29	2052-04-01	FGA	north	0.036640710689244224	0.0018757794466631264	0.6855496688989839	0.053447200620912634	-0.9913893546703267	-3.126993524035255	11	505.0	504.9980699678572	0.203475606508809	0.20504229388076703	0.30526315789473685	0.30243752255506395	False
27	2052-10-01	FGA	north	0.17994057614088135	0.032716420879374264	3.1848901963513017	0.05649820403448328	0.9937182742399261	-28.605065114578377	21	1260.0	1259.759112469601	0.4120720060709171	0.410757126096611	0.6666666666666666	0.5222919929160507	False
28	2052-10-01	FGA	north	0.19733357613159397	0.03917113334603382	4.285120298643439	0.04605088361091398	0.9882539522268766	-38.95767038057075	22	1123.0	1122.9409510902858	0.351311154740114	0.33479138018593174	0.5238095238095238	0.4230391914567241	False
29	2052-10-01	FGA	north	0.2515447981111261	0.06345105278922149	4.712874920200517	0.05337396013480955	0.9941216103294224	-65.9697774709354	19	818.0	817.9792256026843	0.32964921429220867	0.33484137679832415	0.6428571428571429	0.6004418215920325	False
27	2053-04-01	FGA	north	0.30225173423664725	0.09138816665672335	5.315297786653127	0.05686449684825006	-0.6837813926111955	-3119.6589107910754	3	57.0	56.92891362901433	0.23336245813310033	0.24574356343215756	0.24770642201834864	0.27368513529161403	False
28	2053-04-01	FGA	north	0.08994039108529445	0.008118530060325497	1.784031479351314	0.05041412784823583	-0.31674752179008137	-301.65170693295966	4	82.0	81.93788808028884	0.2742202496789653	0.24933741233382922	0.3394495412844037	0.2664319084555651	False
29	2053-04-01	FGA	north	0.3130605669734455	0.09805687179023033	7.0301245075085586	0.04453129765185234	0.1296670782096103	-1942.3128374935457	6	170.0	170.00801971237644	0.5213927170349189	0.5394288822524652	0.6428571428571429	0.5892803675168929	False
2	2029-10-01	FGA	south	0.10769007270249158	0.012980352376253725	2.101454346891751	0.051245497130011586	-0.9653419690746493	-28.012217092004132	17	2263.0	2263.025486889243	0.7434251229956239	0.7351308277656824	0.8846153846153846	0.7589954618168763	False
3	2029-10-01	FGA	south	0.0949557120796416	0.009662665306060475	1.8552451845482243	0.051182298097577066	-0.21893601613337507	-15.504458619606588	14	802.0	801.9976418060294	0.26315469467760616	0.2588831912200274	0.3163265306122449	0.2763592444052345	False
2	2030-04-01	FGA	south	0.039306176101518576	0.002444159562312531	0.6817345260326052	0.057656132410167364	0.3337424779185282	-0.7303905378096927	26	2749.0	2749.043396269832	0.7215213444073533	0.723432239792647	0.8846153846153846	0.78405510650244	True
3	2030-04-01	FGA	south	0.0428767880634513	0.00285266462542114	0.8063035922221411	0.0531769776013084	-0.015285299227007533	-1.3637592474979208	21	1002.0	1001.9119992882622	0.2825689987110485	0.2756694728138984	0.46153846153846156	0.3021090428398926	True
2	2030-10-01	FGA	south	0.08252604794559035	0.007055744271642476	1.3525179094094246	0.06101660271665109	-0.9793995314550749	-90.5847359679196	7	263.0	262.99731749751817	0.6817233082547466	0.6843411991889925	0.782608695652174	0.7023304555123018	False
3	2030-10-01	FGA	south	0.25480972213703384	0.06504440332974218	5.164519700831313	0.04933851294942647	-0.9985633083321221	-2785.0669490164923	5	93.0	92.81356798952537	0.31980959066557696	0.3005731657401095	0.46153846153846156	0.31165504788159576	False
5	2031-10-01	FGA	south	0.0033171505771755635	1.7394056163452374e-05	0.053252627407248704	0.0622908340617206	0.9224181935039819	0.8490660552478035	10	459.0	459.0029820549484	0.8785368367551063	0.8825670001572373	0.958904109589041	0.9455584387305657	True
5	2032-04-01	FGA	south	0.09097270927735025	0.008972371530798247	1.5160570082636298	0.0600061269341996	0.8731355240668646	-8.653107775930938	27	1567.0	1566.7452985454395	0.9339520983770417	0.935600152128596	1.0	0.9826735750718064	False
5	2032-10-01	FGA	south	0.1976976459688119	0.0394783161558038	6.727113030225869	0.029388185553078778	0.3194115248594197	-93.32681607787404	36	2203.0	2203.019493614778	0.8942540297160448	0.887356719724919	1.0	0.9814323438290359	False
6	2032-10-01	FGA	south	0.028151562212567528	0.000964146788237003	0.57684833769802	0.04880236341654306		-4.617381646990455	10	408.0	407.7825437638952	0.2742375960498479	0.26525871031255205	0.43790849673202614	0.41004252012885195	False
5	2033-04-01	FGA	south	0.003225382203358183	2.172123385832461e-05	0.07454244925066761	0.043269066629566054	0.990487507375163	0.9576314628219139	30	1701.0	1701.1270126036666	0.7501583251368125	0.7489082662291302	1.0	0.98675231844897	True
6	2033-04-01	FGA	south	0.0017140179483560954	5.757308937512695e-06	0.031425037254300084	0.05454306814295202	0.99731705260938	0.9918486794026069	20	802.0	801.877037249034	0.4549966426765165	0.4437054125691712	0.9047619047619048	0.735087168647785	True
5	2033-10-01	FGA	south	0.3039560621312211	0.09241006914768961	7.251190191255179	0.04191809263226709	-0.8236523020588068	-5608.160765094606	4	91.0	90.90288451768976	0.3557868229180836	0.36120063266104263	0.4107142857142857	0.40239915659752645	False
6	2033-10-01	FGA	south	0.05863954496623583	0.005179149080946321	1.8648280967136226	0.0314450136554549	0.9328512565769075	-14.247778431349666	12	287.0	286.67858414240254	0.8026036220525156	0.7828402544935428	1.0	0.9782969996384779	False
6	2034-10-01	FGA	south	0.06834355555502886	0.012252121780856882	2.015577964231779	0.0339076715303729	0.42258192392847327	-33.028694434616334	5	64.0	63.67299194859161	0.22010482019366928	0.198923013050406	0.875	0.8678654024125715	False
7	2034-10-01	FGA	south	0.08753568599501893	0.009371380787902622	1.8584268494807419	0.04710203472333444	-0.9727474130644307	-29.232832428685246	17	1895.0	1894.9068295881116	0.8966343893215701	0.9006308773354901	0.9523809523809523	0.9560692986366929	False
6	2035-04-01	FGA	south	0.19798291476652485	0.03919991141661322	7.081611489121274	0.027957325118818637	0.9880536894279719	-2336.492540791852	3	38.0	38.03959409509255	0.05843829864914202	0.01593369875681329	0.0625	0.0210817936374044	False
7	2035-04-01	FGA	south	0.22485393240784726	0.057575165246512246	4.388054093303162	0.05124228818213718	0.8629384735586042	-39.09598280844923	29	2686.0	2685.8833559374566	0.9108395754799037	0.9070883523176734	1.0	0.9672019935876072	False
7	2035-10-01	FGA	south	0.0033844889157537044	1.8470437139534095e-05	0.06690213358048953	0.0505886544213399	0.9812328143829351	0.7098152727892533	10	477.0	476.9521148680116	0.9273476241900112	0.9069770419833499	1.0	0.9332922592177155	True
9	2035-10-01	FGA	south	0.0052892429796774715	4.8164857022842736e-05	0.1733678702215646	0.03050878442999735	0.8743148315568174	0.4548440636663329	14	493.0	492.9946235082866	0.8669733013504002	0.85825501153998	1.0	0.9478145480059972	True
9	2036-04-01	FGA	south	0.0017376423617091702	4.094544409091412e-06	0.048768447527799685	0.03563046292828277	0.9980249250341007	0.992674987365376	25	869.0	869.0298358033584	0.876374987479235	0.859050874858885	1.0	0.8995669163258254	True
9	2036-10-01	FGA	south	0.008755011649470974	0.0001913438068016888	0.15188815323938826	0.057641175185482396	0.9927818434388382	0.7282701229398277	10	254.0	254.11602048245112	0.7970433109132798	0.7862187299166414	1.0	0.9352149063505301	True
10	2036-10-01	FGA	south	0.023744727674623933	0.001162686015266764	0.5509565261569425	0.04309727999820469	0.941953924323673	-0.49429399938513674	6	76.0	75.82028929973276	0.09196419732134019	0.09645145288717988	0.12244897959183673	0.11441500881832524	True
11	2036-10-01	FGA	south	0.009387461852725838	0.000158992224619625	0.1724146766208866	0.054446999737542204	0.9469963593916919	0.13148585831795667	11	933.0	932.7155259073381	0.8395026030707637	0.8274077785823024	0.8994708994708994	0.9012485337890169	True
9	2037-04-01	FGA	south	0.0058935215512584405	3.4733596275147694e-05	1.5792224638129801	0.003731913448741559			1	11.0	10.647206757483108	0.05945945945945946	0.013995896206318595	0.05945945945945946	0.013995896206318595	True
10	2037-04-01	FGA	south	0.0037190386780144827	2.3434376645813083e-05	0.12316093281010115	0.030196577706575006	0.9971477696266682	0.8794256932312751	7	88.0	87.9142532761735	0.08698972015298546	0.092378195492315	0.12244897959183673	0.1159864946310967	True
11	2037-04-01	FGA	south	0.00405533347593158	2.5440738201071774e-05	0.07645873685675582	0.05303950395530573	0.998744059112307	0.9771408355126935	25	2195.0	2194.9764095285313	0.9027736414525691	0.894564550992043	1.0	0.9733821070566185	True
11	2037-10-01	FGA	south	0.19774066156100442	0.05137178994815593	4.685754828879496	0.0422003858038578	-0.35277918291506927	-101.68190484667564	21	908.0	907.7781398263133	0.7205329682611489	0.7086250224648422	1.0	0.9700948087369102	False
12	2037-10-01	FGA	south	0.03711352941753244	0.00148218943910244	0.8078210138142794	0.04594276304139936	-0.9728354352383919	-57.030171024568716	7	274.0	273.92476798984495	0.66164250991371	0.6275593457805214	0.7777777777777778	0.8343141125558243	False
11	2038-04-01	FGA	south	0.03139063889246033	0.0011480240439278627	1.4659197345430615	0.02141361368754957	0.9076432281089484	-9.94536791225473	12	184.0	183.78701459595896	0.4069258751763805	0.4222975757218172	0.9230769230769231	0.6541419151203094	True
12	2038-04-01	FGA	south	0.015045107646388792	0.00035966018741725677	0.3724891381368556	0.040390728496520874	0.7634181194713934	0.3171920038746895	29	1217.0	1216.9481155143517	0.8809529971222834	0.8493250859689635	1.0	0.993938349061443	True
12	2038-10-01	FGA	south	0.19311776234399033	0.0399112174588485	1.6545934301453291	0.11671614236195056	0.228461415540135	-42.960548168713764	41	2585.0	2585.317594074539	0.7828894935748499	0.7767552968638581	1.0	0.9916170890939279	False
13	2038-10-01	FGA	south	0.169594934870227	0.029106184423788668	2.8758241329929968	0.05897263776478644	0.9419500820146113	-49.25302698523627	15	2507.0	2507.007137256217	0.517032110919008	0.5052848255408379	0.8415094339622642	0.9127413195232269	False
12	2039-04-01	FGA	south	0.21043084466968587	0.04483636026448124	2.81136480641133	0.07485006719504968	0.9724521540219745	-36.509940255659856	27	1966.0	1965.961971398329	0.5436567347878976	0.5424750697574419	1.0	0.9994473561257746	False
13	2039-04-01	FGA	south	0.19907841780387425	0.04015227021865903	3.498881797018462	0.05689772600306675	0.947874660008966	-23.8569411827821	24	3089.0	3089.0862214845315	0.6520870352245502	0.6361182790015355	1.0	0.9653112815987761	False
12	2039-10-01	FGA	south	0.07833832378590574	0.006154056633783865	1.1961924804157487	0.06548973101609741	-1.0	-1403.9352673316632	2	25.0	24.87580290137815	0.16877828054298644	0.1349752511087055	0.18461538461538463	0.1435323251524927	False
13	2039-10-01	FGA	south	0.27775637320679086	0.07725758496616901	4.892608496080434	0.05677061089790999	-0.9918835065863351	-2988.7834773270893	6	208.0	208.16698635039123	0.906830665533048	0.8923107619593386	1.0	0.9275895735813794	False
15	2040-10-01	FGA	south	0.02781290598965496	0.0010781726117714847	0.5949974190066806	0.046744582583378706	0.913698258164436	-0.4511210207053078	20	3197.0	3196.9982106597913	0.8691073809832883	0.8637318650760137	0.9565217391304348	0.9365882810010445	True
16	2040-10-01	FGA	south	0.013960739538021565	0.0002366583574561842	0.2383287090609837	0.058577666085747486	0.9938415948373482	0.5872989772550627	11	472.0	471.8992014459207	0.15189322169625133	0.1505996345555788	0.27692307692307694	0.2518117003927985	True
15	2041-04-01	FGA	south	0.23761128595288258	0.05695230207930391	3.9851257927497747	0.05962453842364874	0.9322028123360346	-36.76344077090281	27	3517.0	3516.8947577001527	0.8075653809979526	0.8038196882794174	0.9565217391304348	0.9117696446597513	False
16	2041-04-01	FGA	south	0.2236177240942936	0.05035765439531727	3.677700314964888	0.06080368299297615	0.9725180186110476	-42.15011129559726	17	636.0	635.8502802990503	0.22831095905637294	0.22605146941336568	0.45454545454545453	0.4048245123088658	False
15	2041-10-01	FGA	south	0.010013218721210219	0.00010300638601765433	0.15541300464642105	0.06442973510480167	-0.49141243282257674	-1.1201956262006276	5	135.0	134.88252510533042	0.6133612623935204	0.5954854030499008	0.6666666666666666	0.6156216780633391	True
16	2041-10-01	FGA	south	0.013981696193182288	0.00022698574595388793	0.29542149102219994	0.04732795892676478	0.976173274341831	0.7653464905907278	9	139.0	139.05570367892363	0.24575599440779802	0.2217127838866494	0.45454545454545453	0.3884257185720503	True
17	2041-10-01	FGA	south	0.01070418882131193	0.0001743784442952102	0.27437766512695516	0.03901260992347565	0.9899395372184729	0.21704721134450233	16	1122.0	1122.0075771534737	0.8025273060769551	0.7849933893574413	0.9411764705882353	0.8331856989133513	True
18	2041-10-01	FGA	south	0.01635738093053406	0.0003047201986184153	0.5078784085377703	0.03220727767819171	0.9763047586432803	-4.938663716867257	6	110.0	109.99872190620256	0.1308933056549739	0.12791799019071792	0.18253968253968253	0.16881182605668446	True
16	2042-04-01	FGA	south	0.2039905791925392	0.04161313520847164	14.994088993340048	0.01360473312404282	0.978502736904669	-2189.9102050440624	5	59.0	58.961324570956094	0.12619824280374742	0.09820464311806232	0.17142857142857143	0.11977933772018567	False
17	2042-04-01	FGA	south	0.19891866815116194	0.04074894662877464	4.044315679885917	0.049184753094440224	0.9886971974579107	-46.862299335135	26	1514.0	1513.9994357478618	0.7508974302658614	0.7404594896138584	0.9411764705882353	0.8101485409760372	False
18	2042-04-01	FGA	south	0.21195282158753082	0.044975363581781135	6.313126711449942	0.033573351411293216	0.9526039667225246	-130.2648357181961	12	204.0	203.67657319021376	0.19908521948745186	0.18119735079683294	0.4482758620689655	0.33984362983902977	False
17	2042-10-01	FGA	south	0.17755428661327566	0.03199598941584775	3.8988821925705603	0.04553979264918822	-0.9368794083581582	-373.8016025775416	8	243.0	243.050659332622	0.6509486065790634	0.6482245423087948	0.8	0.7447263462331709	False
18	2042-10-01	FGA	south	0.1759382780989429	0.03125589900382524	5.082826225485213	0.03461426188776454	0.8005549825286776	-74.65546346889866	14	401.0	400.27723711220557	0.5890928727907273	0.5594147362405224	0.8108108108108109	0.7426165182052208	False
19	2042-10-01	FGA	south	0.025273986549805776	0.0006497781551376172	0.8827534960631808	0.028630854097457865		-58.050562092766384	5	134.0	133.79837815432143	0.37144319644319646	0.35511641369549973	0.43243243243243246	0.41607079593201496	False
18	2043-04-01	FGA	south	0.0014814153828578607	3.0726610844411696e-06	0.043952384134187894	0.03370500627076467	0.9977726059852472	0.9940407263054017	21	698.0	698.0560572049318	0.6480385097324511	0.6320823239089131	0.8108108108108109	0.7230532028509709	True
19	2043-04-01	FGA	south	0.0012487347436564297	2.0483052392926922e-06	0.04759430831372916	0.02623706043640972	0.9970649030137332	0.9923229473826288	14	353.0	353.00164625855837	0.3913545736001889	0.38031198453222803	0.44	0.44072075527039134	True
18	2043-10-01	FGA	south	0.2806270288698701	0.07887805277896168	8.548494283462949	0.03282765590809866	-0.8280882956355364	-982.3640115966253	9	249.0	249.2697225449995	0.5944019252479775	0.5862435524854114	0.6666666666666666	0.5972600139571538	False
19	2043-10-01	FGA	south	0.04423424419578517	0.003361766034457777	1.5492850618480318	0.02855139140309098	0.8665603172232865	-8.291769964229111	20	523.0	522.7848347052634	0.5303727313351899	0.5264057795550132	0.7307692307692307	0.7002166205533491	False
20	2043-10-01	FGA	south	0.14977296327296197	0.022567877491116536	3.758137133084867	0.03985297980598723	-0.8195652710858738	-262.5913477124591	8	175.0	174.95005680025284	0.3278489069746305	0.31633232673101763	0.40217391304347827	0.4160607076585976	False
18	2044-04-01	FGA	south	0.19731459139702154	0.03893304797817357	156.5825531078734	0.0012601313970215244			1	13.0	12.99471963548158	0.17333333333333334	0.09838394269350458	0.17333333333333334	0.09838394269350458	False
19	2044-04-01	FGA	south	0.17859583850477442	0.031904151346583254	4.648351477425064	0.038421328372463544	0.9925358990668427	-65.32715479269082	21	559.0	559.0296873002183	0.5156639481911068	0.5100343511773281	0.7307692307692307	0.6889572409279808	False
20	2044-04-01	FGA	south	0.23794157906151914	0.056623605276927655	6.027397482784039	0.039476669614232004	0.9920251439178515	-123.21257599687756	20	481.0	480.9495529657498	0.48300785188084666	0.48694826725781376	0.782608695652174	0.691643948426593	False
19	2044-10-01	FGA	south	0.041523920484038544	0.002044580098778848	1.1294992914692064	0.0367631222061467	-0.9833652323144897	-33.6260455647308	5	96.0	96.32936607705739	0.3694230769230769	0.3458877127960354	0.45	0.36960326086318807	False
20	2044-10-01	FGA	south	0.1386132288419368	0.020714652689397386	1.4619065591722633	0.09481675006672116	0.03831486990811345	-19.406343033865614	23	518.0	517.9600855728315	0.3604598378654595	0.36639189986931414	0.782608695652174	0.7103697587907989	False
21	2044-10-01	FGA	south	0.04977080010095343	0.00300181458957933	0.5616554588970815	0.08861446873264255	-0.3410727703577845	-0.09691749267731864	16	924.0	924.0616805111449	0.1479219677824149	0.15687395799220438	0.27586206896551724	0.19766556921153478	False
22	2044-10-01	FGA	south	0.07660328665132732	0.007806001544507194	1.066932916233351	0.07179765989577293	-0.9615214917156105	-2.017874738670896	21	6075.0	6075.118642723716	0.741088328252377	0.7256603492397437	0.9215686274509803	0.9131743262307183	False
20	2045-04-01	FGA	south	0.014029511453490798	0.00036217123783652847	0.13989172897233956	0.10028835554863161	0.9694947553836336	0.8054638363645872	16	358.0	357.9971630378584	0.15369965108193148	0.1541875358625113	0.4782608695652174	0.38971556332869084	True
21	2045-04-01	FGA	south	0.007948570922905025	0.00010024971230459211	0.14010005678756654	0.056734958608599485	0.9813924465708179	0.9447371466191444	16	924.0	923.9466399748221	0.1479219677824149	0.12683406996608362	0.27586206896551724	0.20506481001626659	True
22	2045-04-01	FGA	south	0.007763862814365865	9.710183373697321e-05	0.10752605840407772	0.07220447703188045	0.988464378150365	0.9701257526919702	25	6164.0	6164.046433065847	0.7774885547063556	0.7653765933255744	1.0	0.9245558189360599	True
23	2046-10-01	FGA	south	0.002012277787245508	6.456676410777736e-06	0.060873127029715916	0.03305691502037002	0.9941396634682131	0.9535412318583024	20	1636.0	1636.00000015655	0.9771870664544144	0.9749580347310424	1.0	1.0	True
24	2046-10-01	FGA	south	0.020762359752784548	0.00043737555324476624	0.8462145423122358	0.024535574271806432	0.9980500296831502	-15.70592922077439	3	38.0	37.862452870683896	0.08362935904144696	0.07202253695259782	0.10416666666666667	0.08120425536385845	True
23	2047-04-01	FGA	south	0.002398702313291889	1.1159041049558271e-05	0.05983667362155069	0.04008749430930893	0.9947037695308457	0.9837925254133673	31	2275.0	2275.0103495579415	0.8576874522762169	0.8424245810080457	1.0	1.0	True
24	2047-04-01	FGA	south	0.007021160826507735	6.365179680196022e-05	0.21143757884668765	0.03320677840148153	0.972776756184898	0.7633505774927386	17	319.0	318.85934785084953	0.3737280711281946	0.3906651517818375	1.0	1.0	True
23	2047-10-01	FGA	south	0.29477134318787246	0.08694068196810388	6.836818220019735	0.04311528165612418	-0.46489493188914366	-3823.7413953223836	9	381.0	380.9974428003005	0.5936812395738824	0.5780627589640766	0.7927927927927928	0.7869560148537734	False
24	2047-10-01	FGA	south	0.07056846653024673	0.00742909624395086	1.825017000293094	0.038667292698596	0.015612973575815495	-12.397154866824902	35	3747.0	3746.7799310053388	0.8194794951120882	0.823334976628589	1.0	1.0	False
24	2048-04-01	FGA	south	0.2607899510208937	0.0683523333851341	4.922471037221035	0.05297947901550718	0.9161157036785567	-62.023205331015035	30	3826.0	3825.932776882198	0.9959284887186205	0.9844763272293815	1.0	0.9995804906327574	False
25	2050-10-01	FGA	south	0.012362190237567763	0.00021832505779090981	0.6865278767945665	0.018006829227805658	0.44400220342023133	-0.29730900851590114	4	54.0	53.759323457058606	0.4899494949494949	0.43327946943888496	0.5909090909090909	0.4891418469525234	True
26	2050-10-01	FGA	south	0.012193088389056578	0.00018778234379724428	0.4345634292756722	0.028058247812937104	-0.804679579446765	-1.0052595809770404	6	85.0	84.97359910013392	0.5538654265124853	0.5375017514443189	0.6538461538461539	0.6494516215218986	True
25	2051-04-01	FGA	south	0.0015135522311317214	3.848373513710242e-06	0.060704366774424805	0.024933168922690947	0.9920087386661842	0.977292928104181	7	92.0	91.28783296536099	0.4799378399378399	0.4203177273456575	0.5909090909090909	0.4336782972109527	True
26	2051-04-01	FGA	south	0.0012057869932212734	2.5228596259251666e-06	0.0678083413303887	0.017782281199686167	0.9931988013444493	0.982054273119009	10	135.0	134.41902974090866	0.5522680571062923	0.5224457816774669	0.6875	0.5469941359339856	True
25	2051-10-01	FGA	south	0.0012248959226421746	1.5003700213054243e-06	0.05594817429570925	0.021893402922642174			1	11.0	10.723034362578144	0.5	0.37529075312655447	0.5	0.37529075312655447	True
26	2051-10-01	FGA	south	0.006655835895668249	5.481715208239041e-05	0.26914179981425523	0.024729848356003004	1.0	0.5101475791987022	2	23.0	22.948212520105248	0.6294642857142857	0.526736874110854	0.6875	0.5327017082359063	True
27	2051-10-01	FGA	south	0.002173304006784906	5.871912455375857e-06	0.047832747199357165	0.04543548372262661	0.9967026303647984	0.9720027560481256	13	776.0	776.1124961118738	0.6854722949658046	0.686853127733522	0.7733333333333333	0.7076925619532006	True
28	2051-10-01	FGA	south	0.0024218304974323998	8.216257540503606e-06	0.05394545076071604	0.04489406360092956	0.9974856706821381	0.9548274967384073	10	279.0	278.8211142145174	0.27342455849318675	0.2638065114568072	0.4090909090909091	0.28640669884200254	True
27	2052-04-01	FGA	south	0.2168902943468678	0.04714108357341416	4.615894657379045	0.04698770453960499	0.9939036292209255	-48.82056690576121	24	1407.0	1407.0235681277497	0.7131204068099463	0.7168008999601403	0.8918918918918919	0.764974679001222	False
28	2052-04-01	FGA	south	0.18754320461416024	0.03528073513159049	4.234114582190809	0.044293370189599814	0.9962034830669784	-51.306066731690336	17	471.0	470.91219765615585	0.27275509300365613	0.2515279113391586	0.4090909090909091	0.26787727924036653	False
27	2052-10-01	FGA	south	0.15978145888310694	0.026056244860563876	4.012032615626517	0.03982556329696126	-0.9922677869920541	-313.6162458185247	8	413.0	412.99382439905867	0.7342795786882221	0.7522964620580674	0.8918918918918919	0.7639318298121515	False
28	2052-10-01	FGA	south	0.16812573519219684	0.028459530555524425	4.899056693443963	0.03431798113648833	-0.9926472084474371	-951.6179835890848	5	129.0	128.9574197286362	0.2869273673075517	0.2358565645880005	0.3384615384615385	0.2481301749391028	False
29	2052-10-01	FGA	south	0.04661684515328333	0.0028978350812815267	1.2204160460868012	0.03819750264900052	-0.917995332946524	-7.57011109001694	18	1752.0	1752.0684210772406	0.9016975720402132	0.9017143802656358	0.9870967741935484	0.9699522379967636	False
29	2053-04-01	FGA	south	0.0026424301649257747	1.2000536547060152e-05	0.05351183531262914	0.04938029408799111	0.9990753711858027	0.9881147491201543	28	2294.0	2293.884076926154	0.9368498008678944	0.934757779464098	1.0	0.9809231757563961	True
29	2053-10-01	FGA	south	0.27284460072686445	0.07472820513008821	5.539041608082491	0.04925844939108843	-0.9684505532738459	-1773.7122794867687	8	289.0	288.96664910960743	0.9860744202849465	0.9825307946094058	1.0	0.9843472013898875	False
0	2027-04-01	FGA	tropics	0.16908927320207773	0.030497970498232104	18.412333830807697	0.009183478572344583	0.038789343265965275	-8932.90942361632	16	222.0	222.29542109881626	0.9775033428226363	0.9777780850890747	1.0	1.0	False
0	2027-10-01	FGA	tropics	0.0012160674446811978	2.684199637962142e-06	0.13241904307843672	0.009183478572344583	0.7674725141377494	0.5321372172694991	41	831.0	830.8234860291293	0.8166307541067558	0.8162331803125434	1.0	1.0	True
1	2027-10-01	FGA	tropics	0.0018125543307281591	5.721741756752868e-06	0.1260749502458164	0.014376799889225467	0.8361563596459538	-0.4737480313934366	11	206.0	205.94667011264286	0.42033732086610665	0.3985714524661211	0.6071428571428571	0.49782688981538753	True
0	2028-04-01	FGA	tropics	0.21761428827040205	0.048028974253456425	15.840507482967176	0.013737835640960126	0.705233463355165	-1695.1028014519945	40	872.0	871.9814641143087	0.5633555660699109	0.5609464277615694	0.9523809523809523	0.8924665215006942	False
1	2028-04-01	FGA	tropics	0.17023404034150874	0.029180331002775593	11.603828380906306	0.014670506556407099	-0.6418025430804363	-704.1446451314212	37	1084.0	1083.9532938614357	0.6353825321472143	0.6295594867975748	0.9	0.8736791311009481	False
0	2028-10-01	FGA	tropics	0.2661232598027758	0.07089339406719648	20.31041065728206	0.013102800543688684	-0.8771156497499786	-12115.562384577996	14	244.0	243.99472529808315	0.3248313064146216	0.3206283545560544	0.5208333333333334	0.43341946932457115	False
1	2028-10-01	FGA	tropics	0.03320035197700395	0.0013756905569627228	1.7820592540248659	0.01863032999717567	0.7487440051155827	-49.009992597566054	45	1219.0	1219.0047903958816	0.8226362289437958	0.8152179870541908	1.0	0.9202653857249006	False
1	2029-04-01	FGA	tropics	0.09853834245677638	0.009779773977413229	5.128755576049747	0.019212914516131465	-0.2603821213477735	-559.4231639357263	19	330.0	330.13298808960354	0.921227694166352	0.9166448427839631	1.0	0.9528635654100667	False
2	2029-04-01	FGA	tropics	0.09770066765415023	0.012390913998524211	3.447970293099661	0.02833570458819677	0.7311831452511564	-247.57462704377173	4	55.0	55.036499158199604	0.4969065175014832	0.48664291823484956	0.5217391304347826	0.5027803108594714	False
3	2029-04-01	FGA	tropics	0.06471616066633125	0.004201857346233912	3.8946116398026893	0.016616845696483855	0.7140568666536364	-154.01914699260368	3	43.0	42.86006134672104	0.5504385964912281	0.47072418124316506	0.6666666666666666	0.4972196891405285	False
2	2029-10-01	FGA	tropics	0.04811397100356231	0.006138683409173201	1.8305916608341126	0.02628328973247867	-0.7492181820464887	-129.55924690536793	30	806.0	805.7237372730068	0.46162379155602123	0.4564326033714537	0.6071428571428571	0.4779432250330442	False
3	2029-10-01	FGA	tropics	0.15554380122215433	0.03130116583699748	9.273412699448366	0.016773091661434085	0.8927265055702363	-769.9118578277427	29	942.0	941.8686112801893	0.5306668324482026	0.5248665292479738	0.6666666666666666	0.5533009066076692	False
2	2030-04-01	FGA	tropics	0.10056144067179887	0.011761736908025736	7.405064464671835	0.013580089836024862	-0.4646430054730324	-195.6585443455461	37	997.0	997.0326224245644	0.45267066786773674	0.4302432176183086	0.7692307692307693	0.5031409089099741	False
3	2030-04-01	FGA	tropics	0.22364500010760774	0.053932644290663974	14.009537481348715	0.015963767569439926	0.6144051994290948	-597.4282015678936	46	1349.0	1348.7287080067388	0.5479357150331936	0.5298305935161838	0.7058823529411765	0.5642540187535914	False
2	2030-10-01	FGA	tropics	0.2558529330244025	0.06547187377965974	16.589790727230444	0.01542231226608821	-0.5460154364914389	-28410.582981675587	9	194.0	193.99124642439256	0.42327584150191244	0.3938566770833084	0.5	0.4388335540641045	False
3	2030-10-01	FGA	tropics	0.1277909448891588	0.016366459467101555	9.663858552224239	0.013223594302272395	-0.355772335944316	-2430.403234173526	19	390.0	390.0527118062191	0.5669411766009752	0.540467159706301	0.7058823529411765	0.5624475750366574	False
4	2030-10-01	FGA	tropics	0.1338231427633538	0.026531138764192774	23.19056866359094	0.0057705847883521445	0.49134418241550404	-26568.788827326454	3	35.0	34.93382920874172	0.87991452991453	0.597825685211784	0.9230769230769231	0.7921447834089607	False
4	2031-04-01	FGA	tropics	0.16453634770779238	0.03825019803681176	24.77985951211699	0.006639922539808448	0.1282398989478038	-13220.38804523996	11	129.0	128.73481036848167	0.9249629158720066	0.8349891367065198	1.0	0.965502633404045	False
4	2031-10-01	FGA	tropics	0.0018390841247850442	6.438800603829001e-06	0.2863275472409404	0.0064230079938395945	0.5290603546017677	-0.026665958168973436	27	368.0	366.77192719368185	0.7886263725615713	0.7768472654147656	1.0	0.9990023297903513	True
5	2031-10-01	FGA	tropics	0.0008007503971262148	7.982486959162385e-07	0.03444445023224335	0.023247588268273032	-0.5139436679867326	-0.5145017510722849	7	125.0	124.93036587869771	0.5762485851726089	0.5567211932158439	0.7333333333333333	0.6829332248035583	True
4	2032-04-01	FGA	tropics	0.0019902542760315495	7.408125156268152e-06	0.09740018134203618	0.020433784091658476	0.9674318758197247	0.8414523750941785	29	419.0	417.98912392494395	0.48709975612533346	0.47530296599182287	1.0	0.9523685601409174	True
5	2032-04-01	FGA	tropics	0.0014664549556475312	3.4060756659511193e-06	0.07040152119466017	0.020829875985105266	0.9885340616383225	0.9718260431273795	33	2063.0	2062.9796708503895	0.8144703465928048	0.8055338010263622	1.0	0.9743672509874284	True
4	2032-10-01	FGA	tropics	0.13100837550615899	0.017166425227334657	15.705714280576254	0.008341446505758807	0.8843819806234672	-1472.141163175941	10	150.0	149.79887053703678	0.17747777661292202	0.1614111856522648	0.3333333333333333	0.2261143979840829	False
5	2032-10-01	FGA	tropics	0.1754263570973034	0.032878416627255165	7.4852443092568866	0.023436290099490314	-0.7355251017633744	-258.01888524683346	40	2315.0	2315.08459015662	0.9338463374963915	0.9331371160835055	1.0	0.9980914042673786	False
5	2033-04-01	FGA	tropics	0.17403070475496046	0.030313453825450316	7.461705608287614	0.023323180233975855	0.4582680027200286	-3588.9460755340638	14	353.0	352.8327221940169	0.9899011702583131	0.9900832468142811	1.0	0.9982122830631102	False
6	2033-10-01	FGA	tropics	0.0014299746135739372	3.746772281671477e-06	0.13999982095296357	0.010214117445581396	0.4336009318677664	-0.028077686977765692	18	368.0	367.75990295232907	1.0	0.9959590076082157	1.0	1.0	True
6	2034-04-01	FGA	tropics	0.026265394090347435	0.0011471384552380296	2.4996074051492254	0.010507807760626875	-0.879565540985242	-51.48504596065893	43	1214.0	1213.9355942189093	0.9967997346930315	0.9957690532424076	1.0	0.9994480052186954	False
6	2034-10-01	FGA	tropics	0.010073083156549884	0.00019283305270915432	1.011778336129874	0.009955820160253839	-0.34666631474772786	-8.973974249514084	42	1075.0	1074.4936125690672	0.9598669537745168	0.9508110240175027	1.0	0.9991154031184426	False
6	2035-04-01	FGA	tropics	0.1766549560000134	0.031753976102244355	17.15673085625753	0.010296539444493444	-0.8748168887750492	-1523.6925994635644	34	509.0	508.88308220852906	0.6698207227031514	0.6312428614375293	1.0	0.9799010037739694	False
7	2035-04-01	FGA	tropics	0.12039929368785604	0.021611972113218296	8.273302992652058	0.01455274801307154	0.7638012133251465	-2102.5232426323328	20	477.0	476.7783464890174	0.6035583969260033	0.5894247823971326	0.7636363636363637	0.6525843950617358	False
6	2035-10-01	FGA	tropics	0.15274532438554586	0.02377105880408435	22.789174584822575	0.006702538690772641	0.7217330920897616	-3760.5935882487906	24	327.0	327.16716291325633	0.33703211296933683	0.2903386533086632	0.6363636363636364	0.6034496861624028	False
7	2035-10-01	FGA	tropics	0.1686284783675241	0.028707862920463983	8.355545417266974	0.02018162429217948	0.937912115842614	-342.57659942134757	40	933.0	932.6328281985548	0.4838899216151047	0.4775929742376734	0.7636363636363637	0.633655601405674	False
9	2035-10-01	FGA	tropics	0.1324884614290137	0.02582083640110318	7.307598326146829	0.018130233151289334	0.8777927405616233	-2047.6161008721342	24	973.0	972.964088683493	0.5212526040941806	0.5085152472431779	0.7532467532467533	0.7728931846065125	False
10	2035-10-01	FGA	tropics	0.0409927040647118	0.0017463696701061732	2.494863587517141	0.016430839854257227	-0.9596999469167528	-573.569554551455	7	104.0	103.97429689716331	0.16457856161254855	0.14486365014932553	0.17475728155339806	0.19190567167999692	False
6	2036-04-01	FGA	tropics	0.0048073995761105	2.5727999171296017e-05	0.8073525727522719	0.0059545231394036845	0.5561721528420904	-5.798752690581396	9	107.0	106.56952201851168	0.17821944416149677	0.14131260077223895	0.2318840579710145	0.17924809522507207	True
7	2036-04-01	FGA	tropics	0.0013294578169823598	2.201703266237336e-06	0.11994322272271753	0.011084059497515548	0.7786498242462543	0.32446703188676085	18	391.0	390.6736429979988	0.3406952388662903	0.3269676639232116	0.68	0.5662458696838187	True
9	2036-04-01	FGA	tropics	0.0023938761202823597	1.1670134532248785e-05	0.09760917653143171	0.024525113368941222	0.9685489136306791	0.9272554257652048	46	1806.0	1806.2149944289874	0.5836714645844541	0.5800924795173754	0.8133333333333334	0.7209868563450865	True
10	2036-04-01	FGA	tropics	0.0019458712402670075	6.797178397604251e-06	0.15370435325779425	0.012659831677007714	0.9711443864867613	0.8063321733546116	33	516.0	515.9749991304881	0.3247875739659879	0.31734323615167664	0.75	0.6402206791117314	True
9	2036-10-01	FGA	tropics	0.006233097751027495	5.685785780860347e-05	0.31819325038670954	0.019589031959201617	-0.5142399611836124	-2.948801674846923	20	719.0	719.0182883245436	0.6339139776032245	0.6184477258763345	0.7976190476190477	0.739925994166821	True
10	2036-10-01	FGA	tropics	0.008146875284047344	9.921342044568188e-05	0.8423296301043862	0.009671837476544352	-0.6816502805884812	-8.458300721630657	26	404.0	403.8968812284462	0.412574678908688	0.3929236987266839	0.7857142857142857	0.611142277726213	True
10	2037-04-01	FGA	tropics	0.09669315090292178	0.009349565431535204	305.04005328384414	0.0003169850970782103			1	13.0	12.790843063453751	0.65	0.4164001984925985	0.65	0.4164001984925985	False
11	2037-04-01	FGA	tropics	0.16443591185625325	0.02707228218139933	10.271983369785543	0.016008194906149496	0.14118129250176917	-3002.4308526750356	13	202.0	201.99427142964282	0.7496471040115462	0.7353852392490302	0.8636363636363636	0.7826565606962708	False
10	2037-10-01	FGA	tropics	0.12696001349282726	0.016122808575207245	156.68522674236738	0.000810287071298583	1.0	-684543.612541892	2	25.0	24.746802983213048	0.46785714285714286	0.28224231224640384	0.65	0.398701042287266	False
11	2037-10-01	FGA	tropics	0.19773038968740794	0.04479570785064757	1.8199064429645455	0.10864865633714338	0.7449635477217973	-99.94637351439204	39	1028.0	1027.9068857403024	0.6377663219680955	0.630254033611342	0.896551724137931	0.8166479135089273	False
12	2037-10-01	FGA	tropics	0.046511956671092154	0.0021883713177104766	1.6192799078245137	0.028723852155727973	-0.8196027935883279	-1129.1478881105875	13	826.0	826.0041012801228	0.5831053327351378	0.572586126837284	0.8742138364779874	0.9443513286401867	False
11	2038-04-01	FGA	tropics	0.09835369160565709	0.00980220311645558	1.835570863700037	0.053582072776749916	0.5590740128630383	-51.39759849486476	29	846.0	845.9242251472199	0.48027309867261453	0.47955018481875505	0.8936170212765957	0.8493828542243769	False
12	2038-04-01	FGA	tropics	0.20583560518887908	0.04650180750381504	6.572028847042569	0.03131994852419214	0.7516427054321169	-126.76432260108628	38	3510.0	3552.634777359618	0.8273152605884171	0.8096993228538883	1.0	1.0	False
11	2038-10-01	FGA	tropics	0.12421504357060693	0.015433115494410362	6.639041063309921	0.01870978690839412	0.9587360208165194	-3333.4819833376155	3	39.0	38.95396604958365	0.07039985104501233	0.054062865934283534	0.07878787878787878	0.06036223219538006	False
12	2038-10-01	FGA	tropics	0.2822515252993656	0.07979944275858156	10.88969459726169	0.025919140594662795	0.3921772415411994	-996.6008248132623	27	2265.0	2264.872575716034	0.9568668223898767	0.9525371261509593	1.0	0.9980111110081735	False
13	2038-10-01	FGA	tropics	0.08157721683348212	0.006674713762707402	11.192847772458663	0.007288334344563552	-1.0	-1330.994620660939	2	26.0	25.890746300478497	0.788888888888889	0.7468700161072589	0.8	0.7665524155269994	False
12	2039-04-01	FGA	tropics	0.0012432509051047043	1.5456728130436665e-06	0.057041871089352325	0.021795408905104705			1	17.0	16.779362063226635	1.0	0.9078784315665768	1.0	0.9078784315665768	True
13	2039-04-01	FGA	tropics	0.0013175585856420346	2.6690820277762076e-06	0.0858652152535122	0.015344497556455394	0.9171123362513317	0.8360384018439028	28	612.0	611.9108453648114	0.9659840341916974	0.9616429142255684	1.0	0.9897988789197412	True
13	2039-10-01	FGA	tropics	0.19285155866404394	0.041962813525650344	19.1937551884642	0.010047620008196796	0.7885828592168237	-1383.1465401838466	49	1213.0	1212.9767763179202	0.9230263746295924	0.9210351913277794	1.0	0.987419895228948	False
14	2039-10-01	FGA	tropics	0.20692179920146586	0.04287045776394251	16.799176924963835	0.01231737722185525	1.0	-632733.798009755	2	24.0	23.92584778517716	0.4521428571428572	0.32024514579241525	0.4642857142857143	0.3662981633947202	False
13	2040-04-01	FGA	tropics	0.2435507217209781	0.059545221576966866	22.74547632362582	0.01070765537092758	0.34548503729607577	-4585.136728830328	31	678.0	677.8195684501322	0.7620152562185313	0.7520836581207804	1.0	0.9857230660747871	False
14	2040-04-01	FGA	tropics	0.07342759876635453	0.007016311938536904	2.8076807049439716	0.0261524035254642	-0.7703578150925581	-88.36048534605517	27	685.0	684.8920981785501	0.5030624567913541	0.4839617808993211	0.8157894736842105	0.596848019672113	False
15	2040-04-01	FGA	tropics	0.1890692209568033	0.035824448962744566	7.152949180490823	0.026432345062995362	-0.8926529790884639	-9823.548554606328	14	558.0	557.9921570283024	0.47573673854839854	0.463867504127209	0.7211538461538461	0.7417009995009055	False
13	2040-10-01	FGA	tropics	0.18271371130362557	0.03338509814897987	17.085440703467427	0.010694117551591427	0.8173740214180771	-14793.710252782725	5	64.0	64.1738546866725	0.450240322291139	0.3704686498945672	0.6923076923076923	0.4651399465960054	False
14	2040-10-01	FGA	tropics	0.18674299003205333	0.03494359854584797	4.879831055780756	0.03826833099290055	0.9444669175780722	-191.57529270236392	34	904.0	903.8243407151018	0.39987776522555096	0.39791642486471074	0.8157894736842105	0.5793061978934447	False
15	2040-10-01	FGA	tropics	0.1899072328310098	0.03702659625978943	6.950427856089566	0.027323099636898465	0.8794162624763058	-118.52111867705717	40	2668.0	2667.9926924932574	0.672082189452045	0.6683911179823402	0.8943089430894309	0.8660711440537207	False
16	2040-10-01	FGA	tropics	0.12388257390511268	0.022115214988458483	16.32213407722081	0.007589851505876512	0.8809436743379366	-1568.3374784448743	7	88.0	88.12143935539362	0.21113801929152048	0.19461943136952176	0.3469387755102041	0.3400106177659278	False
14	2041-04-01	FGA	tropics	0.003976261579973542	1.9853315718018902e-05	0.1715031776346328	0.02318476913847332	0.9792783057066632	0.3631176826749851	9	207.0	206.99292210823285	0.15758951641686256	0.14381332110020553	0.25984251968503935	0.20705039127950273	True
15	2041-04-01	FGA	tropics	0.006021970469398694	4.124170949802939e-05	0.2518337323491715	0.02391248548486402	0.9552283094614052	0.6294932683887259	27	1955.0	1955.207706452822	0.7574055887188538	0.7348918584500055	0.8943089430894309	0.8386717085148113	True
16	2041-04-01	FGA	tropics	0.013724027892999608	0.0006810851962143869	0.1417600369531657	0.09681168394117812	0.4200132890595012	-0.15581930052075177	15	174.0	174.26539273983838	0.2985345767440403	0.2460784819131279	0.5454545454545454	0.3810905269727327	True
17	2041-04-01	FGA	tropics	0.004094509930583808	3.138241104082937e-05	0.16658211900862577	0.02457952843289135	-0.6528499176948784	-0.9285298356949687	16	476.0	475.99482845599675	0.6910125447447344	0.6442900817221983	0.8805970149253731	0.9326909093080291	True
15	2041-10-01	FGA	tropics	0.003430927855130602	1.1783948606344763e-05	0.13817388245528556	0.024830509168336384	1.0	-8.602552501750026	2	27.0	26.919812541077192	0.5760869565217391	0.46054401224937325	0.6521739130434783	0.48444841600520794	True
16	2041-10-01	FGA	tropics	0.005147379628236986	3.127974340788745e-05	0.7480276672926568	0.00688126904031096	0.4074369654099692	-0.0735216384613877	5	57.0	56.90248813227322	0.2839304187191796	0.22883914377280754	0.5454545454545454	0.40441636398553404	True
17	2041-10-01	FGA	tropics	0.003436377449830509	1.604035837070315e-05	0.15465317502649772	0.022219895900887465	0.9721749111878827	0.914912293099107	43	2317.0	2316.985137487854	0.7825930509291987	0.7662591912420861	0.9494949494949495	0.9160813029253768	True
18	2041-10-01	FGA	tropics	0.006468205541773875	4.836153077634338e-05	0.9965650570558857	0.0064905000390869105	0.8742244942197338	-3.441908262449388	5	63.0	62.65862923692761	0.24137533656838994	0.21208925073961407	0.325	0.26769059353492314	True
16	2042-04-01	FGA	tropics	0.23116307152965498	0.05343636563902439	81.36560804083969	0.002841041529654983			1	11.0	10.922957594448063	0.1134020618556701	0.09500273859468486	0.1134020618556701	0.09500273859468486	False
17	2042-04-01	FGA	tropics	0.12496639097626286	0.01601300546508331	6.483145277432004	0.01927558085290393	0.6220705793444694	-205.43786567892752	32	1838.0	1837.8944967359548	0.7833629535026876	0.7843474060370794	0.9494949494949495	0.9037488678338641	False
18	2042-04-01	FGA	tropics	0.2260832056531693	0.051334069291437086	46.98581636260439	0.004811733053830837	0.8818008400278063	-6079.9172425505085	11	136.0	135.64532742393808	0.33833189069236946	0.2906246275974827	0.6111111111111112	0.4251379839209298	False
17	2042-10-01	FGA	tropics	0.11537727425548143	0.013359235430987942	6.346743296822613	0.018178972877829023	0.09790192149736826	-9329.97469685681	6	92.0	91.83247156894478	0.5886507936507935	0.5466682564644381	0.6666666666666666	0.5982654003148464	False
18	2042-10-01	FGA	tropics	0.20014643421070402	0.04008117147210794	29.35671918498917	0.006817738486017332	-0.14663833690573344	-40096.76626080633	3	33.0	32.7835169026787	0.4656084656084656	0.40711292906320784	0.6111111111111112	0.43069507771869453	False
18	2043-04-01	FGA	tropics	0.02205669605729816	0.0004864978409640322	0.810855206175659	0.02720176905729816			1	11.0	10.81967891756327	0.8461538461538461	0.7187966485961147	0.8461538461538461	0.7187966485961147	True
18	2043-10-01	FGA	tropics	0.14608044284956356	0.025984669108693223	16.64282216580496	0.008777384111554503	0.9470088452088606	-1098.2289044338695	18	243.0	242.65690607832602	0.5075863271884672	0.45484815916325644	0.8461538461538461	0.682678456489245	False
19	2043-10-01	FGA	tropics	0.0056506086864174	7.394763879365555e-05	0.5303584174888046	0.010654320738742078	0.36337507559247884	-43.689665105161275	19	326.0	325.70883509787393	0.5499300396479488	0.5248902054267865	0.7142857142857143	0.6369129234088082	False
18	2044-04-01	FGA	tropics	0.1794998080699018	0.03241853362451291	17.19254081785799	0.010440563147214072	0.8600597494476587	-1110.9831546825699	26	360.0	359.2750359422391	0.4200629777784878	0.3724997088870501	0.7368421052631579	0.5051424781019767	False
19	2044-04-01	FGA	tropics	0.20054828498310454	0.043488880989741754	7.409366004037695	0.027066861709060776	0.9557218236031514	-674.6040901757925	40	801.0	800.7056280914396	0.4835431713496249	0.47436228907033084	0.7142857142857143	0.5520861613933201	False
20	2044-04-01	FGA	tropics	0.17227321652028132	0.029837216909461985	11.078317176677558	0.015550486032567892	-0.14714928152045878	-5068.117733939684	19	479.0	479.043844822228	0.3970133169258454	0.379854876517264	0.5542168674698795	0.5063313262805631	False
21	2044-04-01	FGA	tropics	0.1717388328759579	0.029512350846610146	6.516606482060324	0.026354028488407368	0.7298065080840854	-18165.790542566836	6	124.0	123.93505004038744	0.2421642479078955	0.24364544387264941	0.36792452830188677	0.30984890712306984	False
22	2044-04-01	FGA	tropics	0.051114553466503954	0.0026143203504962356	1.767377778120047	0.028921124900005424	1.0	-3983.456327776109	2	31.0	30.98429202518928	0.15441906653426019	0.12637370211663354	0.15789473684210525	0.13365641715464976	False
18	2044-10-01	FGA	tropics	0.1868755223031527	0.03493871076711896	16.911762518617188	0.011050032313156726	-0.4145740084793547	-11558.296635446006	6	76.0	75.48440355001269	0.2657464142869145	0.2175602292269997	0.34	0.29516984823679604	False
19	2044-10-01	FGA	tropics	0.1988371626747354	0.03958707990169426	28.621326909210037	0.006947167869102243	0.3000133053446593	-10296.447336123567	20	421.0	420.98159569568264	0.4023997127609176	0.3756553656763894	0.6538461538461539	0.5538274635924212	False
20	2044-10-01	FGA	tropics	0.2189463179425607	0.04819341906297573	6.929339825972855	0.03159699530421304	0.7944700707937389	-443.1728035443178	32	825.0	825.0418269388481	0.3012730582037487	0.2991396064156317	0.5542168674698795	0.42026178656347457	False
21	2044-10-01	FGA	tropics	0.1810644388797084	0.03776719926153592	2.2942284278134055	0.07892171358554657	0.9247695599105813	-56.35840332054825	30	1277.0	1276.894758857862	0.27033620903439065	0.26267951531637973	0.41624365482233505	0.33647299734812675	False
22	2044-10-01	FGA	tropics	0.0528750420855783	0.0029422856214683757	1.676504651128521	0.031538857974528156	0.7379476278633846	-8.369559953160309	28	2662.0	2662.000018609106	0.5917758455851614	0.582488406569646	0.9473684210526315	0.9193994556292582	False
20	2045-04-01	FGA	tropics	0.1479876378958666	0.0219518670867502	4.893396644799024	0.030242314007624164	0.9910181443745909	-272.9566769825717	11	242.0	241.94241642721732	0.11922970256967297	0.13498797965654238	0.2535211267605634	0.2415318839605741	False
21	2045-04-01	FGA	tropics	0.15307734151625882	0.023504748259517382	4.6236144733444675	0.03310772176157047	0.9920888699767032	-113.40536510798094	21	1025.0	1024.9477888525296	0.263970813998472	0.2566174815508753	0.41624365482233505	0.3816806558525643	False
22	2045-04-01	FGA	tropics	0.16169763339185653	0.026298806615353963	4.583910887479592	0.03527503857754181	0.9721789313336098	-70.08260549805412	32	2829.0	2828.95656565586	0.7485742842186149	0.7464778299443616	1.0	0.9621869625179151	False
22	2045-10-01	FGA	tropics	0.2185745380051494	0.047825670664943414	9.043939373590614	0.024168067583846615	-0.37391137807178304	-57202.25927096145	6	148.0	147.9883028618364	0.9322606404656009	0.9445584353556954	1.0	0.9607402153684429	False
23	2045-10-01	FGA	tropics	0.02906803865910724	0.0008488356136681389	0.9281947093732451	0.031316746761824533		-217.50500603783814	5	92.0	91.93980940798659	0.9777777777777779	0.9831380126049905	1.0	1.0	False
23	2046-04-01	FGA	tropics	0.16020936197210356	0.026417617183313095	5.203604458710266	0.03078815141376293	-0.6128379469318613	-84.29349676465725	31	3527.0	3526.9665373235557	0.9953525216923366	0.996182378931477	1.0	1.0	False
23	2046-10-01	FGA	tropics	0.09704192841707887	0.012172996572475867	3.209952630416981	0.030231576471729076	-0.8078531854279882	-30.379914765894398	36	3768.0	3767.871398774062	0.9973136445471231	0.9850429232308533	1.0	0.9995779681918024	False
23	2047-04-01	FGA	tropics	0.016190177616863817	0.0003529483813062324	0.55439262688938	0.02920345046380695	-0.3066784894860606	-87.88198741405502	10	273.0	272.8091706748138	0.9952380952380953	0.9932162454074328	1.0	0.999046420655794	False
24	2047-04-01	FGA	tropics	0.016422553865156835	0.0002726283572168499	0.8526448478551979	0.019260720224214416		-92.10817774071046	11	246.0	245.9436019156545	0.9904306220095694	0.9863037079622141	1.0	1.0	False
24	2047-10-01	FGA	tropics	0.09335801563259573	0.01419948401992764	4.63430491414558	0.02014498773001172	0.9702601630197507	-172.93994908288283	37	2104.0	2103.9612781682645	0.9941133560629826	0.988163614281935	1.0	1.0	False
24	2048-04-01	FGA	tropics	0.23457178978966892	0.05561175503798696	12.642162471966653	0.018554720389792476	0.7892828527357322	-706.4412751326835	41	2223.0	2222.8164359016946	0.9786834748973225	0.9775028037194904	1.0	0.9948251529301961	False
24	2048-10-01	FGA	tropics	0.024523888933545276	0.0007810730810335064	1.2833353589154646	0.01910949368236078	-0.8123908897930696	-119.21930961791152	15	345.0	344.66613111041636	0.9522679789346455	0.9554676792805861	1.0	0.9792846177377412	False
25	2049-10-01	FGA	tropics	0.0032712169047100555	1.315339011013508e-05	0.8387310141491962	0.003900197857865503	0.31208799131630593	-4.27257674785199	4	47.0	46.56657609937453	0.5498511904761905	0.5192606511968746	0.6875	0.5699846719032019	True
26	2049-10-01	FGA	tropics	0.010747029837214627	0.00012480967686318177	0.4886767916918986	0.021992101978091125	0.9370733591668944	-12.062057517898552	3	35.0	34.653497156083056	0.49603174603174605	0.4971594884940706	0.5238095238095238	0.5640537302096932	True
25	2050-04-01	FGA	tropics	0.14348469589527257	0.031660447164787116	14.164550639396843	0.010129844535709356	0.747452345695393	-2261.689392899108	26	386.0	385.3075650641573	0.47953723276287186	0.46056645664010365	0.7317073170731707	0.6267284474075933	False
26	2050-04-01	FGA	tropics	0.15007176369198508	0.02270232273043974	10.821493194824034	0.013867934950397145	-0.7299280761436543	-1700.4714557517882	26	469.0	468.8807342182656	0.5526424534929013	0.5481942672665974	0.7209302325581395	0.6250297975869228	False
25	2050-10-01	FGA	tropics	0.23871943830203957	0.05726932773098083	30.97166983306915	0.007707670900170628	0.6814912878001458	-4302.796712479973	31	447.0	446.38172208816815	0.44121964952667636	0.4192742594201698	0.7317073170731707	0.5414735929922034	False
26	2050-10-01	FGA	tropics	0.016535277168338917	0.00041704032856054897	1.7399051231461435	0.009503551054806587	0.8805887144588905	-17.592391095335472	43	791.0	791.0347355208886	0.6077432188491683	0.6002103982308086	0.84	0.66797933263614	False
25	2051-04-01	FGA	tropics	0.2622917783040247	0.06880997703778131	27.290123713832735	0.0096112344910725	-0.5029255885084868	-16160.816003432561	8	95.0	94.7007639455561	0.3893187132589703	0.36876899551301834	0.5	0.40581362295471424	False
26	2051-04-01	FGA	tropics	0.08226207921537967	0.006842742299432845	11.814198561511283	0.0069629843096912225	0.24919788198641762	-1471.6156083732117	21	360.0	359.9670462008077	0.6699257172376981	0.6452728451528276	0.84	0.7134991064165697	False
26	2051-10-01	FGA	tropics	0.20266117013380855	0.041072887079106044	37.18264724230984	0.005450423387369848	-1.0	-116149.29818584536	2	25.0	25.05404635862287	0.6944444444444444	0.7066174049312539	0.7777777777777778	0.7107525456784114	False
28	2051-10-01	FGA	tropics	0.14055929547419077	0.02152137311934855	13.853619170965205	0.010146034313457872	0.4134880564955854	-5997.277257684524	13	186.0	185.73486839578888	0.7909955856109702	0.766649337580128	0.9285714285714286	0.8064164248604896	False
28	2052-04-01	FGA	tropics	0.1814756685340591	0.03309389124314275	8.992607945780742	0.02018053824076763	0.07268180751564382	-556.9145839154935	39	809.0	808.8627676153192	0.5615224091248796	0.5532369838991318	0.9285714285714286	0.8040771251925785	False
29	2052-04-01	FGA	tropics	0.02782793253517332	0.0011066802474930916	1.2392505420852633	0.02245545318733352	-0.96000038354094	-42.01780682162025	22	887.0	886.9809115761848	0.5363753307309493	0.5320951233425387	0.8068181818181818	0.808367563956294	False
28	2052-10-01	FGA	tropics	0.006110359283305496	6.08828434721494e-05	0.32644916463787865	0.01871764410879579	0.9592978544288346	-0.8700906338948557	25	592.0	591.8312718794327	0.41132086788072186	0.4106456927560782	0.6829268292682927	0.7073407029922166	True
29	2052-10-01	FGA	tropics	0.07429416927381123	0.01604257456819379	2.5187037764523126	0.02949698569891268	0.17225013443745937	-95.87782973158573	48	2084.0	2083.892087713227	0.7493546820806625	0.7507791715172996	1.0	0.9729228219802344	True
28	2053-04-01	FGA	tropics	0.20397720784008036	0.041606701318235344	17.35453704368948	0.011753537840080343			1	12.0	11.910520843126182	0.13186813186813187	0.10798799863016963	0.13186813186813187	0.10798799863016963	False
29	2053-04-01	FGA	tropics	0.10317533080157242	0.012014531368822131	7.140982585847925	0.014448338104905391	-0.5664526011539993	-1166.1776918608232	32	1146.0	1145.9161368955488	0.9507600943545773	0.9497372221870635	1.0	0.9983976499009944	False
0	2025-04-01	GARW	north	0.5568794995903568	0.3431585888773513	26.924009922127034	0.020683378932077088	-0.5121579204199077	-3147.043255266257	11	444.0	443.8818525926186	0.9953898914937876	0.9955141737010927	1.0	1.0	False
0	2025-10-01	GARW	north	0.31197033024032544	0.10818396227060599	8.899744694093508	0.035053851651201944	-0.013335764380059373	-345.9153825490294	18	617.0	616.9605702232159	0.9930674851309773	0.9907075461421763	1.0	0.999426635548863	False
0	2028-04-01	GARW	north	0.0034879516839810636	1.7048961272006087e-05	0.08343709695827775	0.04180336817956639	0.9849111461045978	0.9645671160740008	12	276.0	275.7477130693625	0.12324491201369116	0.12532628676295995	0.1735159817351598	0.15724707936556487	True
1	2028-04-01	GARW	north	0.0032747676951072387	1.929966319792901e-05	0.06407182672014994	0.05111088387429038	0.9839130045655387	0.9615910926492492	18	2153.0	2152.8987501466986	0.854644893585002	0.8551991892499269	0.9166666666666666	0.9008199931928195	True
0	2028-10-01	GARW	north	0.006726759613479086	4.933656453463959e-05	0.22698897157706832	0.029634742017389977	0.995855553759098	0.8775417288309292	13	291.0	290.9146939380576	0.12102142821583103	0.10045248928140574	0.1735159817351598	0.1377312622290581	False
1	2028-10-01	GARW	north	0.017901074241042807	0.0012101457699617527	0.3270917777844002	0.05472798601755789	0.5462380234998807	0.13648394369445982	28	2700.0	2699.905692240525	0.873517702165465	0.8835958679620004	0.967741935483871	0.9268966153966279	False
1	2029-04-01	GARW	north	0.005946516129230236	3.9641341334759227e-05	0.11335587793328258	0.05245882470011968	0.7678743022164702	-2.8022875228079847	8	297.0	297.02698224341106	0.9006988543885166	0.8957791914909018	0.967741935483871	0.9452180714573412	True
2	2030-04-01	GARW	north	0.008519671433793471	0.00012284607620941196	0.22854098846182533	0.0372785271085697	0.9988210908876726	0.692871943535974	18	1093.0	1092.9699588683718	0.5202525464525521	0.5143824287638938	0.7027027027027027	0.555962245512936	True
3	2030-04-01	GARW	north	0.004080648143273157	2.3633860652182408e-05	0.11487919784459813	0.03552121027858516	0.9963961689615422	0.8833415115167088	18	985.0	984.940374443019	0.4294346818222773	0.43088259101476295	0.52	0.49414772117503364	True
4	2030-04-01	GARW	north	0.012802857942822429	0.00021612179538698246	0.29887006801131905	0.04283753815834628	0.9985823825636699	0.027446397648114185	7	125.0	125.00014379119413	0.09451504512034004	0.08744060894995871	0.1457286432160804	0.1207831093792721	True
2	2030-10-01	GARW	north	0.09923877329786665	0.014608532141618821	2.1957480312428723	0.0451958839929798	-0.3136195822457684	-17.1382175859557	25	1289.0	1288.8314985292955	0.48449734136515177	0.48196290100774875	0.7027027027027027	0.5715664125571933	False
3	2030-10-01	GARW	north	0.08215541662524542	0.01031883779397024	1.8279238840540586	0.04494465953529593	-0.720684585539653	-12.05599696283853	25	1227.0	1226.9880182054462	0.4344013943793656	0.4381107052107162	0.6125	0.4520184631443554	False
4	2030-10-01	GARW	north	0.07273024861352621	0.0073832070516989595	1.6186238134477489	0.044933386009320585	-0.9785403725546374	-12.570514308775705	11	189.0	188.93653305610368	0.12026447318994729	0.10991338186167604	0.2033898305084746	0.1499514543347343	False
2	2031-04-01	GARW	north	0.00971052253294046	0.00017467028896205508	0.1888196969562845	0.05142748711851094	0.9627836646221888	-0.13544620889651426	5	98.0	97.72957125677078	0.39753131908621964	0.38722295538525103	0.5	0.41047227169957234	True
3	2031-04-01	GARW	north	0.006053490376455984	7.220163642553552e-05	0.12488644424413926	0.04847195716952335	0.9060055314272348	-0.4635926266279726	5	123.0	123.00492387644898	0.4421711495946942	0.4274177854725245	0.6125	0.4812103191229141	True
4	2031-04-01	GARW	north	0.02170847813016117	0.000473908938331001	0.49018301194527847	0.04428647586951584	-1.0	-0.12256696216785312	2	23.0	22.869174980697984	0.1704449152542373	0.12298944846328319	0.2033898305084746	0.13542018058240668	True
5	2032-04-01	GARW	north	0.13374396757596163	0.024243389132312793	3.015249709697009	0.04435585124039397	0.9173556511047204	-39.789286651762296	23	3487.0	3486.5518281719405	0.9694378839344613	0.9613942253991347	1.0	0.9983368914291899	False
5	2032-10-01	GARW	north	0.07299214025584301	0.007567429873930034	1.3356976752621974	0.05464720168919562	0.14667424515638117	-4.766908480310127	27	3812.0	3811.6452688781937	0.9805990264734937	0.9745593821725874	1.0	0.9815624696099795	False
5	2033-04-01	GARW	north	0.004047621904761126	2.1918424610785608e-05	0.07455486501643378	0.054290513487871346	-0.9583998050287721	-3.2565628405178897	3	100.0	99.8946406613911	0.9855072463768115	0.985829406914478	1.0	0.9862809437788363	True
7	2035-04-01	GARW	north	0.13849395646898455	0.022483994635171874	3.3354268657586763	0.04152210857649331	0.9314843780743697	-29.789201217278634	22	3163.0	3162.9130522346854	0.8328875714052221	0.8380746821225415	0.9736842105263158	0.9649299269086096	False
9	2035-04-01	GARW	north	0.04696120016516361	0.0041556969073914965	0.7695902666073308	0.06102104223873285	0.9708823128578694	-4.859676387261416	12	703.0	702.9845140468245	0.2166900558418993	0.21946425057352592	0.42105263157894735	0.37363920338462586	False
7	2035-10-01	GARW	north	0.07572832390420015	0.008492070570105259	1.2553934216694833	0.060322383881455215	0.1103150076130229	-5.566022377753511	27	3337.0	3336.8873797154015	0.7734592450372786	0.7827050626269172	0.9736842105263158	0.9632212606491031	False
9	2035-10-01	GARW	north	0.07445768753484952	0.0063583869964348285	1.2471613127767802	0.0597017296576262	-0.7482714636975836	-5.010985362141101	18	860.0	860.0565032439695	0.3016473168201059	0.2923633276583344	0.56	0.5726943882322497	False
7	2036-04-01	GARW	north	0.009894531066333423	9.833968329493166e-05	0.1977610633909941	0.05003275617895981	0.8150650997755202	-76.11221695928518	3	58.0	58.19739074929201	0.4768553459119497	0.4976210139738055	0.5	0.5074481737993828	True
9	2036-04-01	GARW	north	0.0068914452627556015	5.656536382081568e-05	0.14276287654663092	0.048271969782737144	0.8975059041861648	-2.9994489009411027	4	70.0	70.0642947830654	0.5017194519317161	0.46503782296247265	0.56	0.4761784070459696	True
11	2037-04-01	GARW	north	0.008474246525847925	0.00015933267398699803	0.20246995332698364	0.04185434128175177	0.9580268550280554	0.5219234788413667	17	1720.0	1720.0198959458448	0.9811656519150458	0.9684552099540868	1.0	0.9950272285361176	True
11	2037-10-01	GARW	north	0.08107674313455009	0.009684700660670688	1.6830486906875985	0.048172547581749825	-0.13211588386281525	-8.088349596384754	27	2351.0	2351.2026141249007	0.9829877009033557	0.9710847694703496	1.0	0.9871911609664185	False
11	2038-04-01	GARW	north	0.005385730596688656	3.652347409088142e-05	0.11081324359027044	0.04860186763057201	0.985330980641923	0.42855972592130986	8	405.0	404.90066834287836	0.9854910956139685	0.9828757105777872	1.0	0.9929937689400641	True
12	2038-04-01	GARW	north	0.011770006466603382	0.00021943025924702508	0.2687633867294364	0.043793191512548645	0.9939708936091529	0.39514759257586773	18	2419.0	2418.985950776674	0.9894311752843932	0.9728904680729816	1.0	0.9953144566340779	True
12	2038-10-01	GARW	north	0.0011861923598627327	2.0223773865066026e-06	0.022931034923406132	0.051728688383443355	0.9995407684321551	0.9983821622568004	28	2974.0	2973.9590180565333	0.9651135130508628	0.9689316008147584	1.0	0.9990708324613234	True
12	2039-04-01	GARW	north	0.0015992224983035718	3.4054748180302215e-06	0.0323380974067569	0.04945320308081642	0.9497933076625913	0.8412642806785294	6	202.0	202.06123882267428	0.943141180602905	0.9285541487938135	1.0	0.9675530981393932	True
13	2039-04-01	GARW	north	0.0009483470262546467	1.3408606163606486e-06	0.02817605922475133	0.03365790150744604	0.9964773054240775	0.9902219035167713	17	993.0	992.9602062905375	0.9839788133620692	0.9860531152436276	1.0	0.994281981573759	True
13	2039-10-01	GARW	north	0.0012675880119823505	2.7778613657312584e-06	0.028362406407965928	0.044692541025938226	0.9985016670821832	0.996114485759587	28	1462.0	1461.9186795561573	0.9652919602881961	0.9673333324809192	1.0	0.9967480718032461	True
13	2040-04-01	GARW	north	0.0017320808436748414	4.080380186875752e-06	0.040289395067936384	0.04299098660464346	0.9799765982855381	0.8811354889298979	8	250.0	249.78706633226724	0.9237801179084074	0.9211102682984966	1.0	0.953200398555635	True
14	2040-04-01	GARW	north	0.003329436136425032	3.197011735879133e-05	0.0924772242367557	0.03600276894017895	0.9632049436891268	0.8494970647615246	12	377.0	376.54218109707347	0.5745836422671756	0.5644577454254777	0.9166666666666666	0.811284641475812	True
15	2040-04-01	GARW	north	0.0019996532352920225	5.39806738080579e-06	0.037477387382390905	0.05335626026673295	0.9957631006264468	0.9351567888051009	9	374.0	373.88868006557664	0.49199512471532597	0.4814520122275074	0.6666666666666666	0.6732559492873929	True
14	2040-10-01	GARW	north	0.11763613660425665	0.023199737308831934	2.764078081178878	0.04255890504876219	-0.8962447826857185	-33.07558137196926	20	601.0	600.9220894959212	0.4393275522405973	0.4360018542189886	0.9166666666666666	0.731766163770349	False
15	2040-10-01	GARW	north	0.11262116580664115	0.017696980318537118	2.1640488046340773	0.052041878891767625	-0.44270261410374395	-20.34778679471601	28	1298.0	1297.8324124124335	0.7381077519767754	0.7243800870788686	1.0	0.9580547138240625	False
14	2041-04-01	GARW	north	0.006881178624722099	6.819259135472078e-05	0.16980734724192179	0.04052344457698049	0.9685404901171907	0.16664880929041992	6	143.0	142.7568885466781	0.21715852079389267	0.20562604798451456	0.2789115646258503	0.2670388237570998	True
15	2041-04-01	GARW	north	0.015353162474963393	0.000559349669114037	0.12442429040899741	0.12339361088173158	0.8297692193996988	0.4701947900299768	34	1169.0	1168.9707883515289	0.5562692872839092	0.5650570035465515	1.0	0.9464085118599579	True
16	2041-04-01	GARW	north	0.015505081438130798	0.00044343427564590344	0.2866003377208015	0.05410001105175054	0.9685686043189978	0.6526200061307055	19	3709.0	3708.905277499883	0.6667605324553595	0.6431485571878869	0.7570977917981072	0.7189916247965985	True
17	2041-04-01	GARW	north	0.01922486605708369	0.0005822441735030412	0.28695471783411425	0.06699616651083394	0.9893269039094559	0.5453748811425776	14	1084.0	1083.9433325908367	0.2164559295777977	0.21114455462519974	0.3425414364640884	0.3398640280672999	True
15	2041-10-01	GARW	north	0.07667957929776376	0.009436127644075074	1.2659685690550702	0.06056989183783453	0.6757886711129205	-11.489362060777914	18	450.0	449.97777379166916	0.2280254516474024	0.22242272418920608	0.6470588235294118	0.5177248372806992	False
16	2041-10-01	GARW	north	0.11692368132790297	0.019601305114833555	1.788190387174301	0.0653865953908106	0.08049558167263524	-8.839820842329235	24	3886.0	3885.8560200896563	0.6487003704290947	0.6434159699836012	0.7570977917981072	0.7034237815290558	False
17	2041-10-01	GARW	north	0.0632528164096241	0.006829262227120751	0.9418666049917126	0.06715687346211904	-0.3235079033835033	-2.85061786864072	18	1181.0	1181.664049187779	0.2537246082512819	0.25655930441531916	0.4722222222222222	0.42267927981564757	False
16	2042-04-01	GARW	north	0.35580157139321894	0.1297339846595732	5.420502561908724	0.06563996000915649	0.730587471195789	-71219.79518984043	3	58.0	57.95840492226803	0.5426587301587301	0.5525587772091841	0.6041666666666666	0.5718750968249955	False
17	2042-04-01	GARW	north	0.31423139287599966	0.10069868736220003	6.341750284849079	0.049549632004073425	-1.0	-5136.756823244435	2	36.0	35.95536724448592	0.4340277777777778	0.4220627256392753	0.4722222222222222	0.4332458455871305	False
18	2043-10-01	GARW	north	0.12020038132882616	0.019499872471735073	7.031810812217679	0.0170938019435875	-0.9515493682424429	-233.31697143863286	4	49.0	48.56587695752741	0.48346560846560843	0.39645915078597765	0.6190476190476191	0.4770258948542397	False
19	2043-10-01	GARW	north	0.09276048510035528	0.013113798245493205	3.294204270588885	0.028158692503841922	-0.9937320900368443	-44.95480428724827	12	167.0	166.57021616807128	0.6366586648836391	0.6018041037831537	0.7777777777777778	0.6349205082646379	False
18	2044-04-01	GARW	north	0.011664736228752953	0.00016054714694775814	0.34821877056268646	0.033498298239075144	0.8565882532021729	0.5122947985868028	9	125.0	124.5841128254572	0.1253876731398835	0.10016508840444915	0.4583333333333333	0.29008953498852563	True
19	2044-04-01	GARW	north	0.005338364667500065	5.691150401078475e-05	0.18344333944859473	0.029100891226394206	0.9129856338768212	0.8269651672882508	10	143.0	142.8351935431065	0.34136360266216026	0.3196600405672558	0.7777777777777778	0.6828512080779304	True
20	2044-04-01	GARW	north	0.0034235378643070625	4.3722771419410744e-05	0.050065764866290566	0.06838081618148095	0.9360980752072896	0.8697773232116265	16	1407.0	1406.9349688875031	0.7188755663569586	0.7171738399539065	0.8111111111111111	0.7519037987485829	True
21	2044-04-01	GARW	north	0.004363700813248905	2.8237943862628163e-05	0.10444911642927289	0.04177824535455749	0.9992524518446009	0.4866572594713291	6	143.0	143.03418070681036	0.10410627707511999	0.10371045543274615	0.17266187050359713	0.1446103117298683	True
22	2044-04-01	GARW	north	0.013785102550316241	0.00019002905232273534	0.5664804687149495	0.02433464755031624			1	12.0	11.99941865940428	0.04316546762589928	0.0336996239204468	0.04316546762589928	0.0336996239204468	True
18	2044-10-01	GARW	north	0.031423333308508196	0.0015125039276471777	1.3686708924436335	0.02295901336252193	-0.9831789509837372	-6.850452355374391	7	104.0	103.83424424234207	0.07693953965102818	0.06452447684183546	0.09230769230769231	0.09135622517571947	True
19	2044-10-01	GARW	north	0.02298501133319288	0.0012429282575506394	0.48777635534315983	0.047122028530928874	-0.9920278874189428	-1.1860349401363424	7	97.0	96.59773241526894	0.09971114060131056	0.11559281597349454	0.17582417582417584	0.15485597722801775	True
20	2044-10-01	GARW	north	0.03417667156994432	0.002130222914519372	0.7170675275412663	0.04766171979246054	0.6008495559610326	-0.8596226198168229	26	2113.0	2113.204395148892	0.6539143854580427	0.6176261372388511	0.8111111111111111	0.7021335929993526	True
21	2044-10-01	GARW	north	0.053120585632103895	0.0036290012731337727	1.1778396767926247	0.04510001376142852	0.6213290215461421	-5.144757195956708	15	401.0	400.81310492073027	0.19106509720597845	0.17881417515771186	0.3283582089552239	0.25763121492805563	True
22	2044-10-01	GARW	north	0.06383224463412947	0.005599613028337264	1.8778303288239693	0.03399255175205619	0.6116327900410996	-20.756928170891637	12	158.0	157.90727191018095	0.3069128787788847	0.3280801431165212	0.9166666666666666	0.9213549851381578	True
20	2045-04-01	GARW	north	0.009744347668171385	0.00011777447494978484	0.19955882136016304	0.04882945089450504	0.958156985232064	-3.4912221482461874	7	325.0	325.03215552167546	0.5003684774329671	0.464371052275616	0.6518987341772152	0.5997187432645495	True
21	2045-04-01	GARW	north	0.012250623728011502	0.00018017030962730706	0.3323413726356705	0.036861566860774984	0.9899388430724209	-4.27255034289065	6	152.0	151.5453214503177	0.27810953664749655	0.2476226332113731	0.3283582089552239	0.2506239155947225	True
22	2045-04-01	GARW	north	0.01598296813278573	0.0004072192678392622	0.3800941854067525	0.042050020090893474	0.45667703287442524	0.14683631556969	33	3698.0	3697.5373718920573	0.8408021418007442	0.8396370773345053	1.0	0.9993381634742552	True
23	2045-04-01	GARW	north	0.06031572457199463	0.003679082176191291	4.376663117902692	0.01378121252359448	0.9585773345094768	-76.86942629602738	4	48.0	47.813270043465685	0.062327816870894864	0.05144102741508071	0.08759124087591241	0.0617733479091561	True
22	2045-10-01	GARW	north	0.0652643756700798	0.005474729067988904	1.3309750748581255	0.049035009672917136	0.46477100179600755	-4.181926979501046	30	3860.0	3860.0049301552867	0.9267253423058797	0.903982405717845	1.0	0.9878036181241459	False
23	2045-10-01	GARW	north	0.06623883543222911	0.005726843095226241	2.37521502035365	0.027887511178826534	-0.9924538160486712	-16.086914736888808	5	59.0	58.83078864056336	0.15462415825862066	0.16721796328138178	0.5238095238095238	0.36806926923516703	False
22	2046-04-01	GARW	north	0.20600840487969005	0.04277618067598477	3.8034505991032357	0.05416355478056215	-0.8189714404251536	-37063.48520267038	4	80.0	80.1994519944227	0.688896688896689	0.6892249422672162	0.8378378378378378	0.7777265082787239	False
23	2046-04-01	GARW	north	0.13371274490890514	0.0334141753934496	2.8914194409879	0.04624467243092895	0.7227026679547378	-67.39969249645921	18	1995.0	1995.0521285978039	0.9735449735449736	0.96247046330861	1.0	1.0	False
23	2047-04-01	GARW	north	0.007613166556486337	0.00027866784141573783	0.1594837110343623	0.04773632684560499	0.34315725888171184	-3.970338964361953	9	409.0	408.6764143420638	0.8981481481481483	0.8897869302424611	1.0	0.999963997907118	True
24	2047-04-01	GARW	north	0.0015611960410999847	4.128844677286939e-06	0.02856910534321219	0.054646304892810145	0.9961557377392194	0.9870518291725023	14	1601.0	1600.9692182550743	0.9208425728062865	0.9129008772844136	0.9801980198019802	0.9971788043312035	True
24	2047-10-01	GARW	north	0.0014882577872676248	3.203120263890375e-06	0.027537987402781926	0.05404381102728222	0.999403464519302	0.9977800334616507	27	2700.0	2700.005033143472	0.9522011071388446	0.9539489986164221	1.0	0.9993760680464954	True
24	2048-04-01	GARW	north	0.0016828034575066006	4.588238282057542e-06	0.03457400511317586	0.04867250560061086	0.9882184665133328	0.9396289550404543	11	688.0	688.0408561316875	0.9873112690367076	0.9686853128780732	1.0	0.9782645542426027	True
25	2050-04-01	GARW	north	0.006871970269550693	8.53474852352839e-05	0.18971096754043096	0.03622336841482898	0.867947907666847	0.5253442305486798	14	386.0	385.97272683173446	0.6041087422140271	0.5992022030446105	0.7540983606557377	0.6972988801683466	True
26	2050-04-01	GARW	north	0.008742695362059075	0.00011723490528744789	0.20674206797804773	0.04228793611074545	0.9902885023448478	0.1129378903009064	10	253.0	253.11356920246212	0.4316812342897179	0.41796425094255485	0.5454545454545454	0.4346673705420652	True
25	2050-10-01	GARW	north	0.0037056992481506374	1.9030060446847735e-05	0.1087172410885546	0.03408566305625982	0.9969596745778506	0.9629483729355657	22	692.0	692.0174711988598	0.5697119262636224	0.5681833930971539	0.7540983606557377	0.6940208754693002	True
26	2050-10-01	GARW	north	0.002605636297905561	1.2954757679540302e-05	0.05586625020372379	0.046640615548810924	0.9947810419123135	0.9770271429653286	19	530.0	529.9858918646053	0.4486351863502445	0.44081239081375606	0.5918367346938775	0.4792363181350384	True
25	2051-04-01	GARW	north	0.004469252315240945	2.233650267848192e-05	0.15417260046859588	0.02898862898891887	0.9179849528064485	-0.20683054065740802	7	208.0	207.97161030114472	0.5299238676085836	0.5079382977428757	0.6486486486486487	0.5326654250355809	True
26	2051-04-01	GARW	north	0.004776379462121325	2.9393505007925243e-05	0.14177690992292658	0.033689403053839176	0.9699136830002509	0.9266445137497336	14	278.0	277.9755316671819	0.5917427918316905	0.5943019916643123	0.8	0.7302788102184383	True
26	2051-10-01	GARW	north	0.0015299546162449672	3.250213407749085e-06	0.07846241579722682	0.01949920354477592	0.9895165030102491	0.9652403078303824	9	115.0	114.78221476864579	0.6805983814755743	0.6242999646913474	0.8	0.6396854815777101	True
26	2052-04-01	GARW	north	0.019188879717437483	0.00036821310481028365	21.954192042109256	0.0008740417174374825			1	11.0	10.738129101179771	0.6111111111111112	0.4845246654046767	0.6111111111111112	0.4845246654046767	True
27	2052-04-01	GARW	north	0.003240512355161303	1.4451432226035458e-05	0.07801683304902697	0.04153606636563824	0.9985813971572196	0.973046744896351	16	1101.0	1100.8895138302837	0.4568636023199153	0.4503649933137696	0.6666666666666666	0.5339608009469357	True
28	2052-04-01	GARW	north	0.0019475648718755172	6.028309712459772e-06	0.0433926721604956	0.04488234475793743	0.9959044711802012	0.9876190910416375	16	966.0	965.9534055689512	0.38576991370521957	0.37149812727129033	0.5238095238095238	0.40082280267660614	True
29	2052-04-01	GARW	north	0.0018361337260499012	7.276469520214051e-06	0.03435416083010838	0.053447200620912634	0.9984102258849508	0.9839906857700225	11	505.0	504.9980699678572	0.203475606508809	0.20504229388076703	0.30526315789473685	0.30243752255506395	True
27	2052-10-01	GARW	north	0.06684046557769846	0.0073075343388223505	1.1830546956307293	0.05649820403448328	-0.0016517106938079285	-5.612582431479922	21	1260.0	1259.759112469601	0.4120720060709171	0.410757126096611	0.6666666666666666	0.5222919929160507	False
28	2052-10-01	GARW	north	0.06118635181954504	0.004753675863808365	1.3286683559974946	0.04605088361091398	-0.15756023500721306	-3.849127330173663	22	1123.0	1122.9409510902858	0.351311154740114	0.33479138018593174	0.5238095238095238	0.4230391914567241	False
29	2052-10-01	GARW	north	0.06938771798773091	0.008046615784867475	1.3000294115796267	0.05337396013480955	-0.5005305129896647	-7.49284676641695	19	818.0	817.9792256026843	0.32964921429220867	0.33484137679832415	0.6428571428571429	0.6004418215920325	False
27	2053-04-01	GARW	north	0.015128294236647225	0.0002427437348825589	0.2660411166042487	0.05686449684825006	0.9723447667841874	-7.289042520629597	3	57.0	56.92891362901433	0.23336245813310033	0.24574356343215756	0.24770642201834864	0.27368513529161403	True
28	2053-04-01	GARW	north	0.0062399116647055535	5.1712579507548226e-05	0.12377307574356679	0.05041412784823583	0.9225240394024298	-0.9277997792174668	4	82.0	81.93788808028884	0.2742202496789653	0.24933741233382922	0.3394495412844037	0.2664319084555651	True
29	2053-04-01	GARW	north	0.008111277973445496	0.00010404015481307546	0.18214780168455513	0.04453129765185234	0.703661227757276	-1.0618908677363033	6	170.0	170.00801971237644	0.5213927170349189	0.5394288822524652	0.6428571428571429	0.5892803675168929	True
2	2029-10-01	GARW	south	0.011096803292336617	0.00016856945317175412	0.2165420166416504	0.051245497130011586	0.9441101771640378	0.6232326034964831	17	2263.0	2263.025486889243	0.7434251229956239	0.7351308277656824	0.8846153846153846	0.7589954618168763	True
3	2029-10-01	GARW	south	0.013994356640887575	0.00028746115022469724	0.27342181107631935	0.051182298097577066	0.9342886399066104	0.5089977238834588	14	802.0	801.9976418060294	0.26315469467760616	0.2588831912200274	0.3163265306122449	0.2763592444052345	True
2	2030-04-01	GARW	south	0.06011641447503801	0.004705323623780051	1.0426716458774608	0.057656132410167364	-0.07464525069871353	-2.3312258338067955	26	2749.0	2749.043396269832	0.7215213444073533	0.723432239792647	0.8846153846153846	0.78405510650244	False
3	2030-04-01	GARW	south	0.06989820263801041	0.006880727014919834	1.3144448178696526	0.0531769776013084	-0.5705665038313195	-4.701470115374815	21	1002.0	1001.9119992882622	0.2825689987110485	0.2756694728138984	0.46153846153846156	0.3021090428398926	False
2	2030-10-01	GARW	south	0.4119764606258382	0.1740272951421053	6.751874773149442	0.06101660271665109	-0.8914553566879381	-2257.9032798223475	7	263.0	262.99731749751817	0.6817233082547466	0.6843411991889925	0.782608695652174	0.7023304555123018	False
3	2030-10-01	GARW	south	0.39506603013703384	0.1616831672665779	8.0072545060689	0.04933851294942647	-0.9537115133504399	-6924.42487091646	5	93.0	92.81356798952537	0.31980959066557696	0.3005731657401095	0.46153846153846156	0.31165504788159576	False
5	2031-10-01	GARW	south	0.004104181365637706	2.1689121299872302e-05	0.06588740426193516	0.0622908340617206	0.9224424672328365	0.811796362778395	10	459.0	459.0029820549484	0.8785368367551063	0.8825670001572373	0.958904109589041	0.9455584387305657	True
5	2032-04-01	GARW	south	0.09115702389749264	0.011252987921013908	1.5191286049414905	0.0600061269341996	-0.7147154491864969	-11.106755146053574	27	1567.0	1566.7452985454395	0.9339520983770417	0.935600152128596	1.0	0.9826735750718064	False
5	2032-10-01	GARW	south	0.02913126539805048	0.0009937998026370764	0.9912577061089985	0.029388185553078778	0.8713208459166447	-1.3745179716281748	36	2203.0	2203.019493614778	0.8942540297160448	0.887356719724919	1.0	0.9814323438290359	True
6	2032-10-01	GARW	south	0.03569831638743247	0.0014777454350342722	0.7314874503666237	0.04880236341654306	0.1871381428408824	-7.609747174353405	10	408.0	407.7825437638952	0.2742375960498479	0.26525871031255205	0.43790849673202614	0.41004252012885195	True
5	2033-04-01	GARW	south	0.0026833952634483923	1.7835767731294988e-05	0.06201648134500802	0.043269066629566054	0.9905591322547442	0.965210291774771	30	1701.0	1701.1270126036666	0.7501583251368125	0.7489082662291302	1.0	0.98675231844897	True
6	2033-04-01	GARW	south	0.0035200170359820497	1.607670405733688e-05	0.0645364691761826	0.05454306814295202	0.9967654698931447	0.9772382600372704	20	802.0	801.877037249034	0.4549966426765165	0.4437054125691712	0.9047619047619048	0.735087168647785	True
5	2033-10-01	GARW	south	0.009594172618778879	0.00010171084648829393	0.22887903566951942	0.04191809263226709	0.9634419281711077	-5.17370482208932	4	91.0	90.90288451768976	0.3557868229180836	0.36120063266104263	0.4107142857142857	0.40239915659752645	True
6	2033-10-01	GARW	south	0.005811493162043657	5.713156154392598e-05	0.18481445820696957	0.0314450136554549	0.9475346330426697	0.8318006726117197	12	287.0	286.67858414240254	0.8026036220525156	0.7828402544935428	1.0	0.9782969996384779	True
6	2034-10-01	GARW	south	0.028019524131772798	0.0008331389958770831	0.8263476336519959	0.0339076715303729	-0.7346299502396751	-1.3139365425309681	5	64.0	63.67299194859161	0.22010482019366928	0.198923013050406	0.875	0.8678654024125715	True
7	2034-10-01	GARW	south	0.0029752799041463775	1.2003574149219194e-05	0.06316669591074837	0.04710203472333444	0.9805671911775296	0.9612754988819676	17	1895.0	1894.9068295881116	0.8966343893215701	0.9006308773354901	0.9523809523809523	0.9560692986366929	True
6	2035-04-01	GARW	south	0.02772105453319153	0.0007695432400630571	0.991548884429288	0.027957325118818637	0.9807253686027959	-44.88789919310491	3	38.0	38.03959409509255	0.05843829864914202	0.01593369875681329	0.0625	0.0210817936374044	True
7	2035-04-01	GARW	south	0.001413915137885564	2.5494044275724975e-06	0.027592740059926683	0.05124228818213718	0.9993832860748338	0.9982245665181843	29	2686.0	2685.8833559374566	0.9108395754799037	0.9070883523176734	1.0	0.9672019935876072	True
7	2035-10-01	GARW	south	0.001130923637998343	1.701873862341514e-06	0.022355282047614288	0.0505886544213399	0.9878124362497923	0.9732622569374051	10	477.0	476.9521148680116	0.9273476241900112	0.9069770419833499	1.0	0.9332922592177155	True
9	2035-10-01	GARW	south	0.004609760049657155	4.056021644374646e-05	0.1510961559361464	0.03050878442999735	0.8697970756527056	0.5409175041711407	14	493.0	492.9946235082866	0.8669733013504002	0.85825501153998	1.0	0.9478145480059972	True
9	2036-04-01	GARW	south	0.2221272204158507	0.05361514370844974	6.234194062057229	0.03563046292828277	-0.5974037383227716	-94.9158250181793	25	869.0	869.0298358033584	0.876374987479235	0.859050874858885	1.0	0.8995669163258254	False
9	2036-10-01	GARW	south	0.22312626901155558	0.0534174378174888	3.8709528092298946	0.057641175185482396	-0.9816092637076965	-74.8588117046259	10	254.0	254.11602048245112	0.7970433109132798	0.7862187299166414	1.0	0.9352149063505301	False
10	2036-10-01	GARW	south	0.026041418199245086	0.0008582746391961055	0.6042473724636427	0.04309727999820469		-0.10306189834142487	6	76.0	75.82028929973276	0.09196419732134019	0.09645145288717988	0.12244897959183673	0.11441500881832524	False
11	2036-10-01	GARW	south	0.1112826632799945	0.024616305086963	2.043871357768554	0.054446999737542204	0.7888343277599902	-133.4695260106954	11	933.0	932.7155259073381	0.8395026030707637	0.8274077785823024	0.8994708994708994	0.9012485337890169	False
9	2037-04-01	GARW	south	0.00455503955125844	2.074838531352869e-05	1.2205640923410075	0.003731913448741559			1	11.0	10.647206757483108	0.05945945945945946	0.013995896206318595	0.05945945945945946	0.013995896206318595	True
10	2037-04-01	GARW	south	0.003243820924139116	1.23101544670096e-05	0.10742346221018305	0.030196577706575006	0.9953535970013838	0.9366619234849246	7	88.0	87.9142532761735	0.08698972015298546	0.092378195492315	0.12244897959183673	0.1159864946310967	True
11	2037-04-01	GARW	south	0.003004766774237196	1.6456368150837228e-05	0.05665148710231515	0.05303950395530573	0.9973372179221405	0.985213525509735	25	2195.0	2194.9764095285313	0.9027736414525691	0.894564550992043	1.0	0.9733821070566185	True
11	2037-10-01	GARW	south	0.010057390627262144	0.00024030026054404005	0.23832461328689405	0.0422003858038578	0.7876847190629261	0.5196879744171692	21	908.0	907.7781398263133	0.7205329682611489	0.7086250224648422	1.0	0.9700948087369102	True
12	2037-10-01	GARW	south	0.003951912698838664	2.413887006451917e-05	0.08601817647052631	0.04594276304139936	0.9730101357581573	0.054923263363586994	7	274.0	273.92476798984495	0.66164250991371	0.6275593457805214	0.7777777777777778	0.8343141125558243	True
11	2038-04-01	GARW	south	0.033168327367460344	0.001256308273131583	1.5489364780473867	0.02141361368754957	0.9089297419299288	-10.977759815541477	12	184.0	183.78701459595896	0.4069258751763805	0.4222975757218172	0.9230769230769231	0.6541419151203094	True
12	2038-04-01	GARW	south	0.015282571031155042	0.0003698638189409529	0.37836829391357557	0.040390728496520874	0.7643196601050758	0.2978206043213295	29	1217.0	1216.9481155143517	0.8809529971222834	0.8493250859689635	1.0	0.993938349061443	True
12	2038-10-01	GARW	south	0.004041787379471147	0.000137992194527576	0.03462920636065135	0.11671614236195056	0.9431388124943239	0.848007329751573	41	2585.0	2585.317594074539	0.7828894935748499	0.7767552968638581	1.0	0.9916170890939279	True
13	2038-10-01	GARW	south	0.0038159757268040914	1.7985930871059645e-05	0.06470756390487717	0.05897263776478644	0.9989569650285112	0.9689465490818772	15	2507.0	2507.007137256217	0.517032110919008	0.5052848255408379	0.8415094339622642	0.9127413195232269	True
12	2039-04-01	GARW	south	0.14440747726227846	0.02807148133832713	1.9292898814101407	0.07485006719504968	-0.3048944632791374	-22.484501901521686	27	1966.0	1965.961971398329	0.5436567347878976	0.5424750697574419	1.0	0.9994473561257746	False
13	2039-04-01	GARW	south	0.17074858767887427	0.042488233209418365	3.0009738468224727	0.05689772600306675	-0.7154308201271846	-25.303058534310516	24	3089.0	3089.0862214845315	0.6520870352245502	0.6361182790015355	1.0	0.9653112815987761	False
12	2039-10-01	GARW	south	0.40097129121409425	0.16235063180335255	6.122659003066226	0.06548973101609741	-1.0	-37062.703158328506	2	25.0	24.87580290137815	0.16877828054298644	0.1349752511087055	0.18461538461538463	0.1435323251524927	False
13	2039-10-01	GARW	south	0.40883354820679085	0.17329769644547166	7.201499891237599	0.05677061089790999	-0.9356535992136887	-6705.430051086917	6	208.0	208.16698635039123	0.906830665533048	0.8923107619593386	1.0	0.9275895735813794	False
15	2040-10-01	GARW	south	0.024302168549654966	0.0008267743819278795	0.5198927278109069	0.046744582583378706	0.9288967919630092	-0.11276216062003597	20	3197.0	3196.9982106597913	0.8691073809832883	0.8637318650760137	0.9565217391304348	0.9365882810010445	True
16	2040-10-01	GARW	south	0.012979104538021563	0.00019911403692383827	0.22157087172135567	0.058577666085747486	0.9943835561429522	0.6527713300953026	11	472.0	471.8992014459207	0.15189322169625133	0.1505996345555788	0.27692307692307694	0.2518117003927985	True
15	2041-04-01	GARW	south	0.0027116311927151584	9.956052929894946e-06	0.045478443345729126	0.05962453842364874	0.9975954192773689	0.9933984263778042	27	3517.0	3516.8947577001527	0.8075653809979526	0.8038196882794174	0.9565217391304348	0.9117696446597513	True
16	2041-04-01	GARW	south	0.005005703721024322	2.98951685445479e-05	0.0823256663844288	0.06080368299297615	0.9995805255347779	0.9743836390835187	17	636.0	635.8502802990503	0.22831095905637294	0.22605146941336568	0.45454545454545453	0.4048245123088658	True
15	2041-10-01	GARW	south	0.007399865121210219	5.895993752964713e-05	0.11485170797572843	0.06442973510480167	-0.0971292791657985	-0.21358108467173187	5	135.0	134.88252510533042	0.6133612623935204	0.5954854030499008	0.6666666666666666	0.6156216780633391	True
16	2041-10-01	GARW	south	0.01415346352651562	0.0002320504600894368	0.29905079043059246	0.04732795892676478	0.9759769210224396	0.7601106862847485	9	139.0	139.05570367892363	0.24575599440779802	0.2217127838866494	0.45454545454545453	0.3884257185720503	True
17	2041-10-01	GARW	south	0.010577707758811929	0.00016715732463955322	0.27113560921867075	0.03901260992347565	0.9853675787478349	0.24946977248422775	16	1122.0	1122.0075771534737	0.8025273060769551	0.7849933893574413	0.9411764705882353	0.8331856989133513	True
18	2041-10-01	GARW	south	0.015218137763867398	0.000266887749592949	0.47250618061929367	0.03220727767819171	0.9821123099588245	-4.2013506231950055	6	110.0	109.99872190620256	0.1308933056549739	0.12791799019071792	0.18253968253968253	0.16881182605668446	True
16	2042-04-01	GARW	south	0.007170367847460782	6.301821952804117e-05	0.5270495041750599	0.01360473312404282	0.9826504483218305	-2.317876905357147	5	59.0	58.961324570956094	0.12619824280374742	0.09820464311806232	0.17142857142857143	0.11977933772018567	True
17	2042-04-01	GARW	south	0.01213818358687192	0.00020690376013891758	0.24678752709330978	0.049184753094440224	0.9647535374890881	0.7569780197866274	26	1514.0	1513.9994357478618	0.7508974302658614	0.7404594896138584	0.9411764705882353	0.8101485409760372	True
18	2042-04-01	GARW	south	0.016699139945802546	0.0003059856531484782	0.49739270117029133	0.033573351411293216	0.9596443136157009	0.10695204454266483	12	204.0	203.67657319021376	0.19908521948745186	0.18119735079683294	0.4482758620689655	0.33984362983902977	True
17	2042-10-01	GARW	south	0.004570968049021375	4.2709452060944776e-05	0.10037305361123237	0.04553979264918822	0.9422315417920287	0.49970070093465624	8	243.0	243.050659332622	0.6509486065790634	0.6482245423087948	0.8	0.7447263462331709	True
18	2042-10-01	GARW	south	0.005194536129360275	5.486365657711625e-05	0.15006924446932784	0.03461426188776454	0.9387183931714781	0.8672015364065441	14	401.0	400.27723711220557	0.5890928727907273	0.5594147362405224	0.8108108108108109	0.7426165182052208	True
19	2042-10-01	GARW	south	0.006245990149805777	4.539305892969488e-05	0.21815591419469246	0.028630854097457865	0.960997246517892	-3.1252320099016693	5	134.0	133.79837815432143	0.37144319644319646	0.35511641369549973	0.43243243243243246	0.41607079593201496	True
18	2043-04-01	GARW	south	0.0010191680131094614	1.7711897567113514e-06	0.03023788231700986	0.03370500627076467	0.9986577253860656	0.9965648653609217	21	698.0	698.0560572049318	0.6480385097324511	0.6320823239089131	0.8108108108108109	0.7230532028509709	True
19	2043-04-01	GARW	south	0.0009759597139075609	1.2950265081222763e-06	0.037197753775541145	0.02623706043640972	0.9978152914050462	0.9951462377515676	14	353.0	353.00164625855837	0.3913545736001889	0.38031198453222803	0.44	0.44072075527039134	True
18	2043-10-01	GARW	south	0.003979137404267074	2.6155721777947058e-05	0.12121296188210047	0.03282765590809866	0.9873258972700878	0.6739194923352947	9	249.0	249.2697225449995	0.5944019252479775	0.5862435524854114	0.6666666666666666	0.5972600139571538	True
19	2043-10-01	GARW	south	0.0021612240079681815	7.759242547200323e-06	0.07569592589922629	0.02855139140309098	0.9912464660276247	0.9785538029398072	20	523.0	522.7848347052634	0.5303727313351899	0.5264057795550132	0.7307692307692307	0.7002166205533491	True
20	2043-10-01	GARW	south	0.0011975144079687501	2.3920246930065296e-06	0.03004830288220616	0.03985297980598723	0.9928515326288029	0.9720613064813355	8	175.0	174.95005680025284	0.3278489069746305	0.31633232673101763	0.40217391304347827	0.4160607076585976	True
18	2044-04-01	GARW	south	0.004688889002978476	2.1985680082252487e-05	3.7209524451666245	0.0012601313970215244			1	13.0	12.99471963548158	0.17333333333333334	0.09838394269350458	0.17333333333333334	0.09838394269350458	True
19	2044-04-01	GARW	south	0.0011360078590265555	1.7039570516487068e-06	0.029567115639883214	0.038421328372463544	0.9985161798922948	0.9964575574539799	21	559.0	559.0296873002183	0.5156639481911068	0.5100343511773281	0.7307692307692307	0.6889572409279808	True
20	2044-04-01	GARW	south	0.001115857255660263	1.6819033979617152e-06	0.028266246027450544	0.039476669614232004	0.998312590967209	0.9963104865432535	20	481.0	480.9495529657498	0.48300785188084666	0.48694826725781376	0.782608695652174	0.691643948426593	True
19	2044-10-01	GARW	south	0.0035677646540482866	1.5020756026386091e-05	0.09704737900231351	0.0367631222061467	0.9984120882718039	0.7456155506468092	5	96.0	96.32936607705739	0.3694230769230769	0.3458877127960354	0.45	0.36960326086318807	True
20	2044-10-01	GARW	south	0.015602502722741156	0.0008041024962234652	0.16455428720940027	0.09481675006672116	0.5644755135706467	0.20786548447793407	23	518.0	517.9600855728315	0.3604598378654595	0.36639189986931414	0.782608695652174	0.7103697587907989	True
21	2044-10-01	GARW	south	0.02205635535231536	0.0006617702895020568	0.24890241591202536	0.08861446873264255	0.9127225226588	0.7581771341878024	16	924.0	924.0616805111449	0.1479219677824149	0.15687395799220438	0.27586206896551724	0.19766556921153478	True
22	2044-10-01	GARW	south	0.02116530914371192	0.0006801171775717622	0.29479107222209094	0.07179765989577293	0.8880483376028544	0.737060204532723	21	6075.0	6075.118642723716	0.741088328252377	0.7256603492397437	0.9215686274509803	0.9131743262307183	True
20	2045-04-01	GARW	south	0.012532481106615801	0.00029451599679599614	0.12496446908573128	0.10028835554863161	0.9687035033490554	0.8418040800583586	16	358.0	357.9971630378584	0.15369965108193148	0.1541875358625113	0.4782608695652174	0.38971556332869084	True
21	2045-04-01	GARW	south	0.006453328710405025	6.041167322370599e-05	0.11374519112501609	0.056734958608599485	0.9885735051562425	0.966697944930652	16	924.0	923.9466399748221	0.1479219677824149	0.12683406996608362	0.27586206896551724	0.20506481001626659	True
22	2045-04-01	GARW	south	0.008091406111274697	8.668855872608357e-05	0.11206238787245973	0.07220447703188045	0.9927483364902467	0.9733294898510902	25	6164.0	6164.046433065847	0.7774885547063556	0.7653765933255744	1.0	0.9245558189360599	True
23	2046-10-01	GARW	south	0.15094948213372825	0.02564217279355028	4.566351156504217	0.03305691502037002	0.9208072148865659	-183.50727350627767	20	1636.0	1636.00000015655	0.9771870664544144	0.9749580347310424	1.0	1.0	False
24	2046-10-01	GARW	south	0.03479219403552953	0.0016212957063237003	1.4180305563709128	0.024535574271806432	0.985912013404411	-60.926760914850625	3	38.0	37.862452870683896	0.08362935904144696	0.07202253695259782	0.10416666666666667	0.08120425536385845	False
23	2047-04-01	GARW	south	0.0024582596449889576	9.528829786287839e-06	0.06132235719253005	0.04008749430930893	0.9949878041639189	0.9861602564310199	31	2275.0	2275.0103495579415	0.8576874522762169	0.8424245810080457	1.0	1.0	True
24	2047-04-01	GARW	south	0.007030377727594034	6.149042790846098e-05	0.21171513968004713	0.03320677840148153	0.9774872197124139	0.771386276815778	17	319.0	318.85934785084953	0.3737280711281946	0.3906651517818375	1.0	1.0	True
23	2047-10-01	GARW	south	0.0017924444042222358	4.094477034691922e-06	0.041573296876923765	0.04311528165612418	0.9626936145182403	0.8198735568634212	9	381.0	380.9974428003005	0.5936812395738824	0.5780627589640766	0.7927927927927928	0.7869560148537734	True
24	2047-10-01	GARW	south	0.00333160531998795	4.216786945628036e-05	0.08616081156643583	0.038667292698596	0.9615851772129281	0.9239571733951034	35	3747.0	3746.7799310053388	0.8194794951120882	0.823334976628589	1.0	1.0	True
24	2048-04-01	GARW	south	0.18008103735422692	0.0396958183035364	3.399071502789163	0.05297947901550718	-0.09057281969579103	-35.600911539188864	30	3826.0	3825.932776882198	0.9959284887186205	0.9844763272293815	1.0	0.9995804906327574	False
25	2050-10-01	GARW	south	0.011570420865017236	0.0001571673219742694	0.6425573719081261	0.018006829227805658	0.4573703826154586	0.06609628457394501	4	54.0	53.759323457058606	0.4899494949494949	0.43327946943888496	0.5909090909090909	0.4891418469525234	True
26	2050-10-01	GARW	south	0.010532717922610511	0.00013322118830374506	0.37538758631086305	0.028058247812937104	-0.7358846607823022	-0.4226207791062384	6	85.0	84.97359910013392	0.5538654265124853	0.5375017514443189	0.6538461538461539	0.6494516215218986	True
25	2051-04-01	GARW	south	0.00123971429116547	2.1456286474916375e-06	0.04972148927436345	0.024933168922690947	0.995564657075309	0.9873398609083167	7	92.0	91.28783296536099	0.4799378399378399	0.4203177273456575	0.5909090909090909	0.4336782972109527	True
26	2051-04-01	GARW	south	0.0012489087777929173	2.6893620245874626e-06	0.07023332742117241	0.017782281199686167	0.99134275719774	0.9808699002190194	10	135.0	134.41902974090866	0.5522680571062923	0.5224457816774669	0.6875	0.5469941359339856	True
25	2051-10-01	GARW	south	0.15205469292264218	0.02312062963979901	6.945228818923672	0.021893402922642174			1	11.0	10.723034362578144	0.5	0.37529075312655447	0.5	0.37529075312655447	False
26	2051-10-01	GARW	south	0.19511873146033476	0.03893860754790419	7.890009216856803	0.024729848356003004	-1.0	-346.9599075359477	2	23.0	22.948212520105248	0.6294642857142857	0.526736874110854	0.6875	0.5327017082359063	False
27	2051-10-01	GARW	south	0.10113661318796006	0.02146552629111593	2.225938955671217	0.04543548372262661	0.7950650639225538	-101.34750274206505	13	776.0	776.1124961118738	0.6854722949658046	0.686853127733522	0.7733333333333333	0.7076925619532006	False
28	2051-10-01	GARW	south	0.1167217316772465	0.014074222097165637	2.599936880626456	0.04489406360092956	0.992733594985028	-76.37924967108886	10	279.0	278.8211142145174	0.27342455849318675	0.2638065114568072	0.4090909090909091	0.28640669884200254	False
27	2052-04-01	GARW	south	0.008204473114850274	8.574199323855025e-05	0.1746089364279306	0.04698770453960499	0.9967964891140919	0.909384460708841	24	1407.0	1407.0235681277497	0.7131204068099463	0.7168008999601403	0.8918918918918919	0.764974679001222	True
28	2052-04-01	GARW	south	0.007491000736151657	7.266630738005005e-05	0.1691223924502941	0.044293370189599814	0.9990570303640622	0.8922673037058377	17	471.0	470.91219765615585	0.27275509300365613	0.2515279113391586	0.4090909090909091	0.26787727924036653	True
27	2052-10-01	GARW	south	0.005771327267747111	4.2179470281238774e-05	0.14491514469520309	0.03982556329696126	0.9789088098517843	0.4907037962871602	8	413.0	412.99382439905867	0.7342795786882221	0.7522964620580674	0.8918918918918919	0.7639318298121515	True
28	2052-10-01	GARW	south	0.008003468807803131	7.482750858467702e-05	0.23321502439120767	0.03431798113648833	0.9693833479916871	-1.5046804691967428	5	129.0	128.9574197286362	0.2869273673075517	0.2358565645880005	0.3384615384615385	0.2481301749391028	True
29	2052-10-01	GARW	south	0.14992665208826922	0.030211061436270906	3.925038070314584	0.03819750264900052	0.9877254084239243	-88.34675210766933	18	1752.0	1752.0684210772406	0.9016975720402132	0.9017143802656358	0.9870967741935484	0.9699522379967636	True
29	2053-04-01	GARW	south	0.0028496515372978598	1.1589221279278941e-05	0.05770827391631254	0.04938029408799111	0.9988676848393544	0.9885221130016875	28	2294.0	2293.884076926154	0.9368498008678944	0.934757779464098	1.0	0.9809231757563961	True
29	2053-10-01	GARW	south	0.38445735372686446	0.16144858274936796	7.804901666198579	0.04925844939108843	-0.9470701198051763	-3833.225401403011	8	289.0	288.96664910960743	0.9860744202849465	0.9825307946094058	1.0	0.9843472013898875	False
0	2027-04-01	GARW	tropics	0.1493498142753104	0.053756609225430775	16.26288046504155	0.009183478572344583	0.32916319081978584	-15746.16841465157	16	222.0	222.29542109881626	0.9775033428226363	0.9777780850890747	1.0	1.0	False
0	2027-10-01	GARW	tropics	0.0011330066150835431	2.098644475308109e-06	0.12337444968789005	0.009183478572344583	0.7996768703475465	0.6342009624421638	41	831.0	830.8234860291293	0.8166307541067558	0.8162331803125434	1.0	1.0	True
1	2027-10-01	GARW	tropics	0.0016801813054144383	3.897186017504637e-06	0.11686754481945816	0.014376799889225467	0.8902804018963575	-0.003797526250284511	11	206.0	205.94667011264286	0.42033732086610665	0.3985714524661211	0.6071428571428571	0.49782688981538753	True
0	2028-04-01	GARW	tropics	0.0007932581725195294	1.1850376860548456e-06	0.05774258720597776	0.013737835640960126	0.9799017347519228	0.9581513915217715	40	872.0	871.9814641143087	0.5633555660699109	0.5609464277615694	0.9523809523809523	0.8924665215006942	True
1	2028-04-01	GARW	tropics	0.0008055877341138492	9.699039109249403e-07	0.05491205985399476	0.014670506556407099	0.9888466167596648	0.9765622072958772	37	1084.0	1083.9532938614357	0.6353825321472143	0.6295594867975748	0.9	0.8736791311009481	True
0	2028-10-01	GARW	tropics	0.0026421558988881286	1.2368087679282347e-05	0.20164818124784736	0.013102800543688684	0.8781998239977926	-1.1138599430281344	14	244.0	243.99472529808315	0.3248313064146216	0.3206283545560544	0.5208333333333334	0.43341946932457115	True
1	2028-10-01	GARW	tropics	0.032234191471806665	0.0031500570296243177	1.7301997053564442	0.01863032999717567	-0.5313534851661857	-113.51290985178417	45	1219.0	1219.0047903958816	0.8226362289437958	0.8152179870541908	1.0	0.9202653857249006	True
1	2029-04-01	GARW	tropics	0.0037937359738045863	2.519650355126237e-05	0.19745759919034178	0.019212914516131465	0.36312192178813374	-0.44386815819348624	19	330.0	330.13298808960354	0.921227694166352	0.9166448427839631	1.0	0.9528635654100667	True
2	2029-04-01	GARW	tropics	0.005639730702223046	5.0288499766863056e-05	0.1990326615902212	0.02833570458819677	-0.7649193032838846	-0.008839628426734247	4	55.0	55.036499158199604	0.4969065175014832	0.48664291823484956	0.5217391304347826	0.5027803108594714	True
3	2029-04-01	GARW	tropics	0.006290415666331244	6.682858289519734e-05	0.378556543235056	0.016616845696483855	-0.8191233700961085	-1.4655072891570944	3	43.0	42.86006134672104	0.5504385964912281	0.47072418124316506	0.6666666666666666	0.4972196891405285	True
2	2029-10-01	GARW	tropics	0.003562164179213392	2.0932252720052363e-05	0.13552961655372883	0.02628328973247867	0.9323451233595279	0.5548069563126468	30	806.0	805.7237372730068	0.46162379155602123	0.4564326033714537	0.6071428571428571	0.4779432250330442	True
3	2029-10-01	GARW	tropics	0.0037449300717974613	1.926839393870282e-05	0.22327011307093	0.016773091661434085	0.832405979461326	0.5254415300057373	29	942.0	941.8686112801893	0.5306668324482026	0.5248665292479738	0.6666666666666666	0.5533009066076692	True
2	2030-04-01	GARW	tropics	0.03547633800301854	0.0027010764104549046	2.6123787420689926	0.013580089836024862	-0.050312632419530795	-44.16252652137558	37	997.0	997.0326224245644	0.45267066786773674	0.4302432176183086	0.7692307692307693	0.5031409089099741	True
3	2030-04-01	GARW	tropics	0.029032952798231888	0.002215842376643955	1.8186779951501437	0.015963767569439926	-0.09257286187524061	-23.58664109377835	46	1349.0	1348.7287080067388	0.5479357150331936	0.5298305935161838	0.7058823529411765	0.5642540187535914	True
2	2030-10-01	GARW	tropics	0.0014648059474776632	3.878963052435732e-06	0.09497965818644416	0.01542231226608821	0.35415729842643995	-0.6832797701502438	9	194.0	193.99124642439256	0.42327584150191244	0.3938566770833084	0.5	0.4388335540641045	True
3	2030-10-01	GARW	tropics	0.002067626097279865	7.217007017581501e-06	0.1563588575100611	0.013223594302272395	0.47041595749059084	-0.07215945139955715	19	390.0	390.0527118062191	0.5669411766009752	0.540467159706301	0.7058823529411765	0.5624475750366574	True
4	2030-10-01	GARW	tropics	0.001401233808162028	2.96390585870819e-06	0.2428235368779957	0.0057705847883521445	-0.3379946047221951	-1.9682236209263713	3	35.0	34.93382920874172	0.87991452991453	0.597825685211784	0.9230769230769231	0.7921447834089607	True
4	2031-04-01	GARW	tropics	0.0013346740035241724	2.911034357082802e-06	0.20100746590376276	0.006639922539808448	0.19354944815814493	-0.006214786416970153	11	129.0	128.73481036848167	0.9249629158720066	0.8349891367065198	1.0	0.965502633404045	True
4	2031-10-01	GARW	tropics	0.0018356402951554146	6.579155352343102e-06	0.28579137639498586	0.0064230079938395945	0.03093944657667231	-0.049045505422091296	27	368.0	366.77192719368185	0.7886263725615713	0.7768472654147656	1.0	0.9990023297903513	True
5	2031-10-01	GARW	tropics	0.0007723446828405006	7.552171682841676e-07	0.03322257233429035	0.023247588268273032	0.8705862212564902	-0.4328588692442321	7	125.0	124.93036587869771	0.5762485851726089	0.5567211932158439	0.7333333333333333	0.6829332248035583	True
4	2032-04-01	GARW	tropics	0.002018216594648699	7.824898249653762e-06	0.0987686169921204	0.020433784091658476	0.9664933610748668	0.8325326575290628	29	419.0	417.98912392494395	0.48709975612533346	0.47530296599182287	1.0	0.9523685601409174	True
5	2032-04-01	GARW	tropics	0.0010938956243618505	1.8536104705111475e-06	0.05251570509320641	0.020829875985105266	0.9929286842388347	0.9846675333795805	33	2063.0	2062.9796708503895	0.8144703465928048	0.8055338010263622	1.0	0.9743672509874284	True
4	2032-10-01	GARW	tropics	0.00048134924015771343	3.912556757327341e-07	0.0577057276367351	0.008341446505758807	0.9852569672530702	0.966424294306171	10	150.0	149.79887053703678	0.17747777661292202	0.1614111856522648	0.3333333333333333	0.2261143979840829	True
5	2032-10-01	GARW	tropics	0.03660373382500553	0.004319366599839679	1.5618399358267705	0.023436290099490314	-0.4765191478985109	-33.02832728676573	40	2315.0	2315.08459015662	0.9338463374963915	0.9331371160835055	1.0	0.9980914042673786	True
5	2033-04-01	GARW	tropics	0.004242320887083724	2.541127565630471e-05	0.1818928998757964	0.023323180233975855	0.5266778964509325	-2.009393447607589	14	353.0	352.8327221940169	0.9899011702583131	0.9900832468142811	1.0	0.9982122830631102	True
6	2033-10-01	GARW	tropics	0.001343310802369264	3.1481199191947866e-06	0.1315151122479385	0.010214117445581396	0.6789716294696396	0.1361866690733169	18	368.0	367.75990295232907	1.0	0.9959590076082157	1.0	1.0	True
6	2034-04-01	GARW	tropics	0.03139114553056675	0.0030156013312459804	2.9874114796989795	0.010507807760626875	-0.556556568863901	-136.97286085804515	43	1214.0	1213.9355942189093	0.9967997346930315	0.9957690532424076	1.0	0.9994480052186954	True
6	2034-10-01	GARW	tropics	0.001166633186017778	1.9167667521419916e-06	0.11718102248122901	0.009955820160253839	0.9514149021439853	0.900858374850167	42	1075.0	1074.4936125690672	0.9598669537745168	0.9508110240175027	1.0	0.9991154031184426	True
6	2035-04-01	GARW	tropics	0.0014688950251049524	3.063918997942047e-06	0.1426590975563652	0.010296539444493444	0.924006224508995	0.8528834749237001	34	509.0	508.88308220852906	0.6698207227031514	0.6312428614375293	1.0	0.9799010037739694	True
7	2035-04-01	GARW	tropics	0.00240717661559402	8.232265223397644e-06	0.16541045123792775	0.01455274801307154	0.8966203761174754	0.19874219963760098	20	477.0	476.7783464890174	0.6035583969260033	0.5894247823971326	0.7636363636363637	0.6525843950617358	True
6	2035-10-01	GARW	tropics	0.002306928888862181	8.803892782854076e-06	0.34418732890540726	0.006702538690772641	0.7853040084872174	-0.3931506760617489	24	327.0	327.16716291325633	0.33703211296933683	0.2903386533086632	0.6363636363636364	0.6034496861624028	True
7	2035-10-01	GARW	tropics	0.0018872993160944929	5.557987931377011e-06	0.09351572939675794	0.02018162429217948	0.9672998450856919	0.9334818269692177	40	933.0	932.6328281985548	0.4838899216151047	0.4775929742376734	0.7636363636363637	0.633655601405674	True
9	2035-10-01	GARW	tropics	0.002521000971061635	8.778917564738695e-06	0.13904956158174686	0.018130233151289334	0.967030029948066	0.3034837604801798	24	973.0	972.964088683493	0.5212526040941806	0.5085152472431779	0.7532467532467533	0.7728931846065125	True
10	2035-10-01	GARW	tropics	0.0006896736659281558	6.27825439333731e-07	0.04197434045037336	0.016430839854257227	0.9224397107352815	0.7934404214703739	7	104.0	103.97429689716331	0.16457856161254855	0.14486365014932553	0.17475728155339806	0.19190567167999692	True
6	2036-04-01	GARW	tropics	0.00198012148250416	5.530882248350852e-06	0.33254073183473415	0.0059545231394036845	0.7998816584355732	-0.4615633464889459	9	107.0	106.56952201851168	0.17821944416149677	0.14131260077223895	0.2318840579710145	0.17924809522507207	True
7	2036-04-01	GARW	tropics	0.0012762491168300306	2.565601697545931e-06	0.11514275226654072	0.011084059497515548	0.6535253731209887	0.2128146620314182	18	391.0	390.6736429979988	0.3406952388662903	0.3269676639232116	0.68	0.5662458696838187	True
9	2036-04-01	GARW	tropics	0.0021252769164574405	1.2018142295484334e-05	0.08665716991746535	0.024525113368941222	0.9660080255864615	0.9250861554369993	46	1806.0	1806.2149944289874	0.5836714645844541	0.5800924795173754	0.8133333333333334	0.7209868563450865	True
10	2036-04-01	GARW	tropics	0.0019511116967443872	6.076527415665474e-06	0.15411829687182327	0.012659831677007714	0.9761249478827396	0.8268652388823812	33	516.0	515.9749991304881	0.3247875739659879	0.31734323615167664	0.75	0.6402206791117314	True
9	2036-10-01	GARW	tropics	0.006417872111027495	5.825018211868555e-05	0.32762579204496156	0.019589031959201617	-0.5441750585838958	-3.045499172422188	20	719.0	719.0182883245436	0.6339139776032245	0.6184477258763345	0.7976190476190477	0.739925994166821	True
10	2036-10-01	GARW	tropics	0.007806028472508884	9.016046784191495e-05	0.8070884660168937	0.009671837476544352	-0.687991535945162	-7.5952567124587755	26	404.0	403.8968812284462	0.412574678908688	0.3929236987266839	0.7857142857142857	0.611142277726213	True
10	2037-04-01	GARW	tropics	0.0004414395970782103	1.9486891786857264e-07	1.3926194043415647	0.0003169850970782103			1	13.0	12.790843063453751	0.65	0.4164001984925985	0.65	0.4164001984925985	True
11	2037-04-01	GARW	tropics	0.004295228526575281	2.413713544904183e-05	0.2683143572249537	0.016008194906149496	-0.4847396767198098	-1.6778022191515665	13	202.0	201.99427142964282	0.7496471040115462	0.7353852392490302	0.8636363636363636	0.7826565606962708	True
10	2037-10-01	GARW	tropics	0.20138314150717276	0.040561637237127274	248.53307999155405	0.000810287071298583	-1.0	-1722171.0469503966	2	25.0	24.746802983213048	0.46785714285714286	0.28224231224640384	0.65	0.398701042287266	False
11	2037-10-01	GARW	tropics	0.1390190704527286	0.026308881418181305	1.2795286673527189	0.10864865633714338	0.07883566061105063	-58.28662137096213	39	1028.0	1027.9068857403024	0.6377663219680955	0.630254033611342	0.896551724137931	0.8166479135089273	False
12	2037-10-01	GARW	tropics	0.059289731719179	0.006323728322938807	2.064128843086101	0.028723852155727973	0.7407934564951792	-3264.784079381688	13	826.0	826.0041012801228	0.5831053327351378	0.572586126837284	0.8742138364779874	0.9443513286401867	False
11	2038-04-01	GARW	tropics	0.015323130214427605	0.0003443098208779781	0.2859749431171044	0.053582072776749916	0.6204770871269014	-0.8405053984156392	29	846.0	845.9242251472199	0.48027309867261453	0.47955018481875505	0.8936170212765957	0.8493828542243769	True
12	2038-04-01	GARW	tropics	0.010836160085950213	0.00018324741233337785	0.3459826914332299	0.03131994852419214	0.7926487839185508	0.4965253446706305	38	3510.0	3552.634777359618	0.8273152605884171	0.8096993228538883	1.0	1.0	True
11	2038-10-01	GARW	tropics	0.004192509237273613	1.839520984383429e-05	0.2240810789455143	0.01870978690839412	0.9989952524383463	-2.9744726737900753	3	39.0	38.95396604958365	0.07039985104501233	0.054062865934283534	0.07878787878787878	0.06036223219538006	True
12	2038-10-01	GARW	tropics	0.001129369241206059	2.7433297137227857e-06	0.0435727888847756	0.025919140594662795	0.9837513119181547	0.9657046729834429	27	2265.0	2264.872575716034	0.9568668223898767	0.9525371261509593	1.0	0.9980111110081735	True
13	2038-10-01	GARW	tropics	0.010619075833482119	0.00011608367279219088	1.4569962533899126	0.007288334344563552	1.0	-22.16546195129192	2	26.0	25.890746300478497	0.788888888888889	0.7468700161072589	0.8	0.7665524155269994	True
12	2039-04-01	GARW	tropics	0.001226289094895295	1.5037849442591217e-06	0.056263642505375785	0.021795408905104705			1	17.0	16.779362063226635	1.0	0.9078784315665768	1.0	0.9078784315665768	True
13	2039-04-01	GARW	tropics	0.0012554058585807575	2.4184036466478687e-06	0.0818147256996767	0.015344497556455394	0.925736026639863	0.851437564389398	28	612.0	611.9108453648114	0.9659840341916974	0.9616429142255684	1.0	0.9897988789197412	True
13	2039-10-01	GARW	tropics	0.0012673171848383996	2.5067185205714177e-06	0.1261310821671728	0.010047620008196796	0.9601840664518645	0.9173157022623657	49	1213.0	1212.9767763179202	0.9230263746295924	0.9210351913277794	1.0	0.987419895228948	True
14	2039-10-01	GARW	tropics	0.0001959234233211175	4.001070642853412e-08	0.015906261519171645	0.01231737722185525	1.0	0.4094729197974867	2	24.0	23.92584778517716	0.4521428571428572	0.32024514579241525	0.4642857142857143	0.3662981633947202	True
13	2040-04-01	GARW	tropics	0.0016265836402346735	4.117711251027744e-06	0.15190847892350182	0.01070765537092758	0.8576126362247352	0.6828563853331762	31	678.0	677.8195684501322	0.7620152562185313	0.7520836581207804	1.0	0.9857230660747871	True
14	2040-04-01	GARW	tropics	0.003294372133882257	4.4487865105966446e-05	0.12596823579425795	0.0261524035254642	0.8415627531648711	0.43339788015354586	27	685.0	684.8920981785501	0.5030624567913541	0.4839617808993211	0.8157894736842105	0.596848019672113	True
15	2040-04-01	GARW	tropics	0.0015666447662104697	3.4939389128484617e-06	0.059269987678987064	0.026432345062995362	0.7679590280953333	0.041817153089900305	14	558.0	557.9921570283024	0.47573673854839854	0.463867504127209	0.7211538461538461	0.7417009995009055	True
13	2040-10-01	GARW	tropics	0.00757921987762557	6.59245689778633e-05	0.7087279376780071	0.010694117551591427	-0.7484594174441229	-28.21467812419413	5	64.0	64.1738546866725	0.450240322291139	0.3704686498945672	0.6923076923076923	0.4651399465960054	True
14	2040-10-01	GARW	tropics	0.033287832153019815	0.003219340228197901	0.8698532517447729	0.03826833099290055	-0.9174554492658701	-16.74188728560043	34	904.0	903.8243407151018	0.39987776522555096	0.39791642486471074	0.8157894736842105	0.5793061978934447	True
15	2040-10-01	GARW	tropics	0.03303168556601711	0.0029099357613730907	1.2089289284517886	0.027323099636898465	0.21577104744585154	-8.393214948450241	40	2668.0	2667.9926924932574	0.672082189452045	0.6683911179823402	0.8943089430894309	0.8660711440537207	True
16	2040-10-01	GARW	tropics	0.0077695837081285715	0.00014566667367736378	1.0236805953466812	0.007589851505876512	0.8955180030766625	-9.336782639535205	7	88.0	88.12143935539362	0.21113801929152048	0.19461943136952176	0.3469387755102041	0.3400106177659278	True
14	2041-04-01	GARW	tropics	0.1653985375143659	0.02782223981885667	7.133930751111077	0.02318476913847332	0.09210520268396691	-891.5205653644795	9	207.0	206.99292210823285	0.15758951641686256	0.14381332110020553	0.25984251968503935	0.20705039127950273	False
15	2041-04-01	GARW	tropics	0.23140996903974673	0.05897867341904888	9.677369974201268	0.02391248548486402	-0.5295306725748615	-528.851836629242	27	1955.0	1955.207706452822	0.7574055887188538	0.7348918584500055	0.8943089430894309	0.8386717085148113	False
16	2041-04-01	GARW	tropics	0.24107035416433295	0.07671792830612939	2.490095661498927	0.09681168394117812	0.3637683166222145	-129.19232061576056	15	174.0	174.26539273983838	0.2985345767440403	0.2460784819131279	0.5454545454545454	0.3810905269727327	False
17	2041-04-01	GARW	tropics	0.1281355900302189	0.023856631396403843	5.213102048725757	0.02457952843289135	-0.4761444040236221	-1465.051329430495	16	476.0	475.99482845599675	0.6910125447447344	0.6442900817221983	0.8805970149253731	0.9326909093080291	False
15	2041-10-01	GARW	tropics	0.002703512355130602	7.309231552380169e-06	0.10887865153317491	0.024830509168336384	1.0	-4.956176666570651	2	27.0	26.919812541077192	0.5760869565217391	0.46054401224937325	0.6521739130434783	0.48444841600520794	True
16	2041-10-01	GARW	tropics	0.005177038968236987	3.156044255160172e-05	0.7523378228506293	0.00688126904031096	0.38275589784320163	-0.08315524065388069	5	57.0	56.90248813227322	0.2839304187191796	0.22883914377280754	0.5454545454545454	0.40441636398553404	True
17	2041-10-01	GARW	tropics	0.003211223152309013	1.593476979933364e-05	0.14452017086996147	0.022219895900887465	0.9770676611048118	0.9154723983788733	43	2317.0	2316.985137487854	0.7825930509291987	0.7662591912420861	0.9494949494949495	0.9160813029253768	True
18	2041-10-01	GARW	tropics	0.005864148181773875	4.097795310972241e-05	0.9034971337275962	0.0064905000390869105	0.8799805562062265	-2.7637416676929707	5	63.0	62.65862923692761	0.24137533656838994	0.21208925073961407	0.325	0.26769059353492314	True
16	2042-04-01	GARW	tropics	0.01988454047034502	0.0003953949497167889	6.999031961620006	0.002841041529654983			1	11.0	10.922957594448063	0.1134020618556701	0.09500273859468486	0.1134020618556701	0.09500273859468486	True
17	2042-04-01	GARW	tropics	0.008607580289362135	9.335512532153694e-05	0.4465536138728279	0.01927558085290393	0.9273723586405205	-0.20352377719410364	32	1838.0	1837.8944967359548	0.7833629535026876	0.7843474060370794	0.9494949494949495	0.9037488678338641	True
18	2042-04-01	GARW	tropics	0.004925845214103417	2.5333789581885144e-05	1.0237153971336233	0.004811733053830837	0.9363356946761556	-2.000983167982145	11	136.0	135.64532742393808	0.33833189069236946	0.2906246275974827	0.6111111111111112	0.4251379839209298	True
17	2042-10-01	GARW	tropics	0.0032875075778519194	1.1517503695088646e-05	0.18084121693483277	0.018178972877829023	0.7598408394559568	-7.044587289819129	6	92.0	91.83247156894478	0.5886507936507935	0.5466682564644381	0.6666666666666666	0.5982654003148464	True
18	2042-10-01	GARW	tropics	0.0011915499685666174	1.9297245967058273e-06	0.1747720260919947	0.006817738486017332	-0.13928205698372906	-0.9305235596790205	3	33.0	32.7835169026787	0.4656084656084656	0.40711292906320784	0.6111111111111112	0.43069507771869453	True
18	2043-04-01	GARW	tropics	0.02193414905729816	0.0004811068948677737	0.8063500947712549	0.02720176905729816			1	11.0	10.81967891756327	0.8461538461538461	0.7187966485961147	0.8461538461538461	0.7187966485961147	True
18	2043-10-01	GARW	tropics	0.002703305469911559	1.4001311582960744e-05	0.30798532177177274	0.008777384111554503	0.9360689417851997	0.4077028140094262	18	243.0	242.65690607832602	0.5075863271884672	0.45484815916325644	0.8461538461538461	0.682678456489245	True
19	2043-10-01	GARW	tropics	0.000991935406501921	1.6185452583506406e-06	0.09310170313298037	0.010654320738742078	0.561998176104368	0.021845095621326083	19	326.0	325.70883509787393	0.5499300396479488	0.5248902054267865	0.7142857142857143	0.6369129234088082	True
18	2044-04-01	GARW	tropics	0.001829557958372768	6.103600350794679e-06	0.175235562735039	0.010440563147214072	0.9080103503196623	0.7906413395618143	26	360.0	359.2750359422391	0.4200629777784878	0.3724997088870501	0.7368421052631579	0.5051424781019767	True
19	2044-04-01	GARW	tropics	0.0019332234135396539	1.5038265563873212e-05	0.071423995671153	0.027066861709060776	0.8992694281013971	0.7663790492448161	40	801.0	800.7056280914396	0.4835431713496249	0.47436228907033084	0.7142857142857143	0.5520861613933201	True
20	2044-04-01	GARW	tropics	0.0032790578938616966	1.6449711187119332e-05	0.21086529945072188	0.015550486032567892	-0.07512240394831242	-1.7946816537828423	19	479.0	479.043844822228	0.3970133169258454	0.379854876517264	0.5542168674698795	0.5063313262805631	True
21	2044-04-01	GARW	tropics	0.001360507465819491	2.6223551168087186e-06	0.051624269375664986	0.026354028488407368	-0.8216659210121764	-0.614231830696889	6	124.0	123.93505004038744	0.2421642479078955	0.24364544387264941	0.36792452830188677	0.30984890712306984	True
22	2044-04-01	GARW	tropics	0.004758232466503944	2.3415375743200665e-05	0.1645244603367088	0.028921124900005424	-1.0	-34.68711157740936	2	31.0	30.98429202518928	0.15441906653426019	0.12637370211663354	0.15789473684210525	0.13365641715464976	True
18	2044-10-01	GARW	tropics	0.003964859469819364	1.79403372187674e-05	0.358809762492604	0.011050032313156726	0.5164076685421015	-4.9354702877826035	6	76.0	75.48440355001269	0.2657464142869145	0.2175602292269997	0.34	0.29516984823679604	True
19	2044-10-01	GARW	tropics	0.004384436044335421	2.3382073812532527e-05	0.6311112854830159	0.006947167869102243	0.20411176886768762	-5.082178182675275	20	421.0	420.98159569568264	0.4023997127609176	0.3756553656763894	0.6538461538461539	0.5538274635924212	True
20	2044-10-01	GARW	tropics	0.008675563340514891	9.657865782326858e-05	0.2745692511894674	0.03159699530421304	0.9387746446063348	0.10988649400755279	32	825.0	825.0418269388481	0.3012730582037487	0.2991396064156317	0.5542168674698795	0.42026178656347457	True
21	2044-10-01	GARW	tropics	0.015606233522453576	0.000434547664252955	0.19774321683394927	0.07892171358554657	0.8150675476492388	0.34003683949082086	30	1277.0	1276.894758857862	0.27033620903439065	0.26267951531637973	0.41624365482233505	0.33647299734812675	True
22	2044-10-01	GARW	tropics	0.014231281620578297	0.00025589580476321355	0.4512300867733372	0.031538857974528156	0.9266294269751708	0.18511273446845922	28	2662.0	2662.000018609106	0.5917758455851614	0.582488406569646	0.9473684210526315	0.9193994556292582	True
20	2045-04-01	GARW	tropics	0.10468401989586663	0.011128914861591586	3.461508265190141	0.030242314007624164	0.006431762153260134	-137.8875270543078	11	242.0	241.94241642721732	0.11922970256967297	0.13498797965654238	0.2535211267605634	0.2415318839605741	False
21	2045-04-01	GARW	tropics	0.10629521180197313	0.011418494618510603	3.2105867195414954	0.03310772176157047	0.7685334925509938	-54.577580810093046	21	1025.0	1024.9477888525296	0.263970813998472	0.2566174815508753	0.41624365482233505	0.3816806558525643	False
22	2045-04-01	GARW	tropics	0.13504772670435655	0.02003676773309982	3.8284218005174906	0.03527503857754181	-0.3114080378512062	-53.1570451108055	32	2829.0	2828.95656565586	0.7485742842186149	0.7464778299443616	1.0	0.9621869625179151	False
22	2045-10-01	GARW	tropics	0.007355325088482731	5.501202790778684e-05	0.3043406372050558	0.024168067583846615	-0.33712996940412754	-64.79870708926985	6	148.0	147.9883028618364	0.9322606404656009	0.9445584353556954	1.0	0.9607402153684429	True
23	2045-10-01	GARW	tropics	0.005536983259107236	3.4597778330589406e-05	0.17680582536934777	0.031316746761824533	-0.6694314667075683	-7.906068078779741	5	92.0	91.93980940798659	0.9777777777777779	0.9831380126049905	1.0	1.0	True
23	2046-04-01	GARW	tropics	0.004673766055982537	5.640768862344424e-05	0.15180404932961544	0.03078815141376293	0.9055948690616478	0.8178787672741138	31	3527.0	3526.9665373235557	0.9953525216923366	0.996182378931477	1.0	1.0	True
23	2046-10-01	GARW	tropics	0.0009323427384747584	1.6548361097941834e-06	0.030840030434623036	0.030231576471729076	0.99790136593548	0.9957341139654733	36	3768.0	3767.871398774062	0.9973136445471231	0.9850429232308533	1.0	0.9995779681918024	True
23	2047-04-01	GARW	tropics	0.001620381353844227	3.6603257628817405e-06	0.05548595553297488	0.02920345046380695	0.31438832630039837	0.0782305696267791	10	273.0	272.8091706748138	0.9952380952380953	0.9932162454074328	1.0	0.999046420655794	True
24	2047-04-01	GARW	tropics	0.001456297703985933	3.005508517643959e-06	0.07560972212010471	0.019260720224214416	-0.4017711446118594	-0.026442825386021607	11	246.0	245.9436019156545	0.9904306220095694	0.9863037079622141	1.0	1.0	True
24	2047-10-01	GARW	tropics	0.0010981541560486049	1.8355877495029275e-06	0.054512525436418616	0.02014498773001172	0.9891648022175614	0.9775145322719037	37	2104.0	2103.9612781682645	0.9941133560629826	0.988163614281935	1.0	1.0	True
24	2048-04-01	GARW	tropics	0.001075474726245016	1.999311652078926e-06	0.05796232460806404	0.018554720389792476	0.9885993928182276	0.9745666076611283	41	2223.0	2222.8164359016946	0.9786834748973225	0.9775028037194904	1.0	0.9948251529301961	True
24	2048-10-01	GARW	tropics	0.0033457567797880606	1.5299249724920495e-05	0.1750834865329999	0.01910949368236078	0.8356798234343092	-1.3547927642932867	15	345.0	344.66613111041636	0.9522679789346455	0.9554676792805861	1.0	0.9792846177377412	True
25	2049-10-01	GARW	tropics	0.003926271979710055	1.7897241633740294e-05	1.00668533310226	0.003900197857865503	0.13548481815272295	-6.174164173541611	4	47.0	46.56657609937453	0.5498511904761905	0.5192606511968746	0.6875	0.5699846719032019	True
26	2049-10-01	GARW	tropics	0.009590699737214627	0.0001014644220841241	0.4360974565673182	0.021992101978091125	0.9633379728649244	-9.618841027334893	3	35.0	34.653497156083056	0.49603174603174605	0.4971594884940706	0.5238095238095238	0.5640537302096932	True
25	2050-04-01	GARW	tropics	0.00855781014485751	0.0001526941502460913	0.8448115975215447	0.010129844535709356	-0.7000788690337508	-9.912651748767448	26	386.0	385.3075650641573	0.47953723276287186	0.46056645664010365	0.7317073170731707	0.6267284474075933	True
26	2050-04-01	GARW	tropics	0.008172999165203107	0.0001486868781611898	0.5893450751273571	0.013867934950397145	-0.8706685669404703	-10.143638562449775	26	469.0	468.8807342182656	0.5526424534929013	0.5481942672665974	0.7209302325581395	0.6250297975869228	True
25	2050-10-01	GARW	tropics	0.0013595714858514476	3.063618490937864e-06	0.17639200005560046	0.007707670900170628	0.8819924613895748	0.7697687101981034	31	447.0	446.38172208816815	0.44121964952667636	0.4192742594201698	0.7317073170731707	0.5414735929922034	True
26	2050-10-01	GARW	tropics	0.001154414333122407	2.1831233919499984e-06	0.12147189260782071	0.009503551054806587	0.9564979440303407	0.9026725207784871	43	791.0	791.0347355208886	0.6077432188491683	0.6002103982308086	0.84	0.66797933263614	True
25	2051-04-01	GARW	tropics	0.0024049367562434046	9.811238823467976e-06	0.2502214214497894	0.0096112344910725	0.21461696678297487	-1.3044250769559098	8	95.0	94.7007639455561	0.3893187132589703	0.36876899551301834	0.5	0.40581362295471424	True
26	2051-04-01	GARW	tropics	0.0012269618032247956	2.108371155494976e-06	0.1762120591765639	0.0069629843096912225	0.7674157279097225	0.5462608211793822	21	360.0	359.9670462008077	0.6699257172376981	0.6452728451528276	0.84	0.7134991064165697	True
26	2051-10-01	GARW	tropics	0.004067050366191444	1.690164156826748e-05	0.7461898052940135	0.005450423387369848	-1.0	-46.79626774722636	2	25.0	25.05404635862287	0.6944444444444444	0.7066174049312539	0.7777777777777778	0.7107525456784114	True
28	2051-10-01	GARW	tropics	0.00224278797524847	7.603112542432608e-06	0.2210506988206809	0.010146034313457872	0.2519083067908566	-1.1190830528321767	13	186.0	185.73486839578888	0.7909955856109702	0.766649337580128	0.9285714285714286	0.8064164248604896	True
28	2052-04-01	GARW	tropics	0.0014953484562845033	5.868341708759012e-06	0.07409854179526695	0.02018053824076763	0.9719876221729097	0.9010683452525511	39	809.0	808.8627676153192	0.5615224091248796	0.5532369838991318	0.9285714285714286	0.8040771251925785	True
29	2052-04-01	GARW	tropics	0.0012235002491655415	1.8640815916442214e-06	0.05448566274563913	0.02245545318733352	0.9741656826137943	0.9275412188925057	22	887.0	886.9809115761848	0.5363753307309493	0.5320951233425387	0.8068181818181818	0.808367563956294	True
28	2052-10-01	GARW	tropics	0.004007123235297537	2.749977321249454e-05	0.214082670447533	0.01871764410879579	0.9812305758591844	0.15531099754820443	25	592.0	591.8312718794327	0.41132086788072186	0.4106456927560782	0.6829268292682927	0.7073407029922166	True
29	2052-10-01	GARW	tropics	0.0735565767122966	0.01647736937275826	2.49369808369972	0.02949698569891268	0.16785003668945708	-98.50346671184239	48	2084.0	2083.892087713227	0.7493546820806625	0.7507791715172996	1.0	0.9729228219802344	True
28	2053-04-01	GARW	tropics	0.0064401841599196555	4.147597201368004e-05	0.5479358000582769	0.011753537840080343			1	12.0	11.910520843126182	0.13186813186813187	0.10798799863016963	0.13186813186813187	0.10798799863016963	True
29	2053-04-01	GARW	tropics	0.0026340558436331795	8.663806542152962e-06	0.18230856895153116	0.014448338104905391	0.8155809470405926	0.15833573427257508	32	1146.0	1145.9161368955488	0.9507600943545773	0.9497372221870635	1.0	0.9983976499009944	True
