variant	pivot_date	model	location	mae	mse	normalized_mae	max_r_data	correlation	r2	n_points	total_sequences	total_smoothed_sequences	mean_variant_frequency	mean_smoothed_variant_frequency	max_variant_frequency	max_smoothed_variant_frequency	converged
1	2027-04-01	FGA	north	0.006404062407004543	5.337106809134386e-05	0.21286029826809882	0.030085753233975967	0.7678643293933602	-0.9337372363543284	8	214.0	213.98618073543696	0.6230857487922705	0.6147203371008669	0.7391304347826086	0.6915907248855171	True
2	2027-04-01	FGA	north	0.02347810893405524	0.0005848411156554662	0.7581217914433851	0.03096878258749872		-16.395881199762115	5	88.0	87.97215248209598	0.3175740740740741	0.3300029785934519	0.37037037037037035	0.3591724162141811	True
1	2027-10-01	FGA	north	0.002064848533938286	5.121119307469017e-06	0.06805344546285765	0.030341572273004807	0.9970052835589039	0.9845585905648422	16	409.0	408.9288742572165	0.5422374846639162	0.5391034263998061	0.7391304347826086	0.6608138059479196	True
2	2027-10-01	FGA	north	0.0019096171485641722	5.690010528907499e-06	0.058241212921306885	0.032788073132068316	0.9957184442633026	0.9829949995400932	15	324.0	324.0317938859704	0.449464167419452	0.44233683374624594	0.7777777777777778	0.561627569524208	True
1	2028-04-01	FGA	north	0.11039484161817102	0.012246168834972274	3.3649058778526424	0.03280770566118209	-0.7143531407863255	-337.4283536831851	6	134.0	133.86666183708152	0.4393892015843235	0.4146959436894111	0.54	0.5185225351391379	False
2	2028-04-01	FGA	north	0.16045622765360587	0.03627681293434225	3.4503447854629976	0.04650440394526382	0.07642079084040126	-70.13229974774045	27	1835.0	1834.944350392504	0.8309470598066795	0.829336651605124	1.0	0.9804924609251392	False
2	2028-10-01	FGA	north	0.20163774746223068	0.04085313843516419	4.113391247082472	0.04901983189788898	0.9663000288825712	-43.694242188819025	28	2086.0	2086.0221601069784	0.9533158373511531	0.9424366740161958	1.0	0.975382559359447	False
2	2029-04-01	FGA	north	0.004631004727603333	3.234218525132764e-05	0.09310707133335729	0.049738485608924875	0.9688365796076217	0.06332185072857732	7	259.0	258.9167033017099	0.9574746171014804	0.9367500075905824	1.0	0.9722664989876478	True
3	2029-04-01	FGA	north	0.028546487035893298	0.0008149019220904241	5.434152191916175	0.005253162964106701			1	11.0	10.992363959641489	0.9166666666666666	0.9652975121084284	0.9166666666666666	0.9652975121084284	True
3	2030-04-01	FGA	north	0.20096001453263512	0.04082430550259481	4.597841328574015	0.04370747056531447	0.5499519410018272	-69.98148053116499	14	429.0	428.8269306298449	0.33895527098198724	0.33158378090107743	0.9090909090909091	0.9514870590526627	False
4	2030-04-01	FGA	north	0.14872411008084951	0.022645020383469827	2.7221256967407252	0.054635283836790095	-0.9047786084027801	-98.1265815770352	13	1564.0	1564.2533607174057	0.7168671285306648	0.7166283544289531	0.9094650205761317	0.9147946419589976	False
3	2030-10-01	FGA	north	0.005248862307623131	3.5483988801238194e-05	0.14287333738608599	0.036737871485700326	0.9928045590683201	0.9396530804122075	16	487.0	486.60446252896094	0.25942224115852097	0.2591294074022595	0.6	0.46565314429487686	True
4	2030-10-01	FGA	north	0.002736562706123115	9.21888978377759e-06	0.05179797996811027	0.05283145612643381	0.9981197392470973	0.9930763237356209	24	2675.0	2676.0939826871245	0.8347501338208377	0.8260562050196727	1.0	0.9818281645644136	True
3	2031-04-01	FGA	north	0.22597953366526002	0.05106674963556839	8.15535791640407	0.02770933366526001			1	19.0	18.977677638913846	0.10326086956521739	0.07556165082537807	0.10326086956521739	0.07556165082537807	False
4	2031-04-01	FGA	north	0.2042690968088609	0.04219507567886272	4.2673152919952555	0.04786829255200204	-0.9527314132671624	-253.74359409768078	10	708.0	708.0418332038317	0.949030877335845	0.9381934853307874	1.0	0.9673376852164606	False
5	2031-04-01	FGA	north	0.03514896772146113	0.0015069969728679195	0.6801239358728374	0.051680239243973504		-4.320590691043225	16	1813.0	1812.9910415207446	0.9699297230468118	0.9152703116304577	1.0	1.0	False
5	2031-10-01	FGA	north	0.2385617052798667	0.06392224986296241	4.71145508282734	0.050634400856201314	0.874467616360418	-47.89822652136715	27	2778.0	2777.988457621152	0.9789708070764273	0.9585552450007705	1.0	0.999708623750111	False
5	2032-04-01	FGA	north	0.2541006235769101	0.06483163999790895	5.135945329746064	0.04947494711542687	-0.9911891386222322	-1224.2305459766799	8	460.0	459.8546298618488	0.993421052631579	0.9833995771170436	1.0	0.9877739630934557	False
6	2032-04-01	FGA	north	0.018848736323552297	0.0004305267847176873	0.6471641230905272	0.02912512553004376		-4.721139918005107	4	53.0	52.88267524095502	0.9462454212454212	0.9297855407934309	1.0	0.9431527847259539	False
6	2032-10-01	FGA	north	0.02462640300368579	0.0008333647538605122	0.922768360637291	0.026687524252216526	-0.945091654841015	-2.696388937041648	12	170.0	169.8109020183152	0.9782939282939282	0.9578560039674846	1.0	0.9980593950192447	True
6	2033-04-01	FGA	north	0.11654824234442314	0.014759385191945716	2.1585994727626026	0.053992527940008826	-0.5647945074714741	-22.136466761438744	27	1689.0	1688.8402343927958	0.707540042182019	0.704992165184253	1.0	0.9911780437788043	False
7	2033-04-01	FGA	north	0.21594206304294652	0.047284762768957496	3.836369610440353	0.056288127831916564	-0.8529659923972568	-95.7100100787431	14	1717.0	1716.9896110164088	0.5021676687790687	0.48394660725907446	0.695	0.7839945609432739	False
6	2033-10-01	FGA	north	0.19125538226936506	0.03699379711272545	3.409596666418218	0.05609325705678815	0.9650118776001608	-38.75801257211621	25	1701.0	1700.9169924400646	0.5605096415780813	0.5543111070818529	1.0	0.9439921135443001	False
7	2033-10-01	FGA	north	0.19630529277714145	0.04075771995867678	3.1745042040770484	0.06183809507167278	0.9527616339143761	-23.28335863861478	24	2215.0	2214.905367176367	0.6400548021873848	0.6236751006846597	0.9285714285714286	0.888497107693258	False
6	2034-04-01	FGA	north	0.09109270791371096	0.00829788143505266	1.470047597962341	0.06196582208628903			1	14.0	14.042256511144192	0.2	0.16941715345281624	0.2	0.16941715345281624	False
7	2034-04-01	FGA	north	0.2872790634479795	0.0826985936669452	5.112969823328048	0.05618634049770093	-0.9967718903736082	-2068.57602283186	7	198.0	198.04147223644765	0.8563818920961779	0.8669039432991974	0.9285714285714286	0.8848077060681366	False
8	2036-04-01	FGA	north	0.0013225517623164749	2.2621965647272226e-06	0.0455796801317127	0.0290162580890139	0.9951117420703988	0.9793338924909774	14	556.0	556.042262956828	0.8772395058305145	0.8718122540170732	1.0	0.9411164180785364	True
9	2036-04-01	FGA	north	0.001189944335712998	2.0636402362580163e-06	0.03549731803610305	0.033522091288777034	0.9884087342363059	0.9458622308395848	5	71.0	70.81273840156956	0.21169316658967086	0.16950733343075602	0.29411764705882354	0.19946142960775604	True
8	2036-10-01	FGA	north	0.04818209524140516	0.0025244049427540407	1.3358207007148866	0.036069283262057335	0.986581442394298	-4.010893010781085	22	829.0	829.1192099651599	0.7996167788691299	0.7941496434999064	1.0	0.939193563701619	True
9	2036-10-01	FGA	north	0.09220555148596955	0.008631114560858447	2.701516060985192	0.03413103953649786	0.9860157448860629	-29.4522671141092	12	187.0	186.6134664752344	0.28902081495455806	0.262731577806361	0.5	0.44418841006725945	True
8	2037-04-01	FGA	north	0.24138271676024525	0.05831106281757888	6.195529161940005	0.03896079099152543	0.5973999044759548	-1198.423334942345	6	157.0	157.10854340431356	0.629901032389788	0.627291913217536	0.72	0.6691847257093341	False
9	2037-04-01	FGA	north	0.10902113049834582	0.02446679387188764	2.9269718545101644	0.03724707168958779	-0.23317625063315622	-88.06871906073724	16	318.0	317.87617637475034	0.2717021491931946	0.26434684981671935	0.5	0.43385370300075077	False
10	2037-04-01	FGA	north	0.18667024800738583	0.03516398772627293	3.8282779205855846	0.048760892463845	-0.7754482328719159	-178.87913209044396	12	1080.0	1079.9911147213816	0.7504277795192952	0.7428220122269681	0.8909090909090909	0.8820917002974765	False
9	2037-10-01	FGA	north	0.18272415773274547	0.03344858856285456	5.1475755728164625	0.0354971296968777	0.9959490096920522	-67.08566910933142	16	318.0	318.0282069119293	0.18443932677407876	0.16497830774485148	0.4528301886792453	0.3232696306952443	False
10	2037-10-01	FGA	north	0.2399866147887935	0.05769508491865191	4.58976545844195	0.05228733732948955	0.9671636217099246	-50.585583534930656	24	2065.0	2064.752012684263	0.8346620408910076	0.8493623453090272	1.0	0.9554304286115908	False
9	2038-04-01	FGA	north	0.10285242523956357	0.010619219291486128	2.600752943935447	0.03954717247534007	-0.9741202267602169	-451.53914624702713	3	45.0	44.91814507796427	0.11509525871400735	0.09189342289358693	0.125	0.10185409212902866	False
10	2038-04-01	FGA	north	0.3070356947301517	0.09442361521946821	7.410637787914252	0.04143175034554858	-0.7891741073027178	-1069.641326812111	10	657.0	656.9429496515395	0.9236384813755507	0.9214208500225919	1.0	0.9437786612015905	False
11	2039-04-01	FGA	north	0.04800598687088673	0.0029340279029089734	1.000886602192902	0.047963462359979205	-0.8710284103934737	-5.385245152638084	18	2796.0	2795.9108645166516	0.9993765277391008	0.995976484975787	1.0	1.0	False
11	2039-10-01	FGA	north	0.06425494139498732	0.005712057895835971	1.131871273869991	0.05676877121838483	-0.33204576994649454	-2.9627733492831965	27	3464.0	3463.927862169657	0.9989345792464701	0.9966586693135719	1.0	0.9998172114589262	False
11	2040-04-01	FGA	north	0.06769593098486819	0.004653286809297541	1.232466455831815	0.05492719957167428	-0.9841230017925804	-495.30062048574246	6	237.0	236.94501824499062	0.9970760233918128	0.9439060735254245	1.0	0.9634443412433045	False
12	2041-04-01	FGA	north	0.13389193372309047	0.020522317152881928	3.8499046387079066	0.03477798706412294	0.8472129885115167	-113.64901051186133	15	887.0	887.0000552931108	0.8253601532623673	0.8068282033350441	1.0	0.9597474144323083	False
14	2041-04-01	FGA	north	0.22970783506378017	0.052947174506230356	5.259708521894184	0.043673111182414966	-0.9882172423861919	-817.0591565803503	5	117.0	117.00144761243229	0.16581230365792954	0.1512457053386525	0.20245398773006135	0.19306190320628885	False
15	2041-04-01	FGA	north	0.14388985767716755	0.02085994678816193	3.7240623538935185	0.03863787552502451	-0.9900130950273758	-394.0359251194493	5	115.0	114.82358691995151	0.16514825306154363	0.14596460142308887	0.2074074074074074	0.17903810077094778	False
12	2041-10-01	FGA	north	0.2243675725214239	0.05038666628902755	5.369724003652577	0.041783818380387014	0.9947017069621759	-69.75224493860564	24	1230.0	1229.9420627151335	0.6646433430905351	0.6471611258038205	1.0	0.9415178385469948	False
14	2041-10-01	FGA	north	0.24067218080155914	0.05797932256619218	5.259466783895391	0.045759806210489425	0.9847788101574763	-101.90584623828661	19	480.0	479.98936126229563	0.360988908644638	0.3519601824121679	0.6285714285714286	0.4803471928360656	False
15	2041-10-01	FGA	north	0.18189587823718256	0.033097212566723315	5.860898070841635	0.031035495932291823	0.985088479695989	-130.61695972457716	13	264.0	263.82383382677995	0.18440066109206013	0.14957836836735974	0.27941176470588236	0.20681933142815356	False
12	2042-04-01	FGA	north	0.09146102067449605	0.008405504020954	2.3455250386664135	0.03899383684537331	-0.05610778624219262	-210.9268569789097	7	229.0	228.92198685925433	0.3790825168252879	0.3395440259964778	0.4732142857142857	0.4337109511730055	False
14	2042-04-01	FGA	north	0.037574655967865356	0.0017855486624265553	0.48332635097534765	0.07774179059767812	-0.3922371174427313	-1.4009422202057098	23	485.0	484.9406120779854	0.26930874132051225	0.25528135078526565	0.6285714285714286	0.47269483562359177	False
15	2042-04-01	FGA	north	0.18124706158619727	0.03372527369210462	6.586984729806043	0.027515937719736323	-0.23680292422029087	-149.62355731135833	9	143.0	142.59488064245934	0.14948679565454265	0.15222091355214692	0.27941176470588236	0.24855335560540048	False
16	2042-04-01	FGA	north	0.164884236267289	0.03023127904775622	1.3441442720228483	0.12266855552577637	-0.4317123978916653	-9.399003149028655	22	3431.0	3430.936810824642	0.5255379307803468	0.5098295836977137	0.7368421052631579	0.6343357002396712	False
17	2042-04-01	FGA	north	0.26078318262455064	0.07017950178388736	3.569925606357903	0.07305003279623128	-0.7356104494271268	-37.80739995174943	17	2983.0	2982.974494821615	0.4503553753461169	0.44019258412523976	0.7674418604651163	0.8431681262987464	False
14	2042-10-01	FGA	north	0.18647359264222996	0.03555576355913902	3.393370838229164	0.05495231777837211	-0.3376664005348482	-48.24405190957872	10	184.0	183.9371386389307	0.0747267903397014	0.07732428376789781	0.17105263157894737	0.16018592846102048	False
15	2042-10-01	FGA	north	0.19493992181377373	0.03807922556643253	5.240360193310943	0.037199718077128505	-0.8607260024284853	-1233.5865263066082	3	42.0	41.5636282953377	0.05684693870960155	0.043585183025414365	0.10891089108910891	0.0569190226429419	False
16	2042-10-01	FGA	north	0.03827519557752025	0.0017476494034030145	0.556548115715699	0.0687724825522046	0.7368606900309997	0.10876059020148243	23	3441.0	3440.9776240873102	0.5095897667781647	0.5140698691915305	0.7368421052631579	0.659194158995537	False
17	2042-10-01	FGA	north	0.2647198967017754	0.07190126437708556	2.8468762393644202	0.09298609227947173	0.8803050105587588	-23.599230494450897	21	3104.0	3103.9868706731054	0.5166657511820658	0.5013661892685721	0.8571428571428571	0.7872912181275723	False
19	2045-04-01	FGA	north	0.06096354637456281	0.01719696374130373	1.9886044825664422	0.030656446220962356	-0.6546084082656671	-98.13641991017744	13	239.0	239.0330292176539	0.29739775129445	0.2809389686545434	1.0	0.9060108199124949	False
20	2045-04-01	FGA	north	0.03948524618864484	0.00174339839216171	0.9040391962453039	0.04367647592342979	0.5871116553148901	-5.401790778203196	14	614.0	613.9964603828591	0.40726171700431985	0.3970519371078994	0.5714285714285714	0.42572156914820064	False
21	2045-04-01	FGA	north	0.05205205149694606	0.002763345394140647	0.9501356047673778	0.05478381321126261	0.8888014228009159	-12.563180306113725	12	736.0	735.9527648687628	0.42920579770370404	0.42142712631369506	0.5905172413793104	0.5794675870668247	False
19	2045-10-01	FGA	north	0.006848914856106891	5.431601544569962e-05	0.20452463200755003	0.03348699268582018	0.9993804034199492	0.8812623905477348	14	264.0	263.9447805908034	0.15746386352028438	0.1544044357603114	0.33962264150943394	0.25416300959322563	True
20	2045-10-01	FGA	north	0.005111468276702318	2.9602101929413253e-05	0.10943179662451057	0.046709168946948	0.9987631636636424	0.9682874712272476	23	925.0	924.97637088168	0.35550100042856075	0.3531496486340647	0.5714285714285714	0.4417647455359031	True
21	2045-10-01	FGA	north	0.006037462108453902	5.03194934448784e-05	0.10761074701448199	0.05610463895061889	0.999113249780993	0.9592906933993647	25	1486.0	1486.0174593655704	0.5527812415176333	0.5472771566850206	0.8666666666666667	0.7021158805541672	True
20	2046-04-01	FGA	north	0.18815999911565992	0.035713504679634106	4.100519259289889	0.04588687120280583	-0.9961336724187652	-793.1140559753467	6	152.0	152.00007639863045	0.2687797542891389	0.25386873522857994	0.33962264150943394	0.279835987787177	False
21	2046-04-01	FGA	north	0.19152294886990737	0.037383083674849174	4.299958663550955	0.04454064884236481	-0.9891350066953667	-432.94512936414515	10	416.0	415.9709717050972	0.6828600580111303	0.6750997668904809	0.8666666666666667	0.6906945229108044	False
22	2046-04-01	FGA	north	0.03233895714188694	0.001221249714804463	0.6152223637682337	0.0525646644959572		-0.1594812863650088	24	4361.0	4361.176203682346	0.9735664574737122	0.948786406085393	1.0	0.9993973050561824	False
22	2046-10-01	FGA	north	0.001436052609348841	2.9218882113391122e-06	0.02408877624544215	0.059615008862086025	0.9992743822901627	0.9979354704329159	29	4536.0	4536.0178415448745	0.977390289090497	0.9728475264894272	1.0	0.9977561068931406	True
23	2051-04-01	FGA	north	0.0031958142772107326	2.0128280620859206e-05	0.11786671131680572	0.02711379864176346	0.9678842077135147	0.9106517765358235	13	212.0	212.10448545241152	0.3916008495449378	0.36519116134107193	1.0	1.0	True
24	2051-04-01	FGA	north	0.002950632839770544	1.1267412651497678e-05	0.05966653841814683	0.04945205332832155	0.9904360098522751	0.9498870862590282	13	647.0	647.0166213408039	0.5583886601704433	0.559782466499117	0.7142857142857143	0.5843472374415093	True
25	2051-04-01	FGA	north	0.00363936433803328	1.7581722282516037e-05	0.05843667057151152	0.062278776364913364	0.9987904980444839	0.9391546200176057	9	311.0	310.9836347870204	0.2752436278618136	0.27235867315244877	0.35502958579881655	0.3594528153212044	True
23	2051-10-01	FGA	north	0.001208821116884378	2.787036040739211e-06	0.03618669820264436	0.033405123344357586	0.9983871154811751	0.9939756983384589	14	239.0	238.91485386294147	0.1891780310534461	0.17568005175339935	0.5151515151515151	0.31602950027243326	True
24	2051-10-01	FGA	north	0.0023288213868342678	7.3783078846627274e-06	0.05216659226915889	0.04464200718380213	0.9984298173335828	0.993032473165378	24	1230.0	1230.014178280158	0.5239678913980287	0.5274634334936894	0.7142857142857143	0.573118748896862	True
25	2051-10-01	FGA	north	0.0018324075405101404	4.507329137979327e-06	0.03490996973117284	0.05248951960201482	0.9995843133926792	0.9946222826122145	19	798.0	798.0091957115557	0.3844569362847842	0.3760393054323649	0.6428571428571429	0.5453803022924146	True
24	2052-04-01	FGA	north	0.09680605423265216	0.00941436018787539	2.389622269233769	0.04051102782185444	-0.841813869757229	-382.57314604990313	8	301.0	301.0289312286444	0.4684014117619435	0.4594170978147516	0.5897435897435898	0.4718003386058242	False
25	2052-04-01	FGA	north	0.16021570705873245	0.043877878921310565	4.055762705695815	0.0395032250860558	-0.6357531887841218	-113.0404249156321	18	457.0	457.0513934442798	0.686794175443333	0.686088462472244	0.9444444444444444	0.8756221409360234	False
25	2052-10-01	FGA	north	0.005482427924209914	4.1322107752645235e-05	0.2241541359964468	0.0244582947347303	0.9747549355455185	0.7522351897714213	14	208.0	207.66880428609497	0.808977177067239	0.7796509014882068	0.9444444444444444	0.8604857883225123	True
25	2053-04-01	FGA	north	0.25890500169035946	0.06709125448519104	11.837101148758821	0.02187233161537248	1.0	-1091.782167586937	2	23.0	23.00186366758829	0.8282051282051281	0.6935136647758469	0.9230769230769231	0.7007010893360437	False
26	2053-04-01	FGA	north	0.10820714378179166	0.013800725057227027	1.3905280021583553	0.07781730652948683	0.9071759985347669	-8.895185142225246	14	752.0	751.9413360284829	0.23194546420609816	0.24701354499273867	0.4634146341463415	0.45678811319020796	False
27	2053-04-01	FGA	north	0.1871189420667472	0.036396274078501635	2.4450487444826936	0.07652973892196842	-0.6013922787260755	-30.729771215686657	15	3564.0	3563.996446713825	0.7499738614309749	0.7316665567370058	0.9028871391076115	0.9080117197542046	False
26	2053-10-01	FGA	north	0.16951641961715885	0.029527622241986507	2.738231100849454	0.061907272751584586	0.9983429707412922	-19.149360874882266	16	791.0	790.9981197733146	0.21364490728738247	0.23500448925278788	0.4634146341463415	0.4616436306763633	False
27	2053-10-01	FGA	north	0.2406443679071888	0.05901818441320896	3.324737602335738	0.0723799579666462	0.9498128626442885	-21.750063436593894	24	4388.0	4387.917299445796	0.810939639495758	0.7924847250473341	1.0	0.9154107022980252	False
27	2054-04-01	FGA	north	0.06288871692797855	0.003980915059319376	1.0335191401827226	0.06084910717459963	-0.5063107157126211	-200.16371126079622	7	407.0	406.6961066452517	0.9148888320836119	0.8923503109133846	1.0	0.9168556588328434	False
28	2054-04-01	FGA	north	0.059134773425274276	0.006249503449695082	1.2144450632625392	0.048692835282653286	0.07271537598852446	-14.703004373918636	8	127.0	126.41351324223345	0.17205254012390628	0.16975841565814673	0.3902439024390244	0.39651758464244163	False
29	2054-04-01	FGA	north	0.030026605355726748	0.0013495124356561884	0.49211015432956495	0.061016024748837036	-0.91743759331495	-4.154596630398976	10	868.0	868.0091047772885	0.7941761497190569	0.7809525155261949	0.9292035398230089	0.9194836227129413	False
28	2054-10-01	FGA	north	0.009111878969009996	0.00017731548199659077	0.1644786595045731	0.0553985483372489	0.9926761542762759	0.7398792203791131	10	151.0	150.6503186193585	0.1483736420402369	0.1653808204846532	0.3902439024390244	0.3678541388595535	True
29	2054-10-01	FGA	north	0.001977518151209076	5.850200965956131e-06	0.0360762938278848	0.05481489203529476	0.999097078858048	0.9953365643086696	26	2535.0	2534.9973245072356	0.909686071183075	0.9022704344511008	1.0	0.9992090769461734	True
1	2027-04-01	FGA	south	0.0013171820025579435	2.7875864749178564e-06	0.03996531246550677	0.03295813097157131	0.9970726267936244	0.9910228663955846	17	311.0	310.7561641911948	0.8261303215944475	0.8312476746368707	1.0	0.878626061570837	True
1	2027-10-01	FGA	south	0.04664705575985018	0.0032845672433119786	1.073782885887362	0.043441794773346185	0.5578203888436241	-4.594845127994224	21	582.0	582.0734050340179	0.46975926669488655	0.475318293518626	1.0	0.8898784340305101	False
2	2027-10-01	FGA	south	0.18937855625961883	0.03643673207627878	4.445508346411391	0.04259997766340794	-0.8878906512454328	-123.21533998234688	14	1407.0	1407.017170130191	0.6996775858632654	0.699558380229586	0.8542713567839196	0.8383841320778274	False
1	2028-04-01	FGA	south	0.003214567095038158	1.924182993631691e-05	0.05604413766511175	0.0573577760130168	0.9977183762566946	0.9817883698150313	19	559.0	558.9665892400334	0.24793463417415443	0.24183656497381803	0.38461538461538464	0.33970839315816503	True
2	2028-04-01	FGA	south	0.002881702589085315	1.4184034390204687e-05	0.05824058058492952	0.04947929021557508	0.9994119223214849	0.9871013140899062	24	2046.0	2046.019539231782	0.7687250535441296	0.7704786039415336	1.0	0.9453986129086495	True
1	2028-10-01	FGA	south	0.09452332623586314	0.009020298144766433	1.7885972940858255	0.05284774082372477	-0.9917358903324884	-212.90101281385043	3	52.0	51.81138703892941	0.1840599859562362	0.14935922450323924	0.2318840579710145	0.16365624657629718	False
2	2028-10-01	FGA	south	0.313141616615649	0.09819062589077207	6.451236179747652	0.048539784917299045	-0.8238166030990057	-1907.2374145383721	8	385.0	384.8424851128651	0.8764251213224705	0.8818829043296639	1.0	0.9345292484214507	False
3	2029-10-01	FGA	south	0.008098506639458615	9.045468252417032e-05	0.22484849965041614	0.0360176147586032	0.970110962997789	0.278828486046933	11	452.0	452.0274962232329	0.9727931605169456	0.9654465916578147	1.0	0.9863981302186781	True
3	2030-04-01	FGA	south	0.11741202635323168	0.014257438940916849	2.975925147907386	0.039453958187017434	0.8307733388371871	-21.338836393375505	24	891.0	891.1177348612247	0.9613862260038805	0.9526006536783074	1.0	0.9902421629657592	False
3	2030-10-01	FGA	south	0.2622127542729827	0.0688831545738174	7.312221333533395	0.03585952097353662	-0.7330712011835973	-889.4187817255257	10	285.0	285.10251810441724	0.9491231527093594	0.9356743167037541	1.0	0.9940831064333702	False
4	2030-10-01	FGA	south	0.03339808179816434	0.00129489536401308	0.7191399518734374	0.04644169985433117		-0.3778190718148049	22	3958.0	3957.9890529486056	0.912540709205664	0.9163853678780982	0.9814814814814815	0.9929698068241253	False
5	2030-10-01	FGA	south	0.07242693800227172	0.006061800410239273	1.366421402961832	0.05300483280288226	-0.8343656539328068	-9.927333738723501	9	224.0	224.0319129412116	0.09879658309809446	0.10181738001569429	0.2138364779874214	0.16608689288194867	False
4	2031-04-01	FGA	south	0.17791245733155547	0.03311634020940649	3.1791246400124327	0.05596271850821794	0.12577887141958788	-21.356822110898023	27	4158.0	4158.0046805618385	0.858832471120146	0.844063601730833	0.9814814814814815	0.9791954961251829	False
5	2031-04-01	FGA	south	0.15695344402389924	0.026673290277521064	1.1053994993353593	0.14198798182762903	0.9079294357939586	-10.256001164336825	16	352.0	351.9274591934885	0.22216245841533191	0.25261570690144575	0.75	0.5982028115257758	False
4	2031-10-01	FGA	south	0.21695042424984007	0.04707746998858764	3.579346157764008	0.060611747142491366	-1.0	-34640.47584883612	2	33.0	33.02220547639048	0.5565476190476191	0.5341376930394599	0.5714285714285714	0.5622467811262752	False
5	2031-10-01	FGA	south	0.1948379141690275	0.03805669940247407	5.307551487822762	0.036709566476377783	0.8392036908902543	-120.83828797988316	14	242.0	241.99162564089823	0.8597905477980666	0.8478471939182669	1.0	0.9689489259630395	False
5	2032-04-01	FGA	south	0.0018600510709219158	5.1361302660661034e-06	0.08770797064870205	0.021207320807501113	0.9861144128610143	0.9638745314918677	14	251.0	250.7705835600005	0.9159645620261836	0.8765532476748849	1.0	0.9936504900276149	True
5	2032-10-01	FGA	south	0.2731515788758128	0.07461178504234939	11.955002024896936	0.022848308875812812			1	13.0	12.805880307163196	0.6842105263157895	0.6565638258669046	0.6842105263157895	0.6565638258669046	False
6	2032-10-01	FGA	south	0.12990755529790382	0.017956323250124282	2.624585060546175	0.04949641650054585	-0.8596843696209897	-32.665485162460094	18	3082.0	3081.9292933875013	0.992211137201566	0.9899261056817069	1.0	0.9979751330175008	False
6	2033-04-01	FGA	south	0.20756437295173666	0.04405166439442146	3.9602611750223327	0.052411788965046266	0.774709242269912	-29.71716803510059	26	3678.0	3677.6082528494003	0.9872608287989834	0.9852160022858354	1.0	1.0	False
6	2033-10-01	FGA	south	0.00947218105723434	0.00011897825137419456	0.16928461137468648	0.055954176698725835	-0.8592860617049001	-3.2529195561877486	5	200.0	199.84425720421257	0.974271012006861	0.9785061788449395	1.0	0.9938883429972721	True
8	2035-10-01	FGA	south	0.1479481296478909	0.022997115034535404	3.4994066573181883	0.04227806143607005	-0.28729241927919946	-78.10660467537652	19	1700.0	1699.3222193520585	0.9935615900646098	0.9935907163064893	1.0	0.9998294828554374	False
8	2036-04-01	FGA	south	0.030542837379791785	0.0015440116317037408	0.6171799726917038	0.04948773247872167	0.4824883030801285	-0.3602183372000589	29	2322.0	2322.0937738596845	0.9861352489331996	0.9770514315678203	1.0	0.9999631583632782	False
8	2036-10-01	FGA	south	0.09450211676333058	0.00926561178925021	1.7774348318916144	0.05316769710356008	-0.9829985499030025	-99.31415265589187	9	398.0	398.06626848805536	0.9707820081437593	0.9417171395361618	1.0	1.0	False
10	2037-10-01	FGA	south	0.15638069804856772	0.024533765665001005	3.562116305699101	0.04390106459981981	0.9536927618881514	-35.14604842622231	20	3388.0	3388.0330537069985	0.9866642425467969	0.9747107463195566	1.0	0.9996594853674508	False
10	2038-04-01	FGA	south	0.2263177229411011	0.05201629492356281	4.046509999682418	0.05592911495556991	0.7686020421439462	-38.73599684583007	26	3717.0	3717.155781228613	0.9884379440711998	0.9752603999746867	1.0	0.989653377022326	False
10	2038-10-01	FGA	south	0.04886827063513103	0.0024109733055643966	0.8715772383798865	0.05606877793868138	-0.9600020920732637	-274.95755550335565	3	73.0	73.14521357756296	1.0	0.9778927905418974	1.0	0.9830378414000023	False
11	2039-10-01	FGA	south	0.0022819192786015774	8.550521550881345e-06	0.07370975506869787	0.030958172042151233	0.988793125501867	0.9244496129180516	16	638.0	637.9259860450742	0.9821556546899763	0.9812615487188325	1.0	0.988470995606048	True
11	2040-04-01	FGA	south	0.0017739858507213081	4.571400203767422e-06	0.04681372970433981	0.03789456345232952	0.9956631114738916	0.9903989875220377	24	910.0	909.7384450395189	0.9651525968045863	0.9602350228736536	1.0	0.9841072288677686	True
11	2040-10-01	FGA	south	0.27487555940759445	0.0756219664750523	9.230475254796445	0.029779133990393447	-0.9752229182387676	-9472.454211985325	5	135.0	135.0573387393868	0.9376249530544296	0.8943481343623205	1.0	0.9154771040835998	False
12	2040-10-01	FGA	south	0.12539187576553518	0.01627848420873078	2.5141705563321763	0.049874053074770074	-0.9517366269837274	-60.94433468973941	14	1576.0	1576.0378726825938	0.9836990002478725	0.9876413526104073	1.0	1.0	False
12	2041-04-01	FGA	south	0.003841875412546907	2.3078795912478263e-05	0.08225525026933339	0.04670675002467587	0.9995345688763385	0.9788521663725138	26	2477.0	2477.1903366786305	0.9871960064584282	0.9735103221840078	1.0	1.0	True
12	2041-10-01	FGA	south	0.23427549275011522	0.05504186156793889	5.226272120283831	0.044826501061982986	-0.8585100872174155	-497.8549774625556	9	580.0	579.9862439408413	0.9891185468006307	0.9708949662908917	1.0	0.9896490494392407	False
13	2041-10-01	FGA	south	0.026495490067598857	0.0009881912485273834	0.6766454383872031	0.03915712508274843	0.31335440360532785	-1.5371206686446666	9	152.0	152.10970176411743	0.10502086046197673	0.0959681828457699	0.2	0.19803092878347991	False
14	2041-10-01	FGA	south	0.02997114532586668	0.0011284471438191234	0.6650205464225717	0.04506799900708965		-2.4498053343908794	13	982.0	982.0065943662171	0.44326207876466317	0.41461599601557436	0.58	0.4429769823577782	False
15	2041-10-01	FGA	south	0.20119621330440898	0.041315740594762146	4.9593703595982035	0.04056890264608296	-0.9679083152585706	-77.66475112984133	12	422.0	421.8554049652028	0.22380986476602008	0.2111671551078174	0.5357142857142857	0.2626770175273351	False
16	2041-10-01	FGA	south	0.28677998337282024	0.08296388851000233	4.148260790401772	0.06913258299390687	-0.9288285024539226	-188.57582012553837	11	692.0	692.0262089312397	0.262761800196862	0.2544097098901607	0.48109965635738833	0.3993640761621993	False
13	2042-04-01	FGA	south	0.017040609832257095	0.00044053139656041973	0.7131741806482558	0.023894036400431164	0.9898814970614965	-1.465754850559878	9	152.0	151.87098527093227	0.09280864824976451	0.05978841824968433	0.17763157894736842	0.10193831683740574	True
14	2042-04-01	FGA	south	0.016223611694486176	0.0003815380027040755	0.31138028345735064	0.052102244606981686	0.9614235784027395	0.6762690204548936	20	1269.0	1268.8583124692154	0.3691612400253763	0.3690859042620859	0.58	0.4747010730031555	True
15	2042-04-01	FGA	south	0.01562260748462388	0.00036435138561359976	0.28041684895642216	0.05571208557104817	0.9507146433018293	0.6722550106678129	18	559.0	558.8429613403435	0.19256481299483538	0.19636843108725893	0.5357142857142857	0.27662160558017806	True
16	2042-04-01	FGA	south	0.012885045425086086	0.0002561195843636355	0.14718833416011645	0.08754121376949138	0.9509473451374428	0.8535150218087308	25	1501.0	1501.1352709652626	0.4819983179336931	0.4760471897426454	0.8	0.7194495981702418	True
14	2042-10-01	FGA	south	0.09974668635998296	0.010050532573496116	1.9503529295241901	0.05114289052510986	-0.9729771876103674	-224.12032987750266	5	147.0	146.93757963366255	0.20883315124686952	0.2110908668788766	0.29891304347826086	0.25105786342323066	False
15	2042-10-01	FGA	south	0.27706575794197863	0.0769713653344158	6.073433991582711	0.045619291874410654	-0.8523284878138787	-1619.509886928057	4	67.0	66.89932345162174	0.1249130463446333	0.10540994410820478	0.1348314606741573	0.11798696377320796	False
16	2042-10-01	FGA	south	0.14007122762109248	0.01983007620102849	3.099655663565011	0.04518928643189746	-0.9494869437343605	-181.23614172160555	12	556.0	556.1720407447934	0.6755479706403795	0.6593552002094129	0.8	0.6841230352691186	False
17	2042-10-01	FGA	south	0.10765341120879347	0.017746189218078655	2.6221971023647512	0.04105466027390138	0.8194686138434544	-28.685869718564287	21	2521.0	2520.929827193185	0.8767314681747694	0.8739047639628953	0.9545454545454546	0.9663842406728669	False
18	2042-10-01	FGA	south	0.2339870551604224	0.05530081252606458	4.101771372455456	0.05704536745556104	-0.9775312821088414	-114.10339168002739	10	355.0	355.01737663633486	0.15946903862806577	0.15698899801080335	0.31645569620253167	0.25453919756359555	False
17	2043-04-01	FGA	south	0.24015120122393713	0.05843542583065104	4.5859487348703505	0.052366743526348306	0.942023370028033	-47.58395910854811	28	2822.0	2822.1697806077673	0.8037760198968907	0.799710300684202	0.9545454545454546	0.9353028984177651	False
18	2043-04-01	FGA	south	0.2106595997356791	0.04471722841609113	3.4477098367512147	0.061101313541566525	0.9925395258091685	-43.9560021933817	16	528.0	528.0511301042461	0.24738460011416913	0.24982462528960897	0.4727272727272727	0.47663103112394245	False
17	2043-10-01	FGA	south	0.025733842542221427	0.0007290721611238776	0.46802190911696934	0.054984268985984484	-0.8545338668534384	-39.486103076247744	4	110.0	110.2830280780949	0.5505066287878788	0.5474250427073932	0.6060606060606061	0.6140865379843138	False
18	2043-10-01	FGA	south	0.2321222721477929	0.05397853636567678	6.243960707150871	0.03717548572686497	-0.9653910181039912	-1565.8701867750542	4	89.0	89.07756882226732	0.4323721590909091	0.4470694910992043	0.4727272727272727	0.5044545472659767	False
19	2043-10-01	FGA	south	0.029310567508537028	0.0009998205685786293	0.7118925183854173	0.041172742726688326	-0.0	-6.105479607452659	2	27.0	26.84182108120082	1.0	0.9504418469275651	1.0	0.9951695012738605	False
19	2044-10-01	FGA	south	0.02391955020832943	0.000644974906939923	0.6992356021260329	0.034208141198190996	0.6338703091205121	-4.345493656372004	11	332.0	331.71805871225104	0.7074715304689061	0.7014436764295279	0.9166666666666666	0.8183685875586311	False
20	2044-10-01	FGA	south	0.288667548817264	0.08564184072557454	8.173535846339256	0.03531734052974781	0.9881512419677662	-1604.780220566037	5	101.0	100.94687220545077	0.3188454532716828	0.3350864100154195	0.47692307692307695	0.3775936118713499	False
19	2045-04-01	FGA	south	0.010947479421678261	0.00014929325962174042	0.32711768103616584	0.0334664863941363	0.9965595211727564	0.7001751020325968	21	585.0	584.960049351659	0.619491641568281	0.6151187589335589	0.9166666666666666	0.7809375968402611	True
20	2045-04-01	FGA	south	0.010943849567837883	0.00021005706405075318	0.31319872593527615	0.03494219056976457	0.97421604904513	0.4233341326003973	15	310.0	309.6494500252528	0.413201419038531	0.3941001263895772	0.6363636363636364	0.4589761868035831	True
19	2045-10-01	FGA	south	0.23932380607849918	0.05728895444946158	8.348347545501374	0.028667206866281245	-0.03204082848789888	-4773.127220574675	7	141.0	140.95861630973934	0.5067267332464901	0.4840679601067785	0.574468085106383	0.5489289641957779	False
20	2045-10-01	FGA	south	0.20163756363156965	0.043275198653812644	4.665033499875175	0.04322317591866488	-0.010767320213706744	-112.76449644251322	16	270.0	269.9210922309213	0.2545612694348738	0.23183425532584023	0.6363636363636364	0.4850216559263799	False
21	2045-10-01	FGA	south	0.12449184806362443	0.01695677457361675	2.433197073261802	0.051163898490449	0.9594949848522007	-16.170291688004088	19	1931.0	1931.0006801720224	0.5106186714248808	0.5030431459534399	0.819672131147541	0.6639691173808636	False
22	2045-10-01	FGA	south	0.034623144370011336	0.0023590343313382557	0.5381793509570074	0.06433384021227008	-0.6179289569112827	-1.4880536130874922	14	2557.0	2556.988481193803	0.5004420436592744	0.4934455842248696	0.7604166666666666	0.7257334616809455	False
20	2046-04-01	FGA	south	0.20311540790404647	0.041341352737724324	7.316214111057306	0.027762365182433562	0.9952174429978216	-140.9672926956462	10	148.0	147.79344475222862	0.08812705489446385	0.07969639993106167	0.24390243902439024	0.1586955775690609	False
21	2046-04-01	FGA	south	0.21843076609470724	0.048247798334088265	2.906113291359267	0.07516250888916355	0.9972726354461231	-28.593000078335276	25	2063.0	2062.98237893666	0.44433930786388354	0.4482812442000895	0.819672131147541	0.6372517357428943	False
22	2046-04-01	FGA	south	0.24605919220996308	0.06098008892639932	3.9930833264080627	0.06162135174657202	0.985379625269738	-34.14560303421374	23	3179.0	3178.9893539455	0.6417916757676697	0.6252607781488726	1.0	0.9466974433157551	False
21	2046-10-01	FGA	south	0.00030170557288151933	9.117486492188782e-08	0.004329483506233094	0.0696862737661798	1.0	0.9871395939524951	2	31.0	30.959627343318026	0.2112320248736883	0.13756385671441707	0.2289156626506024	0.1466044240498505	True
22	2046-10-01	FGA	south	0.002241862604479897	7.031992112874642e-06	0.039718862077071856	0.05644327373049381	0.9809125508997344	0.7995249557750455	7	305.0	304.7747602915601	0.8830151764272626	0.8795380481270211	1.0	0.9271668630387074	True
23	2050-10-01	FGA	south	0.18277518807340398	0.033636324527271784	5.351324546740316	0.03415513046853772	0.8059317514507188	-156.28871206967898	13	333.0	332.8597333708153	0.8474124105772641	0.845915069496822	1.0	0.9972700388105571	False
24	2050-10-01	FGA	south	0.30792340221102116	0.09496099238383322	8.305575493457468	0.03707430056515421	-0.9908375564294951	-1934.8945559404967	3	43.0	42.97209379977649	0.26053927509414554	0.22418414890773877	0.2978723404255319	0.27258705466175553	False
23	2051-04-01	FGA	south	0.030979516065472796	0.0012675064193527533	0.9007621711824032	0.03439255894239755	0.9465864408730774	-1.419497471093488	21	610.0	609.9424494398214	0.711837269461139	0.6999038496442973	1.0	0.8863692230887643	False
24	2051-04-01	FGA	south	0.11535888775885576	0.013570296599262517	3.108794223137533	0.03710727680213921	0.9487757333551896	-36.28276623823815	13	256.0	255.7044547326941	0.40727476482303404	0.37856433132497297	0.7222222222222222	0.58879073395527	False
23	2051-10-01	FGA	south	0.25954901062416075	0.06746450806938434	7.638305063155399	0.03397992204790791	-0.783832832380396	-919.2785851094271	8	214.0	213.88372554164945	0.575706970431193	0.5448382259082392	0.7368421052631579	0.6209745917293357	False
24	2051-10-01	FGA	south	0.05240554205294473	0.004954528149663184	1.553085267823821	0.03374286212010448	0.42717767379212873	-9.631542765136244	27	1183.0	1182.620067613129	0.426807821091765	0.4219337570743568	0.7222222222222222	0.6091635404264448	False
25	2051-10-01	FGA	south	0.15333166809040719	0.024962164318239416	3.233748520209333	0.04741607677039816	0.8266971058289121	-35.98683501418386	19	1740.0	1739.977797997071	0.5736627278487244	0.5657967800349477	0.7755102040816326	0.6813913888215741	False
24	2052-04-01	FGA	south	0.2199404594569626	0.048604321586117376	4.3445251359627175	0.05062474092654209	0.9865146582777228	-55.63648516034531	23	1102.0	1101.9591308942652	0.3848568258454545	0.3663686292773768	0.6842105263157895	0.5677141781315717	False
25	2052-04-01	FGA	south	0.2453976103810711	0.06057579251559844	4.955203528705359	0.04952321513324114	0.9588798707167461	-46.219546674558494	26	2018.0	2018.0556475310461	0.6300230282708509	0.6208974511547792	0.9565217391304348	0.7926701681994643	False
24	2052-10-01	FGA	south	0.08183640887215232	0.006698270122565913	1.5867142165503112	0.051576022965290846	1.0	-2541.8257862004953	2	33.0	32.88378517864808	0.3121168409664623	0.25865194325514795	0.3191489361702128	0.2654240611458356	False
25	2052-10-01	FGA	south	0.32016970439312276	0.10251180474147117	6.863222550316781	0.04665005426326222	-0.7159081391178868	-47894.90942474887	5	137.0	137.05305171587415	0.8089286539105446	0.7480794237971922	0.9565217391304348	0.7979423681130341	False
27	2053-10-01	FGA	south	0.008840296602769393	0.00011578317255241456	0.11137338355107802	0.07937530782401936	0.9924804307534292	0.9327871851701749	26	4299.0	4298.995427777012	0.7246435761435692	0.7124551910761215	1.0	0.9656193864602002	True
28	2053-10-01	FGA	south	0.01123201376918176	0.0001503612836423536	0.1468442323445278	0.07648930836336199	0.9955618478410992	0.8931279330755257	16	2114.0	2113.981634726084	0.41048127850363336	0.4109822052363656	0.759493670886076	0.8018760641190406	True
27	2054-04-01	FGA	south	0.21183919268115967	0.045993347803439256	3.3465418506232267	0.0633009243980346	0.6514488933269851	-30.850646238866826	24	4271.0	4270.98990753206	0.7041481878810236	0.6960969855074653	1.0	0.9760799647603423	False
28	2054-04-01	FGA	south	0.2463035055594443	0.061803310370098605	2.6447193934508118	0.09313029812137051	0.8450252022934021	-27.727276068571392	21	2269.0	2268.839229854317	0.5245752941148687	0.5029539828309215	0.9375	0.9067604879671088	False
28	2054-10-01	FGA	south	0.16444585606959278	0.02709374287616551	2.880316355036999	0.0570929841723863	-0.8237858609737687	-5202.6388200658885	3	58.0	57.55801760491303	0.8899493705528189	0.8839276504028928	0.9375	0.8932178646821026	False
29	2054-10-01	FGA	south	0.08287735781153521	0.013695498077137285	2.964182189418413	0.02795960319422746	-0.8581460430554166	-108.57122033035611	13	456.0	455.9308772072394	0.998211091234347	0.9797393491156613	1.0	0.9997449032100577	False
0	2025-10-01	FGA	tropics	0.005928689082109806	4.171830674324855e-05	1.0240709033700965	0.005789334569119374	0.9559884523935895	-9.870381451498481	4	47.0	46.38337805528632	0.33406349681020736	0.25088767230013953	0.46875	0.27694380343795866	True
1	2025-10-01	FGA	tropics	0.011761385024804574	0.00017808620036217584	1.2131878975480885	0.009694611237529571	0.2155351464997015	-16.91034820614093	32	606.0	605.8531348818829	0.7529924778878427	0.7314136486342646	1.0	0.7634701617013737	True
0	2026-04-01	FGA	tropics	0.07531220263247698	0.005748423067068685	30.485274300502567	0.0024704453005769877	-0.4504679313370764	-2406.7310529498477	7	85.0	79.01674417409055	0.42852891156462586	0.29787631708680695	0.5	0.39890496705949535	False
1	2026-04-01	FGA	tropics	0.20286440876906808	0.04213620767331555	19.221831136536775	0.010553854485978929	0.20904948302151163	-1963.4136619186734	48	915.0	914.7979279592955	0.7214529610687342	0.7134888025291438	0.9393939393939394	0.785334923525731	False
0	2026-10-01	FGA	tropics	0.115550083231537	0.013530731608570153	14.426891075849893	0.008009354380235376	-0.7307074620526042	-1165.1773212793757	5	59.0	58.45495078414466	0.4461904761904762	0.31115005829695414	0.5	0.38300534712905493	False
1	2026-10-01	FGA	tropics	0.2053192343178457	0.042322245016399654	21.89041950241822	0.009379410673019046	-0.44356628168469575	-4746.490386637373	25	394.0	393.58684461349986	0.6816423339407186	0.6654280230158254	0.8888888888888888	0.715337882119922	False
1	2027-04-01	FGA	tropics	0.1391949712726728	0.019731562348747036	20.086016188292934	0.006929944194399391	-0.9051152199625292	-674.6693624359935	3	33.0	32.84448369342775	0.6752450980392157	0.6565939665135455	0.75	0.6667377290543991	False
2	2027-04-01	FGA	tropics	0.013032645631878977	0.00017936665604897416	0.7543092728697193	0.01727758904818596		-17.847362860171426	7	89.0	89.02329523253846	0.8383019236402695	0.8244851889642073	0.9285714285714286	0.8884141540367421	False
2	2027-10-01	FGA	tropics	0.0013466125665169066	2.7424797093791256e-06	0.10002279547996681	0.013463056696776832	0.9233002669833367	0.8240575564620737	33	873.0	873.0153242495674	0.9174818560419609	0.9061739543555547	1.0	0.9648771758130692	True
2	2028-04-01	FGA	tropics	0.2129334998065842	0.05206695611305964	19.70532610666407	0.010805885609503971	0.6941674090943781	-1633.9682250677995	50	1504.0	1504.007213048895	0.951335085707706	0.9512031148550288	1.0	0.966877018823336	False
2	2028-10-01	FGA	tropics	0.22983591709214649	0.05342383396647971	24.06717301041645	0.009549767934633278	-0.19075851122789172	-8532.556716235842	36	857.0	856.9313755502319	0.9559104109096077	0.9522494891040021	1.0	0.976664357040969	False
2	2029-04-01	FGA	tropics	0.2394281689554475	0.05743005838373047	26.1247392530815	0.009164806072742187	0.6998119641074261	-6195.801808914937	11	144.0	143.66911988272142	0.9103906714200831	0.8951404547649612	1.0	0.970825240939767	False
3	2029-04-01	FGA	tropics	0.16399528986197756	0.02699178719891989	9.990274642963143	0.01641549363985614	-0.2301704450256012	-1735.6472577013972	11	165.0	164.25554575109294	0.8085307839318535	0.7327731023682426	0.9411764705882353	0.8250055838716447	False
3	2029-10-01	FGA	tropics	0.17128367827048446	0.02951337531400173	10.460334015155984	0.016374589761886327	-0.6739853938884511	-1621.7897184061037	36	991.0	990.8615429088857	0.8833678465867901	0.8606091167679711	1.0	0.94378539081777	False
3	2030-04-01	FGA	tropics	0.2050442004906462	0.04227477277438418	17.471813614917533	0.01173571359046426	-0.605348015198558	-1217.6070006581056	43	1183.0	1182.910961308568	0.8121388235909083	0.8103906380002992	1.0	0.9392562562250089	False
4	2030-04-01	FGA	tropics	0.011389726962507535	0.00013139805619593462	0.8781372655072206	0.012970326405552004		-77.57908667432793	13	251.0	251.00019478904733	0.6290578174967314	0.6147376449006422	0.8863636363636364	0.8718440846872738	False
3	2030-10-01	FGA	tropics	0.23523603750793576	0.05536374872347374	24.704636507261558	0.009521938824673322	-0.598088539826799	-21554.250191414507	16	309.0	308.82844043190636	0.6542944634175535	0.6288099677644595	0.8529411764705882	0.844200740274698	False
4	2030-10-01	FGA	tropics	0.06170925458518006	0.00820116802709597	5.51725733567668	0.011184770046186645	-0.7868359983285219	-267.84051771786835	39	1378.0	1378.008366493681	0.8372356557963525	0.827806422316852	1.0	0.9965009854905703	False
4	2031-04-01	FGA	tropics	0.0735910177181391	0.005516511238605677	0.9135947420625137	0.08055105215689119	-0.5335276932173824	-25.08601099366596	42	1493.0	1492.9838987078954	0.7673612178014583	0.754460463340929	1.0	0.9830155385865907	False
5	2031-04-01	FGA	tropics	0.18917280792414126	0.03583792711223675	9.481812741125916	0.01995112254259495	-0.745386110214404	-2816.3099413939385	21	1137.0	1137.0109584626234	0.718710387540556	0.693795066248142	0.972972972972973	1.0	False
4	2031-10-01	FGA	tropics	0.08711278797163997	0.0076859746707894005	4.7960317320776475	0.01816351367923552	0.5918974347566855	-642.6315036259529	15	316.0	315.93185822951546	0.4587574652710477	0.4342251009294677	0.8709677419354839	0.7960213730917841	False
5	2031-10-01	FGA	tropics	0.20243528963217194	0.04204550053902146	9.638235112047001	0.021003356660094803	0.11451529069158246	-209.78167584142787	46	2794.0	2794.009168218874	0.8817226013717155	0.8792468977012394	1.0	0.9985207358997119	False
5	2032-04-01	FGA	tropics	0.2402355060949639	0.057955703172748174	12.496339985984362	0.019224469433802786	-0.789254883148309	-2187.5927843078566	24	1338.0	1337.7506243262465	0.9911249982617839	0.9868776827416351	1.0	0.9968107338793715	False
6	2032-10-01	FGA	tropics	0.1516681796959106	0.023093880961503433	9.408266002714756	0.016120736770425786	-0.20725241408888212	-2135.818079592354	12	208.0	207.80869801879766	0.7702254060538944	0.7514812196746771	0.9166666666666666	0.8556684184784836	False
7	2032-10-01	FGA	tropics	0.03745819319324971	0.0014151260008075624	0.9153177681753552	0.04092370376237854	0.0	-116.83129619901423	2	30.0	29.89334891376393	0.3782299741602067	0.3499237729719242	0.3953488372093023	0.37924705530528874	False
6	2033-04-01	FGA	tropics	0.0042469202848411155	4.529869736322691e-05	0.16632889561993328	0.025533268101205105	0.9480700321151037	0.7324155828038292	36	926.0	925.9908328416481	0.4605337946644748	0.44971808362290333	0.9166666666666666	0.8763832005968053	True
7	2033-04-01	FGA	tropics	0.004952760307826711	5.333190596870685e-05	0.17961680891791795	0.027574035735653472	0.9581091308691106	0.6117377177075101	28	1978.0	1977.851154959275	0.6646459055975212	0.6631182812868032	0.898989898989899	0.9131668820842442	True
6	2033-10-01	FGA	tropics	0.12329741879694427	0.015289252511789482	5.347852010917704	0.02305550313382478	0.2866996051816573	-168.87751669782654	22	633.0	633.006057179833	0.27938706412927616	0.28066647921405335	0.6065573770491803	0.5384533667279532	False
7	2033-10-01	FGA	tropics	0.24915179158250772	0.0636996869573023	9.303422321972864	0.026780660165674725	0.5553747744911127	-278.79964687643286	39	2463.0	2463.1138325416623	0.8164854206164369	0.8169955151666165	1.0	0.9659350268184954	False
7	2034-04-01	FGA	tropics	0.2521296989822313	0.0637451765627334	12.068600534779675	0.020891378271708966	-0.6908135861210115	-17823.64442115779	13	380.0	380.00058525418314	0.9488639468613059	0.9520734037028333	1.0	0.9673257153572953	False
8	2036-04-01	FGA	tropics	0.001599599740521792	4.189581163462831e-06	0.11895758079989555	0.013446807927378401	0.8469442310586746	0.6576046996268031	29	513.0	513.0645173073439	0.9509857168091208	0.9504166786173353	1.0	0.9912140279046464	True
8	2036-10-01	FGA	tropics	0.196701400989898	0.04366618222250976	10.057044204956991	0.01955856979259834	0.8923736664215826	-1373.8323363748398	46	923.0	922.9668827377591	0.7960402255790345	0.7933916757779179	1.0	0.9958795052934434	False
9	2036-10-01	FGA	tropics	0.032657991081939314	0.0011936487154940024	3.06372892613274	0.010659556334562075	-0.21835637508996752	-1044.485832349218	12	182.0	182.22210112067313	0.4474345627078172	0.3987459751787619	0.5862068965517241	0.5563710026520067	False
8	2037-04-01	FGA	tropics	0.2534682095305741	0.0643850638409734	21.91198507144826	0.01156756034216398	0.608218078236954	-6870.487380014913	24	457.0	456.7676091868411	0.6113799569528261	0.5983171325338111	0.8928571428571429	0.8739894076142607	False
9	2037-04-01	FGA	tropics	0.07664079267522146	0.006607340908882485	1.3803281805051482	0.05552360210973438	-0.7118897237156672	-41.341829029543526	36	541.0	541.1675676624974	0.36763670274031013	0.35103649490142774	0.59375	0.4474371456242525	False
10	2037-04-01	FGA	tropics	0.18348036074010035	0.033722831866972974	10.638368727971883	0.01724703903688431	0.40813951114910485	-3571.283636452162	23	928.0	928.2084593949198	0.6386028764832313	0.6285682136597399	0.9	0.938348272188172	False
8	2037-10-01	FGA	tropics	0.22353666998762706	0.049968642829157285	23.72615384987253	0.009421529987627051			1	11.0	10.834559581150026	0.22448979591836735	0.16173911101994254	0.22448979591836735	0.16173911101994254	False
9	2037-10-01	FGA	tropics	0.12385663874286261	0.015350299627928577	11.240826740828368	0.011018463463456538	0.7504719205374091	-2389.968306520189	19	292.0	291.6245991760255	0.30751158874428564	0.2978356713364193	0.575	0.47287712712140995	False
10	2037-10-01	FGA	tropics	0.20796056553481815	0.04988490590597492	7.663091534027373	0.027137946168512426	0.7303531184506256	-396.6637320638689	48	2160.0	2160.1860695477367	0.820222476648904	0.8213936139216242	1.0	0.9930117858728668	False
10	2038-04-01	FGA	tropics	0.24727580607604988	0.06235371946500488	15.072735214609411	0.01640550321857808	0.6088858040789373	-3071.4120221552153	29	1150.0	1149.8893229771802	0.973126241974024	0.9729673240997414	1.0	0.9968328531820192	False
11	2039-04-01	FGA	tropics	0.009540545916946174	0.0001311271873865206	0.26674229278993916	0.03576690376752291	0.09753538637514331	-0.015194570467764734	8	156.0	155.80476867932487	0.8744292717086835	0.8503497703796409	0.9642857142857143	0.9942220706402042	True
11	2039-10-01	FGA	tropics	0.0010789438917042722	1.8236261757354941e-06	0.04593490956599515	0.023488538497156344	0.9913790433046633	0.9827210312200702	34	1781.0	1780.9668504404144	0.9055562273697636	0.8972808062924482	0.9659090909090909	0.9417738486249212	True
11	2040-04-01	FGA	tropics	0.1949445765150719	0.0382612978162026	11.192708682862516	0.017417104477449437	-0.49830653386380735	-365.66836540014816	38	1926.0	1926.0804802361138	0.8115379630611944	0.8047847386618667	0.9659090909090909	0.9669114234884162	False
12	2040-04-01	FGA	tropics	0.0024881450617286346	8.166314098286955e-06	0.39992253305831943	0.0062215675688516315		-2.365429988599752	23	389.0	388.9698939047515	0.6057452996372366	0.5951947149861219	1.0	0.9290947612392156	False
11	2040-10-01	FGA	tropics	0.24892716062882617	0.06198759787191253	13.71616255025832	0.018148455132163628	-0.24198133883579104	-58347.17924340632	12	281.0	281.1672086950775	0.5907781154627302	0.5656206185617403	0.8409090909090909	0.7765782160047208	False
12	2040-10-01	FGA	tropics	0.07388858711742986	0.009708033505530221	4.253149121752925	0.017372677280352886	-0.4822432256307141	-524.3623279962152	47	784.0	783.6998262430077	0.7779748823297139	0.7726717590356228	1.0	0.9706146062188058	False
12	2041-04-01	FGA	tropics	0.18791833024801644	0.04274990067485076	41.84561450375891	0.0044907532719142195	-0.526046127455104	-9023.482832651809	48	761.0	760.6673008243065	0.8247949565263859	0.8184315473920426	1.0	0.9702391601083336	False
13	2041-04-01	FGA	tropics	0.17389441336588068	0.030287619484695123	9.065496936996865	0.019182005639007675	0.10102871954176709	-56468.33011991221	7	122.0	121.28746584766999	0.4960947007297881	0.4665494924145026	0.6	0.5649700077343224	False
12	2041-10-01	FGA	tropics	0.215191748035308	0.04655870531646647	10.268521986174814	0.020956448096915485	0.6514117587658316	-2122.5056252300697	32	476.0	476.06056047970594	0.5763517511798752	0.5718009074277508	1.0	0.9303645815688935	False
13	2041-10-01	FGA	tropics	0.1788096376408557	0.03320565394516765	8.907450282999697	0.02007416622713265	0.9034825856353922	-271.30044881996974	33	1437.0	1437.1353663650982	0.610339250533222	0.6026090199034466	0.7956989247311828	0.7270186745231557	False
14	2041-10-01	FGA	tropics	0.20885255700105776	0.043655737463630384	15.117504693341278	0.013815279785760535	-0.30108376950232113	-11450.342420629502	12	198.0	197.95837175860154	0.17087260304433086	0.16979577837383042	0.23076923076923078	0.23468708411671596	False
15	2041-10-01	FGA	tropics	0.17513547727853915	0.030709136911481954	15.444864133826513	0.01133939902358654	-0.49284965299859745	-18156.182181283268	8	107.0	106.81931125221664	0.13450131257359368	0.12713280269970492	0.1553398058252427	0.15211368011354928	False
16	2041-10-01	FGA	tropics	0.06509796132289697	0.004275512738574341	3.448942169713825	0.018874761628229462	-0.9489463724650351	-2326.810063124069	4	71.0	70.89325101360154	0.1776052407999945	0.16184961647049273	0.23076923076923078	0.19015777628681985	False
12	2042-04-01	FGA	tropics	0.06090401020983527	0.0037234041578003974	9.557667289399433	0.0063722672453125585	-0.9370231824806388	-964.900623907857	5	65.0	64.88544827370872	0.2162191824945266	0.1816112089254419	0.3448275862068966	0.25083249889203524	False
13	2042-04-01	FGA	tropics	0.13784065785040125	0.021436763749002722	6.691836053556045	0.020598331571071986	-0.6538357779786871	-208.0939021191605	31	1409.0	1408.9368007119276	0.5506261935997143	0.5388285029923309	0.7956989247311828	0.7075668617561663	False
14	2042-04-01	FGA	tropics	0.07283797638822277	0.009634274544125413	6.149783075045282	0.011843991161864917	-0.7999610065530328	-461.6848715135033	22	360.0	359.5038797023256	0.1672149299025555	0.15343679090865353	0.24761904761904763	0.16577840072079278	False
15	2042-04-01	FGA	tropics	0.010113224097137472	0.0001365656211086775	1.515975776729997	0.0066710987420603675	0.8740545949365659	-26.99319301736122	13	174.0	173.76054259898342	0.13313399959424965	0.10891720865423309	0.1619047619047619	0.11267814119333157	False
16	2042-04-01	FGA	tropics	0.13171428005866867	0.01748419375264906	3.2065636586435375	0.041076458813977625	0.35562430311417353	-128.24775847314964	31	1804.0	1804.0097936431685	0.5892254478323538	0.5884821795058444	0.8690476190476191	0.7771003637833203	False
17	2042-04-01	FGA	tropics	0.328371273866613	0.10798208188684746	14.742521076079287	0.022273753055670857	-0.9295929653745367	-5897.820118885712	8	156.0	155.62914976748192	0.20947191377326033	0.19409153618500835	0.2765957446808511	0.2811376215474343	False
13	2042-10-01	FGA	tropics	0.12406084199444618	0.015444083052082048	6.543432831058122	0.018959595857024274	-0.9318726084350712	-6191.077846689514	5	107.0	106.81011549472258	0.21368636425330415	0.19600102792701074	0.29357798165137616	0.24919346225141262	False
14	2042-10-01	FGA	tropics	0.2933005346686155	0.08615599018677574	25.450465183319377	0.011524368319241926	-0.5433192310167194	-142892.57428343548	8	116.0	115.6589186666914	0.14569805128304278	0.14152791250551283	0.19101123595505617	0.1910527997320559	False
15	2042-10-01	FGA	tropics	0.22555884789312303	0.05092908017232423	31.28527635645143	0.007209744460084012	-0.6094768002760028	-75466.91802419082	4	55.0	54.96101277530923	0.13511144496269548	0.10081517994645581	0.1619047619047619	0.1185637786349923	False
16	2042-10-01	FGA	tropics	0.10362109242776271	0.04918341500270025	3.520358980830733	0.029434808493112894	-0.7666897286809551	-300.24057691771293	38	2022.0	2021.9136214147713	0.5797046710658021	0.5755395769285829	0.8690476190476191	0.7981302742381715	False
17	2042-10-01	FGA	tropics	0.20525629732850664	0.04438785625933049	6.0442084291142635	0.03395916929995505	0.602957709509578	-439.54602376927414	34	1041.0	1040.9396836105248	0.4431458329934168	0.44161087693509654	0.7454545454545455	0.6018132653314864	False
18	2042-10-01	FGA	tropics	0.11819720679864677	0.02266331565242227	7.585068165327356	0.015582879971856605	-0.5712407444153286	-11710.536168119696	14	383.0	382.96850303101974	0.40219984161212297	0.38492898259552993	0.7222222222222222	0.6246891519659531	False
16	2043-04-01	FGA	tropics	0.0011190180969854902	2.1178236046276518e-06	0.053343950776865386	0.020977413196601753	0.6406300408096961	0.04199763146966773	12	272.0	271.8389017854283	0.3312549053583483	0.33071335815700864	0.5443037974683544	0.543650760521927	True
17	2043-04-01	FGA	tropics	0.0022958697267955884	8.560707981123172e-06	0.10744848743040368	0.021367166553020716	0.9295438257142041	0.8527118262571022	32	971.0	971.0279648911635	0.4612036943197753	0.45909487915407843	0.7454545454545455	0.6033322057836001	True
18	2043-04-01	FGA	tropics	0.0018314114856054664	5.656823517265782e-06	0.1027748524322068	0.017819645976271455	0.9809320685405222	0.9404951870780893	40	1611.0	1610.8079760624	0.6791960343813269	0.6741362157638215	0.9629629629629629	0.9123192092907535	True
17	2043-10-01	FGA	tropics	0.12962276411132254	0.01697517996192435	6.933572136350693	0.01869494707233927	-0.8322002609592883	-5906.037621903984	6	90.0	90.01462672674285	0.21224681879807106	0.2091439786918644	0.25806451612903225	0.2720649039830118	False
18	2043-10-01	FGA	tropics	0.12032933957426362	0.015048147171439633	7.166449633750056	0.016790648888060034	-0.8510705129663584	-294.4011055722768	34	1329.0	1328.6318925497364	0.8036063021177657	0.7989692003067573	0.9629629629629629	0.90814987584935	False
19	2043-10-01	FGA	tropics	0.15297539941396385	0.03459396061611107	45.49057634191766	0.00336279316982413	-0.9997871519247271	-9007.301987046945	3	30.0	30.2992034361691	0.683982683982684	0.6724545641704035	0.9090909090909091	0.8329941450802165	False
18	2044-04-01	FGA	tropics	0.2590498129790465	0.06712506812317084	15.650455800263162	0.01655222162760848	-0.1576347364491969	-21566.115917279807	8	119.0	118.57009954931739	0.6746472277722277	0.6562095637507505	0.8	0.7983017341394338	False
19	2044-04-01	FGA	tropics	0.035782682210089026	0.004247297479122633	10.587793073668935	0.0033796166926493803	0.007149343944906024	-1475.5276571902461	14	178.0	177.791938715502	0.9061268505071026	0.8447743712710937	1.0	0.8854355319180971	False
19	2044-10-01	FGA	tropics	0.19791665163938632	0.04022804307947961	44.492539554191126	0.004448310966793149	0.7101277093198064	-10512.252089065702	18	228.0	226.9644457898181	0.8612883666805236	0.7920314020646146	1.0	0.9008489180638786	False
20	2044-10-01	FGA	tropics	0.1449117209954235	0.020999406881855462	16.688652014821606	0.00868324900457651			1	10.0	10.025571743504491	0.625	0.4170992505750606	0.625	0.4170992505750606	False
19	2045-04-01	FGA	tropics	0.2221675945086642	0.04962680420454166	45.996216661637796	0.004830127576426487	-0.002154653640030979	-35785.088630204984	8	98.0	97.49850024447682	0.7591370639164757	0.6287757169615147	0.9333333333333333	0.8042336812495825	False
20	2045-04-01	FGA	tropics	0.1429729597217092	0.02327485846331253	20.069255582176318	0.007123979219671942	0.5445763642169414	-7238.112322263202	20	297.0	296.6723776694337	0.5957428224421434	0.5721633356615456	0.7272727272727273	0.6121098116585185	False
21	2045-04-01	FGA	tropics	0.15085322930739387	0.022756918542953215	6.816784925754281	0.022129674171978055	0.9226246976730997	-29193.745553283803	4	46.0	45.931206032924955	0.35605400696864115	0.3129688663834848	0.4166666666666667	0.35307401116445764	False
20	2045-10-01	FGA	tropics	0.16039038646481663	0.02592012771211433	7.330437730146357	0.02188005578510171	-0.6119569089188449	-859.9467188429836	32	495.0	494.1426033086698	0.47685525279873825	0.44738910872228477	0.7272727272727273	0.6091731702142051	False
21	2045-10-01	FGA	tropics	0.13328564960096514	0.019310513608374057	0.9618997386563366	0.13856501280180186	-0.7246306272364016	-20.088625786212702	31	824.0	823.9999683617243	0.34318240954337903	0.3305432555055568	0.532258064516129	0.4279736293534648	False
22	2045-10-01	FGA	tropics	0.17780047137286778	0.03185938470889467	6.696975085401667	0.02654937029114	-0.8375264595409724	-1038.1849937153515	20	1620.0	1620.0464181505524	0.5752151343629264	0.5627842475616374	0.8579234972677595	0.9640785696328252	False
20	2046-04-01	FGA	tropics	0.052958130122201935	0.0029537780032802856	5.1931417217137765	0.0101977055432112	-0.6145094227789394	-788.9611295602515	11	177.0	176.4889111774133	0.2612657641293307	0.23615266467199056	0.46153846153846156	0.37913818881003586	False
21	2046-04-01	FGA	tropics	0.14968107831395366	0.022677844956820802	4.202699615596747	0.03561545958661151	-0.10296986712769	-134.73499063261164	29	805.0	804.9952042670209	0.2874716640660666	0.2898986312142967	0.532258064516129	0.4540150347792239	False
22	2046-04-01	FGA	tropics	0.19083985654433497	0.03687268254479176	4.7420314834032	0.040244325077187275	-0.22596352624899085	-99.28797631422555	43	3329.0	3328.631508251187	0.7725698538532934	0.77413554546626	1.0	0.9828956245628812	False
21	2046-10-01	FGA	tropics	0.0023378158390980966	8.034669078612382e-06	0.07913788866810931	0.02954104384693019	0.9586803551312353	-0.752126685715858	3	36.0	35.86763936030965	0.07358850838083933	0.07450052552133575	0.07741935483870968	0.08375950153421925	True
22	2046-10-01	FGA	tropics	0.002289081998626605	8.395673773987063e-06	0.10246518693540262	0.022340094885785127	0.7673889528116393	0.5819205946294819	21	1376.0	1375.8879905408783	0.9497583063184956	0.9501844362028978	1.0	0.9863565752366907	True
23	2050-04-01	FGA	tropics	0.18288016963199272	0.037740838111706074	19.838404483170507	0.009218491829175843	0.6439215928824003	-2166.970813059327	50	1133.0	1133.010294715974	0.9934866762866763	0.9930607096700014	1.0	1.0	False
23	2050-10-01	FGA	tropics	0.033894740327638506	0.0012923842524923128	4.443421540942758	0.007628072199615588	-0.5291188760817754	-293.29844096572225	35	674.0	673.8942684141579	0.9702872763549455	0.9593097074026768	1.0	0.9982941922886539	False
23	2051-04-01	FGA	tropics	0.26074912544310586	0.06807153566507647	29.026525818278643	0.008983132431195275	0.6476650449583445	-70511.48898708144	10	129.0	129.05320436412376	0.9390984015984015	0.8796414584507195	1.0	0.9665732711782757	False
24	2051-04-01	FGA	tropics	0.16692089985712194	0.027873786515928402	18.027510339555995	0.009259231957885155	-0.2079765375792114	-8774.18658921667	7	90.0	89.7112635916565	0.4947113534613535	0.46830824267149834	0.5769230769230769	0.5010870661968497	False
25	2051-04-01	FGA	tropics	0.01850650741678399	0.0003439703016546142	0.9149848467145364	0.020226026128449957		-231.49328509270018	3	45.0	44.94496453559131	0.4868476430976431	0.44646275563780174	0.53125	0.4740278698429944	False
24	2051-10-01	FGA	tropics	0.059681329075569674	0.007327723868727528	4.17845463834432	0.014283110441811075	-0.8230114733119147	-184.7881975252649	29	414.0	413.3570962445829	0.35229349131434234	0.33491745712762594	0.5769230769230769	0.47141085856913106	False
25	2051-10-01	FGA	tropics	0.15688343370406704	0.032301768014652656	8.274050800832514	0.018960898051083013	0.886455031687015	-633.422497892212	30	986.0	985.9900493629134	0.6747806578390669	0.6640461185705339	0.9090909090909091	0.8056451437069273	False
24	2052-04-01	FGA	tropics	0.09872544166258446	0.00977953386838938	8.428043108399088	0.011713922246576811	0.4953251798922873	-478.47959919274376	19	284.0	283.3661774944161	0.2930511278452037	0.2745944345040808	0.4857142857142857	0.3834281824304565	False
25	2052-04-01	FGA	tropics	0.23169114164150975	0.056882037425682784	16.743121321847667	0.013837989774295067	0.6936831387465625	-839.5782232237677	44	1402.0	1402.2705791699693	0.777823253691448	0.7761723464431989	0.9523809523809523	0.8685584547821537	False
25	2052-10-01	FGA	tropics	0.10114298790149608	0.010279340160544609	7.0699850047898325	0.014305969225249118	-0.20252276930292815	-1319.060936642841	19	449.0	449.34669816745566	0.8452638512869198	0.8385217718286271	0.9523809523809523	0.8871377898189784	False
26	2052-10-01	FGA	tropics	0.12444356760785917	0.021185477376359677	10.275975816628074	0.01211014601712966	-0.18304975865978657	-7247.2557909679335	7	101.0	100.775730975371	0.7993319550042238	0.7559665628388486	0.9259259259259259	0.7963485697264351	False
26	2053-04-01	FGA	tropics	0.176420737507285	0.03160735755028007	2.1963764862276927	0.080323541348	0.6239606850501445	-77.25905664460556	33	632.0	631.1916680107936	0.46177531276689865	0.45032320272326654	0.9259259259259259	0.7705925490514002	False
27	2053-04-01	FGA	tropics	0.18012163148418447	0.03247395438196407	6.651652388448846	0.0270792309888263	0.9617108726037277	-407.1193068864024	21	1841.0	1840.9236322281279	0.739022204691222	0.7163876355014217	0.9239766081871345	0.9559660172483346	False
26	2053-10-01	FGA	tropics	0.0950664704233665	0.009077596460078363	3.2015065772620535	0.02969429177455193	0.8157875360977107	-79.31528209904498	25	499.0	498.877263597551	0.30136684597880836	0.2991600270701565	0.7428571428571429	0.7079922259934035	False
27	2053-10-01	FGA	tropics	0.23378298583614074	0.05630945884314588	6.9283072130006635	0.03374316101304764	0.6743794211675669	-156.69086397697032	42	3180.0	3179.745240936384	0.810961659588783	0.7958651263613894	0.9606299212598425	0.9752624494638981	False
28	2053-10-01	FGA	tropics	0.058032697969514095	0.0033897303870564417	4.5367123022066895	0.012791795931447223	1.0	-18747.238187721934	2	26.0	25.904719867015235	0.5198863636363636	0.468406208958555	0.7272727272727273	0.6042725091163864	False
27	2054-04-01	FGA	tropics	0.10294875267485706	0.010659064715712693	4.455905081490752	0.02310389265303086	-0.5577676459271381	-684.277401406148	19	1068.0	1067.9034888377716	0.8781812065122498	0.8455653064238953	0.9606299212598425	0.9698653530770901	False
28	2054-04-01	FGA	tropics	0.15983981024022498	0.032899494732722176	14.647091428920431	0.010912733836331765	0.7798894963096441	-1922.1790227382535	28	655.0	654.9213871103809	0.9162769280922199	0.8771579367098749	1.0	0.9995987739694108	False
28	2054-10-01	FGA	tropics	0.15032129614998616	0.023199768026512444	2.0660779948354997	0.07275683518518607	-0.7023211499969783	-99.7141051539865	47	1140.0	1140.0321179621872	0.6703511423487702	0.6625230150722374	1.0	1.0	False
29	2054-10-01	FGA	tropics	0.09694158943455039	0.016977495561380545	3.5926385954115596	0.026983395869086886	-0.767001133616135	-175.8326193228425	24	2096.0	2096.002850485126	0.7045308181710311	0.6923217986212652	0.959731543624161	1.0	False
1	2027-04-01	GARW	north	0.0040306101641618495	2.133786615132655e-05	0.13397072470866592	0.030085753233975967	0.7682316902069579	0.22688775404408779	8	214.0	213.98618073543696	0.6230857487922705	0.6147203371008669	0.7391304347826086	0.6915907248855171	True
2	2027-04-01	GARW	north	0.0013929518740425774	3.1464070222877535e-06	0.04497922609992668	0.03096878258749872	0.9956742789370167	0.9064112947933375	5	88.0	87.97215248209598	0.3175740740740741	0.3300029785934519	0.37037037037037035	0.3591724162141811	True
1	2027-10-01	GARW	north	0.0017822562368138867	4.491896055780575e-06	0.05873974561297133	0.030341572273004807	0.9961952648059997	0.9864558503770227	16	409.0	408.9288742572165	0.5422374846639162	0.5391034263998061	0.7391304347826086	0.6608138059479196	True
2	2027-10-01	GARW	north	0.0018502257707042427	5.004106341029356e-06	0.05642984152352133	0.032788073132068316	0.997131096576965	0.9850448729051885	15	324.0	324.0317938859704	0.449464167419452	0.44233683374624594	0.7777777777777778	0.561627569524208	True
1	2028-04-01	GARW	north	0.007870011130159359	7.370323030405307e-05	0.23988300832237458	0.03280770566118209	0.24470851999737062	-1.0368217382158762	6	134.0	133.86666183708152	0.4393892015843235	0.4146959436894111	0.54	0.5185225351391379	True
2	2028-04-01	GARW	north	0.005253654345281976	5.9260310488036017e-05	0.11297111455219559	0.04650440394526382	0.9465376115500185	0.8838011989529373	27	1835.0	1834.944350392504	0.8309470598066795	0.829336651605124	1.0	0.9804924609251392	True
2	2028-10-01	GARW	north	0.019913443790879424	0.0010243364925440917	0.4062323965606457	0.04901983189788898	0.4008596373260246	-0.12064690827288826	28	2086.0	2086.0221601069784	0.9533158373511531	0.9424366740161958	1.0	0.975382559359447	False
2	2029-04-01	GARW	north	0.004999531870460477	3.584083475347454e-05	0.10051636693907265	0.049738485608924875	0.9833699067587243	-0.03800428153967483	7	259.0	258.9167033017099	0.9574746171014804	0.9367500075905824	1.0	0.9722664989876478	True
3	2029-04-01	GARW	north	0.0217601390358933	0.0004735036508614074	4.142292783333366	0.005253162964106701			1	11.0	10.992363959641489	0.9166666666666666	0.9652975121084284	0.9166666666666666	0.9652975121084284	True
3	2030-04-01	GARW	north	0.010974367689829498	0.00019746096097408923	0.25108677184670064	0.04370747056531447	0.8678592308737576	0.6566733668952047	14	429.0	428.8269306298449	0.33895527098198724	0.33158378090107743	0.9090909090909091	0.9514870590526627	True
4	2030-04-01	GARW	north	0.004435409469426204	2.4572061558258678e-05	0.08118214380794532	0.054635283836790095	0.9892236094327905	0.8924379654633176	13	1564.0	1564.2533607174057	0.7168671285306648	0.7166283544289531	0.9094650205761317	0.9147946419589976	True
3	2030-10-01	GARW	north	0.004700983255500012	2.6787744082188232e-05	0.12796014209287548	0.036737871485700326	0.9954505982978962	0.9544426122124757	16	487.0	486.60446252896094	0.25942224115852097	0.2591294074022595	0.6	0.46565314429487686	True
4	2030-10-01	GARW	north	0.0018989926853799908	4.568800985239287e-06	0.03594435634776768	0.05283145612643381	0.9989375575025785	0.9965686867204078	24	2675.0	2676.0939826871245	0.8347501338208377	0.8260562050196727	1.0	0.9818281645644136	True
3	2031-04-01	GARW	north	0.01798024933473999	0.0003232893661394178	0.6488878279048026	0.02770933366526001			1	19.0	18.977677638913846	0.10326086956521739	0.07556165082537807	0.10326086956521739	0.07556165082537807	True
4	2031-04-01	GARW	north	0.0073104252015395	0.0001255423762753165	0.1527195730576304	0.04786829255200204	0.9867135638404879	0.24206520241037932	10	708.0	708.0418332038317	0.949030877335845	0.9381934853307874	1.0	0.9673376852164606	True
5	2031-04-01	GARW	north	0.0031726014867312392	1.2150725610713925e-05	0.06138906346299858	0.051680239243973504	0.9954553982453358	0.9571007515358485	16	1813.0	1812.9910415207446	0.9699297230468118	0.9152703116304577	1.0	1.0	True
5	2031-10-01	GARW	north	0.07411449653931304	0.008673569117072868	1.4637182485834839	0.050634400856201314	0.054427021609177284	-5.634969018528036	27	2778.0	2777.988457621152	0.9789708070764273	0.9585552450007705	1.0	0.999708623750111	False
5	2032-04-01	GARW	north	0.0017128427579154609	3.8095069581964423e-06	0.034620406039431145	0.04947494711542687	0.992104484647687	0.9280054570508546	8	460.0	459.8546298618488	0.993421052631579	0.9833995771170436	1.0	0.9877739630934557	True
6	2032-04-01	GARW	north	0.005102278217960923	2.8617680378871482e-05	0.17518476315913947	0.02912512553004376	0.9727328847420038	0.619708321553944	4	53.0	52.88267524095502	0.9462454212454212	0.9297855407934309	1.0	0.9431527847259539	True
6	2032-10-01	GARW	north	0.024758447420352454	0.0008406220288593157	0.9277161562971188	0.026687524252216526	-0.977440777341215	-2.7285785765654915	12	170.0	169.8109020183152	0.9782939282939282	0.9578560039674846	1.0	0.9980593950192447	True
6	2033-04-01	GARW	north	0.08998117610783297	0.01080358147191375	1.6665486788803663	0.053992527940008826	0.6503807899519232	-15.935441441411179	27	1689.0	1688.8402343927958	0.707540042182019	0.704992165184253	1.0	0.9911780437788043	False
7	2033-04-01	GARW	north	0.04181269264919344	0.002580633003826975	0.74283324494379	0.056288127831916564	0.9930876093169907	-4.278085987849955	14	1717.0	1716.9896110164088	0.5021676687790687	0.48394660725907446	0.695	0.7839945609432739	False
6	2033-10-01	GARW	north	0.07508263158325273	0.008444495972989833	1.3385322144378238	0.05609325705678815	0.05534863213215531	-8.075477600644161	25	1701.0	1700.9169924400646	0.5605096415780813	0.5543111070818529	1.0	0.9439921135443001	False
7	2033-10-01	GARW	north	0.09690545945563704	0.015389210555423341	1.5670835161290109	0.06183809507167278	-0.5574490317590332	-8.168857322278768	24	2215.0	2214.905367176367	0.6400548021873848	0.6236751006846597	0.9285714285714286	0.888497107693258	False
6	2034-04-01	GARW	north	0.13253629208628903	0.01756586871998212	2.1388611919281693	0.06196582208628903			1	14.0	14.042256511144192	0.2	0.16941715345281624	0.2	0.16941715345281624	True
7	2034-04-01	GARW	north	0.057617464378825	0.004952478992941582	1.0254710285177342	0.05618634049770093	0.9813558941592113	-122.93840478894548	7	198.0	198.04147223644765	0.8563818920961779	0.8669039432991974	0.9285714285714286	0.8848077060681366	True
8	2036-04-01	GARW	north	0.0008584970032366827	1.329532361642051e-06	0.029586757899762606	0.0290162580890139	0.9940910563925718	0.9878541683110846	14	556.0	556.042262956828	0.8772395058305145	0.8718122540170732	1.0	0.9411164180785364	True
9	2036-04-01	GARW	north	0.0010789371357129978	1.4231662025890938e-06	0.03218585399158013	0.033522091288777034	0.9870448884678129	0.962664498395136	5	71.0	70.81273840156956	0.21169316658967086	0.16950733343075602	0.29411764705882354	0.19946142960775604	True
8	2036-10-01	GARW	north	0.019221983416387933	0.0006011651635071501	0.5329183637149861	0.036069283262057335	0.7872400672653952	-0.1933007518423917	22	829.0	829.1192099651599	0.7996167788691299	0.7941496434999064	1.0	0.939193563701619	True
9	2036-10-01	GARW	north	0.027217255069302882	0.0008759080557013657	0.7974341080411056	0.03413103953649786	0.8334835637126634	-2.0903756277990015	12	187.0	186.6134664752344	0.28902081495455806	0.262731577806361	0.5	0.44418841006725945	True
8	2037-04-01	GARW	north	0.006033880362339382	5.0000973696351245e-05	0.15487058164840245	0.03896079099152543	0.773306546625012	-0.02848982205761441	6	157.0	157.10854340431356	0.629901032389788	0.627291913217536	0.72	0.6691847257093341	True
9	2037-04-01	GARW	north	0.010607014301409276	0.0001615091703977744	0.28477444857428635	0.03724707168958779	0.6975786890254303	0.4120433188256448	16	318.0	317.87617637475034	0.2717021491931946	0.26434684981671935	0.5	0.43385370300075077	True
10	2037-04-01	GARW	north	0.008977412442960105	0.00014794941264661951	0.18411091326141407	0.048760892463845	0.9484921457788535	0.2431742341816131	12	1080.0	1079.9911147213816	0.7504277795192952	0.7428220122269681	0.8909090909090909	0.8820917002974765	True
9	2037-10-01	GARW	north	0.12093428904524547	0.023386113845506897	3.4068751495668894	0.0354971296968777	-0.91499506659581	-46.60318080526057	16	318.0	318.0282069119293	0.18443932677407876	0.16497830774485148	0.4528301886792453	0.3232696306952443	False
10	2037-10-01	GARW	north	0.18119787695546016	0.04671688430271986	3.4654255926944346	0.05228733732948955	-0.8847297010542055	-40.769896709356566	24	2065.0	2064.752012684263	0.8346620408910076	0.8493623453090272	1.0	0.9554304286115908	False
9	2038-04-01	GARW	north	0.02346593049376977	0.000550770093734101	0.5933655688887018	0.03954717247534007	0.9988383497416482	-22.471125433548142	3	45.0	44.91814507796427	0.11509525871400735	0.09189342289358693	0.125	0.10185409212902866	True
10	2038-04-01	GARW	north	0.014648419820151632	0.0002383184130313355	0.3535554181993534	0.04143175034554858	0.9754397324270869	-1.7022216988681689	10	657.0	656.9429496515395	0.9236384813755507	0.9214208500225919	1.0	0.9437786612015905	True
11	2039-04-01	GARW	north	0.015072950249289766	0.00026431865590807247	0.3142590110814573	0.047963462359979205	0.9189469722031407	0.42477049563315117	18	2796.0	2795.9108645166516	0.9993765277391008	0.995976484975787	1.0	1.0	True
11	2039-10-01	GARW	north	0.08660617333485904	0.011286115407527511	1.5255953489233043	0.05676877121838483	0.0926164665306308	-6.829808130356668	27	3464.0	3463.927862169657	0.9989345792464701	0.9966586693135719	1.0	0.9998172114589262	False
11	2040-04-01	GARW	north	0.0015580229820337174	2.8113936622557205e-06	0.028365236061246114	0.05492719957167428	0.9655328164378351	0.7001482014348839	6	237.0	236.94501824499062	0.9970760233918128	0.9439060735254245	1.0	0.9634443412433045	True
12	2041-04-01	GARW	north	0.08386184139295966	0.008857462492599336	2.4113483404987446	0.03477798706412294	0.9937263045875768	-48.482682820727845	15	887.0	887.0000552931108	0.8253601532623673	0.8068282033350441	1.0	0.9597474144323083	False
14	2041-04-01	GARW	north	0.038433252596290914	0.002208807296279358	0.8800209455140927	0.043673111182414966	0.9799603726022423	-33.127128608726636	5	117.0	117.00144761243229	0.16581230365792954	0.1512457053386525	0.20245398773006135	0.19306190320628885	False
15	2041-04-01	GARW	north	0.08702349612283244	0.00978862876821451	2.2522847061420372	0.03863787552502451	0.9807403080688123	-184.37247771393774	5	115.0	114.82358691995151	0.16514825306154363	0.14596460142308887	0.2074074074074074	0.17903810077094778	False
12	2041-10-01	GARW	north	0.0041066871827427605	2.0032819405784924e-05	0.09828415261996272	0.041783818380387014	0.9978773109786081	0.9718701980147156	24	1230.0	1229.9420627151335	0.6646433430905351	0.6471611258038205	1.0	0.9415178385469948	True
14	2041-10-01	GARW	north	0.003112047523715911	1.1158035575436745e-05	0.06800831955889146	0.045759806210489425	0.9979339050744935	0.9801959208485689	19	480.0	479.98936126229563	0.360988908644638	0.3519601824121679	0.6285714285714286	0.4803471928360656	True
15	2041-10-01	GARW	north	0.0024445191610170114	7.301204871189568e-06	0.07876526820612322	0.031035495932291823	0.9986941184602304	0.970965458630845	13	264.0	263.82383382677995	0.18440066109206013	0.14957836836735974	0.27941176470588236	0.20681933142815356	True
12	2042-04-01	GARW	north	0.2425666062459246	0.059473686582935684	6.220639615634684	0.03899383684537331	-0.9794556930993354	-1498.5021641831047	7	229.0	228.92198685925433	0.3790825168252879	0.3395440259964778	0.4732142857142857	0.4337109511730055	False
14	2042-04-01	GARW	north	0.20043444990403805	0.06781778860629012	2.578207272602033	0.07774179059767812	-0.3599612298877871	-90.1913493998796	23	485.0	484.9406120779854	0.26930874132051225	0.25528135078526565	0.6285714285714286	0.47269483562359177	False
15	2042-04-01	GARW	north	0.15136602158619727	0.02655945914452485	5.501030825405131	0.027515937719736323	-0.46749094172571387	-117.61965163385959	9	143.0	142.59488064245934	0.14948679565454265	0.15222091355214692	0.27941176470588236	0.24855335560540048	False
16	2042-04-01	GARW	north	0.10048685372576514	0.02805752925160203	0.8191736936581911	0.12266855552577637	0.29611599347619505	-8.651273258417705	22	3431.0	3430.936810824642	0.5255379307803468	0.5098295836977137	0.7368421052631579	0.6343357002396712	False
17	2042-04-01	GARW	north	0.05551249101081326	0.006702300573264673	0.7599242448755916	0.07305003279623128	0.9495833566136851	-2.7061941497458486	17	2983.0	2982.974494821615	0.4503553753461169	0.44019258412523976	0.7674418604651163	0.8431681262987464	False
14	2042-10-01	GARW	north	0.12589033945777003	0.017512983856029916	2.290901358619625	0.05495231777837211	0.9351601136874773	-23.25514740144803	10	184.0	183.9371386389307	0.0747267903397014	0.07732428376789781	0.17105263157894737	0.16018592846102048	False
15	2042-10-01	GARW	north	0.06535785385289293	0.006743864875365379	1.7569448703181674	0.037199718077128505	0.9228922586885089	-217.6463770339357	3	42.0	41.5636282953377	0.05684693870960155	0.043585183025414365	0.10891089108910891	0.0569190226429419	False
16	2042-10-01	GARW	north	0.11007102655150659	0.014710680746969853	1.6005097164836624	0.0687724825522046	0.8583191842988064	-6.501927103419405	23	3441.0	3440.9776240873102	0.5095897667781647	0.5140698691915305	0.7368421052631579	0.659194158995537	False
17	2042-10-01	GARW	north	0.09365740460653735	0.010021690432394028	1.0072194917606385	0.09298609227947173	0.8392000276386041	-2.4286722914577847	21	3104.0	3103.9868706731054	0.5166657511820658	0.5013661892685721	0.8571428571428571	0.7872912181275723	False
19	2045-04-01	GARW	north	0.029171452095408106	0.0009905820085890213	0.9515601346988863	0.030656446220962356	0.6821057515570159	-4.710470489804226	13	239.0	239.0330292176539	0.29739775129445	0.2809389686545434	1.0	0.9060108199124949	True
20	2045-04-01	GARW	north	0.019780303565644676	0.0005532610330202017	0.4528823158791925	0.04367647592342979	0.950908246560568	-1.0315846309438226	14	614.0	613.9964603828591	0.40726171700431985	0.3970519371078994	0.5714285714285714	0.42572156914820064	True
21	2045-04-01	GARW	north	0.017467815927444022	0.00038195529965562406	0.3188499467914537	0.05478381321126261	0.9946605373207735	-0.8747307553697905	12	736.0	735.9527648687628	0.42920579770370404	0.42142712631369506	0.5905172413793104	0.5794675870668247	True
19	2045-10-01	GARW	north	0.005063193827535464	3.597021435756341e-05	0.15119882143610455	0.03348699268582018	0.9991848053547123	0.9213672573502301	14	264.0	263.9447805908034	0.15746386352028438	0.1544044357603114	0.33962264150943394	0.25416300959322563	True
20	2045-10-01	GARW	north	0.0037530309503499715	1.834871486334918e-05	0.08034891296423283	0.046709168946948	0.9986632003587443	0.9803431476104465	23	925.0	924.97637088168	0.35550100042856075	0.3531496486340647	0.5714285714285714	0.4417647455359031	True
21	2045-10-01	GARW	north	0.0041799737241099665	2.7753197814801415e-05	0.07450317482283446	0.05610463895061889	0.999188484378551	0.9775472016579725	25	1486.0	1486.0174593655704	0.5527812415176333	0.5472771566850206	0.8666666666666667	0.7021158805541672	True
20	2046-04-01	GARW	north	0.03141007776755201	0.0013138135740326212	0.6845112108151621	0.04588687120280583	0.9931975434287887	-28.213537999967585	6	152.0	152.00007639863045	0.2687797542891389	0.25386873522857994	0.33962264150943394	0.279835987787177	True
21	2046-04-01	GARW	north	0.055177913171387524	0.004229078905875163	1.2388214946456972	0.04454064884236481	0.9788166753645988	-48.0914074628858	10	416.0	415.9709717050972	0.6828600580111303	0.6750997668904809	0.8666666666666667	0.6906945229108044	True
22	2046-04-01	GARW	north	0.007733141159270648	7.797872882907636e-05	0.14711672248693627	0.0525646644959572	0.9799346015742646	0.9259652831719825	24	4361.0	4361.176203682346	0.9735664574737122	0.948786406085393	1.0	0.9993973050561824	True
22	2046-10-01	GARW	north	0.13494192958578438	0.024494167735581614	2.263556311766395	0.059615008862086025	0.07868798626571355	-16.306936423844267	29	4536.0	4536.0178415448745	0.977390289090497	0.9728475264894272	1.0	0.9977561068931406	False
23	2051-04-01	GARW	north	0.003391460257945213	2.5610838135228918e-05	0.1250824461284203	0.02711379864176346	0.9596131498358212	0.8863150344575429	13	212.0	212.10448545241152	0.3916008495449378	0.36519116134107193	1.0	1.0	True
24	2051-04-01	GARW	north	0.0024071119551551594	7.223318812762874e-06	0.04867567255850605	0.04945205332832155	0.9945936493310659	0.967873586973012	13	647.0	647.0166213408039	0.5583886601704433	0.559782466499117	0.7142857142857143	0.5843472374415093	True
25	2051-04-01	GARW	north	0.0032263222629821723	1.4692963033448267e-05	0.05180452236373447	0.062278776364913364	0.9990049932050268	0.9491518006898301	9	311.0	310.9836347870204	0.2752436278618136	0.27235867315244877	0.35502958579881655	0.3594528153212044	True
23	2051-10-01	GARW	north	0.0016116803761700926	3.655357447246746e-06	0.0482465027761174	0.033405123344357586	0.9978836594853837	0.9920987832159018	14	239.0	238.91485386294147	0.1891780310534461	0.17568005175339935	0.5151515151515151	0.31602950027243326	True
24	2051-10-01	GARW	north	0.002457089394456677	7.63550910904208e-06	0.05503985034409934	0.04464200718380213	0.9990207957491285	0.992789591401595	24	1230.0	1230.014178280158	0.5239678913980287	0.5274634334936894	0.7142857142857143	0.573118748896862	True
25	2051-10-01	GARW	north	0.0019584713637769203	5.5674336063469875e-06	0.037311664854744526	0.05248951960201482	0.9992259135146845	0.9933574665630884	19	798.0	798.0091957115557	0.3844569362847842	0.3760393054323649	0.6428571428571429	0.5453803022924146	True
24	2052-04-01	GARW	north	0.004481605938115773	2.5728387321826564e-05	0.11062681395849666	0.04051102782185444	0.9879315038413283	-0.04826225796344907	8	301.0	301.0289312286444	0.4684014117619435	0.4594170978147516	0.5897435897435898	0.4718003386058242	True
25	2052-04-01	GARW	north	0.0055528160974980005	5.34931654041984e-05	0.1405661458121829	0.0395032250860558	0.9320564247084242	0.8609690472113011	18	457.0	457.0513934442798	0.686794175443333	0.686088462472244	0.9444444444444444	0.8756221409360234	True
25	2052-10-01	GARW	north	0.002992698057603844	1.759429656453363e-05	0.12235922782279139	0.0244582947347303	0.9857057168924728	0.8945056826357568	14	208.0	207.66880428609497	0.808977177067239	0.7796509014882068	0.9444444444444444	0.8604857883225123	True
25	2053-04-01	GARW	north	0.011712841309640495	0.00017512894521271868	0.5355094973691962	0.02187233161537248	1.0	-1.8524997754962413	2	23.0	23.00186366758829	0.8282051282051281	0.6935136647758469	0.9230769230769231	0.7007010893360437	True
26	2053-04-01	GARW	north	0.022408358918855804	0.0009566896981153263	0.28796112225196	0.07781730652948683	0.959171799288062	0.31404896139472416	14	752.0	751.9413360284829	0.23194546420609816	0.24701354499273867	0.4634146341463415	0.45678811319020796	True
27	2053-04-01	GARW	north	0.01954329940562105	0.0006341964468388471	0.25536869301942705	0.07652973892196842	0.9817842778326851	0.44711625919192366	15	3564.0	3563.996446713825	0.7499738614309749	0.7316665567370058	0.9028871391076115	0.9080117197542046	True
26	2053-10-01	GARW	north	0.03466361850918967	0.002135645441539153	0.559928049944704	0.061907272751584586	0.15781677811522937	-0.4573435798423655	16	791.0	790.9981197733146	0.21364490728738247	0.23500448925278788	0.4634146341463415	0.4616436306763633	True
27	2053-10-01	GARW	north	0.02638608809749245	0.001603099658322605	0.3645496465976336	0.0723799579666462	0.7362289300925167	0.38204437692158644	24	4388.0	4387.917299445796	0.810939639495758	0.7924847250473341	1.0	0.9154107022980252	True
27	2054-04-01	GARW	north	0.26326420935773576	0.07012339185449547	4.3265089921916005	0.06084910717459963	-0.9488339191698538	-3542.4772009572025	7	407.0	406.6961066452517	0.9148888320836119	0.8923503109133846	1.0	0.9168556588328434	False
28	2054-04-01	GARW	north	0.016582781338345738	0.0004915845170669022	0.3405589598980143	0.048692835282653286		-0.23519474527674333	8	127.0	126.41351324223345	0.17205254012390628	0.16975841565814673	0.3902439024390244	0.39651758464244163	False
29	2054-04-01	GARW	north	0.05391994316373937	0.003835285181771793	0.8837013454365868	0.061016024748837036	0.9898282152125693	-13.64925224269411	10	868.0	868.0091047772885	0.7941761497190569	0.7809525155261949	0.9292035398230089	0.9194836227129413	False
28	2054-10-01	GARW	north	0.009421393829009996	0.00018432619428911053	0.17006571673422777	0.0553985483372489	0.9958690254725646	0.7295945462677853	10	151.0	150.6503186193585	0.1483736420402369	0.1653808204846532	0.3902439024390244	0.3678541388595535	True
29	2054-10-01	GARW	north	0.001552132840610667	3.4940537154252894e-06	0.028315897067009897	0.05481489203529476	0.9995158808358772	0.9972147461431221	26	2535.0	2534.9973245072356	0.909686071183075	0.9022704344511008	1.0	0.9992090769461734	True
1	2027-04-01	GARW	south	0.0016499266833484181	3.7639910800168904e-06	0.05006129397239167	0.03295813097157131	0.9964027277394814	0.9878784564657729	17	311.0	310.7561641911948	0.8261303215944475	0.8312476746368707	1.0	0.878626061570837	True
1	2027-10-01	GARW	south	0.1338293867186444	0.022982632686338204	3.0806597060938126	0.043441794773346185	0.32241419496417345	-38.14800976459314	21	582.0	582.0734050340179	0.46975926669488655	0.475318293518626	1.0	0.8898784340305101	False
2	2027-10-01	GARW	south	0.055179738480764566	0.005308693874914774	1.2952997045386307	0.04259997766340794	0.9904635117220322	-17.097704622749106	14	1407.0	1407.017170130191	0.6996775858632654	0.699558380229586	0.8542713567839196	0.8383841320778274	False
1	2028-04-01	GARW	south	0.00428790103511253	2.870776707943573e-05	0.07475710066128491	0.0573577760130168	0.9995678544805231	0.9728292350978455	19	559.0	558.9665892400334	0.24793463417415443	0.24183656497381803	0.38461538461538464	0.33970839315816503	True
2	2028-04-01	GARW	south	0.002436045591722153	9.590198178663445e-06	0.04923364060213085	0.04947929021557508	0.9990049602291661	0.9912788596869477	24	2046.0	2046.019539231782	0.7687250535441296	0.7704786039415336	1.0	0.9453986129086495	True
1	2028-10-01	GARW	south	0.010200406430803532	0.00010741028049544731	0.1930149949990728	0.05284774082372477	0.9991097949390981	-1.547051928425017	3	52.0	51.81138703892941	0.1840599859562362	0.14935922450323924	0.2318840579710145	0.16365624657629718	True
2	2028-10-01	GARW	south	0.0057381682406490355	3.4052600683319314e-05	0.11821577393524905	0.048539784917299045	0.991190787507052	0.3382214840087734	8	385.0	384.8424851128651	0.8764251213224705	0.8818829043296639	1.0	0.9345292484214507	True
3	2029-10-01	GARW	south	0.007263824821276796	7.251744984823803e-05	0.20167423273196491	0.0360176147586032	0.9903607391205502	0.4218373484303032	11	452.0	452.0274962232329	0.9727931605169456	0.9654465916578147	1.0	0.9863981302186781	True
3	2030-04-01	GARW	south	0.037079965122900745	0.003305615979048273	0.9398287732535321	0.039453958187017434	-0.5773551905568344	-4.179304280473989	24	891.0	891.1177348612247	0.9613862260038805	0.9526006536783074	1.0	0.9902421629657592	True
3	2030-10-01	GARW	south	0.004640888974741795	4.620736077001956e-05	0.1294185992659146	0.03585952097353662	0.930753591919072	0.4027000920885303	10	285.0	285.10251810441724	0.9491231527093594	0.9356743167037541	1.0	0.9940831064333702	True
4	2030-10-01	GARW	south	0.0021444147456667027	5.698363100933749e-06	0.04617433798488997	0.04644169985433117	0.9973793253852249	0.9939367198487298	22	3958.0	3957.9890529486056	0.912540709205664	0.9163853678780982	0.9814814814814815	0.9929698068241253	True
5	2030-10-01	GARW	south	0.005121710914023335	3.827607249816746e-05	0.09662724403018644	0.05300483280288226	0.9993817647544687	0.9310014533489824	9	224.0	224.0319129412116	0.09879658309809446	0.10181738001569429	0.2138364779874214	0.16608689288194867	True
4	2031-04-01	GARW	south	0.003354091129840729	1.566258562695352e-05	0.0599343852344877	0.05596271850821794	0.99506219296747	0.9894261975072038	27	4158.0	4158.0046805618385	0.858832471120146	0.844063601730833	0.9814814814814815	0.9791954961251829	True
5	2031-04-01	GARW	south	0.017147483682516687	0.0007947922231960547	0.12076714847129412	0.14198798182762903	0.8902158682790791	0.6646014759851337	16	352.0	351.9274591934885	0.22216245841533191	0.25261570690144575	0.75	0.5982028115257758	True
4	2031-10-01	GARW	south	0.0012503963926512908	3.017477938058745e-06	0.020629604847254283	0.060611747142491366	-1.0	-1.2203803462887364	2	33.0	33.02220547639048	0.5565476190476191	0.5341376930394599	0.5714285714285714	0.5622467811262752	True
5	2031-10-01	GARW	south	0.002356206070909093	8.517871457771778e-06	0.06418506937218359	0.036709566476377783	0.9935337531048322	0.9727300871609439	14	242.0	241.99162564089823	0.8597905477980666	0.8478471939182669	1.0	0.9689489259630395	True
5	2032-04-01	GARW	south	0.0018637652778507939	4.973875868282221e-06	0.08788310860990856	0.021207320807501113	0.9853314108308531	0.965015763476612	14	251.0	250.7705835600005	0.9159645620261836	0.8765532476748849	1.0	0.9936504900276149	True
5	2032-10-01	GARW	south	0.17000549887581282	0.028901869648013993	7.440616274921791	0.022848308875812812			1	13.0	12.805880307163196	0.6842105263157895	0.6565638258669046	0.6842105263157895	0.6565638258669046	False
6	2032-10-01	GARW	south	0.13160403246888705	0.024232128518553126	2.65885980791025	0.04949641650054585	0.9419480209315153	-44.43170401493692	18	3082.0	3081.9292933875013	0.992211137201566	0.9899261056817069	1.0	0.9979751330175008	False
6	2033-04-01	GARW	south	0.061298604590250765	0.005185602374671825	1.1695575709337296	0.052411788965046266	0.2386502514274031	-2.6159137616190193	26	3678.0	3677.6082528494003	0.9872608287989834	0.9852160022858354	1.0	1.0	False
6	2033-10-01	GARW	south	0.01080064945723434	0.00014543945112238362	0.1930266888813018	0.055954176698725835	-0.8296003876267786	-4.198784473426497	5	200.0	199.84425720421257	0.974271012006861	0.9785061788449395	1.0	0.9938883429972721	True
8	2035-10-01	GARW	south	0.0013492233868959706	2.6341781240241535e-06	0.03191308544116132	0.04227806143607005	0.9966154890499389	0.9909388248400387	19	1700.0	1699.3222193520585	0.9935615900646098	0.9935907163064893	1.0	0.9998294828554374	True
8	2036-04-01	GARW	south	0.051332267717406566	0.003538867661825212	1.037272575369623	0.04948773247872167	0.3804720497641455	-2.117614263842911	29	2322.0	2322.0937738596845	0.9861352489331996	0.9770514315678203	1.0	0.9999631583632782	False
8	2036-10-01	GARW	south	0.44657549268111385	0.20498513262256457	8.399376256813866	0.05316769710356008	-0.8947158168388725	-2218.271684784472	9	398.0	398.06626848805536	0.9707820081437593	0.9417171395361618	1.0	1.0	False
10	2037-10-01	GARW	south	0.01158570038821346	0.000232741043228781	0.26390477073444396	0.04390106459981981	0.9489385749632187	0.657098338094986	20	3388.0	3388.0330537069985	0.9866642425467969	0.9747107463195566	1.0	0.9996594853674508	True
10	2038-04-01	GARW	south	0.13539454021033193	0.024505595182564992	2.420823936117876	0.05592911495556991	-0.26171813232458857	-17.720177096629218	26	3717.0	3717.155781228613	0.9884379440711998	0.9752603999746867	1.0	0.989653377022326	False
10	2038-10-01	GARW	south	0.45400991570179766	0.21028967806686683	8.097374909763817	0.05606877793868138	-0.9688171943714772	-24068.542940599018	3	73.0	73.14521357756296	1.0	0.9778927905418974	1.0	0.9830378414000023	False
11	2039-10-01	GARW	south	0.0012960160802530877	3.000870812754388e-06	0.04186345623018347	0.030958172042151233	0.9880172591309961	0.9734850149037814	16	638.0	637.9259860450742	0.9821556546899763	0.9812615487188325	1.0	0.988470995606048	True
11	2040-04-01	GARW	south	0.0015961069860399568	3.797197098291074e-06	0.04211968263067135	0.03789456345232952	0.9962392562140568	0.9920249956037693	24	910.0	909.7384450395189	0.9651525968045863	0.9602350228736536	1.0	0.9841072288677686	True
11	2040-10-01	GARW	south	0.0018493326075944567	4.075546642281965e-06	0.06210162485554614	0.029779133990393447	0.9638742756861769	0.4894406175326582	5	135.0	135.0573387393868	0.9376249530544296	0.8943481343623205	1.0	0.9154771040835998	True
12	2040-10-01	GARW	south	0.013152582194106612	0.00027114292589492723	0.2637159280876682	0.049874053074770074	0.9655435925188225	-0.03177715658454017	14	1576.0	1576.0378726825938	0.9836990002478725	0.9876413526104073	1.0	1.0	True
12	2041-04-01	GARW	south	0.0037258106117318214	1.8257906665786375e-05	0.07977028180645025	0.04670675002467587	0.9994087111509348	0.9832697002903233	26	2477.0	2477.1903366786305	0.9871960064584282	0.9735103221840078	1.0	1.0	True
12	2041-10-01	GARW	south	0.008403137612643555	0.00010500382517549316	0.18745914612037817	0.044826501061982986	0.7563287160043107	0.0483301372947319	9	580.0	579.9862439408413	0.9891185468006307	0.9708949662908917	1.0	0.9896490494392407	True
13	2041-10-01	GARW	south	0.017618042642908154	0.00040307662764028153	0.44993197548790903	0.03915712508274843	0.27626522741872384	-0.03487462022935506	9	152.0	152.10970176411743	0.10502086046197673	0.0959681828457699	0.2	0.19803092878347991	True
14	2041-10-01	GARW	south	0.012119325595470963	0.00028558240926165825	0.2689119965935135	0.04506799900708965	0.9171675814102805	0.12693853294294455	13	982.0	982.0065943662171	0.44326207876466317	0.41461599601557436	0.58	0.4429769823577782	True
15	2041-10-01	GARW	south	0.016535961684084603	0.0005348889245570832	0.40760189715610157	0.04056890264608296	0.9086164692897556	-0.018423088311426472	12	422.0	421.8554049652028	0.22380986476602008	0.2111671551078174	0.5357142857142857	0.2626770175273351	True
16	2041-10-01	GARW	south	0.01919516307979495	0.0006842400610077853	0.277657252897476	0.06913258299390687	0.9628876569819415	-0.563516043641813	11	692.0	692.0262089312397	0.262761800196862	0.2544097098901607	0.48109965635738833	0.3993640761621993	True
13	2042-04-01	GARW	south	0.01543536423225709	0.00035432508618722577	0.6459923293654378	0.023894036400431164	0.9920932699221795	-0.9832384405804142	9	152.0	151.87098527093227	0.09280864824976451	0.05978841824968433	0.17763157894736842	0.10193831683740574	True
14	2042-04-01	GARW	south	0.015227665774486176	0.0003274562936149122	0.29226506246231226	0.052102244606981686	0.9765773271652208	0.7221567813982972	20	1269.0	1268.8583124692154	0.3691612400253763	0.3690859042620859	0.58	0.4747010730031555	True
15	2042-04-01	GARW	south	0.013974817217957215	0.00028170765942409575	0.25083995823734684	0.05571208557104817	0.9692180571829766	0.7465955188361457	18	559.0	558.8429613403435	0.19256481299483538	0.19636843108725893	0.5357142857142857	0.27662160558017806	True
16	2042-04-01	GARW	south	0.01187997399576684	0.00021764050989458734	0.13570721131475882	0.08754121376949138	0.9675881608246106	0.8755227351135282	25	1501.0	1501.1352709652626	0.4819983179336931	0.4760471897426454	0.8	0.7194495981702418	True
14	2042-10-01	GARW	south	0.003889542159982945	2.3193893441689595e-05	0.07605245069347964	0.05114289052510986	0.9915204975459033	0.48048355601512993	5	147.0	146.93757963366255	0.20883315124686952	0.2110908668788766	0.29891304347826086	0.25105786342323066	True
15	2042-10-01	GARW	south	0.004203324691978595	2.4425008581650067e-05	0.09213919197935591	0.045619291874410654	0.9927213417163064	0.48577022477254994	4	67.0	66.89932345162174	0.1249130463446333	0.10540994410820478	0.1348314606741573	0.11798696377320796	True
16	2042-10-01	GARW	south	0.005090013375618781	3.077217831536772e-05	0.11263761341506662	0.04518928643189746	0.9956531793171273	0.7172071861089965	12	556.0	556.1720407447934	0.6755479706403795	0.6593552002094129	0.8	0.6841230352691186	True
17	2042-10-01	GARW	south	0.003257113650791322	2.6286413649622183e-05	0.07933602736111016	0.04105466027390138	0.9956010749533439	0.9560280214877896	21	2521.0	2520.929827193185	0.8767314681747694	0.8739047639628953	0.9545454545454546	0.9663842406728669	True
18	2042-10-01	GARW	south	0.0041404879977102755	2.847864898463799e-05	0.07258237053053888	0.05704536745556104	0.9995010580649569	0.9407243955583509	10	355.0	355.01737663633486	0.15946903862806577	0.15698899801080335	0.31645569620253167	0.25453919756359555	True
17	2043-04-01	GARW	south	0.12441662358107997	0.021153505733403744	2.375870928817252	0.052366743526348306	0.029368702942268014	-16.587294743646012	28	2822.0	2822.1697806077673	0.8037760198968907	0.799710300684202	0.9545454545454546	0.9353028984177651	False
18	2043-04-01	GARW	south	0.0889278651848042	0.013045850881891415	1.4554165864913458	0.061101313541566525	-0.8912813426209569	-12.115510992845829	16	528.0	528.0511301042461	0.24738460011416913	0.24982462528960897	0.4727272727272727	0.47663103112394245	False
17	2043-10-01	GARW	south	0.0019336711430731467	1.0513081811332432e-05	0.0351677157618671	0.054984268985984484	0.9370500922295273	0.41619809868133173	4	110.0	110.2830280780949	0.5505066287878788	0.5474250427073932	0.6060606060606061	0.6140865379843138	True
18	2043-10-01	GARW	south	0.010500281352207092	0.00012953436049753547	0.28245175945660966	0.03717548572686497	0.8870136572858485	-2.760078380999204	4	89.0	89.07756882226732	0.4323721590909091	0.4470694910992043	0.4727272727272727	0.5044545472659767	True
19	2043-10-01	GARW	south	0.01960645450853703	0.0004973091918482412	0.4761998645241589	0.041172742726688326	1.0	-2.5342544775808378	2	27.0	26.84182108120082	1.0	0.9504418469275651	1.0	0.9951695012738605	True
19	2044-10-01	GARW	south	0.017806887662874884	0.0003559427691504864	0.5205453157979993	0.034208141198190996	0.945589966120267	-1.9500214567303127	11	332.0	331.71805871225104	0.7074715304689061	0.7014436764295279	0.9166666666666666	0.8183685875586311	True
20	2044-10-01	GARW	south	0.021971282817263925	0.0004927811961695225	0.6221103426164692	0.03531734052974781	0.9851744324953331	-8.239622726133119	5	101.0	100.94687220545077	0.3188454532716828	0.3350864100154195	0.47692307692307695	0.3775936118713499	True
19	2045-04-01	GARW	south	0.001949884159756913	5.119952637293884e-06	0.058263784754486646	0.0334664863941363	0.9961661817126379	0.9897176250222952	21	585.0	584.960049351659	0.619491641568281	0.6151187589335589	0.9166666666666666	0.7809375968402611	True
20	2045-04-01	GARW	south	0.0049471205960140005	3.844664618064088e-05	0.1415801503954574	0.03494219056976457	0.9842000439097018	0.894453116020854	15	310.0	309.6494500252528	0.413201419038531	0.3941001263895772	0.6363636363636364	0.4589761868035831	True
19	2045-10-01	GARW	south	0.0031906073645726857	2.0355317890339127e-05	0.11129815958196894	0.028667206866281245	0.299453829073148	-0.6962934331337236	7	141.0	140.95861630973934	0.5067267332464901	0.4840679601067785	0.574468085106383	0.5489289641957779	True
20	2045-10-01	GARW	south	0.01312962360727613	0.00031280362162739616	0.30376350946498637	0.04322317591866488	0.5737568683548788	0.17768265411070594	16	270.0	269.9210922309213	0.2545612694348738	0.23183425532584023	0.6363636363636364	0.4850216559263799	True
21	2045-10-01	GARW	south	0.019158186379826886	0.0006090278054123746	0.3744473534088344	0.051163898490449	0.9700133436600644	0.38330340952306297	19	1931.0	1931.0006801720224	0.5106186714248808	0.5030431459534399	0.819672131147541	0.6639691173808636	True
22	2045-10-01	GARW	south	0.020629392640081158	0.0007365627468728593	0.3206616078259015	0.06433384021227008	0.977680890974959	0.2231534830681985	14	2557.0	2556.988481193803	0.5004420436592744	0.4934455842248696	0.7604166666666666	0.7257334616809455	True
20	2046-04-01	GARW	south	0.06847649369595349	0.004924229339710385	2.4665223314359936	0.027762365182433562	0.4669583348841566	-15.909933073700248	10	148.0	147.79344475222862	0.08812705489446385	0.07969639993106167	0.24390243902439024	0.1586955775690609	True
21	2046-04-01	GARW	south	0.04714848900523206	0.003023797855658559	0.6272873231887238	0.07516250888916355	0.5721798242831155	-0.8546597620839342	25	2063.0	2062.98237893666	0.44433930786388354	0.4482812442000895	0.819672131147541	0.6372517357428943	True
22	2046-04-01	GARW	south	0.03445665696027133	0.0019753038367891847	0.5591674960650007	0.06162135174657202	0.7187316395042028	-0.13845758085960247	23	3179.0	3178.9893539455	0.6417916757676697	0.6252607781488726	1.0	0.9466974433157551	True
21	2046-10-01	GARW	south	0.0023101694271184803	5.4518026558792575e-06	0.03315099663485887	0.0696862737661798	1.0	0.23101179359530144	2	31.0	30.959627343318026	0.2112320248736883	0.13756385671441707	0.2289156626506024	0.1466044240498505	True
22	2046-10-01	GARW	south	0.0011028914337753704	2.245485478138067e-06	0.01953982044063342	0.05644327373049381	0.9837644375331012	0.935983460545692	7	305.0	304.7747602915601	0.8830151764272626	0.8795380481270211	1.0	0.9271668630387074	True
23	2050-10-01	GARW	south	0.0019017566447506466	5.101278860385522e-06	0.05567997014394266	0.03415513046853772	0.9918026361422215	0.9761456225335272	13	333.0	332.8597333708153	0.8474124105772641	0.845915069496822	1.0	0.9972700388105571	True
24	2050-10-01	GARW	south	0.0010046280788760184	1.8112484827423734e-06	0.02709769472550101	0.03707430056515421	0.9898825479286772	0.9630755114371214	3	43.0	42.97209379977649	0.26053927509414554	0.22418414890773877	0.2978723404255319	0.27258705466175553	True
23	2051-04-01	GARW	south	0.1758569049702347	0.041777336220817085	5.113225371359223	0.03439255894239755	-0.8972718963653313	-78.74725633887162	21	610.0	609.9424494398214	0.711837269461139	0.6999038496442973	1.0	0.8863692230887643	False
24	2051-04-01	GARW	south	0.2796634716050096	0.08581492886358559	7.5366207306510615	0.03710727680213921	-0.7340258837795739	-234.7662494087249	13	256.0	255.7044547326941	0.40727476482303404	0.37856433132497297	0.7222222222222222	0.58879073395527	False
23	2051-10-01	GARW	south	0.32504343187416074	0.10934576937860836	9.565749780587655	0.03397992204790791	-0.952520111751483	-1490.5779097945142	8	214.0	213.88372554164945	0.575706970431193	0.5448382259082392	0.7368421052631579	0.6209745917293357	False
24	2051-10-01	GARW	south	0.1409898647317117	0.02389175737681166	4.178361166574187	0.03374286212010448	0.5691386486158763	-50.2674936165415	27	1183.0	1182.620067613129	0.426807821091765	0.4219337570743568	0.7222222222222222	0.6091635404264448	False
25	2051-10-01	GARW	south	0.06179987437359577	0.005354442900397885	1.303352756763238	0.04741607677039816	0.9764692160694259	-6.93376301930588	19	1740.0	1739.977797997071	0.5736627278487244	0.5657967800349477	0.7755102040816326	0.6813913888215741	False
24	2052-04-01	GARW	south	0.07828632053725915	0.010107370970992721	1.5464043687819515	0.05062474092654209	-0.13946029669180054	-10.777676291489259	23	1102.0	1101.9591308942652	0.3848568258454545	0.3663686292773768	0.6842105263157895	0.5677141781315717	False
25	2052-04-01	GARW	south	0.07929923354651947	0.009528537809393412	1.6012537419706412	0.04952321513324114	-0.13067566980054776	-6.427607913096447	26	2018.0	2018.0556475310461	0.6300230282708509	0.6208974511547792	0.9565217391304348	0.7926701681994643	False
24	2052-10-01	GARW	south	0.013222954627847668	0.00018369646784563388	0.25637794206711767	0.051576022965290846	1.0	-68.7356342346033	2	33.0	32.88378517864808	0.3121168409664623	0.25865194325514795	0.3191489361702128	0.2654240611458356	True
25	2052-10-01	GARW	south	0.007055735687817881	9.172629221620712e-05	0.1512481775047881	0.04665005426326222	0.7745716114784182	-41.85666606821709	5	137.0	137.05305171587415	0.8089286539105446	0.7480794237971922	0.9565217391304348	0.7979423681130341	True
27	2053-10-01	GARW	south	0.008855592245077084	0.00011747271318310866	0.1115660838092188	0.07937530782401936	0.9928216683879449	0.9318063968651481	26	4299.0	4298.995427777012	0.7246435761435692	0.7124551910761215	1.0	0.9656193864602002	True
28	2053-10-01	GARW	south	0.011250312162931762	0.00014998118716234737	0.1470834604685824	0.07648930836336199	0.9948855024587792	0.8933980936877854	16	2114.0	2113.981634726084	0.41048127850363336	0.4109822052363656	0.759493670886076	0.8018760641190406	True
27	2054-04-01	GARW	south	0.07361672626032631	0.007553929494136888	1.162964474221991	0.0633009243980346	0.8643257604764284	-4.231137708421064	24	4271.0	4270.98990753206	0.7041481878810236	0.6960969855074653	1.0	0.9760799647603423	False
28	2054-04-01	GARW	south	0.05001623553789874	0.004158118836603076	0.537056538493154	0.09313029812137051	0.39184245257123534	-0.9327674687603122	21	2269.0	2268.839229854317	0.5245752941148687	0.5029539828309215	0.9375	0.9067604879671088	False
28	2054-10-01	GARW	south	0.0035317170937090143	1.4752621171244038e-05	0.06185903828472801	0.0570929841723863	0.8192023357279186	-1.8333963518914151	3	58.0	57.55801760491303	0.8899493705528189	0.8839276504028928	0.9375	0.8932178646821026	True
29	2054-10-01	GARW	south	0.0012695601053167571	2.7578280812010354e-06	0.04540694288461399	0.02795960319422746	0.9940429726856936	0.9779359183129698	13	456.0	455.9308772072394	0.998211091234347	0.9797393491156613	1.0	0.9997449032100577	True
0	2025-10-01	GARW	tropics	0.005532941616669493	3.428104380789335e-05	0.9557128804029577	0.005789334569119374	0.3449280195102895	-7.932481968665661	4	47.0	46.38337805528632	0.33406349681020736	0.25088767230013953	0.46875	0.27694380343795866	True
1	2025-10-01	GARW	tropics	0.0038886992208784048	1.9413722010437435e-05	0.4011196659258038	0.009694611237529571	0.5633137716729637	-0.9524619003438912	32	606.0	605.8531348818829	0.7529924778878427	0.7314136486342646	1.0	0.7634701617013737	True
0	2026-04-01	GARW	tropics	0.017820987990869036	0.0015675261944553878	7.213674387652636	0.0024704453005769877	-0.6522343540989879	-655.559451290895	7	85.0	79.01674417409055	0.42852891156462586	0.29787631708680695	0.5	0.39890496705949535	True
1	2026-04-01	GARW	tropics	0.02588241192594008	0.0018920695343008125	2.452413188027705	0.010553854485978929	-0.3829207143454707	-87.20934411794339	48	915.0	914.7979279592955	0.7214529610687342	0.7134888025291438	0.9393939393939394	0.785334923525731	True
0	2026-10-01	GARW	tropics	0.0028295520353895437	1.0468181205551632e-05	0.35328091392384986	0.008009354380235376	0.4001731359886842	0.09777565100581065	5	59.0	58.45495078414466	0.4461904761904762	0.31115005829695414	0.5	0.38300534712905493	True
1	2026-10-01	GARW	tropics	0.0021126277165946354	6.249013304344981e-06	0.22524098690676292	0.009379410673019046	0.574933325976509	0.29901803231726054	25	394.0	393.58684461349986	0.6816423339407186	0.6654280230158254	0.8888888888888888	0.715337882119922	True
1	2027-04-01	GARW	tropics	0.005358055627327186	4.845876460956472e-05	0.7731744263766848	0.006929944194399391	0.9148677723016438	-0.6593770938903689	3	33.0	32.84448369342775	0.6752450980392157	0.6565939665135455	0.75	0.6667377290543991	True
2	2027-04-01	GARW	tropics	0.0030989620869049553	1.2755144004951925e-05	0.17936310895357976	0.01727758904818596	0.188715619445299	-0.34027601724051904	7	89.0	89.02329523253846	0.8383019236402695	0.8244851889642073	0.9285714285714286	0.8884141540367421	True
2	2027-10-01	GARW	tropics	0.0013465410262066342	2.812740318803274e-06	0.100017481656228	0.013463056696776832	0.9285030134975683	0.8195500214512323	33	873.0	873.0153242495674	0.9174818560419609	0.9061739543555547	1.0	0.9648771758130692	True
2	2028-04-01	GARW	tropics	0.0009612703601771705	1.3977543001616554e-06	0.08895803591810336	0.010805885609503971	0.978720289887845	0.9561087484689165	50	1504.0	1504.007213048895	0.951335085707706	0.9512031148550288	1.0	0.966877018823336	True
2	2028-10-01	GARW	tropics	0.016877949631217217	0.0010793525565300612	1.7673675158123463	0.009549767934633278	0.06734482706656797	-171.40837233326621	36	857.0	856.9313755502319	0.9559104109096077	0.9522494891040021	1.0	0.976664357040969	True
2	2029-04-01	GARW	tropics	0.004961340990672795	3.0228546568047653e-05	0.5413470783008418	0.009164806072742187	-0.15091192914531354	-2.2617120254715544	11	144.0	143.66911988272142	0.9103906714200831	0.8951404547649612	1.0	0.970825240939767	True
3	2029-04-01	GARW	tropics	0.00648850152376959	5.204022722823595e-05	0.39526691466748076	0.01641549363985614	-0.07399220487354283	-2.348259870309367	11	165.0	164.25554575109294	0.8085307839318535	0.7327731023682426	0.9411764705882353	0.8250055838716447	True
3	2029-10-01	GARW	tropics	0.002744073675006291	1.1211043351997668e-05	0.1675812166844892	0.016374589761886327	0.7881258176598388	0.383562005678296	36	991.0	990.8615429088857	0.8833678465867901	0.8606091167679711	1.0	0.94378539081777	True
3	2030-04-01	GARW	tropics	0.023576490421581744	0.000961845139596408	2.0089524373480443	0.01173571359046426	-0.45512826012172797	-26.726020596647196	43	1183.0	1182.910961308568	0.8121388235909083	0.8103906380002992	1.0	0.9392562562250089	True
4	2030-04-01	GARW	tropics	0.006128720037492467	4.544235045547236e-05	0.47251856629213607	0.012970326405552004	0.8377553471704853	-26.17558005425218	13	251.0	251.00019478904733	0.6290578174967314	0.6147376449006422	0.8863636363636364	0.8718440846872738	True
3	2030-10-01	GARW	tropics	0.002101116115442068	7.156257303504955e-06	0.22066053501600322	0.009521938824673322	-0.35582560270881436	-1.7862079459547857	16	309.0	308.82844043190636	0.6542944634175535	0.6288099677644595	0.8529411764705882	0.844200740274698	True
4	2030-10-01	GARW	tropics	0.0015236902658895355	4.080131431648366e-06	0.13622902031937842	0.011184770046186645	0.9416652246066493	0.8662501923119715	39	1378.0	1378.008366493681	0.8372356557963525	0.827806422316852	1.0	0.9965009854905703	True
4	2031-04-01	GARW	tropics	0.00462201331595475	0.00011764223431264251	0.05737992480783919	0.08055105215689119	0.752317308200853	0.4437033688750942	42	1493.0	1492.9838987078954	0.7673612178014583	0.754460463340929	1.0	0.9830155385865907	True
5	2031-04-01	GARW	tropics	0.004528272080071848	3.248694062490262e-05	0.22696828563927396	0.01995112254259495	0.3275899498735958	-1.5538804323523938	21	1137.0	1137.0109584626234	0.718710387540556	0.693795066248142	0.972972972972973	1.0	True
4	2031-10-01	GARW	tropics	0.0031400112716982805	1.3084983271568317e-05	0.17287466110083827	0.01816351367923552	0.43914476587526513	-0.09575009269903934	15	316.0	315.93185822951546	0.4587574652710477	0.4342251009294677	0.8709677419354839	0.7960213730917841	True
5	2031-10-01	GARW	tropics	0.0014441174945639872	4.052465538724406e-06	0.06875650963484943	0.021003356660094803	0.9928877929390381	0.9796842595143037	46	2794.0	2794.009168218874	0.8817226013717155	0.8792468977012394	1.0	0.9985207358997119	True
5	2032-04-01	GARW	tropics	0.0008028603202923806	1.142323075388978e-06	0.0417624175822868	0.019224469433802786	0.9837956263934163	0.9568622257469174	24	1338.0	1337.7506243262465	0.9911249982617839	0.9868776827416351	1.0	0.9968107338793715	True
6	2032-10-01	GARW	tropics	0.03297615262804974	0.002100249263211116	2.045573542801466	0.016120736770425786	-0.368147316941908	-193.33072356963729	12	208.0	207.80869801879766	0.7702254060538944	0.7514812196746771	0.9166666666666666	0.8556684184784836	True
7	2032-10-01	GARW	tropics	0.019168366806750298	0.000398380369754871	0.4683927661594481	0.04092370376237854	1.0	-32.17137507308259	2	30.0	29.89334891376393	0.3782299741602067	0.3499237729719242	0.3953488372093023	0.37924705530528874	True
6	2033-04-01	GARW	tropics	0.003994032276354786	3.6861381207800825e-05	0.15642464021933322	0.025533268101205105	0.9515131767061812	0.7822557428430074	36	926.0	925.9908328416481	0.4605337946644748	0.44971808362290333	0.9166666666666666	0.8763832005968053	True
7	2033-04-01	GARW	tropics	0.004366762621231212	4.375201433854802e-05	0.1583650163905804	0.027574035735653472	0.9723896407845564	0.6814804077704277	28	1978.0	1977.851154959275	0.6646459055975212	0.6631182812868032	0.898989898989899	0.9131668820842442	True
6	2033-10-01	GARW	tropics	0.1269622296576012	0.01756157914079862	5.506808024125687	0.02305550313382478	0.8649995877078421	-194.12513456304	22	633.0	633.006057179833	0.27938706412927616	0.28066647921405335	0.6065573770491803	0.5384533667279532	False
7	2033-10-01	GARW	tropics	0.1585179906594307	0.031189038321891464	5.919121846839541	0.026780660165674725	-0.6762607328883193	-135.99724952699108	39	2463.0	2463.1138325416623	0.8164854206164369	0.8169955151666165	1.0	0.9659350268184954	False
7	2034-04-01	GARW	tropics	0.07287486734832073	0.006726382293568838	3.488274751456089	0.020891378271708966	0.6967828562960107	-1879.8540361582334	13	380.0	380.00058525418314	0.9488639468613059	0.9520734037028333	1.0	0.9673257153572953	True
8	2036-04-01	GARW	tropics	0.0014385655113614121	3.2280000148999366e-06	0.10698193349162204	0.013446807927378401	0.8636463884850354	0.7361903274854282	29	513.0	513.0645173073439	0.9509857168091208	0.9504166786173353	1.0	0.9912140279046464	True
8	2036-10-01	GARW	tropics	0.009663668201733247	0.00012441313688403227	0.49408869381596215	0.01955856979259834	0.1396557998894491	-2.9171549916223873	46	923.0	922.9668827377591	0.7960402255790345	0.7933916757779179	1.0	0.9958795052934434	True
9	2036-10-01	GARW	tropics	0.014875091376394022	0.00022238313151979485	1.3954700279751495	0.010659556334562075	0.22255982230775773	-193.77959498425525	12	182.0	182.22210112067313	0.4474345627078172	0.3987459751787619	0.5862068965517241	0.5563710026520067	True
8	2037-04-01	GARW	tropics	0.0016762810915186479	3.980670975230268e-06	0.14491224095097832	0.01156756034216398	0.9345961455116878	0.5751634193009926	24	457.0	456.7676091868411	0.6113799569528261	0.5983171325338111	0.8928571428571429	0.8739894076142607	True
9	2037-04-01	GARW	tropics	0.005834867745996129	0.00013459975981856517	0.10508806209050263	0.05552360210973438	0.654469417623055	0.13744423115906268	36	541.0	541.1675676624974	0.36763670274031013	0.35103649490142774	0.59375	0.4474371456242525	True
10	2037-04-01	GARW	tropics	0.0041141459140133846	1.988827857658032e-05	0.2385421581765381	0.01724703903688431	0.8324115303016043	-1.1067795372754752	23	928.0	928.2084593949198	0.6386028764832313	0.6285682136597399	0.9	0.938348272188172	True
8	2037-10-01	GARW	tropics	0.0005332849876270515	2.843928780283845e-07	0.05660280106600468	0.009421529987627051			1	11.0	10.834559581150026	0.22448979591836735	0.16173911101994254	0.22448979591836735	0.16173911101994254	True
9	2037-10-01	GARW	tropics	0.0027947347047335537	1.0476264765024782e-05	0.25364105567010103	0.011018463463456538	0.6815806836303143	-0.6317868465782219	19	292.0	291.6245991760255	0.30751158874428564	0.2978356713364193	0.575	0.47287712712140995	True
10	2037-10-01	GARW	tropics	0.0014364495657708178	3.6594147940352706e-06	0.05293140301963968	0.027137946168512426	0.9883247090793742	0.9708285198150188	48	2160.0	2160.1860695477367	0.820222476648904	0.8213936139216242	1.0	0.9930117858728668	True
10	2038-04-01	GARW	tropics	0.008088236266109878	8.533389673221892e-05	0.49301969944759255	0.01640550321857808	0.9314240843062883	-3.2047353785296844	29	1150.0	1149.8893229771802	0.973126241974024	0.9729673240997414	1.0	0.9968328531820192	True
11	2039-04-01	GARW	tropics	0.009491967916946176	0.00012838116835801308	0.26538410980838323	0.03576690376752291	0.7271333933615252	0.006065273990918052	8	156.0	155.80476867932487	0.8744292717086835	0.8503497703796409	0.9642857142857143	0.9942220706402042	True
11	2039-10-01	GARW	tropics	0.11559775857413833	0.01799257988657199	4.921453865174849	0.023488538497156344	0.04402744713494855	-169.48078727268935	34	1781.0	1780.9668504404144	0.9055562273697636	0.8972808062924482	0.9659090909090909	0.9417738486249212	False
11	2040-04-01	GARW	tropics	0.0012723170332734803	2.8000290509600056e-06	0.07304985940233612	0.017417104477449437	0.9872679338861153	0.9731665642885312	38	1926.0	1926.0804802361138	0.8115379630611944	0.8047847386618667	0.9659090909090909	0.9669114234884162	True
12	2040-04-01	GARW	tropics	0.0023806974207896403	7.9002039433979e-06	0.3826523451595441	0.0062215675688516315	0.6882090265862559	-2.2557629975000077	23	389.0	388.9698939047515	0.6057452996372366	0.5951947149861219	1.0	0.9290947612392156	True
11	2040-10-01	GARW	tropics	0.006337354112172885	5.01563598243298e-05	0.34919523816335746	0.018148455132163628	0.2014860126134148	-46.211577375106394	12	281.0	281.1672086950775	0.5907781154627302	0.5656206185617403	0.8409090909090909	0.7765782160047208	True
12	2040-10-01	GARW	tropics	0.02467893908095834	0.0018553635181342534	1.4205604975387562	0.017372677280352886	-0.12589714404769878	-99.40530830584751	47	784.0	783.6998262430077	0.7779748823297139	0.7726717590356228	1.0	0.9706146062188058	True
12	2041-04-01	GARW	tropics	0.0021987813572100627	7.0559778042999516e-06	0.4896241730672535	0.0044907532719142195	-0.045682645040808614	-0.48951341540630167	48	761.0	760.6673008243065	0.8247949565263859	0.8184315473920426	1.0	0.9702391601083336	True
13	2041-04-01	GARW	tropics	0.0006543424892300505	4.939795302942687e-07	0.0341123082509896	0.019182005639007675	0.6342666470806713	0.07900674786402673	7	122.0	121.28746584766999	0.4960947007297881	0.4665494924145026	0.6	0.5649700077343224	True
12	2041-10-01	GARW	tropics	0.003388431253682429	1.5530871071733833e-05	0.1616891964712838	0.020956448096915485	0.7516697817539857	0.2916492874666401	32	476.0	476.06056047970594	0.5763517511798752	0.5718009074277508	1.0	0.9303645815688935	True
13	2041-10-01	GARW	tropics	0.005821278159981674	5.646687616810177e-05	0.28998854020215875	0.02007416622713265	0.9147420087966077	0.5369476610993413	33	1437.0	1437.1353663650982	0.610339250533222	0.6026090199034466	0.7956989247311828	0.7270186745231557	True
14	2041-10-01	GARW	tropics	0.005345689917724455	3.076766838938735e-05	0.3869404022663573	0.013815279785760535	0.9090935151830306	-7.070671272127289	12	198.0	197.95837175860154	0.17087260304433086	0.16979577837383042	0.23076923076923078	0.23468708411671596	True
15	2041-10-01	GARW	tropics	0.006754977778539133	4.673622499509883e-05	0.5957086230485784	0.01133939902358654	0.8246801786891267	-26.63340937088234	8	107.0	106.81931125221664	0.13450131257359368	0.12713280269970492	0.1553398058252427	0.15211368011354928	True
16	2041-10-01	GARW	tropics	0.016098027572896977	0.00026099874708477135	0.8528864040762482	0.018874761628229462	-0.031182493307743586	-141.10120448133486	4	71.0	70.89325101360154	0.1776052407999945	0.16184961647049273	0.23076923076923078	0.19015777628681985	True
12	2042-04-01	GARW	tropics	0.006461181870164733	4.255217586880784e-05	1.0139533734900368	0.0063722672453125585	0.8984693225879627	-10.03860109685189	5	65.0	64.88544827370872	0.2162191824945266	0.1816112089254419	0.3448275862068966	0.25083249889203524	True
13	2042-04-01	GARW	tropics	0.010058238080829516	0.00011406842106070574	0.4883035330373634	0.020598331571071986	0.9618406140756323	-0.11262182796897169	31	1409.0	1408.9368007119276	0.5506261935997143	0.5388285029923309	0.7956989247311828	0.7075668617561663	True
14	2042-04-01	GARW	tropics	0.00836863673223142	0.00010481108857121325	0.706572355370934	0.011843991161864917	0.9344581579587159	-4.033539871285086	22	360.0	359.5038797023256	0.1672149299025555	0.15343679090865353	0.24761904761904763	0.16577840072079278	True
15	2042-04-01	GARW	tropics	0.008638941158890441	0.00010630249461279052	1.2949802563141655	0.0066710987420603675	0.9196112110237753	-20.78986355251721	13	174.0	173.76054259898342	0.13313399959424965	0.10891720865423309	0.1619047619047619	0.11267814119333157	True
16	2042-04-01	GARW	tropics	0.005927414445331739	4.7662136345340006e-05	0.14430198260699972	0.041076458813977625	0.9484260183677926	0.6476689532370639	31	1804.0	1804.0097936431685	0.5892254478323538	0.5884821795058444	0.8690476190476191	0.7771003637833203	True
17	2042-04-01	GARW	tropics	0.016198265741613038	0.00027671650424869395	0.7272355808707769	0.022273753055670857	0.9234388528411802	-14.11640499949222	8	156.0	155.62914976748192	0.20947191377326033	0.19409153618500835	0.2765957446808511	0.2811376215474343	True
13	2042-10-01	GARW	tropics	0.0060199003944461935	3.7490019150814725e-05	0.31751206301245616	0.018959595857024274	0.8136706884310894	-14.03107152900412	5	107.0	106.81011549472258	0.21368636425330415	0.19600102792701074	0.29357798165137616	0.24919346225141262	True
14	2042-10-01	GARW	tropics	0.0022310320660141898	5.998237476400755e-06	0.1935925687388085	0.011524368319241926	0.316513698290595	-8.948345907761587	8	116.0	115.6589186666914	0.14569805128304278	0.14152791250551283	0.19101123595505617	0.1910527997320559	True
15	2042-10-01	GARW	tropics	0.0013741333931230123	2.571866286890446e-06	0.19059391088418687	0.007209744460084012	0.5790781242338123	-2.8110524174301115	4	55.0	54.96101277530923	0.13511144496269548	0.10081517994645581	0.1619047619047619	0.1185637786349923	True
16	2042-10-01	GARW	tropics	0.002389517776274851	1.4753855277814123e-05	0.08118000077472719	0.029434808493112894	0.9583455641546378	0.9096349882291589	38	2022.0	2021.9136214147713	0.5797046710658021	0.5755395769285829	0.8690476190476191	0.7981302742381715	True
17	2042-10-01	GARW	tropics	0.0030546757517102715	1.620040629300978e-05	0.0899514273959085	0.03395916929995505	0.9268068941862253	0.8392122265573041	34	1041.0	1040.9396836105248	0.4431458329934168	0.44161087693509654	0.7454545454545455	0.6018132653314864	True
18	2042-10-01	GARW	tropics	0.001727299788675299	5.241118984812995e-06	0.11084599199858315	0.015582879971856605	0.687836112918838	-1.708410167931261	14	383.0	382.96850303101974	0.40219984161212297	0.38492898259552993	0.7222222222222222	0.6246891519659531	True
16	2043-04-01	GARW	tropics	0.0010456646803188236	1.6831827192859057e-06	0.049847169930762325	0.020977413196601753	0.6418561023905925	0.2386084335721973	12	272.0	271.8389017854283	0.3312549053583483	0.33071335815700864	0.5443037974683544	0.543650760521927	True
17	2043-04-01	GARW	tropics	0.0021463240757810167	7.518298279499419e-06	0.10044963474474283	0.021367166553020716	0.9378647600895811	0.8706466304324804	32	971.0	971.0279648911635	0.4612036943197753	0.45909487915407843	0.7454545454545455	0.6033322057836001	True
18	2043-04-01	GARW	tropics	0.0016853741670135917	4.397567820979172e-06	0.09457955389561762	0.017819645976271455	0.9836214474409188	0.9537414505331322	40	1611.0	1610.8079760624	0.6791960343813269	0.6741362157638215	0.9629629629629629	0.9123192092907535	True
17	2043-10-01	GARW	tropics	0.004328970611322535	2.0732743421996246e-05	0.23155832399908782	0.01869494707233927	0.578021794185919	-6.214597764130612	6	90.0	90.01462672674285	0.21224681879807106	0.2091439786918644	0.25806451612903225	0.2720649039830118	True
18	2043-10-01	GARW	tropics	0.0014073436721482155	4.22585337027666e-06	0.08381711043633275	0.016790648888060034	0.9712605206960132	0.917044819980543	34	1329.0	1328.6318925497364	0.8036063021177657	0.7989692003067573	0.9629629629629629	0.90814987584935	True
19	2043-10-01	GARW	tropics	0.0021422720472971694	5.079075896005498e-06	0.6370513852950426	0.00336279316982413	0.9896689191816027	-0.3225964495386553	3	30.0	30.2992034361691	0.683982683982684	0.6724545641704035	0.9090909090909091	0.8329941450802165	True
18	2044-04-01	GARW	tropics	0.0016137208578412747	3.7187762215582577e-06	0.09749270485538021	0.01655222162760848	0.08177764027936169	-0.19483346659108203	8	119.0	118.57009954931739	0.6746472277722277	0.6562095637507505	0.8	0.7983017341394338	True
19	2044-04-01	GARW	tropics	0.0015226786521055336	3.3108361960428376e-06	0.4505477367943349	0.0033796166926493803	-0.1468430957835739	-0.15097688257372233	14	178.0	177.791938715502	0.9061268505071026	0.8447743712710937	1.0	0.8854355319180971	True
19	2044-10-01	GARW	tropics	0.008983623583830742	8.509118207304604e-05	2.019558356170222	0.004448310966793149	-0.6595697386082249	-21.23784651724335	18	228.0	226.9644457898181	0.8612883666805236	0.7920314020646146	1.0	0.9008489180638786	True
20	2044-10-01	GARW	tropics	0.01127047899542349	0.00012702369678628208	1.297956443433026	0.00868324900457651			1	10.0	10.025571743504491	0.625	0.4170992505750606	0.625	0.4170992505750606	True
19	2045-04-01	GARW	tropics	0.0026263721822891916	8.257260309751574e-06	0.5437479943816064	0.004830127576426487	0.1438233744969214	-4.954343706468229	8	98.0	97.49850024447682	0.7591370639164757	0.6287757169615147	0.9333333333333333	0.8042336812495825	True
20	2045-04-01	GARW	tropics	0.004626686791636785	2.4174760153459925e-05	0.6494525950975252	0.007123979219671942	0.7201849007872466	-6.519006158105001	20	297.0	296.6723776694337	0.5957428224421434	0.5721633356615456	0.7272727272727273	0.6121098116585185	True
21	2045-04-01	GARW	tropics	0.001098675942606103	1.9226858474939645e-06	0.049647181159011976	0.022129674171978055	0.5297651398841432	-1.466604781773838	4	46.0	45.931206032924955	0.35605400696864115	0.3129688663834848	0.4166666666666667	0.35307401116445764	True
20	2045-10-01	GARW	tropics	0.0031439576356691347	1.45793850656106e-05	0.14369056763602397	0.02188005578510171	0.8711639382561984	0.5157402820542678	32	495.0	494.1426033086698	0.47685525279873825	0.44738910872228477	0.7272727272727273	0.6091731702142051	True
21	2045-10-01	GARW	tropics	0.01196555982545962	0.0007817001917169151	0.08635339891011812	0.13856501280180186	0.5468465454821613	0.14632085119786808	31	824.0	823.9999683617243	0.34318240954337903	0.3305432555055568	0.532258064516129	0.4279736293534648	True
22	2045-10-01	GARW	tropics	0.0031533876706267136	1.7936081502440863e-05	0.1187744807521501	0.02654937029114	0.7455432848599294	0.41496338006212863	20	1620.0	1620.0464181505524	0.5752151343629264	0.5627842475616374	0.8579234972677595	0.9640785696328252	True
20	2046-04-01	GARW	tropics	0.06684491641396519	0.006366394497195963	6.5548976807302575	0.0101977055432112	0.4160657810397441	-1701.6344507427323	11	177.0	176.4889111774133	0.2612657641293307	0.23615266467199056	0.46153846153846156	0.37913818881003586	True
21	2046-04-01	GARW	tropics	0.056237031957503056	0.005327971410965613	1.579006212758337	0.03561545958661151	-0.35553427473388277	-30.889809236072317	29	805.0	804.9952042670209	0.2874716640660666	0.2898986312142967	0.532258064516129	0.4540150347792239	True
22	2046-04-01	GARW	tropics	0.03455410982099883	0.003197886346615098	0.85860825730647	0.040244325077187275	-0.466774433058435	-7.6977547618167605	43	3329.0	3328.631508251187	0.7725698538532934	0.77413554546626	1.0	0.9828956245628812	True
21	2046-10-01	GARW	tropics	0.00306763322691821	1.428332990206555e-05	0.1038430883760727	0.02954104384693019	-0.8628801967807794	-2.1147771286449104	3	36.0	35.86763936030965	0.07358850838083933	0.07450052552133575	0.07741935483870968	0.08375950153421925	True
22	2046-10-01	GARW	tropics	0.0015519447689091531	4.446410021908347e-06	0.0694690321076768	0.022340094885785127	0.8889230710545173	0.778582099777068	21	1376.0	1375.8879905408783	0.9497583063184956	0.9501844362028978	1.0	0.9863565752366907	True
23	2050-04-01	GARW	tropics	0.19154336013199275	0.062058015910841036	20.77816671982853	0.009218491829175843	0.2161695457698385	-3563.8378240266065	50	1133.0	1133.010294715974	0.9934866762866763	0.9930607096700014	1.0	1.0	False
23	2050-10-01	GARW	tropics	0.0009045244473223448	1.5203050461331857e-06	0.11857838044164394	0.007628072199615588	0.8183480825483902	0.6538000180623693	35	674.0	673.8942684141579	0.9702872763549455	0.9593097074026768	1.0	0.9982941922886539	True
23	2051-04-01	GARW	tropics	0.001568507363105838	4.463750602030353e-06	0.17460583767628324	0.008983132431195275	-0.4693144052212028	-3.6238146692527655	10	129.0	129.05320436412376	0.9390984015984015	0.8796414584507195	1.0	0.9665732711782757	True
24	2051-04-01	GARW	tropics	0.0018541177210841986	4.4964125450818e-06	0.20024530431006574	0.009259231957885155	0.27031869075834064	-0.4155543253027314	7	90.0	89.7112635916565	0.4947113534613535	0.46830824267149834	0.5769230769230769	0.5010870661968497	True
25	2051-04-01	GARW	tropics	0.00293920458345066	1.012263118003867e-05	0.1453179465301081	0.020226026128449957	-0.7128583851906469	-5.841997014009992	3	45.0	44.94496453559131	0.4868476430976431	0.44646275563780174	0.53125	0.4740278698429944	True
24	2051-10-01	GARW	tropics	0.0011579456270515854	2.2229915939353916e-06	0.0810709706242921	0.014283110441811075	0.9745703884666944	0.943637941501364	29	414.0	413.3570962445829	0.35229349131434234	0.33491745712762594	0.5769230769230769	0.47141085856913106	True
25	2051-10-01	GARW	tropics	0.0013206460579645502	2.898837759547243e-06	0.06965102889148846	0.018960898051083013	0.9845308726316201	0.9430654107985055	30	986.0	985.9900493629134	0.6747806578390669	0.6640461185705339	0.9090909090909091	0.8056451437069273	True
24	2052-04-01	GARW	tropics	0.0009741027574023168	1.4755937967874368e-06	0.08315769363135232	0.011713922246576811	0.9704876387877828	0.9276532877970939	19	284.0	283.3661774944161	0.2930511278452037	0.2745944345040808	0.4857142857142857	0.3834281824304565	True
25	2052-04-01	GARW	tropics	0.0010179094090295767	1.7819809491111524e-06	0.07355905197447155	0.013837989774295067	0.9874425521853791	0.9736666538715412	44	1402.0	1402.2705791699693	0.777823253691448	0.7761723464431989	0.9523809523809523	0.8685584547821537	True
25	2052-10-01	GARW	tropics	0.003728864572291945	2.2279824421197967e-05	0.26065095720398573	0.014305969225249118	0.5969452911383095	-1.8611492016357616	19	449.0	449.34669816745566	0.8452638512869198	0.8385217718286271	0.9523809523809523	0.8871377898189784	True
26	2052-10-01	GARW	tropics	0.19188336761395072	0.04591990393426441	15.844843434797067	0.01211014601712966	-0.3434547133063741	-15709.725026363096	7	101.0	100.775730975371	0.7993319550042238	0.7559665628388486	0.9259259259259259	0.7963485697264351	True
26	2053-04-01	GARW	tropics	0.008972304001704852	0.0003363309934690094	0.11170204713500541	0.080323541348	0.6500038633885867	0.16725255417644214	33	632.0	631.1916680107936	0.46177531276689865	0.45032320272326654	0.9259259259259259	0.7705925490514002	True
27	2053-04-01	GARW	tropics	0.005518269470618834	7.430631823910117e-05	0.2037823553001131	0.0270792309888263	0.8406471056802743	0.06614874368779422	21	1841.0	1840.9236322281279	0.739022204691222	0.7163876355014217	0.9239766081871345	0.9559660172483346	True
26	2053-10-01	GARW	tropics	0.002110056963762927	6.402800004083352e-06	0.07105934634788125	0.02969429177455193	0.9751292371453443	0.9433503471085912	25	499.0	498.877263597551	0.30136684597880836	0.2991600270701565	0.7428571428571429	0.7079922259934035	True
27	2053-10-01	GARW	tropics	0.002186661848987412	6.443208877459973e-06	0.0648031121963317	0.03374316101304764	0.9949277682201026	0.9819562255517144	42	3180.0	3179.745240936384	0.810961659588783	0.7958651263613894	0.9606299212598425	0.9752624494638981	True
28	2053-10-01	GARW	tropics	0.004080826330485908	1.74941539565327e-05	0.3190190300373418	0.012791795931447223	-1.0	-95.75830459028536	2	26.0	25.904719867015235	0.5198863636363636	0.468406208958555	0.7272727272727273	0.6042725091163864	True
27	2054-04-01	GARW	tropics	0.1322998123777745	0.01950126550103759	5.7262996484888395	0.02310389265303086	0.1353092615251465	-1252.7475757120278	19	1068.0	1067.9034888377716	0.8781812065122498	0.8455653064238953	0.9606299212598425	0.9698653530770901	False
28	2054-04-01	GARW	tropics	0.23869020325261356	0.0705752977921788	21.87263126109997	0.010912733836331765	0.33276338223851626	-4124.562819128229	28	655.0	654.9213871103809	0.9162769280922199	0.8771579367098749	1.0	0.9995987739694108	False
28	2054-10-01	GARW	tropics	0.0038998022119009225	6.902116345548784e-05	0.05360049268188835	0.07275683518518607	0.9213805849009136	0.7003674904782452	47	1140.0	1140.0321179621872	0.6703511423487702	0.6625230150722374	1.0	1.0	True
29	2054-10-01	GARW	tropics	0.0025798296842466212	1.1438713791736424e-05	0.0956080434339313	0.026983395869086886	0.9790013387840377	0.8808577087142178	24	2096.0	2096.002850485126	0.7045308181710311	0.6923217986212652	0.959731543624161	1.0	True
