variant	pivot_date	model	location	mae	mse	normalized_mae	max_r_data	correlation	r2	n_points	total_sequences	total_smoothed_sequences	mean_variant_frequency	mean_smoothed_variant_frequency	max_variant_frequency	max_smoothed_variant_frequency	converged
0	2025-10-01	FGA	north	0.025061001804061876	0.0008262977422975507	0.8864645018038295	0.028270733631257983	0.4749197637795428	-2.410865660025398	14	243.0	242.80651266996549	0.9965986394557823	0.9794834129675191	1.0	0.996538170717821	False
0	2026-04-01	FGA	north	0.18645500748539362	0.06054194279526518	4.434428693225384	0.042047131746699815	-0.3740520713216818	-114.43945302666182	10	161.0	160.82237361460687	0.5253981490805456	0.5244216471807875	1.0	0.9982670800176981	False
1	2026-04-01	FGA	north	0.18887918887820618	0.03637025414240211	3.475248725299008	0.05434983329486874	0.9368876259729091	-25.567132451877843	15	1371.0	1370.9856320161068	0.3629675066237347	0.3718797887847865	0.4247787610619469	0.4432848753731566	False
2	2026-04-01	FGA	north	0.08377766884089632	0.008132529979978213	1.3470115330635102	0.06219521272424495	0.6423519783170324	-4.921091875907345	16	2110.0	2109.9818892007224	0.5428521852071444	0.530294446593503	0.6	0.5874232741308202	False
3	2026-04-01	FGA	north	0.029682521321779683	0.0012927249885265602	0.5054360490008504	0.05872656170935236	0.05568106898198025	-0.5095980095149311	9	170.0	170.25925230710592	0.06130972689376693	0.0611837332294133	0.09333333333333334	0.09146026402983547	False
0	2026-10-01	FGA	north	0.21891346438376752	0.04873666887354182	2.974374012238378	0.07359984436490663	0.9888845399335762	-51.77788892364018	4	61.0	61.00820664659493	0.056305107214638314	0.03684029611250775	0.06914893617021277	0.0625524826757701	False
1	2026-10-01	FGA	north	0.1488316893291225	0.02280467979389571	2.3669223640884804	0.06287983568334685	0.9280953800073755	-11.78552050914481	18	1454.0	1453.8981328578511	0.35309111372047364	0.35374800818295826	0.4247787610619469	0.39458217347513314	False
2	2026-10-01	FGA	north	0.2533851643433479	0.06546070952966734	3.4396550171862494	0.07366586563981212	0.9554777267019797	-27.469998802563154	21	2314.0	2313.994222076066	0.5523807508667984	0.5421526846338786	0.6590909090909091	0.5948498423791669	False
3	2026-10-01	FGA	north	0.09332197119135793	0.00928241220050644	1.4458591984156521	0.0645443009206004	0.9921205617433704	-7.4925664306108395	11	200.0	199.7698506652234	0.07917146669029074	0.07562479522462662	0.18309859154929578	0.14721633350992214	False
1	2027-04-01	FGA	north	0.01110540242649452	0.0001233299630543904	0.22704777450397948	0.04891218357350548			1	22.0	21.83106201974508	0.30985915492957744	0.2677846618306034	0.30985915492957744	0.2677846618306034	True
2	2027-04-01	FGA	north	0.009948012772082735	0.00012735212655230472	0.12799304511429668	0.0777230728685238	0.9975918291738934	-1.028577247112596	3	82.0	81.92092706786215	0.5775999430929007	0.5304952231614891	0.6590909090909091	0.6077783526549122	True
3	2027-04-01	FGA	north	0.023061562388939437	0.000531835659818946	1.0206866589637074	0.022594164611060563			1	13.0	12.595098885712071	0.18309859154929578	0.12069384963265102	0.18309859154929578	0.12069384963265102	True
3	2028-04-01	FGA	north	0.025134036525087607	0.0011871603939431952	0.6028183331470566	0.04169421390002118	0.10552828665516398	-1.4160544573878497	9	168.0	168.04245966173485	0.07820850236206506	0.0795254553961218	0.13333333333333333	0.15503605314613886	True
4	2028-04-01	FGA	north	0.005996641311094606	4.678607398739951e-05	0.08545003126412919	0.07017716930446483	0.9976552864350723	0.9546844379907959	13	2398.0	2398.0706279449923	0.864926514273628	0.8645918067132787	0.9518987341772152	0.9615814771559863	True
3	2028-10-01	FGA	north	0.18044635488822783	0.0328554035631155	4.332998495375893	0.04164468440983704	0.9909375316400089	-40.3314707805301	12	207.0	206.93049741358516	0.07816731127364808	0.0515398392320087	0.13333333333333333	0.09029230145876674	False
4	2028-10-01	FGA	north	0.06184009826502789	0.004962839891649481	0.8200607728442408	0.0754091651653402	0.9508839616392784	-0.7942939791078625	22	3299.0	3299.035835891832	0.897026651475512	0.9006585455453469	1.0	0.9609993700539068	False
3	2029-04-01	FGA	north	0.292166268669504	0.08544500249080311	5.900341496779811	0.049516840479310834	-1.0	-6822.212740337042	2	25.0	25.004371493643823	0.09250420350382382	0.05546668106150866	0.10679611650485436	0.05554308379881756	False
4	2029-04-01	FGA	north	0.07479082887532094	0.005672022038472645	1.1723064116596922	0.06379802083436178	-0.8400856366820733	-118.44621008037316	7	439.0	438.93638449310555	0.9406663505602341	0.93786409874063	1.0	0.9444334902193786	False
5	2029-04-01	FGA	north	0.06157173587174265	0.004357798289617524	0.8209605997982785	0.07499962347385696	-0.36537377041111896	-8.102637489433391	17	1093.0	1092.9805759334104	0.9994747899159665	0.9956886128174416	1.0	1.0	False
5	2029-10-01	FGA	north	0.18744179030898725	0.03589639855507281	2.499346246959836	0.07499632775450316	0.8101288280667619	-35.7187899922015	25	1402.0	1402.0639145855996	0.9996428571428573	0.9913433923291511	1.0	0.9997868415895211	False
5	2030-04-01	FGA	north	0.020509368690322327	0.0005526494691827387	0.49251778885411396	0.04164188411963592	-0.9792292988646395	-7.057639623188809	7	239.0	238.8905739974011	1.0	0.9974333982466721	1.0	1.0	False
6	2031-04-01	FGA	north	0.1459096457373922	0.025120664934587193	2.6068819798363387	0.055970944164703794	0.8138350226914135	-26.340407507581958	28	2716.0	2716.00578239199	0.8026879984595091	0.807649640113893	1.0	0.9908147405933063	False
7	2031-04-01	FGA	north	0.19525494703344157	0.03923286666010106	2.9572268756888014	0.0660263670124946	-0.238574430510611	-37.34313370195614	16	792.0	792.0019510220145	0.2917467370474888	0.3035667051359009	0.6290322580645161	0.6012241885659889	False
6	2031-10-01	FGA	north	0.0016361313792767512	3.662295977944967e-06	0.028654419362166728	0.05709874482527409	0.9992830795998158	0.9969544799278361	24	2678.0	2677.963375301055	0.7580308964487227	0.7505728158243264	0.9767441860465116	0.9658778395010188	True
7	2031-10-01	FGA	north	0.01338677563854635	0.000708234503431276	0.08643684343602041	0.15487349035894735	0.9637681860890178	0.7747001517367669	20	889.0	889.0375914224095	0.37082367971212216	0.377983974759736	0.8125	0.7551678548405041	True
8	2032-04-01	FGA	north	0.06579842455025664	0.0044620794019086096	2.158414489304165	0.03048461028978216	-0.17462375945239053	-45.020877389172846	10	290.0	289.7754827877377	0.8923459976555952	0.8854242912443686	0.9642857142857143	0.9033806126986479	False
8	2032-10-01	FGA	north	0.04025790451619735	0.0019068909477664457	1.2588530277628465	0.03197982896203629	0.9223374874015875	-3.3104894576316157	21	522.0	521.8154185676229	0.7707197389980445	0.7422762480956017	0.9642857142857143	0.930961061826201	False
9	2032-10-01	FGA	north	0.13855437793779374	0.024688486037255347	8.717563803621418	0.015893703913040014	-0.11521654865606165	-223.1019527315581	8	92.0	91.51511554190435	0.5341165413533835	0.5263949531887935	1.0	1.0	False
8	2033-04-01	FGA	north	0.10993733172227421	0.012113301030552824	3.1878925461132477	0.03448589628791358	-0.09164362360097345	-491.28536690893947	8	144.0	144.0728545351894	0.6227998665141113	0.5422705746278161	0.8	0.7285102628061667	False
9	2033-04-01	FGA	north	0.1843053819980683	0.03527905151399675	3.9451956463661926	0.04671641117920901	0.5007962355375037	-45.36339626413535	31	3268.0	3267.8286551581477	0.8943061158840654	0.9008566137849955	1.0	0.9994294731865123	False
9	2033-10-01	FGA	north	0.23267736603221043	0.054900543083985724	4.050066025498055	0.057450264901199234	0.7821981794566949	-43.64145265412081	26	3220.0	3220.0036101187807	0.9902510752903713	0.9900163148122684	1.0	0.9952089424917173	False
10	2036-04-01	FGA	north	0.11262134004547451	0.016286195286439504	2.650115280083461	0.04249677019406027	0.9353567847533641	-18.528787315935965	12	247.0	246.97875627590318	0.086664232344207	0.08390658343972941	0.16455696202531644	0.12348819722642254	False
11	2036-04-01	FGA	north	0.16295423051180755	0.028153000395002264	2.898144717463224	0.05622708539359727	-0.6388284145112547	-18.872612917512384	20	2542.0	2541.9022633517266	0.7183633087644496	0.6991998146798178	0.9333333333333333	0.8104261294506226	False
12	2036-04-01	FGA	north	0.1893157059858612	0.0373912960872753	2.388217065783811	0.07927072823413057	-0.666430211575602	-26.88991317293434	14	838.0	838.1110292840777	0.26274465914856054	0.26714236089398996	0.5217391304347826	0.519524097252713	False
10	2036-10-01	FGA	north	0.226128112140354	0.05136056387651311	5.069731012691184	0.0446035719793184	0.9837137548157924	-59.88846190860559	12	247.0	246.97669903360497	0.086664232344207	0.08351836053880023	0.16455696202531644	0.13417678597844376	False
11	2036-10-01	FGA	north	0.19596203166183992	0.039510239530355026	3.168942043563769	0.06183831353427419	0.8947605461093551	-21.646196418999757	22	2583.0	2582.8965912580716	0.6902906284704281	0.6691837815176627	0.9333333333333333	0.8254466173677039	False
12	2036-10-01	FGA	north	0.22672633456618652	0.052913202413275996	1.9542176834398586	0.11601897602681481	0.9316722477710635	-18.760315072654418	19	939.0	939.055983520272	0.3639345623020544	0.37880821349056215	0.7647058823529411	0.7279929140498781	False
14	2038-04-01	FGA	north	0.006742420427533845	4.7788229516953725e-05	0.2048376286993463	0.03291592697272502	0.9004814512537755	-9.668343749742267	8	186.0	185.95631933275553	0.48781180338873764	0.4651359527121137	0.5555555555555556	0.5389549161308308	True
15	2038-04-01	FGA	north	0.014380762733646957	0.00034157867205832527	0.2991375559236277	0.04807407979664876	0.9779992170202971	0.15041437155069526	8	188.0	187.90185237443688	0.5100330241974693	0.514940932784298	0.5789473684210527	0.5663406772117332	True
14	2038-10-01	FGA	north	0.04470305032309848	0.002443753612641675	0.9117889451224446	0.049027848563238816	0.9814900004433224	-2.1314384771534742	17	405.0	404.9364415071951	0.4635352846692868	0.45671896409984075	0.5555555555555556	0.503695471734504	False
15	2038-10-01	FGA	north	0.014595707075771017	0.0003260549483890668	0.41998173389271876	0.03475319495561534	0.9870722569031841	0.35411599234777424	20	510.0	509.9964884505765	0.5761443350769851	0.5576436161170866	0.8461538461538461	0.6454471851351671	False
14	2039-04-01	FGA	north	0.13284440843981984	0.025524300712064924	3.720816781594894	0.035703023351468896	-0.6911508875345388	-63.55409666294493	12	203.0	202.23800144164568	0.3351617036845891	0.3086789246230034	0.5151515151515151	0.4918895709518011	False
15	2039-04-01	FGA	north	0.18652765100899973	0.035090065711007416	5.421922088375877	0.03440249564059553	0.6832147650101409	-64.63823417990668	22	736.0	736.1042994507695	0.7301299334194763	0.7093751002785071	0.9047619047619048	0.8572689793264536	False
14	2039-10-01	FGA	north	0.0015642492624267437	3.598609525572284e-06	0.07475679052144457	0.020924510690142943	0.9995325789198962	0.9713191591097595	6	77.0	76.75474878435956	0.22645386960018396	0.17648088446333898	0.3235294117647059	0.21397219917510682	True
15	2039-10-01	FGA	north	0.0007401584308218054	8.722908450162061e-07	0.01902340471040587	0.038907779237695346	0.9993631598891912	0.9986307101008395	23	902.0	901.8159460207526	0.8396499284380543	0.84150184522096	1.0	0.925883427944144	True
15	2040-04-01	FGA	north	0.11014800800200568	0.012168516146486718	2.987382460280901	0.0368710767591668	-0.8046607380651483	-632.1016059445274	7	185.0	184.76716900778433	0.8968443836864891	0.868282943007239	1.0	0.9066399917792684	False
16	2041-04-01	FGA	north	0.13999789363698498	0.020822781372104734	3.5546265424709507	0.039384698213519594	0.13346132069030775	-54.09580956737527	20	1060.0	1060.0110799532117	0.7412820142776858	0.7162471372368743	1.0	0.8286976884664989	False
17	2041-04-01	FGA	north	0.025635380778730576	0.0008890180170249561	0.5613459481577007	0.045667704314717436		-1.4440184337542434	12	412.0	411.99993968139586	0.2913685589803376	0.3004381955069596	0.37962962962962965	0.35436067709502417	False
16	2041-10-01	FGA	north	0.005754297223383664	4.2407545536965315e-05	0.1328307961898738	0.043320505398147545	0.9892039063940924	0.953313315339377	23	1254.0	1254.0100641468916	0.6541217529788385	0.6446417830347496	0.8333333333333334	0.7399144450351343	True
17	2041-10-01	FGA	north	0.004626592100217621	2.831748830509877e-05	0.0932344070606638	0.049623226511295214	0.9890842372369344	0.9647140514785822	18	576.0	576.1251359711661	0.34182468931540544	0.33862436626770864	0.6296296296296297	0.44830109465484996	True
16	2042-04-01	FGA	north	0.09440505640982143	0.008926473495892156	2.080353286116467	0.045379338711288596	0.6322529776760233	-402.8051203544523	6	123.0	122.55724763041087	0.5526721638736011	0.5189967141792762	0.7857142857142857	0.5994151492497555	False
17	2042-04-01	FGA	north	0.300052455449476	0.09024037440484375	7.082188299706191	0.04236719538534776	-0.8832057207398528	-506.4869683205275	4	92.0	91.81315289491586	0.4925719079902492	0.48739439201871637	0.6296296296296297	0.5087520001953236	False
18	2043-04-01	FGA	north	0.008945543518855955	9.72867280309844e-05	0.17350367149535664	0.05155823759669177	0.9955122527511677	0.9157134956537475	8	145.0	144.84162943078468	0.04902561534395308	0.055868628989355705	0.09565217391304348	0.08836561040652026	True
19	2043-04-01	FGA	north	0.0047623146873623946	3.140437129583265e-05	0.06872614230765821	0.06929407831511192	0.995647473718585	0.9896206789656351	23	4984.0	4983.9913978779505	0.8383600220826694	0.8271052331397523	0.9643410852713178	0.9405538669538442	True
20	2043-04-01	FGA	north	0.0197081609175116	0.00045717065546392214	0.7444144977811862	0.02647471398831439	0.8423235860490201	-2.249796980879242	11	189.0	188.95549846746022	0.27364306119524145	0.2900654814709842	0.6111111111111112	0.5851394149572008	True
18	2043-10-01	FGA	north	0.16085088304208783	0.027276809052823762	3.0525569002454427	0.05269381973818556	-0.8876249412771076	-21.981678773900992	8	145.0	144.7911336015011	0.04902561534395308	0.060319075031150665	0.09565217391304348	0.10167685317711143	False
19	2043-10-01	FGA	north	0.19761500560948783	0.04203771528672607	2.8141694833173165	0.07022143008122635	0.29263538166779	-12.269658290862106	23	4984.0	4983.973039801676	0.8383600220826694	0.8062040590412157	0.9643410852713178	0.9560408298284474	False
20	2043-10-01	FGA	north	0.2801848047440232	0.07874774745787363	6.611852088884662	0.0423761452884054	0.6523130730269051	-186.80745340402743	12	199.0	198.8259264797609	0.3265970485198804	0.35617502244069205	0.9090909090909091	0.7240558834519768	False
21	2044-04-01	FGA	north	0.0037478597846504983	1.8060414425649403e-05	0.05092010344149838	0.073602752770453	0.9980419015196814	0.9938909232048553	19	4653.0	4653.026811978697	0.9927555155146693	0.9742173515638917	1.0	0.9994926044215332	True
21	2044-10-01	FGA	north	0.033090398026057996	0.003421107482865475	0.453879889053858	0.0729056272905968	0.5425586054416409	-0.06580442481438276	21	4691.0	4690.978186404026	0.9934454664180341	0.9834818252747969	1.0	1.0	True
22	2047-04-01	FGA	north	0.16233650477329845	0.026464941267732245	4.816752168194536	0.0337024823168652	-0.36595887469642074	-264.2217411171816	9	143.0	142.41225042016066	0.27311068714209186	0.24925830874866348	0.6363636363636364	0.3976446864468099	False
23	2047-04-01	FGA	north	0.09759364338748898	0.009902107836005144	2.1677547080151127	0.04502061189240817	-0.9528333536883477	-50.795314618202454	11	519.0	518.9294139391915	0.7531535719241155	0.724207007802753	0.8425925925925926	0.8239027488623852	False
22	2047-10-01	FGA	north	0.006615033215149224	6.020534636086449e-05	0.13759688317246635	0.04807545827079401	0.9938904041514796	0.8939777096213517	11	177.0	176.79835958159782	0.25695779786387535	0.2538232670405724	0.6363636363636364	0.34686552348834965	True
23	2047-10-01	FGA	north	0.002786753816439057	2.1404775172439886e-05	0.07238175253385212	0.03850077842665835	0.9915623406887722	0.973950052357452	24	1050.0	1049.9255044669865	0.8346185376951464	0.8232434182998708	1.0	0.9411123836369731	True
23	2048-04-01	FGA	north	0.18515134134973246	0.039735665965745966	4.9290196010148515	0.03756352304048681	-0.030709428879804917	-66.86973762448106	23	772.0	772.0316238785308	0.959487862902943	0.9531418049385322	1.0	0.9987451724993843	False
23	2048-10-01	FGA	north	0.03704103467367151	0.0017089077253479939	1.0098594224386774	0.03667939700381494	0.5777396243164985	-3.0306298162402214	18	569.0	568.9550435178772	0.9739420846038492	0.9726702002146117	1.0	0.9989665313700727	False
24	2048-10-01	FGA	north	0.06588183346909457	0.004340416723059978	2.232800533531972	0.029506367666832695	1.0	-948.1618088632276	2	26.0	25.962703185291858	1.0	1.0	1.0	1.0	False
23	2049-04-01	FGA	north	0.2743721590946192	0.07551486673633687	7.16041556748765	0.038317909974446805	-0.9401926384196504	-1071.782266961303	5	118.0	118.22406339749779	0.9154863763687293	0.9384266262748102	0.9642857142857143	1.0	False
24	2049-04-01	FGA	north	0.15858914068077265	0.027676829457534156	2.835672534987986	0.055926464965195474	-0.9854633808848106	-18.10810601283391	28	4050.0	4049.9938334446806	0.9931297544678191	0.9815050922346317	1.0	1.0	False
24	2049-10-01	FGA	north	0.10545154126002455	0.013660999969373906	1.8937090366562301	0.05568518669912618	-0.7210247089862459	-7.579717556660405	25	3994.0	3994.0058679960257	0.9923053250039575	0.994367890606867	1.0	0.9965059818330475	False
26	2051-04-01	FGA	north	0.005806160878752879	5.871057524378488e-05	0.12145605543959105	0.04780462248455538	0.9113853122881196	0.6341989980516196	8	253.0	252.95856609516935	0.8289357956142451	0.7859803222074426	0.8936170212765957	0.8572100853383922	True
26	2051-10-01	FGA	north	0.16900409194838353	0.028660988165620502	3.7835057645099863	0.04466864925479287	0.9478665969680825	-52.30680150272605	21	699.0	698.9552161993072	0.728675704729419	0.6904301426106249	0.896551724137931	0.7845553620925059	False
27	2051-10-01	FGA	north	0.17223710591069422	0.04120942474355972	7.028268356559083	0.024506336009488754	-0.8388156104792093	-469.41904996892475	22	469.0	469.0344079076169	0.6796546439239178	0.656427607835433	1.0	0.9512214643269509	False
26	2052-04-01	FGA	north	0.1863375661806281	0.035258009722929584	6.266730681337583	0.029734414267321898	-0.9006659155253806	-1154.8427957286567	11	304.0	304.05241869771487	0.5935119638334613	0.5289299320227592	0.896551724137931	0.7983204422694019	False
27	2052-04-01	FGA	north	0.11006866136012436	0.029357052411997146	1.3222977655073032	0.08324045024601265	-0.1663264322574212	-27.14302706586559	41	2514.0	2514.069829907264	0.5670324286707306	0.5661403002151582	1.0	0.8253130055257982	False
28	2052-04-01	FGA	north	0.058573825832780195	0.004129739776836525	0.9144138472762685	0.06405614482682205	-0.9724947008394629	-1.0804170567979998	23	3584.0	3583.9813646074385	0.6508695778323618	0.6384005630985611	0.9743589743589743	0.9842092066848586	False
27	2052-10-01	FGA	north	0.25176886398275994	0.06635258851382562	3.1279524117616666	0.08048999180296461	-0.8794514057022007	-40.06308346883449	17	1918.0	1918.0237593395784	0.38832487165111923	0.38759778845295095	0.8421052631578947	0.8085171302562592	False
28	2052-10-01	FGA	north	0.1235280105873881	0.019696529370603528	1.0627112975226651	0.11623854086744904	-0.8883770317264749	-5.469118569921862	22	3574.0	3573.9908198132334	0.6749113213923695	0.6860669886642428	0.9743589743589743	0.9658750176978734	False
0	2026-04-01	FGA	south	0.08162962967888468	0.006680312637921177	3.4035190468242185	0.02398389095399724	0.9926259681046643	-39.122270822038296	10	140.0	139.3618449432585	0.4224954847839518	0.4021407738348553	0.7333333333333333	0.6407971854212826	False
1	2026-04-01	FGA	south	0.06501817466347856	0.004250858525584495	2.3705527421475336	0.027427432221810526	0.9910006442077094	-16.233137120017375	17	325.0	325.0090368048753	0.573954740304472	0.5601090712507365	0.7857142857142857	0.6552472770856377	False
2	2026-04-01	FGA	south	0.1578520740921703	0.024938150706209142	9.78198830083924	0.016137013175391703	0.9855128929677078	-277.8830939954826	5	62.0	61.533001523473615	0.2879323931414907	0.21769963726322022	0.4074074074074074	0.24716787785324834	False
0	2026-10-01	FGA	south	0.23587380283450357	0.05571004704769791	13.406838389715997	0.017593544128601986	-0.8441280738878938	-3483.578304103979	3	37.0	37.10107746561756	0.25142700758464304	0.2598020652231606	0.32653061224489793	0.2841713589091454	False
1	2026-10-01	FGA	south	0.06545377398512983	0.006978794373712394	1.3451538780973706	0.048658949025006545	0.14557999070506406	-9.263118786036294	34	1243.0	1242.9393140155871	0.37796725035756906	0.3801400300551924	0.7857142857142857	0.6519993575279233	False
2	2026-10-01	FGA	south	0.1802924734465992	0.03718409579622303	1.8851728917191664	0.09563710269681584	0.8071147020075593	-24.164601136975353	29	1634.0	1634.0701064411905	0.3510633699378125	0.3306202793658352	0.5423728813559322	0.42544496236982376	False
3	2026-10-01	FGA	south	0.07555002833074978	0.007217647859704361	1.3527848296531966	0.05584777909589508	-0.09167772705013391	-3.9483698769088305	20	2124.0	2123.9022224474465	0.45824842850298786	0.4516679340890756	0.7321428571428571	0.7512389190225868	False
1	2027-04-01	FGA	south	0.21147118971427725	0.04569412977722945	3.6121895252270435	0.05854376915646066	0.43294732686044035	-39.94432880390053	22	1001.0	1000.9523333804287	0.2588968106121362	0.2554071480566917	0.5263157894736842	0.4102541075580383	False
2	2027-04-01	FGA	south	0.1446437849335147	0.02205582076136508	2.6799884046478555	0.053971795058016525	0.46864669158600225	-15.54275001537967	23	1562.0	1561.978038114593	0.35903629872072995	0.3588085176056768	0.5423728813559322	0.4964033554939887	False
3	2027-04-01	FGA	south	0.2506616949647173	0.06420118532208437	4.035946595061857	0.06210728736386452	0.7482391211325893	-31.99144883786048	22	2158.0	2157.8442151766985	0.49173084626848396	0.4812521384654211	0.8636363636363636	0.7146175395316041	False
4	2028-10-01	FGA	south	0.04123981125590749	0.002762938855373927	0.6169820451487444	0.06684118537998174	0.8578038256849606	-1.3182034287244866	25	3165.0	3165.0134949755607	0.7884160505523983	0.7713151827586902	1.0	1.0	True
5	2028-10-01	FGA	south	0.034699979432725486	0.0023126524405665755	0.532370350587501	0.06518015023645114	0.8967600499925069	-2.2894762544808054	13	940.0	939.8835503309339	0.3723408294523669	0.37700416905498185	0.7701149425287356	0.7576186792904437	True
4	2029-04-01	FGA	south	0.17622592472115028	0.03185828521185945	3.354584056563397	0.052532868978601446	0.6226959664494255	-28.439744492049137	26	3182.0	3181.973125890709	0.7653573135653402	0.7576717873108684	1.0	0.9782749549515106	False
5	2029-04-01	FGA	south	0.2623792312742969	0.06926684784952215	4.31250338399681	0.060841513133173465	0.8079903883143768	-68.12940683971908	20	1205.0	1204.8306745961395	0.5581433881506129	0.5284153075040765	0.9642857142857143	0.9097706924178066	False
5	2029-10-01	FGA	south	0.24362457801035484	0.05971205304629727	5.333308671732121	0.04567981960272175	-0.1006844417648741	-191.95461328913237	5	124.0	123.924961905463	0.9233178053830228	0.8940060221920388	0.9642857142857143	0.9205637288809208	False
6	2030-10-01	FGA	south	0.10737947809397141	0.012563297917717736	1.85333539746318	0.0579385027885136	-0.8944853228787479	-20.692241136833175	16	1981.0	1980.9204170715934	0.9964386657708487	0.9896520611515431	1.0	0.9990771780670705	False
6	2031-04-01	FGA	south	0.0034655329309005475	1.4209307047724449e-05	0.05951193483390646	0.05823257033354068	0.9984599710211608	0.9914635506601313	24	2499.0	2498.761224737422	0.9913903663495668	0.9884538540596371	1.0	1.0	True
6	2031-10-01	FGA	south	0.27580965155175513	0.07617743132593316	5.0659913713426565	0.05444337175778813	-0.9857224469544248	-3333.560568375088	5	174.0	173.93046340726696	0.9700700280112045	0.9815945621149076	1.0	0.9938170248027014	False
7	2031-10-01	FGA	south	0.168083555064804	0.02843969800274417	5.154724395387831	0.03260767058956558	-0.9702797224337385	-271.9071301128678	9	247.0	247.1079834665723	0.5056471896723758	0.5121156877798757	0.7142857142857143	0.6842839068182025	False
8	2031-10-01	FGA	south	0.17086831731191565	0.02936942449652302	3.1359577878680396	0.05448680399109561	-0.9947933214975343	-301.2774596488161	7	273.0	272.89674042656304	0.5357398053471748	0.528297721271121	0.7142857142857143	0.6491359785121007	False
7	2032-04-01	FGA	south	0.15504986943575969	0.024323597463912626	4.925305186648107	0.031480256260278186	0.8180034435791622	-59.27219967451983	15	406.0	406.14996260684484	0.40168860307497145	0.40373134682241674	0.7142857142857143	0.6034132961514604	False
8	2032-04-01	FGA	south	0.127268299832742	0.017429218574391357	2.537154437905646	0.05016182615111069	-0.4715172412006314	-21.22007889359714	21	1039.0	1038.7205049932602	0.7345587466383762	0.7071419060191266	0.9375	0.9283622875678778	False
7	2032-10-01	FGA	south	0.27526153883998855	0.07578921878129945	10.832359734055487	0.025411041139503814	-0.6081263137393575	-4197.709303561063	3	64.0	63.8031434750191	0.21503459556481963	0.20737039272034133	0.2543859649122807	0.22283036292032607	False
8	2032-10-01	FGA	south	0.06639094304108611	0.006327632605997144	0.43542694728905645	0.15247320693960806	-0.2857914931735183	-3.072978572730733	25	842.0	841.8250093030356	0.5686442777631661	0.5828963702393763	0.9375	0.9065219768144971	False
9	2032-10-01	FGA	south	0.0237618354968269	0.001169078041105255	0.4080059081903957	0.05823894953437403	-0.4906005059901532	-1.2655981225974866	14	1763.0	1762.9594686671865	0.7582176839246835	0.700111415740608	0.9531914893617022	0.9997408836233856	False
8	2033-04-01	FGA	south	0.006468309212062656	5.479959366646301e-05	0.16242649808336437	0.039822992482069254	0.9807439041379477	0.8890061807494646	16	352.0	351.69084113885424	0.3017958365677461	0.3169236626927485	0.8461538461538461	0.5920150472748895	True
9	2033-04-01	FGA	south	0.0033970619801113387	1.6587220356851675e-05	0.062256293861034116	0.05456575985223466	0.9952208034116086	0.9894836386738654	22	2386.0	2385.9934555961013	0.8353876124812707	0.797657842582743	1.0	0.986291465381329	True
9	2033-10-01	FGA	south	0.2665016709807093	0.07113917333633944	4.94512624803615	0.05389178306348492	-0.9862186315859305	-3230.1976549064434	5	221.0	221.25196478541014	0.9775347459557986	0.973979507281198	1.0	0.9786166836156889	False
10	2035-10-01	FGA	south	0.002504925214481696	7.50049298529567e-06	0.06278699881504722	0.03989560357647447	0.9972572299565103	0.9817543610873816	16	1254.0	1253.9783673487293	0.7204433739257252	0.6976987988805365	1.0	0.8404519808664872	True
11	2035-10-01	FGA	south	0.0015551477175471855	4.5368410302365554e-06	0.02563100265728963	0.06067447841744463	0.9986798521374632	0.9891234223205397	11	641.0	640.9263847859571	0.32814297150577704	0.3265673592866584	0.5263157894736842	0.4941968027935095	True
10	2036-04-01	FGA	south	0.18828811016602867	0.03581090316259211	3.3193516181908445	0.05672436422045938	0.9937751414457543	-28.948501671542264	23	1502.0	1501.9384631230944	0.6190870895206078	0.6063926785016249	1.0	0.858576707066336	False
11	2036-04-01	FGA	south	0.21430468793194118	0.0462412495970782	3.4176292088742475	0.06270565787987639	0.9747335369759926	-35.105308328121296	21	1075.0	1074.9864063154441	0.4959367496490453	0.49524457453366677	0.9090909090909091	0.7843496627131725	False
10	2036-10-01	FGA	south	0.0057156352991143385	4.752313732566085e-05	0.09601857837225797	0.05952634787983614	0.9783790921168448	0.3530667363626703	5	125.0	124.87789631562592	0.37967504831518173	0.33353426372584705	0.4230769230769231	0.4071483468060549	True
11	2036-10-01	FGA	south	0.004219300466832899	2.2491595714182473e-05	0.10111076663391326	0.04172948744528376	0.7911797255274075	0.393800305016033	7	246.0	246.0236245261572	0.6747061616422315	0.6881462245646317	0.8387096774193549	0.7858588759119101	True
12	2036-10-01	FGA	south	0.012895438019650953	0.00029011338893671063	0.3556592218127843	0.03625784804320072	0.8241380313503966	0.13742165630628977	14	601.0	601.0567577128534	0.665173127932053	0.6701312706532366	0.7719298245614035	0.7848193041288789	True
13	2036-10-01	FGA	south	0.011500002395016373	0.0001803487625207472	0.23674020124449494	0.04857646624681067	0.9681227200422569	-0.2711340730306697	9	296.0	295.87007776676904	0.3431424585500321	0.3560588953052909	0.5454545454545454	0.5141462863854396	True
12	2037-04-01	FGA	south	0.21208163048567902	0.04510867663669653	5.316497585881885	0.039891230468883876	0.9912228236957091	-59.52214861878425	20	840.0	840.121948314833	0.6082447854739976	0.6032703559205232	0.7719298245614035	0.7569535795852247	False
13	2037-04-01	FGA	south	0.20021192587436143	0.040191912243604265	4.140871377594032	0.04835019193247447	0.9809703586772963	-51.11207345552843	18	583.0	582.8940513635201	0.4476979050579697	0.45307585131247763	0.6774193548387096	0.6415006815197997	False
12	2037-10-01	FGA	south	0.2361453832345005	0.05577361220506672	5.9961445395593085	0.039382870388887624	-0.882396558456002	-7460.696335069851	3	87.0	87.08008036615966	0.43748487049140644	0.42255197689907203	0.49382716049382713	0.45113886767687783	False
13	2037-10-01	FGA	south	0.27093686959448515	0.07346286038011367	7.288732988291289	0.03717201192988157	-0.3262310108910365	-1445.387381395091	6	148.0	147.92777249877395	0.5865510800098613	0.5907042372199259	0.6774193548387096	0.64015418325773	False
15	2037-10-01	FGA	south	0.023867270340190917	0.0006404642457184886	0.5129806861217847	0.04652664512699545	-1.0	-16.372097343302325	2	25.0	24.937254628027393	0.7784313725490195	0.7052211564545345	0.8235294117647058	0.7446565821536284	False
15	2038-04-01	FGA	south	0.030967589494927734	0.0012007921268687182	0.7953659311171107	0.03893502133217223	0.8361160856438961	-2.8808479167629066	5	62.0	61.96007513137121	0.6925319693094628	0.6284346005760686	0.8235294117647058	0.6763576684301977	True
14	2038-10-01	FGA	south	0.13684992356026543	0.019933021972211643	3.655399901892699	0.03743774340241325	-0.9348471763179518	-30.242061873990565	17	813.0	812.983364181695	0.38504849607674624	0.38372048850046997	0.46153846153846156	0.4673772072182296	False
15	2038-10-01	FGA	south	0.03442407632529484	0.002555366336026417	0.8363476425419696	0.04116000879809662	0.18183857490301847	-3.8138023697884895	19	1395.0	1395.1164232307017	0.619090511039007	0.6123771718082525	0.75	0.7110631155498431	False
14	2039-04-01	FGA	south	0.0020052185186789024	5.6946903157315896e-06	0.045401413147863195	0.044166434030331	0.9980997680046124	0.9931414871207419	19	850.0	849.930631748527	0.3753875207812183	0.3720517910768164	0.46153846153846156	0.44970648278205166	True
15	2039-04-01	FGA	south	0.0013930387357414462	3.153658918657283e-06	0.02764321314027635	0.05039351715997802	0.9986840873202728	0.9970724376730049	24	1551.0	1550.9715559704298	0.6519351119212987	0.6437890864759909	0.8888888888888888	0.7528055506537368	True
16	2041-04-01	FGA	south	0.0036498377573222366	1.91543653624312e-05	0.111022535359237	0.03287474696477081	0.9980821396832364	0.9503073387159776	18	401.0	400.99925488260135	0.8852198784707155	0.8652143251281721	1.0	0.9134454002403788	True
16	2041-10-01	FGA	south	0.044870228749898405	0.003742321564129429	1.2470031451839183	0.03598245034360405	0.7705331845558513	-7.135639243125265	22	881.0	880.6848663849233	0.6407115612367101	0.6237637835696459	0.9411764705882353	0.8441089852140525	False
17	2041-10-01	FGA	south	0.08415837769616255	0.011523338273333034	2.1305268462110996	0.039501204993416854	0.8589245096630452	-21.586221740585724	15	640.0	639.9436614098124	0.45691364566340614	0.4466461179241425	0.5217391304347826	0.48494135650318115	False
16	2042-04-01	FGA	south	0.19145283407358818	0.036805774130488605	5.045620060018888	0.03794436200035075	0.9866695993766741	-51.145643101977576	22	914.0	913.6887090042135	0.5424813661214885	0.5368300921601257	0.8421052631578947	0.5922029328783219	False
17	2042-04-01	FGA	south	0.1656210504578402	0.02744319204798333	3.334989511617718	0.049661640578144324	0.9933586763921739	-29.720536009737295	21	783.0	782.8996809798957	0.46582847064972815	0.4617432989396094	0.5384615384615384	0.4995015504350465	False
16	2042-10-01	FGA	south	0.27580877317100916	0.07607128625064176	7.915355062417263	0.034844775881321004	0.7517281917616773	-45563.953047241084	4	77.0	76.76157432703603	0.490467032967033	0.46460347145361175	0.5357142857142857	0.508207011279393	False
17	2042-10-01	FGA	south	0.30055699190887203	0.09060184730493809	5.405940316128142	0.05559754165472138	-0.8331878469864448	-381.380121356938	4	81.0	81.0324532906952	0.4956868131868132	0.5141605099516284	0.5384615384615384	0.5420257232605562	False
18	2042-10-01	FGA	south	0.20777231575402397	0.04365994550069611	5.240538483829658	0.03964713099524632	-0.916900095832551	-159.3841311171592	10	238.0	237.8448795749836	0.5788171176755202	0.5592179781945215	0.8823529411764706	0.7775658496873067	False
19	2042-10-01	FGA	south	0.014129706060070623	0.00029736443198965254	0.2354916238354828	0.060000885933598216	-0.9545981533655716	-18.345144663817614	6	228.0	227.9947715090497	0.5257846800351236	0.5134701207843622	0.625	0.7290267864438765	False
18	2043-04-01	FGA	south	0.14831741142690577	0.022036135418945297	3.308011465957715	0.04483582144536667	0.9719014055913109	-31.086878662558398	18	410.0	409.93904773278246	0.3962191307549638	0.40162266111498507	0.8823529411764706	0.7232815190953288	False
19	2043-04-01	FGA	south	0.017013168180084727	0.0003170755849160826	0.30100590102677427	0.0565210453418035	0.9495164550254347	0.6484916033032095	26	1500.0	1499.84026442548	0.7640935574300526	0.7462411925493883	0.9411764705882353	0.9130550922100962	False
20	2043-04-01	FGA	south	0.05846185377718686	0.003639278366396518	1.2821021301272866	0.04559843744381174	-0.9999973454374014	-36.626996450589495	3	54.0	54.09884783827748	0.6587962962962962	0.6063210693705295	0.7333333333333333	0.7295290691714905	False
18	2043-10-01	FGA	south	0.19042738020042557	0.03635121145086568	5.652114532049223	0.0336913519923639	0.8862251163760179	-380.754211770264	6	114.0	113.84700869398333	0.14688398349643267	0.14484254155572196	0.20863309352517986	0.18853423092586108	False
19	2043-10-01	FGA	south	0.21779031408615648	0.047708498802005665	7.085163174555791	0.030738927067803345	-0.6332983186473422	-238.77375279617496	18	1078.0	1077.8109371616133	0.8430107604903432	0.8009343713105853	0.9411764705882353	0.8897892417303843	False
20	2043-10-01	FGA	south	0.1663267138502933	0.03196285698906264	2.3955417093451183	0.06943177536898862	0.8582067970404146	-13.79233930568016	27	4888.0	4888.02623063802	0.9292730395054418	0.883328009563345	1.0	0.9995902171313373	False
20	2044-04-01	FGA	south	0.22920619682341878	0.05596237378977771	3.4381608753259734	0.06666534962581926	-0.856973086061944	-25.219419433591877	20	4749.0	4749.000979263397	0.9790814872859661	0.9530506717125726	1.0	0.9961027792866397	False
21	2045-04-01	FGA	south	0.0021564235070390078	6.433496655121466e-06	0.09469879590887383	0.022771393092622612	0.9991560990955709	0.9682976095406697	17	392.0	391.9830581493324	0.9957983193277312	0.9905221656101522	1.0	1.0	True
21	2045-10-01	FGA	south	0.1486341283709387	0.02809673627748082	2.972346902543222	0.050005646461980344	0.6345606664793036	-38.940617704869915	23	904.0	903.9831999311309	0.5890251469248542	0.603076616883637	1.0	1.0	False
22	2045-10-01	FGA	south	0.15478954886492544	0.024983645192016412	2.8315609086655904	0.054665802311090674	-0.9323860347016046	-45.208383075062436	15	1226.0	1225.9973416349412	0.5814720201464567	0.5650968862594936	0.7639751552795031	0.8191341238017493	False
21	2046-04-01	FGA	south	0.07797427196786925	0.006987003158449773	1.479779215007859	0.052693179615619305	0.32803666393020076	-6.25729618611678	21	830.0	829.9036294170896	0.3972954006235691	0.4008398717917856	0.7916666666666666	0.6791922291239985	False
22	2046-04-01	FGA	south	0.23189919213466278	0.05512060822945817	3.8560335188956074	0.060139309214583846	0.5263463444933029	-35.83539827360916	25	1608.0	1607.8485100307985	0.6739100625867936	0.6599591018095883	1.0	0.8901850465767003	False
21	2046-10-01	FGA	south	0.10557413644496791	0.011173398331165122	1.9528975977418699	0.05406025209260485	-1.0	-1390.5421990365055	2	25.0	25.004224487896487	0.17592592592592593	0.195445579927532	0.18518518518518517	0.20487067958316738	False
22	2046-10-01	FGA	south	0.2538854522550524	0.06464674367623727	5.14358568253532	0.049359623407675	-0.9866752692427919	-1891.2233947817112	7	205.0	204.74772660980784	0.8390022675736961	0.8466163328128518	1.0	0.8930235201354135	False
23	2047-10-01	FGA	south	0.04761011899302904	0.0026177004282083574	1.2195027319923053	0.03904060052022044	-0.8872908338375245	-11.9319989706656	15	972.0	971.956934720795	0.95446968352662	0.951484766821404	1.0	1.0	False
23	2048-04-01	FGA	south	0.001062546662877173	1.848696337363867e-06	0.025186089571966594	0.04218783784759671	0.9994060475091435	0.9977443998691735	24	1413.0	1412.924118416728	0.9685227188708042	0.9623418053984235	1.0	1.0	True
23	2048-10-01	FGA	south	0.16369589349252944	0.027020105952655495	3.883875000022872	0.04214757001488602	-0.980178476240837	-359.1834936819233	7	277.0	276.9686050507331	0.9910714285714286	0.9851994375296167	1.0	0.9960016119501037	False
24	2048-10-01	FGA	south	0.18398558962988742	0.035020942096831396	2.727171023744285	0.06746389868035609	-0.9576221430802037	-49.89948551889756	14	1817.0	1817.002911789129	0.9422235929603742	0.930444803968901	1.0	0.9998995029701614	False
24	2049-04-01	FGA	south	0.004899919032339496	3.7116759634512494e-05	0.07424058064839766	0.0660005483462669	0.9977253452645858	0.9816845421064204	24	2590.0	2589.9527419228675	0.965014326375488	0.9695703309608952	1.0	0.9997472954687128	True
24	2049-10-01	FGA	south	0.2628217336057902	0.06931410147719735	4.619532825915129	0.05689357420113694	-0.9747065620031714	-1305.1283014341225	8	406.0	405.97185714146485	0.9989495798319328	0.9958917570112673	1.0	0.9994561991919074	False
24	2050-10-01	FGA	south	0.16997356807751562	0.029194116475162752	4.738848799150933	0.03586811381447116	-0.9875010875898039	-158.44033454242825	9	172.0	171.9322009018703	0.2548458846983949	0.2637119260934578	0.3548387096774194	0.35554133310272085	False
25	2050-10-01	FGA	south	0.12149491485600576	0.015132924645714876	3.1859085251350017	0.03813509204595178	-0.8412096171818344	-97.66353219691204	12	573.0	573.1322230964264	0.7317457468106898	0.7123744918825698	0.8494623655913979	0.7981897764342092	False
24	2051-04-01	FGA	south	0.002042901280875946	6.445787588245967e-06	0.05659276996484575	0.03609827336857612	0.9957048588000416	0.9848265418786771	14	256.0	255.9450965350201	0.2336869500129049	0.24415995943819574	0.3548387096774194	0.32398088220507015	True
25	2051-04-01	FGA	south	0.0018645196557473505	5.650758039145231e-06	0.039717253620793834	0.04694482839999762	0.9974287367999668	0.9939764260198458	23	1064.0	1064.0917720758057	0.7519347434338041	0.7508174594997633	0.9	0.8179510665842256	True
24	2051-10-01	FGA	south	0.25711658538018306	0.06613526039077837	9.391191243323107	0.027378484658481028	-0.787554583028091	-2971.3699799458986	3	44.0	43.985848784347944	0.19726731601731604	0.19715741645463924	0.21875	0.19945372968453806	False
25	2051-10-01	FGA	south	0.11132885080457289	0.012514284047445179	2.4581331430961555	0.045290000306634326	-0.7644808152360871	-134.0014895625755	9	326.0	325.82552659261205	0.7687759218136835	0.7649604355735037	0.9	0.7828288850335537	False
26	2051-10-01	FGA	south	0.14080639828018116	0.020855816110543872	1.0733856352779274	0.13117969316192937	0.9601855675329047	-3.902138556918925	13	399.0	398.9987900780529	0.19990502833583282	0.203875785313156	0.6	0.4629607463171352	False
27	2051-10-01	FGA	south	0.06719092195569373	0.007635162310318909	0.852138309162844	0.0788497843990881	-0.5851465430428253	-1.7281793778974621	15	4031.0	4030.980706235354	0.8586568334304638	0.8433034574947139	0.9772727272727273	0.9761901754980294	False
26	2052-04-01	FGA	south	0.2346401892265759	0.05585234055062544	3.081754757223772	0.0761385015068343	0.9753146949422663	-29.820835194251497	13	399.0	398.9830047497663	0.19990502833583282	0.1954280837502836	0.6	0.4523751944770104	False
27	2052-04-01	FGA	south	0.24933889457896355	0.06409208042962018	3.0449102113826494	0.08188710906708227	0.9320463847296379	-17.478659288421095	20	4218.0	4217.962250207569	0.8888522612350049	0.8859686345174579	1.0	0.9964970697156523	False
29	2053-10-01	FGA	south	0.05015857087328907	0.005067982847967928	1.1128709963067571	0.04507132546337215	0.5433798365841639	-11.133289670383792	16	1465.0	1465.0172914756608	1.0	0.9956813052564992	1.0	1.0	False
1	2026-04-01	FGA	tropics	0.006345316754910038	6.982945912881283e-05	0.36994826166339523	0.017151903150942362	-0.4242555706469211	-0.8070596354414692	23	690.0	690.1023671997353	0.6782968518386547	0.6646744723593659	0.8636363636363636	0.7009325889958724	True
2	2026-04-01	FGA	tropics	0.003862065165847882	2.6705223949235498e-05	0.22616852533413667	0.017076050525342317	-0.5807554043304578	-1.2344354132995865	14	303.0	302.9999872916054	0.3605146689647441	0.333206003544829	0.4367816091954023	0.4009637618099931	True
1	2026-10-01	FGA	tropics	0.09374005917156678	0.010479700664769474	6.0392063557143025	0.015521916896061987	-0.5809983006619722	-93.49586580365221	40	1126.0	1126.019894590184	0.560024009211192	0.555300797575881	0.8636363636363636	0.7253845944329315	False
2	2026-10-01	FGA	tropics	0.20719769427368212	0.0487879509410941	8.023139956310393	0.02582501307492662	0.8085865498240662	-406.21040057880253	38	833.0	832.8164602800289	0.3674177075688228	0.3564737481644964	0.5094339622641509	0.4273345780843105	False
3	2026-10-01	FGA	tropics	0.061074170920314	0.0037501708872296154	3.6628791110604966	0.016673815615670558	0.0774304165102897	-1366.4329948172904	16	406.0	405.84491928182075	0.490468455623831	0.47959742582157117	0.7857142857142857	0.8357638205097699	False
1	2027-04-01	FGA	tropics	0.24579683299551663	0.06045517689367727	16.503535018739306	0.014893586902225562	-0.6010585616919885	-21677.839605068486	16	367.0	367.0540981851899	0.37639055595834786	0.35740416578806405	0.5256410256410257	0.5370314722187998	False
2	2027-04-01	FGA	tropics	0.09912925467620369	0.010605376742247213	10.081685835633643	0.009832606995730029	0.8633910494244935	-573.2232233545295	25	499.0	498.57116326192374	0.3575576710906182	0.3490266177233671	0.5094339622641509	0.4495260283538898	False
3	2027-04-01	FGA	tropics	0.20424110736612544	0.04636340135678431	7.564727261169528	0.02699913695692833	0.8299345978911715	-483.86991211858117	42	1149.0	1148.55504348736	0.6659130864107224	0.6635937663589884	0.9210526315789473	0.8571070274252997	False
2	2027-10-01	FGA	tropics	0.032241614618753536	0.0038378821808667907	3.6795128110908126	0.008762468368521681	0.5918892911874762	-327.8355324990875	18	235.0	234.51668830423918	0.6068136390358613	0.5320055292176934	0.8125	0.6430242627040491	False
3	2027-10-01	FGA	tropics	0.26452904588156095	0.0724796096792242	21.405849441993308	0.01235779250893059	-0.3234304937659321	-5009.667067439922	31	758.0	757.5177661724505	0.7408990325955505	0.7300261027543392	0.9210526315789473	0.8407460504751821	False
2	2028-04-01	FGA	tropics	0.2259792681496796	0.05147897399454421	10.082580932229881	0.022412839497009784	0.5142765143753968	-1567.4361435044411	24	326.0	325.7479889883583	0.5819246565288387	0.5053022061718752	0.8125	0.6529607227662236	False
3	2028-04-01	FGA	tropics	0.05221847410272364	0.003518672362505182	0.31289244044810627	0.16688953567538864	-0.44921528564407986	-1.7948901539855613	28	450.0	449.7582369241876	0.3443504719455002	0.3237106347613396	0.75	0.6776988203535429	False
4	2028-04-01	FGA	tropics	0.18599618555379052	0.034799619505020064	6.09146119986996	0.0305339194408332	-0.8997573387312612	-518.6972960113479	18	1461.0	1460.9901276310886	0.6820352527688226	0.6497518060321829	0.9204545454545454	0.9973345440307887	False
2	2028-10-01	FGA	tropics	0.21288297239271373	0.04532761741136539	28.91592010332876	0.0073621372459182766	0.42856938570343195	-17401.403522653265	7	91.0	90.85926995916651	0.3747983244076211	0.32523573951170404	0.6153846153846154	0.4834764664650073	False
3	2028-10-01	FGA	tropics	0.11254518165974675	0.012693896121831121	3.917856555555969	0.028726212933994435	0.8769691418861857	-140.2539893311806	23	386.0	385.7489314530725	0.27700531912537835	0.259671061185238	0.625	0.41467272054058146	False
4	2028-10-01	FGA	tropics	0.241061694005618	0.05835210331070761	6.00426220925949	0.04014842883341504	0.874583721171524	-112.00220600473425	37	2796.0	2795.968990626688	0.8096068087254075	0.7890290479006292	1.0	0.9855324029655969	False
5	2028-10-01	FGA	tropics	0.05822927464769924	0.0033937124086135364	2.5804570373368585	0.022565488905715064	1.0	-260.08850374217786	2	22.0	21.909326561047326	0.7202380952380952	0.6304462151802586	0.9166666666666666	0.6623882332955665	False
4	2029-04-01	FGA	tropics	0.058006488310151705	0.0034725686507722786	1.4174898610104851	0.040921977578591395	-0.4120285232217169	-56.23764039813831	17	986.0	985.9925009555282	0.9289522415875952	0.8979432945945333	1.0	0.967993483063199	False
5	2029-04-01	FGA	tropics	0.07674762181734729	0.006041056428016208	2.3486666529209486	0.032677102866811324	0.5332362382069945	-45.742660233920475	28	1237.0	1236.9775006169039	0.9493602069452644	0.9037888377029112	1.0	0.9998552785839289	False
5	2029-10-01	FGA	tropics	0.05523513636117004	0.0033166651069524806	1.9092159446697514	0.028930795657441673	0.8754198195932317	-22.359872608693884	41	1692.0	1691.8759369455963	0.9852544765165189	0.9750555365413015	1.0	0.9950036298600572	False
5	2030-04-01	FGA	tropics	0.09768275902366003	0.009815257609508585	5.760540463951051	0.0169572212251524	-0.9530815507328586	-780.7219415754871	16	456.0	455.64183904965523	0.989802748956961	0.9898598468775985	1.0	0.9977228326985979	False
6	2030-04-01	FGA	tropics	0.02007629597130497	0.0004056467681172341	0.8961718756564883	0.022402282995768123		-155.67432118736647	4	58.0	58.007298651853745	0.8961779448621554	0.9271610691835486	1.0	0.9339899646812241	False
6	2030-10-01	FGA	tropics	0.19441118804427893	0.03790155919077463	8.674236214412126	0.022412484884982424	0.9393439027141955	-359.30186109393935	30	1645.0	1644.8049543095105	0.9589348168043975	0.9610420231878616	1.0	0.9866832221662221	False
6	2031-04-01	FGA	tropics	0.20275610604117192	0.04144641576446204	10.737094984478798	0.018883702373339313	-0.4147446164744961	-247.37042276237867	39	1923.0	1923.0209619519653	0.9019561558814312	0.9007217690912728	1.0	0.9821980923537211	False
7	2031-04-01	FGA	tropics	0.008421172809668184	7.554730894434713e-05	0.7863279548827492	0.010709491831463478		-15.312835331962482	3	32.0	31.980653906362953	0.7261904761904763	0.7250657809894229	0.75	0.8090334815504006	False
6	2031-10-01	FGA	tropics	0.010051352475323324	0.00013930664408709658	0.541807236136052	0.018551528670981705	-0.280440775794246	-83.00996048453695	12	260.0	259.94152569810024	0.7739174505303539	0.7598291225719996	0.8809523809523809	0.8710647182970079	False
7	2031-10-01	FGA	tropics	0.18557827576670938	0.03844693573874194	22.95006538452831	0.008086176342304288	0.5773050489478345	-14391.43175559524	20	389.0	388.70248205783673	0.9319849318841253	0.9255311662260304	1.0	0.9940034128727038	False
7	2032-04-01	FGA	tropics	0.17845266615886732	0.03203813037720163	18.560727953569117	0.009614529484257213	-0.7608479026213029	-1460.7856703829705	44	1248.0	1247.7903878757627	0.8104941589435991	0.8083737889544818	1.0	0.9940664983312462	False
8	2032-04-01	FGA	tropics	0.07057413536447239	0.009559749072795816	3.4937353725985276	0.02020019487394136	-0.8587408404402986	-525.3178296623618	15	341.0	341.068193465022	0.4014022521600467	0.389189101405255	0.6	0.5637794783865979	False
7	2032-10-01	FGA	tropics	0.01883280233695333	0.0012847368682979156	1.0436597772120855	0.018044963261170364	-0.4164258704659496	-21.807418775884216	31	956.0	955.9196878991075	0.5931588182254343	0.5868125620844229	0.9148936170212766	0.8897539147930477	True
8	2032-10-01	FGA	tropics	0.044209042908531164	0.004620000741978603	1.9322724147936727	0.022879301370791336	-0.39947642160153296	-38.615456160553094	38	987.0	986.9687714203579	0.5812575242304409	0.5745765648983011	0.9117647058823529	0.7690560191467583	True
9	2032-10-01	FGA	tropics	0.02141400937974493	0.0008119950149351305	1.1229713353273507	0.019069061432011227	0.9780966009155688	-641.1629178352665	3	33.0	33.00224340126377	0.4758410268549936	0.36853895810395815	0.5789473684210527	0.5068441517625745	True
7	2033-04-01	FGA	tropics	0.10733232423784818	0.011579437579727118	6.093880021991196	0.01761313380810162	-0.4927164137867648	-19740.875608451963	5	67.0	66.78682025981202	0.26107512416058476	0.27192873461235634	0.36363636363636365	0.3294279707818372	False
8	2033-04-01	FGA	tropics	0.209772814531126	0.044247957077860466	14.317292217970259	0.014651710067622352	-0.95435896523756	-2191.1578130470793	20	526.0	526.0015363869562	0.7191731684151288	0.6892021586388066	0.9117647058823529	0.7838804931685387	False
9	2033-04-01	FGA	tropics	0.041767736918374064	0.005082836816399863	2.2881069669436958	0.01825427636111116	-0.49345370216180706	-59.69520710999638	28	1151.0	1150.9999652071338	0.9015717897748041	0.8692102966849176	1.0	0.9986313537068997	False
9	2033-10-01	FGA	tropics	0.09157813506822043	0.011825975590975027	5.672675137318493	0.016143729871954195	-0.8355094538834869	-116.20515572792975	41	1560.0	1559.7460044519974	0.9716548436388684	0.9701344301331302	1.0	0.9999303837355384	False
9	2034-04-01	FGA	tropics	0.2860830541416947	0.08193688046797634	17.50014452725792	0.016347468084969057	-0.3068410003418097	-21664.506629643085	16	365.0	364.5795296199683	1.0	0.9979966714725973	1.0	1.0	False
9	2034-10-01	FGA	tropics	0.001134158025456618	1.7059591805956048e-06	0.24020070933684282	0.004721709725953157	0.9982701064011761	-0.4796870014602044	3	34.0	34.15106770404055	0.6343370681605975	0.6140788725702705	0.7142857142857143	0.7836849353988659	True
10	2034-10-01	FGA	tropics	0.001428821803457789	2.4735847737439707e-06	0.06606343664956699	0.021628027179950746	0.9999817752405258	-1.6395928824125732	3	39.0	38.87342707741024	0.5744301994301995	0.47853602970419534	0.6538461538461539	0.5516572073974623	True
9	2035-04-01	FGA	tropics	0.1717363238880578	0.03892416591109148	18.139560756500327	0.009467501787578618	0.9227262737540818	-1631.8529333859371	16	208.0	207.46104761720585	0.36119488527729965	0.3287192579888602	0.6470588235294118	0.5816803014785074	False
10	2035-04-01	FGA	tropics	0.15066559228829043	0.023054393522368787	7.44915837864613	0.02022585433546301	-0.968269012089324	-386.64428933916395	28	885.0	884.9265969873301	0.7267119577021869	0.7133174870964053	0.9318181818181818	0.86400900312089	False
9	2035-10-01	FGA	tropics	0.073998567898801	0.005658452824131567	10.110825752712397	0.007318746233852329	-0.775442614381811	-447.2607638816725	13	171.0	170.94684520716646	0.307652583333202	0.28332655697873305	0.46153846153846156	0.402102941778218	False
10	2035-10-01	FGA	tropics	0.20472358532526427	0.04218394580569366	12.546527881853379	0.016317150629487336	-0.4843360459916	-421.1359509925621	41	1231.0	1231.0304023401322	0.7512697337819094	0.7490456211011163	0.9318181818181818	0.8524809391030128	False
11	2035-10-01	FGA	tropics	0.01577089445673341	0.00024896463407954626	0.9622760653556606	0.016389157981295557		-1021.3491816235605	4	61.0	61.12302684447591	0.7067479304321409	0.7140170643218076	0.7894736842105263	0.7951331697314623	False
10	2036-04-01	FGA	tropics	0.2483921970367137	0.06177565116042745	18.514800810995705	0.01341587195954043	-0.39670529865370197	-18139.32550178092	16	328.0	327.94512332169995	0.7067395616346595	0.6873057665936834	0.8888888888888888	0.8521861980284304	False
11	2036-04-01	FGA	tropics	0.17482303394662516	0.03305890236582713	14.218020079243367	0.012295877553432786	0.8860716784882736	-849.8154651558569	30	900.0	900.0001179062792	0.8832124287387622	0.8697526346202853	1.0	0.9869664385497795	False
11	2036-10-01	FGA	tropics	0.227213867471799	0.0520070290194841	14.747164137981382	0.01540729223231528	0.7246458288740033	-974.0413045242033	37	1076.0	1076.1208261780475	0.7721746239767364	0.7503636886544548	1.0	0.9762070026970758	False
12	2036-10-01	FGA	tropics	0.21393136420076084	0.04592080760817561	7.681096449238768	0.027851670085715746	0.2058490488316556	-298.1519661736888	19	353.0	353.05662952741625	0.25791674824938904	0.23936174712258518	0.4864864864864865	0.2766701162540311	False
13	2036-10-01	FGA	tropics	0.17312676620522421	0.0300442303495138	7.851822610822156	0.022049245733927286	0.0687094730382528	-810.8119710461016	20	983.0	982.9848232703814	0.5925649191159861	0.5739621576547235	0.8210526315789474	0.8648538015637353	False
11	2037-04-01	FGA	tropics	0.00461499115491527	3.554499408963382e-05	0.30211568857743465	0.015275575977685156	-0.3854154536690881	-6.701120037297019	11	213.0	212.89394508151	0.449552888927889	0.413441967274799	0.75	0.6834135781041083	True
12	2037-04-01	FGA	tropics	0.003013438885346212	1.5943864569811542e-05	0.11308690976071864	0.02664710612149866	0.9661704291494634	0.8670005350595144	22	392.0	391.9567358782315	0.24634089218782018	0.234876160615897	0.4864864864864865	0.27250273671252645	True
13	2037-04-01	FGA	tropics	0.0040200639200281855	1.9323684784371793e-05	0.14670458757715799	0.027402441780587594	0.9942087547799374	0.9239312867904954	40	1754.0	1753.8349293074934	0.7498936883574274	0.7485611383833076	1.0	0.9705056337529139	True
12	2037-10-01	FGA	tropics	0.11565888407627557	0.013376977465769352	4.491892200805952	0.025748365923724443			1	11.0	10.78710076470569	0.18333333333333332	0.1178560720729849	0.18333333333333332	0.1178560720729849	False
13	2037-10-01	FGA	tropics	0.2907526633186993	0.0845972521301008	14.358647528240256	0.020249307098517022	-0.7392886201089827	-6364.997740057671	17	579.0	578.8410707399023	0.9200561597761381	0.920246191771258	1.0	0.9681823141649919	False
14	2038-10-01	FGA	tropics	0.031449615310666534	0.0010490725099605261	2.1640822103592017	0.014532541860064743	-0.4916334751937409	-87.08091108250386	10	158.0	158.0000000079914	0.625053553539972	0.6086812368558215	0.782608695652174	0.6596935639581258	False
15	2038-10-01	FGA	tropics	0.008832082468193305	0.00011184711656429389	0.5368050391245769	0.016453054320422718		-1.5332827826730973	4	55.0	54.90827975561372	0.45950486295313886	0.40304997926132996	0.5	0.4176769764005861	False
14	2039-04-01	FGA	tropics	0.15305228546055455	0.03611445481842071	11.132161508243627	0.013748658366770528	0.8782433257660177	-911.014711792129	36	656.0	655.7479534395832	0.5807786214515129	0.5807675212954587	0.8125	0.6182293717940085	False
15	2039-04-01	FGA	tropics	0.08628186298314752	0.007476084879491827	8.893685049580787	0.009701474979397265	0.8364525372006383	-746.5195138647213	28	424.0	423.9196485754693	0.44617945053420743	0.42292026637677127	0.6571428571428571	0.516799137724788	False
14	2039-10-01	FGA	tropics	0.24055116350591665	0.06016901416759152	28.555917706543106	0.008423863872208821	-0.04790185062746108	-2752.979937054491	27	502.0	501.5050550107651	0.5658691697259494	0.5507226030595768	0.8125	0.6057177485527355	False
15	2039-10-01	FGA	tropics	0.057584216296094975	0.0035375792571844004	8.651231997751424	0.006656186807966995	0.19487166027233124	-891.3512273795099	41	581.0	580.0772070547432	0.5177462435270352	0.49716602089257766	0.7857142857142857	0.6120725918246929	False
14	2040-04-01	FGA	tropics	0.22529233330443627	0.05085577035697799	30.783048013759544	0.007318714287283511	-0.651918520177794	-13698.62180361186	5	69.0	69.13640404882521	0.5588319088319088	0.41095095515540175	0.6666666666666666	0.439904454412545	False
15	2040-04-01	FGA	tropics	0.13086057580127292	0.01714423288626238	20.611237394303323	0.006348991731929742	0.25330991317767754	-3877.8261510201287	16	209.0	208.10336148281644	0.6101374147402592	0.5694081607961076	0.7857142857142857	0.5991534432770766	False
16	2040-04-01	FGA	tropics	0.07370062910452456	0.011527446760209196	5.623252801333161	0.013106405084091475	0.3916831525269023	-5857.232200504513	10	150.0	149.80785415105066	0.6997226655727127	0.669369696132509	0.8421052631578947	0.8261852819197846	False
16	2040-10-01	FGA	tropics	0.17774971403174164	0.040860670121189206	15.527643383998857	0.011447307851937896	0.8857304818057473	-1896.394828799319	36	756.0	755.9512563227528	0.7993855093367053	0.7876409721424801	0.9655172413793104	0.8705098714147477	False
16	2041-04-01	FGA	tropics	0.18998100825021175	0.03653348103843075	22.61314907007185	0.008401351251942555	-0.7417515754706139	-2142.368712967938	37	794.0	793.6870364187274	0.8001219965635116	0.7870794409008713	0.9655172413793104	0.8635381229176929	False
17	2041-04-01	FGA	tropics	0.004403744294304981	2.049028738314153e-05	0.7475056437341913	0.005891252234974331		-17.672967461596237	4	50.0	50.05472983414549	0.5833867276887872	0.5285235907221735	0.6956521739130435	0.5705946365735124	False
16	2041-10-01	FGA	tropics	0.26392042176093633	0.06969685955197057	29.99930291898632	0.008797551812242383	-0.546874925043178	-29200.583639294404	13	194.0	193.17684350077022	0.6725218805132331	0.6697821758867093	0.8333333333333334	0.7791225843327807	False
17	2041-10-01	FGA	tropics	0.09701906563606769	0.010430555221270487	18.473722350486906	0.005251733451191042	-0.3470805519891781	-1421.5266165763885	10	133.0	132.5226043593192	0.6719868954724252	0.579249534391855	0.8333333333333334	0.6319965334081759	False
16	2042-04-01	FGA	tropics	0.19722768927839657	0.03889876141809574	28.274793191719013	0.00697538927839655			1	11.0	10.783714396665623	0.44	0.38573808756955363	0.44	0.38573808756955363	False
17	2042-04-01	FGA	tropics	0.1782085679699442	0.03189378790993345	57.98631019315723	0.003073286908173957	-0.7740992898231087	-17235.937078301453	6	83.0	82.68574769710328	0.7310536739948504	0.6023449153739241	0.8333333333333334	0.6156054615180031	False
18	2042-04-01	FGA	tropics	0.02817662624974052	0.0007939222668175665	1.0	0.02817662624974052			1	12.0	11.906314731936273	0.8	0.7240894042387157	0.8	0.7240894042387157	False
18	2042-10-01	FGA	tropics	0.15006498981540856	0.029202795868825165	5.043796992822193	0.029752384964931267	0.8919451620375525	-199.15854327896406	26	1112.0	1111.9799574169997	0.7046152224897283	0.6952828897603284	0.90625	0.8397157227094527	False
19	2042-10-01	FGA	tropics	0.04589314642063772	0.0021873702082379947	1.2036500663677823	0.03812831295654563	-0.5571977200311333	-67.29253135419292	12	552.0	551.9050297035112	0.3771249871757882	0.3642397287447999	0.5527950310559007	0.6135638235143207	False
18	2043-04-01	FGA	tropics	0.22892430738780123	0.05242775863361875	5.25305359741895	0.04357928262911338	0.9659951865200701	-176.20457355106993	32	1342.0	1341.8922661103863	0.5547135944480767	0.5588527003945305	0.90625	0.8091871257260765	False
19	2043-04-01	FGA	tropics	0.21423314614903133	0.0482407758192304	4.980786021156174	0.043011915235680424	0.7269639350931134	-99.23496716033856	36	2355.0	2354.9240698480025	0.7131593784152314	0.699422669495264	0.9772727272727273	0.974304781167131	False
18	2043-10-01	FGA	tropics	0.22096582183952115	0.048871109986934134	6.92876333647944	0.03189109096512967	-0.15812083768678556	-1104.3065465501777	7	165.0	164.98508309466735	0.1532763081430073	0.1627415989224826	0.24571428571428572	0.2286257944535397	False
19	2043-10-01	FGA	tropics	0.23705391029856013	0.056374630104581325	8.465695150114843	0.028001706427539425	0.10369365529344257	-393.79049474163287	22	1586.0	1585.7805273735792	0.899059228663796	0.8550993638554761	0.9772727272727273	0.9573975122436734	False
20	2043-10-01	FGA	tropics	0.18894378589452995	0.03577625872136452	5.4936393242007115	0.03439319087843832	0.7805856162418051	-181.77246916567285	22	1687.0	1686.9139183866223	0.9309017788864732	0.8911126470457901	0.991869918699187	0.9859401031013644	False
21	2043-10-01	FGA	tropics	0.060886078751066434	0.0037071145856810636	4.382773249759457	0.01389213524893356			1	14.0	14.061209872808256	0.112	0.043090642792249924	0.112	0.043090642792249924	False
20	2044-04-01	FGA	tropics	0.012924553454370259	0.00027314088962130225	0.1874037387670485	0.06896635861910992	0.8315013706094805	0.44802866689227283	37	2435.0	2435.0002718907413	0.7332096326938651	0.7033524947658328	0.991869918699187	1.0	False
21	2044-04-01	FGA	tropics	0.07667245144844553	0.006031630211260485	3.5991607966700143	0.021302869135322818	0.4507332755072147	-33.901976878240006	27	2352.0	2352.0022357220423	0.7094518645005652	0.7020835626955139	1.0	1.0	False
20	2044-10-01	FGA	tropics	0.023222698388772514	0.0006114930753616638	0.6365776484315426	0.036480543176454105	-0.060829809648935584	-15.009070094832708	11	449.0	448.9076246994117	0.36935276968359504	0.3683098117811776	0.7403846153846154	0.6772736989640465	False
21	2044-10-01	FGA	tropics	0.22071760553725991	0.04934918808987792	6.141172458978646	0.035940629743195326	-0.37237580917326146	-120.21484949157927	34	2574.0	2573.99222977541	0.8702870463224923	0.8658565477028048	1.0	1.0	False
22	2046-04-01	FGA	tropics	0.09333447902436705	0.008904731523995266	4.574685823740337	0.020402380102259192	-0.9273833577332005	-374.13544898443945	18	737.0	736.8611016354507	0.9385214214157523	0.934141471208243	1.0	0.9572192231732456	False
22	2046-10-01	FGA	tropics	0.20044953848195854	0.041235704845329825	9.574716695717754	0.020935297080028344	0.13895979477088094	-230.08531159764306	43	1910.0	1909.9945694114674	0.8466140864254946	0.8411942968234781	1.0	0.9705802743175758	False
23	2046-10-01	FGA	tropics	0.03664807507592406	0.00445498587880711	4.648686747672303	0.007883532934172115	-0.8669647124145488	-233.28146227920615	15	202.0	201.96968673378933	0.29746259357115995	0.2721165093542958	0.4745762711864407	0.40156734364429425	False
22	2047-04-01	FGA	tropics	0.11895541469022315	0.0152610503792531	6.46846133293471	0.01839006350467796	-0.5570590627042691	-477.6014894718391	24	1029.0	1028.6640410797302	0.7634159349179046	0.7484696531797228	0.967032967032967	0.9232348848789649	False
23	2047-04-01	FGA	tropics	0.22895120858128207	0.05253749428252776	17.128116189002167	0.013366981287077553	-0.4230185849532894	-1036.3469806214412	15	202.0	201.89012517336096	0.29746259357115995	0.2836575468246414	0.4745762711864407	0.41866035407904295	False
23	2048-04-01	FGA	tropics	0.0014268698032166853	3.774610092158419e-06	0.12681330226656298	0.01125173603804898	0.7694654804379741	0.4225971241124036	10	133.0	132.26659270359602	0.8859195951107715	0.86346121377068	1.0	0.9420489801267524	True
23	2048-10-01	FGA	tropics	0.08128249577076804	0.00716592695656717	1.364066100422578	0.05958838486315824	0.42421294744108873	-25.22283982760382	23	333.0	332.5599625168652	0.47613159347427286	0.464383185273201	1.0	0.9311347688825641	False
24	2048-10-01	FGA	tropics	0.19119691128459163	0.03718820740665147	5.0246291393099005	0.038051944926397345	0.1677328551303489	-57.92775041038928	25	3133.0	3133.074084673978	0.8685551890660341	0.8397886716209183	1.0	0.9994874126982105	False
23	2049-04-01	FGA	tropics	0.10898382925106866	0.012279090503589727	2.3467142163656716	0.04644103167357575	-0.8362687137295786	-44.04001609419689	13	188.0	187.8173432334877	0.19376261785645352	0.21499908136824433	0.5588235294117647	0.44976832876852674	False
24	2049-04-01	FGA	tropics	0.2590426403307416	0.06745794787791301	6.8650621925440305	0.0377334732104949	0.7536620814615458	-84.47863672074001	33	3381.0	3381.07067776102	0.9174660523227529	0.9092436674288025	1.0	1.0	False
24	2049-10-01	FGA	tropics	0.1900912018467308	0.036167353719946504	5.5789831717862155	0.03407273260977942	0.4545184989483007	-19563.90172967307	7	137.0	136.8778096435617	1.0	0.9862279921092018	1.0	0.9975415641787267	False
25	2050-10-01	FGA	tropics	0.0012348987833257124	2.1593444675927383e-06	0.09553991278467713	0.01292547530484838	0.9003255486661539	0.7663414525733083	25	550.0	549.8108707339712	0.9462830242548214	0.941937107004379	1.0	0.9929250939948783	True
25	2051-04-01	FGA	tropics	0.21540147032392354	0.0467608882284192	13.052832862455796	0.016502277520421518	0.9065132915896439	-832.7096712169814	42	952.0	951.9519239552935	0.7775235379825111	0.7740711849875536	1.0	0.9864728534587472	False
26	2051-04-01	FGA	tropics	0.18957533016872205	0.03597813095271411	10.78196079317567	0.017582639540732865	0.16663853452357383	-2655.8440858010895	21	705.0	704.860083886871	0.654843042612319	0.640412927104907	0.9302325581395349	0.9873576150986193	False
25	2051-10-01	FGA	tropics	0.24834895648464123	0.06170741486279096	20.784160990606804	0.011948952695125874	-0.5285417695386531	-12451.912760854064	16	371.0	370.7006418078552	0.5315616164618033	0.49900720942720184	0.8333333333333334	0.7813451038741162	False
26	2051-10-01	FGA	tropics	0.2180442374988691	0.04851775179556313	0.6930714284681428	0.3146057225022248	0.791133018258446	-20.277612775172017	45	1398.0	1398.526638034039	0.6873417770647594	0.6800495458433677	0.967741935483871	0.9324821611122485	False
27	2051-10-01	FGA	tropics	0.15502504595071276	0.024095215686987706	4.930554425335612	0.03144170666773657	-0.3465781420444436	-1276.9795176321843	11	374.0	374.0188879336226	0.6672786044064377	0.6237683191181499	0.84375	0.8969477991045238	False
26	2052-04-01	FGA	tropics	0.10059437086696794	0.010193031535214829	7.653417616472038	0.013143719042648883	-0.33080974755563286	-446.0225073919909	20	536.0	535.9562282469856	0.7074117890819789	0.6525527131620839	0.967741935483871	0.9619712436531548	False
27	2052-04-01	FGA	tropics	0.2283272084760993	0.05234025733100193	4.907715766323797	0.04652413044024582	0.7993560789173985	-145.8482174870075	28	1373.0	1373.1421586443364	0.47513415652094715	0.438068511401667	0.84375	0.5554250020734267	False
28	2052-04-01	FGA	tropics	0.08582842235134261	0.007752117398368398	2.2274324862425243	0.03853244616007524	0.7420993471011585	-10.594571514887916	26	2984.0	2983.9879831038857	0.7502027825994588	0.7069503422854073	1.0	0.999480627909012	False
27	2052-10-01	FGA	tropics	0.10516178670310845	0.011537162136837174	2.098196488778484	0.050120085161485965	-0.936882173620063	-34.513755548975944	15	866.0	865.9761086695302	0.3034525362497777	0.30263267714408004	0.6595744680851063	0.6352328361347551	False
28	2052-10-01	FGA	tropics	0.27025206319863426	0.07376927489103327	4.382595328105499	0.06166484536354818	0.38367768564235855	-84.98572682420414	26	2976.0	2975.871057016919	0.8098510551190186	0.8065993593959683	1.0	0.987306908286224	False
0	2025-10-01	GARW	north	0.0028025272632643456	1.1329498801139422e-05	0.09913174874831289	0.028270733631257983	0.9787577126976846	0.9532330824254027	14	243.0	242.80651266996549	0.9965986394557823	0.9794834129675191	1.0	0.996538170717821	True
0	2026-04-01	GARW	north	0.013114092651455597	0.00027297991679188255	0.31189030277873575	0.042047131746699815	0.7179796803281405	0.479490567584113	10	161.0	160.82237361460687	0.5253981490805456	0.5244216471807875	1.0	0.9982670800176981	True
1	2026-04-01	GARW	north	0.007628207032982866	0.00010367341098665525	0.14035382577158811	0.05434983329486874	0.9978442840417567	0.9242703878109737	15	1371.0	1370.9856320161068	0.3629675066237347	0.3718797887847865	0.4247787610619469	0.4432848753731566	True
2	2026-04-01	GARW	north	0.007212058141898018	7.514540371801578e-05	0.11595841264944516	0.06219521272424495	0.9975792124551908	0.9452885091648057	16	2110.0	2109.9818892007224	0.5428521852071444	0.530294446593503	0.6	0.5874232741308202	True
3	2026-04-01	GARW	north	0.014525318363567432	0.00026717414630322703	0.2473381369652744	0.05872656170935236	0.9942012106298987	0.6880035869710305	9	170.0	170.25925230710592	0.06130972689376693	0.0611837332294133	0.09333333333333334	0.09146026402983547	True
0	2026-10-01	GARW	north	0.054766088883767494	0.0031978612180934515	0.7441060420214786	0.07359984436490663	0.9350636162256041	-2.463026260569446	4	61.0	61.00820664659493	0.056305107214638314	0.03684029611250775	0.06914893617021277	0.0625524826757701	False
1	2026-10-01	GARW	north	0.08256552538467807	0.01087554300433397	1.3130684024122665	0.06287983568334685	0.08089056885822125	-5.0974098030185315	18	1454.0	1453.8981328578511	0.35309111372047364	0.35374800818295826	0.4247787610619469	0.39458217347513314	False
2	2026-10-01	GARW	north	0.06300680002989763	0.006238056046677039	0.8553052283125024	0.07366586563981212	0.15411686194479754	-1.7130388511711518	21	2314.0	2313.994222076066	0.5523807508667984	0.5421526846338786	0.6590909090909091	0.5948498423791669	False
3	2026-10-01	GARW	north	0.06389590215330367	0.005094022696078572	0.989954205746308	0.0645443009206004	-0.798175773257516	-3.6605693876777314	11	200.0	199.7698506652234	0.07917146669029074	0.07562479522462662	0.18309859154929578	0.14721633350992214	False
1	2027-04-01	GARW	north	0.007365091426494524	5.4244571720623146e-05	0.15057784969722784	0.04891218357350548			1	22.0	21.83106201974508	0.30985915492957744	0.2677846618306034	0.30985915492957744	0.2677846618306034	True
2	2027-04-01	GARW	north	0.0112432634387494	0.0001437106482572851	0.14465798924044707	0.0777230728685238	0.9930729947184644	-1.2891502412627296	3	82.0	81.92092706786215	0.5775999430929007	0.5304952231614891	0.6590909090909091	0.6077783526549122	True
3	2027-04-01	GARW	north	0.020636845388939437	0.00042587938760699093	0.913370586794656	0.022594164611060563			1	13.0	12.595098885712071	0.18309859154929578	0.12069384963265102	0.18309859154929578	0.12069384963265102	True
3	2028-04-01	GARW	north	0.024653596891754274	0.0012403573188307193	0.5912954001452405	0.04169421390002118	0.1159749493423996	-1.5243184023017493	9	168.0	168.04245966173485	0.07820850236206506	0.0795254553961218	0.13333333333333333	0.15503605314613886	True
4	2028-04-01	GARW	north	0.00543188254724845	4.1220691375001386e-05	0.07740241735431272	0.07017716930446483	0.9956169478915947	0.9600748975738119	13	2398.0	2398.0706279449923	0.864926514273628	0.8645918067132787	0.9518987341772152	0.9615814771559863	True
3	2028-10-01	GARW	north	0.1446338963048945	0.030731824278787307	3.473045800551919	0.04164468440983704	-0.8929649883030248	-37.66004856008038	12	207.0	206.93049741358516	0.07816731127364808	0.0515398392320087	0.13333333333333333	0.09029230145876674	False
4	2028-10-01	GARW	north	0.21040895853775513	0.06522721779729704	2.79023057842396	0.0754091651653402	-0.8793645898056532	-22.582627431639388	22	3299.0	3299.035835891832	0.897026651475512	0.9006585455453469	1.0	0.9609993700539068	False
3	2029-04-01	GARW	north	0.009971408669504037	0.00010442985773626061	0.20137408956191982	0.049516840479310834	1.0	-7.339248815099904	2	25.0	25.004371493643823	0.09250420350382382	0.05546668106150866	0.10679611650485436	0.05554308379881756	True
4	2029-04-01	GARW	north	0.01263058169610762	0.00020510122499804042	0.19797764148358588	0.06379802083436178	0.23420923817304778	-3.3191940797632657	7	439.0	438.93638449310555	0.9406663505602341	0.93786409874063	1.0	0.9444334902193786	True
5	2029-04-01	GARW	north	0.016348385047307738	0.0004828791266996029	0.2179795616308179	0.07499962347385696	0.6203138057330726	-0.008645501567362546	17	1093.0	1092.9805759334104	0.9994747899159665	0.9956886128174416	1.0	1.0	True
5	2029-10-01	GARW	north	0.07817840081445332	0.007942494865595213	1.0424297182972282	0.07499632775450316	-0.628800034980066	-7.12445851737724	25	1402.0	1402.0639145855996	0.9996428571428573	0.9913433923291511	1.0	0.9997868415895211	False
5	2030-04-01	GARW	north	0.008431136132744413	0.0001414856614946815	0.20246769114773971	0.04164188411963592	-0.297238481522786	-1.0628635975323077	7	239.0	238.8905739974011	1.0	0.9974333982466721	1.0	1.0	True
6	2031-04-01	GARW	north	0.0021713576633330266	6.595494631764946e-06	0.03879437261132216	0.055970944164703794	0.996563122454166	0.99282170629575	28	2716.0	2716.00578239199	0.8026879984595091	0.807649640113893	1.0	0.9908147405933063	True
7	2031-04-01	GARW	north	0.0016284702493010357	3.305582397728294e-06	0.024663938408013113	0.0660263670124946	0.9984099235721399	0.9967693824431181	16	792.0	792.0019510220145	0.2917467370474888	0.3035667051359009	0.6290322580645161	0.6012241885659889	True
6	2031-10-01	GARW	north	0.050571715065573654	0.0032700506721321035	0.8856887348456857	0.05709874482527409	0.8118214065621193	-1.7193337236931145	24	2678.0	2677.963375301055	0.7580308964487227	0.7505728158243264	0.9767441860465116	0.9658778395010188	False
7	2031-10-01	GARW	north	0.0481345430791539	0.0036864091366847146	0.31079911072962446	0.15487349035894735	0.4561692924832879	-0.17270115351257354	20	889.0	889.0375914224095	0.37082367971212216	0.377983974759736	0.8125	0.7551678548405041	False
8	2032-04-01	GARW	north	0.0014519546535901292	3.7139996225749978e-06	0.0476291033340451	0.03048461028978216	0.9919082936368371	0.9616946481990329	10	290.0	289.7754827877377	0.8923459976555952	0.8854242912443686	0.9642857142857143	0.9033806126986479	True
8	2032-10-01	GARW	north	0.1632880887542926	0.0362179643338467	5.105971296723763	0.03197982896203629	-0.8991037906404197	-80.86999556570612	21	522.0	521.8154185676229	0.7707197389980445	0.7422762480956017	0.9642857142857143	0.930961061826201	False
9	2032-10-01	GARW	north	0.16879585865436408	0.029125600105001277	10.620297167853698	0.015893703913040014	-0.30657245194521954	-263.37845755951776	8	92.0	91.51511554190435	0.5341165413533835	0.5263949531887935	1.0	1.0	False
8	2033-04-01	GARW	north	0.0046551076314740765	2.9271233294029797e-05	0.1349858386341425	0.03448589628791358	0.9904088946580717	-0.18958488571227994	8	144.0	144.0728545351894	0.6227998665141113	0.5422705746278161	0.8	0.7285102628061667	True
9	2033-04-01	GARW	north	0.013019768986354284	0.000253947785591916	0.2786979705356453	0.04671641117920901	0.9734976208531227	0.6662642188913024	31	3268.0	3267.8286551581477	0.8943061158840654	0.9008566137849955	1.0	0.9994294731865123	True
9	2033-10-01	GARW	north	0.07530298457421579	0.008551217858000459	1.3107508677935424	0.057450264901199234	0.556303189179653	-5.953278887588119	26	3220.0	3220.0036101187807	0.9902510752903713	0.9900163148122684	1.0	0.9952089424917173	False
10	2036-04-01	GARW	north	0.004413850171192171	2.065668763055741e-05	0.10386319127398275	0.04249677019406027	0.9993839978828283	0.975230552483626	12	247.0	246.97875627590318	0.086664232344207	0.08390658343972941	0.16455696202531644	0.12348819722642254	True
11	2036-04-01	GARW	north	0.0022933296510708077	7.918532523133843e-06	0.040786920307485035	0.05622708539359727	0.9981606242741613	0.9944104738571699	20	2542.0	2541.9022633517266	0.7183633087644496	0.6991998146798178	0.9333333333333333	0.8104261294506226	True
12	2036-04-01	GARW	north	0.001185293354702453	1.8826884166406232e-06	0.014952472130716677	0.07927072823413057	0.9995180713986092	0.9985957155283081	14	838.0	838.1110292840777	0.26274465914856054	0.26714236089398996	0.5217391304347826	0.519524097252713	True
10	2036-10-01	GARW	north	0.07641237089035403	0.007070584258629844	1.713144654104936	0.0446035719793184	0.8002129344851314	-7.382248320681745	12	247.0	246.97669903360497	0.086664232344207	0.08351836053880023	0.16455696202531644	0.13417678597844376	False
11	2036-10-01	GARW	north	0.08036940047411265	0.009686890206821794	1.2996699922866994	0.06183831353427419	0.6039863584990224	-4.552262424135203	22	2583.0	2582.8965912580716	0.6902906284704281	0.6691837815176627	0.9333333333333333	0.8254466173677039	False
12	2036-10-01	GARW	north	0.060782745036243806	0.006512149273095433	0.5239034778431024	0.11601897602681481	-0.05484581803103649	-1.431947331999634	19	939.0	939.055983520272	0.3639345623020544	0.37880821349056215	0.7647058823529411	0.7279929140498781	False
14	2038-04-01	GARW	north	0.006274583552533844	4.780691244198231e-05	0.19062454348416574	0.03291592697272502	0.8968916811389169	-9.672514564783341	8	186.0	185.95631933275553	0.48781180338873764	0.4651359527121137	0.5555555555555556	0.5389549161308308	True
15	2038-04-01	GARW	north	0.013046155733646956	0.000282284298274056	0.27137608850406747	0.04807407979664876	0.9863573426120582	0.2978932744677212	8	188.0	187.90185237443688	0.5100330241974693	0.514940932784298	0.5789473684210527	0.5663406772117332	True
14	2038-10-01	GARW	north	0.14324551217267953	0.032013386530236276	2.9217172764151296	0.049027848563238816	-0.9666999715630595	-40.02211853362808	17	405.0	404.9364415071951	0.4635352846692868	0.45671896409984075	0.5555555555555556	0.503695471734504	False
15	2038-10-01	GARW	north	0.18692488726007397	0.044395198752160706	5.378638927983544	0.03475319495561534	-0.7969194176723663	-86.94268890023736	20	510.0	509.9964884505765	0.5761443350769851	0.5576436161170866	0.8461538461538461	0.6454471851351671	False
14	2039-04-01	GARW	north	0.006280153488327366	4.946307059233992e-05	0.1758997669890325	0.035703023351468896	0.9555269065400539	0.874901809209814	12	203.0	202.23800144164568	0.3351617036845891	0.3086789246230034	0.5151515151515151	0.4918895709518011	True
15	2039-04-01	GARW	north	0.003168558272843422	1.505239516151166e-05	0.09210257028866443	0.03440249564059553	0.9892911387728944	0.9718435227019291	22	736.0	736.1042994507695	0.7301299334194763	0.7093751002785071	0.9047619047619048	0.8572689793264536	True
14	2039-10-01	GARW	north	0.0031291301591410575	1.1202700195685389e-05	0.14954376737780153	0.020924510690142943	0.9976898687951576	0.9107147192352242	6	77.0	76.75474878435956	0.22645386960018396	0.17648088446333898	0.3235294117647059	0.21397219917510682	True
15	2039-10-01	GARW	north	0.0010102252050577787	1.4595417701064484e-06	0.02596460720325651	0.038907779237695346	0.9990315325172425	0.9977088653232713	23	902.0	901.8159460207526	0.8396499284380543	0.84150184522096	1.0	0.925883427944144	True
15	2040-04-01	GARW	north	0.001169463859148542	1.555417220025615e-06	0.03171764868130119	0.0368710767591668	0.997527432182558	0.9190750024031236	7	185.0	184.76716900778433	0.8968443836864891	0.868282943007239	1.0	0.9066399917792684	True
16	2041-04-01	GARW	north	0.00864155255524063	0.00013795880123631735	0.21941395890331444	0.039384698213519594	0.8107539564860552	0.6349694257827563	20	1060.0	1060.0110799532117	0.7412820142776858	0.7162471372368743	1.0	0.8286976884664989	True
17	2041-04-01	GARW	north	0.012696900180494929	0.000285758273567065	0.2780279931085362	0.045667704314717436	0.9914195971505598	0.2144158219280614	12	412.0	411.99993968139586	0.2913685589803376	0.3004381955069596	0.37962962962962965	0.35436067709502417	True
16	2041-10-01	GARW	north	0.005557630135099033	3.8614888028027286e-05	0.12829098100357542	0.043320505398147545	0.9868974279117475	0.9574886714677149	23	1254.0	1254.0100641468916	0.6541217529788385	0.6446417830347496	0.8333333333333334	0.7399144450351343	True
17	2041-10-01	GARW	north	0.003096209544662066	1.9486512460263785e-05	0.0623943617200568	0.049623226511295214	0.9918016224820386	0.9757181827665476	18	576.0	576.1251359711661	0.34182468931540544	0.33862436626770864	0.6296296296296297	0.44830109465484996	True
16	2042-04-01	GARW	north	0.010525544327198363	0.00015668949055485726	0.23194574064121437	0.045379338711288596	-0.8633466216012218	-6.08813156963933	6	123.0	122.55724763041087	0.5526721638736011	0.5189967141792762	0.7857142857142857	0.5994151492497555	True
17	2042-04-01	GARW	north	0.010003428993197835	0.00015500589738921448	0.2361126079319712	0.04236719538534776	0.9990144885945118	0.12828959923250416	4	92.0	91.81315289491586	0.4925719079902492	0.48739439201871637	0.6296296296296297	0.5087520001953236	True
18	2043-04-01	GARW	north	0.007675027275146439	6.791004417000082e-05	0.14886131941094327	0.05155823759669177	0.996588065700182	0.9411646341804609	8	145.0	144.84162943078468	0.04902561534395308	0.055868628989355705	0.09565217391304348	0.08836561040652026	True
19	2043-04-01	GARW	north	0.00412434762649283	2.266036684312777e-05	0.05951948170430282	0.06929407831511192	0.9967710695073952	0.992510621530815	23	4984.0	4983.9913978779505	0.8383600220826694	0.8271052331397523	0.9643410852713178	0.9405538669538442	True
20	2043-04-01	GARW	north	0.018599428002057054	0.00039632836268137234	0.7025355594121474	0.02647471398831439	0.8710881855949886	-1.8172996256107674	11	189.0	188.95549846746022	0.27364306119524145	0.2900654814709842	0.6111111111111112	0.5851394149572008	True
18	2043-10-01	GARW	north	0.011640234265522359	0.00018809617941921498	0.22090321641813046	0.05269381973818556	0.9841123411622311	0.8415222995608079	8	145.0	144.7911336015011	0.04902561534395308	0.060319075031150665	0.09565217391304348	0.10167685317711143	True
19	2043-10-01	GARW	north	0.007064574494826112	6.55235070655489e-05	0.10060425267122011	0.07022143008122635	0.989877273846662	0.9793167981930438	23	4984.0	4983.973039801676	0.8383600220826694	0.8062040590412157	0.9643410852713178	0.9560408298284474	True
20	2043-10-01	GARW	north	0.015411071890117728	0.00031433029472353966	0.363673283287859	0.0423761452884054	0.8826308734366457	0.250345894511515	12	199.0	198.8259264797609	0.3265970485198804	0.35617502244069205	0.9090909090909091	0.7240558834519768	True
21	2044-04-01	GARW	north	0.002848612832760521	1.029482348361602e-05	0.038702531162721196	0.073602752770453	0.9987304174953799	0.9965176952326991	19	4653.0	4653.026811978697	0.9927555155146693	0.9742173515638917	1.0	0.9994926044215332	True
21	2044-10-01	GARW	north	0.026080830953717916	0.0020733023824827646	0.35773412729529813	0.0729056272905968	0.6884226389709226	0.3540878606428677	21	4691.0	4690.978186404026	0.9934454664180341	0.9834818252747969	1.0	1.0	True
22	2047-04-01	GARW	north	0.009836978969942171	0.0001240479293199816	0.2918769863138422	0.0337024823168652	0.5704428230560743	-0.24316194256363777	9	143.0	142.41225042016066	0.27311068714209186	0.24925830874866348	0.6363636363636364	0.3976446864468099	True
23	2047-04-01	GARW	north	0.004841158247331368	3.785138888400118e-05	0.10753204018863487	0.04502061189240817	0.9015007917130011	0.8020093672526882	11	519.0	518.9294139391915	0.7531535719241155	0.724207007802753	0.8425925925925926	0.8239027488623852	True
22	2047-10-01	GARW	north	0.007393334778729255	7.340735529479959e-05	0.1537860489459074	0.04807545827079401	0.9881363381146046	0.8707288237768044	11	177.0	176.79835958159782	0.25695779786387535	0.2538232670405724	0.6363636363636364	0.34686552348834965	True
23	2047-10-01	GARW	north	0.0023858956778203422	1.7051853671546552e-05	0.061970063342104344	0.03850077842665835	0.9941193949569823	0.979247626206132	24	1050.0	1049.9255044669865	0.8346185376951464	0.8232434182998708	1.0	0.9411123836369731	True
23	2048-04-01	GARW	north	0.19031795619626063	0.07151572995624138	5.066563005582082	0.03756352304048681	-0.9336910959801267	-121.15106278418763	23	772.0	772.0316238785308	0.959487862902943	0.9531418049385322	1.0	0.9987451724993843	False
23	2048-10-01	GARW	north	0.03122360867733311	0.0022249692772056645	0.8512574150029134	0.03667939700381494	-0.78681638693611	-4.247812609131602	18	569.0	568.9550435178772	0.9739420846038492	0.9726702002146117	1.0	0.9989665313700727	True
24	2048-10-01	GARW	north	0.07484231946909457	0.005700365377496808	2.536480271450789	0.029506367666832695	-1.0	-1245.5552176454971	2	26.0	25.962703185291858	1.0	1.0	1.0	1.0	True
23	2049-04-01	GARW	north	0.1867873530946192	0.036042274138920215	4.874674877079222	0.038317909974446805	-0.987962081190245	-511.02517104603703	5	118.0	118.22406339749779	0.9154863763687293	0.9384266262748102	0.9642857142857143	1.0	False
24	2049-04-01	GARW	north	0.08550559001959616	0.018535634064629204	1.5288931648515343	0.055926464965195474	0.35797959499077653	-11.797017131802127	28	4050.0	4049.9938334446806	0.9931297544678191	0.9815050922346317	1.0	1.0	False
24	2049-10-01	GARW	north	0.15834981477997545	0.02895323198879079	2.8436613786635703	0.05568518669912618	0.7595753865489021	-17.1839216289578	25	3994.0	3994.0058679960257	0.9923053250039575	0.994367890606867	1.0	0.9965059818330475	False
26	2051-04-01	GARW	north	0.008196783628752877	0.00011966044566302366	0.17146424765515253	0.04780462248455538	0.8903372936808551	0.2544458858498838	8	253.0	252.95856609516935	0.8289357956142451	0.7859803222074426	0.8936170212765957	0.8572100853383922	True
26	2051-10-01	GARW	north	0.0028049008831873314	1.35802733739116e-05	0.06279350125829852	0.04466864925479287	0.9939287144543698	0.9747419407554057	21	699.0	698.9552161993072	0.728675704729419	0.6904301426106249	0.896551724137931	0.7845553620925059	True
27	2051-10-01	GARW	north	0.0053511926298720714	4.867807077418754e-05	0.21835955516973699	0.024506336009488754	0.7521192747204112	0.44432391496821144	22	469.0	469.0344079076169	0.6796546439239178	0.656427607835433	1.0	0.9512214643269509	True
26	2052-04-01	GARW	north	0.0037835894421940877	1.8928406829160735e-05	0.12724614005099977	0.029734414267321898	0.8204936141233258	0.37948106430187123	11	304.0	304.05241869771487	0.5935119638334613	0.5289299320227592	0.896551724137931	0.7983204422694019	True
27	2052-04-01	GARW	north	0.005729037909017786	9.655936341978355e-05	0.06882516723643281	0.08324045024601265	0.9556470422588211	0.9074337321046854	41	2514.0	2514.069829907264	0.5670324286707306	0.5661403002151582	1.0	0.8253130055257982	True
28	2052-04-01	GARW	north	0.0073367276951503855	7.541316822231702e-05	0.11453589214563999	0.06405614482682205	0.9989902725707729	0.962009509084113	23	3584.0	3583.9813646074385	0.6508695778323618	0.6384005630985611	0.9743589743589743	0.9842092066848586	True
27	2052-10-01	GARW	north	0.37455256658208574	0.196684449260671	4.653405450692197	0.08048999180296461	0.9085947607569458	-120.72049558141676	17	1918.0	1918.0237593395784	0.38832487165111923	0.38759778845295095	0.8421052631578947	0.8085171302562592	False
28	2052-10-01	GARW	north	0.14858566548079366	0.030309996319831837	1.2782822665524614	0.11623854086744904	0.7284117556309635	-8.95500051595533	22	3574.0	3573.9908198132334	0.6749113213923695	0.6860669886642428	0.9743589743589743	0.9658750176978734	False
0	2026-04-01	GARW	south	0.09344861486784437	0.012490589737120299	3.8963075277103814	0.02398389095399724	-0.9807437032371383	-74.01906741832731	10	140.0	139.3618449432585	0.4224954847839518	0.4021407738348553	0.7333333333333333	0.6407971854212826	False
1	2026-04-01	GARW	south	0.16423945948700797	0.029128920538497964	5.9881456695900015	0.027427432221810526	-0.02143127015185759	-117.08971735397922	17	325.0	325.0090368048753	0.573954740304472	0.5601090712507365	0.7857142857142857	0.6552472770856377	False
2	2026-04-01	GARW	south	0.1180771780921703	0.014597790877610239	7.317164385304788	0.016137013175391703	0.27808199203715456	-162.24695176508624	5	62.0	61.533001523473615	0.2879323931414907	0.21769963726322022	0.4074074074074074	0.24716787785324834	False
0	2026-10-01	GARW	south	0.00209172908456442	5.662759133460334e-06	0.11889185426624059	0.017593544128601986	0.9536385776645417	0.6458030702984674	3	37.0	37.10107746561756	0.25142700758464304	0.2598020652231606	0.32653061224489793	0.2841713589091454	True
1	2026-10-01	GARW	south	0.0032411877938829234	2.399842537767699e-05	0.06661031236447852	0.048658949025006545	0.9891797142937208	0.9647075587644937	34	1243.0	1242.9393140155871	0.37796725035756906	0.3801400300551924	0.7857142857142857	0.6519993575279233	True
2	2026-10-01	GARW	south	0.0051257065219102995	6.205828612305915e-05	0.053595376453002434	0.09563710269681584	0.9919027351262055	0.9580016137520359	29	1634.0	1634.0701064411905	0.3510633699378125	0.3306202793658352	0.5423728813559322	0.42544496236982376	True
3	2026-10-01	GARW	south	0.003143736297432605	1.613102530616659e-05	0.056291160513913356	0.05584777909589508	0.9977221806297027	0.9889406796701276	20	2124.0	2123.9022224474465	0.45824842850298786	0.4516679340890756	0.7321428571428571	0.7512389190225868	True
1	2027-04-01	GARW	south	0.1422649938506409	0.024519323903381577	2.4300620868880474	0.05854376915646066	0.9132795092413734	-20.970595891502803	22	1001.0	1000.9523333804287	0.2588968106121362	0.2554071480566917	0.5263157894736842	0.4102541075580383	False
2	2027-04-01	GARW	south	0.1850905652378625	0.039276672886242196	3.4293942797140793	0.053971795058016525	0.864201073247799	-28.45907966984818	23	1562.0	1561.978038114593	0.35903629872072995	0.3588085176056768	0.5423728813559322	0.4964033554939887	False
3	2027-04-01	GARW	south	0.13143211343608094	0.02349394504797151	2.1162108186446287	0.06210728736386452	0.6416440508783249	-11.072974699160792	22	2158.0	2157.8442151766985	0.49173084626848396	0.4812521384654211	0.8636363636363636	0.7146175395316041	False
4	2028-10-01	GARW	south	0.0402955387274649	0.0025410174710575944	0.6028549388882174	0.06684118537998174	0.8722627001310651	-1.1320035376089876	25	3165.0	3165.0134949755607	0.7884160505523983	0.7713151827586902	1.0	1.0	True
5	2028-10-01	GARW	south	0.03464125455580241	0.0022836735011015014	0.5314693879982765	0.06518015023645114	0.8997991997115515	-2.2482571194398977	13	940.0	939.8835503309339	0.3723408294523669	0.37700416905498185	0.7701149425287356	0.7576186792904437	True
4	2029-04-01	GARW	south	0.08843310513076569	0.010165182654867072	1.683386170414331	0.052532868978601446	0.8244765967614394	-8.393486751851125	26	3182.0	3181.973125890709	0.7653573135653402	0.7576717873108684	1.0	0.9782749549515106	False
5	2029-04-01	GARW	south	0.0868526353242969	0.009830323188688513	1.4275226050704686	0.060841513133173465	0.0024512276198573463	-8.81081761585403	20	1205.0	1204.8306745961395	0.5581433881506129	0.5284153075040765	0.9642857142857143	0.9097706924178066	False
5	2029-10-01	GARW	south	0.36727977801035483	0.13867428641901647	8.040307102886876	0.04567981960272175	0.007510446902376344	-447.11460909544036	5	124.0	123.924961905463	0.9233178053830228	0.8940060221920388	0.9642857142857143	0.9205637288809208	False
6	2030-10-01	GARW	south	0.04917308121862704	0.004669985531744982	0.8487116313329326	0.0579385027885136	0.9907740850502487	-7.063364645462215	16	1981.0	1980.9204170715934	0.9964386657708487	0.9896520611515431	1.0	0.9990771780670705	False
6	2031-04-01	GARW	south	0.05185328203063233	0.003489544096669525	0.890451541699611	0.05823257033354068	0.12595204492488477	-1.0963947292016618	24	2499.0	2498.761224737422	0.9913903663495668	0.9884538540596371	1.0	1.0	False
6	2031-10-01	GARW	south	0.002263134848244876	6.906030147379141e-06	0.041568601928500766	0.05444337175778813	0.9793851004728169	0.6976981841914582	5	174.0	173.93046340726696	0.9700700280112045	0.9815945621149076	1.0	0.9938170248027014	True
7	2031-10-01	GARW	south	0.0049407675648040035	3.206229716752311e-05	0.15152163510830619	0.03260767058956558	0.9903614872067783	0.6923304352961004	9	247.0	247.1079834665723	0.5056471896723758	0.5121156877798757	0.7142857142857143	0.6842839068182025	True
8	2031-10-01	GARW	south	0.004434201986200965	2.6711910633016048e-05	0.08138120905248206	0.05448680399109561	0.9982998793631059	0.7250743374467483	7	273.0	272.89674042656304	0.5357398053471748	0.528297721271121	0.7142857142857143	0.6491359785121007	True
7	2032-04-01	GARW	south	0.0033563300330577838	1.382222697633042e-05	0.10661698574839125	0.031480256260278186	0.9975589008063511	0.9657494733046814	15	406.0	406.14996260684484	0.40168860307497145	0.40373134682241674	0.7142857142857143	0.6034132961514604	True
8	2032-04-01	GARW	south	0.001452750650695019	2.8203163154443127e-06	0.02896127916712322	0.05016182615111069	0.9991665409520887	0.9964044486121627	21	1039.0	1038.7205049932602	0.7345587466383762	0.7071419060191266	0.9375	0.9283622875678778	True
7	2032-10-01	GARW	south	0.002542883014055384	8.952554389420269e-06	0.10007000500669126	0.025411041139503814	0.99939880273404	0.5040300716918034	3	64.0	63.8031434750191	0.21503459556481963	0.20737039272034133	0.2543859649122807	0.22283036292032607	True
8	2032-10-01	GARW	south	0.04549112407865402	0.004813714136458026	0.2983548715983409	0.15247320693960806	0.6662387279539002	-2.098497614172863	25	842.0	841.8250093030356	0.5686442777631661	0.5828963702393763	0.9375	0.9065219768144971	True
9	2032-10-01	GARW	south	0.06495160351937558	0.006335738133261639	1.11526056082175	0.05823894953437403	0.5382771773480485	-11.278253388812496	14	1763.0	1762.9594686671865	0.7582176839246835	0.700111415740608	0.9531914893617022	0.9997408836233856	True
8	2033-04-01	GARW	south	0.0074907375158126555	7.192458865983953e-05	0.18810081937427087	0.039822992482069254	0.9736433873964405	0.8543203651842952	16	352.0	351.69084113885424	0.3017958365677461	0.3169236626927485	0.8461538461538461	0.5920150472748895	True
9	2033-04-01	GARW	south	0.002728334696583073	1.1174998658684843e-05	0.050000855920846084	0.05456575985223466	0.9968116830705338	0.9929150079889512	22	2386.0	2385.9934555961013	0.8353876124812707	0.797657842582743	1.0	0.986291465381329	True
9	2033-10-01	GARW	south	0.006257981999596067	5.7994383761984085e-05	0.11612126457616215	0.05389178306348492	-0.9595736849704999	-1.6341508907265263	5	221.0	221.25196478541014	0.9775347459557986	0.973979507281198	1.0	0.9786166836156889	True
10	2035-10-01	GARW	south	0.06025786843282538	0.004724544179628635	1.5103886902555368	0.03989560357647447	0.9917583357870676	-10.492888173779045	16	1254.0	1253.9783673487293	0.7204433739257252	0.6976987988805365	1.0	0.8404519808664872	False
11	2035-10-01	GARW	south	0.07006331606172407	0.00776201885249222	1.1547411348093277	0.06067447841744463	0.9947369944000548	-17.60858699608545	11	641.0	640.9263847859571	0.32814297150577704	0.3265673592866584	0.5263157894736842	0.4941968027935095	False
10	2036-04-01	GARW	south	0.001964722395367624	4.857474990994789e-06	0.034636305269667295	0.05672436422045938	0.9992927501576752	0.9959377149125006	23	1502.0	1501.9384631230944	0.6190870895206078	0.6063926785016249	1.0	0.858576707066336	True
11	2036-04-01	GARW	south	0.001780981694975809	4.31612057268541e-06	0.02840224877933008	0.06270565787987639	0.9988758068305095	0.9966299599293701	21	1075.0	1074.9864063154441	0.4959367496490453	0.49524457453366677	0.9090909090909091	0.7843496627131725	True
10	2036-10-01	GARW	south	0.16313564919302515	0.027324071576793268	2.7405620368704904	0.05952634787983614	-0.9931539713561311	-370.9630435991855	5	125.0	124.87789631562592	0.37967504831518173	0.33353426372584705	0.4230769230769231	0.4071483468060549	False
11	2036-10-01	GARW	south	0.20343093227156944	0.042084428783540094	4.874992354945905	0.04172948744528376	-0.8745276192642437	-1133.2711391557564	7	246.0	246.0236245261572	0.6747061616422315	0.6881462245646317	0.8387096774193549	0.7858588759119101	False
12	2036-10-01	GARW	south	0.10013777705742373	0.019915904304634167	2.7618235075096282	0.03625784804320072	0.6958873778989546	-58.21487391952616	14	601.0	601.0567577128534	0.665173127932053	0.6701312706532366	0.7719298245614035	0.7848193041288789	False
13	2036-10-01	GARW	south	0.06791868561723861	0.0055306408842995085	1.3981808654452685	0.04857646624681067	0.989715419335388	-37.98106078172192	9	296.0	295.87007776676904	0.3431424585500321	0.3560588953052909	0.5454545454545454	0.5141462863854396	False
12	2037-04-01	GARW	south	0.0024885077672174446	7.552814574241311e-06	0.06238232659076638	0.039891230468883876	0.9987392105109124	0.9898664159484456	20	840.0	840.121948314833	0.6082447854739976	0.6032703559205232	0.7719298245614035	0.7569535795852247	True
13	2037-04-01	GARW	south	0.0026419751187046854	1.0317889360272767e-05	0.054642494954196846	0.04835019193247447	0.9983547243864617	0.9866220197489083	18	583.0	582.8940513635201	0.4476979050579697	0.45307585131247763	0.6774193548387096	0.6415006815197997	True
12	2037-10-01	GARW	south	0.004719372432166191	2.694332848035192e-05	0.1198331250506774	0.039382870388887624	0.8251423819522261	-2.604624614185585	3	87.0	87.08008036615966	0.43748487049140644	0.42255197689907203	0.49382716049382713	0.45113886767687783	True
13	2037-10-01	GARW	south	0.004482383839621068	2.9375997914015564e-05	0.1205849134041034	0.03717201192988157	0.9446148671320241	0.4216251248743592	6	148.0	147.92777249877395	0.5865510800098613	0.5907042372199259	0.6774193548387096	0.64015418325773	True
15	2037-10-01	GARW	south	0.007221295840190916	8.605934537262442e-05	0.15520774860255318	0.04652664512699545	1.0	-1.3342931867132455	2	25.0	24.937254628027393	0.7784313725490195	0.7052211564545345	0.8235294117647058	0.7446565821536284	True
15	2038-04-01	GARW	south	0.031163760294927734	0.0011882158339933397	0.8004043462325509	0.03893502133217223	0.8817603763554118	-2.8402025136877844	5	62.0	61.96007513137121	0.6925319693094628	0.6284346005760686	0.8235294117647058	0.6763576684301977	True
14	2038-10-01	GARW	south	0.003071967718677172	1.1777278800298216e-05	0.08205536550793155	0.03743774340241325	0.9989614579998857	0.9815408585060958	17	813.0	812.983364181695	0.38504849607674624	0.38372048850046997	0.46153846153846156	0.4673772072182296	True
15	2038-10-01	GARW	south	0.0028573738240535206	9.305168325478491e-06	0.06942111791253201	0.04116000879809662	0.9969676361904958	0.9824709120156437	19	1395.0	1395.1164232307017	0.619090511039007	0.6123771718082525	0.75	0.7110631155498431	True
14	2039-04-01	GARW	south	0.06945128283311079	0.007279694273773865	1.5724901581462427	0.044166434030331	0.36052255538542144	-7.767443735406282	19	850.0	849.930631748527	0.3753875207812183	0.3720517910768164	0.46153846153846156	0.44970648278205166	False
15	2039-04-01	GARW	south	0.07340145415393463	0.008189403522691248	1.4565654133827608	0.05039351715997802	-0.47722867009556763	-6.602277180881645	24	1551.0	1550.9715559704298	0.6519351119212987	0.6437890864759909	0.8888888888888888	0.7528055506537368	False
16	2041-04-01	GARW	south	0.0040200082072342665	2.4278817390380215e-05	0.12228255966630502	0.03287474696477081	0.9979717209834998	0.93701284140047	18	401.0	400.99925488260135	0.8852198784707155	0.8652143251281721	1.0	0.9134454002403788	True
16	2041-10-01	GARW	south	0.009730801712950267	0.00013826874417741783	0.2704318805425639	0.03598245034360405	0.8414952956593063	0.6994099512960656	22	881.0	880.6848663849233	0.6407115612367101	0.6237637835696459	0.9411764705882353	0.8441089852140525	True
17	2041-10-01	GARW	south	0.01648852180772894	0.0004940998020890148	0.4174181980138799	0.039501204993416854	0.9936271061199518	0.03154386105389295	15	640.0	639.9436614098124	0.45691364566340614	0.4466461179241425	0.5217391304347826	0.48494135650318115	True
16	2042-04-01	GARW	south	0.06969349257250448	0.007678071135523124	1.8367285387974175	0.03794436200035075	-0.3289639180269778	-9.87812895131923	22	914.0	913.6887090042135	0.5424813661214885	0.5368300921601257	0.8421052631578947	0.5922029328783219	False
17	2042-04-01	GARW	south	0.1014103463254	0.017006036600452974	2.0420256992079686	0.049661640578144324	-0.6062715430890255	-18.036945806219258	21	783.0	782.8996809798957	0.46582847064972815	0.4617432989396094	0.5384615384615384	0.4995015504350465	False
16	2042-10-01	GARW	south	0.009923197078990812	0.00010723279259258064	0.2847829216290144	0.034844775881321004	-0.9968920396309529	-63.22997954190973	4	77.0	76.76157432703603	0.490467032967033	0.46460347145361175	0.5357142857142857	0.508207011279393	True
17	2042-10-01	GARW	south	0.012323815581266127	0.00019639164956506764	0.22166116008871375	0.05559754165472138	0.9911354884564533	0.17113982740960276	4	81.0	81.0324532906952	0.4956868131868132	0.5141605099516284	0.5384615384615384	0.5420257232605562	True
18	2042-10-01	GARW	south	0.007810182053073246	0.0001568745179787177	0.19699236381088167	0.03964713099524632	0.9279415857141285	0.4237238967685232	10	238.0	237.8448795749836	0.5788171176755202	0.5592179781945215	0.8823529411764706	0.7775658496873067	True
19	2042-10-01	GARW	south	0.007032423606596041	5.445356457961248e-05	0.11720532950761234	0.060000885933598216	0.914004882114452	-2.542495237930117	6	228.0	227.9947715090497	0.5257846800351236	0.5134701207843622	0.625	0.7290267864438765	True
18	2043-04-01	GARW	south	0.1808373870935724	0.04489369129517872	4.0333238304538765	0.04483582144536667	-0.914214483131285	-64.36982995958098	18	410.0	409.93904773278246	0.3962191307549638	0.40162266111498507	0.8823529411764706	0.7232815190953288	False
19	2043-04-01	GARW	south	0.2525438557005758	0.07144835191881695	4.468138446013347	0.0565210453418035	-0.45110613317224024	-78.20728313489751	26	1500.0	1499.84026442548	0.7640935574300526	0.7462411925493883	0.9411764705882353	0.9130550922100962	False
20	2043-04-01	GARW	south	0.11521588521052017	0.01903966790685498	2.5267507324673986	0.04559843744381174	-0.9967682791363097	-195.85372885091886	3	54.0	54.09884783827748	0.6587962962962962	0.6063210693705295	0.7333333333333333	0.7295290691714905	False
18	2043-10-01	GARW	south	0.005899788132907786	5.3319858002657043e-05	0.17511283412565232	0.0336913519923639	0.9975200570818338	0.4400439613678404	6	114.0	113.84700869398333	0.14688398349643267	0.14484254155572196	0.20863309352517986	0.18853423092586108	True
19	2043-10-01	GARW	south	0.0038869839297000584	2.3130845619598677e-05	0.12645151605735042	0.030738927067803345	0.9566335172052691	0.8837488120811091	18	1078.0	1077.8109371616133	0.8430107604903432	0.8009343713105853	0.9411764705882353	0.8897892417303843	True
20	2043-10-01	GARW	south	0.003839170284893634	2.2181286277297373e-05	0.055294139671508126	0.06943177536898862	0.9958468289888082	0.9897345499195367	27	4888.0	4888.02623063802	0.9292730395054418	0.883328009563345	1.0	0.9995902171313373	True
20	2044-04-01	GARW	south	0.29485129582341874	0.09702932512592932	4.422856813597567	0.06666534962581926	0.7960590645291818	-44.46005468588257	20	4749.0	4749.000979263397	0.9790814872859661	0.9530506717125726	1.0	0.9961027792866397	False
21	2045-04-01	GARW	south	0.0025528154482154777	9.470834617965474e-06	0.11210624830162583	0.022771393092622612	0.9988527557720481	0.9533304961314516	17	392.0	391.9830581493324	0.9957983193277312	0.9905221656101522	1.0	1.0	True
21	2045-10-01	GARW	south	0.11096679666810949	0.016023774702646015	2.2190853337428273	0.050005646461980344	0.5847012564276379	-21.778427119319964	23	904.0	903.9831999311309	0.5890251469248542	0.603076616883637	1.0	1.0	False
22	2045-10-01	GARW	south	0.05840098664344196	0.004400242068768785	1.0683276230191445	0.054665802311090674	0.9922000435559111	-7.1384469549562475	15	1226.0	1225.9973416349412	0.5814720201464567	0.5650968862594936	0.7639751552795031	0.8191341238017493	False
21	2046-04-01	GARW	south	0.07292710666818134	0.00917265756831329	1.383995181163148	0.052693179615619305	-0.29012997186029665	-8.527502890358654	21	830.0	829.9036294170896	0.3972954006235691	0.4008398717917856	0.7916666666666666	0.6791922291239985	False
22	2046-04-01	GARW	south	0.07836040261301493	0.010107559620227365	1.3029814215759639	0.060139309214583846	-0.2803231317171909	-5.75456959102181	25	1608.0	1607.8485100307985	0.6739100625867936	0.6599591018095883	1.0	0.8901850465767003	False
21	2046-10-01	GARW	south	0.002151283537572775	8.789259562342748e-06	0.03979418249636795	0.05406025209260485	1.0	-0.09462002667273528	2	25.0	25.004224487896487	0.17592592592592593	0.195445579927532	0.18518518518518517	0.20487067958316738	True
22	2046-10-01	GARW	south	0.0013068536232154263	2.5163979857099957e-06	0.026476166813951454	0.049359623407675	0.9721636485246132	0.9263445168562715	7	205.0	204.74772660980784	0.8390022675736961	0.8466163328128518	1.0	0.8930235201354135	True
23	2047-10-01	GARW	south	0.08385941064420001	0.008748309065283183	2.148005141487678	0.03904060052022044	0.9862228809045525	-42.21851446719546	15	972.0	971.956934720795	0.95446968352662	0.951484766821404	1.0	1.0	False
23	2048-04-01	GARW	south	0.20126526015763968	0.049087788068575056	4.770693887767113	0.04218783784759671	-0.6663268641099129	-58.89216235876889	24	1413.0	1412.924118416728	0.9685227188708042	0.9623418053984235	1.0	1.0	False
23	2048-10-01	GARW	south	0.004283213687318081	2.2619905659304954e-05	0.1016242142976523	0.04214757001488602	0.9892442992878759	0.6984720688586619	7	277.0	276.9686050507331	0.9910714285714286	0.9851994375296167	1.0	0.9960016119501037	True
24	2048-10-01	GARW	south	0.0327629312529849	0.0015722892908984298	0.48563649438962386	0.06746389868035609	0.9706329532244937	-1.2851674227474064	14	1817.0	1817.002911789129	0.9422235929603742	0.930444803968901	1.0	0.9998995029701614	True
24	2049-04-01	GARW	south	0.012359884753198524	0.0001762168480261936	0.18726942522285303	0.0660005483462669	0.9981725409894014	0.9130448807507962	24	2590.0	2589.9527419228675	0.965014326375488	0.9695703309608952	1.0	0.9997472954687128	True
24	2049-10-01	GARW	south	0.3700848423557902	0.14252584770676396	6.504861885586976	0.05689357420113694	-0.8899247652948475	-2684.7023233134623	8	406.0	405.97185714146485	0.9989495798319328	0.9958917570112673	1.0	0.9994561991919074	False
24	2050-10-01	GARW	south	0.005761079752468093	4.161981553440665e-05	0.16061841953182826	0.03586811381447116	0.908712155055937	0.7726981284723755	9	172.0	171.9322009018703	0.2548458846983949	0.2637119260934578	0.3548387096774194	0.35554133310272085	True
25	2050-10-01	GARW	south	0.004147915120007196	3.232587769675281e-05	0.1087689814674911	0.03813509204595178	0.9443772259709466	0.7892419773708359	12	573.0	573.1322230964264	0.7317457468106898	0.7123744918825698	0.8494623655913979	0.7981897764342092	True
24	2051-04-01	GARW	south	0.0037049974637625945	1.9471977507153357e-05	0.10263641770156877	0.03609827336857612	0.9913485192533582	0.9541627409840644	14	256.0	255.9450965350201	0.2336869500129049	0.24415995943819574	0.3548387096774194	0.32398088220507015	True
25	2051-04-01	GARW	south	0.0015372446503865503	6.384212225802476e-06	0.03274577206435434	0.04694482839999762	0.9973611924709576	0.9931945812613588	23	1064.0	1064.0917720758057	0.7519347434338041	0.7508174594997633	0.9	0.8179510665842256	True
24	2051-10-01	GARW	south	0.0059015462864836195	3.8909448842165085e-05	0.21555416087118973	0.027378484658481028	0.9997379427466413	-0.7487385245226676	3	44.0	43.985848784347944	0.19726731601731604	0.19715741645463924	0.21875	0.19945372968453806	True
25	2051-10-01	GARW	south	0.002590456912846323	9.47827261084402e-06	0.05719710521765792	0.045290000306634326	0.9932032204990275	0.8977503694104391	9	326.0	325.82552659261205	0.7687759218136835	0.7649604355735037	0.9	0.7828288850335537	True
26	2051-10-01	GARW	south	0.019947063519551216	0.0009224107101540176	0.15205908047771072	0.13117969316192937	0.9961180233129427	0.783188292244534	13	399.0	398.9987900780529	0.19990502833583282	0.203875785313156	0.6	0.4629607463171352	True
27	2051-10-01	GARW	south	0.0033724043311836784	1.5144546162768715e-05	0.04276998798265173	0.0788497843990881	0.9992182484434087	0.9945885841257046	15	4031.0	4030.980706235354	0.8586568334304638	0.8433034574947139	0.9772727272727273	0.9761901754980294	True
26	2052-04-01	GARW	south	0.056039179534268166	0.0046141373496172205	0.736016317962838	0.0761385015068343	0.6978693931026465	-1.5462060392489723	13	399.0	398.9830047497663	0.19990502833583282	0.1954280837502836	0.6	0.4523751944770104	False
27	2052-04-01	GARW	south	0.06854332308416307	0.006957762538380127	0.837046561602414	0.08188710906708227	-0.11705300890597782	-1.0060219998264799	20	4218.0	4217.962250207569	0.8888522612350049	0.8859686345174579	1.0	0.9964970697156523	False
29	2053-10-01	GARW	south	0.1521576620344225	0.042163615593288836	3.375930493947323	0.04507132546337215	0.829300869904969	-99.94417777069042	16	1465.0	1465.0172914756608	1.0	0.9956813052564992	1.0	1.0	False
1	2026-04-01	GARW	tropics	0.003033933928019212	1.6224727611054103e-05	0.17688613918348306	0.017151903150942362	0.8808264463470498	0.5801335034274808	23	690.0	690.1023671997353	0.6782968518386547	0.6646744723593659	0.8636363636363636	0.7009325889958724	True
2	2026-04-01	GARW	tropics	0.0017234800015885241	4.7729820833971214e-06	0.10092966163520849	0.017076050525342317	0.786618041530329	0.6006429223563101	14	303.0	302.9999872916054	0.3605146689647441	0.333206003544829	0.4367816091954023	0.4009637618099931	True
1	2026-10-01	GARW	tropics	0.0010325096549679343	1.6282521280167816e-06	0.06651946804520574	0.015521916896061987	0.9926930512475514	0.9853179876500824	40	1126.0	1126.019894590184	0.560024009211192	0.555300797575881	0.8636363636363636	0.7253845944329315	True
2	2026-10-01	GARW	tropics	0.0014377560747870079	4.695898927062488e-06	0.055673004718937324	0.02582501307492662	0.9811093994132728	0.9608055094284351	38	833.0	832.8164602800289	0.3674177075688228	0.3564737481644964	0.5094339622641509	0.4273345780843105	True
3	2026-10-01	GARW	tropics	0.002649895563750808	9.166431424985424e-06	0.15892556477956704	0.016673815615670558	0.7088302078613709	-2.3423758949061675	16	406.0	405.84491928182075	0.490468455623831	0.47959742582157117	0.7857142857142857	0.8357638205097699	True
1	2027-04-01	GARW	tropics	0.0018974583590162166	4.886030461586692e-06	0.12740103317439788	0.014893586902225562	0.323636972049859	-0.7520992597293132	16	367.0	367.0540981851899	0.37639055595834786	0.35740416578806405	0.5256410256410257	0.5370314722187998	True
2	2027-04-01	GARW	tropics	0.0024987492316944655	1.0055083161504988e-05	0.2541288625467883	0.009832606995730029	0.6956994597756422	0.45557216830433855	25	499.0	498.57116326192374	0.3575576710906182	0.3490266177233671	0.5094339622641509	0.4495260283538898	True
3	2027-04-01	GARW	tropics	0.0023142626671473062	1.0057492643324915e-05	0.0857161719961362	0.02699913695692833	0.9550124660920093	0.8948184250638754	42	1149.0	1148.55504348736	0.6659130864107224	0.6635937663589884	0.9210526315789473	0.8571070274252997	True
2	2027-10-01	GARW	tropics	0.0028423986631118153	1.946137767656342e-05	0.3243833293964127	0.008762468368521681	0.05920188744344467	-0.6674801856458319	18	235.0	234.51668830423918	0.6068136390358613	0.5320055292176934	0.8125	0.6430242627040491	True
3	2027-10-01	GARW	tropics	0.001374422451693619	3.5572930635836025e-06	0.11121909116861826	0.01235779250893059	0.9509902570573038	0.7540768875299273	31	758.0	757.5177661724505	0.7408990325955505	0.7300261027543392	0.9210526315789473	0.8407460504751821	True
2	2028-04-01	GARW	tropics	0.0033022146285702648	3.439725846957703e-05	0.14733584421602763	0.022412839497009784	0.2980895137690599	-0.04799880873434903	24	326.0	325.7479889883583	0.5819246565288387	0.5053022061718752	0.8125	0.6529607227662236	True
3	2028-04-01	GARW	tropics	0.011637367982328645	0.0009326972809001981	0.06973096267080583	0.16688953567538864	0.7709326893031081	0.2591562446066673	28	450.0	449.7582369241876	0.3443504719455002	0.3237106347613396	0.75	0.6776988203535429	True
4	2028-04-01	GARW	tropics	0.0033179035565199565	1.678966804563556e-05	0.10866287778577498	0.0305339194408332	0.918201521574014	0.7492632043581333	18	1461.0	1460.9901276310886	0.6820352527688226	0.6497518060321829	0.9204545454545454	0.9973345440307887	True
2	2028-10-01	GARW	tropics	0.004733903404021221	2.869258042186785e-05	0.6430066767154873	0.0073621372459182766	-0.5490303117010777	-10.015797677517599	7	91.0	90.85926995916651	0.3747983244076211	0.32523573951170404	0.6153846153846154	0.4834764664650073	False
3	2028-10-01	GARW	tropics	0.007231716071468456	6.727776582590356e-05	0.2517462391609054	0.028726212933994435	0.8947259115584398	0.2513525614996931	23	386.0	385.7489314530725	0.27700531912537835	0.259671061185238	0.625	0.41467272054058146	False
4	2028-10-01	GARW	tropics	0.04544720968252327	0.005847015540222457	1.1319797811041143	0.04014842883341504	-0.4430286855493166	-10.323082067340962	37	2796.0	2795.968990626688	0.8096068087254075	0.7890290479006292	1.0	0.9855324029655969	False
5	2028-10-01	GARW	tropics	0.08159953964769923	0.007004641368423104	3.616121059403808	0.022565488905715064	1.0	-537.8881301463309	2	22.0	21.909326561047326	0.7202380952380952	0.6304462151802586	0.9166666666666666	0.6623882332955665	False
4	2029-04-01	GARW	tropics	0.008741809186494639	0.00010836510175879887	0.21362137667237213	0.040921977578591395	0.4612694512271389	-0.7861598574295663	17	986.0	985.9925009555282	0.9289522415875952	0.8979432945945333	1.0	0.967993483063199	True
5	2029-04-01	GARW	tropics	0.008286524532905763	0.00011155764399709457	0.2535881031644949	0.032677102866811324	0.7769984010745832	0.13682298584898112	28	1237.0	1236.9775006169039	0.9493602069452644	0.9037888377029112	1.0	0.9998552785839289	True
5	2029-10-01	GARW	tropics	0.0037263637449152457	2.739222979692395e-05	0.1288026706571666	0.028930795657441673	0.9394321685398876	0.8070715680088167	41	1692.0	1691.8759369455963	0.9852544765165189	0.9750555365413015	1.0	0.9950036298600572	True
5	2030-04-01	GARW	tropics	0.037757845832594644	0.0026410714701619884	2.2266529009239426	0.0169572212251524	0.8324923827536326	-209.3443026797971	16	456.0	455.64183904965523	0.989802748956961	0.9898598468775985	1.0	0.9977228326985979	True
6	2030-04-01	GARW	tropics	0.0018469307213049716	5.876427406852236e-06	0.08244386171060618	0.022402282995768123	0.21895936613957695	-1.269672403033487	4	58.0	58.007298651853745	0.8961779448621554	0.9271610691835486	1.0	0.9339899646812241	True
6	2030-10-01	GARW	tropics	0.000972294458430243	1.4038246293122455e-06	0.04338182327483611	0.022412484884982424	0.9939569900318529	0.986654886041896	30	1645.0	1644.8049543095105	0.9589348168043975	0.9610420231878616	1.0	0.9866832221662221	True
6	2031-04-01	GARW	tropics	0.001346363767827186	4.879802270998366e-06	0.07129765875403918	0.018883702373339313	0.9898074726776053	0.9707574580168185	39	1923.0	1923.0209619519653	0.9019561558814312	0.9007217690912728	1.0	0.9821980923537211	True
7	2031-04-01	GARW	tropics	0.0041757326763348515	2.194555927250435e-05	0.3899095066366214	0.010709491831463478	0.9839207579159313	-3.7386769917100136	3	32.0	31.980653906362953	0.7261904761904763	0.7250657809894229	0.75	0.8090334815504006	True
6	2031-10-01	GARW	tropics	0.0013187291839447546	2.618415673851968e-06	0.0710846640906477	0.018551528670981705	-0.36220594679864165	-0.5790560366587081	12	260.0	259.94152569810024	0.7739174505303539	0.7598291225719996	0.8809523809523809	0.8710647182970079	True
7	2031-10-01	GARW	tropics	0.0013362327432875957	2.9385254765754526e-06	0.16524902336062763	0.008086176342304288	0.07570954974073014	-0.10002335871654755	20	389.0	388.70248205783673	0.9319849318841253	0.9255311662260304	1.0	0.9940034128727038	True
7	2032-04-01	GARW	tropics	0.0011003141032657	1.813607482163328e-06	0.11444284455805658	0.009614529484257213	0.9664451006218674	0.9172515562577203	44	1248.0	1247.7903878757627	0.8104941589435991	0.8083737889544818	1.0	0.9940664983312462	True
8	2032-04-01	GARW	tropics	0.0010396072888005142	1.5873691119779136e-06	0.051465210869902425	0.02020019487394136	0.9709458271834952	0.9126064230841836	15	341.0	341.068193465022	0.4014022521600467	0.389189101405255	0.6	0.5637794783865979	True
7	2032-10-01	GARW	tropics	0.015094955723724721	0.0011444922402600681	0.8365190610394011	0.018044963261170364	-0.371463810146042	-19.317712096130414	31	956.0	955.9196878991075	0.5931588182254343	0.5868125620844229	0.9148936170212766	0.8897539147930477	True
8	2032-10-01	GARW	tropics	0.048360348051981444	0.005738545128141273	2.113716116949282	0.022879301370791336	-0.33323612369762473	-48.20672000842051	38	987.0	986.9687714203579	0.5812575242304409	0.5745765648983011	0.9117647058823529	0.7690560191467583	True
9	2032-10-01	GARW	tropics	0.04590898936889879	0.0028967690521609305	2.4075117452729677	0.019069061432011227	0.9999960094961725	-2289.8978905235913	3	33.0	33.00224340126377	0.4758410268549936	0.36853895810395815	0.5789473684210527	0.5068441517625745	True
7	2033-04-01	GARW	tropics	0.005991480837848182	3.6623817029367974e-05	0.34017119855708156	0.01761313380810162	-0.824420684020189	-61.44023814820944	5	67.0	66.78682025981202	0.26107512416058476	0.27192873461235634	0.36363636363636365	0.3294279707818372	True
8	2033-04-01	GARW	tropics	0.005149588046958093	3.635351654650607e-05	0.35146669045395307	0.014651710067622352	0.6615808693414937	-0.8010468865021092	20	526.0	526.0015363869562	0.7191731684151288	0.6892021586388066	0.9117647058823529	0.7838804931685387	True
9	2033-04-01	GARW	tropics	0.005539977112957636	5.568684396207456e-05	0.30348927579293045	0.01825427636111116	0.8582245494467804	0.3350318631763308	28	1151.0	1150.9999652071338	0.9015717897748041	0.8692102966849176	1.0	0.9986313537068997	True
9	2033-10-01	GARW	tropics	0.0016661711148733935	4.314094903168161e-06	0.10320856010902169	0.016143729871954195	0.9941242150814391	0.9572437672426142	41	1560.0	1559.7460044519974	0.9716548436388684	0.9701344301331302	1.0	0.9999303837355384	True
9	2034-04-01	GARW	tropics	0.04992628923965583	0.003364850964621773	3.0540686166294684	0.016347468084969057	0.7069944896746513	-888.7239004634325	16	365.0	364.5795296199683	1.0	0.9979966714725973	1.0	1.0	True
9	2034-10-01	GARW	tropics	0.0007088192587899515	5.958869111752842e-07	0.15011919409062452	0.004721709725953157	0.9975527463593857	0.483149346809986	3	34.0	34.15106770404055	0.6343370681605975	0.6140788725702705	0.7142857142857143	0.7836849353988659	True
10	2034-10-01	GARW	tropics	0.0007587983500246578	1.1496497419015976e-06	0.03508402979667357	0.021628027179950746	0.364705757909354	-0.22680544778652778	3	39.0	38.87342707741024	0.5744301994301995	0.47853602970419534	0.6538461538461539	0.5516572073974623	True
9	2035-04-01	GARW	tropics	0.0010745153639436628	1.6283586635864653e-06	0.11349513187876333	0.009467501787578618	0.968182021731986	0.931691016153954	16	208.0	207.46104761720585	0.36119488527729965	0.3287192579888602	0.6470588235294118	0.5816803014785074	True
10	2035-04-01	GARW	tropics	0.0010760902238350562	2.139581533625973e-06	0.05320369691124953	0.02022585433546301	0.9887068322284803	0.9640243599433267	28	885.0	884.9265969873301	0.7267119577021869	0.7133174870964053	0.9318181818181818	0.86400900312089	True
9	2035-10-01	GARW	tropics	0.001453849738804867	3.075885631296489e-06	0.19864737652471	0.007318746233852329	0.9472338010466788	0.7563293561771037	13	171.0	170.94684520716646	0.307652583333202	0.28332655697873305	0.46153846153846156	0.402102941778218	True
10	2035-10-01	GARW	tropics	0.0009124341066894604	1.4111192711135285e-06	0.05591871567579736	0.016317150629487336	0.9955802658238722	0.9858788891342868	41	1231.0	1231.0304023401322	0.7512697337819094	0.7490456211011163	0.9318181818181818	0.8524809391030128	True
11	2035-10-01	GARW	tropics	0.002690893581733409	7.473240462569068e-06	0.1641874210258052	0.016389157981295557	0.7077191248956365	-29.68813889663718	4	61.0	61.12302684447591	0.7067479304321409	0.7140170643218076	0.7894736842105263	0.7951331697314623	True
10	2036-04-01	GARW	tropics	0.0019307028912296785	4.609540167002707e-06	0.14391184539121196	0.01341587195954043	-0.416635129412992	-0.3535844215678212	16	328.0	327.94512332169995	0.7067395616346595	0.6873057665936834	0.8888888888888888	0.8521861980284304	True
11	2036-04-01	GARW	tropics	0.0015233731981432028	5.620010265029189e-06	0.12389300328693535	0.012295877553432786	0.9521229829336197	0.8553614516625871	30	900.0	900.0001179062792	0.8832124287387622	0.8697526346202853	1.0	0.9869664385497795	True
11	2036-10-01	GARW	tropics	0.009622032256143009	0.00014341042471783093	0.6245115696554222	0.01540729223231528	-0.23016968479401406	-1.6886959365984375	37	1076.0	1076.1208261780475	0.7721746239767364	0.7503636886544548	1.0	0.9762070026970758	True
12	2036-10-01	GARW	tropics	0.014872078727076615	0.00028589445835904313	0.533974396555273	0.027851670085715746	0.7606577322460735	-0.8624648343737484	19	353.0	353.05662952741625	0.25791674824938904	0.23936174712258518	0.4864864864864865	0.2766701162540311	True
13	2036-10-01	GARW	tropics	0.015576645705224254	0.0002901878856369428	0.7064480070289384	0.022049245733927286	0.7301365578034752	-6.841039583043923	20	983.0	982.9848232703814	0.5925649191159861	0.5739621576547235	0.8210526315789474	0.8648538015637353	True
11	2037-04-01	GARW	tropics	0.004562622920138751	3.445094639809073e-05	0.2986874555043892	0.015275575977685156	-0.449100811926821	-6.464085461405553	11	213.0	212.89394508151	0.449552888927889	0.413441967274799	0.75	0.6834135781041083	True
12	2037-04-01	GARW	tropics	0.002628350089549172	1.0950214202524826e-05	0.09863547949879037	0.02664710612149866	0.9605510682136879	0.9086562342810516	22	392.0	391.9567358782315	0.24634089218782018	0.234876160615897	0.4864864864864865	0.27250273671252645	True
13	2037-04-01	GARW	tropics	0.003065197150067721	1.2251826774501294e-05	0.11185854073191259	0.027402441780587594	0.9944978448092361	0.9517700320822964	40	1754.0	1753.8349293074934	0.7498936883574274	0.7485611383833076	1.0	0.9705056337529139	True
12	2037-10-01	GARW	tropics	0.0026201070762755588	6.8649610911492564e-06	0.10175818861815236	0.025748365923724443			1	11.0	10.78710076470569	0.18333333333333332	0.1178560720729849	0.18333333333333332	0.1178560720729849	True
13	2037-10-01	GARW	tropics	0.003011508758345186	1.4628645722151794e-05	0.14872157075269687	0.020249307098517022	0.6742151981443405	-0.10081501777511304	17	579.0	578.8410707399023	0.9200561597761381	0.920246191771258	1.0	0.9681823141649919	True
14	2038-10-01	GARW	tropics	0.07662479985977558	0.007850655170150623	5.272635757571058	0.014532541860064743	0.24781390228474237	-658.146868701626	10	158.0	158.0000000079914	0.625053553539972	0.6086812368558215	0.782608695652174	0.6596935639581258	False
15	2038-10-01	GARW	tropics	0.054200214759137125	0.004836358533024165	3.29423423174747	0.016453054320422718	0.9859186655172203	-108.54116814894739	4	55.0	54.90827975561372	0.45950486295313886	0.40304997926132996	0.5	0.4176769764005861	False
14	2039-04-01	GARW	tropics	0.001482058446846176	3.3375957195378565e-06	0.10779658693303484	0.013748658366770528	0.9778722063707478	0.9157141811073289	36	656.0	655.7479534395832	0.5807786214515129	0.5807675212954587	0.8125	0.6182293717940085	True
15	2039-04-01	GARW	tropics	0.0013626303654194739	2.937114937526541e-06	0.14045599955813437	0.009701474979397265	0.9448989986719516	0.7063234613229954	28	424.0	423.9196485754693	0.44617945053420743	0.42292026637677127	0.6571428571428571	0.516799137724788	True
14	2039-10-01	GARW	tropics	0.13703430313554624	0.02321725540046018	16.267392875095744	0.008423863872208821	0.3214304486945977	-1061.6708190405573	27	502.0	501.5050550107651	0.5658691697259494	0.5507226030595768	0.8125	0.6057177485527355	False
15	2039-10-01	GARW	tropics	0.15386159689642617	0.02904333744661816	23.115576731149506	0.006656186807966995	0.4434230260688629	-7325.156089662997	41	581.0	580.0772070547432	0.5177462435270352	0.49716602089257766	0.7857142857142857	0.6120725918246929	False
14	2040-04-01	GARW	tropics	0.00235103102443628	9.099335026697266e-06	0.32123552473161415	0.007318714287283511	0.32967138646616945	-1.4511957572383238	5	69.0	69.13640404882521	0.5588319088319088	0.41095095515540175	0.6666666666666666	0.439904454412545	True
15	2040-04-01	GARW	tropics	0.0020427495346600185	5.1133434456041214e-06	0.32174392736831237	0.006348991731929742	0.1573551719401614	-0.1568770914124351	16	209.0	208.10336148281644	0.6101374147402592	0.5694081607961076	0.7857142857142857	0.5991534432770766	True
16	2040-04-01	GARW	tropics	0.0011311667336487215	1.6506797323885508e-06	0.08630640716436647	0.013106405084091475	0.5115026356917153	0.16112688593121804	10	150.0	149.80785415105066	0.6997226655727127	0.669369696132509	0.8421052631578947	0.8261852819197846	True
16	2040-10-01	GARW	tropics	0.03605086970065135	0.00298900997171458	3.149288039331305	0.011447307851937896	0.205107050876967	-137.79684417167323	36	756.0	755.9512563227528	0.7993855093367053	0.7876409721424801	0.9655172413793104	0.8705098714147477	True
16	2041-04-01	GARW	tropics	0.002662238691791777	8.794528483536524e-06	0.3168822028689987	0.008401351251942555	0.9486209595149585	0.48403719927239586	37	794.0	793.6870364187274	0.8001219965635116	0.7870794409008713	0.9655172413793104	0.8635381229176929	True
17	2041-04-01	GARW	tropics	0.0009462139231821854	1.1692097916916484e-06	0.1606133781821189	0.005891252234974331	0.13765106479853417	-0.0655105020147615	4	50.0	50.05472983414549	0.5833867276887872	0.5285235907221735	0.6956521739130435	0.5705946365735124	True
16	2041-10-01	GARW	tropics	0.002133973327013094	5.486543829198548e-06	0.24256445117419223	0.008797551812242383	0.030882313014918183	-1.2987516159107368	13	194.0	193.17684350077022	0.6725218805132331	0.6697821758867093	0.8333333333333334	0.7791225843327807	True
17	2041-10-01	GARW	tropics	0.0018253892053757936	4.542646280073655e-06	0.34757841812436485	0.005251733451191042	0.8687197575623127	0.3804706359332817	10	133.0	132.5226043593192	0.6719868954724252	0.579249534391855	0.8333333333333334	0.6319965334081759	True
16	2042-04-01	GARW	tropics	0.0025775667216034496	6.6438502043175554e-06	0.3695229927290827	0.00697538927839655			1	11.0	10.783714396665623	0.44	0.38573808756955363	0.44	0.38573808756955363	True
17	2042-04-01	GARW	tropics	0.010250590530055809	0.00010712116996967586	3.3353835279070516	0.003073286908173957	-0.7262007735213891	-56.89343278181945	6	83.0	82.68574769710328	0.7310536739948504	0.6023449153739241	0.8333333333333334	0.6156054615180031	True
18	2042-04-01	GARW	tropics	0.014636835249740519	0.0002142369461280466	0.5194672747549154	0.02817662624974052			1	12.0	11.906314731936273	0.8	0.7240894042387157	0.8	0.7240894042387157	True
18	2042-10-01	GARW	tropics	0.003105088927583491	3.862496812863404e-05	0.10436437049478277	0.029752384964931267	0.9565547484169052	0.7352610554978745	26	1112.0	1111.9799574169997	0.7046152224897283	0.6952828897603284	0.90625	0.8397157227094527	True
19	2042-10-01	GARW	tropics	0.0007398548665963853	8.392639177522602e-07	0.01940434310428549	0.03812831295654563	0.9871827983553112	0.9737970933307587	12	552.0	551.9050297035112	0.3771249871757882	0.3642397287447999	0.5527950310559007	0.6135638235143207	True
18	2043-04-01	GARW	tropics	0.002417797000530418	1.076601699330365e-05	0.05548042222510554	0.04357928262911338	0.9823205514937359	0.9636111193790651	32	1342.0	1341.8922661103863	0.5547135944480767	0.5588527003945305	0.90625	0.8091871257260765	True
19	2043-04-01	GARW	tropics	0.002173861090089659	6.1834946666700735e-06	0.050540904262880576	0.043011915235680424	0.9967220531359641	0.9871518984857882	36	2355.0	2354.9240698480025	0.7131593784152314	0.699422669495264	0.9772727272727273	0.974304781167131	True
18	2043-10-01	GARW	tropics	0.212443214696664	0.046539760519106375	6.661522333273374	0.03189109096512967	-0.9939420941030838	-1051.578956982942	7	165.0	164.98508309466735	0.1532763081430073	0.1627415989224826	0.24571428571428572	0.2286257944535397	False
19	2043-10-01	GARW	tropics	0.19156941034401467	0.03812007577470736	6.841347717137977	0.028001706427539425	0.43217049907442845	-265.9541874911965	22	1586.0	1585.7805273735792	0.899059228663796	0.8550993638554761	0.9772727272727273	0.9573975122436734	False
20	2043-10-01	GARW	tropics	0.20221675486465218	0.07272122809886473	5.879557833973042	0.03439319087843832	0.859085365853744	-370.5156054719708	22	1687.0	1686.9139183866223	0.9309017788864732	0.8911126470457901	0.991869918699187	0.9859401031013644	False
21	2043-10-01	GARW	tropics	0.12729457475106642	0.016203908761054837	9.163067625679666	0.01389213524893356			1	14.0	14.061209872808256	0.112	0.043090642792249924	0.112	0.043090642792249924	False
20	2044-04-01	GARW	tropics	0.004958250097109438	6.011504465978345e-05	0.07189374930599213	0.06896635861910992	0.9451591345555709	0.8785177078880563	37	2435.0	2435.0002718907413	0.7332096326938651	0.7033524947658328	0.991869918699187	1.0	True
21	2044-04-01	GARW	tropics	0.008546423165139467	0.00014940271178045755	0.4011864838886153	0.021302869135322818	0.8886248196044331	0.1354824799482902	27	2352.0	2352.0022357220423	0.7094518645005652	0.7020835626955139	1.0	1.0	True
20	2044-10-01	GARW	tropics	0.007216443765396798	7.753978377714672e-05	0.19781623673998797	0.036480543176454105	0.3612113147444378	-1.0300145392363294	11	449.0	448.9076246994117	0.36935276968359504	0.3683098117811776	0.7403846153846154	0.6772736989640465	True
21	2044-10-01	GARW	tropics	0.012819433728924088	0.0002473992699151025	0.3566836146311878	0.035940629743195326	0.9490407351432498	0.3923210000442394	34	2574.0	2573.99222977541	0.8702870463224923	0.8658565477028048	1.0	1.0	True
22	2046-04-01	GARW	tropics	0.0724718534005439	0.006773829227697036	3.552127400690813	0.020402380102259192	0.9715778711864888	-284.3655342475654	18	737.0	736.8611016354507	0.9385214214157523	0.934141471208243	1.0	0.9572192231732456	False
22	2046-10-01	GARW	tropics	0.0009428337299581751	1.7647419156898172e-06	0.045035603094336345	0.020935297080028344	0.9951516232242213	0.9901103682595888	43	1910.0	1909.9945694114674	0.8466140864254946	0.8411942968234781	1.0	0.9705802743175758	True
23	2046-10-01	GARW	tropics	0.0017715793233324245	4.579913384416128e-06	0.2247189601572288	0.007883532934172115	0.9582629904859865	0.7591487753266623	15	202.0	201.96968673378933	0.29746259357115995	0.2721165093542958	0.4745762711864407	0.40156734364429425	True
22	2047-04-01	GARW	tropics	0.001833539033269874	4.480879399321939e-06	0.09970270264719144	0.01839006350467796	0.9315737661408554	0.859475232610816	24	1029.0	1028.6640410797302	0.7634159349179046	0.7484696531797228	0.967032967032967	0.9232348848789649	True
23	2047-04-01	GARW	tropics	0.003368819398226516	1.701367093394165e-05	0.25202544433	0.013366981287077553	0.9787586028802446	0.6640669599181732	15	202.0	201.89012517336096	0.29746259357115995	0.2836575468246414	0.4745762711864407	0.41866035407904295	True
23	2048-04-01	GARW	tropics	0.0017504299185905465	4.194791106677489e-06	0.15556976387210608	0.01125173603804898	0.7908904794544063	0.3583219485967396	10	133.0	132.26659270359602	0.8859195951107715	0.86346121377068	1.0	0.9420489801267524	True
23	2048-10-01	GARW	tropics	0.04438837780746899	0.003234532558864525	0.7449166126822314	0.05958838486315824	0.48003410366619836	-10.836379260123836	23	333.0	332.5599625168652	0.47613159347427286	0.464383185273201	1.0	0.9311347688825641	True
24	2048-10-01	GARW	tropics	0.05022115957548995	0.0038095789357870547	1.319805325920426	0.038051944926397345	0.9708744140397209	-5.036588810047988	25	3133.0	3133.074084673978	0.8685551890660341	0.8397886716209183	1.0	0.9994874126982105	True
23	2049-04-01	GARW	tropics	0.005106080376287141	6.851590506479498e-05	0.10994760866159707	0.04644103167357575	0.978354826005368	0.7486819185896001	13	188.0	187.8173432334877	0.19376261785645352	0.21499908136824433	0.5588235294117647	0.44976832876852674	True
24	2049-04-01	GARW	tropics	0.0044113117964991785	2.6865271506137093e-05	0.11690712307056456	0.0377334732104949	0.9979590024069659	0.965957950757215	33	3381.0	3381.07067776102	0.9174660523227529	0.9092436674288025	1.0	1.0	True
24	2049-10-01	GARW	tropics	0.3668154147038737	0.14492592349052982	10.765658830621403	0.03407273260977942	0.07560437763825084	-78397.36646966406	7	137.0	136.8778096435617	1.0	0.9862279921092018	1.0	0.9975415641787267	False
25	2050-10-01	GARW	tropics	0.0011092364902656904	1.8737659614201197e-06	0.08581784917801924	0.01292547530484838	0.904210903240854	0.797243358188658	25	550.0	549.8108707339712	0.9462830242548214	0.941937107004379	1.0	0.9929250939948783	True
25	2051-04-01	GARW	tropics	0.0016761020845317389	4.746102244253877e-06	0.10156792493991013	0.016502277520421518	0.966801937355565	0.9153807489222529	42	952.0	951.9519239552935	0.7775235379825111	0.7740711849875536	1.0	0.9864728534587472	True
26	2051-04-01	GARW	tropics	0.0021562362921842384	7.066204956045038e-06	0.1226343909962431	0.017582639540732865	0.9223640721957163	0.47818843421296864	21	705.0	704.860083886871	0.654843042612319	0.640412927104907	0.9302325581395349	0.9873576150986193	True
25	2051-10-01	GARW	tropics	0.00148827423533017	3.928962447895822e-06	0.12455269288472919	0.011948952695125874	0.8087985975438994	0.2071126830850133	16	371.0	370.7006418078552	0.5315616164618033	0.49900720942720184	0.8333333333333334	0.7813451038741162	True
26	2051-10-01	GARW	tropics	0.009016054052404729	0.0020444256713602056	0.028658264638975122	0.3146057225022248	0.4002082996871974	0.1034106863376636	45	1398.0	1398.526638034039	0.6873417770647594	0.6800495458433677	0.967741935483871	0.9324821611122485	True
27	2051-10-01	GARW	tropics	0.0037342754554894634	1.992990816586727e-05	0.11876821748106103	0.03144170666773657	-0.041735795474039605	-0.057056917652889894	11	374.0	374.0188879336226	0.6672786044064377	0.6237683191181499	0.84375	0.8969477991045238	True
26	2052-04-01	GARW	tropics	0.006401375080318272	5.569307983037417e-05	0.48702920836538127	0.013143719042648883	-0.6563997534626309	-1.442458860658422	20	536.0	535.9562282469856	0.7074117890819789	0.6525527131620839	0.967741935483871	0.9619712436531548	True
27	2052-04-01	GARW	tropics	0.007989138317641704	8.128753414397549e-05	0.1717203146419407	0.04652413044024582	0.9503815005473266	0.7719359800341172	28	1373.0	1373.1421586443364	0.47513415652094715	0.438068511401667	0.84375	0.5554250020734267	True
28	2052-04-01	GARW	tropics	0.0053743516234957414	4.5663749465708935e-05	0.13947600422690754	0.03853244616007524	0.9917666896994722	0.9317023231705028	26	2984.0	2983.9879831038857	0.7502027825994588	0.7069503422854073	1.0	0.999480627909012	True
27	2052-10-01	GARW	tropics	0.26364106476355825	0.07795255807084575	5.260187885038738	0.050120085161485965	0.8422483127080833	-238.95399032368113	15	866.0	865.9761086695302	0.3034525362497777	0.30263267714408004	0.6595744680851063	0.6352328361347551	False
28	2052-10-01	GARW	tropics	0.1348497460999875	0.027758287528604233	2.1868172263300765	0.06166484536354818	0.8213455453409765	-31.35515778171755	26	2976.0	2975.871057016919	0.8098510551190186	0.8065993593959683	1.0	0.987306908286224	False
