variant	pivot_date	model	location	mae	mse	normalized_mae	max_r_data	correlation	r2	n_points	total_sequences	total_smoothed_sequences	mean_variant_frequency	mean_smoothed_variant_frequency	max_variant_frequency	max_smoothed_variant_frequency	converged
0	2025-04-01	FGA	north	0.18092979826492328	0.03351328498882989	3.1541068357805195	0.05736324344262427	0.6527282079994986	-155.21940819506483	11	1550.0	1549.8681470925042	0.9968817430318904	0.9967199726023176	1.0	1.0	False
0	2025-10-01	FGA	north	0.23624324648721023	0.05614825482413747	3.6842997064826375	0.06412161477296026	0.04468470294723331	-211.6085639456862	13	1577.0	1576.8922003035173	0.997361474873138	0.9905462253269453	1.0	0.9969707701065389	False
2	2027-04-01	FGA	north	0.0023822812937564684	9.814889125745903e-06	0.04813318525989036	0.04949353093699444	0.9942540376882933	0.8999433772509097	8	256.0	256.03160455160344	0.9902548725637181	0.9959471346648126	1.0	1.0	True
2	2027-10-01	FGA	north	0.0017420379409381153	3.916976727051205e-06	0.03532716110988603	0.04931157461307072	0.998672412474066	0.9946891267829955	25	1147.0	1146.9272003840492	0.9968815592203897	0.9905627401898787	1.0	1.0	True
2	2028-04-01	FGA	north	0.13491198960624926	0.01940323748525071	4.420153485479005	0.030522014687829113	0.04631408203703878	-41.597508885268795	37	2033.0	2032.8899378289225	0.8826522452377722	0.8830003343026778	1.0	1.0	False
3	2028-04-01	FGA	north	0.012569494261070995	0.00024279438044656323	0.8133745163225238	0.015453513736698963	-0.9807051224974084	-2.559843482215007	5	70.0	69.99316040658849	0.10535782968766934	0.10032281890057552	0.13178294573643412	0.12124876734305283	False
4	2028-04-01	FGA	north	0.332233150084194	0.11139432565200104	6.901200484546925	0.04814135610581464	-0.9685034061187767	-307.36128331545945	12	343.0	342.84906525763023	0.22532683545817134	0.21857808527347045	0.3488372093023256	0.3315361175759991	False
2	2028-10-01	FGA	north	0.17380275386495764	0.031056869222981433	3.0854371530154707	0.05633002561568823	0.16072044329338916	-35.14554345018654	26	1426.0	1425.941331713698	0.7261476954480443	0.7280293056618815	1.0	0.958495845603218	False
3	2028-10-01	FGA	north	0.1279688376949999	0.01643212819389311	7.0020566741633115	0.018275892876901217	0.9895503391987163	-174.82349699828828	5	70.0	69.92979426954473	0.10535782968766934	0.09275736638121379	0.13178294573643412	0.11170761983193403	False
4	2028-10-01	FGA	north	0.22013784863639008	0.04880653885218106	5.670098271608568	0.03882434449834297	0.955396468495318	-87.57991777850546	17	468.0	467.77728713539557	0.3209543228879235	0.3123666835990431	0.6875	0.5557184647331114	False
2	2029-04-01	FGA	north	0.2928332808147909	0.08576492765603631	5.266381328448298	0.05560426838689863	0.9426735548985405	-20054.68769575698	3	55.0	55.00014995359112	0.3933011433011433	0.3739118354627617	0.4807692307692308	0.4124240312339861	False
4	2029-04-01	FGA	north	0.18766565790696516	0.05277659466154257	4.866215327214073	0.038565013113467064	-0.8395934547394205	-111.82489646282875	7	118.0	117.5313131181829	0.7237791969934827	0.6667997280092693	1.0	0.889743500761821	False
4	2030-04-01	FGA	north	0.26828531886251866	0.07197701231716332	26.727132186896196	0.01003793886251866			1	12.0	11.940965851794562	0.8571428571428571	0.8841027419823211	0.8571428571428571	0.8841027419823211	False
5	2030-04-01	FGA	north	0.0830600522738358	0.009808370478922275	1.5781416117118496	0.0526315583198763	0.8538209177598844	-7.489921087328918	25	3525.0	3525.1388949673988	0.9821925140059393	0.9700297802970593	1.0	0.9931890137791318	False
5	2030-10-01	FGA	north	0.1991750552259255	0.04008240469846124	3.211133754551126	0.06202639642264529	0.8615583433395353	-24.818210020114364	27	3577.0	3576.8860281017596	0.9741505776815269	0.9603731297401602	1.0	0.9998314143035956	False
6	2031-10-01	FGA	north	0.15199842324202983	0.023122521628790315	6.508851319033523	0.023352572641742193	0.9728485933628492	-143.53782513152984	12	222.0	221.67385656386904	1.0	1.0	1.0	1.0	False
6	2032-04-01	FGA	north	0.18255697059479659	0.033340361270446706	11.207774539228055	0.016288422822553526	-1.0	-24603.690534699843	2	32.0	31.953118625202155	1.0	0.9999453584320557	1.0	0.999999815278163	False
7	2032-04-01	FGA	north	0.19905266601165084	0.0427495034621333	3.2650350386462965	0.060964940239716166	-0.989065430473233	-22.781142401126175	25	4409.0	4409.012379061761	0.9851889207509609	0.9743741092683124	1.0	0.998139066429303	False
7	2032-10-01	FGA	north	0.12690102358781985	0.01896141833510934	2.1352974544389136	0.05943013856173275	-0.7893554932124153	-9.526665576892077	22	4364.0	4364.048044092486	0.9856944806513444	0.9869991476621056	1.0	0.9910999266929615	False
10	2035-04-01	FGA	north	0.08206067078314717	0.009460313706906743	1.161770510744113	0.0706341485037242	0.07342927838423992	-2.4517716575793784	25	4900.0	4899.932868030775	0.9639299329665028	0.9260977544776217	1.0	1.0	False
10	2035-10-01	FGA	north	0.13976263400410452	0.021951970067391656	2.1421725710194828	0.06524340564102639	0.26000845940154327	-7.5765752755474445	23	4867.0	4866.9634353025185	0.9763840949021059	0.9706222607502599	1.0	0.9990889999757419	False
11	2039-04-01	FGA	north	0.10275625150499298	0.010741751310022791	2.941246438528659	0.034936294408705236	-0.9629231922794514	-153.40027963408897	11	265.0	264.9499824676018	0.8301692851480363	0.8039719951386406	0.9333333333333333	0.843579911389834	False
12	2039-04-01	FGA	north	0.05428119707328709	0.0029464483557090308	5.194922208766226	0.010448895073287088			1	11.0	10.808938609722627	0.275	0.14940806473445997	0.275	0.14940806473445997	False
11	2039-10-01	FGA	north	0.0017374831423669068	4.277075315032107e-06	0.044128496838211434	0.039373268224772114	0.9961680139626826	0.9922666251235049	21	505.0	504.7613217611768	0.8117994472873588	0.7913459528253668	0.9333333333333333	0.8558865130984501	True
12	2039-10-01	FGA	north	0.0003513540435245492	1.5615501017450736e-07	0.02162598574459089	0.01624684523860052	1.0	0.9981323012089389	2	21.0	20.931291461599415	0.2690789473684211	0.20502492912087877	0.275	0.2170543874723887	True
11	2040-04-01	FGA	north	0.17206151594158273	0.03135289034196739	4.708401251433754	0.03654351164085438	-0.7583087483522545	-67.08935946751147	19	336.0	336.23826455800184	0.3763459841502434	0.3573137816399397	0.875	0.7665606686437489	False
12	2040-04-01	FGA	north	0.08358764702446601	0.012563463909785392	2.3688136328243217	0.03528671308971022	0.6546438522007245	-27.656733127862616	14	390.0	389.9496449279417	0.2753839674631187	0.2778566849634499	0.5675675675675675	0.4783135918763517	False
13	2040-04-01	FGA	north	0.19844666173076886	0.039963101208418714	3.5436535580379056	0.05600058202096011	-0.8666432575588124	-117.74980864654472	12	801.0	800.9953735403535	0.4239823918511097	0.4082676670285064	0.5253456221198156	0.5383344693716116	False
14	2040-04-01	FGA	north	0.05554104336055661	0.003678331046682866	0.9103616326446778	0.06100986835221204	-0.9228195614959694	-10.220284299383467	9	397.0	397.01614798879996	0.23139731550739218	0.21926243447073576	0.31336405529953915	0.29569656821770895	False
11	2040-10-01	FGA	north	0.2503660924454759	0.06278227890076798	7.173354801395904	0.03490223185346356	0.9951401050099948	-135.67767498991512	14	221.0	220.9184504191792	0.12816713519935832	0.12245202903523	0.25	0.20222296181143828	False
12	2040-10-01	FGA	north	0.17697629195599246	0.03171811040055267	2.992384500797106	0.059142229853432884	0.9832603506659461	-32.06550270848078	16	426.0	425.8231129615211	0.23859932104447193	0.24985501053252254	0.5675675675675675	0.4712113957749307	False
13	2040-10-01	FGA	north	0.21946101345324343	0.04851924831305748	4.076251697004466	0.05383892599530097	0.9872552909367923	-36.84400978270062	22	1299.0	1298.9465122554877	0.43810891560454396	0.4361424414810587	0.5259259259259259	0.5106088938438924	False
14	2040-10-01	FGA	north	0.08175526553560968	0.006983009570138399	1.3310064492237392	0.061423643426589285	0.9851157032821057	-5.810038349757694	19	860.0	859.7603180201997	0.3508544390193371	0.34190738139822524	0.5416666666666666	0.5505804675347069	False
12	2041-04-01	FGA	north	0.013748295677664689	0.00018901563404049356	0.37420437821362934	0.03674007167766469			1	14.0	13.642832756246046	0.09271523178807947	0.06953177149551301	0.09271523178807947	0.06953177149551301	False
13	2041-04-01	FGA	north	0.22586635364443847	0.051524028139245184	5.017758203407671	0.04501339930868881	-0.9886732417682661	-856.1501873367208	8	321.0	320.9610406740376	0.455946116560181	0.4444112425415422	0.5259259259259259	0.48618618952163495	False
14	2041-04-01	FGA	north	0.1569079400973708	0.04108844477872749	4.2716763316386315	0.036732169742172464	0.9090591323962299	-111.5797046430495	14	381.0	380.70495007028086	0.6553936439522664	0.6453004982027684	1.0	0.8853949599804342	False
14	2041-10-01	FGA	north	0.002504601790971986	1.4538019778860201e-05	0.13026290767865834	0.019227283004848265	0.9605516648904855	0.7468438082431545	6	77.0	76.56369265229135	0.9004273504273504	0.8257954721684352	1.0	0.9344126982262376	True
15	2041-10-01	FGA	north	0.0036932601720096664	1.828409898581447e-05	0.17093682462931029	0.021605994963453817	0.26338613531879423	-1.6962434051343802	18	691.0	690.9999982022962	0.9495974990836987	0.9343812891762749	1.0	1.0	True
15	2042-04-01	FGA	north	0.2252451779337684	0.051942161967252744	4.451373775955475	0.050601272611716396	0.7649325292824095	-72.04459814723408	40	4828.0	4827.928319580435	0.9658284718298251	0.9325509910752459	1.0	1.0	False
15	2042-10-01	FGA	north	0.27421780545930236	0.07636528622696777	4.890020564716567	0.05607702500024076	-0.4816110365743413	-77.21187427241209	20	3873.0	3872.952666053716	0.9770191944843211	0.9376008430456313	1.0	0.9998799332243329	False
16	2043-04-01	FGA	north	0.11510001422409051	0.015595632460350757	2.7968756748910906	0.041153067781095586	0.9524695059204347	-48.05406888757233	19	1652.0	1651.7755507906913	0.9971594067515289	0.9778814168828047	1.0	0.9947854939868235	False
16	2043-10-01	FGA	north	0.2546164110601303	0.06715891414311882	5.152616437795755	0.04941497472865513	0.8510692272259452	-60.55191732479692	28	2144.0	2143.8197922982085	0.9871481870954331	0.9742502111652973	1.0	1.0	False
16	2044-04-01	FGA	north	0.2768588441406109	0.07670925297703249	5.422368816444041	0.051058652318337394	-0.5739825399067127	-1509.008375779644	7	274.0	273.91367432429917	0.9589178374052324	0.9627478427854577	1.0	0.9931952201091998	False
17	2044-04-01	FGA	north	0.023847577535132718	0.0006757383083085503	0.6458541850079014	0.03692408919645069		-0.08856248010237144	17	661.0	661.0730354049401	0.2698730381210269	0.2652072208067139	0.5238095238095238	0.41052746343275476	False
18	2044-04-01	FGA	north	0.11630904658425999	0.017805954060456118	2.330943486738881	0.049897840615167714	0.9542560097594166	-17.84867311497662	19	2066.0	2065.780598102184	0.7139260868071513	0.6976273992803415	0.8092783505154639	0.7704546655978792	False
17	2044-10-01	FGA	north	0.18817725562843626	0.03597224621247919	2.894158521453907	0.0650196781667314	0.953218919585382	-26.701291336786316	21	713.0	713.2690997627705	0.26879009206149285	0.2632752164613857	0.5238095238095238	0.41930857396053806	False
18	2044-10-01	FGA	north	0.2864960021228061	0.08244149993073027	5.3486098093141035	0.05356457328853941	0.8749183177525499	-56.192908885939566	23	2246.0	2245.9264470280878	0.7271300044690305	0.7387480207270793	0.8214285714285714	0.8633369716350079	False
18	2045-04-01	FGA	north	0.051625502039381196	0.002669353329356968	1.0132472246898474	0.05095054867303845	-1.0	-1766.898353687649	2	37.0	37.16924419768738	0.7996031746031746	0.8356071303403791	0.8214285714285714	0.8448443891453136	False
19	2045-04-01	FGA	north	0.09382768024047124	0.011111489134062007	3.3151146731703127	0.02830299687664858	0.9288915770378661	-131.2334436226209	10	225.0	224.91116995565895	0.9489832772470341	0.9387836641321554	1.0	0.9646533423146049	False
19	2045-10-01	FGA	north	0.1199547688331703	0.014397865197653185	3.709035495023428	0.03234122967928421	0.9957684256395647	-36.528194395914475	18	408.0	407.84670449563936	0.9320580848616213	0.9523904195182852	1.0	0.9603630623136398	False
19	2046-04-01	FGA	north	0.25588678182812064	0.06556900074687275	8.655667706596251	0.02956291651920928	-0.8937138497933086	-3955.0598810413608	5	93.0	92.76970728921872	0.8894734830387006	0.8982972193822041	1.0	0.9110984557091185	False
20	2046-04-01	FGA	north	0.15576616516222883	0.025372865467139908	3.481829356874029	0.04473687512993888	-0.852562930351281	-38.946620252695844	17	1912.0	1911.9645611533651	0.9413932456674824	0.9451067702207062	0.9858156028368794	0.9793272611766742	False
20	2046-10-01	FGA	north	0.0031694191521565787	1.1429452552383433e-05	0.05638856919267029	0.05620676668221896	0.9996028349482491	0.9920432167508629	24	2253.0	2252.999189028352	0.9403734609667866	0.9487890578590562	1.0	0.983277916968337	True
20	2047-04-01	FGA	north	0.044228949292567474	0.001990749768393015	0.7542428186638065	0.05864019941339598	0.7471615125466069	-44.72668658241197	5	155.0	155.22757180154642	0.9252380952380953	0.9341060126918164	1.0	0.9790078905449785	False
21	2047-04-01	FGA	north	0.09123659680640811	0.009388379067967802	3.1925145881390966	0.028578286578665107	0.8919744304195731	-94.36193364822897	10	217.0	216.98441915958384	0.9854111405835543	0.9872787355672438	1.0	0.9902255399157166	False
21	2047-10-01	FGA	north	0.020173415599710448	0.0005672485359267728	0.5654985950726781	0.03567367943171946	0.98615601065289	-0.3901579141125435	18	369.0	368.6487630912005	0.9732643261378894	0.9595344120687344	1.0	0.9841688286039093	False
21	2048-04-01	FGA	north	0.24063822664792323	0.05935205519428967	5.9955698783151785	0.04013600567283276	-0.10816623167930946	-368.624085141244	8	142.0	141.28086734092173	0.721963909631236	0.6899862869800614	1.0	0.9949248861562112	False
22	2048-04-01	FGA	north	0.12433073394101189	0.01726895528412247	2.4138477940973817	0.0515072798894113	0.8847976742020133	-17.563672635351995	18	2600.0	2599.9952897666426	0.9490497462070804	0.9475659182927776	0.9897260273972602	0.9811056621777654	False
21	2048-10-01	FGA	north	0.3227931169578845	0.10434749816995648	7.5905879200799315	0.042525443398656444	1.0	-212.1960836729944	2	27.0	26.801547626373335	0.05553240620171189	0.0334266676962487	0.060836501901140684	0.04438665692577867	False
22	2048-10-01	FGA	north	0.18111410505880174	0.03356106123483121	2.9156847830919705	0.06211717607783968	0.9559158052214421	-18.141822654034236	25	2874.0	2873.966548694675	0.9507400733782855	0.9461166662039989	1.0	0.9855287877037061	False
22	2049-04-01	FGA	north	0.0535610375447095	0.002902199096773664	0.8663576729001489	0.06182323908486076	-0.8560657176903061	-133.90136734056674	5	114.0	113.93171340739691	0.946996336996337	0.9641950582682497	1.0	0.9672078559691748	False
23	2050-04-01	FGA	north	0.0050514494339154205	5.094125646859399e-05	0.1702661812492745	0.02966795517966046	0.6646573514512194	-0.27501558796340997	13	427.0	426.9313642870204	0.7969689827697433	0.7967205952896954	1.0	0.8629576313483569	True
24	2050-04-01	FGA	north	0.022832740030211268	0.0007168268102612247	0.9218131058970647	0.024769380999407176	0.9944746957237153	-2.320900299870545	5	66.0	65.85246576937607	0.21311874003676282	0.20290070996474857	0.275	0.22860772249841343	True
23	2050-10-01	FGA	north	0.24484701861394964	0.05998555159286303	6.638389007048358	0.03688349964938504	0.9706088414851831	-111.85595230984157	24	834.0	833.6048383204461	0.8091901705640687	0.8058128384028267	1.0	0.8383227234989455	False
24	2050-10-01	FGA	north	0.09333806610400439	0.008768687904202275	3.93713981671714	0.023707074284659617	0.9760559618916937	-35.93261049352012	9	111.0	110.78480722970319	0.2132911096552206	0.19106545327423385	0.275	0.20430825031732192	False
23	2051-04-01	FGA	north	0.139222039882009	0.027831247578051076	2.2134865271471034	0.06289717067374616	-0.3657048354234561	-33.82023329917305	15	365.0	364.65525011542513	0.5773824637450389	0.5651352761655358	0.9166666666666666	0.8310671176070621	False
24	2051-04-01	FGA	north	0.17383327836246035	0.03039516426729041	4.438950883122828	0.03916089250353849	0.6157316557565092	-129.9406993857441	15	248.0	247.7432590121736	0.3755255940583329	0.3707484188262541	0.7	0.5883565658391319	False
25	2051-04-01	FGA	north	0.16206618694690664	0.026523252946233335	2.9931354396362275	0.054145958382225245	-0.9912844660089546	-218.01680877376464	7	181.0	181.00774006304212	0.41633740553232074	0.41186405403511267	0.5151515151515151	0.5250185205064493	False
23	2051-10-01	FGA	north	0.16764831339923233	0.028120056618224098	6.641561132116599	0.025242305244852048	0.9961362629499355	-148.67799464507908	11	150.0	149.89188857771262	0.2049153496368305	0.18907311146777908	0.375	0.2589828456030914	False
24	2051-10-01	FGA	north	0.1761529196263945	0.031249623691377643	5.889736580785499	0.029908454683876786	0.9941632955029154	-92.14089284966602	18	346.0	345.9183870440379	0.36045722768432303	0.35611019729206683	0.7	0.5591824626636638	False
25	2051-10-01	FGA	north	0.20994935027828512	0.04419133228648894	3.837713935672092	0.054706878573407024	0.9195103478085817	-64.88500245843652	21	680.0	679.7620239665154	0.6077545465601077	0.5905754718278222	1.0	0.8748132424288926	False
23	2052-04-01	FGA	north	0.25422315218162594	0.06462941110516214	18.031082195290285	0.01409916218162596			1	16.0	16.368940442965734	0.1702127659574468	0.161063095488622	0.1702127659574468	0.161063095488622	False
24	2052-04-01	FGA	north	0.10546784374216436	0.01115010640679134	3.4108899029755966	0.03092091704577043	-0.5317004362881439	-454.08691198655146	4	74.0	73.78365318786811	0.2259191566983691	0.21597191664666732	0.26881720430107525	0.24432246965059196	False
25	2052-04-01	FGA	north	0.19569405979231771	0.045614997501762664	1.7157679011272924	0.11405625414937706	0.3501514161122198	-34.31179081008715	28	1142.0	1141.7467563004943	0.5610979327131984	0.5678625985611905	1.0	0.8861436420808413	False
26	2052-04-01	FGA	north	0.04765019512968677	0.0040629340620990054	0.7148970164117633	0.06665322981602907	-0.38276004908418526	-1.4738627810192502	16	3300.0	3300.0090107557626	0.7123890503620225	0.6672205225910712	0.9692307692307692	0.9986322254935489	False
25	2052-10-01	FGA	north	0.17943598870069383	0.03320232718274383	2.2304039853742093	0.0804499946544835	0.9554720914525365	-21.761125925594182	19	815.0	814.9844750559912	0.4004616479006863	0.40566490770340763	1.0	0.7729832535852811	False
26	2052-10-01	FGA	north	0.24308020963414262	0.05932745973085971	3.675026580814413	0.06614379632058995	0.9526027422985062	-23.781685838982174	20	3511.0	3510.99111338675	0.7608434280205862	0.7293884259094284	1.0	0.9977476750169778	False
28	2054-04-01	FGA	north	0.061705182557202864	0.004494521742002642	1.6167481752210977	0.038166229906994885	-0.9004007025373271	-9.617635789264257	17	1074.0	1074.0000475160684	0.7327084720992217	0.7328484655467571	0.8067226890756303	0.7748120195817211	False
29	2054-04-01	FGA	north	0.03619124916645191	0.001629678391750538	1.0550983591506204	0.034301303620248955	-0.9897950747817915	-7.329768158930927	11	248.0	247.80416784557508	0.19613299854666646	0.19615942111984544	0.2647058823529412	0.24640868878148656	False
28	2054-10-01	FGA	north	0.0016517008483123618	3.301687525883291e-06	0.03702050281645677	0.04461584048442825	0.9986366647621377	0.996352247750364	25	1320.0	1319.9746459191972	0.7177428836380463	0.7246460350448864	0.8067226890756303	0.7510029700889941	True
29	2054-10-01	FGA	north	0.0014045504729443708	2.3850156488071475e-06	0.037609469413518073	0.03734566041071373	0.9996565255896973	0.9959197831645712	16	328.0	327.87267247875457	0.22234892854812624	0.2225486285771714	0.38461538461538464	0.27652051417871243	True
0	2025-10-01	FGA	south	0.026090612251404282	0.0009965820966813198	0.3647132760668748	0.07153732524565472	0.854965049725311	0.008441236829697885	17	849.0	848.8242789023202	0.5374846853794996	0.5263995617979625	1.0	0.8468715296313525	True
1	2025-10-01	FGA	south	0.019190297863168528	0.0005003510761234812	0.3292373696564257	0.058287119360704666	0.8350960677784882	-0.016484078430270444	12	1431.0	1431.0112189733654	0.6019280155585103	0.5766829652917828	0.7992700729927007	0.864507183479168	True
0	2026-04-01	FGA	south	0.17106158434826796	0.03014332116899433	2.8625397875106953	0.059758674829468665	0.6419676802429304	-27.522249163411637	21	914.0	913.8393228589919	0.4593892095169081	0.4614532920971819	1.0	0.821712556256304	False
1	2026-04-01	FGA	south	0.21293752689284165	0.046498142590185046	3.8131669153413306	0.055842697584556386	0.9273236331016641	-31.042312835474483	21	2033.0	2033.0282806689409	0.730910092842558	0.6861724659171597	0.9565217391304348	0.9259634692063926	False
0	2026-10-01	FGA	south	0.13024522014344395	0.017022612331206936	3.0667858361037963	0.04246961708578719	-1.0	-2417.6183805173746	2	21.0	20.840997844565216	0.11949233716475097	0.11993335414420342	0.1527777777777778	0.12072922593275132	False
1	2026-10-01	FGA	south	0.2691678393029941	0.07272028825125362	5.054610403331993	0.05325194581278885	-0.9894645013995762	-2085.4180951344742	7	319.0	319.0122758685295	0.9138464052950958	0.8819944074199502	0.9565217391304348	0.8895767155267513	False
2	2027-10-01	FGA	south	0.12023043099888303	0.015039873066192592	2.580353319450626	0.04659456133103542	-0.8521493131384938	-34.01907105395603	17	1684.0	1683.9942826196566	0.9964317502175604	0.9798227023392582	1.0	0.9986706166180223	False
2	2028-04-01	FGA	south	0.0024013699955478546	6.7205406341176445e-06	0.04506816507107528	0.053283065590994126	0.999064678769909	0.9948559620000141	26	2172.0	2172.2624445711303	0.9905446880033029	0.987246910956424	1.0	0.9986866844103724	True
2	2028-10-01	FGA	south	0.047090492268943386	0.00236980688623679	0.9046833461808569	0.052051905749936775	-0.9739967242482841	-73.24011179894501	7	277.0	277.1552782468546	0.9772727272727274	0.9729494380490011	1.0	1.0	False
4	2028-10-01	FGA	south	0.005611535348764082	3.486648675799767e-05	0.7533030847774852	0.00744923983740442	-0.0	-0.10724768986790068	2	28.0	28.037253559679083	0.9375	0.7294084012195915	1.0	0.7477051658555457	False
4	2029-10-01	FGA	south	0.11388116652434607	0.01718231909513348	2.454899515469909	0.04638933928118329	0.8832893586364704	-19.01936495404575	16	433.0	432.9795861324487	0.23173369228085713	0.22205921596553657	1.0	0.9365411690706817	False
5	2029-10-01	FGA	south	0.044396220991046696	0.0034049741958010124	0.7256474153412453	0.06118153259068494	-0.4050151738955538	-1.6228499641096596	17	2843.0	2842.9946807621773	0.8107395944897143	0.8084237892312907	0.9384615384615385	0.9390935812330299	False
4	2030-04-01	FGA	south	0.12818731089508936	0.017343273166700687	2.2174393017427865	0.05780871241631783	0.7922154784846858	-14.478122614364725	15	421.0	420.9930565877229	0.1805159384329143	0.17588726146010103	0.42857142857142855	0.3690043177548513	False
5	2030-04-01	FGA	south	0.21020045593188294	0.04612960903467111	3.290559752965166	0.06387984771966794	0.7847808208903253	-19.397020519980963	23	3110.0	3109.976938709734	0.8522941309945651	0.849920578175308	1.0	0.9798425679294251	False
5	2030-10-01	FGA	south	0.07093129155045914	0.005055101505309054	1.1191455992747101	0.06337986013296922	-0.7616169906162369	-291.10295224870765	4	103.0	102.94207891572461	0.9726950354609929	0.9606970678781905	1.0	0.9689230238188267	False
6	2031-10-01	FGA	south	0.12618726817445397	0.019082402632785662	0.8373776424099413	0.15069338107868724	-0.7709734865387957	-5.3658439543789305	17	1210.0	1210.1450608187654	0.4684796383670246	0.4721507627192948	0.9285714285714286	0.7937323261466086	False
7	2031-10-01	FGA	south	0.20111203600613695	0.04798776000738323	2.891279966552413	0.0695581328452065	0.9831211580169322	-33.941649941577744	14	3026.0	3026.0018960838925	0.6648497680116465	0.640200047717801	0.8770949720670391	0.9997104444832711	False
6	2032-04-01	FGA	south	0.008077284957917926	8.486780574458436e-05	0.12276784058193571	0.06579316635065448	0.9919853505814054	0.9431765568381505	19	1248.0	1248.1284375942673	0.4325942255332135	0.43462703189452706	0.9285714285714286	0.7486456245553381	True
7	2032-04-01	FGA	south	0.003703055151612708	1.8750575059599333e-05	0.0545574827299659	0.06787437701151104	0.9982610993694951	0.9926278710917528	21	3315.0	3314.93072981105	0.7351495522466486	0.7065979350073255	0.9459459459459459	0.9344007382724767	True
7	2032-10-01	FGA	south	0.2920014453427522	0.08533413397686661	4.216461083907359	0.06925273103010758	-0.9896314007819025	-3476.111411868622	4	71.0	70.9912438030922	0.8551739926739926	0.8958291153483071	0.9230769230769231	0.9071974484060872	False
9	2034-10-01	FGA	south	0.17506222478284236	0.03256115824883502	2.989674528320425	0.05855561303564067	-0.8368865496045992	-27.167578017301466	15	1547.0	1546.9893188738076	0.657478137773814	0.6434800331276297	0.9444444444444444	0.8819600681305664	False
10	2034-10-01	FGA	south	0.14990319236912175	0.0235965343063391	1.7879544793678976	0.08384060897462982	-0.9731172460873901	-31.03806059882286	11	1419.0	1418.9513092767418	0.4337946552678011	0.42375008426057387	0.711864406779661	0.7189968563619176	False
9	2035-04-01	FGA	south	0.1875118846629795	0.03661004675821067	2.7942971396875538	0.0671052058135615	0.8649746013624184	-20.27627159249926	20	1717.0	1717.0322671865767	0.5442084106366962	0.5576164496081526	0.9444444444444444	0.8907518387391571	False
10	2035-04-01	FGA	south	0.21000970144217795	0.04587221958499568	2.6842226916188796	0.07823855378985682	0.9022463100122265	-20.866430836846	21	2156.0	2156.3576615068896	0.6244393911581894	0.5985429315611555	1.0	0.9549182116794442	False
9	2035-10-01	FGA	south	0.10892241368548226	0.011943780582197408	1.7786736280967292	0.0612379989026063	-0.998224158292077	-564.1562847043722	3	63.0	62.84282320242757	0.17383036520722103	0.19758402808557482	0.2080536912751678	0.21832105067202937	False
10	2035-10-01	FGA	south	0.2765658502720597	0.07677030604700265	5.42866203008634	0.050945490571948734	-0.9367267539284402	-1728.7651091331254	8	422.0	422.206096309751	0.8552488821101514	0.8483942327839811	1.0	0.9177523332942055	False
10	2038-10-01	FGA	south	0.003697625596430048	1.612625793908118e-05	0.10740121310338656	0.034428154855854744	0.9822121188209925	0.6910990211507614	9	247.0	247.13996060973923	0.7999558657637796	0.7830043108257034	1.0	0.8752672402129889	True
11	2038-10-01	FGA	south	0.006953969882595975	4.957980976596545e-05	0.17195050060418007	0.04044169605881872	0.9999764633201664	-2.870787776985971	3	47.0	46.9869257579588	0.3096420556965751	0.2814022261460087	0.35294117647058826	0.31107007379283247	True
10	2039-04-01	FGA	south	0.0022532983640236245	6.874279520065776e-06	0.06729464350946485	0.03348406717849249	0.998334342332269	0.9850709214516462	19	498.0	498.0112162465158	0.6068188406743292	0.5862184885582991	1.0	0.8685651557308665	True
11	2039-04-01	FGA	south	0.001341590602221193	2.723010529509079e-06	0.03300914656725654	0.0406429957068925	0.9973386709598719	0.9919045759940706	23	526.0	525.9740060868262	0.6485470245434497	0.6425471677548842	1.0	0.9288878915518276	True
10	2039-10-01	FGA	south	0.22013682868361967	0.04851751191367591	6.576461586050577	0.03347344553042854	-0.6675953283844898	-1038.3762920317968	7	140.0	139.78800363933945	0.3690294919377857	0.3608400523723324	0.527027027027027	0.48073082656712696	False
11	2039-10-01	FGA	south	0.18715038249708774	0.04038061040913646	4.222243541980008	0.04432486677670993	0.3759276238532132	-84.8365729861832	42	2341.0	2340.9672299275917	0.7180988927117772	0.7246898638795385	1.0	0.9036596641243356	False
12	2039-10-01	FGA	south	0.17572410270298103	0.03130396811512264	3.651047679121804	0.04812977483363033	0.9640234547024579	-45.37891439779119	17	1023.0	1022.9999814835368	0.35488393125031675	0.354541592648978	0.5592105263157895	0.5565672405571453	False
11	2040-04-01	FGA	south	0.17928508322928366	0.032662362689199705	3.26890800147366	0.05484555795037974	0.8656389991244751	-34.076596121846336	26	1987.0	1986.8598815513717	0.6508261446259235	0.6514897337148694	0.875	0.8617499813739073	False
12	2040-04-01	FGA	south	0.19450004885820793	0.03830110640446777	4.046938791082596	0.04806103054654238	0.9253407016313047	-33.8721577970138	23	1141.0	1296.103852401248	0.39742161787042024	0.38573135842156625	0.6956521739130435	0.5879817913321977	False
12	2040-10-01	FGA	south	0.09330792899692493	0.008722157617184772	1.9618768618916975	0.047560543074530566	-1.0	-808.6252381617388	2	32.0	32.01074690401722	0.6678260869565218	0.5767894457872675	0.6956521739130435	0.5789177154963744	False
13	2040-10-01	FGA	south	0.026007956547363292	0.0021503557257008016	1.8327622399636478	0.014190578559649478	0.5008779399755428	-684.7843907988656	8	120.0	119.42776423612177	0.6235270317055029	0.5995779410771824	0.75	0.695689887086073	False
14	2040-10-01	FGA	south	0.06906552203438161	0.004965508824598306	3.078078395837636	0.02243786972020472	-0.9832714544983361	-39.22729056789846	3	36.0	35.877786219718175	0.44950045885062245	0.4065057609739966	0.5217391304347826	0.4177271460260532	False
13	2041-04-01	FGA	south	0.2166574599792727	0.04695205442724711	9.490126291341207	0.022829776267250627	0.9686056832377554	-251.99246071508233	13	177.0	176.79230805418524	0.6714645306531875	0.6481275405555759	0.8333333333333334	0.7291164351078215	False
14	2041-04-01	FGA	south	0.13538067918712166	0.018329537509554687	6.894048701461416	0.019637325619475732	0.9937901117332835	-254.56946159885263	3	36.0	35.68473489134436	0.44950045885062245	0.39421328361988367	0.5217391304347826	0.4058919212941205	False
13	2041-10-01	FGA	south	0.2818505214986822	0.07944404781422153	13.482783424729895	0.020904475924586663	-0.501837448291398	-19598.018598257713	3	31.0	31.012164573431615	0.7619047619047619	0.6783637379216714	0.8333333333333334	0.6890268403831146	False
15	2041-10-01	FGA	south	0.08207093360912622	0.01057105502903718	1.0270059380437466	0.07991281312886654	-0.3636525694161097	-1.9463385034733913	19	5235.0	5235.043283485385	0.961290603142416	0.9594906478655858	1.0	1.0	False
15	2042-04-01	FGA	south	0.22004877974139686	0.04974718910260217	2.7657634868868395	0.07956167647186822	0.8443815462095149	-12.074115776304723	21	5270.0	5270.060965116989	0.9421551803283259	0.9204877494476813	1.0	0.9958907130592507	False
16	2042-10-01	FGA	south	0.030126653043306785	0.0011358826806289674	0.6176140599252754	0.04877909198982903		-3.913252659551407	13	907.0	906.9952610215078	0.9971263603224862	0.9932791050541951	1.0	1.0	False
16	2043-04-01	FGA	south	0.0008313481277810164	1.0292828434698176e-06	0.01723583779503829	0.04823369410103976	0.9994995219127883	0.9989960649434747	25	1609.0	1609.0056730334359	0.9985057073676928	0.9986264677186308	1.0	1.0	True
16	2043-10-01	FGA	south	0.2172746733610946	0.047649865573180836	5.121096788220171	0.04242737100007205	0.47992946246064067	-89.36795277436217	14	529.0	528.9833181013644	0.7616612918449938	0.781946472835868	1.0	1.0	False
17	2043-10-01	FGA	south	0.21688507283685743	0.04786100388458892	3.7211935748231526	0.05828373839626571	-0.8588994297403075	-112.7550651643228	12	1024.0	1023.8154962234746	0.595948886264706	0.5366800560237204	0.6484375	0.6421238886680846	False
18	2043-10-01	FGA	south	0.10637625007489818	0.012056301148608332	1.659613634552455	0.0640969969516938	-0.9541661720469823	-25.03111510122444	10	559.0	558.9983732484246	0.3224347273161587	0.2941188983060097	0.3855932203389831	0.3724993359212154	False
16	2044-04-01	FGA	south	0.009730651023133502	0.00011277140279004955	0.3413343410450791	0.02850768250666112	0.9849134417216503	0.7628944246876942	6	77.0	76.84403282424667	0.12570845548145607	0.15990865767183496	0.2857142857142857	0.2999019799247262	True
17	2044-04-01	FGA	south	0.00320867593120138	1.4360373161949435e-05	0.05688407179877238	0.056407282913081246	0.9958143564662568	0.9908158503843777	21	1550.0	1549.9664444370158	0.5533082780254955	0.522878393315063	0.6484375	0.5695598514282133	True
18	2044-04-01	FGA	south	0.0020194495512386177	8.088304963000937e-06	0.03098997618440136	0.06516460481357507	0.9979176806444247	0.9948034544669184	19	1040.0	1039.902760238386	0.418116335134395	0.39487364439367784	0.6666666666666666	0.5634033566481184	True
17	2044-10-01	FGA	south	0.08086212714923285	0.006545836762248181	1.777513093813846	0.04549171954381188	-0.757545356023517	-1423.2634064203105	6	203.0	203.147725401049	0.473142462422883	0.46357704100130576	0.6086956521739131	0.4764395121788495	False
18	2044-10-01	FGA	south	0.3114915576169523	0.09715398188784319	5.724076523045615	0.05441778361327998	-0.816931044815227	-942.761285935961	6	226.0	225.96721175472163	0.565198817803397	0.5247847283246028	0.6666666666666666	0.5383690111894639	False
19	2044-10-01	FGA	south	0.038115678936746306	0.0017209283326022652	0.7792098660415544	0.04891580638009226	-0.7008299812441462	-10.158177841554881	6	142.0	141.99163037525815	0.9119867839441876	0.8992842512482256	1.0	0.9970839099633553	False
19	2045-04-01	FGA	south	0.0024592246262543876	1.0182410202405548e-05	0.0596211825768745	0.04124749828776889	0.9965341329444175	0.97791252756818	22	616.0	615.7911845233923	0.9690959053705186	0.9730396060947629	1.0	0.9999520677162784	True
19	2045-10-01	FGA	south	0.07224082953524481	0.007259420416894088	2.074682239318995	0.03482018989036005	-0.9462380917656531	-14.718221926687393	35	1802.0	1801.910244504329	0.8753677428261415	0.8663362500338416	1.0	0.9970600049820362	False
20	2045-10-01	FGA	south	0.04012027834120457	0.0021030266483461246	0.8066150521937968	0.04973906478943973	-0.21662608341385192	-3.7592149423872847	13	509.0	509.01325072128657	0.2980149105485145	0.2948957272723154	0.5157894736842106	0.4851349528595364	False
19	2046-04-01	FGA	south	0.05080876624698216	0.004115479073610667	0.9241290832825413	0.05498016150136463	-0.3085998926379673	-3.909701471824433	26	1537.0	1536.9327908519804	0.7417836277222496	0.7371116326064816	1.0	0.9747487499247326	True
20	2046-04-01	FGA	south	0.03649894854273574	0.002736186287448328	0.6299079031138255	0.05794330943033162	-0.5850100778056071	-1.5601769517764565	20	684.0	683.6878253299229	0.4343889191890799	0.42676171369229	0.9166666666666666	0.7811033526913487	True
19	2046-10-01	FGA	south	0.005589494532797119	5.205820454392608e-05	0.09791387016167984	0.057085829858093566	-1.0	-4.019132720972952	2	31.0	31.111392253114268	0.34022556390977443	0.3607596331104789	0.39473684210526316	0.3805546095016679	False
20	2046-10-01	FGA	south	0.2322951461984956	0.0541091075373223	5.372111525984767	0.043240938888719986	-0.9803903230156374	-1865.3710853598086	5	109.0	108.907381071482	0.7457938324071047	0.6924169832781492	0.9166666666666666	0.7875051126662399	False
21	2046-10-01	FGA	south	0.12762257203510416	0.01637437170913447	4.057783794632613	0.031451299155937154	-0.9737767173622442	-373.9150760618517	4	67.0	66.80318688299158	0.9166515837104072	0.9208773155798187	1.0	0.935895780790034	False
21	2047-04-01	FGA	south	0.002486635647675611	9.005585461329815e-06	0.0739347385559343	0.03363284561822561	0.9871971065295391	0.9634092016971798	16	279.0	278.9771508743986	0.9290633065633906	0.9333732089074698	1.0	0.949105276508464	True
21	2047-10-01	FGA	south	0.1382858335324757	0.019889895351145048	3.9309547213022333	0.0351786889793187	-0.11889184434415834	-41.61607021521769	32	1925.0	1924.9808469546588	0.9089275457304007	0.9089688713715611	1.0	0.996032155638834	False
22	2047-10-01	FGA	south	0.15969322138061945	0.02605130697932506	3.657815331969671	0.043658087379339454	-0.9409303408906016	-84.55317238306834	9	251.0	251.03442328285132	0.19290472329837324	0.19181167214976946	0.3333333333333333	0.2925354255057387	False
21	2048-04-01	FGA	south	0.17901660327717797	0.032938249945179895	3.2662607749404344	0.05480781101455153	0.328901418475804	-31.959761815965088	28	1936.0	1935.9736244905841	0.8197396297693605	0.7996396739279094	1.0	0.9964770933108695	False
22	2048-04-01	FGA	south	0.20628818687448977	0.04317261132978476	3.5016831622204267	0.05891115138574727	0.9589798336190782	-51.30178069187518	15	408.0	407.8056485573326	0.31646188095872246	0.34159637431648854	0.6842105263157895	0.6244007807127966	False
21	2048-10-01	FGA	south	0.30298836046107663	0.0918179759931419	5.340270381683394	0.05673652058897564	0.4868953617201681	-5023.227880331746	4	86.0	85.9815161793747	0.501984318317491	0.4323457951499916	0.5573770491803278	0.48892520503905224	False
22	2048-10-01	FGA	south	0.09922204776110007	0.00988543461799865	2.6133050293356157	0.03796803153374156	-0.636756850211109	-314.15689120396394	4	89.0	88.7015420931807	0.5426660310370912	0.5569956163897253	0.6842105263157895	0.6309814793714194	False
23	2049-10-01	FGA	south	0.1338282287335678	0.019188868452159558	2.6872246445718972	0.049801652795904615	-0.9262371013736087	-28.83655555139438	18	2120.0	2119.8941601758575	0.9381163429908371	0.9354908327148362	1.0	0.9820913737968191	False
24	2049-10-01	FGA	south	0.14643549930249591	0.021830040310591478	4.478117394738314	0.03270023681705046	-0.9739759671520986	-80.81448157171982	6	93.0	93.02664223732705	0.07676248757536153	0.07365661047353711	0.10989010989010989	0.08957732293804885	False
23	2050-04-01	FGA	south	0.21279666496637983	0.04636949120039022	3.9370684641642857	0.05404952108485871	0.6463101369375645	-32.47484716693805	25	2468.0	2468.069416986207	0.9015159273696493	0.8863202792829183	1.0	0.9467703254035201	False
24	2050-04-01	FGA	south	0.1369155247650382	0.019139550864607908	3.3259845831477377	0.041165411727633536	0.7963073740562965	-39.08597307538004	9	129.0	129.07395107965903	0.10790948692213169	0.11987588351259802	0.2619047619047619	0.2195124541363255	False
23	2050-10-01	FGA	south	0.2618408962856189	0.0686661264939115	4.3742266700216526	0.05985992863152718	-0.9678623993999369	-2446.230132942206	5	170.0	170.066131981791	0.7833277475212959	0.7544650399097482	0.8909090909090909	0.8521864240063942	False
24	2050-10-01	FGA	south	0.13634181805521386	0.01858909135060104	12.680940370740743	0.010751711944786127			1	11.0	10.860101957008665	0.2619047619047619	0.23379201260938884	0.2619047619047619	0.23379201260938884	False
24	2051-10-01	FGA	south	0.0035161127448844354	1.2790702205993217e-05	0.08268536426475198	0.04252400380829334	0.9998805764018732	0.9764818659172032	9	162.0	161.96003835871608	0.07163729972062119	0.06309105803857942	0.15384615384615385	0.08770589643079157	True
25	2051-10-01	FGA	south	0.0025100361851423123	8.735575292901418e-06	0.04580290920821074	0.0548008025807312	0.999829856847066	0.9935872676304662	20	3251.0	3251.0032327635085	0.913367854990832	0.914499806377046	0.9753086419753086	0.9399346160146353	True
24	2052-04-01	FGA	south	0.21009893869569052	0.04450640534653188	5.511664054774819	0.03811896672361215	0.888912521594867	-81.52460872331318	9	162.0	161.9243490592113	0.07163729972062119	0.04530899225563369	0.15384615384615385	0.09753442653095398	False
25	2052-04-01	FGA	south	0.24300622005208591	0.0594431398910211	3.8902052993161775	0.06246616858364819	0.9340636635154439	-27.426796237974393	25	3419.0	3418.9558643584296	0.9192633116037099	0.9197371586835881	1.0	0.9723163148986581	False
25	2052-10-01	FGA	south	0.007706238005434823	6.122979471033724e-05	0.11484936996156264	0.06709865285298403	-0.9961646873333387	-2.3180491007382926	3	58.0	58.00461353842472	0.9428571428571427	0.9475744877302494	1.0	0.9667910685738542	True
26	2052-10-01	FGA	south	0.12273120981861041	0.020286259896953374	4.330287893694627	0.02834250581752786	0.9965983455218964	-137.11046252112212	17	711.0	711.0223042220231	0.9956163085149621	0.984535142708606	1.0	0.9989687546677118	True
26	2053-04-01	FGA	south	0.007808285817029596	7.435474178090279e-05	0.21566687817022528	0.036205308312881206	0.982713720809616	0.8650144593207618	28	1047.0	1047.0330554469392	0.9899695186025517	0.9753424326344325	1.0	0.9993446026927906	True
26	2053-10-01	FGA	south	0.1570063209938714	0.03678858851897144	3.5966893491478533	0.04365301135364114	-0.3317659271883999	-42.26192000568209	22	643.0	642.7107895598117	0.588694684432525	0.5850177492515277	1.0	0.9789011934839044	False
27	2053-10-01	FGA	south	0.02809787506446815	0.0010993131369714372	0.5250672714452304	0.05351290509334104		-2.0005120035045305	12	590.0	589.7815998492025	0.3783959822936298	0.3784792497637574	0.45161290322580644	0.40023419718865666	False
28	2053-10-01	FGA	south	0.15452121095447788	0.0240661296403604	2.729015085866314	0.056621603799388964	0.749299280725187	-89.62427525765699	10	498.0	498.1425332822164	0.30536156863139324	0.2904573426598711	0.4311111111111111	0.4018128871982704	False
29	2053-10-01	FGA	south	0.0751610665018348	0.005916226018029361	1.9588874865129247	0.03836926164433839	-0.9904556439130854	-63.70011381129238	5	81.0	81.1504018812444	0.07727191386002692	0.07124251260334738	0.10426540284360189	0.08806603451340025	False
26	2054-04-01	FGA	south	0.022436946503356692	0.0006786606874471187	0.41308973800773063	0.0543149452503146	0.9292053441225052	0.31950343985792196	18	518.0	517.7381557147128	0.26319160565295374	0.25691011258690916	0.5555555555555556	0.46238561677293033	True
27	2054-04-01	FGA	south	0.02183117251996584	0.0005486943843352608	0.42002691782484153	0.05197565106784374	0.9701061210849014	0.44282241281764334	18	800.0	799.6108671962814	0.3414034964495203	0.3406754262369525	0.45161290322580644	0.42215894653805236	True
28	2054-04-01	FGA	south	0.020103622594834492	0.0005571351039461269	0.3599597816689997	0.05584963548322389	0.9025606757950072	0.578096842374961	20	958.0	958.1490844363502	0.41331160151466567	0.40045770160162497	0.7096774193548387	0.5379856510241092	True
29	2054-04-01	FGA	south	0.017690565232263453	0.00044345611407172256	0.4385660829465103	0.04033728534912966	0.9525109802307608	0.11770721154618258	12	194.0	193.78803646702818	0.12551512241798143	0.10832073115575362	0.2391304347826087	0.1736497806112461	True
26	2054-10-01	FGA	south	0.0011812191230000473	2.185903780337184e-06	0.023509254673042795	0.0502448563099071	0.99646233897822	0.9114850318548555	3	42.0	41.740860835816164	0.12257419027225885	0.10500015243592298	0.1511627906976744	0.11679960921031372	True
27	2054-10-01	FGA	south	0.006512456011853286	5.372892122640196e-05	0.14524299291755563	0.04483834903863456	0.9962607437836216	0.17810215694844544	4	105.0	104.88995892029183	0.24940440513122708	0.26884140446634464	0.26744186046511625	0.2786482303400379	True
28	2054-10-01	FGA	south	0.004417505724729103	2.3085664111654246e-05	0.09648962912439218	0.04578218161699178	0.9783334216597355	0.7998541150971911	8	297.0	297.02947824438735	0.5350674817684589	0.5241651622878114	0.7096774193548387	0.5387831120545884	True
29	2054-10-01	FGA	south	0.025697267376160914	0.0008096018905155787	0.41056208220721063	0.06259045462262515	-0.9066237734774217	-0.6970354529878053	5	73.0	72.86915903790023	0.1773554966002396	0.1304112988495249	0.2391304347826087	0.20701406371737455	True
0	2025-04-01	FGA	tropics	0.37917097606001804	0.1439891185884077	23.356231230953327	0.01623425339091154	0.5247101194457859	-70455.58101304539	10	237.0	236.65478506253885	0.9863448146056844	0.9847405933937481	1.0	1.0	False
0	2025-10-01	FGA	tropics	0.31783371705526675	0.10105136011236879	19.624010502485163	0.016196165254549606	-0.6052242112517524	-63069.66695954167	10	237.0	236.85032995953307	0.9863448146056844	0.9843078305106273	1.0	0.9951518154967076	False
1	2026-04-01	FGA	tropics	0.15737401150647576	0.024995393645761876	8.477980550901288	0.018562676637627513	-0.9212893866118521	-1284.6137647226228	22	683.0	682.8440443421198	0.9608638614862876	0.9507238204369746	1.0	0.9769364832988242	False
1	2026-10-01	FGA	tropics	0.014916221195262218	0.0003145755416628405	0.8257767120657779	0.018063262111070597	0.9516722120988921	-2.232296404708746	48	1549.0	1546.7705604435505	0.9412435442828437	0.9349415557613172	1.0	0.9867791926069198	False
1	2027-04-01	FGA	tropics	0.12689726154992795	0.016153454571236552	9.52186183282452	0.01332693792221156	-0.18511795798105285	-908.6035408949049	25	777.0	776.824073142913	0.9161122553999752	0.9175526256673595	1.0	0.9693996523324689	False
2	2027-04-01	FGA	tropics	0.05884519559170918	0.0035147880587487845	2.7975323717892824	0.02103467905684044	-0.9042329906928424	-1298.1865318050325	7	152.0	151.91495407464606	0.9415168308702793	0.9095560632554621	1.0	1.0	False
2	2027-10-01	FGA	tropics	0.15132090249921706	0.023045622939624227	8.229650569792685	0.01838728160034491	0.8946197468103331	-227.23362435579307	33	1572.0	1571.7591480000663	0.9619223708938431	0.9431110300857211	1.0	0.9922177689596864	False
2	2028-04-01	FGA	tropics	0.21626804513332867	0.046988375834828656	12.080236463893737	0.017902633427725183	0.7241112462924342	-406.4143600935428	36	1656.0	1655.733332306456	0.9320412178006889	0.9156814893900638	1.0	0.9956040851947938	False
2	2028-10-01	FGA	tropics	0.17584571243570585	0.031099351958479633	9.43103677743831	0.018645427494925926	-0.41902343023096333	-7555.430591660859	10	221.0	220.5176900275456	0.8538975105731621	0.8090682796273236	0.96875	0.918804043230676	False
3	2028-10-01	FGA	tropics	0.006460819809758687	4.5240443376391774e-05	0.7754986784362772	0.008331180941257494	-0.0	-11.93230430046778	2	21.0	20.906806540819378	0.4535714285714286	0.255010909270875	0.55	0.2724089399096386	False
4	2028-10-01	FGA	tropics	0.1851534487205141	0.03435623335573324	8.870980929245832	0.02087181228291232	0.251339412261831	-950.4870914767658	10	172.0	171.77858088250903	0.7458010829749961	0.6955267760569769	0.9285714285714286	0.7555718526237235	False
3	2029-04-01	FGA	tropics	0.24302754389578723	0.059490058361707676	20.60758262873351	0.011793112674794262	0.997931523915802	-1723.406989359992	4	45.0	45.02923151069013	0.40354660068339815	0.2336177790062358	0.55	0.2850163570717396	False
4	2029-04-01	FGA	tropics	0.058535720714669885	0.007498909809877032	2.750987281887501	0.021278077546947976	-0.6097557348686136	-117.53013697667022	36	1098.0	1097.8544737478805	0.7816766005676538	0.7649048731372652	0.9444444444444444	0.8398389378628357	False
5	2029-04-01	FGA	tropics	0.06285543542825432	0.004046974984479053	3.295801691345093	0.019071364516049374	-0.910094051556681	-383.4323347905479	3	46.0	45.54398115843407	0.28999709435836873	0.20366421631857023	0.3442622950819672	0.2511998629239412	False
3	2029-10-01	FGA	tropics	0.2561326120364244	0.0656039149486015	83.39517737006382	0.0030713120364243957			1	11.0	10.802394770587439	0.2682926829268293	0.14193372428163878	0.2682926829268293	0.14193372428163878	False
4	2029-10-01	FGA	tropics	0.08223059240785778	0.006836086460114508	4.729735260071429	0.01738587635169583	0.7637560124603393	-87.11959075418578	38	1157.0	1157.0050602443291	0.6897138043121828	0.677787785473444	0.9444444444444444	0.8633344110282203	False
5	2029-10-01	FGA	tropics	0.19707221977770217	0.03908645052422982	8.297935674500398	0.02374954778009502	0.8842394454359301	-1899.4262289654914	28	697.0	696.7352081045483	0.6461453061180767	0.6349423908157596	0.95	0.9816260201645214	False
4	2030-04-01	FGA	tropics	0.11271084908821145	0.012725397582562439	7.9697820002682	0.014142275043962118	-0.22032270752907784	-30353.483724413774	13	238.0	238.01188812697876	0.4761468527929754	0.4421983875049964	0.6666666666666666	0.6498143477277564	False
5	2030-04-01	FGA	tropics	0.21957095734057486	0.052372179990357065	10.69734519726413	0.020525742910187716	0.707721043171103	-966.7077788696814	48	1166.0	1165.9492199087472	0.8335794468322275	0.8303397652951259	1.0	0.9995701006308997	False
5	2030-10-01	FGA	tropics	0.20647429922428864	0.04274010113786134	16.93063068851009	0.012195310560073327	-0.18126857332054994	-10615.465333451757	24	497.0	496.9647552723457	0.9938533857397954	0.9873772678548699	1.0	1.0	False
6	2030-10-01	FGA	tropics	0.13400375013733026	0.01805063145223535	3.6318149241998228	0.03689718582420731	0.8648786351097533	-4576.747590504641	5	89.0	89.00045346615038	0.7336704046166963	0.741867746758462	0.8333333333333334	0.8742063139270961	False
5	2031-04-01	FGA	tropics	0.24203253255540408	0.05890352523180425	10.541437754936151	0.02296010640883114	-1.0	-950.87633101274	2	25.0	24.903098020300554	0.5495867768595042	0.5301671887508049	1.0	1.0	False
6	2031-04-01	FGA	tropics	0.13682291450369774	0.019873447550005908	3.995551737829376	0.0342438099870603	-0.987844589217036	-38.4354899543898	31	3082.0	3082.200753890479	0.9316236085629025	0.9049892240461472	1.0	1.0	False
5	2031-10-01	FGA	tropics	0.15878295873563603	0.02521202798484269	31.46922276256966	0.005045658735636037			1	12.0	11.767395692897432	0.09917355371900827	0.052180134557376176	0.09917355371900827	0.052180134557376176	False
6	2031-10-01	FGA	tropics	0.2323656073205116	0.05476377525589576	7.569643483919872	0.030697034518748976	-0.5547748490817416	-125.64620269340557	32	3065.0	3064.85896796632	0.9814685238207231	0.9725738229614651	1.0	1.0	False
6	2032-04-01	FGA	tropics	0.23828275170987123	0.05685743222756145	7.6358290360085554	0.031205878312124673	-0.8437491817183156	-24318.839236765896	6	97.0	96.94561782052519	0.9822222222222222	0.9951460645465002	1.0	1.0	False
7	2032-04-01	FGA	tropics	0.16972096106529136	0.029051521711761296	9.134631665314675	0.018579945780380264	-0.8178874199567177	-1212.3428111875196	24	501.0	500.9607251622917	0.984215134052801	0.9746057791384798	1.0	1.0	False
7	2032-10-01	FGA	tropics	0.19900847914827957	0.0398121977750993	15.16694103090663	0.013121200823735484	-0.4301479790848105	-746.5419024148587	46	1047.0	1046.8361281767768	0.9286203411480893	0.9215290464510254	1.0	1.0	False
7	2033-04-01	FGA	tropics	0.11803903488320354	0.014107766523382666	11.414965086657475	0.010340726755369139	-0.8163612876195343	-1779.4502484278735	22	489.0	488.9235909452606	0.8228672477043208	0.8009725344267242	1.0	0.9860685282088227	False
8	2033-04-01	FGA	tropics	0.19699463189342137	0.03889509565147373	15.602063252898619	0.01262619108128682	0.08422141746143058	-1886.8775331096863	25	726.0	725.7478269836118	0.8576577620247869	0.8440676139595713	1.0	0.9740436364894131	False
7	2033-10-01	FGA	tropics	0.2479748066562478	0.061491504736203476	24.65074303493545	0.010059526656247795			1	13.0	13.242517050754742	0.35135135135135137	0.33862748408235227	0.35135135135135137	0.33862748408235227	False
8	2033-10-01	FGA	tropics	0.035261837185759155	0.0015200076237344249	3.0247016103454127	0.01165795563607094	0.9518403504778608	-31.8874966883131	48	1337.0	1336.8980883135423	0.9297866041186408	0.9287885621457529	1.0	0.9937443802594674	False
8	2034-04-01	FGA	tropics	0.01712596156923524	0.00034138137386734277	1.4661656014795923	0.011680782547314195	-0.6559885946957202	-42.54690308802391	25	581.0	580.482263780574	0.9628545847050701	0.9590954719617778	1.0	0.991520545442548	False
9	2034-04-01	FGA	tropics	0.017014031428572274	0.0002986797742428952	0.848681914707198	0.02004759513986138	0.0	-31.456342182780475	2	24.0	24.029357255654034	0.8901098901098901	0.8385398771527306	0.9230769230769231	0.8837400357544383	False
8	2034-10-01	FGA	tropics	0.264704724935799	0.07009093882926613	18.651482273740232	0.014192154867416715	0.35528337178437996	-32800.03389540563	3	36.0	35.66281128959829	0.8229700854700854	0.8159248164543911	0.9230769230769231	0.8760153085251078	False
9	2034-10-01	FGA	tropics	0.1535884514316744	0.024456012731578727	2.007736875198411	0.07649829682811214	-0.7888194330122915	-64.63695280029091	29	1010.0	1010.089287210059	0.6787347378985951	0.6682954299813881	0.9523809523809523	0.8578444814121496	False
10	2034-10-01	FGA	tropics	0.17196311561602995	0.029746400777088577	5.200613199415596	0.03306593069358702	-0.9786071016358224	-2333.0680967585904	14	868.0	867.9753305140307	0.5059726178436793	0.4970896529338557	0.8135593220338984	0.868532151959903	False
9	2035-04-01	FGA	tropics	0.1867048281424179	0.03519785105364685	4.083487557340906	0.045721904504588906	-0.22432217178399066	-186.26264459923985	29	1030.0	1029.662687070749	0.5558333049708749	0.5556648945712278	0.9523809523809523	0.8748155480592796	False
10	2035-04-01	FGA	tropics	0.08345165627108767	0.01180302718272658	2.7160286034386103	0.030725617604112947	-0.9357964848884465	-26.04196587626718	38	2654.0	2653.8003276751324	0.7942149999160605	0.7801795717306477	1.0	0.9998268403414117	False
9	2035-10-01	FGA	tropics	0.2882024421811609	0.0830900310595955	10.719106481264104	0.026886797205057076	-0.8084456944704645	-4295.292623194863	3	45.0	44.80425139855081	0.09539386801643623	0.08961576997304159	0.10465116279069768	0.10429181524740704	False
10	2035-10-01	FGA	tropics	0.1936665084106871	0.03765451447146931	7.338943919028816	0.02638887972812246	-0.17415829092391694	-585.7383268584678	22	1500.0	1499.8823889172759	0.9703183267979043	0.9686000710765281	1.0	1.0	False
10	2038-10-01	FGA	tropics	0.12484816077863767	0.01598773727613165	9.564114724711953	0.01305381254535273	-0.6455612565438531	-3415.3116409444897	22	379.0	378.7777018674927	0.9432093707063803	0.9474322704790622	1.0	0.98778969535229	False
10	2039-04-01	FGA	tropics	0.21525092754045277	0.0472473618981466	7.806079356008876	0.027574780850102343	0.6237053176912933	-854.1125297735775	43	778.0	777.9740768803263	0.7367619052000706	0.7416595905935365	1.0	0.9940885266848807	False
11	2039-04-01	FGA	tropics	0.018332767503687158	0.0003415710659611318	0.893086977180969	0.020527415550895815		-61.32250719668556	7	112.0	112.11265261989179	0.22997651441528993	0.2321049756543776	0.3194444444444444	0.283738627765278	False
12	2039-04-01	FGA	tropics	0.14601875328763747	0.021463246210630133	9.222679653372987	0.01583257347925279	-0.6677350593366249	-5762.35190835629	18	563.0	562.9783150696792	0.5534219210960172	0.5302811981061608	0.72	0.716261372234722	False
10	2039-10-01	FGA	tropics	0.22154739092603626	0.0491021327696447	24.296497112668153	0.009118491027684885	0.32429469937279926	-22570.07434143952	18	339.0	338.9288924730344	0.46513525714624365	0.45218814514846817	0.7741935483870968	0.7692278616419087	False
11	2039-10-01	FGA	tropics	0.05539190105682206	0.007340979359751398	3.4111490831225075	0.01623848729769303	-0.8767097554023366	-72.2806501043004	31	617.0	616.7165198908237	0.3164727938435746	0.3057503172403966	0.5428571428571428	0.38645034493696323	False
12	2039-10-01	FGA	tropics	0.20607264496642405	0.04875353900845241	11.933701658435766	0.017268124414753925	0.7956071276595228	-360.75073571404084	44	1614.0	1613.9765199237559	0.6003747640499583	0.5951821717644151	0.7741935483870968	0.6756021656505097	False
11	2040-04-01	FGA	tropics	0.22595298411720316	0.051118405568396294	18.83409715642183	0.01199701701868732	0.08101944616086253	-2212.487317143298	21	421.0	420.9853199080019	0.345988919919368	0.34290525453968657	0.5428571428571428	0.39904716641860344	False
12	2040-04-01	FGA	tropics	0.25912577539854426	0.06722270072304366	14.385042531926365	0.018013556430120863	0.3258312490262613	-1814.455030177263	24	896.0	895.9762079592863	0.6364186455455981	0.6192316470631035	0.7741935483870968	0.6626880553439745	False
13	2040-10-01	FGA	tropics	0.14441294300949442	0.02845130614719746	5.471534316884987	0.02639350036859689	0.9276954460685447	-210.65547882944662	16	197.0	196.53189032244978	0.23304093169436585	0.2153291615333503	0.47058823529411764	0.3270049999080487	False
14	2040-10-01	FGA	tropics	0.0715140810240863	0.005185912862716155	2.901613564466004	0.024646314691890176	0.1419085501818605	-107.19587881028546	22	1073.0	1072.8661265343785	0.7500696374434296	0.7334703256578791	0.8979591836734694	0.8836439943987154	False
13	2041-04-01	FGA	tropics	0.0060456509464888505	5.6720559441161174e-05	0.4354013318300951	0.013885237606135803	0.9703709406805984	-0.451420163751582	20	240.0	239.7632324704423	0.2216405065019401	0.19453218839815423	0.47058823529411764	0.3171141110642971	True
14	2041-04-01	FGA	tropics	0.0026161395574872633	1.1664285830966684e-05	0.1094385242680966	0.02390510631410184	0.9881370839680926	0.9413622788098734	43	1913.0	1913.0920415278754	0.7762229504698257	0.757217262914025	0.9122807017543859	0.8655701661780929	True
15	2041-04-01	FGA	tropics	0.007302045380527946	5.809011275144187e-05	0.23909086453855333	0.030540879906143355	1.0	-10.465963224923858	2	27.0	27.239922946974033	0.6031578947368421	0.48151430117785443	0.68	0.5094408675714356	True
13	2041-10-01	FGA	tropics	0.21310797201191156	0.04551098436039972	13.992197345178317	0.015230486445743858	-0.9846015154803963	-1796.9978987070826	3	32.0	31.90045892906165	0.19879986145046388	0.14997418075639155	0.28205128205128205	0.1644822635444578	False
14	2041-10-01	FGA	tropics	0.24478922515669782	0.06004147847411635	11.967104018464259	0.02045517652215675	-0.654749955544841	-2377.487021589108	20	723.0	722.9269738480233	0.7812275937883	0.7474697470869357	0.9122807017543859	0.8675300635867417	False
15	2041-10-01	FGA	tropics	0.06577530000096388	0.004695146846188095	1.9396296691659995	0.033911267210738165	0.5252508986526477	-8.226063230636873	27	3015.0	3014.993327628078	0.9248754278739187	0.8810967703992104	1.0	0.9940337279003315	False
15	2042-04-01	FGA	tropics	0.25789212555429786	0.06674137318467228	8.72720148726062	0.029550380603765296	0.7405620382160444	-129.63581238100275	32	3187.0	3186.9829005694646	0.9561516617204318	0.9341522329712105	1.0	1.0	False
15	2042-10-01	FGA	tropics	0.18449776534522258	0.03405454350380076	5.605377364337362	0.03291442366022273	0.8102809079576669	-2397.895547711449	6	133.0	132.9439682545556	0.9590796177003074	0.9359933465556255	1.0	0.9498338349500572	False
16	2042-10-01	FGA	tropics	0.013588101917803843	0.00018463651372862449	1.0	0.013588101917803843			1	10.0	10.022786547077978	0.7692307692307693	0.7588616689417337	0.7692307692307693	0.7588616689417337	False
16	2043-04-01	FGA	tropics	0.15334521466438406	0.028478053072495155	8.472752111438894	0.0180986310761241	0.9224667082272695	-897.0662383547523	26	1125.0	1124.9985934057438	0.9853395458880765	0.9617067493592171	1.0	0.9918852467304039	False
16	2043-10-01	FGA	tropics	0.18618306049024652	0.03503294762807446	6.02087028801827	0.030922948275560254	0.9022586964942249	-338.78280486016666	50	1966.0	1966.0120808238853	0.8527497724457457	0.851902177965277	1.0	0.9937753082523285	False
17	2043-10-01	FGA	tropics	0.19881744796686399	0.03955270119398897	9.831592479024794	0.020222303598428328	-0.20397127339208915	-9289.041490048368	11	239.0	238.9175844229951	0.48623725707957965	0.47237346460290053	0.796875	0.7330659884974449	False
16	2044-04-01	FGA	tropics	0.23802886231558487	0.05679641355411914	15.443618624718074	0.015412764851277214	0.21562060849400677	-8885.592124675837	27	804.0	803.9300832739316	0.6590268236517909	0.6524381924743131	1.0	0.9850441351786999	False
17	2044-04-01	FGA	tropics	0.18784806697405726	0.03854514035571319	8.287475535603518	0.022666500331379576	0.9101845866316188	-288.836528661893	37	1367.0	1367.4212612685872	0.6635429036068082	0.648042225227021	0.8571428571428571	0.822808240918536	False
18	2044-04-01	FGA	tropics	0.18254194540034158	0.03335194583407289	11.514991059295744	0.01585254773193943	0.3919522435574721	-1116.805332909987	15	210.0	210.01373583879652	0.26704697530063715	0.24735060245680512	0.47368421052631576	0.376956187566128	False
16	2044-10-01	FGA	tropics	0.24315744567520883	0.05912554338729213	27.234292015312402	0.008928355675208824			1	12.0	12.004778733028104	0.21428571428571427	0.14202872929574273	0.21428571428571427	0.14202872929574273	False
17	2044-10-01	FGA	tropics	0.0695115579428248	0.004950639647355305	4.106478200950616	0.016927292570732128	0.7139755604087847	-69.39126510798351	29	1076.0	1076.0354352143563	0.7019074585908764	0.6902835122073027	0.8571428571428571	0.7939713846500941	False
18	2044-10-01	FGA	tropics	0.24032025043831853	0.06066993894636267	20.000281835980676	0.012015843197068372	0.47805450935953836	-1427.1755489602067	23	327.0	327.0124073827556	0.3765120347727665	0.3360664492612737	0.8	0.6002833650495736	False
19	2044-10-01	FGA	tropics	0.043067170506450744	0.001858170318307028	1.5129516571657917	0.028465662007422208	1.0	-188490.54402558864	2	31.0	31.14764083360461	0.668560606060606	0.5966846184008587	0.7916666666666666	0.6273825966271582	False
17	2045-04-01	FGA	tropics	0.20786696068445412	0.04320868853656749	10.418550548973199	0.019951619921346975	0.944390996194955	-339386.29714735434	3	38.0	38.03186478788923	0.608359133126935	0.48108090780333157	0.7368421052631579	0.5105619937733756	False
18	2045-04-01	FGA	tropics	0.216915199081106	0.04707369719812646	22.97011015430172	0.009443367821224109	-0.8189975213934235	-5433.725255333136	4	62.0	61.692443223234456	0.6893892339544514	0.5758494208197522	0.8	0.6233618968160434	False
19	2045-04-01	FGA	tropics	0.1589291739710789	0.03128055764959443	5.554254569076783	0.02861395206044648	0.9239420989800265	-121.03234407632696	28	2139.0	2139.006860343513	0.911008387419122	0.8813096179147614	1.0	0.9993981858719941	False
19	2045-10-01	FGA	tropics	0.24958214109938798	0.06253348359593126	9.3467849355441	0.026702458954658632	0.8571052354277043	-191.8067805102582	36	2478.0	2478.1315275172733	0.9679302404431789	0.9575545679632818	1.0	1.0	False
19	2046-04-01	FGA	tropics	0.3043085645392394	0.09262149257782093	12.06186930437209	0.02522897213195106	-0.367509121369224	-34731.141606461235	10	235.0	234.9910565538423	0.9867788461538461	0.9811018780728562	1.0	0.9908198853787366	False
20	2046-10-01	FGA	tropics	0.21071792239774606	0.044411904987928075	36.09644432308642	0.005837636541474416	-1.0	-8061.881358437305	2	23.0	22.95457958578814	0.8543956043956045	0.6940983118743309	0.9230769230769231	0.7122796910719764	False
21	2046-10-01	FGA	tropics	0.140174770098566	0.019696136640137873	4.10791475276155	0.03412309615342757	0.6628581108637307	-4144.874153067067	5	74.0	73.80036667202378	0.6514021028701336	0.609801589311125	0.68	0.769508450860328	False
20	2047-04-01	FGA	tropics	0.00542757965906121	5.530142751154039e-05	0.3057381253702558	0.017752380906006695	0.9736175514649086	0.18220903040887115	6	75.0	74.81109536289271	0.4342422252355347	0.3450224681025476	0.9230769230769231	0.6829062625037073	True
21	2047-04-01	FGA	tropics	0.0017985571923129133	6.4661355215140035e-06	0.060235681885403604	0.02985866742132361	0.9969325453916773	0.9815055432010559	31	2318.0	2317.9762449908003	0.8639643462556721	0.8433068558852505	0.968503937007874	0.9951276374978397	True
20	2047-10-01	FGA	tropics	0.031037947988225546	0.001313692169523313	1.913394613277436	0.0162214044990233	-0.9571115992414472	-16.080834326688787	4	51.0	50.08958729574875	0.16105831078356886	0.11396406103179799	0.25862068965517243	0.16322772462283816	False
21	2047-10-01	FGA	tropics	0.2183946586488881	0.04828937371580869	8.00132212968499	0.027294821419405375	-0.49649190208261396	-150.66659419150386	34	2430.0	2429.878265068981	0.9190099910070824	0.9136522339455392	1.0	0.9712689220627282	False
21	2048-04-01	FGA	tropics	0.10518920030832	0.011078012893853632	3.3924919228211965	0.031006470376750275	0.04815747424461628	-1242.270762562798	8	158.0	157.61246068705307	0.9132357583184789	0.9031303261993434	1.0	0.9777281312531779	False
22	2048-04-01	FGA	tropics	0.00999100270703452	0.00010868955488285973	0.7703662261489359	0.012969159820231977	-0.0	-11.254415446037918	2	25.0	25.047325107438937	1.0	0.960493451723002	1.0	0.9767167557009743	False
22	2048-10-01	FGA	tropics	0.01983827403718273	0.0007015652312470221	1.9170083513574265	0.010348559005043103	0.26382264583763376	-63.980037555238454	17	236.0	235.72064267435104	0.9770853665749859	0.9693182633352988	1.0	0.9936747498550554	True
22	2049-04-01	FGA	tropics	0.18752030658163912	0.04186964672103975	11.375682939901928	0.016484311981295057	0.7633754621577211	-2316.35690480866	39	570.0	570.1064532604997	0.7515960000510958	0.7468946099420203	1.0	0.9930471245357096	False
23	2049-04-01	FGA	tropics	0.16798671644808094	0.02823999550333509	8.456706549977609	0.019864318982255064	0.06741263097080824	-30424.751166590457	13	312.0	312.0161089753991	0.6099696789168866	0.5905549078990716	0.7678571428571429	0.8080001847912696	False
22	2049-10-01	FGA	tropics	0.2264567374930887	0.05137925540465822	14.019685590838426	0.01615276862136434	0.6635064138705409	-3470.174648994512	25	363.0	362.698490455607	0.5445778026757009	0.5240796535760597	1.0	0.8965981805310553	False
23	2049-10-01	FGA	tropics	0.18183688960056094	0.0334394509317665	9.788522958886224	0.018576540134227874	-0.7856127737666924	-232.48546982071974	39	1694.0	1694.0170767237498	0.786962812922126	0.7816916294637553	0.9782608695652174	0.9282061244759128	False
22	2050-04-01	FGA	tropics	0.10547669520303574	0.011155351201767104	17.78876176369343	0.005929400629689242	-1.0	-35047.52021331656	2	22.0	21.45422699979181	0.14198867421718853	0.10309314712232831	0.14473684210526316	0.11149573885242062	False
23	2050-04-01	FGA	tropics	0.2264813137406253	0.05159571118472179	13.25685010266266	0.01708409705071163	-0.646859436690109	-724.9831177227626	33	1425.0	1424.5961775537905	0.8605470417219484	0.8532210784419959	0.9782608695652174	0.9083689956776211	False
23	2050-10-01	FGA	tropics	0.2589610953780366	0.06706279193571325	15.533157025508022	0.01667150437948831	0.6636604478600162	-32019.50173911396	7	95.0	94.43736105477342	0.791086889301175	0.7686853834366746	0.9285714285714286	0.8083420536016203	False
24	2051-04-01	FGA	tropics	0.003797774673551299	2.9805204785959647e-05	0.17392476701533746	0.02183573241881298	-0.2321617542377608	-0.06868483329189079	13	197.0	196.90398075564377	0.5201790372040714	0.5257516899897853	0.7619047619047619	0.7259676198703375	True
25	2051-04-01	FGA	tropics	0.0016107739067655821	3.183855237428486e-06	0.052387453303755396	0.030747322215224266	0.590312036312484	0.022540182732524228	6	113.0	113.00150690452966	0.43861800080986213	0.4177040492686257	0.5106382978723404	0.5135035598778547	True
23	2051-10-01	FGA	tropics	0.19100333331739833	0.036482273338357164	47.04187328478995	0.00406028331739832			1	11.0	10.993866779611427	0.09401709401709402	0.05126482994880245	0.09401709401709402	0.05126482994880245	False
24	2051-10-01	FGA	tropics	0.07982155955425109	0.006753218815147627	4.082743065835624	0.019550963229157756	0.01063701576380717	-48.83807343697103	34	635.0	634.8629639908117	0.32682057857162866	0.3123103550761059	0.7619047619047619	0.5692532529805221	False
25	2051-10-01	FGA	tropics	0.1798542893783106	0.03718061633386103	6.154419731993699	0.029223598196161302	0.8261673234730846	-116.14697936111419	33	1980.0	1979.9376085874908	0.7101860399830944	0.7042887904095496	0.9591836734693877	0.8566674470047106	False
23	2052-04-01	FGA	tropics	0.23166310202473211	0.053667792839721444	169.82828104094918	0.0013641020247321073			1	11.0	10.72186252634884	0.09401709401709402	0.041952060269150486	0.09401709401709402	0.041952060269150486	False
24	2052-04-01	FGA	tropics	0.10314857413328499	0.010764490712830185	4.559425382039044	0.022623152149746417	-0.4189067364810979	-140.0128071240602	18	354.0	353.79962705951755	0.18304944824554836	0.18351385949958718	0.27350427350427353	0.27362539791230356	False
25	2052-04-01	FGA	tropics	0.26909211794831783	0.07262422496219695	11.01510974885488	0.02442936330945703	0.5655906386796534	-358.49637214317204	30	1825.0	1825.077115614947	0.7849929997920275	0.7518647525808897	0.9591836734693877	0.8497036604817388	False
26	2052-04-01	FGA	tropics	0.05104830913004102	0.002676893065100856	1.9284316926258196	0.02647141162699513	-0.8530846661863694	-122.90003469049154	15	506.0	505.5529399967875	0.8943618767398155	0.836567114659604	1.0	0.993277631241906	False
25	2052-10-01	FGA	tropics	0.004714612899726441	2.6089036092113897e-05	0.1551224846241119	0.030392840284570916	0.5857367963192426	-3.5103996582719565	4	63.0	62.91068094048451	0.7172738493390667	0.6757386239455949	0.95	0.7986090696873198	True
26	2052-10-01	FGA	tropics	0.055407194229792574	0.006849471219775476	2.3558325580505306	0.023519156334116737	0.09437219216900407	-32.887050915294864	41	2221.0	2220.9998565583487	0.953482137153947	0.9432750538072739	1.0	0.995914556584962	True
26	2053-04-01	FGA	tropics	0.18782117765531653	0.035551522570618055	10.885788247236235	0.01725379672923566	0.2761514798126664	-663.2347388459648	31	1659.0	1658.9936820190314	0.9669837002397166	0.9553593451512239	1.0	0.9961798675783721	False
26	2053-10-01	FGA	tropics	0.19124743048516515	0.03709266801850648	15.370118090130077	0.012442808140034702	-0.14799683645635664	-2734.8810658831085	6	74.0	74.20182847517336	0.7678695591711863	0.7256452613626095	1.0	0.8806785812395307	False
28	2053-10-01	FGA	tropics	0.06210316954737994	0.008085990836691913	2.480282606306677	0.025038747354623477	0.05827049324180397	-1290.0977202251877	14	494.0	494.03549455611653	0.6865070364897342	0.6797483640280112	0.8392857142857143	0.8508360109471321	False
26	2054-04-01	FGA	tropics	0.11734122801884568	0.013769909046303642	40.04299889261137	0.0029303806224287854	1.0	-5909.205056851716	2	27.0	27.000060197962284	0.14941972920696325	0.0980954749630728	0.18181818181818182	0.10809177562142638	False
28	2054-04-01	FGA	tropics	0.18775886801273736	0.0353872156980398	7.78722954267391	0.024111125398811138	0.9710225170468043	-121.50840330101381	40	2161.0	2161.032654567636	0.7821629832350361	0.7803647829537577	0.9367088607594937	0.8662604006400227	False
29	2054-04-01	FGA	tropics	0.14799612539045107	0.03167336184860161	14.478234932166583	0.010221972918925713	0.9643142268993296	-531.4164996118857	3	40.0	39.358086488405384	0.13278941713671769	0.0840963630687976	0.19117647058823528	0.12626116248925756	False
28	2054-10-01	FGA	tropics	0.22802642085542807	0.05294047062075421	10.893147132465367	0.020933015783458027	-0.9381884443736	-672.7222459163529	27	1557.0	1556.824238237463	0.8463990926924434	0.8392867887167736	0.9367088607594937	0.8502833066421811	False
29	2054-10-01	FGA	tropics	0.21595567442739969	0.06759190169498364	13.672974687345722	0.015794344637181674	-0.939443804102704	-527.8417835282528	3	40.0	39.102041867725106	0.13278941713671769	0.09469025717808073	0.19117647058823528	0.12967726141018746	False
0	2025-04-01	GARW	north	0.6384104695376505	0.43896793721712035	11.129260328108884	0.05736324344262427	-0.7333406271232479	-2045.2127598510065	11	1550.0	1549.8681470925042	0.9968817430318904	0.9967199726023176	1.0	1.0	False
0	2025-10-01	GARW	north	0.3333078864872103	0.12134168797766262	5.198058215897652	0.06412161477296026	0.9177581000163612	-458.4672106636164	13	1577.0	1576.8922003035173	0.997361474873138	0.9905462253269453	1.0	0.9969707701065389	False
2	2027-04-01	GARW	north	0.002782466168756469	1.08600734769739e-05	0.05621878488117093	0.04949353093699444	0.9951654019792708	0.8892883800324745	8	256.0	256.03160455160344	0.9902548725637181	0.9959471346648126	1.0	1.0	True
2	2027-10-01	GARW	north	0.001893886004125256	4.70163045056812e-06	0.038406520558020366	0.04931157461307072	0.9984936171483924	0.9936252459546848	25	1147.0	1146.9272003840492	0.9968815592203897	0.9905627401898787	1.0	1.0	True
2	2028-04-01	GARW	north	0.002069239317992526	6.088328196004324e-06	0.06779497812173096	0.030522014687829113	0.9942281041441211	0.9866337968278299	37	2033.0	2032.8899378289225	0.8826522452377722	0.8830003343026778	1.0	1.0	True
3	2028-04-01	GARW	north	0.0031133687655545846	9.771541605042046e-06	0.20146672262379817	0.015453513736698963	0.9995716205161869	0.8567299678438909	5	70.0	69.99316040658849	0.10535782968766934	0.10032281890057552	0.13178294573643412	0.12124876734305283	True
4	2028-04-01	GARW	north	0.0010658831732632706	1.8727819114472012e-06	0.02214069688690241	0.04814135610581464	0.9983140142473245	0.9948157733331234	12	343.0	342.84906525763023	0.22532683545817134	0.21857808527347045	0.3488372093023256	0.3315361175759991	True
2	2028-10-01	GARW	north	0.01777134699078938	0.0005048826337356658	0.3154862224284159	0.05633002561568823	0.6736554752873778	0.41239224585351764	26	1426.0	1425.941331713698	0.7261476954480443	0.7280293056618815	1.0	0.958495845603218	True
3	2028-10-01	GARW	north	0.0094066815524751	0.00011567891912312147	0.5147043493762291	0.018275892876901217	-0.9063828770015528	-0.2377625009503188	5	70.0	69.92979426954473	0.10535782968766934	0.09275736638121379	0.13178294573643412	0.11170761983193403	True
4	2028-10-01	GARW	north	0.022238999598051742	0.0007396353902165806	0.5728106909570851	0.03882434449834297	-0.21363507578728752	-0.3423783696255631	17	468.0	467.77728713539557	0.3209543228879235	0.3123666835990431	0.6875	0.5557184647331114	True
2	2029-04-01	GARW	north	0.17331206048145756	0.03010102516821675	3.1168841081684477	0.05560426838689863	0.9999347864124994	-7037.9700848	3	55.0	55.00014995359112	0.3933011433011433	0.3739118354627617	0.4807692307692308	0.4124240312339861	False
4	2029-04-01	GARW	north	0.1981672423024707	0.04150912016436507	5.13852391854289	0.038565013113467064	0.9089108497307704	-87.73748325069978	7	118.0	117.5313131181829	0.7237791969934827	0.6667997280092693	1.0	0.889743500761821	False
4	2030-04-01	GARW	north	0.05840162486251867	0.0034107497865823585	5.818089317179291	0.01003793886251866			1	12.0	11.940965851794562	0.8571428571428571	0.8841027419823211	0.8571428571428571	0.8841027419823211	False
5	2030-04-01	GARW	north	0.21503358896969982	0.056218745723753426	4.085639791677846	0.0526315583198763	0.9274178417061598	-47.66177474117195	25	3525.0	3525.1388949673988	0.9821925140059393	0.9700297802970593	1.0	0.9931890137791318	False
5	2030-10-01	GARW	north	0.18868406474444402	0.04277453984259038	3.0419962407417422	0.06202639642264529	0.42882267887478065	-26.55229037473753	27	3577.0	3576.8860281017596	0.9741505776815269	0.9603731297401602	1.0	0.9998314143035956	False
6	2031-10-01	GARW	north	0.23985749907536322	0.0756275348523305	10.271138120629304	0.023352572641742193	-0.9879792798250535	-471.74426133542323	12	222.0	221.67385656386904	1.0	1.0	1.0	1.0	False
6	2032-04-01	GARW	north	0.002072056405203428	4.40460316248077e-06	0.12721037682877348	0.016288422822553526	1.0	-2.2505315962806773	2	32.0	31.953118625202155	1.0	0.9999453584320557	1.0	0.999999815278163	True
7	2032-04-01	GARW	north	0.0020312245881899207	6.559337222514885e-06	0.033317913217056856	0.060964940239716166	0.9986289650064397	0.9963511030558798	25	4409.0	4409.012379061761	0.9851889207509609	0.9743741092683124	1.0	0.998139066429303	True
7	2032-10-01	GARW	north	0.05217819053503454	0.004067046359020976	0.8779752461932208	0.05943013856173275	0.9637004106688237	-1.257871017373104	22	4364.0	4364.048044092486	0.9856944806513444	0.9869991476621056	1.0	0.9910999266929615	False
10	2035-04-01	GARW	north	0.0029832923504295454	1.320451257481118e-05	0.042235836541191556	0.0706341485037242	0.9989011721178914	0.9951820876484669	25	4900.0	4899.932868030775	0.9639299329665028	0.9260977544776217	1.0	1.0	True
10	2035-10-01	GARW	north	0.09539935696932193	0.011302923735579907	1.4622068856156225	0.06524340564102639	0.8569766420761666	-3.416021703490392	23	4867.0	4866.9634353025185	0.9763840949021059	0.9706222607502599	1.0	0.9990889999757419	False
11	2039-04-01	GARW	north	0.0479695069955386	0.0035391658624692114	1.3730565249526239	0.034936294408705236	0.9884702622949466	-49.871425251373516	11	265.0	264.9499824676018	0.8301692851480363	0.8039719951386406	0.9333333333333333	0.843579911389834	False
12	2039-04-01	GARW	north	0.04268880907328709	0.0018223344200955585	4.085485477064681	0.010448895073287088			1	11.0	10.808938609722627	0.275	0.14940806473445997	0.275	0.14940806473445997	False
11	2039-10-01	GARW	north	0.0014083029277671536	3.2993393865805838e-06	0.0357679966958167	0.039373268224772114	0.9976681915056381	0.9940344683126018	21	505.0	504.7613217611768	0.8117994472873588	0.7913459528253668	0.9333333333333333	0.8558865130984501	True
12	2039-10-01	GARW	north	0.0006369299049240285	4.1707230812102494e-07	0.039203297352199844	0.01624684523860052	1.0	0.9950115885184074	2	21.0	20.931291461599415	0.2690789473684211	0.20502492912087877	0.275	0.2170543874723887	True
11	2040-04-01	GARW	north	0.0055382365071646325	4.120486277576047e-05	0.15155184213257372	0.03654351164085438	0.9764791034755823	0.9105150216535927	19	336.0	336.23826455800184	0.3763459841502434	0.3573137816399397	0.875	0.7665606686437489	True
12	2040-04-01	GARW	north	0.00579999821155767	4.580782821859909e-05	0.16436776632644137	0.03528671308971022	0.9732649861665414	0.8955142691654541	14	390.0	389.9496449279417	0.2753839674631187	0.2778566849634499	0.5675675675675675	0.4783135918763517	True
13	2040-04-01	GARW	north	0.002232857706404377	6.768958676558576e-06	0.03987204464354771	0.05600058202096011	0.9969884897795283	0.9798861318748614	12	801.0	800.9953735403535	0.4239823918511097	0.4082676670285064	0.5253456221198156	0.5383344693716116	True
14	2040-04-01	GARW	north	0.0027336062494455002	1.0066668014961342e-05	0.04480596866173024	0.06100986835221204	0.9984324646268201	0.9692929006003318	9	397.0	397.01614798879996	0.23139731550739218	0.21926243447073576	0.31336405529953915	0.29569656821770895	True
11	2040-10-01	GARW	north	0.01426046618550467	0.0002990976239548602	0.40858321741076614	0.03490223185346356	0.6531455156182243	0.3488613578081161	14	221.0	220.9184504191792	0.12816713519935832	0.12245202903523	0.25	0.20222296181143828	True
12	2040-10-01	GARW	north	0.020917875495754298	0.000805808213512983	0.3536876365262736	0.059142229853432884	0.5811384035677362	0.15996087629591782	16	426.0	425.8231129615211	0.23859932104447193	0.24985501053252254	0.5675675675675675	0.4712113957749307	True
13	2040-10-01	GARW	north	0.04296489656209983	0.0034784397720793105	0.7980266279057977	0.05383892599530097	-0.608748109029112	-1.7131110505617202	22	1299.0	1298.9465122554877	0.43810891560454396	0.4361424414810587	0.5259259259259259	0.5106088938438924	True
14	2040-10-01	GARW	north	0.048241009453457426	0.004049779005432035	0.7853817644521993	0.061423643426589285	-0.7284713871736769	-2.949464777045856	19	860.0	859.7603180201997	0.3508544390193371	0.34190738139822524	0.5416666666666666	0.5505804675347069	True
12	2041-04-01	GARW	north	0.2131998616776647	0.04545418101937536	5.802924489319242	0.03674007167766469			1	14.0	13.642832756246046	0.09271523178807947	0.06953177149551301	0.09271523178807947	0.06953177149551301	False
13	2041-04-01	GARW	north	0.3116334736444385	0.09820829927218765	6.923126856235555	0.04501339930868881	-0.7726812724179003	-1632.786510085731	8	321.0	320.9610406740376	0.455946116560181	0.4444112425415422	0.5259259259259259	0.48618618952163495	False
14	2041-04-01	GARW	north	0.2027087126619246	0.05608159584169551	5.518560816983085	0.036732169742172464	-0.8377779480124775	-152.65997739193298	14	381.0	380.70495007028086	0.6553936439522664	0.6453004982027684	1.0	0.8853949599804342	False
14	2041-10-01	GARW	north	0.0036516895556441033	1.6005461249138354e-05	0.18992228671743738	0.019227283004848265	0.9459295148929288	0.7212906792825055	6	77.0	76.56369265229135	0.9004273504273504	0.8257954721684352	1.0	0.9344126982262376	True
15	2041-10-01	GARW	north	0.002842031880472498	1.334719490668691e-05	0.13153904207048775	0.021605994963453817	-0.4949631737457839	-0.9682285833235826	18	691.0	690.9999982022962	0.9495974990836987	0.9343812891762749	1.0	1.0	True
15	2042-04-01	GARW	north	0.01293934924064578	0.00024216027810229274	0.2557119331747747	0.050601272611716396	0.9369656767323689	0.6594577597221262	40	4828.0	4827.928319580435	0.9658284718298251	0.9325509910752459	1.0	1.0	True
15	2042-10-01	GARW	north	0.33692894745930235	0.13651105167984065	6.008324219372475	0.05607702500024076	0.7434860077926134	-138.81202373871324	20	3873.0	3872.952666053716	0.9770191944843211	0.9376008430456313	1.0	0.9998799332243329	False
16	2043-04-01	GARW	north	0.0011345593909747385	2.118412034752747e-06	0.02756925430224959	0.041153067781095586	0.9970628508152373	0.9933368056634309	19	1652.0	1651.7755507906913	0.9971594067515289	0.9778814168828047	1.0	0.9947854939868235	True
16	2043-10-01	GARW	north	0.0012573296581985312	2.4654253223607025e-06	0.025444304385516994	0.04941497472865513	0.9989228175415812	0.9977404093328696	28	2144.0	2143.8197922982085	0.9871481870954331	0.9742502111652973	1.0	1.0	True
16	2044-04-01	GARW	north	0.004096773106711161	2.449211496240419e-05	0.0802366086979509	0.051058652318337394	0.9757450251449248	0.5178769535813179	7	274.0	273.91367432429917	0.9589178374052324	0.9627478427854577	1.0	0.9931952201091998	True
17	2044-04-01	GARW	north	0.004161824026670349	2.4016085067809366e-05	0.11271297727962379	0.03692408919645069	0.9933601864878746	0.9613119327373891	17	661.0	661.0730354049401	0.2698730381210269	0.2652072208067139	0.5238095238095238	0.41052746343275476	True
18	2044-04-01	GARW	north	0.0025019811182263557	1.0433509732306858e-05	0.05014207202918146	0.049897840615167714	0.9986444055186993	0.9889555025404159	19	2066.0	2065.780598102184	0.7139260868071513	0.6976273992803415	0.8092783505154639	0.7704546655978792	True
17	2044-10-01	GARW	north	0.03811143988714738	0.00382169326112975	0.5861523920407199	0.0650196781667314	-0.35969090746882393	-1.942986595862398	21	713.0	713.2690997627705	0.26879009206149285	0.2632752164613857	0.5238095238095238	0.41930857396053806	True
18	2044-10-01	GARW	north	0.04377018416502282	0.004364936823321644	0.8171480043207553	0.05356457328853941	-0.3648274486682292	-2.028128239283309	23	2246.0	2245.9264470280878	0.7271300044690305	0.7387480207270793	0.8214285714285714	0.8633369716350079	True
18	2045-04-01	GARW	north	0.0039376710393811895	1.579555618928997e-05	0.07728417341783977	0.05095054867303845	1.0	-9.46131191233251	2	37.0	37.16924419768738	0.7996031746031746	0.8356071303403791	0.8214285714285714	0.8448443891453136	True
19	2045-04-01	GARW	north	0.008351180632441514	0.00011614917970412071	0.2950634757456255	0.02830299687664858	0.9868036028206614	-0.3822455137121499	10	225.0	224.91116995565895	0.9489832772470341	0.9387836641321554	1.0	0.9646533423146049	True
19	2045-10-01	GARW	north	0.0417124700737206	0.0020432498136265832	1.289761412517936	0.03234122967928421	-0.8054985414887378	-4.3257531691360045	18	408.0	407.84670449563936	0.9320580848616213	0.9523904195182852	1.0	0.9603630623136398	False
19	2046-04-01	GARW	north	0.016401237576594552	0.00037014109039019527	0.5547909173960363	0.02956291651920928	0.9578144461751379	-21.332204263268324	5	93.0	92.76970728921872	0.8894734830387006	0.8982972193822041	1.0	0.9110984557091185	True
20	2046-04-01	GARW	north	0.0075298997548505974	6.957779825287962e-05	0.16831528203478446	0.04473687512993888	0.9983928448517743	0.890457863798394	17	1912.0	1911.9645611533651	0.9413932456674824	0.9451067702207062	0.9858156028368794	0.9793272611766742	True
20	2046-10-01	GARW	north	0.08645776943063377	0.01195660776836492	1.5382092679240476	0.05620676668221896	-0.6620035482136097	-7.323770186874686	24	2253.0	2252.999189028352	0.9403734609667866	0.9487890578590562	1.0	0.983277916968337	False
20	2047-04-01	GARW	north	0.00329745924571051	1.6592904981680428e-05	0.05623206057783675	0.05864019941339598	0.9665641724516939	0.6188679372789697	5	155.0	155.22757180154642	0.9252380952380953	0.9341060126918164	1.0	0.9790078905449785	True
21	2047-04-01	GARW	north	0.0009983990190095	1.3235484678024238e-06	0.03493558006920005	0.028578286578665107	0.9964505862919255	0.9865561306959338	10	217.0	216.98441915958384	0.9854111405835543	0.9872787355672438	1.0	0.9902255399157166	True
21	2047-10-01	GARW	north	0.012941407318111092	0.0002056631585829615	0.3627718677822777	0.03567367943171946	0.9440922807460708	0.4959805985600729	18	369.0	368.6487630912005	0.9732643261378894	0.9595344120687344	1.0	0.9841688286039093	False
21	2048-04-01	GARW	north	0.003930396410158018	1.759824292804225e-05	0.09792694475370833	0.04013600567283276	0.9539623393568021	0.8904042257495944	8	142.0	141.28086734092173	0.721963909631236	0.6899862869800614	1.0	0.9949248861562112	True
22	2048-04-01	GARW	north	0.0015485766438142106	3.966833634025223e-06	0.03006519946576643	0.0515072798894113	0.9986131853071671	0.9957357581990699	18	2600.0	2599.9952897666426	0.9490497462070804	0.9475659182927776	0.9897260273972602	0.9811056621777654	True
21	2048-10-01	GARW	north	0.10133230195788451	0.011823200177353521	2.38286291357249	0.042525443398656444	-1.0	-23.15640066605226	2	27.0	26.801547626373335	0.05553240620171189	0.0334266676962487	0.060836501901140684	0.04438665692577867	False
22	2048-10-01	GARW	north	0.13773878441880172	0.026010987474484378	2.217402546538816	0.06211717607783968	-0.2379016247224231	-13.835577034022531	25	2874.0	2873.966548694675	0.9507400733782855	0.9461166662039989	1.0	0.9855287877037061	False
22	2049-04-01	GARW	north	0.006160647455290498	4.6027324421832956e-05	0.09964938017618546	0.06182323908486076	0.9615099766704902	-1.1394634869936229	5	114.0	113.93171340739691	0.946996336996337	0.9641950582682497	1.0	0.9672078559691748	True
23	2050-04-01	GARW	north	0.0037211097193717377	2.4484646477545814e-05	0.12542521710167706	0.02966795517966046	0.9502476699021571	0.3871704765686169	13	427.0	426.9313642870204	0.7969689827697433	0.7967205952896954	1.0	0.8629576313483569	True
24	2050-04-01	GARW	north	0.01956716843021127	0.0005392395525769057	0.7899740583214245	0.024769380999407176	0.9907612317999517	-1.4981777553801576	5	66.0	65.85246576937607	0.21311874003676282	0.20290070996474857	0.275	0.22860772249841343	True
23	2050-10-01	GARW	north	0.0009763107381912185	1.9897106558454892e-06	0.026470122072797846	0.03688349964938504	0.9984594818466563	0.9962565870459846	24	834.0	833.6048383204461	0.8091901705640687	0.8058128384028267	1.0	0.8383227234989455	True
24	2050-10-01	GARW	north	0.003736633578982621	2.080931827971388e-05	0.15761681657194299	0.023707074284659617	0.988798836776492	0.9123537688811975	9	111.0	110.78480722970319	0.2132911096552206	0.19106545327423385	0.275	0.20430825031732192	True
23	2051-04-01	GARW	north	0.010502107245836976	0.00034638599728742067	0.1669726496969545	0.06289717067374616	0.7639165926032668	0.566629515860197	15	365.0	364.65525011542513	0.5773824637450389	0.5651352761655358	0.9166666666666666	0.8310671176070621	True
24	2051-04-01	GARW	north	0.008662954268637139	0.00011078340073489024	0.22121442374824254	0.03916089250353849	0.8094655802803856	0.5227511901237429	15	248.0	247.7432590121736	0.3755255940583329	0.3707484188262541	0.7	0.5883565658391319	True
25	2051-04-01	GARW	north	0.0034027758455702	1.3669717807123227e-05	0.06284450302919092	0.054145958382225245	0.9971546758588258	0.8871217653044625	7	181.0	181.00774006304212	0.41633740553232074	0.41186405403511267	0.5151515151515151	0.5250185205064493	True
23	2051-10-01	GARW	north	0.003138050553369591	1.2351831017947897e-05	0.12431711457928628	0.025242305244852048	0.9978560402841283	0.9342534290715775	11	150.0	149.89188857771262	0.2049153496368305	0.18907311146777908	0.375	0.2589828456030914	True
24	2051-10-01	GARW	north	0.002491237189880043	9.817986876743316e-06	0.08329541650385008	0.029908454683876786	0.9988982622575228	0.9707370535812727	18	346.0	345.9183870440379	0.36045722768432303	0.35611019729206683	0.7	0.5591824626636638	True
25	2051-10-01	GARW	north	0.00286058698307932	1.1237185156486322e-05	0.052289347476495385	0.054706878573407024	0.9938717705107756	0.983246443740114	21	680.0	679.7620239665154	0.6077545465601077	0.5905754718278222	1.0	0.8748132424288926	True
23	2052-04-01	GARW	north	0.0042881558183740405	1.8388280322655138e-05	0.3041425982007902	0.01409916218162596			1	16.0	16.368940442965734	0.1702127659574468	0.161063095488622	0.1702127659574468	0.161063095488622	True
24	2052-04-01	GARW	north	0.003726338307055505	2.034893350862773e-05	0.12051189495898922	0.03092091704577043	0.9927665286065711	0.16946682167798655	4	74.0	73.78365318786811	0.2259191566983691	0.21597191664666732	0.26881720430107525	0.24432246965059196	True
25	2052-04-01	GARW	north	0.0066199216562483	0.00017440629619267005	0.058040847524050095	0.11405625414937706	0.9605517730448839	0.8649874167617858	28	1142.0	1141.7467563004943	0.5610979327131984	0.5678625985611905	1.0	0.8861436420808413	True
26	2052-04-01	GARW	north	0.0036660148513638358	2.8018087786574473e-05	0.055001308435952426	0.06665322981602907	0.9967145719147572	0.9829401847258313	16	3300.0	3300.0090107557626	0.7123890503620225	0.6672205225910712	0.9692307692307692	0.9986322254935489	True
25	2052-10-01	GARW	north	0.0977713779638517	0.012896949271022858	1.2153062083317723	0.0804499946544835	0.4884711847163499	-7.841220219235625	19	815.0	814.9844750559912	0.4004616479006863	0.40566490770340763	1.0	0.7729832535852811	False
26	2052-10-01	GARW	north	0.12899594043414261	0.02474884991065813	1.9502349065196818	0.06614379632058995	-0.28729256338267584	-9.33784736687502	20	3511.0	3510.99111338675	0.7608434280205862	0.7293884259094284	1.0	0.9977476750169778	False
28	2054-04-01	GARW	north	0.05591562537960895	0.0048447827428653376	1.4650549848875971	0.038166229906994885	0.9675581036141445	-10.445075047948588	17	1074.0	1074.0000475160684	0.7327084720992217	0.7328484655467571	0.8067226890756303	0.7748120195817211	False
29	2054-04-01	GARW	north	0.07797716180281554	0.010176551660904058	2.273300241474892	0.034301303620248955	0.9813868845455636	-51.015364762650734	11	248.0	247.80416784557508	0.19613299854666646	0.19615942111984544	0.2647058823529412	0.24640868878148656	False
28	2054-10-01	GARW	north	0.11720246772947411	0.0197905380251524	2.6269250216272386	0.04461584048442825	-0.2320921317566712	-20.864873352435872	25	1320.0	1319.9746459191972	0.7177428836380463	0.7246460350448864	0.8067226890756303	0.7510029700889941	False
29	2054-10-01	GARW	north	0.06603731433497248	0.007586532601606061	1.7682727687425681	0.03734566041071373	-0.8392230613361954	-11.978823874419776	16	328.0	327.87267247875457	0.22234892854812624	0.2225486285771714	0.38461538461538464	0.27652051417871243	False
0	2025-10-01	GARW	south	0.13893734737576702	0.024078602247893786	1.94216581202421	0.07153732524565472	0.9382206616265722	-22.957232568493467	17	849.0	848.8242789023202	0.5374846853794996	0.5263995617979625	1.0	0.8468715296313525	False
1	2025-10-01	GARW	south	0.05238519313737781	0.005704337398386237	0.8987439028028935	0.058287119360704666	0.9906433962542524	-10.588599325852124	12	1431.0	1431.0112189733654	0.6019280155585103	0.5766829652917828	0.7992700729927007	0.864507183479168	False
0	2026-04-01	GARW	south	0.06748173288723386	0.006546744519942984	1.1292374384104773	0.059758674829468665	-0.1517989956787698	-5.194668376458907	21	914.0	913.8393228589919	0.4593892095169081	0.4614532920971819	1.0	0.821712556256304	False
1	2026-04-01	GARW	south	0.08788168127427536	0.009028869467186238	1.5737363178275172	0.055842697584556386	-0.8149379423756024	-5.221879926862126	21	2033.0	2033.0282806689409	0.730910092842558	0.6861724659171597	0.9565217391304348	0.9259634692063926	False
0	2026-10-01	GARW	south	0.31260613985655605	0.10077339643997613	7.360700691628611	0.04246961708578719	-1.0	-14317.154238293067	2	21.0	20.840997844565216	0.11949233716475097	0.11993335414420342	0.1527777777777778	0.12072922593275132	False
1	2026-10-01	GARW	south	0.3866282964458513	0.1649794105790837	7.260359983935078	0.05325194581278885	-0.9939081916860897	-4732.424960686762	7	319.0	319.0122758685295	0.9138464052950958	0.8819944074199502	0.9565217391304348	0.8895767155267513	False
2	2027-10-01	GARW	south	0.15501261563770652	0.02723163009852481	3.3268392535430236	0.04659456133103542	0.9930419181331921	-62.40654506445929	17	1684.0	1683.9942826196566	0.9964317502175604	0.9798227023392582	1.0	0.9986706166180223	False
2	2028-04-01	GARW	south	0.0015396720583350757	3.737948500526257e-06	0.028896086237862977	0.053283065590994126	0.9988195201847381	0.9971388984643462	26	2172.0	2172.2624445711303	0.9905446880033029	0.987246910956424	1.0	0.9986866844103724	True
2	2028-10-01	GARW	south	0.28658610158819947	0.0849662563169823	5.505775388224812	0.052051905749936775	-0.9144005735300691	-2660.7799132685536	7	277.0	277.1552782468546	0.9772727272727274	0.9729494380490011	1.0	1.0	False
4	2028-10-01	GARW	south	0.005611535348764082	3.486648675799767e-05	0.7533030847774852	0.00744923983740442	-0.0	-0.10724768986790068	2	28.0	28.037253559679083	0.9375	0.7294084012195915	1.0	0.7477051658555457	False
4	2029-10-01	GARW	south	0.013886879342881906	0.00024275520895660196	0.299354971596131	0.04638933928118329	0.9045086124069951	0.7171624449708721	16	433.0	432.9795861324487	0.23173369228085713	0.22205921596553657	1.0	0.9365411690706817	True
5	2029-10-01	GARW	south	0.013406444636754231	0.00027589299108725287	0.2191256751681209	0.06118153259068494	0.9664864112426874	0.7874797633815617	17	2843.0	2842.9946807621773	0.8107395944897143	0.8084237892312907	0.9384615384615385	0.9390935812330299	True
4	2030-04-01	GARW	south	0.05799925800491065	0.003883685513317287	1.0032961396410385	0.05780871241631783	0.7327191883435333	-2.466021666900405	15	421.0	420.9930565877229	0.1805159384329143	0.17588726146010103	0.42857142857142855	0.3690043177548513	True
5	2030-04-01	GARW	south	0.041031008504650586	0.002580444348123966	0.6423153775305191	0.06387984771966794	0.7368156140806967	-0.1409889964554889	23	3110.0	3109.976938709734	0.8522941309945651	0.849920578175308	1.0	0.9798425679294251	True
5	2030-10-01	GARW	south	0.48810999594954085	0.24312091104214117	7.701342270644009	0.06337986013296922	-0.9919736236476434	-14047.44903593348	4	103.0	102.94207891572461	0.9726950354609929	0.9606970678781905	1.0	0.9689230238188267	False
6	2031-10-01	GARW	south	0.011223913889611649	0.000502420835650473	0.07448179747026103	0.15069338107868724	0.9580637475304798	0.8323936088800219	17	1210.0	1210.1450608187654	0.4684796383670246	0.4721507627192948	0.9285714285714286	0.7937323261466086	True
7	2031-10-01	GARW	south	0.006585366940519731	5.0218185651924e-05	0.0946742914329615	0.0695581328452065	0.9956151216619124	0.9634342952561087	14	3026.0	3026.0018960838925	0.6648497680116465	0.640200047717801	0.8770949720670391	0.9997104444832711	True
6	2032-04-01	GARW	south	0.05704854105886058	0.004715327451396431	0.86708915565504	0.06579316635065448	0.3036452223811825	-2.1571588198040765	19	1248.0	1248.1284375942673	0.4325942255332135	0.43462703189452706	0.9285714285714286	0.7486456245553381	False
7	2032-04-01	GARW	south	0.09172330810572767	0.013957404559913577	1.35136869234427	0.06787437701151104	-0.5495387347703291	-4.48760693009055	21	3315.0	3314.93072981105	0.7351495522466486	0.7065979350073255	0.9459459459459459	0.9344007382724767	False
7	2032-10-01	GARW	south	0.012832990842752143	0.00018567240306921652	0.18530663920204113	0.06925273103010758	0.5843914732019045	-6.565596573067246	4	71.0	70.9912438030922	0.8551739926739926	0.8958291153483071	0.9230769230769231	0.9071974484060872	True
9	2034-10-01	GARW	south	0.0670108348437193	0.006218766696653842	1.1443964356232124	0.05855561303564067	0.9688916038029238	-4.3796488061250205	15	1547.0	1546.9893188738076	0.657478137773814	0.6434800331276297	0.9444444444444444	0.8819600681305664	False
10	2034-10-01	GARW	south	0.08225354687821265	0.009070477099456355	0.9810704846275936	0.08384060897462982	0.9965958117909706	-11.31538882786483	11	1419.0	1418.9513092767418	0.4337946552678011	0.42375008426057387	0.711864406779661	0.7189968563619176	False
9	2035-04-01	GARW	south	0.15757626361297952	0.037939407292169505	2.3481973075348863	0.0671052058135615	-0.8098503684183666	-21.048841918662927	20	1717.0	1717.0322671865767	0.5442084106366962	0.5576164496081526	0.9444444444444444	0.8907518387391571	False
10	2035-04-01	GARW	south	0.23007135334693984	0.06959166619804094	2.9406391376417194	0.07823855378985682	-0.9127396060173436	-32.17304829605574	21	2156.0	2156.3576615068896	0.6244393911581894	0.5985429315611555	1.0	0.9549182116794442	False
9	2035-10-01	GARW	south	0.4732379829811844	0.2289329837436911	7.727848581953636	0.0612379989026063	-0.9978105269242423	-10831.660031591698	3	63.0	62.84282320242757	0.17383036520722103	0.19758402808557482	0.2080536912751678	0.21832105067202937	False
10	2035-10-01	GARW	south	0.5185541240220597	0.276775540909595	10.178606942448063	0.050945490571948734	-0.8273779616515191	-6235.222028784755	8	422.0	422.206096309751	0.8552488821101514	0.8483942327839811	1.0	0.9177523332942055	False
10	2038-10-01	GARW	south	0.002852140263096715	1.0219520595827997e-05	0.08284325067777162	0.034428154855854744	0.9798653421879677	0.804243493602392	9	247.0	247.13996060973923	0.7999558657637796	0.7830043108257034	1.0	0.8752672402129889	True
11	2038-10-01	GARW	south	0.007519499215929309	5.7412018270534356e-05	0.18593431900068905	0.04044169605881872	0.9995905120593787	-3.482262832848371	3	47.0	46.9869257579588	0.3096420556965751	0.2814022261460087	0.35294117647058826	0.31107007379283247	True
10	2039-04-01	GARW	south	0.0018253243745499402	4.837138782962355e-06	0.05451322161133352	0.03348406717849249	0.9987687494884091	0.9894950409523874	19	498.0	498.0112162465158	0.6068188406743292	0.5862184885582991	1.0	0.8685651557308665	True
11	2039-04-01	GARW	south	0.0013835551689639805	2.9049729228130766e-06	0.0340416631426937	0.0406429957068925	0.9978914235071603	0.9913636075655734	23	526.0	525.9740060868262	0.6485470245434497	0.6425471677548842	1.0	0.9288878915518276	True
10	2039-10-01	GARW	south	0.001723929179757524	4.285619135846242e-06	0.05150139617956006	0.03347344553042854	0.9857114611428931	0.9081904501945245	7	140.0	139.78800363933945	0.3690294919377857	0.3608400523723324	0.527027027027027	0.48073082656712696	True
11	2039-10-01	GARW	south	0.001439759151398618	4.781457840621684e-06	0.03248197357595049	0.04432486677670993	0.994945947074274	0.989836113155337	42	2341.0	2340.9672299275917	0.7180988927117772	0.7246898638795385	1.0	0.9036596641243356	True
12	2039-10-01	GARW	south	0.0017664027372112554	4.747248989640389e-06	0.0367008311033484	0.04812977483363033	0.9988603900457331	0.9929666343351158	17	1023.0	1022.9999814835368	0.35488393125031675	0.354541592648978	0.5592105263157895	0.5565672405571453	True
11	2040-04-01	GARW	south	0.08098804586057656	0.009471939141211225	1.4766564310248906	0.05484555795037974	0.6512028320134275	-9.172056042254269	26	1987.0	1986.8598815513717	0.6508261446259235	0.6514897337148694	0.875	0.8617499813739073	False
12	2040-04-01	GARW	south	0.05426251625788965	0.0037511593538298855	1.1290335567262075	0.04806103054654238	0.657347534020542	-2.415332693711458	23	1141.0	1296.103852401248	0.39742161787042024	0.38573135842156625	0.6956521739130435	0.5879817913321977	False
12	2040-10-01	GARW	south	0.005721968503075079	3.713457792465984e-05	0.12030914983683785	0.047560543074530566	1.0	-2.4469786967679688	2	32.0	32.01074690401722	0.6678260869565218	0.5767894457872675	0.6956521739130435	0.5789177154963744	True
13	2040-10-01	GARW	south	0.007658599051328605	8.094271694004027e-05	0.5396960398151505	0.014190578559649478	0.987980600202581	-24.813985641022278	8	120.0	119.42776423612177	0.6235270317055029	0.5995779410771824	0.75	0.695689887086073	True
14	2040-10-01	GARW	south	0.007125646367714951	7.066669401517099e-05	0.3175723211057996	0.02243786972020472	0.9927747043739279	0.4275048672678531	3	36.0	35.877786219718175	0.44950045885062245	0.4065057609739966	0.5217391304347826	0.4177271460260532	True
13	2041-04-01	GARW	south	0.00214635791107317	6.463787788648914e-06	0.09401572253479004	0.022829776267250627	0.9834266577132973	0.9651710750863033	13	177.0	176.79230805418524	0.6714645306531875	0.6481275405555759	0.8333333333333334	0.7291164351078215	True
14	2041-04-01	GARW	south	0.0020882136872295014	6.468549467276478e-06	0.10633900601813474	0.019637325619475732	0.9978601366530953	0.9098087606511814	3	36.0	35.68473489134436	0.44950045885062245	0.39421328361988367	0.5217391304347826	0.4058919212941205	True
13	2041-10-01	GARW	south	0.007849587834651077	6.362274783828905e-05	0.3754979490023395	0.020904475924586663	0.7960698356990235	-14.695869639860778	3	31.0	31.012164573431615	0.7619047619047619	0.6783637379216714	0.8333333333333334	0.6890268403831146	True
15	2041-10-01	GARW	south	0.01811073625691403	0.00037070183956095366	0.22663119402027374	0.07991281312886654	0.9846844323318138	0.8966788934305328	19	5235.0	5235.043283485385	0.961290603142416	0.9594906478655858	1.0	1.0	True
15	2042-04-01	GARW	south	0.130628393931873	0.02054948364276827	1.6418506965229822	0.07956167647186822	0.7105486925951326	-4.400633345026104	21	5270.0	5270.060965116989	0.9421551803283259	0.9204877494476813	1.0	0.9958907130592507	False
16	2042-10-01	GARW	south	0.0013424654368680753	4.693722707197891e-06	0.027521328956840646	0.04877909198982903	0.9961558613340811	0.9796973349733907	13	907.0	906.9952610215078	0.9971263603224862	0.9932791050541951	1.0	1.0	True
16	2043-04-01	GARW	south	0.2384348268233963	0.07205627555049196	4.943325019309612	0.04823369410103976	-0.8056236011230942	-69.28177096970178	25	1609.0	1609.0056730334359	0.9985057073676928	0.9986264677186308	1.0	1.0	False
16	2043-10-01	GARW	south	0.004107552416905817	3.4156830713486704e-05	0.09681373886915692	0.04242737100007205	0.9718970492840038	0.9352215829423965	14	529.0	528.9833181013644	0.7616612918449938	0.781946472835868	1.0	1.0	True
17	2043-10-01	GARW	south	0.0036052397512057618	1.6948386010417977e-05	0.06185670052071939	0.05828373839626571	0.9836734275064708	0.9597174192230851	12	1024.0	1023.8154962234746	0.595948886264706	0.5366800560237204	0.6484375	0.6421238886680846	True
18	2043-10-01	GARW	south	0.003708391087947084	1.6959130429496967e-05	0.05785592561757432	0.0640969969516938	0.9941624139838505	0.9633830417152551	10	559.0	558.9983732484246	0.3224347273161587	0.2941188983060097	0.3855932203389831	0.3724993359212154	True
16	2044-04-01	GARW	south	0.010580683733687209	0.0001512280866219071	0.3711520124869821	0.02850768250666112	0.9749670451013335	0.682037984854877	6	77.0	76.84403282424667	0.12570845548145607	0.15990865767183496	0.2857142857142857	0.2999019799247262	True
17	2044-04-01	GARW	south	0.004084985597770173	2.383395104821574e-05	0.07241947115348178	0.056407282913081246	0.9928277674429141	0.9847570414856464	21	1550.0	1549.9664444370158	0.5533082780254955	0.522878393315063	0.6484375	0.5695598514282133	True
18	2044-04-01	GARW	south	0.002881936882860063	1.0760817137456109e-05	0.044225494670071246	0.06516460481357507	0.9974531326866106	0.9930864283080632	19	1040.0	1039.902760238386	0.418116335134395	0.39487364439367784	0.6666666666666666	0.5634033566481184	True
17	2044-10-01	GARW	south	0.010455258184100466	0.0001607422308654725	0.22982772005422397	0.04549171954381188	0.9570928380261373	-33.97479170400641	6	203.0	203.147725401049	0.473142462422883	0.46357704100130576	0.6086956521739131	0.4764395121788495	True
18	2044-10-01	GARW	south	0.010849822450285622	0.00011843468222231548	0.19938008735140506	0.05441778361327998	0.9969706875857707	-0.1504836530795406	6	226.0	225.96721175472163	0.565198817803397	0.5247847283246028	0.6666666666666666	0.5383690111894639	True
19	2044-10-01	GARW	south	0.10553819911751296	0.01529671825855435	2.1575479773847674	0.04891580638009226	0.5395692674898287	-98.18106378260023	6	142.0	141.99163037525815	0.9119867839441876	0.8992842512482256	1.0	0.9970839099633553	True
19	2045-04-01	GARW	south	0.0036498733966954674	1.9944691547621367e-05	0.08848714584413385	0.04124749828776889	0.9962518328414203	0.9567363899153103	22	616.0	615.7911845233923	0.9690959053705186	0.9730396060947629	1.0	0.9999520677162784	True
19	2045-10-01	GARW	south	0.012486643259081227	0.00024291286365148198	0.3586035371546939	0.03482018989036005	0.7131252864606683	0.4740408902568104	35	1802.0	1801.910244504329	0.8753677428261415	0.8663362500338416	1.0	0.9970600049820362	True
20	2045-10-01	GARW	south	0.017875109080666862	0.00048125822263761216	0.3593776673593989	0.04973906478943973	0.9980899684309438	-0.08910237829126433	13	509.0	509.01325072128657	0.2980149105485145	0.2948957272723154	0.5157894736842106	0.4851349528595364	True
19	2046-04-01	GARW	south	0.04716652309602271	0.0027953882871320276	0.8578825854276914	0.05498016150136463	0.24709979916310842	-2.334854033314729	26	1537.0	1536.9327908519804	0.7417836277222496	0.7371116326064816	1.0	0.9747487499247326	False
20	2046-04-01	GARW	south	0.05979817033402214	0.005532788998982041	1.0320116493504865	0.05794330943033162	-0.5532389277223829	-4.176883949464517	20	684.0	683.6878253299229	0.4343889191890799	0.42676171369229	0.9166666666666666	0.7811033526913487	False
19	2046-10-01	GARW	south	0.00785962317470355	7.227657148840502e-05	0.13768080790349096	0.057085829858093566	-1.0	-5.968463628266263	2	31.0	31.111392253114268	0.34022556390977443	0.3607596331104789	0.39473684210526316	0.3805546095016679	True
20	2046-10-01	GARW	south	0.0026069632430075636	8.938373680162802e-06	0.06028923769940683	0.043240938888719986	0.9748395374137093	0.6916910489552948	5	109.0	108.907381071482	0.7457938324071047	0.6924169832781492	0.9166666666666666	0.7875051126662399	True
21	2046-10-01	GARW	south	0.005349825042864426	3.4951495597359224e-05	0.17009869819175735	0.031451299155937154	0.9929378103514164	0.1997346302423677	4	67.0	66.80318688299158	0.9166515837104072	0.9208773155798187	1.0	0.935895780790034	True
21	2047-04-01	GARW	south	0.0019969995074436407	6.528666620463136e-06	0.05937646579513534	0.03363284561822561	0.988762497579579	0.9734732267522732	16	279.0	278.9771508743986	0.9290633065633906	0.9333732089074698	1.0	0.949105276508464	True
21	2047-10-01	GARW	south	0.004882692996306533	4.145025567770014e-05	0.13879690056605104	0.0351786889793187	0.9567034257037409	0.9111887229563578	32	1925.0	1924.9808469546588	0.9089275457304007	0.9089688713715611	1.0	0.996032155638834	True
22	2047-10-01	GARW	south	0.006151641919380529	4.701047892636022e-05	0.14090497977911198	0.043658087379339454	0.9935189292752222	0.8456163596479298	9	251.0	251.03442328285132	0.19290472329837324	0.19181167214976946	0.3333333333333333	0.2925354255057387	True
21	2048-04-01	GARW	south	0.0020590103388290074	7.968549875099976e-06	0.037567826569142454	0.05480781101455153	0.996128110559558	0.9920262458892304	28	1936.0	1935.9736244905841	0.8197396297693605	0.7996396739279094	1.0	0.9964770933108695	True
22	2048-04-01	GARW	south	0.005176093537880687	3.558892445923496e-05	0.08786271217121332	0.05891115138574727	0.9893281426488176	0.9568855331008791	15	408.0	407.8056485573326	0.31646188095872246	0.34159637431648854	0.6842105263157895	0.6244007807127966	True
21	2048-10-01	GARW	south	0.0019053497914007667	5.816065653965518e-06	0.033582422249752684	0.05673652058897564	0.9072432660360319	0.6817481664518934	4	86.0	85.9815161793747	0.501984318317491	0.4323457951499916	0.5573770491803278	0.48892520503905224	True
22	2048-10-01	GARW	south	0.0043302512388999305	2.9033674647258775e-05	0.11404992737249779	0.03796803153374156	0.919292927386307	0.07437932719746121	4	89.0	88.7015420931807	0.5426660310370912	0.5569956163897253	0.6842105263157895	0.6309814793714194	True
23	2049-10-01	GARW	south	0.013525095975903217	0.00028999841574268537	0.2715792592533282	0.049801652795904615	0.9899589773430792	0.5490847278100333	18	2120.0	2119.8941601758575	0.9381163429908371	0.9354908327148362	1.0	0.9820913737968191	True
24	2049-10-01	GARW	south	0.02660910236417074	0.0008443876827186916	0.8137281241430123	0.03270023681705046	0.9998061295755956	-2.1645906065348814	6	93.0	93.02664223732705	0.07676248757536153	0.07365661047353711	0.10989010989010989	0.08957732293804885	True
23	2050-04-01	GARW	south	0.09165251075560787	0.012773822925718397	1.6957136514070459	0.05404952108485871	-0.07667922783492555	-8.221618764976967	25	2468.0	2468.069416986207	0.9015159273696493	0.8863202792829183	1.0	0.9467703254035201	False
24	2050-04-01	GARW	south	0.06033427202586244	0.004972539489023611	1.4656545263061518	0.041165411727633536	-0.9687335717450276	-9.414512100273777	9	129.0	129.07395107965903	0.10790948692213169	0.11987588351259802	0.2619047619047619	0.2195124541363255	False
23	2050-10-01	GARW	south	0.5307586482856188	0.29148146938233016	8.866676930952396	0.05985992863152718	-0.9882980215130442	-10387.269609615425	5	170.0	170.066131981791	0.7833277475212959	0.7544650399097482	0.8909090909090909	0.8521864240063942	False
24	2050-10-01	GARW	south	0.14940308194478613	0.02232128089460048	13.895748203823187	0.010751711944786127			1	11.0	10.860101957008665	0.2619047619047619	0.23379201260938884	0.2619047619047619	0.23379201260938884	False
24	2051-10-01	GARW	south	0.005244647555995545	2.846836298059526e-05	0.12333381352422641	0.04252400380829334	0.9998881682583894	0.9476555104705935	9	162.0	161.96003835871608	0.07163729972062119	0.06309105803857942	0.15384615384615385	0.08770589643079157	True
25	2051-10-01	GARW	south	0.0023381309205691924	6.758887750898774e-06	0.04266599776754574	0.0548008025807312	0.9998375752375818	0.9950383418596993	20	3251.0	3251.0032327635085	0.913367854990832	0.914499806377046	0.9753086419753086	0.9399346160146353	True
24	2052-04-01	GARW	south	0.013029875695690495	0.0001781970576600662	0.34182132454338954	0.03811896672361215	0.9984116178714897	0.6695836847630616	9	162.0	161.9243490592113	0.07163729972062119	0.04530899225563369	0.15384615384615385	0.09753442653095398	True
25	2052-04-01	GARW	south	0.0024447248552080616	9.250402749579187e-06	0.03913678252787892	0.06246616858364819	0.9991776723402014	0.9955762882888829	25	3419.0	3418.9558643584296	0.9192633116037099	0.9197371586835881	1.0	0.9723163148986581	True
25	2052-10-01	GARW	south	0.01080444422988786	0.00012687878784846968	0.16102326604918363	0.06709865285298403	0.7065872306857102	-5.8755750352418685	3	58.0	58.00461353842472	0.9428571428571427	0.9475744877302494	1.0	0.9667910685738542	True
26	2052-10-01	GARW	south	0.13228492297743394	0.023066363668955286	4.6673686451402245	0.02834250581752786	0.9947603725465193	-156.0376289755736	17	711.0	711.0223042220231	0.9956163085149621	0.984535142708606	1.0	0.9989687546677118	True
26	2053-04-01	GARW	south	0.0036810506636358255	1.9809916124868562e-05	0.10167157345615457	0.036205308312881206	0.9979008586107849	0.964036560750823	28	1047.0	1047.0330554469392	0.9899695186025517	0.9753424326344325	1.0	0.9993446026927906	True
26	2053-10-01	GARW	south	0.009050297440706727	0.0002059787150633826	0.2073235536350193	0.04365301135364114	0.8769522023575645	0.7577772061205901	22	643.0	642.7107895598117	0.588694684432525	0.5850177492515277	1.0	0.9789011934839044	True
27	2053-10-01	GARW	south	0.010813934826624278	0.00017802895424823476	0.2020808776455294	0.05351290509334104	0.9966345254256952	0.5140802049679623	12	590.0	589.7815998492025	0.3783959822936298	0.3784792497637574	0.45161290322580644	0.40023419718865666	True
28	2053-10-01	GARW	south	0.010223867763157809	0.00016789365671315113	0.1805647858259384	0.056621603799388964	0.99758278502702	0.36777366417613444	10	498.0	498.1425332822164	0.30536156863139324	0.2904573426598711	0.4311111111111111	0.4018128871982704	True
29	2053-10-01	GARW	south	0.020586099901834784	0.00046816746969760673	0.5365258287390678	0.03836926164433839	0.9972336351318452	-4.11990050411722	5	81.0	81.1504018812444	0.07727191386002692	0.07124251260334738	0.10426540284360189	0.08806603451340025	True
26	2054-04-01	GARW	south	0.022238963408947206	0.000667200936366476	0.40944464376162465	0.0543149452503146	0.909155244676859	0.3309941911784329	18	518.0	517.7381557147128	0.26319160565295374	0.25691011258690916	0.5555555555555556	0.46238561677293033	True
27	2054-04-01	GARW	south	0.021310095592188064	0.0005555148612120738	0.41000151329267676	0.05197565106784374	0.9519694286447249	0.4358964865494902	18	800.0	799.6108671962814	0.3414034964495203	0.3406754262369525	0.45161290322580644	0.42215894653805236	True
28	2054-04-01	GARW	south	0.01838337633026786	0.0004969887405915853	0.32915839416337567	0.05584963548322389	0.9661938142962554	0.6236440362947284	20	958.0	958.1490844363502	0.41331160151466567	0.40045770160162497	0.7096774193548387	0.5379856510241092	True
29	2054-04-01	GARW	south	0.012967671252949968	0.0002768438113709255	0.3214810104525233	0.04033728534912966	0.9509579109923494	0.4491962326149561	12	194.0	193.78803646702818	0.12551512241798143	0.10832073115575362	0.2391304347826087	0.1736497806112461	True
26	2054-10-01	GARW	south	0.0014127657872517047	2.744550029270961e-06	0.028117620210471986	0.0502448563099071	0.9946347320083024	0.8888634712108869	3	42.0	41.740860835816164	0.12257419027225885	0.10500015243592298	0.1511627906976744	0.11679960921031372	True
27	2054-10-01	GARW	south	0.0049027327811705665	3.5156134258489546e-05	0.10934240190124242	0.04483834903863456	0.9914876136199594	0.4622123382055776	4	105.0	104.88995892029183	0.24940440513122708	0.26884140446634464	0.26744186046511625	0.2786482303400379	True
28	2054-10-01	GARW	south	0.005707566758852153	4.025326854173981e-05	0.12466786328797018	0.04578218161699178	0.9760158654483944	0.6510160585568872	8	297.0	297.02947824438735	0.5350674817684589	0.5241651622878114	0.7096774193548387	0.5387831120545884	True
29	2054-10-01	GARW	south	0.02518142557616091	0.0007884981588020888	0.40232054117495336	0.06259045462262515	-0.9234401986251304	-0.6527991668233448	5	73.0	72.86915903790023	0.1773554966002396	0.1304112988495249	0.2391304347826087	0.20701406371737455	True
0	2025-04-01	GARW	tropics	0.5349724570600178	0.31638050849821997	32.95331446283281	0.01623425339091154	-0.5212488783387186	-154809.9270095077	10	237.0	236.65478506253885	0.9863448146056844	0.9847405933937481	1.0	1.0	False
0	2025-10-01	GARW	tropics	0.5715867120552667	0.33489848311917514	35.29148431569037	0.016196165254549606	-0.5981102064250535	-209024.1004101012	10	237.0	236.85032995953307	0.9863448146056844	0.9843078305106273	1.0	0.9951518154967076	False
1	2026-04-01	GARW	tropics	0.0038420260336951002	2.305278027871886e-05	0.20697586391755127	0.018562676637627513	0.7175801564138518	-0.18569733533571764	22	683.0	682.8440443421198	0.9608638614862876	0.9507238204369746	1.0	0.9769364832988242	True
1	2026-10-01	GARW	tropics	0.0011210692459025266	2.2591253780912153e-06	0.062063498774977445	0.018063262111070597	0.9894933374657289	0.976787251803521	48	1549.0	1546.7705604435505	0.9412435442828437	0.9349415557613172	1.0	0.9867791926069198	True
1	2027-04-01	GARW	tropics	0.0009477973598199641	1.322832352462685e-06	0.07111891458879703	0.01332693792221156	0.9752588883818712	0.925511104358262	25	777.0	776.824073142913	0.9161122553999752	0.9175526256673595	1.0	0.9693996523324689	True
2	2027-04-01	GARW	tropics	0.003536207979719399	1.5204829507969353e-05	0.16811323672511327	0.02103467905684044	0.8652546427520768	-4.620227844457182	7	152.0	151.91495407464606	0.9415168308702793	0.9095560632554621	1.0	1.0	True
2	2027-10-01	GARW	tropics	0.001133147501632466	2.0196873196295515e-06	0.061626700795794104	0.01838728160034491	0.9958469103969412	0.979997912912481	33	1572.0	1571.7591480000663	0.9619223708938431	0.9431110300857211	1.0	0.9922177689596864	True
2	2028-04-01	GARW	tropics	0.0013018013675217255	2.7215514413734435e-06	0.07271563553916438	0.017902633427725183	0.9906997589530805	0.9764026928096766	36	1656.0	1655.733332306456	0.9320412178006889	0.9156814893900638	1.0	0.9956040851947938	True
2	2028-10-01	GARW	tropics	0.005989678735705816	4.171768257477206e-05	0.32124115884904314	0.018645427494925926	0.39973985627083897	-9.136441853903374	10	221.0	220.5176900275456	0.8538975105731621	0.8090682796273236	0.96875	0.918804043230676	True
3	2028-10-01	GARW	tropics	0.020409313131498807	0.00042735177058009666	2.4497503145596378	0.008331180941257494	-1.0	-121.16156005600781	2	21.0	20.906806540819378	0.4535714285714286	0.255010909270875	0.55	0.2724089399096386	True
4	2028-10-01	GARW	tropics	0.03705572549425526	0.002764437569312353	1.775395686391481	0.02087181228291232	0.09213759295255727	-75.56039109872829	10	172.0	171.77858088250903	0.7458010829749961	0.6955267760569769	0.9285714285714286	0.7555718526237235	True
3	2029-04-01	GARW	tropics	0.003977885728072364	2.5349421698558476e-05	0.33730583585234514	0.011793112674794262	0.9996900328740148	0.26520966431989745	4	45.0	45.02923151069013	0.40354660068339815	0.2336177790062358	0.55	0.2850163570717396	True
4	2029-04-01	GARW	tropics	0.007539004340389365	8.653225807925178e-05	0.3543085282848179	0.021278077546947976	0.7571448100627772	-0.36775620231155726	36	1098.0	1097.8544737478805	0.7816766005676538	0.7649048731372652	0.9444444444444444	0.8398389378628357	True
5	2029-04-01	GARW	tropics	0.026879662094920986	0.0007321080065801243	1.4094252182270752	0.019071364516049374	0.9326640966176665	-68.54478131637873	3	46.0	45.54398115843407	0.28999709435836873	0.20366421631857023	0.3442622950819672	0.2511998629239412	True
3	2029-10-01	GARW	tropics	0.003015514263575604	9.093326273827918e-06	0.9818325939575482	0.0030713120364243957			1	11.0	10.802394770587439	0.2682926829268293	0.14193372428163878	0.2682926829268293	0.14193372428163878	True
4	2029-10-01	GARW	tropics	0.0031326990155310366	1.6493177551357144e-05	0.18018643134002682	0.01738587635169583	0.9432356539393734	0.787397063430738	38	1157.0	1157.0050602443291	0.6897138043121828	0.677787785473444	0.9444444444444444	0.8633344110282203	True
5	2029-10-01	GARW	tropics	0.0020108529804638447	5.942104728885818e-06	0.08466910608500856	0.02374954778009502	0.8745415869127426	0.7110883303400954	28	697.0	696.7352081045483	0.6461453061180767	0.6349423908157596	0.95	0.9816260201645214	True
4	2030-04-01	GARW	tropics	0.024721907589784303	0.0011132450982087082	1.7480856165599068	0.014142275043962118	0.11541742082889112	-2654.4753983612004	13	238.0	238.01188812697876	0.4761468527929754	0.4421983875049964	0.6666666666666666	0.6498143477277564	True
5	2030-04-01	GARW	tropics	0.0249145628176513	0.0015619143817766174	1.2138202708017571	0.020525742910187716	-0.12417749956871632	-27.860297536821268	48	1166.0	1165.9492199087472	0.8335794468322275	0.8303397652951259	1.0	0.9995701006308997	True
5	2030-10-01	GARW	tropics	0.0016423115687582365	4.515849300926295e-06	0.13466746588111175	0.012195310560073327	0.1556360579912519	-0.12171839275098462	24	497.0	496.9647552723457	0.9938533857397954	0.9873772678548699	1.0	1.0	True
6	2030-10-01	GARW	tropics	0.004194751937330263	2.080662662887883e-05	0.11368758466609646	0.03689718582420731	0.8510867570357277	-4.276684373558828	5	89.0	89.00045346615038	0.7336704046166963	0.741867746758462	0.8333333333333334	0.8742063139270961	True
5	2031-04-01	GARW	tropics	0.19320708255540409	0.040159709813047964	8.414903620877423	0.02296010640883114	-1.0	-647.9777493103278	2	25.0	24.903098020300554	0.5495867768595042	0.5301671887508049	1.0	1.0	False
6	2031-04-01	GARW	tropics	0.09137367820738208	0.023670927329019948	2.668326866721589	0.0342438099870603	0.5717840305583606	-45.97094525475926	31	3082.0	3082.200753890479	0.9316236085629025	0.9049892240461472	1.0	1.0	False
5	2031-10-01	GARW	tropics	0.003495461135636037	1.2218248550741975e-05	0.6927660626250047	0.005045658735636037			1	12.0	11.767395692897432	0.09917355371900827	0.052180134557376176	0.09917355371900827	0.052180134557376176	True
6	2031-10-01	GARW	tropics	0.0014990658222385302	3.1532056830783566e-06	0.04883422277558891	0.030697034518748976	0.9972533529101603	0.9927079255546731	32	3065.0	3064.85896796632	0.9814685238207231	0.9725738229614651	1.0	1.0	True
6	2032-04-01	GARW	tropics	0.0008924296505573361	1.553581392267333e-06	0.028598126341170572	0.031205878312124673	0.8500465403576334	0.33548089984166807	6	97.0	96.94561782052519	0.9822222222222222	0.9951460645465002	1.0	1.0	True
7	2032-04-01	GARW	tropics	0.0015439284157211782	4.39642378036762e-06	0.0830964973725332	0.018579945780380264	0.9418023020288698	0.8163824517776179	24	501.0	500.9607251622917	0.984215134052801	0.9746057791384798	1.0	1.0	True
7	2032-10-01	GARW	tropics	0.03436333710621235	0.0036085762457434296	2.6189170921041836	0.013121200823735484	-0.3111966193255209	-66.75717248745592	46	1047.0	1046.8361281767768	0.9286203411480893	0.9215290464510254	1.0	1.0	True
7	2033-04-01	GARW	tropics	0.003417809873345426	1.4682119746991009e-05	0.33051931012206875	0.010340726755369139	0.7561755054250684	-0.8529356654472096	22	489.0	488.9235909452606	0.8228672477043208	0.8009725344267242	1.0	0.9860685282088227	True
8	2033-04-01	GARW	tropics	0.005618995633421364	4.317259892336634e-05	0.4450269758509543	0.01262619108128682	0.8574995595208761	-1.0954975990730222	25	726.0	725.7478269836118	0.8576577620247869	0.8440676139595713	1.0	0.9740436364894131	True
7	2033-10-01	GARW	tropics	0.0026338783437522047	6.937315129686857e-06	0.26182925238498667	0.010059526656247795			1	13.0	13.242517050754742	0.35135135135135137	0.33862748408235227	0.35135135135135137	0.33862748408235227	True
8	2033-10-01	GARW	tropics	0.002124986657080245	7.4605332941931725e-06	0.18227781297308362	0.01165795563607094	0.9862603174621214	0.8385808990858743	48	1337.0	1336.8980883135423	0.9297866041186408	0.9287885621457529	1.0	0.9937443802594674	True
8	2034-04-01	GARW	tropics	0.04850081258428349	0.0034978241566948763	4.152188638717143	0.011680782547314195	0.3950399642514188	-445.1854724087275	25	581.0	580.482263780574	0.9628545847050701	0.9590954719617778	1.0	0.991520545442548	True
9	2034-04-01	GARW	tropics	0.05262231457142773	0.0027869734933925186	2.62486917778965	0.02004759513986138	1.0	-301.8493160783161	2	24.0	24.029357255654034	0.8901098901098901	0.8385398771527306	0.9230769230769231	0.8837400357544383	True
8	2034-10-01	GARW	tropics	0.0036804109357989733	1.5563804236992584e-05	0.25932714025328907	0.014192154867416715	0.2728531969982635	-6.283521648391603	3	36.0	35.66281128959829	0.8229700854700854	0.8159248164543911	0.9230769230769231	0.8760153085251078	True
9	2034-10-01	GARW	tropics	0.005031901241212307	0.00019323893986871748	0.06577795127280726	0.07649829682811214	0.82569279276105	0.48137027427354917	29	1010.0	1010.089287210059	0.6787347378985951	0.6682954299813881	0.9523809523809523	0.8578444814121496	True
10	2034-10-01	GARW	tropics	0.002890514294021446	9.758243235171937e-06	0.08741669245021576	0.03306593069358702	0.9426600531806257	0.23431394654078253	14	868.0	867.9753305140307	0.5059726178436793	0.4970896529338557	0.8135593220338984	0.868532151959903	True
9	2035-04-01	GARW	tropics	0.0038537581189661803	2.199261186524407e-05	0.08428691150823334	0.045721904504588906	0.9562778008378174	0.8829930084864224	29	1030.0	1029.662687070749	0.5558333049708749	0.5556648945712278	0.9523809523809523	0.8748155480592796	True
10	2035-04-01	GARW	tropics	0.0029059143655401918	1.4836315313304051e-05	0.09457627192337395	0.030725617604112947	0.9916975855836021	0.9660084547615837	38	2654.0	2653.8003276751324	0.7942149999160605	0.7801795717306477	1.0	0.9998268403414117	True
9	2035-10-01	GARW	tropics	0.2585283021811609	0.06965754408516511	9.615436907916088	0.026886797205057076	-0.9821510198883104	-3600.746069733901	3	45.0	44.80425139855081	0.09539386801643623	0.08961576997304159	0.10465116279069768	0.10429181524740704	False
10	2035-10-01	GARW	tropics	0.13034315778122027	0.026680606800584886	4.939321377948243	0.02638887972812246	0.7271587572243312	-414.74124148128953	22	1500.0	1499.8823889172759	0.9703183267979043	0.9686000710765281	1.0	1.0	False
10	2038-10-01	GARW	tropics	0.0013847671600592107	3.1370708134503665e-06	0.10608143446584116	0.01305381254535273	0.668671382568852	0.3296605170978395	22	379.0	378.7777018674927	0.9432093707063803	0.9474322704790622	1.0	0.98778969535229	True
10	2039-04-01	GARW	tropics	0.14253455212184815	0.024012100774423735	5.169018491812207	0.027574780850102343	0.2278423873547552	-433.58613165872913	43	778.0	777.9740768803263	0.7367619052000706	0.7416595905935365	1.0	0.9940885266848807	False
11	2039-04-01	GARW	tropics	0.06997246051661087	0.00779856341342757	3.4087321096569934	0.020527415550895815	0.8829385167730506	-1421.9133345634566	7	112.0	112.11265261989179	0.22997651441528993	0.2321049756543776	0.3194444444444444	0.283738627765278	False
12	2039-04-01	GARW	tropics	0.12220665239836631	0.018999208617582055	7.71868531407781	0.01583257347925279	0.7992628250112901	-5100.703822843397	18	563.0	562.9783150696792	0.5534219210960172	0.5302811981061608	0.72	0.716261372234722	False
10	2039-10-01	GARW	tropics	0.0018651863790937742	4.7143514350212845e-06	0.20454989465152007	0.009118491027684885	0.7182028230767877	-1.167074436679453	18	339.0	338.9288924730344	0.46513525714624365	0.45218814514846817	0.7741935483870968	0.7692278616419087	True
11	2039-10-01	GARW	tropics	0.00103953870515788	1.4988475563045959e-06	0.06401696698100477	0.01623848729769303	0.9950867760709416	0.9850378923641379	31	617.0	616.7165198908237	0.3164727938435746	0.3057503172403966	0.5428571428571428	0.38645034493696323	True
12	2039-10-01	GARW	tropics	0.001233360907328805	2.365309124933388e-06	0.07142413835488808	0.017268124414753925	0.9938355767527617	0.9824494317020259	44	1614.0	1613.9765199237559	0.6003747640499583	0.5951821717644151	0.7741935483870968	0.6756021656505097	True
11	2040-04-01	GARW	tropics	0.0008215060703623804	9.670554397991257e-07	0.06847586104802136	0.01199701701868732	0.9788551652021892	0.9581253576443082	21	421.0	420.9853199080019	0.345988919919368	0.34290525453968657	0.5428571428571428	0.39904716641860344	True
12	2040-04-01	GARW	tropics	0.0013077761773194689	2.9495780639631474e-06	0.0725995548071067	0.018013556430120863	0.9814726363508398	0.9203419934705659	24	896.0	895.9762079592863	0.6364186455455981	0.6192316470631035	0.7741935483870968	0.6626880553439745	True
13	2040-10-01	GARW	tropics	0.17961002109699442	0.0350006766598542	6.805085289509203	0.02639350036859689	0.7617755027565765	-259.3776761414448	16	197.0	196.53189032244978	0.23304093169436585	0.2153291615333503	0.47058823529411764	0.3270049999080487	False
14	2040-10-01	GARW	tropics	0.07434431175184603	0.009114672182143697	3.0164473951275514	0.024646314691890176	0.9712121109822782	-189.16323507953948	22	1073.0	1072.8661265343785	0.7500696374434296	0.7334703256578791	0.8979591836734694	0.8836439943987154	False
13	2041-04-01	GARW	tropics	0.0025607087560782014	9.456237156715126e-06	0.1844195129182838	0.013885237606135803	0.9690925247805531	0.7580247194721201	20	240.0	239.7632324704423	0.2216405065019401	0.19453218839815423	0.47058823529411764	0.3171141110642971	True
14	2041-04-01	GARW	tropics	0.002900062223828425	1.1251757838538444e-05	0.12131559616271825	0.02390510631410184	0.9905732559258797	0.9434361049963778	43	1913.0	1913.0920415278754	0.7762229504698257	0.757217262914025	0.9122807017543859	0.8655701661780929	True
15	2041-04-01	GARW	tropics	0.006051778380527947	4.2813341004962764e-05	0.19815337341707107	0.030540879906143355	-1.0	-7.450598049266878	2	27.0	27.239922946974033	0.6031578947368421	0.48151430117785443	0.68	0.5094408675714356	True
13	2041-10-01	GARW	tropics	0.005156374285251011	2.8423648975275102e-05	0.33855611267701524	0.015230486445743858	-0.9974899711150443	-0.12293025188004303	3	32.0	31.90045892906165	0.19879986145046388	0.14997418075639155	0.28205128205128205	0.1644822635444578	True
14	2041-10-01	GARW	tropics	0.0043217657839546356	2.497776445184416e-05	0.2112798087698418	0.02045517652215675	0.11398452861626265	0.010529219352380936	20	723.0	722.9269738480233	0.7812275937883	0.7474697470869357	0.9122807017543859	0.8675300635867417	True
15	2041-10-01	GARW	tropics	0.009313605364336718	0.00013264967895674815	0.27464633823496637	0.033911267210738165	0.9447305438221085	0.7393405646998562	27	3015.0	3014.993327628078	0.9248754278739187	0.8810967703992104	1.0	0.9940337279003315	True
15	2042-04-01	GARW	tropics	0.009564710381655584	0.00013169155918286903	0.3236746933958899	0.029550380603765296	0.9557521146123097	0.7422343443552948	32	3187.0	3186.9829005694646	0.9561516617204318	0.9341522329712105	1.0	1.0	True
15	2042-10-01	GARW	tropics	0.0025756204281859284	1.1436902014255787e-05	0.07825202879971982	0.03291442366022273	0.552079494021397	0.19435321990006282	6	133.0	132.9439682545556	0.9590796177003074	0.9359933465556255	1.0	0.9498338349500572	True
16	2042-10-01	GARW	tropics	0.004437773082196157	1.969382992906478e-05	0.32659256672056264	0.013588101917803843			1	10.0	10.022786547077978	0.7692307692307693	0.7588616689417337	0.7692307692307693	0.7588616689417337	True
16	2043-04-01	GARW	tropics	0.000998744279622689	1.576712958181514e-06	0.05518341555346927	0.0180986310761241	0.9772461985330705	0.9502777569901059	26	1125.0	1124.9985934057438	0.9853395458880765	0.9617067493592171	1.0	0.9918852467304039	True
16	2043-10-01	GARW	tropics	0.0015739510233857112	1.3275781158574162e-05	0.050899125444311945	0.030922948275560254	0.9432463130447484	0.871238863293502	50	1966.0	1966.0120808238853	0.8527497724457457	0.851902177965277	1.0	0.9937753082523285	True
17	2043-10-01	GARW	tropics	0.0018456497076920666	5.248393304017717e-06	0.09126802486713284	0.020222303598428328	-0.5667664408624203	-0.23272975242021143	11	239.0	238.9175844229951	0.48623725707957965	0.47237346460290053	0.796875	0.7330659884974449	True
16	2044-04-01	GARW	tropics	0.0023549342012237247	8.068954455217997e-06	0.15279115875362087	0.015412764851277214	0.4539604761071832	-0.26250061630709864	27	804.0	803.9300832739316	0.6590268236517909	0.6524381924743131	1.0	0.9850441351786999	True
17	2044-04-01	GARW	tropics	0.002466797597870999	1.1668263614743277e-05	0.10883010441872036	0.022666500331379576	0.9660913504512112	0.9122615979498491	37	1367.0	1367.4212612685872	0.6635429036068082	0.648042225227021	0.8571428571428571	0.822808240918536	True
18	2044-04-01	GARW	tropics	0.000948317969706334	1.2585924593982746e-06	0.05982117106612963	0.01585254773193943	0.9812731968997951	0.957817712643368	15	210.0	210.01373583879652	0.26704697530063715	0.24735060245680512	0.47368421052631576	0.376956187566128	True
16	2044-10-01	GARW	tropics	0.016462269324791175	0.00027100631132196047	1.8438187191065438	0.008928355675208824			1	12.0	12.004778733028104	0.21428571428571427	0.14202872929574273	0.21428571428571427	0.14202872929574273	True
17	2044-10-01	GARW	tropics	0.008487887195142808	9.454890816224963e-05	0.5014320606603478	0.016927292570732128	0.9222011930730654	-0.34435501959321724	29	1076.0	1076.0354352143563	0.7019074585908764	0.6902835122073027	0.8571428571428571	0.7939713846500941	True
18	2044-10-01	GARW	tropics	0.008238898094840224	9.610929682969218e-05	0.6856695747203452	0.012015843197068372	0.7943423125938602	-1.262421062946434	23	327.0	327.0124073827556	0.3765120347727665	0.3360664492612737	0.8	0.6002833650495736	True
19	2044-10-01	GARW	tropics	0.01149006000645074	0.00013202878236580996	0.40364633021549945	0.028465662007422208	1.0	-13391.910649129168	2	31.0	31.14764083360461	0.668560606060606	0.5966846184008587	0.7916666666666666	0.6273825966271582	True
17	2045-04-01	GARW	tropics	0.005567664184454142	3.113588372616819e-05	0.2790582522322958	0.019951619921346975	0.0249359895295998	-243.56015167355906	3	38.0	38.03186478788923	0.608359133126935	0.48108090780333157	0.7368421052631579	0.5105619937733756	True
18	2045-04-01	GARW	tropics	0.005112535948606023	3.231464738729991e-05	0.5413890515961396	0.009443367821224109	0.9722342207117423	-2.7307719751388793	4	62.0	61.692443223234456	0.6893892339544514	0.5758494208197522	0.8	0.6233618968160434	True
19	2045-04-01	GARW	tropics	0.0071102515291117194	9.585770400965668e-05	0.24848897188656205	0.02861395206044648	0.9109594480776995	0.6260379866269807	28	2139.0	2139.006860343513	0.911008387419122	0.8813096179147614	1.0	0.9993981858719941	True
19	2045-10-01	GARW	tropics	0.0016899979473715648	3.834946531399139e-06	0.06328997453909466	0.026702458954658632	0.9955683897699017	0.988175875520932	36	2478.0	2478.1315275172733	0.9679302404431789	0.9575545679632818	1.0	1.0	True
19	2046-04-01	GARW	tropics	0.04666334676623575	0.003325278410145259	1.8495936545563532	0.02522897213195106	0.39582929888496327	-1245.946441993848	10	235.0	234.9910565538423	0.9867788461538461	0.9811018780728562	1.0	0.9908198853787366	True
20	2046-10-01	GARW	tropics	0.0022949786892204954	7.746767430650673e-06	0.3931349053534688	0.005837636541474416	1.0	-0.40640818541156065	2	23.0	22.95457958578814	0.8543956043956045	0.6940983118743309	0.9230769230769231	0.7122796910719764	True
21	2046-10-01	GARW	tropics	0.0037039830680383177	1.747653977005871e-05	0.10854768428351608	0.03412309615342757	-0.8837504345261661	-2.67866733672436	5	74.0	73.80036667202378	0.6514021028701336	0.609801589311125	0.68	0.769508450860328	True
20	2047-04-01	GARW	tropics	0.005540590054061211	5.8728127548013645e-05	0.31210405428978244	0.017752380906006695	0.9628754048144978	0.13153539554220117	6	75.0	74.81109536289271	0.4342422252355347	0.3450224681025476	0.9230769230769231	0.6829062625037073	True
21	2047-04-01	GARW	tropics	0.0021106923369591424	8.379568357200791e-06	0.07068943523754809	0.02985866742132361	0.9946069429812378	0.9760327378755954	31	2318.0	2317.9762449908003	0.8639643462556721	0.8433068558852505	0.968503937007874	0.9951276374978397	True
20	2047-10-01	GARW	tropics	0.0045024538612861015	2.3687127882735535e-05	0.2775625169545089	0.0162214044990233	0.9940253371361698	0.6920161995127763	4	51.0	50.08958729574875	0.16105831078356886	0.11396406103179799	0.25862068965517243	0.16322772462283816	True
21	2047-10-01	GARW	tropics	0.0011831520635125787	3.3995746951562694e-06	0.043347126010922034	0.027294821419405375	0.9965406676676821	0.9893226630200594	34	2430.0	2429.878265068981	0.9190099910070824	0.9136522339455392	1.0	0.9712689220627282	True
21	2048-04-01	GARW	tropics	0.0025541298709047056	9.902505685595578e-06	0.08237409288675052	0.031006470376750275	0.038882854821350066	-0.1113451404126451	8	158.0	157.61246068705307	0.9132357583184789	0.9031303261993434	1.0	0.9777281312531779	True
22	2048-04-01	GARW	tropics	0.0035499802929654795	2.1587181165016015e-05	0.2737247703145339	0.012969159820231977	-1.0	-1.4338887631851787	2	25.0	25.047325107438937	1.0	0.960493451723002	1.0	0.9767167557009743	True
22	2048-10-01	GARW	tropics	0.022986303676103687	0.0009132205037135728	2.221208157087562	0.010348559005043103	0.27997083194857486	-83.58387044358481	17	236.0	235.72064267435104	0.9770853665749859	0.9693182633352988	1.0	0.9936747498550554	True
22	2049-04-01	GARW	tropics	0.0035020088148906706	2.4652217541250412e-05	0.21244494880128703	0.016484311981295057	0.6185064899758069	-0.3644248521770941	39	570.0	570.1064532604997	0.7515960000510958	0.7468946099420203	1.0	0.9930471245357096	True
23	2049-04-01	GARW	tropics	0.004175106832696326	1.8358881282515235e-05	0.21018122173863493	0.019864318982255064	0.030412989713773105	-18.779845699083634	13	312.0	312.0161089753991	0.6099696789168866	0.5905549078990716	0.7678571428571429	0.8080001847912696	True
22	2049-10-01	GARW	tropics	0.0025165159263094996	8.598036952376078e-06	0.15579471143919243	0.01615276862136434	0.6785552184479144	0.4191179365067248	25	363.0	362.698490455607	0.5445778026757009	0.5240796535760597	1.0	0.8965981805310553	True
23	2049-10-01	GARW	tropics	0.0028666409554732202	1.4561021357699052e-05	0.15431511652653454	0.018576540134227874	0.9876568584583469	0.898330061707377	39	1694.0	1694.0170767237498	0.786962812922126	0.7816916294637553	0.9782608695652174	0.9282061244759128	True
22	2050-04-01	GARW	tropics	0.00035892144696425283	1.603134208707909e-07	0.060532500564574564	0.005929400629689242	1.0	0.4963181283825666	2	22.0	21.45422699979181	0.14198867421718853	0.10309314712232831	0.14473684210526316	0.11149573885242062	True
23	2050-04-01	GARW	tropics	0.009615396079149536	0.00015193900709137824	0.5628272919901852	0.01708409705071163	0.9115239976104305	-1.1378744771438019	33	1425.0	1424.5961775537905	0.8605470417219484	0.8532210784419959	0.9782608695652174	0.9083689956776211	True
23	2050-10-01	GARW	tropics	0.0012377704509175405	1.970955131915047e-06	0.07424467658961985	0.01667150437948831	0.32375543834195886	0.05892715755556577	7	95.0	94.43736105477342	0.791086889301175	0.7686853834366746	0.9285714285714286	0.8083420536016203	True
24	2051-04-01	GARW	tropics	0.003914701034268866	2.9719089098279727e-05	0.1792795844528706	0.02183573241881298	-0.15113379965255885	-0.0655970997905464	13	197.0	196.90398075564377	0.5201790372040714	0.5257516899897853	0.7619047619047619	0.7259676198703375	True
25	2051-04-01	GARW	tropics	0.0017423009067655815	3.6177308298366987e-06	0.05666512662695864	0.030747322215224266	-0.6612714534129975	-0.11066183986153066	6	113.0	113.00150690452966	0.43861800080986213	0.4177040492686257	0.5106382978723404	0.5135035598778547	True
23	2051-10-01	GARW	tropics	0.0017204433173983198	2.9599252083805357e-06	0.42372494304183594	0.00406028331739832			1	11.0	10.993866779611427	0.09401709401709402	0.05126482994880245	0.09401709401709402	0.05126482994880245	True
24	2051-10-01	GARW	tropics	0.002740715497671831	1.6916931584778908e-05	0.14018314420357586	0.019550963229157756	0.9553887281932286	0.8751547518704241	34	635.0	634.8629639908117	0.32682057857162866	0.3123103550761059	0.7619047619047619	0.5692532529805221	True
25	2051-10-01	GARW	tropics	0.00195903151808609	6.758068059775978e-06	0.06703594488728704	0.029223598196161302	0.997187846019235	0.9787069893513686	33	1980.0	1979.9376085874908	0.7101860399830944	0.7042887904095496	0.9591836734693877	0.8566674470047106	True
23	2052-04-01	GARW	tropics	0.005047669024732107	2.5478962583239983e-05	3.7003603346482876	0.0013641020247321073			1	11.0	10.72186252634884	0.09401709401709402	0.041952060269150486	0.09401709401709402	0.041952060269150486	True
24	2052-04-01	GARW	tropics	0.0017179873042350345	4.4239761869360605e-06	0.07593934270800948	0.022623152149746417	0.9798813107509026	0.9420467426270062	18	354.0	353.79962705951755	0.18304944824554836	0.18351385949958718	0.27350427350427353	0.27362539791230356	True
25	2052-04-01	GARW	tropics	0.002276604535048971	9.655302008892454e-06	0.0931913167858803	0.02442936330945703	0.9820758817829712	0.9522053963956201	30	1825.0	1825.077115614947	0.7849929997920275	0.7518647525808897	0.9591836734693877	0.8497036604817388	True
26	2052-04-01	GARW	tropics	0.002949256957429121	1.2020851546415208e-05	0.11141290834756674	0.02647141162699513	0.6991393522845208	0.4436147102671141	15	506.0	505.5529399967875	0.8943618767398155	0.836567114659604	1.0	0.993277631241906	True
25	2052-10-01	GARW	tropics	0.006735448649726441	5.3454864140820796e-05	0.22161300446624355	0.030392840284570916	0.6997030050308147	-8.241537330181842	4	63.0	62.91068094048451	0.7172738493390667	0.6757386239455949	0.95	0.7986090696873198	True
26	2052-10-01	GARW	tropics	0.08490505804778808	0.017950233223052944	3.610038423216115	0.023519156334116737	0.16260860281996214	-87.8069235789784	41	2221.0	2220.9998565583487	0.953482137153947	0.9432750538072739	1.0	0.995914556584962	True
26	2053-04-01	GARW	tropics	0.0064258732979703605	5.1139463428785655e-05	0.3724324216177911	0.01725379672923566	0.7451554980914107	0.04452451880595598	31	1659.0	1658.9936820190314	0.9669837002397166	0.9553593451512239	1.0	0.9961798675783721	True
26	2053-10-01	GARW	tropics	0.0059688673743153375	4.3593588184493706e-05	0.4797042039980125	0.012442808140034702	-0.012106971988541215	-2.2153759456816813	6	74.0	74.20182847517336	0.7678695591711863	0.7256452613626095	1.0	0.8806785812395307	True
28	2053-10-01	GARW	tropics	0.004817257866922833	2.955599756211439e-05	0.1923921272376796	0.025038747354623477	-0.28685332325731216	-3.719233776307213	14	494.0	494.03549455611653	0.6865070364897342	0.6797483640280112	0.8392857142857143	0.8508360109471321	True
26	2054-04-01	GARW	tropics	0.02123527948115432	0.0004515857768560511	7.246594288339887	0.0029303806224287854	1.0	-192.82586573390577	2	27.0	27.000060197962284	0.14941972920696325	0.0980954749630728	0.18181818181818182	0.10809177562142638	True
28	2054-04-01	GARW	tropics	0.01072007382580153	0.00016208895422381662	0.44461109336398336	0.024111125398811138	0.8996983515105446	0.4388578309146022	40	2161.0	2161.032654567636	0.7821629832350361	0.7803647829537577	0.9367088607594937	0.8662604006400227	True
29	2054-04-01	GARW	tropics	0.006803073024206436	6.707289633499016e-05	0.6655342445303026	0.010221972918925713	0.9775626863465543	-0.12746846565272274	3	40.0	39.358086488405384	0.13278941713671769	0.0840963630687976	0.19117647058823528	0.12626116248925756	True
28	2054-10-01	GARW	tropics	0.0013195359522608554	3.337390130858915e-06	0.06303611318650021	0.020933015783458027	0.9804049354873609	0.957528258663045	27	1557.0	1556.824238237463	0.8463990926924434	0.8392867887167736	0.9367088607594937	0.8502833066421811	True
29	2054-10-01	GARW	tropics	0.002529172379781256	1.706517365958519e-05	0.16013151782362012	0.015794344637181674	0.9724515717886696	0.8664813883314046	3	40.0	39.102041867725106	0.13278941713671769	0.09469025717808073	0.19117647058823528	0.12967726141018746	True
