variant	pivot_date	model	location	mae	mse	normalized_mae	max_r_data	correlation	r2	n_points	total_sequences	total_smoothed_sequences	mean_variant_frequency	mean_smoothed_variant_frequency	max_variant_frequency	max_smoothed_variant_frequency	converged
2	2026-04-01	FGA	north	0.008890780072256849	0.0001043433874861729	0.11282820296733988	0.07879927038127553	0.9956600689912785	0.9651502625612	20	4393.0	4393.018088043807	0.7232192688997121	0.7076665500918875	0.9545454545454546	0.8909048622554333	True
3	2026-04-01	FGA	north	0.010519998610857458	0.0001566539401705788	0.1304037470710378	0.08067251783130633	0.9947345170765021	0.9358500892065827	16	1590.0	1590.0124145206642	0.3103962394696194	0.30792775772517594	0.5737704918032787	0.5440525989295919	True
2	2026-10-01	FGA	north	0.22154312980402144	0.05030169848702002	3.00479701278928	0.07372981564514015	0.853194763309369	-15.919089311294595	20	4393.0	4392.933350684176	0.7232192688997121	0.7343162881024132	0.9545454545454546	0.9610870825201179	False
3	2026-10-01	FGA	north	0.18409770959851815	0.03775414345554511	1.1556764051948043	0.1592986659336409	0.778475794390312	-6.587197495428621	19	1653.0	1653.0622432364073	0.3875392519601787	0.3607403782186176	0.8823529411764706	0.7195044322682894	False
5	2029-04-01	FGA	north	0.02713088049473942	0.0011321246829235868	0.2227621476561455	0.12179304599190033	0.6768520992672533	0.23819092612742188	16	3139.0	3138.9371545733443	0.9964026146737854	0.9827740818277981	1.0	0.998989845802766	True
5	2029-10-01	FGA	north	0.19382265017776948	0.03874115383837551	1.5849022133475184	0.12229312858891841	0.8882846118491795	-14.41902776324281	25	3828.0	3828.0093130412683	0.9957626025623465	0.977663731676464	1.0	0.9975141672096483	False
5	2030-04-01	FGA	north	0.2929943448881672	0.08599459627696082	4.906719228101161	0.05971288171741434	-0.8665919420942794	-1266.2647157750612	8	497.0	496.80342761016607	0.9939529036597621	0.984606102558217	1.0	0.9909119400438076	False
7	2032-04-01	FGA	north	0.003498245124739833	1.8785135544441635e-05	0.10513658652127844	0.033273337479259216	0.9832874585430134	0.9531858267624627	8	113.0	113.00131773010584	0.058339298601003384	0.055969347727152646	0.087248322147651	0.06625380591377066	True
8	2032-04-01	FGA	north	0.0026300758133411444	7.224918598993589e-06	0.04963923445883462	0.05298381093129555	0.9966120312200129	0.984885290331618	15	2395.0	2394.637171564384	0.9145952492540323	0.9090940199298159	0.9565217391304348	0.9582747642961843	True
7	2032-10-01	FGA	north	0.0061011607236048	5.1294147532524006e-05	0.1592691977317159	0.03830722330806248	0.9960804734216164	0.9018106370704789	9	124.0	123.90545913215949	0.06230349809168012	0.06935171038555406	0.09401709401709402	0.08322501213602733	True
8	2032-10-01	FGA	north	0.014790798828952031	0.000761411890346563	0.27492197830197823	0.05379998689193778	0.7381900436327543	0.5074606692926338	23	3031.0	3030.822024695249	0.9169032312564754	0.8972261677613235	0.9661016949152542	0.9491899428133538	True
8	2033-04-01	FGA	north	0.12448951411387257	0.01565596194047994	2.422698582861148	0.05138464809223337	-0.9886937796671091	-1228.8588071401284	5	212.0	211.89316790432986	0.9139198253955605	0.9047631168745494	0.9550561797752809	0.9135693022772426	False
9	2033-04-01	FGA	north	0.07681570371679983	0.013923231410937851	2.1900772490587954	0.03507442659833667	0.8846989033546593	-130.3892964887349	8	130.0	129.59535378920356	0.857103098485771	0.8487905566297264	1.0	0.9072994764987453	False
9	2033-10-01	FGA	north	0.005225673707364029	3.8303034714107113e-05	0.17112375208802041	0.03053739556082264	0.9865505184510021	0.8648569394908651	15	235.0	234.37276693239465	0.836961716142898	0.8238577814797434	1.0	0.8493675150035686	True
9	2034-04-01	FGA	north	0.11257155598018108	0.012702074751379504	3.811816672327737	0.02953225867272304	-0.5203181111632548	-465.26780955950954	4	59.0	58.89756068324846	0.8413249031670085	0.7589085500519628	0.8947368421052632	0.8313502476168991	False
10	2034-04-01	FGA	north	0.11718339716962733	0.01805266121309781	2.219681713848514	0.05279288306901136	0.9344078483210858	-18.031481198781634	19	2707.0	2706.9881958276187	0.7929269618512897	0.7757523647613229	1.0	0.9398555659145508	False
11	2034-04-01	FGA	north	0.05044844213233963	0.0033882092299246398	0.7139987183574497	0.07065620824697838	-0.6558881102618114	-4.314910639448712	12	949.0	949.0283645332022	0.2800518852076924	0.28689725354898205	0.58	0.5558478586975137	False
10	2034-10-01	FGA	north	0.19608586052616894	0.0399130782031989	3.2760565001054007	0.05985423649435236	0.08316002293570114	-26.391651733184414	24	2888.0	2887.727355631473	0.6941931652483174	0.6821716157919578	1.0	0.9387312573963318	False
11	2034-10-01	FGA	north	0.12489211058809593	0.019153342077500937	1.2120076640459783	0.10304564425869676	-0.5432969296210188	-8.73536312305674	23	1421.0	1421.0092750933509	0.5256866586487733	0.530117336544506	1.0	0.9490391268283556	False
10	2035-04-01	FGA	north	0.2993568166136356	0.0896259024880649	4.975004278815083	0.06017217269307246	-1.0	-16151.893626920013	2	34.0	33.96429369089234	0.265625	0.26543183017987776	0.328125	0.2861409668810763	False
11	2035-04-01	FGA	north	0.22553649683517252	0.050916122080510696	5.303942867471526	0.04252242199258254	-0.7428417961708869	-2033.8367586207498	8	213.0	213.13591951814462	0.8492430271518239	0.8507430854535825	1.0	0.9697668920021926	False
12	2036-04-01	FGA	north	0.0035439096301078388	1.885606114046977e-05	0.05044207858048223	0.07025701021525903	0.9976935650766952	0.9924162946350115	24	4910.0	4909.986944876986	0.8048764632514338	0.7968602789068	1.0	0.9838191202176962	True
13	2036-04-01	FGA	north	0.003985882454132316	2.34164851120372e-05	0.04610753789367177	0.08644752325149366	0.9985650380943859	0.9912989996761705	18	1181.0	1180.9402554991098	0.2551606169986846	0.242471286257499	0.5	0.457094573656016	True
12	2036-10-01	FGA	north	0.26274866685831805	0.07142246848607937	3.7391556236494425	0.07026951892466927	0.27726924818019305	-27.12833554373479	23	4893.0	4892.981265156021	0.7963928312188873	0.8101576059127366	1.0	0.9898823370523833	False
13	2036-10-01	FGA	north	0.13618294202071524	0.021088468276149203	1.473775241757481	0.09240414559978406	0.4563336689894467	-6.376286104851015	18	1181.0	1180.82424778602	0.2551606169986846	0.23385363777480558	0.5	0.4351843195241467	False
14	2038-10-01	FGA	north	0.0024340844334401735	9.276430676121292e-06	0.1611164252421415	0.015107611963100556	0.9658554389817329	0.9044684627062967	5	58.0	57.80027504717083	0.6296559649500827	0.5893928176766557	0.7857142857142857	0.7111372765626852	True
15	2038-10-01	FGA	north	0.0010374737600779222	1.87095227119753e-06	0.04008710295625089	0.025880487328060857	0.9940402338191096	0.9858073836979445	8	99.0	98.78778872536432	0.6571336558178663	0.6187195787615243	0.9166666666666666	0.804996735948879	True
15	2039-04-01	FGA	north	0.12294596964504191	0.016160816387907537	2.9580641061005006	0.041562983503801325	-0.39259054557661743	-26.196477168030448	27	3096.0	3095.982923390502	0.9609285380835152	0.9435464326757037	1.0	0.9986883167699778	False
15	2039-10-01	FGA	north	0.25288735362165976	0.0650950583246774	4.601287978602049	0.05496012307808026	0.2521746222280324	-52.329723292125315	28	3298.0	3297.9086473057123	0.9987708338845618	0.9970944275022039	1.0	0.9995889396067066	False
16	2042-04-01	FGA	north	0.010202322198384907	0.0001993341321131645	0.3089088661264193	0.03302696463949876	0.9833342239449211	0.18284494483178282	11	258.0	257.99222119982886	0.4648524530390187	0.4731860081989467	0.6666666666666666	0.6549589712435253	True
17	2042-04-01	FGA	north	0.005860670932831229	5.618443215258918e-05	0.1287511350106043	0.04551937295425417	0.9862350534876002	0.3370490000659151	8	338.0	337.92642354925715	0.5835633843177261	0.583473859284888	0.6951219512195121	0.7422762330550932	True
16	2042-10-01	FGA	north	0.030778046143610866	0.0013162557192948096	0.7571403543937155	0.04065038399420219	0.9427098345523289	-1.2090198367199556	20	446.0	445.938279943995	0.3759217080038201	0.3634879923488522	0.6666666666666666	0.6096648124361155	False
17	2042-10-01	FGA	north	0.11367178121976718	0.013417135298473286	2.570371803621455	0.04422386716957151	0.9505607796951897	-17.809021680962363	22	918.0	917.9608883288507	0.7006219040519149	0.7132745921550382	0.8947368421052632	0.8634782369392796	False
16	2043-04-01	FGA	north	0.262556764259619	0.06902424150284708	6.15842125218997	0.04263377796155992	-0.7500751204044518	-917.0652376951981	7	130.0	130.11273641486014	0.2597011195304576	0.22831413540394974	0.37142857142857144	0.28982867678918645	False
17	2043-04-01	FGA	north	0.09304871219397302	0.010863137826214899	1.5657853017961696	0.059426226627133004	0.2900877148507649	-26.233295894809626	17	508.0	507.7532445839695	0.583111660148915	0.6101302896593052	0.8947368421052632	0.8870396809854088	False
18	2043-04-01	FGA	north	0.13414685550717503	0.020971133473297217	2.3225525077880746	0.05775837362442766	0.9283155956534346	-12.120275210457308	20	4005.0	4005.1852233579525	0.9093386927511439	0.8917525634973058	0.9842105263157894	0.9949849739897111	False
17	2043-10-01	FGA	north	0.02284850913674738	0.0008068849968736623	0.3832020939951359	0.05962521994213686	0.16455856155433576	-0.028291954654326323	8	130.0	129.71114322370406	0.09118661776697684	0.09798827064832569	0.2857142857142857	0.2963179619840525	False
18	2043-10-01	FGA	north	0.2570339533369203	0.06732826422952426	3.9645805645605487	0.06483257160531711	0.9075294553769507	-29.94157350572912	25	4177.0	4176.917978052152	0.9232714592514202	0.9153329549202975	1.0	1.0	False
20	2045-10-01	FGA	north	0.003877118431177847	1.8704844873617772e-05	0.11259979034168069	0.03443273224055611	0.993757243128103	0.959075219651463	20	531.0	530.9344666513234	0.9547898173419167	0.9456033935098345	1.0	1.0	True
20	2046-04-01	FGA	north	0.06811392049336064	0.006998105859290192	1.8175203554725383	0.037476290314037035	-0.9430418006456338	-11.494946302204477	23	835.0	834.9941757029039	0.5154849274696169	0.5140943846743433	1.0	0.9770068683522789	False
21	2046-04-01	FGA	north	0.1261342929438466	0.01672017771655038	2.8629246232354135	0.044057846273752484	-0.19791874810846316	-21.485132463433537	15	983.0	982.9927400047143	0.39065581391082416	0.3801283142567176	0.6176470588235294	0.44085913847414393	False
22	2046-04-01	FGA	north	0.026427623778885537	0.0013036753002015854	0.39214407263490814	0.06739263863230706	-0.38904320397464304	-1.5419988354907441	12	1250.0	1250.0006333646352	0.3958151592472663	0.39786856971822754	0.642570281124498	0.6729300921918363	False
20	2046-10-01	FGA	north	0.004553825094926315	2.7583938068810123e-05	0.1012651451133753	0.044969323747355565	0.9986516953312254	0.9618599554984203	18	695.0	694.9937984033556	0.24011143771654797	0.2360382013858963	0.4262295081967213	0.416158710454143	True
21	2046-10-01	FGA	north	0.0013169625218956568	2.3638124928789154e-06	0.020929978024798786	0.06292230791333177	0.999284527101512	0.9982073878500335	20	1107.0	1106.9557892042242	0.3334271977583728	0.3367597523753406	0.6176470588235294	0.4527756849641327	True
22	2046-10-01	FGA	north	0.0032714198060619358	1.3997178964144426e-05	0.049508458653284154	0.06607799747861723	0.9991680957794553	0.9912048533884082	23	1978.0	1977.6987932715374	0.6025864358819594	0.5849552903746508	1.0	0.938045430964864	True
20	2047-04-01	FGA	north	0.28294539224630816	0.08005809499341718	8.053795341018901	0.03513193224630814			1	12.0	11.983649116344795	0.07894736842105263	0.08297980586544114	0.07894736842105263	0.08297980586544114	False
21	2047-04-01	FGA	north	0.03899960538366957	0.0015400797324150492	0.6496095538472169	0.0600354553788505	-0.8952061836202574	-101.31946107710387	3	56.0	55.84140268453464	0.16237334910309484	0.14155406444818433	0.17105263157894737	0.16004810965851965	False
22	2047-04-01	FGA	north	0.31150972670338206	0.09712536562226515	6.296276363612384	0.04947523086878266	-0.6394647790065973	-1759.577894473073	9	422.0	421.70661762184784	0.8503194438636977	0.8261494166059611	1.0	0.8958618153573293	False
23	2048-04-01	FGA	north	0.22722655945437514	0.05163707805715709	19.27979570417633	0.011785734814874311	1.0	-431.38826559710634	2	27.0	27.219077463945787	0.08729026120048435	0.06542663361145655	0.10365853658536585	0.07099984402296781	False
24	2048-04-01	FGA	north	0.12861939669974293	0.017097143714446164	2.31610313527304	0.05553267241900274	-0.9911279713132171	-77.31531074523268	11	844.0	843.9972867641598	0.9188730281709528	0.9056333263602351	1.0	0.9595450680882686	False
23	2048-10-01	FGA	north	0.10713920601323829	0.011705363362599785	4.324774823128618	0.024773360555158774	0.9879545032740233	-42.30684437818968	3	42.0	41.58256075455799	0.08849653777001987	0.08590523119784026	0.10365853658536585	0.0968067657313002	False
24	2048-10-01	FGA	north	0.035354081974560705	0.0018564645028423985	0.6763400526890929	0.05227264278375162	0.9659253499768664	-0.6242454328509821	25	1779.0	1778.8883959516277	0.936679643074244	0.9236253146079154	1.0	0.9738924563107056	False
23	2049-04-01	FGA	north	0.2899709753268537	0.08408316653200679	12.408649663447624	0.023368455326853672			1	15.0	14.690699397918577	0.09090909090909091	0.06091162563589729	0.09090909090909091	0.06091162563589729	False
24	2049-04-01	FGA	north	0.06908822796197686	0.005222071109890266	1.6217270717082042	0.04260163696299684	0.6956521161275478	-23.207055010303282	13	676.0	675.9450607629045	0.9000592659537129	0.8923104636203942	1.0	0.9552869383032161	False
25	2049-04-01	FGA	north	0.1727883404087844	0.03047543746924447	3.943129829013792	0.04382009923624557	-0.9675616368472637	-85.70614549242715	11	474.0	474.2191817346445	0.6224771433863127	0.5973560790458623	0.8333333333333334	0.669631992604703	False
26	2049-04-01	FGA	north	0.06269806551044305	0.004203876944828889	1.2111962024208385	0.05176540793731631	-0.9889694910363689	-46.43270809987674	7	233.0	232.88809205334067	0.3298233821376247	0.3205691477553877	0.4435483870967742	0.4278025160329307	False
24	2049-10-01	FGA	north	0.012206258855826707	0.00014899275525544792	0.536975846332452	0.022731485855826707			1	12.0	11.692086719686511	0.2926829268292683	0.20599421218790115	0.2926829268292683	0.20599421218790115	True
25	2049-10-01	FGA	north	0.0023081631650510755	6.9451984784008065e-06	0.05561780679605557	0.041500434807054835	0.9992544945527824	0.9908176490185568	21	854.0	854.1016384354734	0.508097209251889	0.4933433724889366	0.8333333333333334	0.6109720734736416	True
26	2049-10-01	FGA	north	0.002530471768676697	8.158519326426672e-06	0.04969014172881949	0.05092502618500409	0.9983989339589526	0.9885370639767231	21	853.0	852.8429339174368	0.5518456366835706	0.5454169151784269	0.9166666666666666	0.8651895565762142	True
25	2050-04-01	FGA	north	0.22357200671746102	0.05028281330821604	5.390658183582636	0.04147397202782293	-0.997776166207745	-737.4123973142897	8	254.0	253.98715513272413	0.3538343314479705	0.34418896119908315	0.48695652173913045	0.4492883391892456	False
26	2050-04-01	FGA	north	0.06208192281127229	0.00691788538905529	2.112529833219795	0.02938747743820055	0.7733163373532506	-16.459397466205488	30	1399.0	1398.5598620196006	0.8687942510443379	0.8608699423498366	1.0	0.9989407620688602	False
26	2050-10-01	FGA	north	0.001009810356860027	1.7923124415704541e-06	0.02295669296678706	0.043987623057074696	0.9985116301189185	0.9969797978991585	26	1167.0	1166.7371061407273	0.9881822010800303	0.9804680465081402	1.0	0.9964232659516066	True
26	2051-04-01	FGA	north	0.2031816540522107	0.04373717136744439	4.608282572569207	0.044090537169237214	-0.9101959038606523	-75.97988140844342	9	197.0	196.5302823719239	0.8670163972021556	0.8629601945599763	1.0	1.0	False
27	2051-04-01	FGA	north	0.12375342357666202	0.015314909846944728	5.622605912718826	0.02200997642333797			1	11.0	10.958002243576942	0.5238095238095238	0.3748351084875988	0.5238095238095238	0.3748351084875988	False
26	2051-10-01	FGA	north	0.038461756825391345	0.0015505056074090551	1.5501271103239422	0.024812001912122992	0.8461472087030795	-7.6458845813521386	8	104.0	103.97626497626582	0.6034862585385031	0.5569568760857053	0.7222222222222222	0.6038589678565978	False
27	2051-10-01	FGA	north	0.07701932395632397	0.005934626122905383	4.501020084820036	0.017111526388446104	0.9780781579567432	-283.18640140811436	4	46.0	45.861687778375384	0.49255952380952384	0.4222343033197698	0.5238095238095238	0.4513851742976989	False
26	2052-04-01	FGA	north	0.07499680945188317	0.014642506961499581	2.053069544548117	0.036529113030308986	-0.11387008090104311	-38.63048533072432	21	758.0	757.876444173766	0.46604477170368075	0.44288802804392047	0.7222222222222222	0.5794999131033819	False
27	2052-04-01	FGA	north	0.1518100252433646	0.023904685119541753	3.2230231476369036	0.04710174835531993	-0.985821296763505	-51.45235433331604	15	980.0	979.9274184506127	0.5645863921466284	0.5620567316352807	0.6571428571428571	0.5935290002031162	False
28	2052-04-01	FGA	north	0.1372958270054291	0.019032167888295416	11.392260324826585	0.012051675707078704	-1.0	-245.0053824656469	2	21.0	20.823006894318993	0.07657872430599703	0.05621735063086675	0.08264462809917356	0.06521375938043796	False
26	2052-10-01	FGA	north	0.00629155519573101	5.947713127094256e-05	0.18207397918146026	0.03455493873432986	0.980397284264735	0.8937680027613055	22	813.0	812.8205171469219	0.4220107693383898	0.4068935813858479	0.6842105263157895	0.5576219365632633	True
27	2052-10-01	FGA	north	0.0110544921640546	0.0003672890365787387	0.2376955876643977	0.04650693045115517	0.7958809185754346	0.6136161076696705	23	1179.0	1178.883245414415	0.5502078766442081	0.5298697194142615	0.6571428571428571	0.5587499081229274	True
28	2052-10-01	FGA	north	0.0022052861563843177	4.863287031540317e-06	0.15260320642770325	0.014451112843615681			1	11.0	10.948582502139317	0.07051282051282051	0.08718473992375074	0.07051282051282051	0.08718473992375074	True
26	2053-04-01	FGA	north	0.021715696695763502	0.0004776339762157408	0.5394795030807877	0.04025305238058609	-1.0	-169.8398258772848	2	39.0	38.97298143083603	0.3558201058201058	0.34607985509776495	0.42592592592592593	0.3515466725112248	False
27	2053-04-01	FGA	north	0.2444647482358747	0.05978945381592965	5.428643313809106	0.04503238361857699	0.8979498090821918	-28101.182134523406	6	107.0	106.98071539174379	0.5094177013414762	0.4589043100565063	0.5789473684210527	0.49357702631681377	False
28	2053-04-01	FGA	north	0.00544416512202631	3.0301370039076627e-05	0.8699435748273945	0.006258066936245247	-0.0	-44.74232465391085	2	22.0	22.007343658715378	1.0	0.9764672829774235	1.0	0.9797933405507104	False
28	2054-04-01	FGA	north	0.06871617744437673	0.009741258129678151	1.5922256810569828	0.043157310086067824	0.6617588479514471	-25.995489218907093	17	1490.0	1489.862100557252	0.9853905956762238	0.9834634709757071	1.0	0.9989284795023685	False
28	2054-10-01	FGA	north	0.002285583256786958	6.9134198083197e-06	0.047516475020339066	0.04810085882441051	0.9980232644850531	0.9935271768798173	26	1967.0	1966.9046414578045	0.9817751395733093	0.9794841105298369	1.0	1.0	True
2	2025-10-01	FGA	south	0.011000913732395982	0.0001629914895874092	0.22225884524646317	0.04949595468381496	-0.6516438701047913	-0.26723488611053403	10	509.0	509.1310559865159	0.9696473473335177	0.9759930225020123	1.0	1.0	True
2	2026-04-01	FGA	south	0.015827472080167188	0.0002769338425254675	0.2930662100541715	0.05400647204343884	0.9513218145842218	0.6474909213363458	30	1497.0	1496.9251862030121	0.9132579049994096	0.905215234837103	1.0	0.9845914245672471	False
3	2026-04-01	FGA	south	0.0029400594647184426	8.643949656080495e-06	0.13871284535939302	0.02119529346471844			1	11.0	10.858748093203111	0.12359550561797752	0.026777710938487742	0.12359550561797752	0.026777710938487742	False
2	2026-10-01	FGA	south	0.22437534582058868	0.05069076924553273	3.2660911364399445	0.06869843383034281	0.3635386890834369	-233.17801988519346	20	828.0	827.5928688658681	0.794704841180988	0.7750440182673806	0.991304347826087	0.9733159157364804	False
3	2026-10-01	FGA	south	0.16218262168650785	0.027043946837104663	2.9384254215186982	0.05519371718567737	0.7622497221448851	-21.653509977148083	25	4045.0	4045.362909934832	0.9071703401657285	0.8968581385397286	1.0	0.9970106285403512	False
2	2027-04-01	FGA	south	0.23153840800921208	0.053816547077062175	7.763584598219313	0.02982364719285968	0.7150699712618788	-232.5074594978873	6	79.0	79.21443909602796	0.04428967402960879	0.0442938923247034	0.06766917293233082	0.06585084377718674	False
3	2027-04-01	FGA	south	0.059253823506164774	0.004504762299162051	1.0034651458742196	0.059049209381899156	0.8068039546640936	-1.9972136131540226	28	4131.0	4130.905550712175	0.9218453121773289	0.9229970588091583	1.0	0.9792066473350556	False
5	2029-04-01	FGA	south	0.1944113341393689	0.037946551886245856	5.423302877735662	0.035847404897389676	0.5503657293126415	-191.35450469829033	23	386.0	385.86202626583554	0.9488332609806759	0.9183834990552822	1.0	0.9979661577619858	False
5	2029-10-01	FGA	south	0.18091237758899045	0.037426759054547024	3.531306387572946	0.0512310056770041	0.6690134498082665	-59.526700508773494	45	4340.0	4339.958610325922	0.9454798309151908	0.9416896079052254	1.0	0.9991615273120668	False
7	2029-10-01	FGA	south	0.18348193662964687	0.03441855214825528	3.8867624673585013	0.0472068818639035	-0.310578686589181	-49.80628848701557	12	236.0	235.98655102214093	0.1152152625017963	0.10971343121860128	0.34285714285714286	0.20410824574770992	False
5	2030-04-01	FGA	south	0.19267596760840291	0.037928410038150555	2.8502726813824295	0.06759913494134599	0.775512618304446	-28.895737770433023	27	4027.0	4026.98549364073	0.9061959967053773	0.9047456823821841	1.0	0.9947596763560672	False
7	2030-04-01	FGA	south	0.2367186046554133	0.05621753931298614	5.8722367401774935	0.04031148864210442	0.8739007745641251	-124.32870344754669	12	236.0	235.87397260523446	0.1152152625017963	0.10134204538674045	0.34285714285714286	0.2199862287831175	False
8	2032-10-01	FGA	south	0.039563255629999995	0.002164742905342464	1.051926033978005	0.03761030181978293	0.9646115195470132	-3.7827432852602083	21	2630.0	2630.2587579548995	0.8833891209668975	0.8831515729783034	1.0	0.9997686025268766	True
9	2032-10-01	FGA	south	0.024309777130321973	0.0008100126104723562	0.3873617790782849	0.06275729419708449	0.9643228487821078	-0.5461592852161636	11	453.0	453.0062814597734	0.17722291013046493	0.1796102824176627	0.3487179487179487	0.31327985727412944	True
8	2033-04-01	FGA	south	0.05428130364997899	0.004123698149010031	0.9367138558577136	0.057948650284750665	-0.1756927246966828	-2.6512974078170144	27	2859.0	2859.11761584298	0.7994961457069674	0.7974248053707625	1.0	0.9850286483403013	False
9	2033-04-01	FGA	south	0.0726244701728748	0.006146686774632874	1.083082594882096	0.06705349205688295	0.9292882585279484	-4.607588059883573	19	688.0	687.8258746108814	0.3241729950625995	0.32918516861084707	0.6363636363636364	0.6780739404272133	False
8	2033-10-01	FGA	south	0.26101191129757945	0.06813787303784867	5.1891215526070855	0.050299826020927085	-0.8275762590420459	-9243.218373948794	3	58.0	57.97118626087611	0.44632102644671373	0.43908335717277963	0.5	0.46384913858651894	False
9	2033-10-01	FGA	south	0.2987584815983205	0.08928310345924062	7.843908962251984	0.03808795882716964	-0.6324630632638543	-3928.944694598243	5	103.0	102.81894393910379	0.5812192418394816	0.5796637141988409	0.6363636363636364	0.6397182881191168	False
10	2033-10-01	FGA	south	0.1443271331138558	0.020868771555015042	4.009460488096186	0.03599664681628693	0.11666578232847946	-559.3830482333366	8	124.0	124.04306977098693	0.7157601033834586	0.7208193947889194	0.7894736842105263	0.7555260588525345	False
10	2034-04-01	FGA	south	0.05832105259552545	0.0034542407625458614	1.687485351524957	0.034560923769099104	0.9903254712605296	-9.93580379663643	17	276.0	276.1382849262682	0.7035445215318707	0.6957237951422359	0.8636363636363636	0.709446316602962	True
11	2034-04-01	FGA	south	0.00926245036460296	8.784966896636724e-05	1.2336850012260248	0.007507954101247906	1.0	-11.755968000827592	2	23.0	22.97512934101176	0.371875	0.30852907412628106	0.4	0.31008350421789505	True
10	2034-10-01	FGA	south	0.05531206886080012	0.006095905329085007	2.1187910949150037	0.026105484865188648	0.6815112481384218	-22.410017745423414	17	285.0	284.83456829582957	0.28676448071429694	0.2764125218263625	0.8636363636363636	0.6727558753485409	False
11	2034-10-01	FGA	south	0.1391937730811114	0.023827874572440927	2.4268100806338695	0.057356681592798865	0.861927372951547	-13.309956775951873	25	5053.0	5052.886501657041	0.8585502686699178	0.8529279898342021	0.976545842217484	0.9632373167341285	False
10	2035-04-01	FGA	south	0.1274451953934925	0.016550674811612806	5.260728231007658	0.024225770615236897	-0.20448218890749553	-69.69326855265128	11	195.0	195.0216992697158	0.07549775505297343	0.06675763325637958	0.2857142857142857	0.2062847291620521	False
11	2035-04-01	FGA	south	0.21659244136082323	0.049385578574157325	3.246316843797697	0.06671943983984109	-0.10718289546987286	-20.571227800705046	27	5100.0	5099.951675290938	0.9053721101628481	0.9000473148553811	1.0	0.966341717851353	False
12	2036-10-01	FGA	south	0.020949173854863855	0.00046625850928638655	0.6036886277067204	0.03470195212131978	-1.0	-0.0903999280346981	2	31.0	30.56084600683078	0.06125874691582737	0.02435731603998388	0.0845771144278607	0.02971754443069065	True
13	2036-10-01	FGA	south	0.02651652978731877	0.0010460579407371884	0.5185959973293	0.051131381506751596	0.4354493842482581	-0.07801686953832476	19	3417.0	3417.0048658195146	0.9499460527700819	0.9511953730742955	0.9921259842519685	0.9984939570857863	True
12	2037-04-01	FGA	south	0.24742377456723152	0.06125241323701959	32.30175801011475	0.007659761877039476	1.0	-1084.647092132051	2	31.0	30.8979169640775	0.06125874691582737	0.022660867741965046	0.0845771144278607	0.03340026499008389	False
13	2037-04-01	FGA	south	0.19819291168077818	0.04085384156702459	3.211293885161115	0.061717463043976295	0.5438611308716849	-21.66699549749682	26	3652.0	3651.9830875533735	0.9609495880133019	0.9603846403468873	1.0	0.9869375265706305	False
13	2037-10-01	FGA	south	0.30887071990186055	0.09544725976925603	4.966617363983541	0.062189352886675105	-0.9953611592127842	-12713.368909244904	4	71.0	70.75939143372119	0.9910714285714286	0.9972694374010416	1.0	0.9982879806973393	False
14	2037-10-01	FGA	south	0.009830125819528517	0.0001394851844988308	0.6002614124724861	0.016376408037021863	-0.0	-2.254907362112724	2	29.0	28.230627307618605	1.0	0.9937345870592171	1.0	0.9998301279453219	False
15	2038-10-01	FGA	south	0.0443673175323995	0.0023520463310996676	0.8636917753463376	0.051369387551025776	-0.8885696553775296	-9.00699507013654	11	1401.0	1401.0379283098957	0.9839623499792217	0.9902955622662503	1.0	1.0	False
15	2039-04-01	FGA	south	0.000929479677884056	1.465992854021712e-06	0.017580921566766782	0.05286865505623162	0.9994913571179275	0.9988990747936024	23	2520.0	2519.9784421885347	0.99064927684791	0.9904033949739256	1.0	1.0	True
15	2039-10-01	FGA	south	0.10590037211804124	0.011502586560586104	2.1110850108641857	0.05016395435193312	-0.99194645014936	-166.0838546312409	9	544.0	544.1049433361912	0.9962962962962963	0.9614842967914464	1.0	0.9953181490891455	False
16	2040-10-01	FGA	south	0.005237718465158612	3.453362560948886e-05	0.16139804484848552	0.032452180384685496	0.9543247819134728	0.5025630263184265	8	226.0	226.01505740699014	0.9842537695798566	0.9853537987439518	1.0	0.9941278130904382	True
16	2041-04-01	FGA	south	0.1404074357532112	0.02001107478242951	4.388506301393657	0.03199435664673013	0.6976285877459678	-52.97748699039094	18	492.0	491.8043927895844	0.9827594179129454	0.9790746991919735	1.0	0.9829678520070453	False
16	2041-10-01	FGA	south	0.11815364071589349	0.024528121656919897	3.457913730760867	0.0341690539196579	-0.5782448269246243	-54.02980697801376	22	840.0	839.8787366450159	0.9602011935812894	0.9642453717368031	1.0	0.9910319524967154	False
16	2042-04-01	FGA	south	0.01566636235806881	0.00036537945365501214	0.45383718860902766	0.03451978540164343	0.9397329048873362	0.41748541252607996	24	976.0	975.9860325954646	0.8967919714656468	0.9002919181070062	1.0	0.964328000589983	True
17	2042-04-01	FGA	south	0.04191050044463228	0.0017564900475195225	2.6773948954024402	0.015653462444632282			1	12.0	11.93370120075733	0.1411764705882353	0.10603717932785801	0.1411764705882353	0.10603717932785801	True
16	2042-10-01	FGA	south	0.2943496441229867	0.08687574697036718	8.003124994771916	0.03677933861026439	-0.8215295580165339	-1545.3583597515396	8	220.0	219.90571072882744	0.816646833818417	0.8100140548336415	0.9032258064516129	0.8924084246353181	False
17	2042-10-01	FGA	south	0.1360864924139364	0.019344236748596845	2.442896886106874	0.055707014564503714	-0.9234117077864133	-47.01078209279132	16	1410.0	1410.0272758896065	0.8192392096300736	0.8092414353081241	0.9375	0.8970440881627275	False
18	2042-10-01	FGA	south	0.17793792349496607	0.03197578223921684	3.201768596239288	0.05557488561289757	-0.9862646575926255	-159.85402496945835	8	339.0	338.9461329811116	0.22185595326187807	0.22120831791350284	0.38073394495412843	0.3397232514316285	False
17	2043-04-01	FGA	south	0.002486812695463707	9.6015660465593e-06	0.04718959514642617	0.05269832656430497	0.9990698271884535	0.991192178069776	25	1813.0	1812.9853214160087	0.6681899321673153	0.63844813401218	0.9375	0.881861615324747	True
18	2043-04-01	FGA	south	0.002932983732639164	1.1401338195652648e-05	0.045786226207693057	0.06405821085438923	0.9959102776868031	0.9885048604376783	21	915.0	914.7353083095826	0.5007046222183593	0.5004090102220878	0.9375	0.8325268977163365	True
17	2043-10-01	FGA	south	0.2832729895671731	0.0803054421816731	5.326109395356602	0.05318572498982758	-0.8762685496448586	-1669.036617167854	7	225.0	224.84609322197895	0.36090913156056953	0.34472198546988525	0.4676258992805755	0.4558027569365363	False
18	2043-10-01	FGA	south	0.06185994307581436	0.0061350205122886374	1.28955798584558	0.04796988096293475	0.6718050754812843	-10.987882472550439	24	711.0	710.627111405924	0.5744147604874063	0.5578101101795013	0.9375	0.8425076466976841	False
19	2043-10-01	FGA	south	0.04026276343665462	0.0017911512854108993	0.8619696472103013	0.04671018703148303	-0.7614277476004586	-19.258807200248185	10	576.0	576.0357604085638	0.6714782103027961	0.6204804621637178	0.8596491228070176	0.8764148506610786	False
18	2044-04-01	FGA	south	0.2281798684118971	0.0520892242302734	7.357592659815714	0.031012843325524946	0.9570006333957767	-192.3830802280006	16	325.0	324.7242143040495	0.39425838908807354	0.39779563633331616	0.8333333333333334	0.7372271969907436	False
19	2044-04-01	FGA	south	0.23873305970937736	0.05704399164773507	5.104178547635801	0.04677208241862069	0.9731050106291464	-66.91715018433368	23	1379.0	1378.9265370392973	0.8407058525040444	0.8169390451414538	1.0	0.9990428318856365	False
19	2044-10-01	FGA	south	0.190814678639073	0.044176623898291495	5.09380484199031	0.03746014709203419	-0.4216803862096583	-108.89654092359724	17	557.0	556.9213956312011	0.8667717314365961	0.8506553960777281	1.0	0.98844498217562	False
20	2044-10-01	FGA	south	0.11304020010347769	0.012778086839434278	4.55604806380505	0.024811020103477688			1	11.0	11.000011424657714	0.4782608695652174	0.4081980791581769	0.4782608695652174	0.4081980791581769	False
19	2045-04-01	FGA	south	0.0013142797863487613	2.3015356656937975e-06	0.06584261575020042	0.01996092912430747	0.9900862883043972	0.9797096365522188	8	102.0	101.5053866564796	0.6374801888138559	0.5945988196496625	0.8666666666666667	0.7660684355276561	True
20	2045-04-01	FGA	south	0.0020178481063839755	5.394092483798336e-06	0.08860443257515882	0.02277366998171715	0.9913147324448822	0.9553208041316981	9	148.0	147.92560102970964	0.6291295161438263	0.612886203382145	0.7916666666666666	0.7434167496906622	True
20	2045-10-01	FGA	south	0.15601660144847362	0.02502248006993782	3.9297693931891566	0.03970121038625634	0.0940106784182819	-54.28242891352833	21	1599.0	1598.8633873086583	0.7963844491806736	0.801091550268279	0.9375	0.9381812620792229	False
21	2045-10-01	FGA	south	0.15726576596955497	0.025287100020023302	3.18240993465837	0.04941719300736074	-0.9842213100195341	-71.19443786361985	10	325.0	324.92841413708356	0.2045287710016103	0.20484297634740428	0.3464566929133858	0.29854990894911776	False
20	2046-04-01	FGA	south	0.05398715813326203	0.0064850952044760565	1.1088121141728773	0.04868918497840724	-0.47550156391832177	-5.613101891191737	23	1787.0	1787.0048700088964	0.7827365884810105	0.7783867292447775	1.0	0.9428654530625	True
21	2046-04-01	FGA	south	0.018455471115312882	0.0007921918893989532	0.3733271387289316	0.04943511789190654	0.4531738029702889	-0.008628120461234845	17	481.0	480.8049580038253	0.2894667505142449	0.2810131064332015	0.6470588235294118	0.49865067664129786	True
20	2046-10-01	FGA	south	0.19940545916836466	0.03999304789802544	3.506564013064776	0.05686633936395248	-0.9540610449195456	-717.0417625594757	4	122.0	121.96440928200704	0.5945244392202959	0.5910425602908527	0.6829268292682927	0.6805935754328106	False
21	2046-10-01	FGA	south	0.17180562675969308	0.030026770010158597	3.792549285030178	0.045300829032819276	-0.8689306834155446	-207.4044394649928	5	89.0	88.62628110974565	0.4482366577740901	0.4213022660015556	0.6470588235294118	0.5182472835966653	False
22	2046-10-01	FGA	south	0.0264292662799078	0.0008643277397876247	0.6495114895730637	0.040690991159032866		-0.9759617486600727	19	2006.0	2005.9911348752112	0.9669523954541079	0.9743193330317373	1.0	0.9964330149634137	False
22	2047-04-01	FGA	south	0.0012549444669538448	2.1744222797830645e-06	0.02431423197137544	0.051613576296847895	0.9992239537430199	0.9981190664795937	27	2414.0	2413.9741950879284	0.9729156937085941	0.9806817954335285	1.0	0.997967517739387	True
22	2047-10-01	FGA	south	0.08352396151486123	0.007100992822521051	1.624389369243515	0.051418682673205804	-0.9831243607690529	-188.50945740623186	6	201.0	201.02704450113578	0.9844720496894409	0.9818041948634119	1.0	0.9888072619888575	False
24	2048-10-01	FGA	south	0.19952119494194212	0.041014145868468785	4.6306719221830805	0.04308687773498754	-0.5744550661130956	-50.95300210921293	20	2867.0	2867.01520200279	0.9242634554691023	0.9181478268698837	1.0	0.9445931915494599	False
25	2048-10-01	FGA	south	0.10704808976343376	0.012009689475654041	2.7301441387522143	0.03920968429614088	-0.9808184323746075	-32.7790450523903	8	158.0	158.07904006817859	0.08959338148209176	0.08760716576796243	0.14912280701754385	0.13099099411282236	False
24	2049-04-01	FGA	south	0.2320058035474582	0.0544140655265184	4.637077322824101	0.05003276576940076	0.9288656126200705	-39.14293658364614	26	3117.0	3116.983842258018	0.8793216816425417	0.8849172551706859	1.0	0.9697283668171138	False
25	2049-04-01	FGA	south	0.21113087720646048	0.04556880428264714	2.4934216835922722	0.08467515887737218	0.9917041324019726	-25.807439507315774	12	224.0	224.01829781523165	0.14508429328204428	0.14384346445116966	0.37777777777777777	0.23625868867383706	False
24	2049-10-01	FGA	south	0.28675168350486047	0.08226520237871515	5.435916748568893	0.052751301531678764	-0.8941080322496522	-2764.7415654617957	4	106.0	105.71294278613328	0.7115614509129616	0.7192100613845808	0.8260869565217391	0.790613893202289	False
25	2049-10-01	FGA	south	0.30052189048177397	0.09049916317070303	5.795553460096964	0.05185387255089629	1.0	-417.28125444543167	2	31.0	30.906475892699	0.30753295668549907	0.3025304704856036	0.37777777777777777	0.30798949892173383	False
26	2049-10-01	FGA	south	0.16205152745712215	0.026485399701267197	3.826278573018717	0.04235225542641885	-0.5549298251611484	-221.02194859877298	11	483.0	482.83052633692046	0.9659423033983013	0.9474377861885525	1.0	0.9968651350955093	False
26	2050-04-01	FGA	south	0.021911689373408653	0.0006711477171351605	0.6424102780612047	0.034108559781356816	0.7866692813892131	-0.1818591569527932	22	889.0	888.9025408684513	0.9738484989827207	0.9725873897449543	1.0	0.9954544213651367	True
26	2050-10-01	FGA	south	0.1980054110551264	0.03942511772791962	6.041048738751721	0.03277666173837902	0.5986303185510593	-115.79295625962651	17	415.0	415.0659483007714	0.8120988868976036	0.8181611135306337	1.0	0.9903217582503075	False
27	2050-10-01	FGA	south	0.13940679068010914	0.019533020284588986	5.084271836678622	0.02741922445499664	-0.9939391885918776	-562.6778092770644	4	47.0	46.86323191768473	0.4323489010989011	0.37981571998085445	0.5416666666666666	0.44746871736331206	False
26	2051-04-01	FGA	south	0.001549996591933714	4.106168199891656e-06	0.061990134267904694	0.0250039237733386	0.9921236603044308	0.9760630829414465	13	208.0	207.89303474921743	0.6212330731109011	0.6093052188153115	0.8461538461538461	0.8072456325027021	True
27	2051-04-01	FGA	south	0.0015704861967622905	3.08614585216069e-06	0.05807418820661152	0.027042757639158817	0.9920925291527399	0.9802855584113301	11	143.0	142.85482480166044	0.5097394272394273	0.48223193189711694	0.6875	0.6247095553443995	True
26	2051-10-01	FGA	south	0.07156776548787602	0.014445927050847835	0.9434035916162006	0.07586123915986905	-0.6074458400571383	-14.557091908051964	17	835.0	834.9941323135072	0.4186203870306621	0.4114947301031528	0.5357142857142857	0.5176889851106103	False
27	2051-10-01	FGA	south	0.1300750572879215	0.01784460905059441	2.1047240005736945	0.06180147955383524	-0.0027208685537285227	-28.182418193126033	21	1234.0	1234.00076733382	0.6056224388078552	0.6097110394197636	0.8666666666666667	0.7786945483930113	False
26	2052-04-01	FGA	south	0.21572943999907274	0.04680656693089969	4.850113561441279	0.0444792554372615	0.9313042596867582	-40.991827255291795	21	1012.0	1011.9834823707426	0.39856716327447567	0.3964073451812619	0.4876543209876543	0.43524796859215675	False
27	2052-04-01	FGA	south	0.19059001477300672	0.037217082492593596	3.703632347528068	0.051460295431379165	0.8903382558202972	-31.608074948638453	24	1513.0	1512.9247926132596	0.6142549852676659	0.6053429772022467	0.8666666666666667	0.6561785829968659	False
26	2052-10-01	FGA	south	0.061778866999813074	0.0038650906073875676	1.4089106239964382	0.043848677089661336	-0.9696206244552473	-605.7160031600479	5	107.0	106.82800458992318	0.3865678465232844	0.39498649773853883	0.45652173913043476	0.41604357046245244	False
27	2052-10-01	FGA	south	0.2503795469920559	0.06289809926207265	4.917210731439883	0.050919019067287054	-0.8842838056811444	-1332.5194216844088	6	178.0	177.85489832765634	0.6164566191253331	0.5987465398584942	0.7049180327868853	0.616750719980512	False
28	2053-10-01	FGA	south	0.1003124601240797	0.012000494657649878	2.5969721402240364	0.03862669859655326	0.9361085747945608	-92.86346762069586	12	646.0	645.8470443385821	0.9846165659178897	0.9794244442454166	1.0	0.9871261070367526	False
28	2054-04-01	FGA	south	0.05747724610164297	0.004079519173899681	1.4787723226125427	0.038868218739784154	-0.06737928594096312	-4.458106064311193	25	1295.0	1294.7112861162498	0.9835507144735955	0.9875123884037309	1.0	0.9888400243939642	False
28	2054-10-01	FGA	south	0.1624550135108006	0.0388774124949813	4.422574475271519	0.036733132346138016	-0.5659676261184328	-83.18023261734983	23	769.0	768.9634850868119	0.8230582677509983	0.8271578094173411	1.0	0.9907626130442077	False
29	2054-10-01	FGA	south	0.08733674960446802	0.007807175379757786	2.635524776423451	0.033138276819005545	-0.9805421360862245	-141.57156895452886	6	130.0	129.9905822725255	0.4140945623484518	0.4012222457694357	0.48148148148148145	0.4851651191307189	False
0	2025-04-01	FGA	tropics	0.34750325815208377	0.12178901196395221	14.632476941046813	0.023748765130616585	-0.7640881948429026	-3674.21948396962	4	49.0	48.13128954968529	0.41387389022782517	0.38383332991939706	0.5172413793103449	0.5691970881366526	False
1	2025-04-01	FGA	tropics	0.42216019121662945	0.18054895662601164	23.067315094541545	0.018301227927325008	-0.8807653733931791	-4002.478262206236	11	192.0	191.93670918792594	0.686806031026059	0.6776351272955417	0.8529411764705882	0.8235228698759803	False
0	2025-10-01	FGA	tropics	0.21335218056476304	0.045570034888914625	20.25219393771266	0.010534768787072935	0.9541958926446117	-835.4289822667821	5	61.0	60.556748006007396	0.3869130656706322	0.3454224286519624	0.5172413793103449	0.45560873681172487	False
1	2025-10-01	FGA	tropics	0.18168988552146734	0.03783501860963747	18.953244770448407	0.00958621532734887	0.6707071023786468	-3656.33582027009	37	854.0	853.8658860737049	0.7609589342857639	0.7557798200026167	0.96	0.8294089896519462	False
0	2026-04-01	FGA	tropics	0.22086621824568703	0.0506243624924579	222.6491337897479	0.0009919922637303205	-1.0	-116520.35489303779	2	23.0	22.510361853357118	0.21924502864846646	0.11712526733512973	0.27906976744186046	0.14335715265831372	False
1	2026-04-01	FGA	tropics	0.15293442230337034	0.028121973166200274	2.9489318481710125	0.051860955144902174	0.6178845514027674	-208.3528771629431	47	1338.0	1338.0870966340087	0.5878628623718201	0.5778583628014061	0.96	0.8057976890221556	False
2	2026-04-01	FGA	tropics	0.11625177215508473	0.013832327044929912	4.511152185146796	0.025769862639050345	0.8700301338892169	-103.23523035815113	25	1978.0	1978.0090074007355	0.5868278796163612	0.5783297952069428	0.815028901734104	0.8025556954939391	False
3	2026-04-01	FGA	tropics	0.007523549044011613	6.988233354472514e-05	0.26542297932367553	0.02834550747332568	0.9685970690312213	-0.2298595460716122	8	182.0	182.014072259083	0.14121869805848264	0.13757968430180295	0.24161073825503357	0.20034947270657721	False
0	2026-10-01	FGA	tropics	0.18384356509082972	0.03379845642530614	74.26657254735692	0.002475455090829724			1	11.0	10.720974497689161	0.15942028985507245	0.06699515387720058	0.15942028985507245	0.06699515387720058	False
1	2026-10-01	FGA	tropics	0.2127893660963104	0.04532656923822119	8.89168018940013	0.02393128875125074	0.5621403879391779	-668.5107018791546	21	657.0	657.0896144168526	0.3376572939287338	0.3284703918673103	0.6938775510204082	0.6733373773567578	False
2	2026-10-01	FGA	tropics	0.21956268024540823	0.04851456014362027	2.8380539720764353	0.07736381422118173	0.7175074266917074	-77.78456570602492	36	2504.0	2503.9375884279125	0.5592912632538414	0.5568656899555413	0.815028901734104	0.732601322334846	False
3	2026-10-01	FGA	tropics	0.2023963743622281	0.04499401269188912	4.213872346380195	0.048030969551341736	0.5832356050431694	-226.56292777071693	34	1055.0	1054.9971675863435	0.578109130489318	0.5827699143707924	1.0	0.9742536523057465	False
2	2027-04-01	FGA	tropics	0.21660640171884576	0.04694161298246891	7.7103139317044365	0.028093071648894963	-0.7321782104348451	-11790.991689670032	10	387.0	386.8784080293222	0.44758451275674166	0.41636822248742	0.6039603960396039	0.587335551292252	False
3	2027-04-01	FGA	tropics	0.23022596067022547	0.053275230811794645	16.444997629608917	0.013999756391311837	0.5885208950074747	-3162.655661640285	33	902.0	902.194714462811	0.8082328114334134	0.8043044278269909	1.0	0.9987206587132914	False
3	2027-10-01	FGA	tropics	0.2743298865936154	0.07532244638733711	18.396224419061507	0.014912292889260723	0.655863692901981	-15069.670727904177	6	71.0	71.06415744936513	0.9848484848484849	0.9673199153964694	1.0	0.9777554215455266	False
4	2027-10-01	FGA	tropics	0.019491148065319666	0.0004341885717720339	0.5523820487921838	0.03528562904594423		-6.998504539257562	9	173.0	172.91562330828356	0.8470687645687646	0.8484534069671673	0.9230769230769231	0.9272602567074646	False
4	2028-04-01	FGA	tropics	0.002142792013172816	8.145968024064708e-06	0.07330901791109427	0.02922958285666155	0.9785077203972468	0.9421622107009451	35	1881.0	1880.9990990827155	0.9341433509932668	0.93669011913719	1.0	0.9994270308328443	True
4	2028-10-01	FGA	tropics	0.21617972031317395	0.047115857601578694	10.598865476467259	0.020396496284735326	-0.5189711177656973	-349.3689316693707	37	1940.0	1939.9693868737131	0.969908647530965	0.9614334236036488	1.0	0.9931829273608981	False
4	2029-04-01	FGA	tropics	0.26055052471192053	0.0679454200166183	12.332636241280747	0.02112691233361654	-0.8046760250894212	-11733.494109045745	11	219.0	218.99856322642898	0.9579683784229239	0.9602141426146513	1.0	0.9860985238939808	False
5	2029-04-01	FGA	tropics	0.14631905057671074	0.023374275006350677	4.564367187470076	0.03205680975412761	0.1928952556053562	-302.9973899203395	13	343.0	342.96923002581	0.9632844117825344	0.9659899535639926	1.0	0.9830709623540913	False
5	2029-10-01	FGA	tropics	0.16788927598612324	0.033172585349163564	5.103262505868498	0.03289842052864397	0.761885230352776	-277.2438000311772	39	1709.0	1708.9894079953112	0.8948198755442965	0.8916879181326627	1.0	0.9756475863634583	False
7	2029-10-01	FGA	tropics	0.20909046064599832	0.04379747211001278	23.230213636127093	0.009000798009056002	-0.9366492146371435	-3423.6124217309307	3	35.0	34.70773599282182	0.21363871635610765	0.15700333932062924	0.2391304347826087	0.20893248421049765	False
5	2030-04-01	FGA	tropics	0.10536448972272729	0.018923357095520576	5.724196373999427	0.018406861476890666	-0.938911780131283	-231.32426209936645	35	1479.0	1479.0001542568375	0.7691658749640824	0.7605760496748281	0.9649122807017544	0.9453342513418589	False
7	2030-04-01	FGA	tropics	0.0027356313587523474	2.336943147729757e-05	0.16812198085968633	0.016271705488858652		-0.07750764593715842	20	257.0	256.7730662898242	0.5428000282818017	0.5171081868392928	0.8666666666666667	0.800810380310165	False
5	2030-10-01	FGA	tropics	0.2582652102831836	0.06671347938063389	12.86653246385353	0.02007263503268954	-0.28198487501683106	-24628.652907947948	7	112.0	111.94370354220702	0.5201197787404684	0.49672494540259343	0.6486486486486487	0.6195771899738257	False
7	2030-10-01	FGA	tropics	0.25632989999352296	0.06923861759166272	17.74860824990044	0.014442253521199941	0.19126025184738607	-3137.3849458525947	20	255.0	254.71843636317078	0.6214593490335136	0.592547927575288	0.9166666666666666	0.7740609881742891	False
7	2031-04-01	FGA	tropics	0.2576887154773445	0.06654530517172474	24.404241544310743	0.010559177387646303	-0.7953187212501861	-5781.876853734355	5	52.0	52.00242127349407	0.784895104895105	0.6692919119732685	0.9090909090909091	0.7745626546401864	False
8	2031-10-01	FGA	tropics	0.014808062040162384	0.0010003871999994976	1.3436781379418974	0.011020542510905023	0.5555261882058882	-265.04684063297674	19	325.0	324.8162572549859	0.6819542506319967	0.6670477648283967	0.8214285714285714	0.7812037427693463	False
7	2032-04-01	FGA	tropics	0.0013739958452391719	1.8878645827345063e-06	3.144077224186958	0.0004370108452391719			1	12.0	11.7659208200452	0.1791044776119403	0.12830784745142465	0.1791044776119403	0.12830784745142465	True
8	2032-04-01	FGA	tropics	0.001035432593229503	1.896787762077552e-06	0.09570522496742498	0.010818976639801343	0.9696742123089066	0.9231141370072488	44	1450.0	1449.9924483615591	0.7738712743099035	0.772085870292631	0.9649122807017544	0.8697318170053739	True
7	2032-10-01	FGA	tropics	0.01085128353853273	0.00011775035443363141	12.255984325801435	0.0008853865385327302			1	12.0	11.807746583771669	0.1791044776119403	0.1166581415448231	0.1791044776119403	0.1166581415448231	True
8	2032-10-01	FGA	tropics	0.010279303812411664	0.0001192810039615203	0.7333906816479869	0.01401613637810785	0.8693429559606758	-1.551400791026135	42	1489.0	1488.804896405444	0.8619970831794183	0.8601929108422117	1.0	0.8849689629781403	True
8	2033-04-01	FGA	tropics	0.0040955592127054135	2.0197489843389246e-05	0.30554634071823966	0.013404052567208271	-0.5026227585704423	-5.0885309136685635	16	326.0	325.7465269212744	0.8751298374407558	0.8891842172982796	1.0	0.9068654608735903	True
9	2033-04-01	FGA	tropics	0.0014144344002825922	2.5485767373861113e-06	0.0777755775310333	0.01818609961100215	0.4861275213883529	0.002320454885703538	10	158.0	157.91619533971212	0.76948926369979	0.7514994404551335	0.9285714285714286	0.8511061057121861	True
9	2033-10-01	FGA	tropics	0.17585700736020038	0.034151946116642476	2.8944452983528706	0.060756721662791335	0.9419251295559024	-121.31943705494979	35	951.0	950.8068348865781	0.5269986131823994	0.5185503241103545	0.9285714285714286	0.7621070311207142	False
10	2033-10-01	FGA	tropics	0.1770765817413383	0.03142382097538084	6.348617303959014	0.027892149307993868	0.638146045480124	-338.5460691339405	23	1351.0	1350.998754255851	0.58077066761196	0.5778485524693253	0.8586956521739131	0.9093841968403557	False
9	2034-04-01	FGA	tropics	0.16884454730925133	0.029246242576285927	6.380198802855371	0.02646383796594038	-0.6270481519884398	-275.3827268803717	23	722.0	721.9565654271946	0.37643083217160617	0.37622056828701783	0.7272727272727273	0.6904958952743894	False
10	2034-04-01	FGA	tropics	0.20881116581192924	0.04470610073944731	6.358933195739426	0.032837452350000414	-0.7792472242232318	-154.9435025814001	42	2129.0	2128.8314198319545	0.6841112286528718	0.6800770928284453	0.9574468085106383	0.8872873655641691	False
11	2034-04-01	FGA	tropics	0.010911354562417883	0.00014173587758277867	0.5101749024355692	0.021387478118439773	0.9578847684051472	-6.287150608153186	8	118.0	117.7820936772915	0.6360188014599779	0.5893651840414151	0.7727272727272727	0.8274481769891834	False
10	2034-10-01	FGA	tropics	0.0876332077153891	0.007706736617401089	4.515546630768924	0.019406998727076945	-0.5510243419136271	-1494.2149125527558	16	540.0	539.8207993592791	0.8036154581461961	0.7550272155076303	0.9574468085106383	0.9062565684634207	False
11	2034-10-01	FGA	tropics	0.17514897095175783	0.03707236944751178	9.851906204593046	0.017778180924022786	0.8883801155914217	-518.6124239948804	35	1507.0	1506.8273072781506	0.8965798410428177	0.8574437498683587	1.0	0.9998322011302245	False
11	2035-04-01	FGA	tropics	0.21479199272424757	0.04638988289298904	12.551251015936622	0.017113193931945197	-0.44518031068065383	-497.12312997033973	41	1825.0	1824.9442590086633	0.9861328726005499	0.9778069876040545	1.0	1.0	False
11	2035-10-01	FGA	tropics	0.13121670539435434	0.01725044965820954	7.608727302503629	0.017245552400225708	-0.5567500233328645	-1782.831487775386	15	415.0	414.96234819964087	0.9853042328042328	0.9907524892874956	1.0	0.9996185177680447	False
12	2035-10-01	FGA	tropics	0.10694440113421526	0.017056224529525585	3.1210141366768425	0.03426591372254606	0.8589933105851048	-189.06107954617318	18	1682.0	1681.8718465598167	0.9513617543565646	0.9236630270200327	1.0	0.9846788228120008	False
12	2036-04-01	FGA	tropics	0.0011303907170020961	2.180885055277794e-06	0.03390364240427042	0.03334127653669786	0.9983222137114096	0.9961416558259197	37	3345.0	3344.8198332026964	0.9192422546883899	0.8969508821540917	1.0	0.9913666643722365	True
13	2036-04-01	FGA	tropics	0.0012251612794942682	1.9815317824846e-06	0.11015396945749684	0.011122261735352166	1.0	0.9085261808671374	2	25.0	24.70735144648122	0.17584745762711865	0.11998696954049057	0.25	0.154313531756013	True
12	2036-10-01	FGA	tropics	0.12045689212580021	0.014863537266015121	4.270154267293127	0.02820902585380328	-0.8845332575249408	-399.7616173809065	17	1258.0	1257.9459096267997	0.8785433760492833	0.861616948929228	0.9668508287292817	0.9756852398800294	False
13	2036-10-01	FGA	tropics	0.2188926455509913	0.04868608259608595	8.456398788743172	0.02588485370893017	-1.0	-145.63569925022063	2	25.0	24.88861266004553	0.17584745762711865	0.12403199395535175	0.25	0.18415340919156187	False
14	2037-10-01	FGA	tropics	0.08589685173746339	0.009638925346149144	2.9308664986946424	0.029307664397447093	0.9716229019396829	-49.0979018360148	28	2385.0	2384.9860121155057	0.981509926538763	0.9843045534244614	1.0	0.9926838519658824	False
14	2038-04-01	FGA	tropics	0.20882407032742745	0.04373258313059861	8.051722977635256	0.02593532724703326	0.821285992178447	-139.86762927576405	36	2772.0	2771.950875589546	0.9735579137949093	0.9663894320741334	1.0	0.996976820701904	False
14	2038-10-01	FGA	tropics	0.2876053216250363	0.08273820121373546	11.883959149789233	0.024201136843367315	-0.4513351747474124	-26281.21718096413	9	253.0	252.93385416786364	0.935668675689058	0.9243966506322473	0.96875	0.9670650803421341	False
15	2039-10-01	FGA	tropics	0.00202559151911964	5.788658008889585e-06	0.19806637598493562	0.010226831833757086	0.8643085847509441	0.6536006494813198	21	276.0	275.76249785448766	0.8996938248983805	0.8863452319948161	1.0	1.0	True
15	2040-04-01	FGA	tropics	0.21514264924928478	0.05372701363393563	44.0609133967197	0.004882845875485232	0.5525803743893366	-12653.112572303979	30	397.0	396.99300092772785	0.7274506670503701	0.704013179051754	1.0	0.9552145860406811	False
16	2040-04-01	FGA	tropics	0.08641009653122551	0.0075074504998054025	9.899923936435362	0.008728359640542749	-0.6423418261851803	-3534.052695182133	15	252.0	251.90004146679127	0.6440495014891565	0.6174250780195083	0.8181818181818182	0.7334858944913913	False
15	2040-10-01	FGA	tropics	0.278349097471891	0.0775056579077747	59.37203231315615	0.004688219126536656	-0.7810949398642015	-30080.22809014747	11	147.0	146.58411995852262	0.5293346834744584	0.5072537443943571	0.6956521739130435	0.6199111383878662	False
16	2040-10-01	FGA	tropics	0.10317685344644567	0.010751250973907387	12.111051665518476	0.008519231549494728	0.8530934680448783	-564.5333566305625	40	755.0	754.8922485587195	0.7718739355799178	0.7634977905148361	1.0	0.9142331035521467	False
16	2041-04-01	FGA	tropics	0.20146887424706214	0.040690109782736864	27.25167226878954	0.007392899498420797	-0.5474671996541204	-5924.536742931755	36	626.0	626.0708426127344	0.8937178224798998	0.890076107996439	1.0	0.9536141377169248	False
16	2041-10-01	FGA	tropics	0.186473671385614	0.037758067270227	24.512792955704104	0.007607198075004413	-0.16708790019697062	-1925.3114033630102	13	174.0	174.13109675701668	0.9343708641785564	0.9184969645059038	1.0	0.9606540249423817	False
16	2042-04-01	FGA	tropics	0.17685210721334432	0.03910930173862382	22.256190637304535	0.007946198435095855	0.14199524724828944	-5803.902752525855	15	184.0	183.23438883579948	0.6267427221644154	0.5753059135458619	1.0	0.9311558530155691	False
17	2042-04-01	FGA	tropics	0.15180089712454692	0.023087379239180247	12.053544570750635	0.01259388026762766	-0.11483314833129515	-10200.555601128139	11	166.0	165.88154616406632	0.5977767330378372	0.5896730849746925	0.7272727272727273	0.6643521020650375	False
16	2042-10-01	FGA	tropics	0.2608278145884704	0.06824234319731214	73.56970987509489	0.0035453152531292886	0.4884062298286816	-19000.50508348167	16	205.0	205.14439007745574	0.47216933432012187	0.41399692437051705	0.6875	0.6662528688922472	False
17	2042-10-01	FGA	tropics	0.15178763323749758	0.023251024659090052	11.549497265511807	0.013142358472238769	-0.8577926808941828	-1010.0648839243328	37	1230.0	1229.877133091359	0.7607279143020645	0.7598520611736722	0.96875	0.8907221198933529	False
16	2043-04-01	FGA	tropics	0.2492928894596598	0.0621600526031748	42.21297147186205	0.005905599174079258	-0.8982265092990878	-109276.26069047036	3	43.0	42.52374120901696	0.310794274168303	0.21551086617885895	0.33962264150943394	0.25646932037091763	False
17	2043-04-01	FGA	tropics	0.024474964882275033	0.0007520629286463711	1.1230357059319689	0.021793576778544273	0.8024957827905338	-9.340203721301732	44	1529.0	1529.0080655668742	0.682369144320669	0.6779832325672053	0.96875	0.9111650520620954	False
18	2043-04-01	FGA	tropics	0.1963559084201621	0.038630431978299164	12.190352784339817	0.016107483671219773	-0.6344115402740018	-2921.9209403213404	22	1037.0	1036.9988032675221	0.6813233895149056	0.6638842167115749	0.9855072463768116	0.9929723837954505	False
17	2043-10-01	FGA	tropics	0.11889444022441317	0.014141994549564503	9.22653245691032	0.012886145556813793	0.8359070444936726	-4782.442363887649	18	433.0	433.0233546530391	0.4493872847876751	0.4327970219922538	0.864406779661017	0.8038622239041555	False
18	2043-10-01	FGA	tropics	0.21141284236261185	0.050726697527607015	7.251904262191912	0.02915273488438354	0.6899433928598896	-280.8748417026898	47	2131.0	2130.7585108950643	0.8237558968793254	0.8185184613725969	1.0	1.0	False
18	2044-04-01	FGA	tropics	0.2228565641394195	0.04991693680120811	10.255706423453363	0.02173000619730863	-0.8517848995949279	-1747.520792344048	23	916.0	915.9441420311252	0.9462046392020625	0.9240266043512689	1.0	0.9916554178416042	False
19	2044-04-01	FGA	tropics	0.014638577144097456	0.00074513793334716	1.1438413721461174	0.012797733584886879	0.0233312533536901	-99.66906439710299	14	265.0	264.9380807619527	0.9202104139146697	0.911368462090533	1.0	0.9943577667484835	False
19	2044-10-01	FGA	tropics	0.1555928059877501	0.02442282090250094	13.098997790806807	0.011878222171848054	-0.736805705213673	-803.6117777317752	40	1089.0	1088.8733507434863	0.9491608762426701	0.9448026925118075	1.0	1.0	False
19	2045-04-01	FGA	tropics	0.0925347318686928	0.00872308051413502	8.703577506831087	0.010631804197304615	-0.5083284705744268	-290.67236408957933	35	970.0	969.7770699301794	0.8845257084014205	0.8774554267059366	1.0	0.9980441151997806	False
20	2045-04-01	FGA	tropics	0.008079195386566282	6.766825650265434e-05	0.6644064502486402	0.01216001949340319		-27.25563977686074	12	185.0	184.37021934719192	0.6557257596550451	0.6225693652919847	0.896551724137931	0.8410565362527411	False
19	2045-10-01	FGA	tropics	0.2642760794485548	0.0698455837589324	21.510242586009618	0.012286057602178855	0.5951245447739635	-59493.50395968437	9	145.0	144.96777621761927	0.6904840805718	0.6701675586434297	0.95	0.8221665308920085	False
20	2045-10-01	FGA	tropics	0.07974915380571283	0.01284078061073655	8.02766302975748	0.009934292646576384	0.8970345546783096	-1083.057155455284	39	817.0	816.8348668932235	0.859653638586945	0.8510481752736007	1.0	0.9915087368987455	False
20	2046-04-01	FGA	tropics	0.0850673009045641	0.012503529471926976	11.285678436883245	0.007537632884041047	0.028751500580042638	-1500.5981034772083	50	1092.0	1091.9891250188305	0.8957044626088217	0.890884858046761	1.0	0.9744112721383205	False
22	2046-04-01	FGA	tropics	0.019608838213093154	0.0003845065360672623	0.7272784661664263	0.026961939786906846			1	12.0	11.82826627030201	0.34285714285714286	0.128449942551641	0.34285714285714286	0.128449942551641	False
20	2046-10-01	FGA	tropics	0.23226665034599553	0.06763698775681769	12.18476696728337	0.019062051081456182	0.6126017906062255	-2456.5583027233947	43	923.0	923.0054590521086	0.6248131893269204	0.6191658900437799	1.0	0.9141749490522861	False
21	2046-10-01	FGA	tropics	0.13822513544372197	0.01987367615996796	38.59567265918195	0.003581363555036735	0.9941744745523082	-2787.4533836358232	3	37.0	36.99180668333964	0.18168904595845914	0.10781724186793346	0.22950819672131148	0.12317582266073494	False
22	2046-10-01	FGA	tropics	0.12817834368421932	0.016756634271651652	4.184736186302059	0.030629969961735424	0.936115349905172	-164.7366647473824	24	1581.0	1580.9378765500078	0.6796424969535234	0.6632897685860678	0.9456521739130435	0.9881409580217325	False
20	2047-04-01	FGA	tropics	0.0338636799616041	0.0014316137093995332	2.4027315396577853	0.014093825882198732	-0.7556029695437515	-75.5739810839638	17	402.0	402.03971751455805	0.3344893893714592	0.33079614033234045	0.6041666666666666	0.6091761110429076	False
21	2047-04-01	FGA	tropics	0.021231427367021865	0.0005413685202025798	5.078973151132594	0.004180259815369831	-0.9727678750003939	-322.58779771153974	3	37.0	36.93836826568059	0.18168904595845914	0.09524263376368065	0.22950819672131148	0.1141832724874296	False
22	2047-04-01	FGA	tropics	0.09422273957908098	0.009505736961607	2.2622775349304933	0.04164950503386221	-0.6032583287732344	-28.698968029024485	41	2257.0	2256.890406616872	0.8065379711834552	0.803735376970585	1.0	0.9592124271645326	False
22	2047-10-01	FGA	tropics	0.2117074129852199	0.04485092064245813	8.595840580939665	0.024629052969485952	-0.2859263382932668	-2815.574633247876	16	525.0	525.1644386640482	0.9494824383634993	0.9402291328042034	1.0	0.9757637565088747	False
23	2048-04-01	FGA	tropics	0.0028413061799090708	8.875001843774469e-06	0.34178230085777334	0.008313204553829223	0.859979966602191	-0.03223187245704873	4	46.0	45.63604438762003	0.17277840707178393	0.155340424760895	0.203125	0.16588245521513803	True
24	2048-04-01	FGA	tropics	0.0012736558660398475	2.2998115724775407e-06	0.05873515117659885	0.02168472951078902	0.9796789182687787	0.8941020356743157	20	763.0	763.0000470731387	0.8211613706147126	0.8119743544748594	0.95	0.8828432329823057	True
23	2048-10-01	FGA	tropics	0.17081224018744115	0.0292540022406449	30.609067598263746	0.005580445717240019	0.9411062361252619	-2070.959232790206	7	80.0	79.66739247148534	0.16187054586165422	0.12292175814235025	0.203125	0.14997478334883624	False
24	2048-10-01	FGA	tropics	0.187907581133529	0.03948075095107174	8.957625391427358	0.020977387747578798	0.7203948205801901	-269.31970244216586	46	1891.0	1890.7085570815045	0.8769612000411062	0.8706562544827179	1.0	0.9718499048786865	False
23	2049-04-01	FGA	tropics	0.2556016664280191	0.0653346528290077	22.064836516608374	0.011584117844500039	0.5948535022404998	-17623.098683386168	3	34.0	33.912058481569666	0.1473267309148146	0.11460834074501346	0.14925373134328357	0.12021489949156434	False
24	2049-04-01	FGA	tropics	0.10141765641571462	0.010355565818375817	6.505217218776061	0.015590202910210595	0.10312371129952323	-483.5160216492825	25	976.0	975.9231661401367	0.9193819045734172	0.9198205101961014	1.0	0.9334153442430655	False
25	2049-10-01	FGA	tropics	0.0656121244557376	0.010706623153031487	6.843065022816947	0.009588119393424728	-0.5429630172473796	-137.67541626589997	3	37.0	36.68462347492896	0.18491259116259115	0.12312256329540398	0.2972972972972973	0.16813792626668378	False
26	2049-10-01	FGA	tropics	0.06806824565826083	0.004719847268412973	2.608654490237067	0.026093239220834872	0.536128617029799	-179.49612186559887	20	1021.0	1020.9251771790592	0.8213300294002822	0.8104344927244777	0.9603960396039604	0.9469542345173164	False
25	2050-04-01	FGA	tropics	0.04006640453128819	0.001611860183049466	4.197121813775089	0.00954616194359405	0.9991589088074511	-44.15300579443191	3	37.0	36.6682845427854	0.18491259116259115	0.13970924890449585	0.2972972972972973	0.20386449436413415	False
26	2050-04-01	FGA	tropics	0.18189794259548595	0.03332941455865767	8.431423989285257	0.021573810405768206	0.9749574390169901	-133.28229050672059	46	2623.0	2622.944223223923	0.9047595805758598	0.8976380045998333	1.0	0.9913379809352204	False
26	2050-10-01	FGA	tropics	0.2382411713070477	0.05706293856423993	10.496738361788568	0.02269668568422364	-0.8249239369889559	-1553.040190261639	25	1388.0	1387.9822872561135	0.9705736047393565	0.9673092889811236	1.0	0.9891799775412352	False
26	2052-04-01	FGA	tropics	0.0028568096678612794	1.1320998413215882e-05	0.181868415601433	0.015708113244478992	0.6950655040245853	0.474414093580527	25	459.0	458.999842930888	0.46480898236282486	0.46205662241984735	0.696969696969697	0.5507621084410338	True
27	2052-04-01	FGA	tropics	0.0037632848880068148	1.9506251208381888e-05	0.28959720142426776	0.012994893837021237	0.7135913192741724	0.4874388555156287	24	538.0	538.1219859520525	0.5347508401926009	0.5329910805773312	0.660377358490566	0.6063104804501293	True
26	2052-10-01	FGA	tropics	0.2227329697431166	0.049883107434241306	17.072294177557787	0.013046458046388867	0.4481205085875413	-977.9549066131108	34	579.0	578.9160028829426	0.4189850759756879	0.4097187155588665	0.696969696969697	0.5245042529387061	False
27	2052-10-01	FGA	tropics	0.1776648062402783	0.03181326457859687	13.011187936925127	0.013654772116239602	-0.5673345631172559	-555.1969965965566	43	941.0	940.7554328453335	0.558849684638436	0.5546153243690757	0.75	0.6156536101776473	False
28	2052-10-01	FGA	tropics	0.009691188296039085	9.54374559791887e-05	0.829941508255028	0.011676953375202359		-61.8570506782081	7	97.0	96.64192077878984	0.5387057387057387	0.5156174797753481	0.6153846153846154	0.6517620131004976	False
26	2053-04-01	FGA	tropics	0.24255808767055925	0.05886593285272798	18.123711783312157	0.013383466398638078	-0.782643994442275	-14585.368200391496	8	110.0	109.80328907892016	0.33093768797288187	0.2842357639671062	0.37735849056603776	0.3336638768129054	False
27	2053-04-01	FGA	tropics	0.12241587369277886	0.01501753880125236	10.568154831743616	0.011583467089739992	-0.3635388164924936	-1721.393078220144	18	355.0	354.9696234793301	0.5728915233042673	0.5544286795374109	0.75	0.6256024583428985	False
28	2053-04-01	FGA	tropics	0.175495758217176	0.03853784913553734	20.012697854607186	0.008769220396578094	0.9232287041526095	-2251.278862812367	32	706.0	705.5760882744538	0.8042153440987911	0.788566078182806	1.0	0.9531732588667808	False
28	2053-10-01	FGA	tropics	0.21661125829380598	0.05344541046007795	28.39269556015525	0.007629119180842636	0.5148759259577423	-5227.560777223348	49	1143.0	1142.7970457846081	0.9286459771315029	0.9242868189600866	1.0	0.9751919949916472	False
28	2054-04-01	FGA	tropics	0.03398379108721591	0.0013106377015075553	5.612309871580274	0.006055223582593631	0.3325591864935679	-339.25701905408323	48	887.0	886.9996683870304	0.961215719385876	0.9623959537831185	1.0	0.9833580521624242	False
28	2054-10-01	FGA	tropics	0.20328615323178154	0.053440336448652564	14.09981539608021	0.014417646438711225	0.5230890705043434	-6413.4007245653265	44	657.0	656.6534278666347	0.8429959356597057	0.838879784136708	1.0	0.9627594393589499	False
29	2054-10-01	FGA	tropics	0.07299140467197206	0.005364629575140448	4.254394654710808	0.01715670749801035	-0.07659388546974753	-3173.274424852692	11	180.0	179.9933382119639	0.5555881712169746	0.5268717949465631	0.7586206896551724	0.7489525056694503	False
2	2026-04-01	GARW	north	0.08101845930083358	0.007380883924148106	1.0281625566939943	0.07879927038127553	0.9348443926918952	-1.4651477493665555	20	4393.0	4393.018088043807	0.7232192688997121	0.7076665500918875	0.9545454545454546	0.8909048622554333	False
3	2026-04-01	GARW	north	0.03739775719380879	0.001610957495001922	0.4635749348001131	0.08067251783130633	0.919511227892702	0.3403116481856039	16	1590.0	1590.0124145206642	0.3103962394696194	0.30792775772517594	0.5737704918032787	0.5440525989295919	False
2	2026-10-01	GARW	north	0.13807340715402144	0.02214566156433273	1.8726943224511161	0.07372981564514015	0.8750369217132333	-6.448743027262468	20	4393.0	4392.933350684176	0.7232192688997121	0.7343162881024132	0.9545454545454546	0.9610870825201179	False
3	2026-10-01	GARW	north	0.06621191847220236	0.006552243702130379	0.4156464091154679	0.1592986659336409	0.7690127859413215	-0.3167605580769701	19	1653.0	1653.0622432364073	0.3875392519601787	0.3607403782186176	0.8823529411764706	0.7195044322682894	False
5	2029-04-01	GARW	north	0.026973376824972237	0.0011478906176175872	0.2214689402444706	0.12179304599190033	0.6943914156895779	0.2275819956013636	16	3139.0	3138.9371545733443	0.9964026146737854	0.9827740818277981	1.0	0.998989845802766	True
5	2029-10-01	GARW	north	0.15052681993692524	0.03710013614696659	1.2308689921811782	0.12229312858891841	-0.7444581086582588	-13.765900666167486	25	3828.0	3828.0093130412683	0.9957626025623465	0.977663731676464	1.0	0.9975141672096483	False
5	2030-04-01	GARW	north	0.006296168486832782	6.35432445351516e-05	0.10544070736074695	0.05971288171741434	0.8205653187308184	0.06359102534866823	8	497.0	496.80342761016607	0.9939529036597621	0.984606102558217	1.0	0.9909119400438076	True
7	2032-04-01	GARW	north	0.06064052284940329	0.004596720591491333	1.822495951516835	0.033273337479259216	0.9851800803606408	-10.455423017072855	8	113.0	113.00131773010584	0.058339298601003384	0.055969347727152646	0.087248322147651	0.06625380591377066	False
8	2032-04-01	GARW	north	0.11607515613345211	0.016089920056509006	2.190766464193516	0.05298381093129555	0.9852756508045548	-32.660513528205946	15	2395.0	2394.637171564384	0.9145952492540323	0.9090940199298159	0.9565217391304348	0.9582747642961843	False
7	2032-10-01	GARW	north	0.07407820978266651	0.006352594552474323	1.933792203808083	0.03830722330806248	-0.858594727874623	-11.160397278490588	9	124.0	123.90545913215949	0.06230349809168012	0.06935171038555406	0.09401709401709402	0.08322501213602733	False
8	2032-10-01	GARW	north	0.06791275905252778	0.005982849778186931	1.2623192490536623	0.05379998689193778	-0.38436164783984955	-2.870163918939655	23	3031.0	3030.822024695249	0.9169032312564754	0.8972261677613235	0.9661016949152542	0.9491899428133538	False
8	2033-04-01	GARW	north	0.008953777513872552	9.037225492282087e-05	0.17425005028351817	0.05138464809223337	0.9785513631180194	-6.099219713262594	5	212.0	211.89316790432986	0.9139198253955605	0.9047631168745494	0.9550561797752809	0.9135693022772426	True
9	2033-04-01	GARW	north	0.01464982454153723	0.0002592051718491267	0.41767823346916716	0.03507442659833667	0.9451235204146404	-1.446040302737766	8	130.0	129.59535378920356	0.857103098485771	0.8487905566297264	1.0	0.9072994764987453	True
9	2033-10-01	GARW	north	0.003950089850970094	3.191263742095291e-05	0.1293525455732638	0.03053739556082264	0.9882027847555462	0.887403921851719	15	235.0	234.37276693239465	0.836961716142898	0.8238577814797434	1.0	0.8493675150035686	True
9	2034-04-01	GARW	north	0.11682428051981893	0.014070781892861367	3.955819357214342	0.02953225867272304	0.8391579219602512	-515.510316652132	4	59.0	58.89756068324846	0.8413249031670085	0.7589085500519628	0.8947368421052632	0.8313502476168991	True
10	2034-04-01	GARW	north	0.007551393202002396	8.845283490823012e-05	0.14303809079968494	0.05279288306901136	0.991068203032239	0.9067512293803219	19	2707.0	2706.9881958276187	0.7929269618512897	0.7757523647613229	1.0	0.9398555659145508	True
11	2034-04-01	GARW	north	0.0037510067869088817	1.646731154369724e-05	0.053088141579820676	0.07065620824697838	0.9959118400416492	0.9741685700653558	12	949.0	949.0283645332022	0.2800518852076924	0.28689725354898205	0.58	0.5558478586975137	True
10	2034-10-01	GARW	north	0.0016114018671535447	5.860098214483165e-06	0.026922102118963474	0.05985423649435236	0.9987084942405193	0.9959783164656913	24	2888.0	2887.727355631473	0.6941931652483174	0.6821716157919578	1.0	0.9387312573963318	True
11	2034-10-01	GARW	north	0.0050997720506706775	8.173386035112883e-05	0.04949041841950803	0.10304564425869676	0.9874588420216311	0.9584558764341106	23	1421.0	1421.0092750933509	0.5256866586487733	0.530117336544506	1.0	0.9490391268283556	True
10	2035-04-01	GARW	north	0.003708245613635641	1.3984611337847876e-05	0.06162725139660058	0.06017217269307246	1.0	-1.5203867752869478	2	34.0	33.96429369089234	0.265625	0.26543183017987776	0.328125	0.2861409668810763	True
11	2035-04-01	GARW	north	0.0029114159129731173	1.16453521338632e-05	0.06846778185591061	0.04252242199258254	0.9258262601379013	0.5345994623942942	8	213.0	213.13591951814462	0.8492430271518239	0.8507430854535825	1.0	0.9697668920021926	True
12	2036-04-01	GARW	north	0.0037932892953385327	2.0449568178482284e-05	0.053991612847121596	0.07025701021525903	0.9974474601880641	0.9917754032111188	24	4910.0	4909.986944876986	0.8048764632514338	0.7968602789068	1.0	0.9838191202176962	True
13	2036-04-01	GARW	north	0.004664922993443916	3.205958912906608e-05	0.0539624828796158	0.08644752325149366	0.998206807949852	0.9880874309675772	18	1181.0	1180.9402554991098	0.2551606169986846	0.242471286257499	0.5	0.457094573656016	True
12	2036-10-01	GARW	north	0.26502856381483986	0.07435136611929141	3.771600658017273	0.07026951892466927	0.7705706439037896	-28.281824314797028	23	4893.0	4892.981265156021	0.7963928312188873	0.8101576059127366	1.0	0.9898823370523833	False
13	2036-10-01	GARW	north	0.2168731929096041	0.05050661832685853	2.347007177025518	0.09240414559978406	0.7510379350711763	-16.66611316141775	18	1181.0	1180.82424778602	0.2551606169986846	0.23385363777480558	0.5	0.4351843195241467	False
14	2038-10-01	GARW	north	0.0021541916301069663	6.724722865253187e-06	0.14258981732973094	0.015107611963100556	0.9676838176293845	0.9307467348572515	5	58.0	57.80027504717083	0.6296559649500827	0.5893928176766557	0.7857142857142857	0.7111372765626852	True
15	2038-10-01	GARW	north	0.001325103093433125	3.114491796630323e-06	0.051200855557166615	0.025880487328060857	0.9941737401712973	0.9763741770829991	8	99.0	98.78778872536432	0.6571336558178663	0.6187195787615243	0.9166666666666666	0.804996735948879	True
15	2039-04-01	GARW	north	0.0013515167959482518	3.382693765655309e-06	0.0325173190664872	0.041562983503801325	0.9973139417638825	0.9943073820309647	27	3096.0	3095.982923390502	0.9609285380835152	0.9435464326757037	1.0	0.9986883167699778	True
15	2039-10-01	GARW	north	0.12472264476451692	0.020554474071748867	2.2693297936638	0.05496012307808026	-0.04713059176579499	-15.839441316637977	28	3298.0	3297.9086473057123	0.9987708338845618	0.9970944275022039	1.0	0.9995889396067066	False
16	2042-04-01	GARW	north	0.01177835588020309	0.00024816187342750653	0.3566284703655966	0.03302696463949876	0.9661668404428012	-0.017320652622490273	11	258.0	257.99222119982886	0.4648524530390187	0.4731860081989467	0.6666666666666666	0.6549589712435253	True
17	2042-04-01	GARW	north	0.00787659121274828	0.00010441721462545891	0.17303821870885736	0.04551937295425417	0.9978901993396128	-0.2320761142210792	8	338.0	337.92642354925715	0.5835633843177261	0.583473859284888	0.6951219512195121	0.7422762330550932	True
16	2042-10-01	GARW	north	0.21767208199361088	0.061248184595418656	5.354736182188503	0.04065038399420219	-0.9402186371743184	-101.79040216201471	20	446.0	445.938279943995	0.3759217080038201	0.3634879923488522	0.6666666666666666	0.6096648124361155	False
17	2042-10-01	GARW	north	0.22333856217431258	0.062351796116115604	5.050181643272979	0.04422386716957151	-0.7629367107363305	-86.40884390786546	22	918.0	917.9608883288507	0.7006219040519149	0.7132745921550382	0.8947368421052632	0.8634782369392796	False
16	2043-04-01	GARW	north	0.003509036815812827	1.7839602236834823e-05	0.08230649460567852	0.04263377796155992	0.9883150326289029	0.7627222217679567	7	130.0	130.11273641486014	0.2597011195304576	0.22831413540394974	0.37142857142857144	0.28982867678918645	True
17	2043-04-01	GARW	north	0.01037318301618374	0.0004368498984452869	0.1745556399074398	0.059426226627133004	0.5280199425658191	-0.09515894360361998	17	508.0	507.7532445839695	0.583111660148915	0.6101302896593052	0.8947368421052632	0.8870396809854088	True
18	2043-04-01	GARW	north	0.00245728309390794	9.986242257465477e-06	0.042544187789745606	0.05775837362442766	0.9994372750351861	0.9937522572681597	20	4005.0	4005.1852233579525	0.9093386927511439	0.8917525634973058	0.9842105263157894	0.9949849739897111	True
17	2043-10-01	GARW	north	0.13029620065227746	0.01914673333681509	2.185253166004638	0.05962521994213686	0.8546869847397018	-23.400542734643814	8	130.0	129.71114322370406	0.09118661776697684	0.09798827064832569	0.2857142857142857	0.2963179619840525	False
18	2043-10-01	GARW	north	0.09678044357450638	0.013905888265154449	1.4927750230806691	0.06483257160531711	0.35631994218450436	-5.390630574581986	25	4177.0	4176.917978052152	0.9232714592514202	0.9153329549202975	1.0	1.0	False
20	2045-10-01	GARW	north	0.003503969541177847	1.5539413634944904e-05	0.10176275053336446	0.03443273224055611	0.9944520465478413	0.9660009428545354	20	531.0	530.9344666513234	0.9547898173419167	0.9456033935098345	1.0	1.0	True
20	2046-04-01	GARW	north	0.015559217769664324	0.0005787362308386886	0.41517497167633205	0.037476290314037035	0.8337900220524427	-0.03331933995681058	23	835.0	834.9941757029039	0.5154849274696169	0.5140943846743433	1.0	0.9770068683522789	True
21	2046-04-01	GARW	north	0.009245056445449257	0.00013764276539366717	0.2098390463302563	0.044057846273752484	0.9980813150473181	0.8148993470657656	15	983.0	982.9927400047143	0.39065581391082416	0.3801283142567176	0.6176470588235294	0.44085913847414393	True
22	2046-04-01	GARW	north	0.007967419320018274	0.00010139636645241971	0.11822388144628615	0.06739263863230706	0.9986199328838152	0.8022901519993604	12	1250.0	1250.0006333646352	0.3958151592472663	0.39786856971822754	0.642570281124498	0.6729300921918363	True
20	2046-10-01	GARW	north	0.0542427373207133	0.004066111303403515	1.2062164337951171	0.044969323747355565	-0.42378423041972557	-4.622172790314565	18	695.0	694.9937984033556	0.24011143771654797	0.2360382013858963	0.4262295081967213	0.416158710454143	False
21	2046-10-01	GARW	north	0.07606609832691516	0.009889132791282796	1.2088891976385776	0.06292230791333177	-0.6202376705110086	-6.499486379605083	20	1107.0	1106.9557892042242	0.3334271977583728	0.3367597523753406	0.6176470588235294	0.4527756849641327	False
22	2046-10-01	GARW	north	0.0756848865789723	0.007338310504834744	1.1453871101869249	0.06607799747861723	-0.2120844580836157	-3.61103747667563	23	1978.0	1977.6987932715374	0.6025864358819594	0.5849552903746508	1.0	0.938045430964864	False
20	2047-04-01	GARW	north	0.011588095753691859	0.0001342839631967313	0.32984510138663387	0.03513193224630814			1	12.0	11.983649116344795	0.07894736842105263	0.08297980586544114	0.07894736842105263	0.08297980586544114	True
21	2047-04-01	GARW	north	0.0019171962829970964	4.097100142426523e-06	0.03193440061208386	0.0600354553788505	0.9949628726961468	0.7277978083026743	3	56.0	55.84140268453464	0.16237334910309484	0.14155406444818433	0.17105263157894737	0.16004810965851965	True
22	2047-04-01	GARW	north	0.0015661129647359428	3.1375054902270656e-06	0.03165448522897367	0.04947523086878266	0.9835563680187602	0.9431268775721819	9	422.0	421.70661762184784	0.8503194438636977	0.8261494166059611	1.0	0.8958618153573293	True
23	2048-04-01	GARW	north	0.008411095410499161	7.577590637052772e-05	0.7136674583823021	0.011785734814874311	1.0	0.36548282818531974	2	27.0	27.219077463945787	0.08729026120048435	0.06542663361145655	0.10365853658536585	0.07099984402296781	True
24	2048-04-01	GARW	north	0.001990058090136623	6.437188508768191e-06	0.03583580626412721	0.05553267241900274	0.998987637502184	0.9705137637719066	11	844.0	843.9972867641598	0.9188730281709528	0.9056333263602351	1.0	0.9595450680882686	True
23	2048-10-01	GARW	north	0.14002332767990497	0.02574763973496753	5.652173324169646	0.024773360555158774	-0.9988043850830157	-94.25966794594893	3	42.0	41.58256075455799	0.08849653777001987	0.08590523119784026	0.10365853658536585	0.0968067657313002	False
24	2048-10-01	GARW	north	0.172535375396211	0.040866890660733984	3.300682081638347	0.05227264278375162	-0.8224850306281403	-34.75498503143352	25	1779.0	1778.8883959516277	0.936679643074244	0.9236253146079154	1.0	0.9738924563107056	False
23	2049-04-01	GARW	north	0.005300901673146327	2.809955854836553e-05	0.22684005420995193	0.023368455326853672			1	15.0	14.690699397918577	0.09090909090909091	0.06091162563589729	0.09090909090909091	0.06091162563589729	True
24	2049-04-01	GARW	north	0.00857398911379154	9.806671896032554e-05	0.20125961641424203	0.04260163696299684	0.842710725232234	0.545409012899781	13	676.0	675.9450607629045	0.9000592659537129	0.8923104636203942	1.0	0.9552869383032161	True
25	2049-04-01	GARW	north	0.013394183633649763	0.0004136046308767604	0.30566301462345463	0.04382009923624557	0.9516043416113955	-0.17675302733008125	11	474.0	474.2191817346445	0.6224771433863127	0.5973560790458623	0.8333333333333334	0.669631992604703	True
26	2049-04-01	GARW	north	0.015537645224728763	0.0003129017236960047	0.3001549846481184	0.05176540793731631	0.9961632884718723	-2.5304972811531674	7	233.0	232.88809205334067	0.3298233821376247	0.3205691477553877	0.4435483870967742	0.4278025160329307	True
24	2049-10-01	GARW	north	0.013640585855826707	0.0001860655824901796	0.6000745372450103	0.022731485855826707			1	12.0	11.692086719686511	0.2926829268292683	0.20599421218790115	0.2926829268292683	0.20599421218790115	True
25	2049-10-01	GARW	north	0.002332510759871664	7.45691333283068e-06	0.05620448968103705	0.041500434807054835	0.9995914465740062	0.9901411031415159	21	854.0	854.1016384354734	0.508097209251889	0.4933433724889366	0.8333333333333334	0.6109720734736416	True
26	2049-10-01	GARW	north	0.003150801549564252	1.2712626036562903e-05	0.06187137809449119	0.05092502618500409	0.9980744929924066	0.9821384232708817	21	853.0	852.8429339174368	0.5518456366835706	0.5454169151784269	0.9166666666666666	0.8651895565762142	True
25	2050-04-01	GARW	north	0.005027660295129141	3.054992750919841e-05	0.12122447041620035	0.04147397202782293	0.9742581778430959	0.5513686739926504	8	254.0	253.98715513272413	0.3538343314479705	0.34418896119908315	0.48695652173913045	0.4492883391892456	True
26	2050-04-01	GARW	north	0.005910864328594693	6.181332697085753e-05	0.20113547823302477	0.02938747743820055	0.9241064691013111	0.8439951829788697	30	1399.0	1398.5598620196006	0.8687942510443379	0.8608699423498366	1.0	0.9989407620688602	True
26	2050-10-01	GARW	north	0.08665814912269952	0.010981687869941656	1.9700575548321646	0.043987623057074696	-0.024996700990647935	-17.505097663955194	26	1167.0	1166.7371061407273	0.9881822010800303	0.9804680465081402	1.0	0.9964232659516066	False
26	2051-04-01	GARW	north	0.0010602012815272622	1.5314213847080248e-06	0.024046005097596867	0.044090537169237214	0.9987076896818551	0.997304612234962	9	197.0	196.5302823719239	0.8670163972021556	0.8629601945599763	1.0	1.0	True
27	2051-04-01	GARW	north	0.0016506835766620306	2.724756270261754e-06	0.0749970624644446	0.02200997642333797			1	11.0	10.958002243576942	0.5238095238095238	0.3748351084875988	0.5238095238095238	0.3748351084875988	True
26	2051-10-01	GARW	north	0.12561411857539137	0.0182801775871955	5.062635373811457	0.024812001912122992	-0.958449536104699	-100.93339823492563	8	104.0	103.97626497626582	0.6034862585385031	0.5569568760857053	0.7222222222222222	0.6038589678565978	False
27	2051-10-01	GARW	north	0.18958400620632396	0.04018029246231465	11.079315889337215	0.017111526388446104	-0.9737862005186797	-1923.07954366645	4	46.0	45.861687778375384	0.49255952380952384	0.4222343033197698	0.5238095238095238	0.4513851742976989	False
26	2052-04-01	GARW	north	0.005049317557699634	3.981951623590035e-05	0.13822721492060613	0.036529113030308986	0.9554802172424213	0.8922270101552492	21	758.0	757.876444173766	0.46604477170368075	0.44288802804392047	0.7222222222222222	0.5794999131033819	True
27	2052-04-01	GARW	north	0.0037894388595380167	2.542652867430865e-05	0.08045219109387935	0.04710174835531993	0.9814713800559034	0.9442083723411696	15	980.0	979.9274184506127	0.5645863921466284	0.5620567316352807	0.6571428571428571	0.5935290002031162	True
28	2052-04-01	GARW	north	0.0029503270445709016	1.0010263240692142e-05	0.24480637516971931	0.012051675707078704	1.0	0.8706096619385784	2	21.0	20.823006894318993	0.07657872430599703	0.05621735063086675	0.08264462809917356	0.06521375938043796	True
26	2052-10-01	GARW	north	0.09143711954329475	0.012094485097500985	2.6461375100761853	0.03455493873432986	-0.03192712681823516	-20.60193808992352	22	813.0	812.8205171469219	0.4220107693383898	0.4068935813858479	0.6842105263157895	0.5576219365632633	False
27	2052-10-01	GARW	north	0.06257143266473764	0.005159743126733084	1.345421683558637	0.04650693045115517	-0.18781732055897654	-4.4279911300984365	23	1179.0	1178.883245414415	0.5502078766442081	0.5298697194142615	0.6571428571428571	0.5587499081229274	False
28	2052-10-01	GARW	north	0.02562579184361568	0.0006566812076123199	1.7732746343432526	0.014451112843615681			1	11.0	10.948582502139317	0.07051282051282051	0.08718473992375074	0.07051282051282051	0.08718473992375074	False
26	2053-04-01	GARW	north	0.00033530980423649576	1.1999947669045302e-07	0.00833004665251708	0.04025305238058609	1.0	0.9570786612259292	2	39.0	38.97298143083603	0.3558201058201058	0.34607985509776495	0.42592592592592593	0.3515466725112248	True
27	2053-04-01	GARW	north	0.006199374235874675	4.719681511415401e-05	0.13766480336424558	0.04503238361857699	-0.6786595919214718	-21.18340208610518	6	107.0	106.98071539174379	0.5094177013414762	0.4589043100565063	0.5789473684210527	0.49357702631681377	True
28	2053-04-01	GARW	north	0.01944005887797369	0.0003783308155856466	3.1063999596075678	0.006258066936245247	1.0	-570.1204137232099	2	22.0	22.007343658715378	1.0	0.9764672829774235	1.0	0.9797933405507104	True
28	2054-04-01	GARW	north	0.008394681842635277	0.00012785574348820412	0.19451355577754773	0.043157310086067824	0.9977630622467387	0.6456794082485521	17	1490.0	1489.862100557252	0.9853905956762238	0.9834634709757071	1.0	0.9989284795023685	True
28	2054-10-01	GARW	north	0.06945392544957198	0.006242629992533776	1.443922772836752	0.04810085882441051	-0.24739363121581717	-4.844783170521752	26	1967.0	1966.9046414578045	0.9817751395733093	0.9794841105298369	1.0	1.0	False
2	2025-10-01	GARW	south	0.010161110968219736	0.00014042483552104221	0.20529174622713947	0.04949595468381496	-0.7594712423402034	-0.09178246606039253	10	509.0	509.1310559865159	0.9696473473335177	0.9759930225020123	1.0	1.0	True
2	2026-04-01	GARW	south	0.1333192039138143	0.02506509904703029	2.4685782808879297	0.05400647204343884	-0.6071582911894406	-30.905363718301547	30	1497.0	1496.9251862030121	0.9132579049994096	0.905215234837103	1.0	0.9845914245672471	False
3	2026-04-01	GARW	south	0.11168849653528157	0.012474320258311602	5.269495169821431	0.02119529346471844			1	11.0	10.858748093203111	0.12359550561797752	0.026777710938487742	0.12359550561797752	0.026777710938487742	False
2	2026-10-01	GARW	south	0.009121425533297568	0.0004154780219851901	0.13277486872297234	0.06869843383034281	-0.07160702539105257	-0.9193991715342369	20	828.0	827.5928688658681	0.794704841180988	0.7750440182673806	0.991304347826087	0.9733159157364804	True
3	2026-10-01	GARW	south	0.003304754567808932	1.5989059099153142e-05	0.05987555715248161	0.05519371718567737	0.9968835662189196	0.986606677198059	25	4045.0	4045.362909934832	0.9071703401657285	0.8968581385397286	1.0	0.9970106285403512	True
2	2027-04-01	GARW	south	0.11201265584254538	0.013497019841606955	3.755833587964494	0.02982364719285968	0.9884928864767741	-57.56293250277151	6	79.0	79.21443909602796	0.04428967402960879	0.0442938923247034	0.06766917293233082	0.06585084377718674	False
3	2027-04-01	GARW	south	0.19226932292240664	0.04462084970009082	3.2560863207991493	0.059049209381899156	0.2036435577001708	-28.688185362519345	28	4131.0	4130.905550712175	0.9218453121773289	0.9229970588091583	1.0	0.9792066473350556	False
5	2029-04-01	GARW	south	0.008463899084201148	0.00012479916790351348	0.2361091160832529	0.035847404897389676	0.7066213479084804	0.3673817267823949	23	386.0	385.86202626583554	0.9488332609806759	0.9183834990552822	1.0	0.9979661577619858	True
5	2029-10-01	GARW	south	0.0076800959741454445	8.169722581679154e-05	0.14991109139192216	0.0512310056770041	0.9697916599935924	0.8678789282234198	45	4340.0	4339.958610325922	0.9454798309151908	0.9416896079052254	1.0	0.9991615273120668	True
7	2029-10-01	GARW	south	0.010921559782039717	0.00015108667216491846	0.2313552463288373	0.0472068818639035	0.9989110583666714	0.7769762940785669	12	236.0	235.98655102214093	0.1152152625017963	0.10971343121860128	0.34285714285714286	0.20410824574770992	True
5	2030-04-01	GARW	south	0.1125723079787733	0.015894495096722347	1.665292138374986	0.06759913494134599	0.6183049270526092	-11.528277798280602	27	4027.0	4026.98549364073	0.9061959967053773	0.9047456823821841	1.0	0.9947596763560672	False
7	2030-04-01	GARW	south	0.0698017979054133	0.006050296179499038	1.7315609087307913	0.04031148864210442	0.34194187798714115	-12.488242013379969	12	236.0	235.87397260523446	0.1152152625017963	0.10134204538674045	0.34285714285714286	0.2199862287831175	False
8	2032-10-01	GARW	south	0.049178789969354784	0.003674105344824724	1.3075882827264858	0.03761030181978293	0.8950919160176536	-7.117500985420316	21	2630.0	2630.2587579548995	0.8833891209668975	0.8831515729783034	1.0	0.9997686025268766	True
9	2032-10-01	GARW	south	0.02488540864196659	0.001124405159480108	0.3965341234090791	0.06275729419708449	0.8667065641184367	-1.146274582887449	11	453.0	453.0062814597734	0.17722291013046493	0.1796102824176627	0.3487179487179487	0.31327985727412944	True
8	2033-04-01	GARW	south	0.001668843098914295	5.544651081012284e-06	0.028798653475341694	0.057948650284750665	0.9981911588802055	0.9950905305413272	27	2859.0	2859.11761584298	0.7994961457069674	0.7974248053707625	1.0	0.9850286483403013	True
9	2033-04-01	GARW	south	0.00243432141521053	1.0177395880142847e-05	0.03630417060375382	0.06705349205688295	0.9961437875212743	0.9907152185054027	19	688.0	687.8258746108814	0.3241729950625995	0.32918516861084707	0.6363636363636364	0.6780739404272133	True
8	2033-10-01	GARW	south	0.004855724702420579	2.8225661870529363e-05	0.0965356162544254	0.050299826020927085	0.9904107032788282	-2.8293561340765274	3	58.0	57.97118626087611	0.44632102644671373	0.43908335717277963	0.5	0.46384913858651894	True
9	2033-10-01	GARW	south	0.004315116201679437	3.2015027611108235e-05	0.11329344849536264	0.03808795882716964	0.9886725803579022	-0.4091948311936644	5	103.0	102.81894393910379	0.5812192418394816	0.5796637141988409	0.6363636363636364	0.6397182881191168	True
10	2033-10-01	GARW	south	0.00791301694292754	6.96002534677159e-05	0.21982650171035492	0.03599664681628693	0.8128200431331785	-0.8689553476222036	8	124.0	124.04306977098693	0.7157601033834586	0.7208193947889194	0.7894736842105263	0.7555260588525345	True
10	2034-04-01	GARW	south	0.02332486472972961	0.0013126708817540313	0.6748912409159721	0.034560923769099104	-0.45659017770976035	-3.155793472207117	17	276.0	276.1382849262682	0.7035445215318707	0.6957237951422359	0.8636363636363636	0.709446316602962	True
11	2034-04-01	GARW	south	0.00921500526460296	8.49252408716299e-05	1.2273656898183918	0.007507954101247906	1.0	-11.331334514599291	2	23.0	22.97512934101176	0.371875	0.30852907412628106	0.4	0.31008350421789505	True
10	2034-10-01	GARW	south	0.004011572918996533	3.102302481923006e-05	0.15366781884009048	0.026105484865188648	0.973373601585727	0.8808627230364326	17	285.0	284.83456829582957	0.28676448071429694	0.2764125218263625	0.8636363636363636	0.6727558753485409	True
11	2034-10-01	GARW	south	0.0024643595130389617	9.288430793457811e-06	0.04296551761021618	0.057356681592798865	0.9986633078139406	0.9944217834970253	25	5053.0	5052.886501657041	0.8585502686699178	0.8529279898342021	0.976545842217484	0.9632373167341285	True
10	2035-04-01	GARW	south	0.05119163802189553	0.004704249599088669	2.1131066926596898	0.024225770615236897	0.8591153475848272	-19.093366828386777	11	195.0	195.0216992697158	0.07549775505297343	0.06675763325637958	0.2857142857142857	0.2062847291620521	False
11	2035-04-01	GARW	south	0.059661693652501485	0.005040180189413028	0.8942175443276861	0.06671943983984109	0.4264472740170443	-1.2015106061614929	27	5100.0	5099.951675290938	0.9053721101628481	0.9000473148553811	1.0	0.966341717851353	False
12	2036-10-01	GARW	south	0.28675119173354413	0.08496268603869138	8.263258237780038	0.03470195212131978	-1.0	-197.69515493457752	2	31.0	30.56084600683078	0.06125874691582737	0.02435731603998388	0.0845771144278607	0.02971754443069065	False
13	2036-10-01	GARW	south	0.11502266800643395	0.01498099635460158	2.2495513443392077	0.051131381506751596	0.9656448385467191	-14.438692412555488	19	3417.0	3417.0048658195146	0.9499460527700819	0.9511953730742955	0.9921259842519685	0.9984939570857863	False
12	2037-04-01	GARW	south	0.06670869206723154	0.005044573956032476	8.70897726823522	0.007659761877039476	1.0	-88.41079635866141	2	31.0	30.8979169640775	0.06125874691582737	0.022660867741965046	0.0845771144278607	0.03340026499008389	False
13	2037-04-01	GARW	south	0.07289713189369398	0.0077778270308357786	1.1811427155026075	0.061717463043976295	0.563267524514957	-3.3153829242478183	26	3652.0	3651.9830875533735	0.9609495880133019	0.9603846403468873	1.0	0.9869375265706305	False
13	2037-10-01	GARW	south	0.0026346635414770253	1.0713630326063892e-05	0.04236518663054841	0.062189352886675105	-0.8368469353731428	-0.4271446729026598	4	71.0	70.75939143372119	0.9910714285714286	0.9972694374010416	1.0	0.9982879806973393	True
14	2037-10-01	GARW	south	0.019647947680471484	0.0004291833189025038	1.1997715027650573	0.016376408037021863	-1.0	-9.015056075030264	2	29.0	28.230627307618605	1.0	0.9937345870592171	1.0	0.9998301279453219	True
15	2038-10-01	GARW	south	0.05579261395351944	0.003982408569454013	1.086106270940062	0.051369387551025776	0.995200926442529	-15.94351951951711	11	1401.0	1401.0379283098957	0.9839623499792217	0.9902955622662503	1.0	1.0	False
15	2039-04-01	GARW	south	0.1166098635682913	0.01932461310616086	2.20565216656758	0.05286865505623162	-0.4762796443949456	-13.512317446902982	23	2520.0	2519.9784421885347	0.99064927684791	0.9904033949739256	1.0	1.0	False
15	2039-10-01	GARW	south	0.4765769045486254	0.2320983055476565	9.500385500017106	0.05016395435193312	-0.7843236641018801	-3370.405147878842	9	544.0	544.1049433361912	0.9962962962962963	0.9614842967914464	1.0	0.9953181490891455	False
16	2040-10-01	GARW	south	0.009182472965158613	8.994619373114484e-05	0.28295396045228177	0.032452180384685496	0.9586064898515192	-0.29562308081266786	8	226.0	226.01505740699014	0.9842537695798566	0.9853537987439518	1.0	0.9941278130904382	True
16	2041-04-01	GARW	south	0.004419792887586146	2.9040622626047474e-05	0.13814288989736118	0.03199435664673013	0.996232861482456	0.9216663848876978	18	492.0	491.8043927895844	0.9827594179129454	0.9790746991919735	1.0	0.9829678520070453	True
16	2041-10-01	GARW	south	0.008276764192147209	0.00010785433548115622	0.24222983204651968	0.0341690539196579	0.8945206336136257	0.7580245505021979	22	840.0	839.8787366450159	0.9602011935812894	0.9642453717368031	1.0	0.9910319524967154	True
16	2042-04-01	GARW	south	0.015112995242617666	0.0003376403235444971	0.4378067553658129	0.03451978540164343	0.9481617026704896	0.46170915792712475	24	976.0	975.9860325954646	0.8967919714656468	0.9002919181070062	1.0	0.964328000589983	True
17	2042-04-01	GARW	south	0.040305943444632286	0.0016245690769618965	2.5748899700113035	0.015653462444632282			1	12.0	11.93370120075733	0.1411764705882353	0.10603717932785801	0.1411764705882353	0.10603717932785801	True
16	2042-10-01	GARW	south	0.005355391915252203	4.3944521456666683e-05	0.1456087063446437	0.03677933861026439	0.7531337686901427	0.2178026608165321	8	220.0	219.90571072882744	0.816646833818417	0.8100140548336415	0.9032258064516129	0.8924084246353181	True
17	2042-10-01	GARW	south	0.002779920103699321	2.5012187320487826e-05	0.04990251452948395	0.055707014564503714	0.9725871001544834	0.9379218373557631	16	1410.0	1410.0272758896065	0.8192392096300736	0.8092414353081241	0.9375	0.8970440881627275	True
18	2042-10-01	GARW	south	0.004936101880033928	2.5070564299961616e-05	0.08881893009040003	0.05557488561289757	0.9990829511756316	0.8738826420027808	8	339.0	338.9461329811116	0.22185595326187807	0.22120831791350284	0.38073394495412843	0.3397232514316285	True
17	2043-04-01	GARW	south	0.0023495130606093094	8.750500522782196e-06	0.044584206250692295	0.05269832656430497	0.9990177762201965	0.9919728875444629	25	1813.0	1812.9853214160087	0.6681899321673153	0.63844813401218	0.9375	0.881861615324747	True
18	2043-04-01	GARW	south	0.0031057080079895777	1.3086185827030678e-05	0.048482590546419804	0.06405821085438923	0.9953043163751546	0.9868061511869236	21	915.0	914.7353083095826	0.5007046222183593	0.5004090102220878	0.9375	0.8325268977163365	True
17	2043-10-01	GARW	south	0.0029300871471126195	1.2527877321525075e-05	0.05509160865388287	0.05318572498982758	0.9953623842785408	0.739469539125353	7	225.0	224.84609322197895	0.36090913156056953	0.34472198546988525	0.4676258992805755	0.4558027569365363	True
18	2043-10-01	GARW	south	0.004169006713655416	6.211222042052935e-05	0.0869088400881527	0.04796988096293475	0.9409065335523321	0.8786321908754815	24	711.0	710.627111405924	0.5744147604874063	0.5578101101795013	0.9375	0.8425076466976841	True
19	2043-10-01	GARW	south	0.002481566505029939	8.994428890372282e-06	0.05312688008201174	0.04671018703148303	0.9902585359021276	0.8982685593056463	10	576.0	576.0357604085638	0.6714782103027961	0.6204804621637178	0.8596491228070176	0.8764148506610786	True
18	2044-04-01	GARW	south	0.0038162178597381234	1.9537930006596496e-05	0.12305282104195867	0.031012843325524946	0.9915523825820628	0.927464746465569	16	325.0	324.7242143040495	0.39425838908807354	0.39779563633331616	0.8333333333333334	0.7372271969907436	True
19	2044-04-01	GARW	south	0.0013483767802348209	2.7880037118219598e-06	0.02882866681381736	0.04677208241862069	0.9987475999084718	0.9966805747399374	23	1379.0	1378.9265370392973	0.8407058525040444	0.8169390451414538	1.0	0.9990428318856365	True
19	2044-10-01	GARW	south	0.009487290461040342	0.00015156895809846833	0.2532635666841199	0.03746014709203419	0.9581851062357892	0.6229475515203524	17	557.0	556.9213956312011	0.8667717314365961	0.8506553960777281	1.0	0.98844498217562	True
20	2044-10-01	GARW	south	0.020115622896522314	0.00040463828451509277	0.8107535608220625	0.024811020103477688			1	11.0	11.000011424657714	0.4782608695652174	0.4081980791581769	0.4782608695652174	0.4081980791581769	True
19	2045-04-01	GARW	south	0.001912904098654214	5.874525143029672e-06	0.0958324177567852	0.01996092912430747	0.9871172156456578	0.9482101224795623	8	102.0	101.5053866564796	0.6374801888138559	0.5945988196496625	0.8666666666666667	0.7660684355276561	True
20	2045-04-01	GARW	south	0.002621007612896252	9.254068381472612e-06	0.11508938238766145	0.02277366998171715	0.9909930990917134	0.9233486754192008	9	148.0	147.92560102970964	0.6291295161438263	0.612886203382145	0.7916666666666666	0.7434167496906622	True
20	2045-10-01	GARW	south	0.012840560294079408	0.0002655244488387302	0.3234299450609324	0.03970121038625634	0.650910836072953	0.4133740369977895	21	1599.0	1598.8633873086583	0.7963844491806736	0.801091550268279	0.9375	0.9381812620792229	True
21	2045-10-01	GARW	south	0.016978605380759643	0.000450123988780593	0.34357688787039486	0.04941719300736074	0.9978236292798686	-0.2850998458982368	10	325.0	324.92841413708356	0.2045287710016103	0.20484297634740428	0.3464566929133858	0.29854990894911776	True
20	2046-04-01	GARW	south	0.051749619837547334	0.0058557358433723936	1.0628565637419756	0.04868918497840724	-0.4884006830807049	-4.9713198587119045	23	1787.0	1787.0048700088964	0.7827365884810105	0.7783867292447775	1.0	0.9428654530625	True
21	2046-04-01	GARW	south	0.01911725404558353	0.0008745731878822169	0.38671403772890334	0.04943511789190654	0.3609566495836075	-0.11351696792642829	17	481.0	480.8049580038253	0.2894667505142449	0.2810131064332015	0.6470588235294118	0.49865067664129786	True
20	2046-10-01	GARW	south	0.007753203403551278	7.365324823322294e-05	0.13634082113022428	0.05686633936395248	0.9286144563634433	-0.32238253794667915	4	122.0	121.96440928200704	0.5945244392202959	0.5910425602908527	0.6829268292682927	0.6805935754328106	True
21	2046-10-01	GARW	south	0.014206040853434621	0.00023183428503858184	0.3135933967818274	0.045300829032819276	0.9193382282361995	-0.6090739765178563	5	89.0	88.62628110974565	0.4482366577740901	0.4213022660015556	0.6470588235294118	0.5182472835966653	True
22	2046-10-01	GARW	south	0.0018287417484244193	6.610865583878069e-06	0.04494217752713705	0.040690991159032866	0.9957543502080212	0.9848867311345508	19	2006.0	2005.9911348752112	0.9669523954541079	0.9743193330317373	1.0	0.9964330149634137	True
22	2047-04-01	GARW	south	0.10665668953686051	0.017320441447175948	2.0664464117626773	0.051613576296847895	-0.26624052297969736	-13.982645831553354	27	2414.0	2413.9741950879284	0.9729156937085941	0.9806817954335285	1.0	0.997967517739387	False
22	2047-10-01	GARW	south	0.45460222848513876	0.21801500068507126	8.841187771658555	0.051418682673205804	-0.9868474907376323	-5817.327875957326	6	201.0	201.02704450113578	0.9844720496894409	0.9818041948634119	1.0	0.9888072619888575	False
24	2048-10-01	GARW	south	0.03544872404979055	0.0017444550718589843	0.8227266841617852	0.04308687773498754	0.9688639828556771	-1.2097175525333097	20	2867.0	2867.01520200279	0.9242634554691023	0.9181478268698837	1.0	0.9445931915494599	True
25	2048-10-01	GARW	south	0.02350967613843377	0.0007256493221236577	0.5995885088201962	0.03920968429614088	0.9940512132841568	-1.0409970793950625	8	158.0	158.07904006817859	0.08959338148209176	0.08760716576796243	0.14912280701754385	0.13099099411282236	True
24	2049-04-01	GARW	south	0.004847231395652324	3.2100762704435966e-05	0.09688114021105772	0.05003276576940076	0.9889838865148277	0.9763182759997442	26	3117.0	3116.983842258018	0.8793216816425417	0.8849172551706859	1.0	0.9697283668171138	True
25	2049-04-01	GARW	south	0.017600042702081767	0.00046170562624700605	0.20785367202641344	0.08467515887737218	0.9951913517286013	0.7283855514611945	12	224.0	224.01829781523165	0.14508429328204428	0.14384346445116966	0.37777777777777777	0.23625868867383706	True
24	2049-10-01	GARW	south	0.0113278655109789	0.0001637156966321022	0.21474096718118266	0.052751301531678764	-0.937508832979055	-4.504092787731262	4	106.0	105.71294278613328	0.7115614509129616	0.7192100613845808	0.8260869565217391	0.790613893202289	True
25	2049-10-01	GARW	south	0.013126544569122335	0.00023224431797567297	0.25314492290307145	0.05185387255089629	1.0	-0.073418153905495	2	31.0	30.906475892699	0.30753295668549907	0.3025304704856036	0.37777777777777777	0.30798949892173383	True
26	2049-10-01	GARW	south	0.005983546911483852	5.124858234814974e-05	0.14128047848312192	0.04235225542641885	0.993350626252153	0.5703931130283645	11	483.0	482.83052633692046	0.9659423033983013	0.9474377861885525	1.0	0.9968651350955093	True
26	2050-04-01	GARW	south	0.021551959111590472	0.000656519558045958	0.6318636509352242	0.034108559781356816	0.7485836201828704	-0.1560996656701097	22	889.0	888.9025408684513	0.9738484989827207	0.9725873897449543	1.0	0.9954544213651367	True
26	2050-10-01	GARW	south	0.0034142703672935893	2.4301618504633387e-05	0.10416772746858884	0.03277666173837902	0.9705245342848119	0.928008893045364	17	415.0	415.0659483007714	0.8120988868976036	0.8181611135306337	1.0	0.9903217582503075	True
27	2050-10-01	GARW	south	0.000832075071092554	1.2212961808952577e-06	0.030346411601037238	0.02741922445499664	0.9836108592292581	0.964756215593109	4	47.0	46.86323191768473	0.4323489010989011	0.37981571998085445	0.5416666666666666	0.44746871736331206	True
26	2051-04-01	GARW	south	0.001655025269491376	4.6065300167113056e-06	0.06619062209972464	0.0250039237733386	0.9924937719153745	0.9731462225681196	13	208.0	207.89303474921743	0.6212330731109011	0.6093052188153115	0.8461538461538461	0.8072456325027021	True
27	2051-04-01	GARW	south	0.0017651346733111243	4.462440222985143e-06	0.06527199248182997	0.027042757639158817	0.9906704884994653	0.9714937266955875	11	143.0	142.85482480166044	0.5097394272394273	0.48223193189711694	0.6875	0.6247095553443995	True
26	2051-10-01	GARW	south	0.01159908117917611	0.00022653329468966629	0.15289865163858382	0.07586123915986905	0.9011283956625975	0.7560420128582802	17	835.0	834.9941323135072	0.4186203870306621	0.4114947301031528	0.5357142857142857	0.5176889851106103	True
27	2051-10-01	GARW	south	0.008458312858600287	0.00011387072929337834	0.13686262723260945	0.06180147955383524	0.9041638359191407	0.813779991885845	21	1234.0	1234.00076733382	0.6056224388078552	0.6097110394197636	0.8666666666666667	0.7786945483930113	True
26	2052-04-01	GARW	south	0.0651909377838308	0.006592648219153628	1.465648135135341	0.0444792554372615	-0.641199177934556	-4.9144979716692285	21	1012.0	1011.9834823707426	0.39856716327447567	0.3964073451812619	0.4876543209876543	0.43524796859215675	False
27	2052-04-01	GARW	south	0.0613462119077521	0.0060978536391431545	1.192107651024964	0.051460295431379165	-0.5197814927013977	-4.342688227390682	24	1513.0	1512.9247926132596	0.6142549852676659	0.6053429772022467	0.8666666666666667	0.6561785829968659	False
26	2052-10-01	GARW	south	0.29640012800018684	0.09056169660063255	6.759613919346092	0.043848677089661336	-0.9037709322121961	-14214.767800089532	5	107.0	106.82800458992318	0.3865678465232844	0.39498649773853883	0.45652173913043476	0.41604357046245244	False
27	2052-10-01	GARW	south	0.45783256032538916	0.21886770063296487	8.991386101141996	0.050919019067287054	-0.9244075379035048	-4639.272647308134	6	178.0	177.85489832765634	0.6164566191253331	0.5987465398584942	0.7049180327868853	0.616750719980512	False
28	2053-10-01	GARW	south	0.006783247271786458	6.164423477551639e-05	0.17561032959704564	0.03862669859655326	0.9872523695581127	0.5178414057152383	12	646.0	645.8470443385821	0.9846165659178897	0.9794244442454166	1.0	0.9871261070367526	True
28	2054-04-01	GARW	south	0.11577735928768287	0.020569064739821643	2.978715337144514	0.038868218739784154	-0.7435050451484175	-26.51994345605956	25	1295.0	1294.7112861162498	0.9835507144735955	0.9875123884037309	1.0	0.9888400243939642	False
28	2054-10-01	GARW	south	0.16175103374511546	0.054353378292700344	4.403409766989864	0.036733132346138016	-0.9313472387250127	-116.68993188034256	23	769.0	768.9634850868119	0.8230582677509983	0.8271578094173411	1.0	0.9907626130442077	False
29	2054-10-01	GARW	south	0.048536247805432	0.0031367731848210172	1.4646581676689772	0.033138276819005545	0.9894737434592749	-56.28251930575965	6	130.0	129.9905822725255	0.4140945623484518	0.4012222457694357	0.48148148148148145	0.4851651191307189	False
0	2025-04-01	GARW	tropics	0.3241980231520838	0.11764716707222786	13.651152864960213	0.023748765130616585	-0.9370580498308065	-3549.231286757289	4	49.0	48.13128954968529	0.41387389022782517	0.38383332991939706	0.5172413793103449	0.5691970881366526	False
1	2025-04-01	GARW	tropics	0.4450700912166296	0.21583840182915026	24.319138201219218	0.018301227927325008	-0.2514931712970093	-4784.983624719804	11	192.0	191.93670918792594	0.686806031026059	0.6776351272955417	0.8529411764705882	0.8235228698759803	False
0	2025-10-01	GARW	tropics	0.011113144645592227	0.00015000863002281227	1.0549016186505213	0.010534768787072935	-0.7880908682834465	-1.7533787509067142	5	61.0	60.556748006007396	0.3869130656706322	0.3454224286519624	0.5172413793103449	0.45560873681172487	True
1	2025-10-01	GARW	tropics	0.005143010204504332	3.313234638790914e-05	0.5365005926615947	0.00958621532734887	0.9002238390440749	-2.2027503013631407	37	854.0	853.8658860737049	0.7609589342857639	0.7557798200026167	0.96	0.8294089896519462	True
0	2026-04-01	GARW	tropics	0.0021548480156870246	7.134024961574801e-06	2.1722427628456122	0.0009919922637303205	1.0	-15.42028093662001	2	23.0	22.510361853357118	0.21924502864846646	0.11712526733512973	0.27906976744186046	0.14335715265831372	True
1	2026-04-01	GARW	tropics	0.03401801085476123	0.003113438580806659	0.6559464776480333	0.051860955144902174	0.03556492442901935	-22.177865966581244	47	1338.0	1338.0870966340087	0.5878628623718201	0.5778583628014061	0.96	0.8057976890221556	True
2	2026-04-01	GARW	tropics	0.005279825496284728	6.030859541338665e-05	0.20488372678727235	0.025769862639050345	0.9437641446728886	0.5455370368939432	25	1978.0	1978.0090074007355	0.5868278796163612	0.5783297952069428	0.815028901734104	0.8025556954939391	True
3	2026-04-01	GARW	tropics	0.011742872419011612	0.0001469913941288218	0.41427631627559147	0.02834550747332568	0.9912029610548565	-1.5869022983327632	8	182.0	182.014072259083	0.14121869805848264	0.13757968430180295	0.24161073825503357	0.20034947270657721	True
0	2026-10-01	GARW	tropics	0.001903250490829724	3.6223624308435856e-06	0.7688487251819995	0.002475455090829724			1	11.0	10.720974497689161	0.15942028985507245	0.06699515387720058	0.15942028985507245	0.06699515387720058	True
1	2026-10-01	GARW	tropics	0.002180731357146696	6.973963998275333e-06	0.09112469369342771	0.02393128875125074	0.9705219592500401	0.8969888167175012	21	657.0	657.0896144168526	0.3376572939287338	0.3284703918673103	0.6938775510204082	0.6733373773567578	True
2	2026-10-01	GARW	tropics	0.00511767997767532	0.0001143974623988051	0.06615082295508294	0.07736381422118173	0.9110688725099747	0.8142257836352584	36	2504.0	2503.9375884279125	0.5592912632538414	0.5568656899555413	0.815028901734104	0.732601322334846	True
3	2026-10-01	GARW	tropics	0.002916956702508845	1.690852637014277e-05	0.06073074788529561	0.048030969551341736	0.9613247962422162	0.9144829826264489	34	1055.0	1054.9971675863435	0.578109130489318	0.5827699143707924	1.0	0.9742536523057465	True
2	2027-04-01	GARW	tropics	0.0012949854612481983	1.9055668553100896e-06	0.0460962573773643	0.028093071648894963	0.8197581678918004	0.5213111119483864	10	387.0	386.8784080293222	0.44758451275674166	0.41636822248742	0.6039603960396039	0.587335551292252	True
3	2027-04-01	GARW	tropics	0.0015661969685029093	4.46346543219761e-06	0.11187315869831004	0.013999756391311837	0.8662250366357339	0.7349449740538442	33	902.0	902.194714462811	0.8082328114334134	0.8043044278269909	1.0	0.9987206587132914	True
3	2027-10-01	GARW	tropics	0.0022063213000689404	7.25798106674093e-06	0.1479531897913466	0.014912292889260723	-0.3748610744012008	-0.4521918505371887	6	71.0	71.06415744936513	0.9848484848484849	0.9673199153964694	1.0	0.9777554215455266	True
4	2027-10-01	GARW	tropics	0.0065969503800349045	5.5919334956355354e-05	0.1869585595723754	0.03528562904594423	-0.2448235557667361	-0.03013087759368127	9	173.0	172.91562330828356	0.8470687645687646	0.8484534069671673	0.9230769230769231	0.9272602567074646	True
4	2028-04-01	GARW	tropics	0.0019141723029389498	6.745888637492079e-06	0.0654874998499235	0.02922958285666155	0.9815454362714605	0.9521030177754776	35	1881.0	1880.9990990827155	0.9341433509932668	0.93669011913719	1.0	0.9994270308328443	True
4	2028-10-01	GARW	tropics	0.02915804422023636	0.001885034660322477	1.429561421392661	0.020396496284735326	-0.39173157254924795	-13.017734446900773	37	1940.0	1939.9693868737131	0.969908647530965	0.9614334236036488	1.0	0.9931829273608981	True
4	2029-04-01	GARW	tropics	0.005810501757375084	3.837191236485105e-05	0.2750284407688661	0.02112691233361654	0.5186970191368946	-5.6270100249293415	11	219.0	218.99856322642898	0.9579683784229239	0.9602141426146513	1.0	0.9860985238939808	True
5	2029-04-01	GARW	tropics	0.0063583136519701966	7.943284505716396e-05	0.19834517847339767	0.03205680975412761	0.07381607569984353	-0.03307493236747927	13	343.0	342.96923002581	0.9632844117825344	0.9659899535639926	1.0	0.9830709623540913	True
5	2029-10-01	GARW	tropics	0.004505346413954311	4.1516640322234424e-05	0.13694719507982459	0.03289842052864397	0.8809298357379375	0.6517682403648597	39	1709.0	1708.9894079953112	0.8948198755442965	0.8916879181326627	1.0	0.9756475863634583	True
7	2029-10-01	GARW	tropics	0.007747083145998343	6.978539390429752e-05	0.8607106990073264	0.009000798009056002	0.9600017587948912	-4.456660288971493	3	35.0	34.70773599282182	0.21363871635610765	0.15700333932062924	0.2391304347826087	0.20893248421049765	True
5	2030-04-01	GARW	tropics	0.03682681546682412	0.002839879186923031	2.000711284379427	0.018406861476890666	0.21188129765772126	-33.865527993942436	35	1479.0	1479.0001542568375	0.7691658749640824	0.7605760496748281	0.9649122807017544	0.9453342513418589	True
7	2030-04-01	GARW	tropics	0.01255770465812911	0.0009369268709972393	0.7717509800510742	0.016271705488858652	-0.8531677325484701	-42.199419214123154	20	257.0	256.7730662898242	0.5428000282818017	0.5171081868392928	0.8666666666666667	0.800810380310165	True
5	2030-10-01	GARW	tropics	0.0016751698352856865	4.556210973662138e-06	0.08345540246995813	0.02007263503268954	0.37092478147896435	-0.6820872767918849	7	112.0	111.94370354220702	0.5201197787404684	0.49672494540259343	0.6486486486486487	0.6195771899738257	True
7	2030-10-01	GARW	tropics	0.003405121571188523	2.614870073502475e-05	0.2357749478770822	0.014442253521199941	0.7149916057164305	-0.18524447186952586	20	255.0	254.71843636317078	0.6214593490335136	0.592547927575288	0.9166666666666666	0.7740609881742891	True
7	2031-04-01	GARW	tropics	0.0034889269478083225	1.6860498403920217e-05	0.3304165485362703	0.010559177387646303	0.570477992229354	-0.4652000725046517	5	52.0	52.00242127349407	0.784895104895105	0.6692919119732685	0.9090909090909091	0.7745626546401864	True
8	2031-10-01	GARW	tropics	0.001472845514976574	3.134460257000006e-06	0.1336454637799516	0.011020542510905023	0.656563694561747	0.16640951776982094	19	325.0	324.8162572549859	0.6819542506319967	0.6670477648283967	0.8214285714285714	0.7812037427693463	True
7	2032-04-01	GARW	tropics	0.0011212721452391718	1.2572512236892544e-06	2.5657764731799966	0.0004370108452391719			1	12.0	11.7659208200452	0.1791044776119403	0.12830784745142465	0.1791044776119403	0.12830784745142465	True
8	2032-04-01	GARW	tropics	0.000894463369108876	1.440012265053028e-06	0.08267541366327417	0.010818976639801343	0.9744977444028959	0.9416294284830894	44	1450.0	1449.9924483615591	0.7738712743099035	0.772085870292631	0.9649122807017544	0.8697318170053739	True
7	2032-10-01	GARW	tropics	0.00695552353853273	4.8379307695082865e-05	7.855917427951277	0.0008853865385327302			1	12.0	11.807746583771669	0.1791044776119403	0.1166581415448231	0.1791044776119403	0.1166581415448231	True
8	2032-10-01	GARW	tropics	0.03645847274814184	0.0037019114112341665	2.6011785105835035	0.01401613637810785	-0.5904780740919657	-78.18326799109167	42	1489.0	1488.804896405444	0.8619970831794183	0.8601929108422117	1.0	0.8849689629781403	True
8	2033-04-01	GARW	tropics	0.005331789350205413	3.186374707811418e-05	0.3977744285522368	0.013404052567208271	-0.5456904699219421	-8.605322771033002	16	326.0	325.7465269212744	0.8751298374407558	0.8891842172982796	1.0	0.9068654608735903	True
9	2033-04-01	GARW	tropics	0.0016432387486307303	3.6754182660268234e-06	0.0903568540687312	0.01818609961100215	-0.19121351508075993	-0.438798985317302	10	158.0	157.91619533971212	0.76948926369979	0.7514994404551335	0.9285714285714286	0.8511061057121861	True
9	2033-10-01	GARW	tropics	0.006180108287574817	0.00011306614845258449	0.10171892291811463	0.060756721662791335	0.8263220067015695	0.5950395452881097	35	951.0	950.8068348865781	0.5269986131823994	0.5185503241103545	0.9285714285714286	0.7621070311207142	True
10	2033-10-01	GARW	tropics	0.003494898112526142	2.0498040679048843e-05	0.12530042320992835	0.027892149307993868	0.9345295334854977	0.7785110492141768	23	1351.0	1350.998754255851	0.58077066761196	0.5778485524693253	0.8586956521739131	0.9093841968403557	True
9	2034-04-01	GARW	tropics	0.04692639434824912	0.00355590838407385	1.7732270885517272	0.02646383796594038	0.015101619863637394	-32.60403146365186	23	722.0	721.9565654271946	0.37643083217160617	0.37622056828701783	0.7272727272727273	0.6904958952743894	False
10	2034-04-01	GARW	tropics	0.09078627693754666	0.011523576860481288	2.764717432092308	0.032837452350000414	-0.5869506124395041	-39.19645883148525	42	2129.0	2128.8314198319545	0.6841112286528718	0.6800770928284453	0.9574468085106383	0.8872873655641691	False
11	2034-04-01	GARW	tropics	0.1954707711874179	0.038593627381637914	9.139496022155491	0.021387478118439773	0.9488253598613516	-1983.2370191745392	8	118.0	117.7820936772915	0.6360188014599779	0.5893651840414151	0.7727272727272727	0.8274481769891834	False
10	2034-10-01	GARW	tropics	0.0016237238435681083	4.537300680302783e-06	0.08366692173286247	0.019406998727076945	0.44911997456244046	0.11970007842148034	16	540.0	539.8207993592791	0.8036154581461961	0.7550272155076303	0.9574468085106383	0.9062565684634207	True
11	2034-10-01	GARW	tropics	0.002310654060381554	1.1104074502596164e-05	0.12997134353938766	0.017778180924022786	0.92910814924699	0.8443634665250404	35	1507.0	1506.8273072781506	0.8965798410428177	0.8574437498683587	1.0	0.9998322011302245	True
11	2035-04-01	GARW	tropics	0.0010061814407615192	1.9741536587969525e-06	0.0587956546722281	0.017113193931945197	0.9902261397879457	0.9788020245312808	41	1825.0	1824.9442590086633	0.9861328726005499	0.9778069876040545	1.0	1.0	True
11	2035-10-01	GARW	tropics	0.0021552070348713386	7.058996219295086e-06	0.12497175995609926	0.017245552400225708	0.6505826215262783	0.27004455086343904	15	415.0	414.96234819964087	0.9853042328042328	0.9907524892874956	1.0	0.9996185177680447	True
12	2035-10-01	GARW	tropics	0.001995590137717742	7.481554832641063e-06	0.05823834595149572	0.03426591372254606	0.9868798638491512	0.9166314687219235	18	1682.0	1681.8718465598167	0.9513617543565646	0.9236630270200327	1.0	0.9846788228120008	True
12	2036-04-01	GARW	tropics	0.0009292433079665393	1.4416794588162455e-06	0.027870657769919087	0.03334127653669786	0.9990863799993035	0.9974494320425767	37	3345.0	3344.8198332026964	0.9192422546883899	0.8969508821540917	1.0	0.9913666643722365	True
13	2036-04-01	GARW	tropics	0.0016695137558578974	3.678536754637216e-06	0.15010559862580283	0.011122261735352166	1.0	0.83018702564268	2	25.0	24.70735144648122	0.17584745762711865	0.11998696954049057	0.25	0.154313531756013	True
12	2036-10-01	GARW	tropics	0.3375045566977292	0.12840853874798075	11.964417291362267	0.02820902585380328	0.03366417710901723	-3461.2454099014208	17	1258.0	1257.9459096267997	0.8785433760492833	0.861616948929228	0.9668508287292817	0.9756852398800294	False
13	2036-10-01	GARW	tropics	0.3395477055509913	0.11723623391374272	13.117621191494264	0.02588485370893017	1.0	-352.099206605424	2	25.0	24.88861266004553	0.17584745762711865	0.12403199395535175	0.25	0.18415340919156187	False
14	2037-10-01	GARW	tropics	0.0045921542070154	3.841186099420907e-05	0.1566878255715051	0.029307664397447093	0.9571498712818207	0.8003559969270504	28	2385.0	2384.9860121155057	0.981509926538763	0.9843045534244614	1.0	0.9926838519658824	True
14	2038-04-01	GARW	tropics	0.008799266484230836	9.973089431605236e-05	0.33927724915201846	0.02593532724703326	0.9726274203970514	0.6787554349145128	36	2772.0	2771.950875589546	0.9735579137949093	0.9663894320741334	1.0	0.996976820701904	True
14	2038-10-01	GARW	tropics	0.42163158829170305	0.18314714792410308	17.421974472544562	0.024201136843367315	-0.8913876589306188	-58176.6379858781	9	253.0	252.93385416786364	0.935668675689058	0.9243966506322473	0.96875	0.9670650803421341	False
15	2039-10-01	GARW	tropics	0.13535330934803358	0.025916724871934353	13.235116363334988	0.010226831833757086	-0.4368461786191777	-1549.8839267102449	21	276.0	275.76249785448766	0.8996938248983805	0.8863452319948161	1.0	1.0	False
15	2040-04-01	GARW	tropics	0.0013526429428968021	3.1611130075097757e-06	0.27701938119486175	0.004882845875485232	0.5502350880781597	0.25547546485001016	30	397.0	396.99300092772785	0.7274506670503701	0.704013179051754	1.0	0.9552145860406811	True
16	2040-04-01	GARW	tropics	0.0009548529751364244	1.3457440653376535e-06	0.10939661224557991	0.008728359640542749	0.7166366890173465	0.36632600037515484	15	252.0	251.90004146679127	0.6440495014891565	0.6174250780195083	0.8181818181818182	0.7334858944913913	True
15	2040-10-01	GARW	tropics	0.0027827530857591344	9.161231976453215e-06	0.593562930966251	0.004688219126536656	0.6543590562296059	-2.5556256937830306	11	147.0	146.58411995852262	0.5293346834744584	0.5072537443943571	0.6956521739130435	0.6199111383878662	True
16	2040-10-01	GARW	tropics	0.02781011999312184	0.0016552206181308427	3.2643930184960457	0.008519231549494728	-0.26482403185623815	-86.06730727498255	40	755.0	754.8922485587195	0.7718739355799178	0.7634977905148361	1.0	0.9142331035521467	True
16	2041-04-01	GARW	tropics	0.0031028096636401977	1.227061507076713e-05	0.4197013180421283	0.007392899498420797	0.7085075158674247	-0.7869202331582454	36	626.0	626.0708426127344	0.8937178224798998	0.890076107996439	1.0	0.9536141377169248	True
16	2041-10-01	GARW	tropics	0.003124168388509576	1.71466088420422e-05	0.41068582120595876	0.007607198075004413	0.5240956164804604	0.12522778496463194	13	174.0	174.13109675701668	0.9343708641785564	0.9184969645059038	1.0	0.9606540249423817	True
16	2042-04-01	GARW	tropics	0.008214059789371687	7.536313660900063e-05	1.0337093714011436	0.007946198435095855	-0.37375495501047845	-10.18597519496301	15	184.0	183.23438883579948	0.6267427221644154	0.5753059135458619	1.0	0.9311558530155691	True
17	2042-04-01	GARW	tropics	0.004750811257271252	2.4850872739799606e-05	0.37723173131025595	0.01259388026762766	-0.1748610910624269	-9.980785535042251	11	166.0	165.88154616406632	0.5977767330378372	0.5896730849746925	0.7272727272727273	0.6643521020650375	True
16	2042-10-01	GARW	tropics	0.0013361253259359298	2.5783379434532614e-06	0.3768706674975075	0.0035453152531292886	0.5898511079254251	0.28208353869375224	16	205.0	205.14439007745574	0.47216933432012187	0.41399692437051705	0.6875	0.6662528688922472	True
17	2042-10-01	GARW	tropics	0.0011498596332499274	1.845748828882125e-06	0.0874926395957644	0.013142358472238769	0.960165611663845	0.9197380823946787	37	1230.0	1229.877133091359	0.7607279143020645	0.7598520611736722	0.96875	0.8907221198933529	True
16	2043-04-01	GARW	tropics	0.0007186956563930343	7.445973798090069e-07	0.12169733082250475	0.005905599174079258	-0.07843349976298486	-0.30900085465298033	3	43.0	42.52374120901696	0.310794274168303	0.21551086617885895	0.33962264150943394	0.25646932037091763	True
17	2043-04-01	GARW	tropics	0.0025547394206271025	1.2026501742189406e-05	0.11722442105704456	0.021793576778544273	0.9275393649587061	0.8346461800840836	44	1529.0	1529.0080655668742	0.682369144320669	0.6779832325672053	0.96875	0.9111650520620954	True
18	2043-04-01	GARW	tropics	0.003948200194120722	2.2727834689343164e-05	0.24511588989999802	0.016107483671219773	0.6776670282195615	-0.7196717856782242	22	1037.0	1036.9988032675221	0.6813233895149056	0.6638842167115749	0.9855072463768116	0.9929723837954505	True
17	2043-10-01	GARW	tropics	0.0024815413667043044	1.0210690474824493e-05	0.1925743703393248	0.012886145556813793	-0.02282446906491664	-2.453703026870679	18	433.0	433.0233546530391	0.4493872847876751	0.4327970219922538	0.864406779661017	0.8038622239041555	True
18	2043-10-01	GARW	tropics	0.00178160386436605	7.882137263183633e-06	0.061112752248860695	0.02915273488438354	0.9783474885096966	0.9562010479367477	47	2131.0	2130.7585108950643	0.8237558968793254	0.8185184613725969	1.0	1.0	True
18	2044-04-01	GARW	tropics	0.002516350663656452	1.2758145265379687e-05	0.11580073382437021	0.02173000619730863	0.9146989322495284	0.5530999356570644	23	916.0	915.9441420311252	0.9462046392020625	0.9240266043512689	1.0	0.9916554178416042	True
19	2044-04-01	GARW	tropics	0.002034850042366662	6.5323811895326005e-06	0.1590008128290513	0.012797733584886879	0.5536791264081544	0.1174671517775201	14	265.0	264.9380807619527	0.9202104139146697	0.911368462090533	1.0	0.9943577667484835	True
19	2044-10-01	GARW	tropics	0.01090836860025008	0.00014642262871233138	0.9183502751870922	0.011878222171848054	0.8827569694407296	-3.8239051524275123	40	1089.0	1088.8733507434863	0.9491608762426701	0.9448026925118075	1.0	1.0	True
19	2045-04-01	GARW	tropics	0.0029682531677142333	1.2177294102467186e-05	0.27918621455300574	0.010631804197304615	0.8920632425882906	0.5928296026472146	35	970.0	969.7770699301794	0.8845257084014205	0.8774554267059366	1.0	0.9980441151997806	True
20	2045-04-01	GARW	tropics	0.00421870573733425	1.990645932267179e-05	0.34693248145061756	0.01216001949340319	-0.3218331481768083	-7.312165451345448	12	185.0	184.37021934719192	0.6557257596550451	0.6225693652919847	0.896551724137931	0.8410565362527411	True
19	2045-10-01	GARW	tropics	0.0019561097969154695	5.639058874615486e-06	0.15921379015580764	0.012286057602178855	-0.5611540788968288	-3.803353232791884	9	145.0	144.96777621761927	0.6904840805718	0.6701675586434297	0.95	0.8221665308920085	True
20	2045-10-01	GARW	tropics	0.0014618704056440065	4.160986931524272e-06	0.14715395022591823	0.009934292646576384	0.8638495488406353	0.6487170216814353	39	817.0	816.8348668932235	0.859653638586945	0.8510481752736007	1.0	0.9915087368987455	True
20	2046-04-01	GARW	tropics	0.03045723445515447	0.0025157040626492986	4.040689553830573	0.007537632884041047	0.002676759831375948	-301.1208097973888	50	1092.0	1091.9891250188305	0.8957044626088217	0.890884858046761	1.0	0.9744112721383205	True
22	2046-04-01	GARW	tropics	0.01615892021309315	0.0002611107024531104	0.5993233550999986	0.026961939786906846			1	12.0	11.82826627030201	0.34285714285714286	0.128449942551641	0.34285714285714286	0.128449942551641	True
20	2046-10-01	GARW	tropics	0.001859159782167309	4.817845380581675e-06	0.0975319903520731	0.019062051081456182	0.938610547325851	0.8249458423716898	43	923.0	923.0054590521086	0.6248131893269204	0.6191658900437799	1.0	0.9141749490522861	True
21	2046-10-01	GARW	tropics	0.0010077659529201986	1.559243807905821e-06	0.2813916926984146	0.003581363555036735	0.9950274152044745	0.7812242366701017	3	37.0	36.99180668333964	0.18168904595845914	0.10781724186793346	0.22950819672131148	0.12317582266073494	True
22	2046-10-01	GARW	tropics	0.002320613999410528	8.693352361109186e-06	0.07576285586664178	0.030629969961735424	0.9873544119333723	0.9140157144659098	24	1581.0	1580.9378765500078	0.6796424969535234	0.6632897685860678	0.9456521739130435	0.9881409580217325	True
20	2047-04-01	GARW	tropics	0.14506944915604297	0.02235076261443178	10.2931205741142	0.014093825882198732	0.9676626550884386	-1194.4948897265865	17	402.0	402.03971751455805	0.3344893893714592	0.33079614033234045	0.6041666666666666	0.6091761110429076	False
21	2047-04-01	GARW	tropics	0.07412780803368853	0.00550643868321151	17.73282315159886	0.004180259815369831	0.9749435543506173	-3290.3187602176954	3	37.0	36.93836826568059	0.18168904595845914	0.09524263376368065	0.22950819672131148	0.1141832724874296	False
22	2047-04-01	GARW	tropics	0.14385625438395902	0.025350931275066216	3.453972724693844	0.04164950503386221	-0.8128762050926962	-78.20443206929504	41	2257.0	2256.890406616872	0.8065379711834552	0.803735376970585	1.0	0.9592124271645326	False
22	2047-10-01	GARW	tropics	0.0025942299060204657	9.631986946228798e-06	0.10533210145085864	0.024629052969485952	0.8905118674408583	0.39512478870186585	16	525.0	525.1644386640482	0.9494824383634993	0.9402291328042034	1.0	0.9757637565088747	True
23	2048-04-01	GARW	tropics	0.0029240374549090705	1.0640395204425885e-05	0.3517340919467935	0.008313204553829223	0.8498459948742892	-0.23756087704387419	4	46.0	45.63604438762003	0.17277840707178393	0.155340424760895	0.203125	0.16588245521513803	True
24	2048-04-01	GARW	tropics	0.001021479147512388	1.5558053927605554e-06	0.04710592064356447	0.02168472951078902	0.9736489657825718	0.9283608161851383	20	763.0	763.0000470731387	0.8211613706147126	0.8119743544748594	0.95	0.8828432329823057	True
23	2048-10-01	GARW	tropics	0.03176837599965589	0.002032016329355811	5.692802619961316	0.005580445717240019	-0.9741969809542284	-142.9206492211037	7	80.0	79.66739247148534	0.16187054586165422	0.12292175814235025	0.203125	0.14997478334883624	True
24	2048-10-01	GARW	tropics	0.03702369529529149	0.0028737465020116366	1.7649335437185094	0.020977387747578798	0.11653409868869044	-18.676178406047082	46	1891.0	1890.7085570815045	0.8769612000411062	0.8706562544827179	1.0	0.9718499048786865	True
23	2049-04-01	GARW	tropics	0.004338401238647542	2.0466168355968957e-05	0.37451287157850766	0.011584117844500039	0.8100048648090803	-4.520772747050509	3	34.0	33.912058481569666	0.1473267309148146	0.11460834074501346	0.14925373134328357	0.12021489949156434	True
24	2049-04-01	GARW	tropics	0.0031222066740193488	1.3997008533171386e-05	0.20026722500029176	0.015590202910210595	0.8666301608449417	0.34510822407703823	25	976.0	975.9231661401367	0.9193819045734172	0.9198205101961014	1.0	0.9334153442430655	True
25	2049-10-01	GARW	tropics	0.14807634112240428	0.060590653520962816	15.443731460410373	0.009588119393424728	-0.5429630172473794	-783.7884415791135	3	37.0	36.68462347492896	0.18491259116259115	0.12312256329540398	0.2972972972972973	0.16813792626668378	False
26	2049-10-01	GARW	tropics	0.0881303770329573	0.00980681175245139	3.3775176890490144	0.026093239220834872	0.7881255830187591	-374.0315187166297	20	1021.0	1020.9251771790592	0.8213300294002822	0.8104344927244777	0.9603960396039604	0.9469542345173164	False
25	2050-04-01	GARW	tropics	0.022125267197954854	0.0005037682232451468	2.317713373048528	0.00954616194359405	0.970896004821866	-13.112048763562466	3	37.0	36.6682845427854	0.18491259116259115	0.13970924890449585	0.2972972972972973	0.20386449436413415	True
26	2050-04-01	GARW	tropics	0.011824357951784874	0.00019691861484538817	0.5480885262912752	0.021573810405768206	0.6297170179238188	0.2066262490656119	46	2623.0	2622.944223223923	0.9047595805758598	0.8976380045998333	1.0	0.9913379809352204	True
26	2050-10-01	GARW	tropics	0.2681055833070477	0.08030521379226128	11.812543339462406	0.02269668568422364	0.2911872701935784	-2186.0154755565836	25	1388.0	1387.9822872561135	0.9705736047393565	0.9673092889811236	1.0	0.9891799775412352	False
26	2052-04-01	GARW	tropics	0.0034153922512944693	1.5710143385075027e-05	0.21742854779168938	0.015708113244478992	0.6082260877790212	0.27064472145977236	25	459.0	458.999842930888	0.46480898236282486	0.46205662241984735	0.696969696969697	0.5507621084410338	True
27	2052-04-01	GARW	tropics	0.0033974514609234814	1.5085960606482666e-05	0.26144511094384315	0.012994893837021237	0.7954821610269583	0.6035897850642757	24	538.0	538.1219859520525	0.5347508401926009	0.5329910805773312	0.660377358490566	0.6063104804501293	True
26	2052-10-01	GARW	tropics	0.01757469676974627	0.0021541135910215915	1.347085676990375	0.013046458046388867	-0.35158870962321637	-41.27443272479539	34	579.0	578.9160028829426	0.4189850759756879	0.4097187155588665	0.696969696969697	0.5245042529387061	True
27	2052-10-01	GARW	tropics	0.044950888780768035	0.006483224879684982	3.2919545194978395	0.013654772116239602	-0.4864029664027619	-112.3473805378291	43	941.0	940.7554328453335	0.558849684638436	0.5546153243690757	0.75	0.6156536101776473	True
28	2052-10-01	GARW	tropics	0.23261612398476933	0.06976096736327018	19.920960246254143	0.011676953375202359	-0.3790492732270711	-45944.99275435518	7	97.0	96.64192077878984	0.5387057387057387	0.5156174797753481	0.6153846153846154	0.6517620131004976	True
26	2053-04-01	GARW	tropics	0.0016541537007694418	3.6149348220256547e-06	0.12359680605151525	0.013383466398638078	0.8734268750956597	0.10425660854809116	8	110.0	109.80328907892016	0.33093768797288187	0.2842357639671062	0.37735849056603776	0.3336638768129054	True
27	2053-04-01	GARW	tropics	0.0028532831406228904	1.0468613634549935e-05	0.246323757689973	0.011583467089739992	0.8525060263608469	-0.20066729317897036	18	355.0	354.9696234793301	0.5728915233042673	0.5544286795374109	0.75	0.6256024583428985	True
28	2053-04-01	GARW	tropics	0.004282862039837157	2.605707310531632e-05	0.4883971261012445	0.008769220396578094	0.8071490888342421	-0.5228611948595265	32	706.0	705.5760882744538	0.8042153440987911	0.788566078182806	1.0	0.9531732588667808	True
28	2053-10-01	GARW	tropics	0.002109044253026046	7.988120453525798e-06	0.2764466254927613	0.007629119180842636	0.8931026016758358	0.21852273324313332	49	1143.0	1142.7970457846081	0.9286459771315029	0.9242868189600866	1.0	0.9751919949916472	True
28	2054-04-01	GARW	tropics	0.008108602116127468	8.322191909951483e-05	1.3391086234101226	0.006055223582593631	0.42770095880057546	-20.605392611695564	48	887.0	886.9996683870304	0.961215719385876	0.9623959537831185	1.0	0.9833580521624242	True
28	2054-10-01	GARW	tropics	0.0019441534685229226	8.22263808724285e-06	0.13484541161329158	0.014417646438711225	0.13475385101962797	0.013043344977315297	44	657.0	656.6534278666347	0.8429959356597057	0.838879784136708	1.0	0.9627594393589499	True
29	2054-10-01	GARW	tropics	0.003175008373482473	1.1770804009296427e-05	0.1850593054553548	0.01715670749801035	-0.007898587284493844	-5.964835428676356	11	180.0	179.9933382119639	0.5555881712169746	0.5268717949465631	0.7586206896551724	0.7489525056694503	True
