variant	pivot_date	model	location	mae	mse	normalized_mae	max_r_data	correlation	r2	n_points	total_sequences	total_smoothed_sequences	mean_variant_frequency	mean_smoothed_variant_frequency	max_variant_frequency	max_smoothed_variant_frequency	converged
0.0	2027-04-01	FGA	north	0.025105772778390212	0.0018843197248889693	0.18690851364688638	0.13432118360226677	0.9426499166005997	0.31673450596258734	10	218.0	217.82343999263492	0.15886256504517424	0.15460114545753154	0.3548387096774194	0.3198194251531834	True
1.0	2027-04-01	FGA	north	0.0017021507525883772	5.622489308368873e-06	0.026126094448167627	0.0651513664227666	0.9986463062070312	0.986014345863124	12	1694.0	1693.8605099135552	0.8419974050532409	0.8164823990604554	0.926829268292683	0.9793959318619958	True
0.0	2027-10-01	FGA	north	0.004686791382815383	3.3082945933873e-05	0.08569563053606472	0.05469113598321635	0.9974376857725384	0.9696366329373337	13	270.0	269.8341452121702	0.1379864811782629	0.15154938486114441	0.3548387096774194	0.278475164140033	True
1.0	2027-10-01	FGA	north	0.002872977878350565	1.1508061336576603e-05	0.043773814306752194	0.06563234033519905	0.9989688497391839	0.9940631440192441	25	3073.0	3073.0043218932083	0.9032992629120957	0.87802070083939	1.0	0.9832595970636284	True
0.0	2028-04-01	FGA	north	0.27358376507930215	0.07484807651496679	6.564814765343699	0.041674255079302114			1	11.0	11.317594627938085	0.046610169491525424	0.05588377261029898	0.046610169491525424	0.05588377261029898	False
1.0	2028-04-01	FGA	north	0.09382329030779989	0.008937314237770498	1.7722421667244626	0.0529404457638023	-0.7261769371736562	-127.43279659772821	11	907.0	906.943966310269	0.968941786449001	0.9615238288166489	1.0	0.98663889593289	False
2.0	2028-04-01	FGA	north	0.05726100755693153	0.006670673952244876	1.9167986888771156	0.029873250586620412	0.6597543455988851	-55.78915694230621	11	290.0	289.90391157513653	0.5190997328227005	0.5209980505301847	0.8	0.7005533674335369	False
3.0	2028-04-01	FGA	north	0.038212046817612026	0.0016943136606333798	0.7447043386881427	0.05131170161426165	-0.911135778399295	-16.450387920304728	9	335.0	334.99929322708533	0.5281262869528994	0.5080506788024449	0.6226415094339622	0.6640283890297386	False
2.0	2028-10-01	FGA	north	0.018409912248156506	0.0007222147082619308	0.5197682381872147	0.03541946370629415	-0.14046834362696217	-0.4652711397693683	18	464.0	463.71633929625534	0.4139544789266174	0.42138671007175726	0.8	0.6508194161522951	True
3.0	2028-10-01	FGA	north	0.04304783029492009	0.003087146631845799	0.9062951616686944	0.04749868708960037	-0.7355989953291433	-2.7236543702031537	25	1109.0	1109.0010188341087	0.7051568584668663	0.678952652399871	1.0	0.8675225743940149	True
2.0	2029-04-01	FGA	north	0.2273449120422403	0.05181011222294697	7.7614813763539665	0.02929143304200491	-0.6782456847253572	-834.5059389915396	5	116.0	115.93814709279883	0.2498086930579571	0.22665639088326225	0.3125	0.2417480747827572	False
3.0	2029-04-01	FGA	north	0.17231155445152935	0.0404622093112245	3.2615774848064802	0.052830740724147826	-0.4652488080672635	-67.50220579893234	29	1116.0	1116.002043297885	0.8528533875161947	0.8466071504468584	1.0	0.9514170416744429	False
4.0	2029-04-01	FGA	north	0.15127222459389542	0.023361459488472253	2.9295609400967515	0.05163648331169363	-0.9258493987360303	-107.21632289312136	4	44.0	44.000123364533295	0.1792277200656096	0.14921591545624022	0.22	0.1860539301502048	False
3.0	2029-10-01	FGA	north	0.14860540801780733	0.022623323258626926	2.82089977668289	0.052680144557476334	0.9186115131131246	-38.744767764710005	23	746.0	745.8134126962302	0.8273329833401545	0.8170508431831448	1.0	0.948214697407349	False
4.0	2029-10-01	FGA	north	0.21297543388566414	0.04538359689460219	3.8515909015232777	0.05529544526689837	0.986762547265033	-93.54463951014914	8	103.0	102.75637684970306	0.2508230835240275	0.22870330976477965	0.3333333333333333	0.3116736549835871	False
3.0	2030-04-01	FGA	north	0.303333921103865	0.0921517451259718	6.8987714004787	0.043969266916543556	-0.28810760883492714	-1000.8072932532697	7	184.0	183.4469011124396	0.6988293611039553	0.6714603599043384	0.8	0.699973348045053	False
4.0	2030-04-01	FGA	north	0.05541986579314471	0.0036646316880580916	1.1503202748240116	0.048177770144600326	0.863843159024666	-4.4105346788132245	7	91.0	90.88480769683333	0.3481668184085121	0.3192146439437425	0.41935483870967744	0.4278766815697449	False
5.0	2030-04-01	FGA	north	0.05766409338531263	0.003896773550102443	1.8461802642275456	0.03123427029453144	-0.9139361296779104	-9.895162629873564	7	114.0	114.05446509329073	0.5948436029955178	0.6190849700210019	0.7419354838709677	0.6721911177736176	False
4.0	2030-10-01	FGA	north	0.015473825034809992	0.00044133074451276825	0.2826852085556149	0.0547387148902264	0.710203805364898	0.15086176372856097	4	46.0	45.77536866066527	0.39634573394306427	0.3293475172251316	0.41935483870967744	0.36182600835189155	True
5.0	2030-10-01	FGA	north	0.0062095734980812944	6.178884706016647e-05	0.14644382284058846	0.042402426935007904	0.9071012140587195	0.818757416283902	15	253.0	252.786291634628	0.6493908658666762	0.6509047231605656	0.8235294117647058	0.7430716027518744	True
4.0	2031-04-01	FGA	north	0.13916796578101165	0.020391740182178028	2.0791083957695684	0.06693636852421037	0.08186900470255679	-20.383246400310963	9	144.0	143.74836796669965	0.17293647035946055	0.1592260810916445	0.3793103448275862	0.2522644028350736	False
5.0	2031-04-01	FGA	north	0.061480615746594136	0.007939802932497532	1.3191338536277457	0.04660680610805074	0.6482149633763541	-14.161439340815964	24	1219.0	1219.0816454625756	0.837472313491164	0.8211156040422612	0.9615384615384616	0.9451749986533293	False
4.0	2031-10-01	FGA	north	0.22584358940759433	0.05140670125748781	5.930839443959357	0.03807953183383158	0.8446045015657228	-93.97671069068453	12	182.0	181.68852098863545	0.15525743864349803	0.1573937509829751	0.20754716981132076	0.18506370869799574	False
5.0	2031-10-01	FGA	north	0.027151602396014822	0.0011899189624899847	0.6191825584368664	0.0438507222563881	0.48770057430077307	-0.5125896779275276	27	1473.0	1472.8295492033371	0.8616982325409691	0.8485218943676751	1.0	0.9122643267016419	False
4.0	2032-04-01	FGA	north	0.07009034442879764	0.004912656382147483	3.883537161071537	0.018048068428797644			1	11.0	10.850163486474859	0.20754716981132076	0.20006676948161092	0.20754716981132076	0.20006676948161092	False
5.0	2032-04-01	FGA	north	0.035094933494557744	0.001238970069246064	0.8775275811355878	0.03999296916587193	0.9466750792344694	-71.63316122320896	6	153.0	152.98139274426046	0.828596573758467	0.8017193305472851	1.0	0.8233864216198298	False
6.0	2032-04-01	FGA	north	0.08434398520923253	0.00790129585721925	1.251441992235607	0.06739743890051056	0.05279912395574127	-9.014713268732333	15	3291.0	3290.9808730966047	0.9878025481664693	0.967449436327308	1.0	0.9964749152743664	False
6.0	2032-10-01	FGA	north	0.19488766140472663	0.038739466057734054	2.749955123356499	0.07086939701286964	0.9336576945312032	-14.293063142728283	25	4277.0	4276.979943886666	0.9903730838537141	0.9754928459696441	1.0	0.988629908408971	False
6.0	2033-04-01	FGA	north	0.01148681856255621	0.00015595427701946236	0.19163313554714692	0.059941713784306065	-0.004751136036280246	-5.52599958329256	7	335.0	334.79601094705055	0.9952841039797562	0.9786809057455115	1.0	0.9859291893197144	True
7.0	2037-04-01	FGA	north	0.037538171525858255	0.001818858209152423	0.8586289909404247	0.04371873291250518	-0.9173536334925636	-6.327724030683647	12	535.0	534.888787525339	0.6226565693481051	0.621910316528354	0.9333333333333333	0.807891603695958	False
8.0	2037-04-01	FGA	north	0.08830717430803497	0.008108063453530432	1.629412610298743	0.05419571061981924	-0.954319786883691	-49.34021494745158	9	399.0	398.9597752837656	0.4456440673799144	0.426400763211011	0.5714285714285714	0.573211364293714	False
7.0	2037-10-01	FGA	north	0.002919357838433169	1.514101804134647e-05	0.06777571641270076	0.04307380272687311	0.9972452163695005	0.9810408274698641	20	835.0	834.9655045444156	0.5231996761273636	0.5115731288163412	0.9333333333333333	0.78949511821349	True
8.0	2037-10-01	FGA	north	0.001986653660696608	6.947091128452366e-06	0.03754424903842311	0.05291499261746984	0.9988988811001953	0.9929183093384097	22	944.0	943.9356607356261	0.6102759581186724	0.5841801892758712	1.0	0.8017921229846942	True
7.0	2038-04-01	FGA	north	0.2231567610540721	0.049910300440876965	4.854764124122748	0.04596655066004805	-0.6748256880708448	-480.17468765650955	6	178.0	177.98277263028731	0.3514157417352906	0.340248691640116	0.43333333333333335	0.40316163883652856	False
8.0	2038-04-01	FGA	north	0.1932312379808169	0.05263885761776845	4.929702858003935	0.03919733978835741	-0.8080596358045105	-135.89262133611655	17	467.0	466.67706486233374	0.6752091848199493	0.6311208453324634	1.0	0.7963406893932649	False
8.0	2038-10-01	FGA	north	0.19250958662399367	0.03706443794976033	9.220510722328312	0.02087840819465825	0.9864945008972077	-569.5293924904472	7	92.0	91.68544939599607	0.5256659185413296	0.4939525182098597	0.7333333333333333	0.6730256924041819	False
11.0	2038-10-01	FGA	north	0.08253224015482843	0.00681565671697628	5.739799329996979	0.014378941738172557	0.9777206872387549	-73.5070848111421	8	108.0	107.73330217994467	0.47078966782273024	0.4249116295532539	0.6956521739130435	0.5245015994403683	False
10.0	2039-04-01	FGA	north	0.003502258569696893	2.73666518398157e-05	0.07391647875459605	0.04738129614269709	0.9974163374676777	0.96366009908198	20	755.0	755.0268825512746	0.27076009979777904	0.2763223774120475	0.4666666666666667	0.33701520706060123	True
11.0	2039-04-01	FGA	north	0.002621418449744434	1.2011429147662823e-05	0.0703798230333353	0.03724673261117469	0.9922034125852731	0.9726151115905185	27	2071.0	2070.7890422964088	0.5984884253302178	0.5867412550645964	0.7051282051282052	0.6602168625814587	True
12.0	2039-04-01	FGA	north	0.002559732127704912	1.153818702922939e-05	0.06758452917653485	0.03787452777866867	0.9992444148366086	0.964124506511329	9	209.0	209.0151930891393	0.11826656960316358	0.11960569946646858	0.21774193548387097	0.17680871317226307	True
10.0	2039-10-01	FGA	north	0.0017254160484385134	5.189926375948045e-06	0.0346733694388788	0.04976199533996909	0.9985267785066246	0.9930586681347499	22	798.0	797.8459470951614	0.2698051987555305	0.2638935078017336	0.4666666666666667	0.36844296141068267	True
11.0	2039-10-01	FGA	north	0.0012308365314274345	2.4540675277382294e-06	0.023373520909734075	0.05265944040612399	0.9991261471137198	0.9977716992439982	26	2115.0	2114.8986986348746	0.591312390863058	0.590097338931153	0.7051282051282052	0.663388348520521	True
12.0	2039-10-01	FGA	north	0.0041790115916066056	3.0678419067899855e-05	0.07418135497621575	0.05633506684997184	0.9953944022359396	0.9607404402399483	14	298.0	298.044185484412	0.19955584895215003	0.2259221016499966	0.4230769230769231	0.4155668359262027	True
11.0	2040-04-01	FGA	north	0.0004930011055905466	2.6555791093220173e-07	0.009026425400622557	0.05461753503845986	1.0	0.39886501173766153	2	22.0	21.93785761390165	0.39487179487179486	0.3961723598512884	0.4230769230769231	0.41005737357344085	True
12.0	2040-04-01	FGA	north	0.0027523526502397314	8.772164548150049e-06	0.09575155332269866	0.02874473107463693	1.0	-1.3800265335801383	2	23.0	23.18647361850116	0.4115384615384615	0.41904108061160605	0.4230769230769231	0.4422708952857108	True
13.0	2041-04-01	FGA	north	0.0075810589436071584	7.126195510387546e-05	0.13720880840481495	0.05525198441517202	0.990121079083875	0.948418998085559	27	5020.0	5020.0699733452375	0.9393205093422643	0.9258861668895944	1.0	1.0	True
14.0	2041-04-01	FGA	north	0.023831585043624273	0.0006601159585671332	0.5159970273346045	0.04618550840636994	0.9936545973582359	-0.035841316634575904	11	196.0	195.98278423378866	0.13822557794154014	0.14589060382801491	0.425	0.26396570460839536	True
13.0	2041-10-01	FGA	north	0.10974706659542278	0.01483447861264147	1.81606457806079	0.060431257743384696	-0.6844878123637264	-7.120719547252756	26	5020.0	5020.058428517212	0.9153139111057337	0.8801279602976366	1.0	0.9985682108575523	False
14.0	2041-10-01	FGA	north	0.15972495804353182	0.0450013141809431	0.3324728878654498	0.480414986824946	0.5732673269190662	-1.233032910237168	11	196.0	195.85675560370234	0.13822557794154014	0.19441517353739862	0.425	0.3891064239262124	False
15.0	2042-10-01	FGA	north	0.1305732532313974	0.017090031574095686	5.088963462939504	0.02565812354171929	0.9019483822676828	-120.13703626119053	16	211.0	210.83329100197477	0.9222826196099223	0.8237971699319351	1.0	1.0	False
15.0	2043-04-01	FGA	north	0.03516050611453145	0.0019942343858562377	0.23887297816945544	0.14719331748603537	-0.16128362206328833	-0.2267317830358495	36	2685.0	2684.938583967832	0.7348970435003003	0.719737173966472	1.0	0.9753647769077551	False
16.0	2043-04-01	FGA	north	0.19833132990779367	0.041652081714581346	3.038902774102101	0.06526412480122674	-0.7695362184761954	-21.235348400742648	17	4554.0	4553.976203792684	0.6224992970294602	0.5954014309132236	0.8969072164948454	0.9999035945028368	False
15.0	2043-10-01	FGA	north	0.0070670025886921395	6.244834794348856e-05	0.08603283779192236	0.08214308361865592	0.9868227731560426	0.9598818870782483	23	2520.0	2520.022384389849	0.5636305981643401	0.5567782196540906	1.0	1.0	True
16.0	2043-10-01	FGA	north	0.004752252244832752	3.4919192652247036e-05	0.0637244872674206	0.07457497813815069	0.9958448555157133	0.9875093488203697	22	4716.0	4715.948327977058	0.7039080724900643	0.6727263929391786	1.0	0.99997199314635	True
16.0	2044-04-01	FGA	north	0.042032146808160364	0.0018100621775859083	0.5880589908417176	0.07147607206548733	-0.996907806547898	-65.27515694474144	3	59.0	58.8919509991762	0.98989898989899	0.9826419779496759	1.0	0.9840614327802598	False
17.0	2044-04-01	FGA	north	0.20350077466091732	0.04216089608148432	5.220606717073927	0.03898029207895907	-0.7575696462273582	-73.6881191771844	19	1625.0	1624.995122041204	0.70030789394416	0.6908666987384299	1.0	0.9605240695736765	False
18.0	2044-04-01	FGA	north	0.06355896464058194	0.004767176217674582	0.9259699545748133	0.06864041789538078	-0.7936135650804594	-8.1275325203269	14	1291.0	1291.0143892193319	0.3888343067763977	0.3803843003751239	0.6707317073170732	0.705633675095903	False
17.0	2044-10-01	FGA	north	0.01936294550954312	0.0005783292247848261	0.2931330589929068	0.06605514088402994	0.9799883262593264	0.5145723687952807	24	1774.0	1774.1110704764758	0.5994119497610092	0.6040535384597031	1.0	0.9311034524943799	True
18.0	2044-10-01	FGA	north	0.024102659547900945	0.0007647829930411933	0.3483930437490102	0.0691823788688072	0.9123367259341016	0.517616361682866	24	1963.0	1963.0007582406479	0.5757406295228217	0.5641350449501411	0.9615384615384616	0.95879785252012	True
17.0	2045-04-01	FGA	north	0.09916734547853763	0.009860862983487192	1.644881478251392	0.060288444358895986	-1.0	-1313.3861779889946	2	35.0	34.71403581105439	0.17872664059104737	0.16866378244677332	0.1794871794871795	0.18063019199956099	False
18.0	2045-04-01	FGA	north	0.26168138405606317	0.06866414595245443	5.340172904520623	0.049002417849531	-0.9945126419283183	-1820.7238781331464	7	315.0	314.8090439748357	0.8720445613724996	0.8793580738254205	0.9615384615384616	0.9329374018179073	False
19.0	2046-10-01	FGA	north	0.06441084455007554	0.0042324150184542796	2.192110728310556	0.029383025099154785	0.9907258005648918	-14.269385529654642	16	355.0	354.84600654693054	0.9679899168719212	0.9336223697512108	1.0	0.9430363282760001	False
19.0	2047-04-01	FGA	north	0.14599602945284101	0.04676120731921414	2.020308459325626	0.07226422716735748	-0.28537525134448766	-39.80018599750704	15	266.0	265.76264193445184	0.3571240199172534	0.35037317811716195	1.0	0.9497775226806595	False
20.0	2047-04-01	FGA	north	0.1493875326856063	0.022790928036504187	2.183818968640642	0.06840655513611336	0.9608214397161039	-9.925545198217996	19	2717.0	2716.9968229212914	0.5392033983435548	0.5392469673547406	0.71875	0.6221815450957653	False
21.0	2047-04-01	FGA	north	0.08724304661616963	0.008321711832624874	1.1496498990456419	0.07588662138673057	0.9665478209351229	-3.8749703910580138	16	2162.0	2161.999358909352	0.41711158595781056	0.40080513844258625	0.5555555555555556	0.6071721983547419	False
19.0	2047-10-01	FGA	north	0.016432720539502975	0.000577294303315058	0.2825736615905626	0.05815375872969116	0.9878793784771762	0.36644567031620445	7	126.0	125.92250787279605	0.07274676588804609	0.0673765256853069	0.12389380530973451	0.1278415104252035	True
20.0	2047-10-01	FGA	north	0.0034658285938796063	1.65049164937116e-05	0.054178560205294886	0.06397048169509846	0.9967768522854789	0.9929239895247973	21	2767.0	2766.9601510412494	0.5297578606465736	0.5054809777098954	0.71875	0.5647623722882603	True
21.0	2047-10-01	FGA	north	0.004185017440427213	2.08795701185537e-05	0.053272244954066364	0.0785590591129718	0.9971822195253934	0.9919908129309685	20	2259.0	2258.995694003085	0.46721199603897573	0.45571313119385487	0.7777777777777778	0.6481829763515429	True
23.0	2050-04-01	FGA	north	0.01182250967924778	0.00028037662209343545	0.2957110184193796	0.039979943062118196	0.9671625208842869	0.4217723987522324	14	541.0	541.0233549988461	0.4613378791749487	0.46424866197047365	0.7333333333333333	0.7138051005113378	True
24.0	2050-04-01	FGA	north	0.008208408687951032	0.00014955927080100953	0.1470723825997868	0.055812033114930513	0.974733861720746	0.34311737361001315	11	977.0	977.0271712815058	0.5856630239758259	0.5735362074890421	0.7549407114624506	0.7859075794699993	True
23.0	2050-10-01	FGA	north	0.1772969418852896	0.031891350513789087	4.281551839739073	0.04140950489953532	0.9950203227092898	-36.89507059534787	18	672.0	672.0675131080283	0.3630410924367016	0.3699882260726465	0.7333333333333333	0.6989690541555403	False
24.0	2050-10-01	FGA	north	0.19278172455106	0.03798592019953346	3.252219571207217	0.05927697079797716	0.9953300328086082	-25.373795467062145	25	1923.0	2012.0033489909972	0.6951497951181651	0.6752192319156315	0.9615384615384616	0.8710110068698079	False
23.0	2051-04-01	FGA	north	0.10937309778696279	0.011989797145071196	3.0894621136287785	0.03540198706579924	-0.13873435188768143	-457.3204683510643	3	49.0	49.166061947106044	0.12480447572832791	0.1488995248999385	0.15037593984962405	0.154426287542947	False
24.0	2051-04-01	FGA	north	0.3129445701617653	0.09806804200526519	6.836755774561351	0.045773840763215494	-0.7069061458884527	-1311.0447624570672	11	611.0	611.0249789605944	0.8705898041912818	0.8381418587326003	0.9615384615384616	0.8795806357881845	False
25.0	2051-04-01	FGA	north	0.03617679201447936	0.001403412429736339	0.7908363137980791	0.045744980830149676	-0.982289299635429	-49.7638361702206	5	103.0	102.90870886274388	0.8268322052532578	0.83408521389334	0.95	0.9737580076988956	False
25.0	2051-10-01	FGA	north	0.0013069273783400412	2.705439350729598e-06	0.03372534948958269	0.0387520781287599	0.9967687701970528	0.992742688617743	26	673.0	672.6799108489907	0.9456660833893621	0.9017861081746756	1.0	0.9974018525314726	True
25.0	2052-04-01	FGA	north	0.1688700140147733	0.029420972952585493	3.681602510455319	0.045868616597039544	-0.40795557919819403	-56.5215703272921	43	3254.0	3253.8459643269284	0.9133052271090207	0.9098393618698017	1.0	0.9881360533567457	False
26.0	2052-04-01	FGA	north	0.05064562058704572	0.00643833903721676	0.9795891169378347	0.05170088122800135	-0.6597963746524121	-7.590021899044459	15	527.0	527.0004271399584	0.19203054128852984	0.19596193363979428	0.40963855421686746	0.3410354176114927	False
25.0	2052-10-01	FGA	north	0.22189224845588082	0.05014538701974623	4.125064761699675	0.053791215720078354	0.3920431050748304	-45.86483083739839	28	2918.0	2917.975008355081	0.8308815349049221	0.8198731996381717	1.0	0.9776013360222855	False
26.0	2052-10-01	FGA	north	0.20114856260562225	0.0417556263769545	2.849902156471724	0.07058086613564692	0.8449227025016605	-24.6158374875931	20	599.0	599.0240880827319	0.2381579337072898	0.24524227133411364	0.55	0.38260617076396536	False
0.0	2027-10-01	FGA	south	0.24358084173633493	0.059332215286245424	16.594801597766264	0.014678141242081619	-1.0	-464521.73254260013	2	21.0	20.990216345072618	0.9583333333333333	0.9098257061950631	1.0	0.9151593148766921	False
1.0	2027-10-01	FGA	south	0.058862871029464185	0.005238540985284586	0.8664217902566698	0.06793789317328525	0.7381873237648119	-1.3280248812273645	24	3606.0	3605.9982673933478	0.6362654665445102	0.6286518540331144	0.9545454545454546	0.8433185090990154	False
2.0	2027-10-01	FGA	south	0.20288074114890053	0.04356448853862431	2.7307225153207435	0.07429562689384817	-0.6541308047284745	-19.881362702107186	18	2258.0	2258.000031492068	0.4330907403197696	0.42828029268295825	0.756578947368421	0.7319466064774667	False
1.0	2028-04-01	FGA	south	0.04338333213246792	0.002243784563877645	0.5845809635530614	0.07421270078448268	0.5194602098904813	-0.016349175419825945	24	3606.0	3606.0901526749344	0.6362654665445102	0.6351543949264711	0.9545454545454546	0.8569254533547601	False
2.0	2028-04-01	FGA	south	0.2625253033872897	0.07071851962860756	3.2214281420220416	0.08149345315599886	0.7615128023586449	-27.35405074373899	20	2302.0	2301.8307502863463	0.4660062779962753	0.44866049051866624	0.8148148148148148	0.7125743118119768	False
5.0	2030-04-01	FGA	south	0.18691210056698843	0.035549761266094417	8.601931956580163	0.02172908382796582	-0.672317521010186	-240.55824972601562	9	117.0	116.84425784242165	0.6437639542139924	0.598668274017303	0.8461538461538461	0.7549020585623338	False
4.0	2030-10-01	FGA	south	0.1570806415635971	0.024807239799148968	12.090351101624629	0.012992231593877333	-0.9992060185420768	-265.4614728600344	4	49.0	48.96391643782398	0.09132060548744103	0.08981757715616778	0.1111111111111111	0.09981894829713031	False
5.0	2030-10-01	FGA	south	0.058445999149754735	0.0075599371246168525	1.4572093371872479	0.040108169539023866	0.6865073621804197	-24.291198252590966	20	1166.0	1165.8100964164748	0.859578886483531	0.848163274224021	1.0	0.9299492715829547	False
4.0	2031-04-01	FGA	south	0.002334759133356822	5.930143354201611e-06	0.11398509184589664	0.020483021907051886	0.9994700549513769	0.9633892732796632	5	62.0	61.801517468515	0.09829920283655477	0.10493153843883399	0.1262135922330097	0.11210238520365931	True
5.0	2031-04-01	FGA	south	0.002108704648413923	6.718550377112689e-06	0.04758495366887998	0.04431452561848331	0.998286581738863	0.9923123062930791	25	1626.0	1626.0475098128943	0.922646160910174	0.8959570814216993	1.0	0.9373876150869892	True
5.0	2031-10-01	FGA	south	0.34022371421372855	0.11575492997292101	7.793961022481319	0.04365222166654016	0.9552521808447042	-4609.373901818509	7	233.0	233.08305523712698	0.9409644218955638	0.8826047807171792	1.0	0.9047911934715344	False
6.0	2032-04-01	FGA	south	0.277258618715199	0.07698210894137349	9.41564242206116	0.029446596024671985	-0.017351980007105944	-872.2347499810525	14	275.0	274.7796932835403	0.9698474844483248	0.9708498272365815	1.0	0.9951609400826602	False
6.0	2032-10-01	FGA	south	0.14455223570839587	0.02165195356165557	2.3617007666451086	0.06120683777976588	0.4974338359742517	-21.01069060157259	39	5675.0	5674.945369024366	0.9600577899953595	0.9469099560764724	1.0	0.9930082313730081	False
7.0	2032-10-01	FGA	south	0.060376224999126746	0.004360366432980732	1.1672729204479604	0.051724171735223985	0.6433344906661929	-4.693624753384917	7	98.0	97.58671081103472	0.050030339991729546	0.03981695741918637	0.11818181818181818	0.07160210770510252	False
6.0	2033-04-01	FGA	south	0.3229427690726095	0.10613741192125269	4.519554397313309	0.07145455960538628	0.21445194771837095	-73.07632154941885	22	5149.0	5148.943578707358	0.9500571015822292	0.9488880739918557	1.0	0.9998294133805543	False
7.0	2033-04-01	FGA	south	0.2530381484739117	0.06512042037858781	4.384364550353692	0.05771375659295914	-0.9681993036697782	-106.33149811425899	4	57.0	57.01694849543831	0.02914410009364208	0.03873465415347499	0.035794183445190156	0.05374101357821268	False
8.0	2037-10-01	FGA	south	0.10547974246500888	0.011464852415588225	2.6006445834197907	0.0405590764449271	-0.9768087120822326	-113.7577408989951	14	531.0	530.6614281455638	0.8762014178218388	0.8735428219393365	0.9444444444444444	0.9762395540417584	False
8.0	2038-04-01	FGA	south	0.23617803771925386	0.05918203297143287	6.019083727528732	0.0392382044195657	0.9132579363001799	-96.06412531810255	24	855.0	854.6203982253096	0.9129132739366677	0.8955801930161017	1.0	0.9285061861132968	False
8.0	2038-10-01	FGA	south	0.0038156195142666563	5.907388164952445e-05	0.09929015780080985	0.038428980261279576	0.853955377790906	0.5165737175428451	8	164.0	163.57325239804211	0.852461504904735	0.8223133159810503	1.0	0.9512577001125588	True
9.0	2038-10-01	FGA	south	0.02850951179846614	0.0010527138619473033	0.44523986380637226	0.06403180423859009	0.9954000072241715	-0.6486479254841793	3	37.0	37.00908600943308	0.049859729451900515	0.03156319810087859	0.055350553505535055	0.04156998195266361	True
10.0	2038-10-01	FGA	south	0.002705099746129043	9.974737942086165e-06	0.0596707267460672	0.045333782469933324	0.989603940744032	0.9775120413625693	14	870.0	869.9236602472193	0.3826475945748613	0.3797570929648851	0.46551724137931033	0.42481402614140956	True
11.0	2038-10-01	FGA	south	0.001874856358506489	5.82015486978966e-06	0.03355824087491452	0.05586873178170621	0.9990531070973497	0.989851743732177	15	1284.0	1284.0008317874865	0.5444473962036994	0.5229328345431565	0.625	0.5631566285730579	True
8.0	2039-04-01	FGA	south	0.28107154306746246	0.0790012123223244	12.930568248368878	0.021736983067462492			1	12.0	11.995433489086704	0.043010752688172046	0.03849013480321416	0.043010752688172046	0.03849013480321416	False
9.0	2039-04-01	FGA	south	0.18350763918595217	0.03368473378246506	16.207728124735056	0.011322230837886289	0.9999862995734891	-874.3569731401568	3	37.0	37.03249543851361	0.046083890313918956	0.03300365582784361	0.055350553505535055	0.03361134430864619	False
10.0	2039-04-01	FGA	south	0.15135618039012894	0.023305994325386686	3.006126084811221	0.05034924554724185	0.990974611108544	-17.1379824699687	21	1084.0	1083.884799359635	0.3785403389034335	0.3633941497461627	0.46551724137931033	0.39037844574716485	False
11.0	2039-04-01	FGA	south	0.21680940896208412	0.04741892555664713	3.794287788359473	0.05714100275346417	0.9930419044146116	-32.450168796522824	23	1642.0	1641.9542692675182	0.5583059429198481	0.5508297303594908	0.625	0.6365502540624155	False
10.0	2039-10-01	FGA	south	0.21069212735977663	0.04472231807457311	3.5276807503378556	0.05972539531520761	-0.9676936093674712	-364.3959046957036	4	71.0	71.06779336032908	0.36588763805333574	0.3842209316576967	0.4375	0.39478010041364925	False
11.0	2039-10-01	FGA	south	0.17094966832671363	0.02927257784097363	3.7175475666450644	0.045984527504240855	0.025009982392421498	-26784.217702672508	5	135.0	135.0785541136159	0.5864496673836916	0.5852609449786582	0.6216216216216216	0.6292586549101388	False
12.0	2040-10-01	FGA	south	0.22017832861544717	0.04929088808766952	5.732859621652054	0.038406370144468634	-0.7119155887670807	-80.85658836438148	12	222.0	221.9032911315923	0.07653701957805478	0.07656390104499614	0.16560509554140126	0.1688828509620981	False
13.0	2040-10-01	FGA	south	0.14434803906502905	0.022687210607225436	2.3697854834341645	0.06091185893157203	-0.8733203399382179	-20.00978601111208	17	3941.0	3940.9587519748006	0.8903070563537206	0.8903626916109132	0.9788583509513742	0.9709103552847269	False
12.0	2041-04-01	FGA	south	0.011123765195488078	0.00015129329424265855	0.21312501425832783	0.052193616193756655	0.9987394924450037	0.8335762953179751	12	222.0	222.0181953324235	0.07653701957805478	0.07670330763154794	0.16560509554140126	0.15484205112326904	True
13.0	2041-04-01	FGA	south	0.01609057047039004	0.00030515624703819486	0.25361132958777255	0.06344578728617581	0.9985327340913908	0.8697778358151831	25	4464.0	4463.958350495939	0.9223653914503498	0.9226816684023585	1.0	0.9920603879987827	True
13.0	2041-10-01	FGA	south	0.03748471940025876	0.0014292173824356257	0.6141140136053821	0.06103869732623579	-0.9115861108894554	-83.85753722814931	6	223.0	223.0042793689634	0.9946236559139785	0.9908416881664692	1.0	0.9942629301675739	False
14.0	2041-10-01	FGA	south	0.1492025414672304	0.022422879391237154	6.755403356908535	0.022086400113273136	-0.9643595533703506	-529.7979726214616	5	65.0	64.51553845267117	1.0	0.9902170737671995	1.0	1.0	False
14.0	2042-10-01	FGA	south	0.26627122215685656	0.07090036374890606	10.071582938939365	0.026437872156856557			1	10.0	10.110291640756667	1.0	0.8260846387134746	1.0	0.8260846387134746	False
15.0	2042-10-01	FGA	south	0.08989280209300068	0.010479564688957013	1.4681890717269959	0.06122699305155699	-0.9671110945059779	-4.5794909222948466	20	4988.0	4987.986650931594	0.9769293974785226	0.9639855852132749	1.0	0.9990505341766783	False
15.0	2043-04-01	FGA	south	0.1878115158350845	0.03678060350987724	2.7985657451812496	0.06710991734193504	0.8780680323482477	-14.554848683425762	24	5109.0	5109.091626393775	0.9799732158474868	0.9718884639528066	1.0	0.9907494352891385	False
15.0	2043-10-01	FGA	south	0.3217467846101668	0.10353683373490255	4.673118884044856	0.06885054555506542	-1.0	-11772.116017063565	2	33.0	33.31181946511375	1.0	0.9920200812872317	1.0	1.0	False
16.0	2043-10-01	FGA	south	0.023050707420793723	0.0007073608249284525	0.3704291503175898	0.06222703424131458		-0.1843230684521382	11	264.0	263.89962594694316	0.5656693520837736	0.5628028893376191	1.0	0.8871222069510197	False
17.0	2043-10-01	FGA	south	0.1598134282812407	0.025664531945595107	2.2754821799698934	0.07023277514014861	-0.36616189392878706	-978.9941064300422	8	737.0	737.0400707146446	0.6496330553821913	0.6229654682816859	0.9090909090909091	0.984275417815111	False
16.0	2044-04-01	FGA	south	0.01220963173097089	0.0002307067141000541	0.24103026481137635	0.05065601093923127	0.8971890805076065	0.5813829223765792	17	379.0	378.96361109955143	0.38751900396552946	0.43957229606075426	1.0	0.8092431484352816	True
17.0	2044-04-01	FGA	south	0.0033173159876811785	4.256446351973858e-05	0.05490572113223145	0.06041840302382998	0.9921569481342345	0.9754410891928934	25	3503.0	3503.036570525304	0.8352056377072814	0.7876244047452046	1.0	0.974987606394313	True
16.0	2044-10-01	FGA	south	0.2625293143077762	0.06895084382339059	8.978489086441087	0.029239809925729738	-1.0	-2950.6845412364255	2	23.0	23.13602276897192	0.032996574778513324	0.043350591956027584	0.034383954154727794	0.04638759414281551	False
17.0	2044-10-01	FGA	south	0.08003281809527671	0.006732209661595253	1.7106668561039846	0.04678457281714695	-0.7784677990143464	-28.942414660268835	14	1849.0	1849.0475805920366	0.9227771010561313	0.9158800403070061	1.0	0.9647861875055316	False
18.0	2044-10-01	FGA	south	0.10568516740407295	0.015451731036535073	2.9204081995011175	0.036188491534206335	0.9493461320117965	-53.943113025637004	17	1412.0	1411.9661394684563	0.9350275505458685	0.9290272269710292	0.9734513274336283	0.9697033025723134	False
18.0	2045-04-01	FGA	south	0.18530073176915543	0.03506733317776248	3.9227009957794343	0.04723804642987745	0.7811339650404285	-35.189215432952864	27	1879.0	1879.4517373145857	0.9389183772372666	0.9391460783094289	1.0	0.9665112639399882	False
18.0	2045-10-01	FGA	south	0.10327292925670868	0.01074562775122576	2.3523213898042203	0.04390255927796665	-0.8256808095951337	-2597.5276664018124	7	208.0	207.68118996361378	0.9314004073729476	0.8834688633517631	1.0	0.9437645639439644	False
19.0	2046-10-01	FGA	south	0.0033540740327938135	1.7313366827869775e-05	0.10038377771108738	0.03341251055969531	0.9899675851903619	0.8384970445819999	12	350.0	349.8351803539736	0.72183010602205	0.7207051957763523	0.8333333333333334	0.8435754849173432	True
20.0	2046-10-01	FGA	south	0.005290128195233934	3.553055527508708e-05	0.1669314080625805	0.031690430558464655	0.9862751722059797	-0.11141724851768675	4	82.0	81.84887599692317	0.29022507868419156	0.2785465781123832	0.36363636363636365	0.30759965624702884	True
18.0	2047-04-01	FGA	south	0.003199555002100855	1.0237152211468602e-05	0.46873429750039014	0.006825945997899144			1	12.0	11.69737308786281	0.13043478260869565	0.06622978826432468	0.13043478260869565	0.06622978826432468	True
19.0	2047-04-01	FGA	south	0.0015788196703392073	4.109589547376775e-06	0.04303238076942436	0.036689108111373665	0.9981800816841555	0.9919665776030581	21	584.0	583.8657339024514	0.5766880938948162	0.5624492943728366	0.8333333333333334	0.8972418304205828	True
20.0	2047-04-01	FGA	south	0.0025070115633744517	8.854824812187188e-06	0.0716829683867697	0.034973601397862354	0.9912387646024413	0.9714442371804206	21	544.0	543.2214087541071	0.6133353221001446	0.609524994848976	1.0	0.8510617800797708	True
18.0	2047-10-01	FGA	south	0.007050085067460295	4.970369945842664e-05	0.8097475802721348	0.008706521932539703			1	12.0	11.761875408058927	0.13043478260869565	0.06047804422019064	0.13043478260869565	0.06047804422019064	True
19.0	2047-10-01	FGA	south	0.001422192094876688	2.4050144187478634e-06	0.03691204011416691	0.03852921947629895	0.9975570213846339	0.9515740927854581	7	152.0	151.88186130563795	0.3424387755138674	0.33120195476082886	0.3835616438356164	0.44686138220837757	True
20.0	2047-10-01	FGA	south	0.003168401991438033	1.826732493832233e-05	0.06058547330923677	0.05229639744276758	0.9872562718293587	0.9685081516737778	37	1425.0	1424.5599523643314	0.49198495181588275	0.47947511346283156	1.0	0.8337227458146216	True
21.0	2047-10-01	FGA	south	0.0021430354375119413	8.242004159545512e-06	0.039545294850093296	0.0541919195604856	0.9974096214078173	0.9931060489110795	21	1945.0	1944.9502873290855	0.45706505819949556	0.45335419766021895	0.5217391304347826	0.49779757360077065	True
22.0	2047-10-01	FGA	south	0.0023279591713924203	7.648306464863483e-06	0.040801073457085786	0.05705632166371671	0.997500721883271	0.9927064566842734	17	1178.0	1177.9237405638114	0.30189042775512337	0.29438436171499505	0.5238095238095238	0.514130482292705	True
20.0	2048-04-01	FGA	south	0.003176283542341789	1.6499347761452782e-05	0.050200293944861134	0.06327221003587244	0.9972996610139275	0.9841881680078491	22	1031.0	1031.010568254593	0.33447251698283254	0.323637676057516	0.7272727272727273	0.572111848123335	True
21.0	2048-04-01	FGA	south	0.0014948071202408382	3.339624090732419e-06	0.025182206132044728	0.05935965706907125	0.9990055475771471	0.9975518483374018	24	1998.0	1995.6854841104375	0.4508524685602175	0.4446323405956068	0.5217391304347826	0.4762778855226075	True
22.0	2048-04-01	FGA	south	0.0024817240437803485	9.422816685215642e-06	0.04040738355818006	0.06141758820407338	0.9982087777792047	0.9939044661219539	21	1257.0	1256.9174957045554	0.3435015533654432	0.3461930037861745	0.65	0.5989238029904796	True
23.0	2050-10-01	FGA	south	0.20397244134544681	0.04387118342029799	8.593503293373429	0.023735656388557253	-0.280678745549533	-131.11874104472318	3	39.0	38.43796522297035	0.3148281778675775	0.28638833552457765	0.8461538461538461	0.7575916019259559	False
24.0	2050-10-01	FGA	south	0.0970402082300649	0.011432679423281772	2.040997431994746	0.04754548276683706	-0.9809004011052049	-11.30760318151869	22	3563.0	3562.9883146601064	0.9271963377257862	0.9178714531505462	1.0	0.9842645421928778	False
23.0	2051-04-01	FGA	south	0.2011727179719085	0.040519574644410736	17.993272354362315	0.011180440889793784	1.0	-582.8432606504754	2	28.0	27.38760976156459	0.04916534372444316	0.03344221847626222	0.056910569105691054	0.0387394242494345	False
24.0	2051-04-01	FGA	south	0.02847087491889042	0.0010217464131813592	0.4697658873978803	0.06060651844389093	0.915486710038735	0.32669330855368095	28	3786.0	3786.0019495031074	0.9279545514608396	0.9251107363266264	1.0	0.9833070626320282	False
24.0	2051-10-01	FGA	south	0.003866037369375047	2.3377195193617597e-05	0.06244450273598854	0.06191157267630766	0.9015110466354526	-0.07162280536831322	4	94.0	94.01263118169179	0.9205962059620596	0.9609662155148468	1.0	0.9751105320753574	True
25.0	2051-10-01	FGA	south	0.004991643246926194	4.50455860428286e-05	0.19726014141032572	0.025304875132087394	0.9638377321093509	0.7417561290503771	11	267.0	267.08540518761356	0.9234700210528118	0.8929201691178107	1.0	0.9683941139389779	True
25.0	2052-04-01	FGA	south	0.002699396275871088	9.182626244036039e-06	0.08161448207582064	0.03307496668744798	0.9984723347271425	0.9774045553026908	19	400.0	399.83887204472575	0.8922656861987301	0.8699283226567947	1.0	0.9632121181778651	True
25.0	2052-10-01	FGA	south	0.2808316950421107	0.07894957296707979	7.535777739939304	0.03726645141797569	-0.29865064999243535	-980.4360282706824	6	90.0	89.8899814947402	0.8466503267973855	0.8322581007113062	0.9411764705882353	0.8744341236889875	False
26.0	2052-10-01	FGA	south	0.03191487888691108	0.001587458264892182	0.7224082661801259	0.04417845196548927	-0.07692757444689477	-4.314501543742597	17	1434.0	1434.0601734244958	0.9128108989277213	0.9076486272691631	0.965034965034965	0.9717259918090685	False
26.0	2053-04-01	FGA	south	0.2365965340815717	0.059945783353419727	4.967467675672784	0.047629204562368396	0.8931682708026775	-51.66879626418819	28	2055.0	2055.0560200928544	0.940686986916056	0.9550346979085154	1.0	0.9955031178089844	False
26.0	2053-10-01	FGA	south	0.06626474179153814	0.0044922501227300194	1.4119961582875604	0.046929831503155536	-0.9042847389043368	-88.59157227094332	9	384.0	383.923325691447	0.9847116978751161	0.9805191170124373	1.0	0.9861337530529126	False
27.0	2054-10-01	FGA	south	0.01491049578883962	0.0002990968194039288	0.4453814337372336	0.03347803626146779	0.42764079538284683	0.1117552586459567	9	142.0	141.99523205954554	0.1992718648263245	0.18099994598285263	0.35	0.24134673660546652	False
28.0	2054-10-01	FGA	south	0.07998644705393025	0.008514360601331908	2.032230673271873	0.039358940944018324	0.941969510671992	-47.854135342076745	12	516.0	515.9745961504128	0.6001398546060742	0.5973486150204679	0.7272727272727273	0.6285488798215485	False
29.0	2054-10-01	FGA	south	0.03271240829725774	0.0012762776234067834	0.7117851175670981	0.04595826393374125	-0.9396622889356705	-19.84775312016793	7	184.0	184.1111800368013	0.25294371138296884	0.25269429293111	0.37735849056603776	0.35715246454899446	False
0.0	2026-04-01	FGA	tropics	0.16585164889833826	0.03188741369209963	10.892346507163412	0.015226438930240147	0.7186612322960599	-1479.0003512685719	29	1006.0	1005.9707394798962	0.9980346797867561	0.9977529112046443	1.0	1.0	False
0.0	2026-10-01	FGA	tropics	0.15682764431420662	0.0246903913110585	10.41075958616139	0.015063996341119181	0.827618920192635	-324.9184852007533	50	1752.0	1752.0188957625298	0.9546451032404971	0.9540460933179518	1.0	1.0	False
0.0	2027-04-01	FGA	tropics	0.20345323728047124	0.041635457185208266	13.06680551576585	0.015570235359743683	-0.8381937037920144	-2402.2653875241967	27	763.0	763.2333806070567	0.8889972096994128	0.8686190241621902	1.0	0.9996253849238413	False
1.0	2027-04-01	FGA	tropics	0.18696569070237365	0.03510131818741029	9.741053860652093	0.01919357939879594	-0.5724192738959986	-5134.523444264323	20	817.0	817.0139104913089	0.8953809823976726	0.8602329124154151	1.0	0.9638809628360204	False
0.0	2027-10-01	FGA	tropics	0.2365135763427023	0.055938671794415265	17.070116876514863	0.013855416342702296			1	12.0	11.9352072598545	0.6666666666666666	0.5538763910594311	0.6666666666666666	0.5538763910594311	False
1.0	2027-10-01	FGA	tropics	0.09352584716595198	0.009448588895801446	3.2280424999512056	0.028972929311607793	0.9935408480362272	-36.13454415007094	45	2287.0	2287.0308692527246	0.7058757244939642	0.6947529861419117	1.0	0.9800973862191327	False
2.0	2027-10-01	FGA	tropics	0.194522762401458	0.03789462778157582	7.054920911405678	0.027572635447546037	0.6742323760780545	-385.9621830472687	25	1013.0	1012.9830719749089	0.4680532541800075	0.4645835615014643	0.8382352941176471	0.8319313803786585	False
1.0	2028-04-01	FGA	tropics	0.22841085429535576	0.052259962089404095	7.30955135304668	0.03124827274113784	0.4591352379712874	-739.6279020146138	24	1313.0	1312.817846484164	0.5159025917847248	0.5061577193566293	0.8990825688073395	0.8805305534498856	False
2.0	2028-04-01	FGA	tropics	0.11999152683539901	0.016565436018651764	1.9829697452010933	0.06051102248321527	0.5660252762692801	-59.24205666001813	41	1376.0	1375.7037288824883	0.624089453526982	0.6160717177951295	0.9411764705882353	0.8646507534744622	False
2.0	2028-10-01	FGA	tropics	0.11845249155430726	0.014061651105826134	7.924916802166216	0.014946843545654533	-0.38007508594443085	-2850.5435840666564	15	310.0	309.7240849795493	0.8326935483834671	0.7938333305257339	0.9411764705882353	0.8671317916354699	False
3.0	2028-10-01	FGA	tropics	0.11290093003102793	0.020609101459810687	6.71888866245188	0.01680351256033877	0.6916207778298261	-658.7972290741687	19	503.0	502.84620370493036	0.8975532566682559	0.900034348825913	1.0	0.9536342343252798	False
3.0	2029-04-01	FGA	tropics	0.06828935008204103	0.005054988930077279	4.119967304521852	0.01657521650890053	0.033479692584005294	-112.5332303180869	45	1470.0	1469.9596124429945	0.8777710946091135	0.8740579691548793	1.0	0.9143978145739472	False
4.0	2029-04-01	FGA	tropics	0.20263940023292207	0.041062726526758374	34.17669053061856	0.005929169767077929			1	12.0	11.803486829336899	0.19047619047619047	0.09723386041944476	0.19047619047619047	0.09723386041944476	False
3.0	2029-10-01	FGA	tropics	0.10180612128589965	0.012569497121293079	7.404802040441816	0.013748662115459507	-0.5445162389564329	-466.3087619590286	34	1037.0	1036.9001846940237	0.841586634096317	0.8292956376016027	0.9583333333333334	0.9000334922256771	False
4.0	2029-10-01	FGA	tropics	0.2603020790353121	0.06775717235010587	45.051946162089905	0.005777820964687866			1	12.0	11.923694290229697	0.19047619047619047	0.07874134789995774	0.19047619047619047	0.07874134789995774	False
3.0	2030-04-01	FGA	tropics	0.07182775159515115	0.005279895507719619	4.779754863270734	0.015027496942803507	0.2504223348979062	-694.002854810086	9	131.0	130.6781277737677	0.812743447547369	0.7650205178285545	0.9090909090909091	0.8235977035399373	False
5.0	2030-10-01	FGA	tropics	0.01185017544793023	0.00021062037735560733	0.6027151808838028	0.019661319017306816	0.5309943051033629	-0.09642957787911843	5	65.0	64.8207666786103	0.6686532507739938	0.648454314172762	0.8235294117647058	0.7068396445648674	True
4.0	2031-04-01	FGA	tropics	0.001774606245008196	5.213328523772021e-06	0.29311214274551717	0.006054359360161092	0.4144195352805151	-2.0465006035077313	22	355.0	354.7182988170079	0.4949023395880291	0.487439130884225	0.7272727272727273	0.616843486699106	True
5.0	2031-04-01	FGA	tropics	0.002453375653877946	1.0368602044530777e-05	0.2086211922300308	0.011759954142975053	0.9552168091085486	0.6853934496296006	26	422.0	421.1100157275807	0.5512801057038961	0.5196951415027666	0.8235294117647058	0.5615809737611017	True
4.0	2031-10-01	FGA	tropics	0.0014143104782173756	2.9119586258247276e-06	0.147424390961043	0.009593463259353794	0.9169421479902358	0.8366988953637766	37	570.0	569.7836821692971	0.542593795284557	0.5370542686505659	0.7272727272727273	0.636619853875267	True
5.0	2031-10-01	FGA	tropics	0.00147277232735818	3.169689107857927e-06	0.17253659215014489	0.008535999865330268	0.8964174217109212	0.7820377882257039	24	389.0	388.32929437804	0.5021130050268414	0.47648882467391096	0.6363636363636364	0.5357283854317517	True
4.0	2032-04-01	FGA	tropics	0.27701471933467	0.07699113313768215	24.56824812295651	0.011275314297881422	0.648773270710756	-8481.875933120522	13	178.0	177.76760378857733	0.59908148032211	0.5808619386185717	0.6875	0.6167179773891412	False
5.0	2032-04-01	FGA	tropics	0.17712275109226197	0.03138021977928466	24.697379979805145	0.007171722313747202	0.3216017966200704	-20497.771293019538	3	38.0	37.98564564447976	0.45517241379310347	0.3893221363920288	0.5172413793103449	0.3920625303038495	False
6.0	2032-04-01	FGA	tropics	0.20212883752219557	0.042611608453925885	5.446946875454997	0.03710864859597355	0.8097410264379603	-119.36591492288457	24	3435.0	3434.9960028848463	0.8977992595734038	0.8680390330616893	0.9893238434163701	0.9926275547106828	False
6.0	2032-10-01	FGA	tropics	0.17835352302709892	0.034271760002693	5.008977917119909	0.03560676968000084	-0.5734791688903396	-49.41263163292431	38	4165.0	4165.163592494671	0.9354934868652166	0.9224651691319955	1.0	0.9893227810838411	False
6.0	2033-04-01	FGA	tropics	0.11425861204930852	0.013176929957680815	3.8421019626937376	0.029738568408320072	0.25535190088926574	-3429.353189551393	12	407.0	407.0575729451021	0.9715731534886981	0.9689377483641971	1.0	0.9743862088592173	False
7.0	2036-10-01	FGA	tropics	0.12192135149696581	0.014957049898048245	9.834535229986908	0.012397266230254595	-0.4285890059783743	-4687.636598856125	14	296.0	295.9598319975658	0.9752055351783786	0.9766828894238347	1.0	0.992488226366623	False
7.0	2037-04-01	FGA	tropics	0.12347067771436744	0.015560394344814732	9.805268912610604	0.012592278581525816	-0.772377218458967	-447.97113766919193	40	1156.0	1155.880352137185	0.873718101355282	0.8736891531212345	1.0	1.0	False
8.0	2037-04-01	FGA	tropics	0.26655487266926625	0.0712703058058285	32.91089356526689	0.008099290046338328	-0.957314605464574	-6605.62904381185	5	71.0	70.07062721476083	0.31278931743406824	0.24354293588078413	0.3695652173913043	0.3025161586697917	False
7.0	2037-10-01	FGA	tropics	0.18488785777517058	0.03433999924408814	13.356526143096493	0.013842510829114982	0.7933361419293815	-1073.6618567126934	34	959.0	958.7191662501368	0.7208268748581418	0.713014934618276	0.9791666666666666	0.9031374414268801	False
8.0	2037-10-01	FGA	tropics	0.1822395358838735	0.03833336228798915	15.91808602916611	0.01144858342579396	0.667715876393426	-2397.442919407298	24	347.0	345.9054366511883	0.5362224281094686	0.4965252535713061	0.9285714285714286	0.7367481952159138	False
7.0	2038-04-01	FGA	tropics	0.22552002332576068	0.050865427620454824	14.37189894422219	0.01569173455790437	-0.32098155687891616	-39152.37882027737	9	129.0	128.93047508041715	0.509099111454184	0.49496886788829664	0.5833333333333334	0.6177332407558734	False
8.0	2038-04-01	FGA	tropics	0.2302532772137577	0.053382294639203645	14.475914831476372	0.01590595688730469	0.3201932892782208	-1592.5874964174457	20	284.0	283.0656063066506	0.6196887762920371	0.5747369329621431	0.9285714285714286	0.7036176937756666	False
9.0	2038-04-01	FGA	tropics	0.13501136583439752	0.01822806890446952	154.4974907701007	0.0008738741656024729			1	11.0	10.963748366872826	0.1896551724137931	0.15256048867819225	0.1896551724137931	0.15256048867819225	False
10.0	2038-04-01	FGA	tropics	0.1776495502110405	0.031581243587218776	8.808524416068366	0.02016791256058451	-0.131726673574189	-22938.965534869778	9	167.0	167.1423050576254	0.4640103226500794	0.45360506934463285	0.5961538461538461	0.5508843211314519	False
11.0	2038-04-01	FGA	tropics	0.05441148987690823	0.00299643850963289	2.8380341412194823	0.01917224641051288	-0.9674344517922113	-3945.9860464766634	3	37.0	36.78896039735824	0.23221277901080858	0.22613717371927025	0.2413793103448276	0.23786652933387165	False
8.0	2038-10-01	FGA	tropics	0.13797025193985898	0.01906474643039629	20.935660244451004	0.006590203047282829	1.0	-5048.197453072346	2	21.0	21.023379282381143	0.5	0.4098416714244373	0.5238095238095238	0.4500737272137112	False
9.0	2038-10-01	FGA	tropics	0.16177709513997077	0.026292450051466822	18.935729507314846	0.008543483633808588	-0.9672035255378674	-980.6993740198142	9	105.0	104.82169742559438	0.15998216063726634	0.13800993102068493	0.19718309859154928	0.1746254142050169	False
10.0	2038-10-01	FGA	tropics	0.14896976705024012	0.022960906227533336	8.906985449212682	0.016725048884345943	-0.9450127821182746	-249.55284721801567	34	1046.0	1046.0108900177427	0.49685016667918386	0.49193886183312924	0.6197183098591549	0.5292104919510626	False
11.0	2038-10-01	FGA	tropics	0.02875541387365128	0.00171877247304181	1.4672205329708612	0.019598562879587483	-0.8885292259273257	-16.695869559053808	29	656.0	655.9191266372852	0.34247941730723785	0.34036547148037	0.4827586206896552	0.3940376715868848	False
9.0	2039-04-01	FGA	tropics	0.0015418383247427932	3.8655809813221845e-06	0.26740890831301617	0.005765845029134147	0.9870798808361074	0.6667434069411375	7	84.0	83.87870525927323	0.15058654884986503	0.12616553181301973	0.19718309859154928	0.14548441772048165	True
10.0	2039-04-01	FGA	tropics	0.001546730081110144	3.858587467221356e-06	0.09073029301660057	0.017047559637299363	0.9831674898001809	0.948068753485875	29	889.0	888.7972117839489	0.5111252493205711	0.4986310882057927	0.6333333333333333	0.5162921093355124	True
11.0	2039-04-01	FGA	tropics	0.0011661090720173726	1.9154129757916375e-06	0.08882699264874144	0.013127868424282343	0.9883155365504981	0.9587116912732316	29	642.0	641.97507145306	0.3933274025320653	0.38344389460545847	0.6470588235294118	0.520240203793505	True
10.0	2039-10-01	FGA	tropics	0.005730558978841544	4.241988090317241e-05	0.4249487568971941	0.01348529413448293	-0.6396106183523695	-3.5724969788351304	4	53.0	52.67989485231573	0.5204022988505748	0.4856440111875551	0.6333333333333333	0.5134504818485472	True
11.0	2039-10-01	FGA	tropics	0.007144997673792439	5.428581775280308e-05	0.3853967308467702	0.018539331296593735	0.44039900050852954	-0.35437299817482715	3	35.0	34.92824233267451	0.5397147364693003	0.5054041267747656	0.6470588235294118	0.5722687499549016	True
12.0	2039-10-01	FGA	tropics	0.01148717135808745	0.00013195510581006466	5.104259010849128	0.00225050714191255			1	14.0	13.975299072007376	0.875	0.8777999980527404	0.875	0.8777999980527404	True
12.0	2040-04-01	FGA	tropics	0.001694161239729097	4.402137605512357e-06	0.10893503396704333	0.01555203296894955	0.9392910616017875	0.8464979272604733	28	1014.0	1013.8945371852674	0.8671001669991304	0.8641290707637435	1.0	0.9583146775255836	True
13.0	2040-04-01	FGA	tropics	0.0032280084746928416	1.5024823319164439e-05	0.15521821333901192	0.020796583115169298	0.9418106343293275	-0.4008253721887851	8	136.0	135.93134307522377	0.2551638481914128	0.24432303161480318	0.3283582089552239	0.3136995866073196	True
12.0	2040-10-01	FGA	tropics	0.24306651419515815	0.06859685329173047	8.643891605450033	0.028120032653105347	0.8131690551482131	-565.4146762451405	42	1492.0	1491.9841145814632	0.6461584726674902	0.6475325747622352	1.0	0.9623528876997856	False
13.0	2040-10-01	FGA	tropics	0.08116829993752261	0.008184920514300689	3.3286509325199125	0.024384743724411857	0.9047091774970524	-147.80598217709758	34	1629.0	1628.9668974839258	0.6157510097282511	0.6182466130723603	0.9714285714285714	0.9885954258263406	False
12.0	2041-04-01	FGA	tropics	0.1799500438421915	0.03242166031838629	8.15233038538558	0.022073448368184652	-0.39835364108802607	-2434.7371792299828	16	446.0	445.94584508785795	0.3283949709634333	0.323055161677558	0.5862068965517241	0.5770949786664791	False
13.0	2041-04-01	FGA	tropics	0.1678699288598545	0.02854585716086878	9.284756396981754	0.018080165131141714	0.878598838297848	-450.4071362185635	50	2264.0	2263.983262053599	0.8310462790390579	0.8280303487928363	1.0	0.9980471146326838	False
13.0	2041-10-01	FGA	tropics	0.11450448789168115	0.01315647260059287	8.238517592700893	0.013898676139640591	0.033258494840152954	-1867.905559129038	27	729.0	729.0204426587112	0.8432748743312035	0.8252746686428132	1.0	0.9945416650862331	False
14.0	2041-10-01	FGA	tropics	0.16020363402516852	0.03076382729929173	8.127634717579424	0.019710978604717662	0.9004426344605325	-578.1031109219213	26	1413.0	1413.0939601208524	0.8870020931434558	0.8634514458860998	1.0	0.9967786267286937	False
13.0	2042-04-01	FGA	tropics	0.2081834217134433	0.04334033707631738	19.520114567164942	0.0106650717134433			1	11.0	10.718912070408349	0.4074074074074074	0.3427775869467649	0.4074074074074074	0.3427775869467649	False
14.0	2042-04-01	FGA	tropics	0.18143301970512601	0.0333280689590646	9.469655837676015	0.019159410100552523	-0.49905119390399055	-190.8130619310693	45	2454.0	2453.9978097617586	0.90520122568474	0.8902986233104807	1.0	1.0	False
14.0	2042-10-01	FGA	tropics	0.2901650106673387	0.08424521112623029	14.632494627959291	0.01983018057036569	-0.5438061549078457	-4055.581884957572	19	877.0	877.0048170038228	0.8809293315652645	0.8694328738765308	1.0	0.9899398250082058	False
15.0	2042-10-01	FGA	tropics	0.09624133100485084	0.009331211230120267	8.398320624205354	0.011459592377012535	-0.6716106856706032	-1071.8661362302494	24	560.0	559.8650119466743	0.9105543069262053	0.898779177010009	1.0	1.0	False
15.0	2043-04-01	FGA	tropics	0.15770361092530924	0.025159078934016837	4.8886711591838825	0.03225899345449866	-0.5379353174329808	-392.97073325041913	49	1297.0	1296.9632369944682	0.8366897129646171	0.8222866700463348	1.0	1.0	False
16.0	2043-04-01	FGA	tropics	0.1358068951163005	0.02126985422054798	4.02228981090288	0.03376357783772325	0.6164017579477268	-5299.37822772411	10	351.0	351.31225090848557	0.5477283673502626	0.5250115043606434	0.851063829787234	0.8290186838282442	False
15.0	2043-10-01	FGA	tropics	0.232598075501342	0.05424265477840154	7.635202986466024	0.03046390199627171	0.43031614203363205	-1116.9980044393997	30	775.0	775.0162876863368	0.6109977615791018	0.6179659996200652	1.0	0.998408353799221	False
16.0	2043-10-01	FGA	tropics	0.07877549856894402	0.007335968811583409	2.736930492897091	0.028782425704044354	-0.6109163575133272	-14.591562131200016	34	3665.0	3665.000023576701	0.8133660148988668	0.7711266333310091	0.9943820224719101	1.0	False
17.0	2043-10-01	FGA	tropics	0.07459322471553047	0.005572039923559874	3.571583685149875	0.020885195837823493	0.9182240725199278	-517.1671123838155	7	159.0	158.9983198831724	0.32825814457806635	0.31033042862796817	0.6231884057971014	0.454454330906843	False
15.0	2044-04-01	FGA	tropics	0.2376248585621397	0.056489739268743934	23.4838196590261	0.010118663063008475	-0.8083595171095778	-2890.4832709925345	4	50.0	49.87660719530857	0.07067935257073787	0.06983762112720807	0.09036144578313253	0.0861743949350842	False
16.0	2044-04-01	FGA	tropics	0.10204360744971365	0.010701482362070948	3.9320895099564654	0.02595149657486903	-0.1331244225112811	-50.34148293091405	29	3192.0	3191.979019136127	0.755574749600356	0.7469991367339148	0.9943820224719101	0.9794164020628697	False
17.0	2044-04-01	FGA	tropics	0.21432732682297803	0.046202473925125054	6.399615611548726	0.033490656288200124	0.5351789547015959	-144.485050810597	33	3116.0	3115.999971808589	0.7788442796887913	0.7525185434331848	0.9826589595375722	0.9771592241336636	False
18.0	2044-04-01	FGA	tropics	0.08561265676352554	0.007422753703401418	5.749375163664277	0.014890775836753991	-0.7408089589692322	-194.71249967850875	6	73.0	72.69435930228335	0.13496589910090517	0.11513885586022704	0.18333333333333332	0.16802113370892505	False
16.0	2044-10-01	FGA	tropics	0.24206248058991608	0.05859648614863001	61.09771192351163	0.003961891091649302	-1.0	-67057.26048139093	2	24.0	24.098832621196223	0.1111111111111111	0.13306621546828828	0.1111111111111111	0.14313737964240195	False
17.0	2044-10-01	FGA	tropics	0.12962303009342296	0.017118183800834595	4.668293900523505	0.027766681544811687	0.6489738322950489	-52.729876352770106	30	2937.0	2936.9193060299067	0.8389369724968861	0.8161863336296726	0.9826589595375722	0.9851906125560448	False
18.0	2044-10-01	FGA	tropics	0.1946884631314513	0.0392770813353371	2.6364128682035424	0.07384596907392295	0.4653287987913753	-163.9150989522595	26	336.0	335.82007102505986	0.5967123813865813	0.5822031762760393	1.0	0.9887241523683081	False
17.0	2045-04-01	FGA	tropics	0.09163973243984683	0.008432396138328212	3.137591389722666	0.029207032101126122	0.8584178986303327	-17961.072986975778	4	60.0	59.85851103794564	0.560952380952381	0.4633098635144484	0.6	0.550086723894164	False
18.0	2045-04-01	FGA	tropics	0.20710636811134273	0.0429849845918708	31.728422132148904	0.006527471402414672	-0.08582447971980767	-12930.170829378907	27	338.0	337.2354928455029	0.8449815235018492	0.8253626670414858	1.0	0.9626508643986713	False
18.0	2045-10-01	FGA	tropics	0.17916050425167201	0.032283435043858916	28.314164144948588	0.006327592908429024	-0.6111731793375612	-6247.26709433636	9	108.0	107.21852463822985	0.9367413632119513	0.919609461265043	1.0	0.9489294064274016	False
19.0	2045-10-01	FGA	tropics	0.012041804713378823	0.00014964958792931536	0.7766727161654354	0.015504348823827943		-31.22062920888923	12	212.0	211.65400668251914	0.8579843903373315	0.7948496431615287	1.0	0.9023890492560719	False
19.0	2046-04-01	FGA	tropics	0.12626142439486507	0.0197797125318534	8.513501291465554	0.014830728283489794	0.9547253204755617	-558.4973694000729	38	1237.0	1236.7931916190407	0.9247204202738182	0.9076055730914119	1.0	0.9722784662693248	False
19.0	2046-10-01	FGA	tropics	0.17435775339515713	0.030527421442265106	13.943016789433782	0.01250502355611362	0.9669464026561966	-743.127395807526	47	1460.0	1460.004728562873	0.9021356128957353	0.8908073431779238	1.0	0.9803692165943213	False
19.0	2047-04-01	FGA	tropics	0.005120389173505408	4.623578015903842e-05	0.39203309021983085	0.013061114740682151	-0.6484509550501725	-10.175884259048141	22	440.0	439.84141508450364	0.8192589147526855	0.7818895441686174	1.0	0.965093414629591	True
20.0	2047-04-01	FGA	tropics	0.0022436324503518554	7.892792567257538e-06	0.13097785530389403	0.01712986096119984	0.9643952471957095	0.7030823971348794	26	935.0	934.9723520561506	0.7807501984769138	0.7801774209865039	0.9666666666666667	0.876707226695371	True
21.0	2047-04-01	FGA	tropics	0.0035181833049832516	1.2377613767462874e-05	0.1836834123468612	0.019153516695016748			1	13.0	13.025426544217128	0.14444444444444443	0.12518826788072185	0.14444444444444443	0.12518826788072185	True
22.0	2047-04-01	FGA	tropics	0.005205643539677458	2.8280759305181874e-05	0.24763006806741117	0.021021855626435278	1.0	-6.941407426201748	2	32.0	31.999997415995075	0.17954545454545456	0.13059830007707585	0.2	0.14301269967043706	True
19.0	2047-10-01	FGA	tropics	0.00201787975639535	4.071838711270158e-06	0.26339772415372426	0.00766096124360465			1	16.0	15.713643434335005	0.5517241379310345	0.2843565780444672	0.5517241379310345	0.2843565780444672	True
20.0	2047-10-01	FGA	tropics	0.0013388310167040077	3.6837503697808255e-06	0.05349509537661114	0.02502717318809314	0.9883170072304664	0.9765057935204288	43	1578.0	1577.8398735790481	0.6241699552306352	0.623578735554768	0.9666666666666667	0.8744802682377352	True
21.0	2047-10-01	FGA	tropics	0.0013377823061941733	2.7696155739676235e-06	0.1009111525642326	0.013257031281479417	0.985328824392993	0.940358364970313	11	128.0	127.54969042683895	0.1284455808121038	0.10739477577965158	0.16455696202531644	0.12031613419974099	True
22.0	2047-10-01	FGA	tropics	0.0019742029381071896	5.948084225277049e-06	0.07324802601420664	0.026952302273979205	0.982205588059065	0.9099134578382803	28	1091.0	1090.795275862309	0.5364008750693264	0.5348855984840856	0.8571428571428571	0.87989151390661	True
20.0	2048-04-01	FGA	tropics	0.1798536862646697	0.03302485843396671	8.448794890581745	0.021287495861115144	-0.9318520261561569	-2032.5933645876898	17	572.0	571.7315226951494	0.37811006449033746	0.36767237425240384	0.7142857142857143	0.6347948048983573	False
21.0	2048-04-01	FGA	tropics	0.18672991718022935	0.035452145041616166	25.212233507547914	0.007406321900212731	-0.9465998707631897	-4712.54176716828	8	95.0	94.423913894095	0.13236115580521712	0.10849730352365106	0.16455696202531644	0.11704474313422487	False
22.0	2048-04-01	FGA	tropics	0.11197932917615723	0.02754669333810105	4.115486173909081	0.027209258990121703	-0.9000534698302856	-244.79330085828855	42	1393.0	1393.1641743968125	0.712415453073457	0.7180555487595054	1.0	0.9102991950843298	False
22.0	2048-10-01	FGA	tropics	0.006203099249365436	5.2195789993779395e-05	0.39145912337648037	0.015846097022497268	0.006421993657485303	-9.92424352923003	16	289.0	289.16774887957547	0.8722292816506501	0.8792911827606145	1.0	0.9390979996060895	True
23.0	2049-10-01	FGA	tropics	0.04831062608453928	0.002462160219318483	4.001109335811038	0.012074307905596524	0.4129292773277537	-318.63170498171905	30	715.0	714.9926836595325	0.9288945972384816	0.9256700432994871	1.0	0.9447093609077214	False
23.0	2050-04-01	FGA	tropics	0.06386268476397142	0.00429329575911806	5.297786438226964	0.01205459780393576	0.47834629721751554	-85.8224224586425	50	1356.0	1356.0568244786987	0.8253082056783044	0.8248365795817937	1.0	0.9495172824338138	False
24.0	2050-04-01	FGA	tropics	0.06872110862315828	0.004738938937929937	6.1160671448506205	0.011236159936703365	0.8592171669840226	-11644.238292146876	8	105.0	105.0438996839833	0.3672389704928828	0.3534239973512764	0.41379310344827586	0.46465886002444373	False
23.0	2050-10-01	FGA	tropics	0.12237757459949593	0.015009646364356208	12.987220783002266	0.009422922474657877	-0.19761057318054148	-2117.4136890314085	24	648.0	647.9401098880787	0.7135965768665393	0.7079269902990442	0.9736842105263158	0.9166093426586466	False
24.0	2050-10-01	FGA	tropics	0.17705268064173105	0.039346052131219236	16.839002771823033	0.010514439782502803	0.836269607703054	-2788.5564767909186	32	612.0	611.5440083569085	0.6659689367771959	0.650957822532323	0.9705882352941176	0.8898083799298985	False
23.0	2051-04-01	FGA	tropics	0.11557413091108575	0.013357379735852786	16.26308207744425	0.007106533088914243			1	10.0	10.031575029233075	0.38461538461538464	0.2875972660263366	0.38461538461538464	0.2875972660263366	False
24.0	2051-04-01	FGA	tropics	0.23887045144988517	0.05929175549911291	31.573502286354866	0.007565535469694089	0.698023473936596	-3309.2991572328515	42	816.0	815.3758246993598	0.825315807806956	0.8042241099895674	1.0	0.9634947059224225	False
25.0	2051-04-01	FGA	tropics	0.03836406442996554	0.0014829384972515727	1.0764678358403423	0.03563883950142989	0.6773643930931104	-441.85913574596066	6	123.0	123.0328820781418	0.7223251850516407	0.6847096777105962	0.9117647058823529	0.8924262707224664	False
24.0	2051-10-01	FGA	tropics	0.2101772212472825	0.04419943486722458	20.98433415415517	0.010015910903023086	-0.20967799129521597	-6179.901646420065	18	297.0	296.8198731575602	0.8695519451595303	0.8031443979688815	1.0	0.9705501604649323	False
25.0	2051-10-01	FGA	tropics	0.16029994964877206	0.033258437571220184	5.352186138221224	0.02995036897241527	0.913631004854495	-83.2208836582518	33	3035.0	3035.014099453223	0.9273207047132739	0.8781588449677221	1.0	0.9986815406911929	False
25.0	2052-04-01	FGA	tropics	0.23098356742477577	0.053897656321733586	9.317479534483336	0.024790348781547827	-0.5713628599998926	-203.59514537068216	34	2987.0	2986.9963678412555	0.9825727064485972	0.9775216407643652	1.0	1.0	False
25.0	2052-10-01	FGA	tropics	0.20194370222364866	0.04084636988925685	8.138007284378432	0.024814883443431666	-0.6219938199967863	-55158.927274579975	8	161.0	160.99167704206235	0.9807692307692308	0.9778395972504454	1.0	1.0	False
27.0	2054-04-01	FGA	tropics	0.13488736659351988	0.021813103090769555	8.27260541311549	0.016305306473298944	0.8046614268424359	-1197.4080730361106	20	407.0	406.51715544732366	0.3793405230056355	0.37380132199942046	0.4666666666666667	0.39118141264054146	False
28.0	2054-04-01	FGA	tropics	0.13976709904639634	0.019597707327035384	6.9319420860984176	0.02016276208173906	0.5663216694102415	-664.8645130442885	22	603.0	602.9521160491754	0.5300990661701583	0.5179714631829113	0.64	0.5848545196652644	False
27.0	2054-10-01	FGA	tropics	0.10253778817372604	0.012053884346557553	6.104825616601289	0.01679618626531898	-0.5793399613858782	-134.32653183174358	33	678.0	677.770836218623	0.36370868328699096	0.35522495127451953	0.5357142857142857	0.3881932755441989	False
28.0	2054-10-01	FGA	tropics	0.21449610625200982	0.05149637658239659	11.36738810181929	0.018869427552814955	0.7192697435569867	-410.09655401933844	47	1321.0	1320.9307308739856	0.5966102658120127	0.5889211390798011	0.7636363636363637	0.6707567194465267	False
0.0	2027-04-01	GARW	north	0.20890802315157417	0.04440214159540107	1.5552872417366688	0.13432118360226677	0.9874607162531275	-15.100479559162132	10	218.0	217.82343999263492	0.15886256504517424	0.15460114545753154	0.3548387096774194	0.3198194251531834	False
1.0	2027-04-01	GARW	north	0.058013193888068	0.0033791568189597346	0.8904371016813513	0.0651513664227666	0.9960636783909371	-7.405479486442513	12	1694.0	1693.8605099135552	0.8419974050532409	0.8164823990604554	0.926829268292683	0.9793959318619958	False
0.0	2027-10-01	GARW	north	0.010034425378620898	0.00012718658849833445	0.18347443691241427	0.05469113598321635	0.997321254870566	0.8832687669428744	13	270.0	269.8341452121702	0.1379864811782629	0.15154938486114441	0.3548387096774194	0.278475164140033	True
1.0	2027-10-01	GARW	north	0.003174682306350564	1.4978194332918453e-05	0.048370700940066305	0.06563234033519905	0.9987651383659869	0.9922729485005715	25	3073.0	3073.0043218932083	0.9032992629120957	0.87802070083939	1.0	0.9832595970636284	True
0.0	2028-04-01	GARW	north	0.05031573892069789	0.0025316735831358325	1.2073578477876057	0.041674255079302114			1	11.0	11.317594627938085	0.046610169491525424	0.05588377261029898	0.046610169491525424	0.05588377261029898	True
1.0	2028-04-01	GARW	north	0.0014558457689162819	3.6405655324785476e-06	0.027499688525700085	0.0529404457638023	0.976215211059965	0.9476836105238975	11	907.0	906.943966310269	0.968941786449001	0.9615238288166489	1.0	0.98663889593289	True
2.0	2028-04-01	GARW	north	0.0045611265199113505	3.106410710447124e-05	0.15268263179749783	0.029873250586620412	0.9897725937334729	0.7355432949867451	11	290.0	289.90391157513653	0.5190997328227005	0.5209980505301847	0.8	0.7005533674335369	True
3.0	2028-04-01	GARW	north	0.0019255108064850457	5.3327175939750895e-06	0.03752576402474765	0.05131170161426165	0.9987652484535289	0.9450762908625125	9	335.0	334.99929322708533	0.5281262869528994	0.5080506788024449	0.6226415094339622	0.6640283890297386	True
2.0	2028-10-01	GARW	north	0.015186793301332595	0.0005478541846115978	0.42876971337750247	0.03541946370629415	0.21576763279641625	-0.11151838411758441	18	464.0	463.71633929625534	0.4139544789266174	0.42138671007175726	0.8	0.6508194161522951	True
3.0	2028-10-01	GARW	north	0.04288266311996443	0.0033684793746419552	0.9028178618720896	0.04749868708960037	-0.6364453969013635	-3.0629922838570307	25	1109.0	1109.0010188341087	0.7051568584668663	0.678952652399871	1.0	0.8675225743940149	True
2.0	2029-04-01	GARW	north	0.16560793804224033	0.028480365633410193	5.653801157654285	0.02929143304200491	-0.9894273780559586	-458.2832095975581	5	116.0	115.93814709279883	0.2498086930579571	0.22665639088326225	0.3125	0.2417480747827572	False
3.0	2029-04-01	GARW	north	0.18073293433945506	0.04731654223086003	3.4209805098728405	0.052830740724147826	0.20680467875715292	-79.10653814429976	29	1116.0	1116.002043297885	0.8528533875161947	0.8466071504468584	1.0	0.9514170416744429	False
4.0	2029-04-01	GARW	north	0.21747724959389542	0.04763168714044711	4.211697537207097	0.05163648331169363	0.9190009299752044	-219.642294976402	4	44.0	44.000123364533295	0.1792277200656096	0.14921591545624022	0.22	0.1860539301502048	False
3.0	2029-10-01	GARW	north	0.008553932955728974	0.0001293857229010152	0.16237489527759857	0.052680144557476334	0.9219895162654198	0.7726945130924112	23	746.0	745.8134126962302	0.8273329833401545	0.8170508431831448	1.0	0.948214697407349	True
4.0	2029-10-01	GARW	north	0.008489323871875162	0.00014627708334085632	0.1535266391453971	0.05529544526689837	0.9877618057505235	0.6952706471200352	8	103.0	102.75637684970306	0.2508230835240275	0.22870330976477965	0.3333333333333333	0.3116736549835871	True
3.0	2030-04-01	GARW	north	0.00921743181690735	0.0001525867526750618	0.20963351138882116	0.043969266916543556	-0.06042177357162068	-0.658813096537088	7	184.0	183.4469011124396	0.6988293611039553	0.6714603599043384	0.8	0.699973348045053	True
4.0	2030-04-01	GARW	north	0.011704205524872668	0.00019589594227677372	0.2429378837946167	0.048177770144600326	0.855141596383689	0.7107753577034298	7	91.0	90.88480769683333	0.3481668184085121	0.3192146439437425	0.41935483870967744	0.4278766815697449	True
5.0	2030-04-01	GARW	north	0.02868860824245548	0.0012587869597439042	0.9184977901493777	0.03123427029453144	-0.9283355813895886	-2.519498494443793	7	114.0	114.05446509329073	0.5948436029955178	0.6190849700210019	0.7419354838709677	0.6721911177736176	True
4.0	2030-10-01	GARW	north	0.015937888394524532	0.0004537742382690216	0.29116299910377036	0.0547387148902264	0.6890040618690569	0.12691997749994732	4	46.0	45.77536866066527	0.39634573394306427	0.3293475172251316	0.41935483870967744	0.36182600835189155	True
5.0	2030-10-01	GARW	north	0.006445321934281293	6.207555160456091e-05	0.1520036092311491	0.042402426935007904	0.9053688012918331	0.8179164380999492	15	253.0	252.786291634628	0.6493908658666762	0.6509047231605656	0.8235294117647058	0.7430716027518744	True
4.0	2031-04-01	GARW	north	0.029520306971473405	0.0012566020358647395	0.4410204440773649	0.06693636852421037	0.2559009385446458	-0.3177017125547805	9	144.0	143.74836796669965	0.17293647035946055	0.1592260810916445	0.3793103448275862	0.2522644028350736	True
5.0	2031-04-01	GARW	north	0.0073190072105400765	9.291967753421262e-05	0.15703730467116925	0.04660680610805074	0.9110781145624826	0.8225653625813611	24	1219.0	1219.0816454625756	0.837472313491164	0.8211156040422612	0.9615384615384616	0.9451749986533293	True
4.0	2031-10-01	GARW	north	0.006321263860857812	5.6404504439408204e-05	0.16600161704828825	0.03807953183383158	0.9916924486022712	0.8957895727842915	12	182.0	181.68852098863545	0.15525743864349803	0.1573937509829751	0.20754716981132076	0.18506370869799574	True
5.0	2031-10-01	GARW	north	0.002140696988562662	6.721729574966276e-06	0.048817827356328405	0.0438507222563881	0.9985938852643025	0.9914555368109786	27	1473.0	1472.8295492033371	0.8616982325409691	0.8485218943676751	1.0	0.9122643267016419	True
4.0	2032-04-01	GARW	north	0.002163628571202357	4.681288594123153e-06	0.11988144768722474	0.018048068428797644			1	11.0	10.850163486474859	0.20754716981132076	0.20006676948161092	0.20754716981132076	0.20006676948161092	True
5.0	2032-04-01	GARW	north	0.0037732561137755883	1.545499876039803e-05	0.09434798647046949	0.03999296916587193	0.9739689423153726	0.093968898416106	6	153.0	152.98139274426046	0.828596573758467	0.8017193305472851	1.0	0.8233864216198298	True
6.0	2032-04-01	GARW	north	0.004565741088623837	2.725788157959776e-05	0.06774353986007695	0.06739743890051056	0.9862309605910816	0.9654512534063237	15	3291.0	3290.9808730966047	0.9878025481664693	0.967449436327308	1.0	0.9964749152743664	True
6.0	2032-10-01	GARW	north	0.20726580256472663	0.06754279766179948	2.924616425438019	0.07086939701286964	-0.8277886593620166	-25.663668206965422	25	4277.0	4276.979943886666	0.9903730838537141	0.9754928459696441	1.0	0.988629908408971	False
6.0	2033-04-01	GARW	north	0.013148323419699067	0.0001974087730991113	0.21935181011026683	0.059941713784306065	-0.5592917605198134	-7.260687655410203	7	335.0	334.79601094705055	0.9952841039797562	0.9786809057455115	1.0	0.9859291893197144	True
7.0	2037-04-01	GARW	north	0.14283216002585827	0.02177817797599774	3.2670699837460977	0.04371873291250518	0.9896819246550583	-86.73882279344326	12	535.0	534.888787525339	0.6226565693481051	0.621910316528354	0.9333333333333333	0.807891603695958	False
8.0	2037-04-01	GARW	north	0.09615559686359054	0.0111514654399396	1.774228915238666	0.05419571061981924	0.9952188389532682	-68.235665266187	9	399.0	398.9597752837656	0.4456440673799144	0.426400763211011	0.5714285714285714	0.573211364293714	False
7.0	2037-10-01	GARW	north	0.0025571301938482967	1.4088460890412952e-05	0.059366251223808036	0.04307380272687311	0.9964989300621843	0.9823588110141597	20	835.0	834.9655045444156	0.5231996761273636	0.5115731288163412	0.9333333333333333	0.78949511821349	True
8.0	2037-10-01	GARW	north	0.0021054675327495244	8.39022379254297e-06	0.03978962159118597	0.05291499261746984	0.9985736412637285	0.9914472160532116	22	944.0	943.9356607356261	0.6102759581186724	0.5841801892758712	1.0	0.8017921229846942	True
7.0	2038-04-01	GARW	north	0.18333017772073876	0.0345246243123996	3.9883388048100956	0.04596655066004805	-0.9838674712923166	-331.8446267250184	6	178.0	177.98277263028731	0.3514157417352906	0.340248691640116	0.43333333333333335	0.40316163883652856	False
8.0	2038-04-01	GARW	north	0.12234874492303327	0.018365399243380286	3.1213532750856197	0.03919733978835741	-0.7062852902338697	-46.761060138623115	17	467.0	466.67706486233374	0.6752091848199493	0.6311208453324634	1.0	0.7963406893932649	False
8.0	2038-10-01	GARW	north	0.0008903194188634627	1.606090639442151e-06	0.04264306984338257	0.02087840819465825	0.9940402689764829	0.9752775984881366	7	92.0	91.68544939599607	0.5256659185413296	0.4939525182098597	0.7333333333333333	0.6730256924041819	True
11.0	2038-10-01	GARW	north	0.0017504809457900836	4.994946679051883e-06	0.12173920568458713	0.014378941738172557	0.9841424086162668	0.9453964700252162	8	108.0	107.73330217994467	0.47078966782273024	0.4249116295532539	0.6956521739130435	0.5245015994403683	True
10.0	2039-04-01	GARW	north	0.003467091811696893	2.3677605269480983e-05	0.07317427115660023	0.04738129614269709	0.9977904839262262	0.968558746809609	20	755.0	755.0268825512746	0.27076009979777904	0.2763223774120475	0.4666666666666667	0.33701520706060123	True
11.0	2039-04-01	GARW	north	0.0022917656061627596	8.400999738892099e-06	0.061529305941729465	0.03724673261117469	0.9959928377996016	0.980846538946416	27	2071.0	2070.7890422964088	0.5984884253302178	0.5867412550645964	0.7051282051282052	0.6602168625814587	True
12.0	2039-04-01	GARW	north	0.0018568357588838612	5.0031129424296475e-06	0.049025977821686544	0.03787452777866867	0.9996686841799913	0.9844439039396289	9	209.0	209.0151930891393	0.11826656960316358	0.11960569946646858	0.21774193548387097	0.17680871317226307	True
10.0	2039-10-01	GARW	north	0.1110530205716901	0.016996574222628725	2.2316834325670967	0.04976199533996909	0.5016001769888199	-21.732280519118216	22	798.0	797.8459470951614	0.2698051987555305	0.2638935078017336	0.4666666666666667	0.36844296141068267	False
11.0	2039-10-01	GARW	north	0.09419542226323283	0.011708873854290562	1.788766107971752	0.05265944040612399	0.6490412865540236	-9.631692961396114	26	2115.0	2114.8986986348746	0.591312390863058	0.590097338931153	0.7051282051282052	0.663388348520521	False
12.0	2039-10-01	GARW	north	0.11453002971267803	0.021418125297847656	2.0330148896013123	0.05633506684997184	-0.9120073137360569	-26.409045042968323	14	298.0	298.044185484412	0.19955584895215003	0.2259221016499966	0.4230769230769231	0.4155668359262027	False
11.0	2040-04-01	GARW	north	0.0029685021055905446	9.563608903694528e-06	0.054350715452468217	0.05461753503845986	1.0	-20.648836993358334	2	22.0	21.93785761390165	0.39487179487179486	0.3961723598512884	0.4230769230769231	0.41005737357344085	True
12.0	2040-04-01	GARW	north	0.000488709349760268	3.557835409975728e-07	0.01700170192900094	0.02874473107463693	1.0	0.9034703164609589	2	23.0	23.18647361850116	0.4115384615384615	0.41904108061160605	0.4230769230769231	0.4422708952857108	True
13.0	2041-04-01	GARW	north	0.006900328819724867	5.808346568818181e-05	0.12488834369956238	0.05525198441517202	0.9896352932218204	0.9579578843929789	27	5020.0	5020.0699733452375	0.9393205093422643	0.9258861668895944	1.0	1.0	True
14.0	2041-04-01	GARW	north	0.022382130270897003	0.0005642445732704049	0.4846137033712948	0.04618550840636994	0.988249656848114	0.11459822460739566	11	196.0	195.98278423378866	0.13822557794154014	0.14589060382801491	0.425	0.26396570460839536	True
13.0	2041-10-01	GARW	north	0.1025076965791926	0.013006843235627433	1.696269454037864	0.060431257743384696	0.8910949043986378	-6.120231783650407	26	5020.0	5020.058428517212	0.9153139111057337	0.8801279602976366	1.0	0.9985682108575523	False
14.0	2041-10-01	GARW	north	0.09235860390052802	0.0245221331588597	0.19224754937585187	0.480414986824946	0.5416843246736807	-0.21682513876763054	11	196.0	195.85675560370234	0.13822557794154014	0.19441517353739862	0.425	0.3891064239262124	False
15.0	2042-10-01	GARW	north	0.2564791157428479	0.07863743898512085	9.996019986645596	0.02565812354171929	-0.36131060698172696	-556.3954768033717	16	211.0	210.83329100197477	0.9222826196099223	0.8237971699319351	1.0	1.0	False
15.0	2043-04-01	GARW	north	0.22776707497225943	0.05593975450293999	1.547400920519835	0.14719331748603537	0.9042420095544228	-33.410736907695785	36	2685.0	2684.938583967832	0.7348970435003003	0.719737173966472	1.0	0.9753647769077551	False
16.0	2043-04-01	GARW	north	0.1278512563195584	0.016485513348440145	1.9589821622361698	0.06526412480122674	0.9630985336301565	-7.800547722428391	17	4554.0	4553.976203792684	0.6224992970294602	0.5954014309132236	0.8969072164948454	0.9999035945028368	False
15.0	2043-10-01	GARW	north	0.13073692639699133	0.021015668188088168	1.5915755854008264	0.08214308361865592	0.7780732358061723	-12.500900780573744	23	2520.0	2520.022384389849	0.5636305981643401	0.5567782196540906	1.0	1.0	False
16.0	2043-10-01	GARW	north	0.13141778503577653	0.021143277159087877	1.7622235811095261	0.07457497813815069	0.5024347901600388	-6.562984127911033	22	4716.0	4715.948327977058	0.7039080724900643	0.6727263929391786	1.0	0.99997199314635	False
16.0	2044-04-01	GARW	north	0.2479177268585063	0.061888219067809495	3.468541564950027	0.07147607206548733	-0.9709344842172505	-2265.0279202231673	3	59.0	58.8919509991762	0.98989898989899	0.9826419779496759	1.0	0.9840614327802598	False
17.0	2044-04-01	GARW	north	0.05318004881004401	0.004154254994746968	1.3642804087337699	0.03898029207895907	0.9657648900542659	-6.359271765486432	19	1625.0	1624.995122041204	0.70030789394416	0.6908666987384299	1.0	0.9605240695736765	False
18.0	2044-04-01	GARW	north	0.06763096219513234	0.007486346544828618	0.9852935670964735	0.06864041789538078	0.9971160895146032	-13.333825398149909	14	1291.0	1291.0143892193319	0.3888343067763977	0.3803843003751239	0.6707317073170732	0.705633675095903	False
17.0	2044-10-01	GARW	north	0.023987947972232124	0.0012649453243556263	0.36315035667468626	0.06605514088402994	0.5138261729891909	-0.061747160769711096	24	1774.0	1774.1110704764758	0.5994119497610092	0.6040535384597031	1.0	0.9311034524943799	True
18.0	2044-10-01	GARW	north	0.0312657946997299	0.0016467866341323613	0.45193292296323384	0.0691823788688072	0.6617260654328044	-0.038703704623316515	24	1963.0	1963.0007582406479	0.5757406295228217	0.5641350449501411	0.9615384615384616	0.95879785252012	True
17.0	2045-04-01	GARW	north	0.0023558863374336173	6.207016635482368e-06	0.03907691370188738	0.060288444358895986	1.0	0.17264676672947354	2	35.0	34.71403581105439	0.17872664059104737	0.16866378244677332	0.1794871794871795	0.18063019199956099	True
18.0	2045-04-01	GARW	north	0.006456028226271271	5.620179918157849e-05	0.13174917707316888	0.049002417849531	0.9948753842727918	-0.49108618687284045	7	315.0	314.8090439748357	0.8720445613724996	0.8793580738254205	0.9615384615384616	0.9329374018179073	True
19.0	2046-10-01	GARW	north	0.0011168958086042848	2.2316087572211093e-06	0.03801160039972919	0.029383025099154785	0.9960351805956745	0.9919489713752582	16	355.0	354.84600654693054	0.9679899168719212	0.9336223697512108	1.0	0.9430363282760001	True
19.0	2047-04-01	GARW	north	0.011578153521288279	0.0002355867933580918	0.16021971001605417	0.07226422716735748	0.9250894934913806	0.7944453204137686	15	266.0	265.76264193445184	0.3571240199172534	0.35037317811716195	1.0	0.9497775226806595	True
20.0	2047-04-01	GARW	north	0.0037741816871546467	2.3365573972295308e-05	0.05517280733761392	0.06840655513611336	0.9973934497924726	0.9887989802737416	19	2717.0	2716.9968229212914	0.5392033983435548	0.5392469673547406	0.71875	0.6221815450957653	True
21.0	2047-04-01	GARW	north	0.0019401339919136063	6.358336217755539e-06	0.02556621913665609	0.07588662138673057	0.998585973256755	0.9962752013742618	16	2162.0	2161.999358909352	0.41711158595781056	0.40080513844258625	0.5555555555555556	0.6071721983547419	True
19.0	2047-10-01	GARW	north	0.01344335992521726	0.0004325630674769225	0.231169235125529	0.05815375872969116	0.978018232962873	0.5252816411185955	7	126.0	125.92250787279605	0.07274676588804609	0.0673765256853069	0.12389380530973451	0.1278415104252035	True
20.0	2047-10-01	GARW	north	0.004996190134938021	3.0402928510359035e-05	0.07810149310351118	0.06397048169509846	0.9946273467015933	0.986965614718614	21	2767.0	2766.9601510412494	0.5297578606465736	0.5054809777098954	0.71875	0.5647623722882603	True
21.0	2047-10-01	GARW	north	0.003930970115017454	2.1780704539719755e-05	0.05003840625642582	0.0785590591129718	0.9974939448172941	0.991645147090509	20	2259.0	2258.995694003085	0.46721199603897573	0.45571313119385487	0.7777777777777778	0.6481829763515429	True
23.0	2050-04-01	GARW	north	0.008580289393533495	0.0001521036093227872	0.2146148477550858	0.039979943062118196	0.9789651693104351	0.6863129867848492	14	541.0	541.0233549988461	0.4613378791749487	0.46424866197047365	0.7333333333333333	0.7138051005113378	True
24.0	2050-04-01	GARW	north	0.004637228864459071	4.6272230588652996e-05	0.08308654255454002	0.055812033114930513	0.9867475199488409	0.7967666986124922	11	977.0	977.0271712815058	0.5856630239758259	0.5735362074890421	0.7549407114624506	0.7859075794699993	True
23.0	2050-10-01	GARW	north	0.009930189948716273	0.00011304705023207481	0.23980460459037523	0.04140950489953532	0.9966835922111565	0.8656712280877525	18	672.0	672.0675131080283	0.3630410924367016	0.3699882260726465	0.7333333333333333	0.6989690541555403	True
24.0	2050-10-01	GARW	north	0.014618446407401115	0.0002528222441030958	0.24661257501201414	0.05927697079797716	0.968949015052336	0.8244643773147136	25	1923.0	2012.0033489909972	0.6951497951181651	0.6752192319156315	0.9615384615384616	0.8710110068698079	True
23.0	2051-04-01	GARW	north	0.005774284120296122	3.562439673042044e-05	0.1631062151840194	0.03540198706579924	0.9890564069406905	-0.3617736811270684	3	49.0	49.166061947106044	0.12480447572832791	0.1488995248999385	0.15037593984962405	0.154426287542947	True
24.0	2051-04-01	GARW	north	0.0014047177592090975	3.000917103923956e-06	0.030688221389933015	0.045773840763215494	0.9855854697831902	0.9598509617581652	11	611.0	611.0249789605944	0.8705898041912818	0.8381418587326003	0.9615384615384616	0.8795806357881845	True
25.0	2051-04-01	GARW	north	0.006033214185520641	3.9019357530883954e-05	0.13188800336198328	0.045744980830149676	0.9767622364462463	-0.4113971283104476	5	103.0	102.90870886274388	0.8268322052532578	0.83408521389334	0.95	0.9737580076988956	True
25.0	2051-10-01	GARW	north	0.00161225623091141	4.0586190150052106e-06	0.041604381203878514	0.0387520781287599	0.994729346177982	0.9891127990114067	26	673.0	672.6799108489907	0.9456660833893621	0.9017861081746756	1.0	0.9974018525314726	True
25.0	2052-04-01	GARW	north	0.0016476492091001126	3.935897263123468e-06	0.035921057388211164	0.045868616597039544	0.9965091077866951	0.9923048435010421	43	3254.0	3253.8459643269284	0.9133052271090207	0.9098393618698017	1.0	0.9881360533567457	True
26.0	2052-04-01	GARW	north	0.0019844041380020056	4.748134213067467e-06	0.03838240453292789	0.05170088122800135	0.9990408594232327	0.9936650467404582	15	527.0	527.0004271399584	0.19203054128852984	0.19596193363979428	0.40963855421686746	0.3410354176114927	True
25.0	2052-10-01	GARW	north	0.12142756359873799	0.017433165653085225	2.2573864890994346	0.053791215720078354	0.4903647214677644	-15.292672324384775	28	2918.0	2917.975008355081	0.8308815349049221	0.8198731996381717	1.0	0.9776013360222855	False
26.0	2052-10-01	GARW	north	0.17778109397437775	0.03505262457172438	2.518828454622623	0.07058086613564692	0.8428899252797485	-20.503744823199895	20	599.0	599.0240880827319	0.2381579337072898	0.24524227133411364	0.55	0.38260617076396536	False
0.0	2027-10-01	GARW	south	0.0015386547363349422	2.401600011372522e-06	0.10482626587102754	0.014678141242081619	1.0	-17.80256441420492	2	21.0	20.990216345072618	0.9583333333333333	0.9098257061950631	1.0	0.9151593148766921	True
1.0	2027-10-01	GARW	south	0.0030326053195093867	1.8138531399099933e-05	0.04463790644455659	0.06793789317328525	0.9962910411876935	0.9919391768577077	24	3606.0	3605.9982673933478	0.6362654665445102	0.6286518540331144	0.9545454545454546	0.8433185090990154	True
2.0	2027-10-01	GARW	south	0.0042285732029011805	3.0103859908580543e-05	0.056915506062595926	0.07429562689384817	0.9964398644001529	0.9855705957174921	18	2258.0	2258.000031492068	0.4330907403197696	0.42828029268295825	0.756578947368421	0.7319466064774667	True
1.0	2028-04-01	GARW	south	0.17499239346829007	0.03549354020732908	2.3579844368752534	0.07421270078448268	0.8561457034999014	-15.077225462371299	24	3606.0	3606.0901526749344	0.6362654665445102	0.6351543949264711	0.9545454545454546	0.8569254533547601	False
2.0	2028-04-01	GARW	south	0.09806741005228967	0.014448262955780888	1.2033777715194385	0.08149345315599886	0.7557962306271447	-4.792920767552015	20	2302.0	2301.8307502863463	0.4660062779962753	0.44866049051866624	0.8148148148148148	0.7125743118119768	False
5.0	2030-04-01	GARW	south	0.08437776504888578	0.009704336713962739	3.8831717764505878	0.02172908382796582	-0.8060561016230978	-64.94031880637404	9	117.0	116.84425784242165	0.6437639542139924	0.598668274017303	0.8461538461538461	0.7549020585623338	False
4.0	2030-10-01	GARW	south	0.004277502335535777	2.980417598110501e-05	0.3292353822842548	0.012992231593877333	0.9991687975267735	0.6798650436886837	4	49.0	48.96391643782398	0.09132060548744103	0.08981757715616778	0.1111111111111111	0.09981894829713031	True
5.0	2030-10-01	GARW	south	0.003731794236004198	3.995145835028615e-05	0.09304324477768279	0.040108169539023866	0.9785219980397473	0.866345415714231	20	1166.0	1165.8100964164748	0.859578886483531	0.848163274224021	1.0	0.9299492715829547	True
4.0	2031-04-01	GARW	south	0.0012304739140692193	2.023635619202127e-06	0.06007287008981777	0.020483021907051886	0.9998496327791324	0.9875067487898658	5	62.0	61.801517468515	0.09829920283655477	0.10493153843883399	0.1262135922330097	0.11210238520365931	True
5.0	2031-04-01	GARW	south	0.0016739582208675418	3.7133864576808758e-06	0.03777448133551371	0.04431452561848331	0.9992195355637177	0.9957509617254151	25	1626.0	1626.0475098128943	0.922646160910174	0.8959570814216993	1.0	0.9373876150869892	True
5.0	2031-10-01	GARW	south	0.0007058669332797862	9.649191278640008e-07	0.016170240742198923	0.04365222166654016	0.9901170344200221	0.9615684794979328	7	233.0	233.08305523712698	0.9409644218955638	0.8826047807171792	1.0	0.9047911934715344	True
6.0	2032-04-01	GARW	south	0.0017557160208539779	4.8830831135456535e-06	0.059623734416804644	0.029446596024671985	0.986981222454774	0.944609495369358	14	275.0	274.7796932835403	0.9698474844483248	0.9708498272365815	1.0	0.9951609400826602	True
6.0	2032-10-01	GARW	south	0.039513917543923714	0.002822386828255288	0.6455801177983167	0.06120683777976588	0.19686619750784448	-1.8691491073903292	39	5675.0	5674.945369024366	0.9600577899953595	0.9469099560764724	1.0	0.9930082313730081	True
7.0	2032-10-01	GARW	south	0.07189204642769818	0.005346702250747271	1.3899119892284315	0.051724171735223985	0.882777241618584	-5.98155000313205	7	98.0	97.58671081103472	0.050030339991729546	0.03981695741918637	0.11818181818181818	0.07160210770510252	True
6.0	2033-04-01	GARW	south	0.08140995423170043	0.008304986124981732	1.1393248335906572	0.07145455960538628	0.9195033941381258	-4.796286262510818	22	5149.0	5148.943578707358	0.9500571015822292	0.9488880739918557	1.0	0.9998294133805543	False
7.0	2033-04-01	GARW	south	0.1561767834739117	0.024430815167755207	2.70605818601253	0.05771375659295914	0.9983491616437017	-39.26687753032273	4	57.0	57.01694849543831	0.02914410009364208	0.03873465415347499	0.035794183445190156	0.05374101357821268	False
8.0	2037-10-01	GARW	south	0.10437977206430062	0.012542435463654009	2.573524380073892	0.0405590764449271	0.8866856894367509	-124.54383667628976	14	531.0	530.6614281455638	0.8762014178218388	0.8735428219393365	0.9444444444444444	0.9762395540417584	False
8.0	2038-04-01	GARW	south	0.01605743367320994	0.00033933766308961376	0.4092295738487737	0.0392382044195657	0.9210878403911592	0.44345417347894667	24	855.0	854.6203982253096	0.9129132739366677	0.8955801930161017	1.0	0.9285061861132968	True
8.0	2038-10-01	GARW	south	0.003911225514266657	4.800187608102869e-05	0.10177801980885622	0.038428980261279576	0.9420095827523488	0.6071805702138496	8	164.0	163.57325239804211	0.852461504904735	0.8223133159810503	1.0	0.9512577001125588	True
9.0	2038-10-01	GARW	south	0.027819210898466146	0.001007447345335204	0.4344592695656126	0.06403180423859009	0.9956367898170895	-0.5777563457263282	3	37.0	37.00908600943308	0.049859729451900515	0.03156319810087859	0.055350553505535055	0.04156998195266361	True
10.0	2038-10-01	GARW	south	0.0027368192037981426	1.0190479070325935e-05	0.06037041373314217	0.045333782469933324	0.9900960226960037	0.9770256548934292	14	870.0	869.9236602472193	0.3826475945748613	0.3797570929648851	0.46551724137931033	0.42481402614140956	True
11.0	2038-10-01	GARW	south	0.0016931196942756687	4.741734199563351e-06	0.030305318203590722	0.05586873178170621	0.9991632542365984	0.9917321214146989	15	1284.0	1284.0008317874865	0.5444473962036994	0.5229328345431565	0.625	0.5631566285730579	True
8.0	2039-04-01	GARW	south	0.04928815706746249	0.0024293224271068527	2.267479204197413	0.021736983067462492			1	12.0	11.995433489086704	0.043010752688172046	0.03849013480321416	0.043010752688172046	0.03849013480321416	False
9.0	2039-04-01	GARW	south	0.03838996348071447	0.0020119426947302643	3.3906713288563695	0.011322230837886289	-0.9990580038278474	-51.283864814372656	3	37.0	37.03249543851361	0.046083890313918956	0.03300365582784361	0.055350553505535055	0.03361134430864619	False
10.0	2039-04-01	GARW	south	0.06594456945143039	0.006269017901693432	1.3097429511541678	0.05034924554724185	-0.4662438789317264	-3.8788880327228368	21	1084.0	1083.884799359635	0.3785403389034335	0.3633941497461627	0.46551724137931033	0.39037844574716485	False
11.0	2039-04-01	GARW	south	0.06331936090353056	0.0056928210011573275	1.1081247764713376	0.05714100275346417	-0.18680826702086978	-3.0158190254567883	23	1642.0	1641.9542692675182	0.5583059429198481	0.5508297303594908	0.625	0.6365502540624155	False
10.0	2039-10-01	GARW	south	0.007353939047827168	6.417885912431041e-05	0.12312918163230084	0.05972539531520761	0.9787333188919946	0.47563781794668614	4	71.0	71.06779336032908	0.36588763805333574	0.3842209316576967	0.4375	0.39478010041364925	True
11.0	2039-10-01	GARW	south	0.004737288419584563	2.9907900392648383e-05	0.10301918224880476	0.045984527504240855	-0.025092915683573275	-26.366555395255432	5	135.0	135.0785541136159	0.5864496673836916	0.5852609449786582	0.6216216216216216	0.6292586549101388	True
12.0	2040-10-01	GARW	south	0.011019612474804402	0.00017213737108583548	0.28692147769636256	0.038406370144468634	0.9647841657200288	0.7141342249293967	12	222.0	221.9032911315923	0.07653701957805478	0.07656390104499614	0.16560509554140126	0.1688828509620981	True
13.0	2040-10-01	GARW	south	0.022968122975570857	0.0011293531702374934	0.3770714500992835	0.06091185893157203	0.8859889280302335	-0.04585216968471362	17	3941.0	3940.9587519748006	0.8903070563537206	0.8903626916109132	0.9788583509513742	0.9709103552847269	True
12.0	2041-04-01	GARW	south	0.03427294632493553	0.002294135912326027	0.6566501580903149	0.052193616193756655	-0.06171670583825442	-1.5235658955314286	12	222.0	222.0181953324235	0.07653701957805478	0.07670330763154794	0.16560509554140126	0.15484205112326904	False
13.0	2041-04-01	GARW	south	0.08199549615671167	0.010942607223293075	1.2923710093921028	0.06344578728617581	-0.5390597016297317	-3.6696405801034686	25	4464.0	4463.958350495939	0.9223653914503498	0.9226816684023585	1.0	0.9920603879987827	False
13.0	2041-10-01	GARW	south	0.011284089099741226	0.0001479945463588876	0.18486779033685363	0.06103869732623579	-0.41470546077892023	-7.786943736865743	6	223.0	223.0042793689634	0.9946236559139785	0.9908416881664692	1.0	0.9942629301675739	True
14.0	2041-10-01	GARW	south	0.013921741267230382	0.0002307603159343218	0.6303309364962519	0.022086400113273136	0.9047338554320752	-4.462594955904452	5	65.0	64.51553845267117	1.0	0.9902170737671995	1.0	1.0	True
14.0	2042-10-01	GARW	south	0.005932921156856556	3.5199553453476136e-05	0.22440993441742915	0.026437872156856557			1	10.0	10.110291640756667	1.0	0.8260846387134746	1.0	0.8260846387134746	True
15.0	2042-10-01	GARW	south	0.0017280428116824447	6.797429691277207e-06	0.02822354529524786	0.06122699305155699	0.9984609218227167	0.9963809377218327	20	4988.0	4987.986650931594	0.9769293974785226	0.9639855852132749	1.0	0.9990505341766783	True
15.0	2043-04-01	GARW	south	0.0037287819338076844	1.7677039370785254e-05	0.05556230854538211	0.06710991734193504	0.9966117324194599	0.9925242207483168	24	5109.0	5109.091626393775	0.9799732158474868	0.9718884639528066	1.0	0.9907494352891385	True
15.0	2043-10-01	GARW	south	0.010522175389833167	0.00012434342799071688	0.15282631829573118	0.06885054555506542	-1.0	-13.139022325545687	2	33.0	33.31181946511375	1.0	0.9920200812872317	1.0	1.0	True
16.0	2043-10-01	GARW	south	0.009930368933461517	0.00034005547591544027	0.15958287349758374	0.06222703424131458	0.816298365847455	0.4306504820635748	11	264.0	263.89962594694316	0.5656693520837736	0.5628028893376191	1.0	0.8871222069510197	True
17.0	2043-10-01	GARW	south	0.00866689796581138	0.00010992552374729566	0.12340247054906624	0.07023277514014861	0.21782808904032652	-3.1974802286263726	8	737.0	737.0400707146446	0.6496330553821913	0.6229654682816859	0.9090909090909091	0.984275417815111	True
16.0	2044-04-01	GARW	south	0.01409305857268748	0.0002932847511425309	0.27821098249512793	0.05065601093923127	0.8181004777779952	0.4678351433606165	17	379.0	378.96361109955143	0.38751900396552946	0.43957229606075426	1.0	0.8092431484352816	True
17.0	2044-04-01	GARW	south	0.005165494019134479	8.197492719425659e-05	0.08549537492901171	0.06041840302382998	0.9874169469768473	0.9527019781548708	25	3503.0	3503.036570525304	0.8352056377072814	0.7876244047452046	1.0	0.974987606394313	True
16.0	2044-10-01	GARW	south	0.028403582692223775	0.0008238784327992881	0.9714010714970441	0.029239809925729738	1.0	-34.26902789153087	2	23.0	23.13602276897192	0.032996574778513324	0.043350591956027584	0.034383954154727794	0.04638759414281551	True
17.0	2044-10-01	GARW	south	0.011114304706141468	0.00014965808093636305	0.23756345386716834	0.04678457281714695	0.9740052346847633	0.3343754069009762	14	1849.0	1849.0475805920366	0.9227771010561313	0.9158800403070061	1.0	0.9647861875055316	True
18.0	2044-10-01	GARW	south	0.015974059415486786	0.0004549514818720174	0.4414126905617958	0.036188491534206335	0.9405141238443495	-0.6177119981296639	17	1412.0	1411.9661394684563	0.9350275505458685	0.9290272269710292	0.9734513274336283	0.9697033025723134	True
18.0	2045-04-01	GARW	south	0.06960534544543572	0.007045783222738598	1.4735017788841334	0.04723804642987745	-0.37498657893332416	-6.271193553528198	27	1879.0	1879.4517373145857	0.9389183772372666	0.9391460783094289	1.0	0.9665112639399882	False
18.0	2045-10-01	GARW	south	0.001050799689151821	1.501989223990767e-06	0.023934816248381792	0.04390255927796665	0.8187034212633537	0.6367861754068129	7	208.0	207.68118996361378	0.9314004073729476	0.8834688633517631	1.0	0.9437645639439644	True
19.0	2046-10-01	GARW	south	0.0017208755639315284	4.707312795843339e-06	0.05150392877114054	0.03341251055969531	0.9911540048883432	0.9560891341260164	12	350.0	349.8351803539736	0.72183010602205	0.7207051957763523	0.8333333333333334	0.8435754849173432	True
20.0	2046-10-01	GARW	south	0.005735016945233933	3.716463485994501e-05	0.18096999138757627	0.031690430558464655	0.9880048820618701	-0.16253224579258574	4	82.0	81.84887599692317	0.29022507868419156	0.2785465781123832	0.36363636363636365	0.30759965624702884	True
18.0	2047-04-01	GARW	south	0.0021424070021008558	4.589907762650776e-06	0.31386228410834704	0.006825945997899144			1	12.0	11.69737308786281	0.13043478260869565	0.06622978826432468	0.13043478260869565	0.06622978826432468	True
19.0	2047-04-01	GARW	south	0.0016400911853489174	3.7785673785827567e-06	0.044702399970319454	0.036689108111373665	0.997809135291673	0.9926136594768116	21	584.0	583.8657339024514	0.5766880938948162	0.5624492943728366	0.8333333333333334	0.8972418304205828	True
20.0	2047-04-01	GARW	south	0.0025436474045524857	9.078609083121094e-06	0.07273049680002236	0.034973601397862354	0.9957190106162042	0.9707225593720978	21	544.0	543.2214087541071	0.6133353221001446	0.609524994848976	1.0	0.8510617800797708	True
18.0	2047-10-01	GARW	south	0.007909346067460295	6.255775521484965e-05	0.9084392285167229	0.008706521932539703			1	12.0	11.761875408058927	0.13043478260869565	0.06047804422019064	0.13043478260869565	0.06047804422019064	True
19.0	2047-10-01	GARW	south	0.0025790883574105107	8.695747288521539e-06	0.06693850517779172	0.03852921947629895	0.9952959208476246	0.8249077227677133	7	152.0	151.88186130563795	0.3424387755138674	0.33120195476082886	0.3835616438356164	0.44686138220837757	True
20.0	2047-10-01	GARW	south	0.002580744332027795	1.4492813042767917e-05	0.04934841515330237	0.05229639744276758	0.9886415112260573	0.9750151994501578	37	1425.0	1424.5599523643314	0.49198495181588275	0.47947511346283156	1.0	0.8337227458146216	True
21.0	2047-10-01	GARW	south	0.002135363134990631	9.641248706235458e-06	0.039403718346003105	0.0541919195604856	0.9983734589254585	0.9919356632524957	21	1945.0	1944.9502873290855	0.45706505819949556	0.45335419766021895	0.5217391304347826	0.49779757360077065	True
22.0	2047-10-01	GARW	south	0.0020407321020098224	5.7055803797722155e-06	0.03576697625265188	0.05705632166371671	0.9986810535150481	0.9945590703206776	17	1178.0	1177.9237405638114	0.30189042775512337	0.29438436171499505	0.5238095238095238	0.514130482292705	True
20.0	2048-04-01	GARW	south	0.1541851135300998	0.0268928438588619	2.4368536114462245	0.06327221003587244	0.7993475253721632	-24.77223869909074	22	1031.0	1031.010568254593	0.33447251698283254	0.323637676057516	0.7272727272727273	0.572111848123335	False
21.0	2048-04-01	GARW	south	0.2673333203687259	0.08619886985305698	4.503619690013628	0.05935965706907125	0.9400835135340377	-62.18911973669588	24	1998.0	1995.6854841104375	0.4508524685602175	0.4446323405956068	0.5217391304347826	0.4762778855226075	False
22.0	2048-04-01	GARW	south	0.10052108923977356	0.016693701664693254	1.6366824582197894	0.06141758820407338	-0.1849789929672131	-9.799002829672757	21	1257.0	1256.9174957045554	0.3435015533654432	0.3461930037861745	0.65	0.5989238029904796	False
23.0	2050-10-01	GARW	south	0.014848252345446825	0.0003270038768438974	0.6255673785623656	0.023735656388557253	0.8450530189348946	0.015222814678611307	3	39.0	38.43796522297035	0.3148281778675775	0.28638833552457765	0.8461538461538461	0.7575916019259559	True
24.0	2050-10-01	GARW	south	0.0022742465891951403	1.6356186203956965e-05	0.04783307386630273	0.04754548276683706	0.993289911154939	0.9823921023315506	22	3563.0	3562.9883146601064	0.9271963377257862	0.9178714531505462	1.0	0.9842645421928778	True
23.0	2051-04-01	GARW	south	0.051796327971908494	0.0028364713513500807	4.632762561196622	0.011180440889793784	1.0	-39.870485365332605	2	28.0	27.38760976156459	0.04916534372444316	0.03344221847626222	0.056910569105691054	0.0387394242494345	False
24.0	2051-04-01	GARW	south	0.15452493171782306	0.029711702424669174	2.5496421125209676	0.06060651844389093	0.1526562122139005	-18.579308328083844	28	3786.0	3786.0019495031074	0.9279545514608396	0.9251107363266264	1.0	0.9833070626320282	False
24.0	2051-10-01	GARW	south	0.001692666141805044	3.6900167047461834e-06	0.02734006048683034	0.06191157267630766	0.9458630726502475	0.8308477120439306	4	94.0	94.01263118169179	0.9205962059620596	0.9609662155148468	1.0	0.9751105320753574	True
25.0	2051-10-01	GARW	south	0.004768913783882717	3.6915995207282674e-05	0.1884583013743301	0.025304875132087394	0.9863123340222403	0.7883626268460073	11	267.0	267.08540518761356	0.9234700210528118	0.8929201691178107	1.0	0.9683941139389779	True
25.0	2052-04-01	GARW	south	0.0020972668203032615	5.595990189051516e-06	0.06340949153848063	0.03307496668744798	0.9983368315978245	0.9862300954560226	19	400.0	399.83887204472575	0.8922656861987301	0.8699283226567947	1.0	0.9632121181778651	True
25.0	2052-10-01	GARW	south	0.010085543542110692	0.00014777885526984528	0.2706333218849453	0.03726645141797569	0.8973230534084187	-0.837064943199902	6	90.0	89.8899814947402	0.8466503267973855	0.8322581007113062	0.9411764705882353	0.8744341236889875	True
26.0	2052-10-01	GARW	south	0.07683376444634668	0.0069758474480829105	1.7391683281787838	0.04417845196548927	0.9922370166928008	-22.353780601134382	17	1434.0	1434.0601734244958	0.9128108989277213	0.9076486272691631	0.965034965034965	0.9717259918090685	True
26.0	2053-04-01	GARW	south	0.006343126126335872	4.6318533822738576e-05	0.13317724250527468	0.047629204562368396	0.9948449719822295	0.9593042031533222	28	2055.0	2055.0560200928544	0.940686986916056	0.9550346979085154	1.0	0.9955031178089844	True
26.0	2053-10-01	GARW	south	0.4275798332084618	0.18878000009102883	9.11104556554207	0.046929831503155536	-0.855936825861683	-3763.949982612658	9	384.0	383.923325691447	0.9847116978751161	0.9805191170124373	1.0	0.9861337530529126	False
27.0	2054-10-01	GARW	south	0.009880414650480302	0.00016736382414848146	0.2951312488376853	0.03347803626146779	0.9454515158936818	0.5029701854100066	9	142.0	141.99523205954554	0.1992718648263245	0.18099994598285263	0.35	0.24134673660546652	True
28.0	2054-10-01	GARW	south	0.0014422389304272899	4.953220374022244e-06	0.03664323520489638	0.039358940944018324	0.9906644775797051	0.9715791578649181	12	516.0	515.9745961504128	0.6001398546060742	0.5973486150204679	0.7272727272727273	0.6285488798215485	True
29.0	2054-10-01	GARW	south	0.002461949191527734	8.281757873519196e-06	0.053569238278390253	0.04595826393374125	0.9889720244645079	0.8647190545523612	7	184.0	184.1111800368013	0.25294371138296884	0.25269429293111	0.37735849056603776	0.35715246454899446	True
0.0	2026-04-01	GARW	tropics	0.005400082719532697	9.984023855230545e-05	0.3546517175994432	0.015226438930240147	0.20534780858916574	-3.6339157372540285	29	1006.0	1005.9707394798962	0.9980346797867561	0.9977529112046443	1.0	1.0	True
0.0	2026-10-01	GARW	tropics	0.18701169665420658	0.059071022070320264	12.414481019471127	0.015063996341119181	0.44410474420435964	-778.7502190172328	50	1752.0	1752.0188957625298	0.9546451032404971	0.9540460933179518	1.0	1.0	False
0.0	2027-04-01	GARW	tropics	0.17603763628047123	0.034520400436245234	11.306035664406885	0.015570235359743683	0.48898402674712194	-1991.572896770711	27	763.0	763.2333806070567	0.8889972096994128	0.8686190241621902	1.0	0.9996253849238413	False
1.0	2027-04-01	GARW	tropics	0.01556412029762635	0.00024907684364663577	0.8109024363950961	0.01919357939879594		-35.44136562453781	20	817.0	817.0139104913089	0.8953809823976726	0.8602329124154151	1.0	0.9638809628360204	False
0.0	2027-10-01	GARW	tropics	0.0019039698427022952	3.625101161919803e-06	0.13741700686642477	0.013855416342702296			1	12.0	11.9352072598545	0.6666666666666666	0.5538763910594311	0.6666666666666666	0.5538763910594311	True
1.0	2027-10-01	GARW	tropics	0.001339379865666923	2.7984624854185293e-06	0.04622866577492771	0.028972929311607793	0.9945849331023343	0.9890015715718916	45	2287.0	2287.0308692527246	0.7058757244939642	0.6947529861419117	1.0	0.9800973862191327	True
2.0	2027-10-01	GARW	tropics	0.0023035885114746973	7.529421015198343e-06	0.08354618534223998	0.027572635447546037	0.9911696125067186	0.9231130805686469	25	1013.0	1012.9830719749089	0.4680532541800075	0.4645835615014643	0.8382352941176471	0.8319313803786585	True
1.0	2028-04-01	GARW	tropics	0.0020469837629891532	5.269875271596604e-06	0.06550710114272437	0.03124827274113784	0.9851512876689907	0.9253153559582732	24	1313.0	1312.817846484164	0.5159025917847248	0.5061577193566293	0.8990825688073395	0.8805305534498856	True
2.0	2028-04-01	GARW	tropics	0.0035659968469041155	6.008808178263736e-05	0.05893135995005311	0.06051102248321527	0.9103229124696157	0.7814829852189997	41	1376.0	1375.7037288824883	0.624089453526982	0.6160717177951295	0.9411764705882353	0.8646507534744622	True
2.0	2028-10-01	GARW	tropics	0.004695074835607079	2.463093582814536e-05	0.3141181495120466	0.014946843545654533	-0.0840761225285692	-3.994874819586771	15	310.0	309.7240849795493	0.8326935483834671	0.7938333305257339	0.9411764705882353	0.8671317916354699	True
3.0	2028-10-01	GARW	tropics	0.05820828277137252	0.005349784454744828	3.4640544685139925	0.01680351256033877	0.5941069951219659	-170.27253055005946	19	503.0	502.84620370493036	0.8975532566682559	0.900034348825913	1.0	0.9536342343252798	True
3.0	2029-04-01	GARW	tropics	0.005652201800868181	4.14198912320548e-05	0.3410031958154557	0.01657521650890053	0.8709120338468017	0.0697241643757478	45	1470.0	1469.9596124429945	0.8777710946091135	0.8740579691548793	1.0	0.9143978145739472	True
4.0	2029-04-01	GARW	tropics	0.005073847232922072	2.5743925743030963e-05	0.855743288224755	0.005929169767077929			1	12.0	11.803486829336899	0.19047619047619047	0.09723386041944476	0.19047619047619047	0.09723386041944476	True
3.0	2029-10-01	GARW	tropics	0.002949053258233158	1.4072812063427829e-05	0.21449747135156758	0.013748662115459507	0.9026974309359179	0.4768009953634482	34	1037.0	1036.9001846940237	0.841586634096317	0.8292956376016027	0.9583333333333334	0.9000334922256771	True
4.0	2029-10-01	GARW	tropics	0.005469784164687867	2.9918538808270143e-05	0.9466863369629106	0.005777820964687866			1	12.0	11.923694290229697	0.19047619047619047	0.07874134789995774	0.19047619047619047	0.07874134789995774	True
3.0	2030-04-01	GARW	tropics	0.01739278926181781	0.0004395616797986711	1.1573976243693074	0.015027496942803507	-0.6876246278519472	-56.860353841952644	9	131.0	130.6781277737677	0.812743447547369	0.7650205178285545	0.9090909090909091	0.8235977035399373	True
5.0	2030-10-01	GARW	tropics	0.01176205624793023	0.00021350480351156278	0.598233324914606	0.019661319017306816	0.8992683716611627	-0.11144507729234987	5	65.0	64.8207666786103	0.6686532507739938	0.648454314172762	0.8235294117647058	0.7068396445648674	True
4.0	2031-04-01	GARW	tropics	0.001918961683311733	5.993503811466675e-06	0.31695536540808733	0.006054359360161092	0.42148391716742306	-2.502409812752017	22	355.0	354.7182988170079	0.4949023395880291	0.487439130884225	0.7272727272727273	0.616843486699106	True
5.0	2031-04-01	GARW	tropics	0.0021729220513394846	8.16853804661789e-06	0.18477300378228984	0.011759954142975053	0.9605362376993607	0.7521483064564745	26	422.0	421.1100157275807	0.5512801057038961	0.5196951415027666	0.8235294117647058	0.5615809737611017	True
4.0	2031-10-01	GARW	tropics	0.001580439964987818	3.846761408872078e-06	0.1647413371231564	0.009593463259353794	0.8872374867415456	0.7842756480913627	37	570.0	569.7836821692971	0.542593795284557	0.5370542686505659	0.7272727272727273	0.636619853875267	True
5.0	2031-10-01	GARW	tropics	0.00129738389952194	2.652622141884399e-06	0.1519896813484477	0.008535999865330268	0.9115797391074068	0.8175936600175524	24	389.0	388.32929437804	0.5021130050268414	0.47648882467391096	0.6363636363636364	0.5357283854317517	True
4.0	2032-04-01	GARW	tropics	0.0020071084023531114	6.366511844477501e-06	0.17800908687132894	0.011275314297881422	0.7478448885764291	0.298538313407257	13	178.0	177.76760378857733	0.59908148032211	0.5808619386185717	0.6875	0.6167179773891412	True
5.0	2032-04-01	GARW	tropics	0.0015429463835694845	3.0249397741989936e-06	0.21514307387667103	0.007171722313747202	0.15822688670815796	-0.9760074672070016	3	38.0	37.98564564447976	0.45517241379310347	0.3893221363920288	0.5172413793103449	0.3920625303038495	True
6.0	2032-04-01	GARW	tropics	0.0024863531081755815	9.610100642754238e-06	0.06700198477304188	0.03710864859597355	0.9864716959379434	0.9728541447193472	24	3435.0	3434.9960028848463	0.8977992595734038	0.8680390330616893	0.9893238434163701	0.9926275547106828	True
6.0	2032-10-01	GARW	tropics	0.03954079486216417	0.004945702906464552	1.1104853155037242	0.03560676968000084	-0.21242519279860217	-6.274966292069304	38	4165.0	4165.163592494671	0.9354934868652166	0.9224651691319955	1.0	0.9893227810838411	False
6.0	2033-04-01	GARW	tropics	0.005731066633850028	3.787375228505931e-05	0.19271494697258615	0.029738568408320072	-0.6059539083028159	-8.859682594396896	12	407.0	407.0575729451021	0.9715731534886981	0.9689377483641971	1.0	0.9743862088592173	True
7.0	2036-10-01	GARW	tropics	0.1917972303214707	0.04524652271352276	15.470929377430323	0.012397266230254595	0.4612635249826039	-14182.579235988282	14	296.0	295.9598319975658	0.9752055351783786	0.9766828894238347	1.0	0.992488226366623	False
7.0	2037-04-01	GARW	tropics	0.0024446393848351526	9.264875497135456e-06	0.19413796867722521	0.012592278581525816	0.9713544348243363	0.7326763319659395	40	1156.0	1155.880352137185	0.873718101355282	0.8736891531212345	1.0	1.0	True
8.0	2037-04-01	GARW	tropics	0.007322831469266246	5.934146608189372e-05	0.9041325137598798	0.008099290046338328	0.9469044139746866	-4.500847076300229	5	71.0	70.07062721476083	0.31278931743406824	0.24354293588078413	0.3695652173913043	0.3025161586697917	True
7.0	2037-10-01	GARW	tropics	0.0017415470837384899	6.201928631301797e-06	0.12581150235226765	0.013842510829114982	0.9645156930676257	0.8059121640993681	34	959.0	958.7191662501368	0.7208268748581418	0.713014934618276	0.9791666666666666	0.9031374414268801	True
8.0	2037-10-01	GARW	tropics	0.0012637851503049331	2.2160344152778866e-06	0.11038790593582015	0.01144858342579396	0.9481654313412062	0.8613470946650699	24	347.0	345.9054366511883	0.5362224281094686	0.4965252535713061	0.9285714285714286	0.7367481952159138	True
7.0	2038-04-01	GARW	tropics	0.008038919647818167	8.207267673954228e-05	0.5123028061782205	0.01569173455790437	0.5841551860370002	-62.17498453281917	9	129.0	128.93047508041715	0.509099111454184	0.49496886788829664	0.5833333333333334	0.6177332407558734	True
8.0	2038-04-01	GARW	tropics	0.007552213484815326	7.453131983289743e-05	0.47480409624667796	0.01590595688730469	0.9140226386941878	-1.224935817763992	20	284.0	283.0656063066506	0.6196887762920371	0.5747369329621431	0.9285714285714286	0.7036176937756666	True
9.0	2038-04-01	GARW	tropics	0.009588886834397526	9.194675072288222e-05	10.9728462195546	0.0008738741656024729			1	11.0	10.963748366872826	0.1896551724137931	0.15256048867819225	0.1896551724137931	0.15256048867819225	True
10.0	2038-04-01	GARW	tropics	0.0016665614205293878	3.767899500170387e-06	0.08263430414640231	0.02016791256058451	0.3018154438514034	-1.7369246696714309	9	167.0	167.1423050576254	0.4640103226500794	0.45360506934463285	0.5961538461538461	0.5508843211314519	True
11.0	2038-04-01	GARW	tropics	0.0008860791505834834	9.425868605609898e-07	0.04621676206381387	0.01917224641051288	-0.5339759376083361	-0.2415997105451282	3	37.0	36.78896039735824	0.23221277901080858	0.22613717371927025	0.2413793103448276	0.23786652933387165	True
8.0	2038-10-01	GARW	tropics	0.001698285207423837	3.24520567359803e-06	0.25769846471180397	0.006590203047282829	1.0	0.1405244081451703	2	21.0	21.023379282381143	0.5	0.4098416714244373	0.5238095238095238	0.4500737272137112	True
9.0	2038-10-01	GARW	tropics	0.0008633587194351414	9.638341205600337e-07	0.10105464661026872	0.008543483633808588	0.9899794180270886	0.9640126594912011	9	105.0	104.82169742559438	0.15998216063726634	0.13800993102068493	0.19718309859154928	0.1746254142050169	True
10.0	2038-10-01	GARW	tropics	0.0007125278193001272	9.35997462772552e-07	0.0426024356776038	0.016725048884345943	0.9952590987613457	0.9897862555178557	34	1046.0	1046.0108900177427	0.49685016667918386	0.49193886183312924	0.6197183098591549	0.5292104919510626	True
11.0	2038-10-01	GARW	tropics	0.001169008986751506	2.374884649774513e-06	0.0596476891664881	0.019598562879587483	0.9957320155548496	0.9755490330224839	29	656.0	655.9191266372852	0.34247941730723785	0.34036547148037	0.4827586206896552	0.3940376715868848	True
9.0	2039-04-01	GARW	tropics	0.0008311860289743953	1.2413954842385239e-06	0.14415684514143348	0.005765845029134147	0.9901679514926449	0.892977735632773	7	84.0	83.87870525927323	0.15058654884986503	0.12616553181301973	0.19718309859154928	0.14548441772048165	True
10.0	2039-04-01	GARW	tropics	0.0009857755727472892	2.1545547135128997e-06	0.05782502561776951	0.017047559637299363	0.9912384939652159	0.9710026757444009	29	889.0	888.7972117839489	0.5111252493205711	0.4986310882057927	0.6333333333333333	0.5162921093355124	True
11.0	2039-04-01	GARW	tropics	0.0010705883496189004	1.5962650751012815e-06	0.08155081350744312	0.013127868424282343	0.9904100445250495	0.9655911878725263	29	642.0	641.97507145306	0.3933274025320653	0.38344389460545847	0.6470588235294118	0.520240203793505	True
10.0	2039-10-01	GARW	tropics	0.006247331478841544	4.879965479378616e-05	0.4632699455080211	0.01348529413448293	-0.7402171620778544	-4.260181531912247	4	53.0	52.67989485231573	0.5204022988505748	0.4856440111875551	0.6333333333333333	0.5134504818485472	True
11.0	2039-10-01	GARW	tropics	0.006594250840459105	4.464637789141235e-05	0.3556897891819151	0.018539331296593735	0.9079363714463966	-0.11387930007402636	3	35.0	34.92824233267451	0.5397147364693003	0.5054041267747656	0.6470588235294118	0.5722687499549016	True
12.0	2039-10-01	GARW	tropics	0.01226203185808745	0.00015035742528875156	5.448563850220355	0.00225050714191255			1	14.0	13.975299072007376	0.875	0.8777999980527404	0.875	0.8777999980527404	True
12.0	2040-04-01	GARW	tropics	0.0015868139677718913	4.08376655236469e-06	0.10203257483700355	0.01555203296894955	0.9405513329178887	0.8575994922131993	28	1014.0	1013.8945371852674	0.8671001669991304	0.8641290707637435	1.0	0.9583146775255836	True
13.0	2040-04-01	GARW	tropics	0.005205928974692842	3.783945235113958e-05	0.25032616876834785	0.020796583115169298	-0.37776598864905325	-2.527926005997966	8	136.0	135.93134307522377	0.2551638481914128	0.24432303161480318	0.3283582089552239	0.3136995866073196	True
12.0	2040-10-01	GARW	tropics	0.031171635099756272	0.0026165916670491886	1.1085205868818198	0.028120032653105347	-0.36889706479981577	-20.605596333324325	42	1492.0	1491.9841145814632	0.6461584726674902	0.6475325747622352	1.0	0.9623528876997856	True
13.0	2040-10-01	GARW	tropics	0.03855025958327731	0.003413646006701997	1.5809171512712756	0.024384743724411857	0.042290443847050246	-61.06180572489263	34	1629.0	1628.9668974839258	0.6157510097282511	0.6182466130723603	0.9714285714285714	0.9885954258263406	True
12.0	2041-04-01	GARW	tropics	0.0009877916012193389	1.8682533146134814e-06	0.04475021685524599	0.022073448368184652	0.9466487378546451	0.8596440153299897	16	446.0	445.94584508785795	0.3283949709634333	0.323055161677558	0.5862068965517241	0.5770949786664791	True
13.0	2041-04-01	GARW	tropics	0.002580469431608084	8.58693891400602e-06	0.14272377563429556	0.018080165131141714	0.9632782442323833	0.8642112765361701	50	2264.0	2263.983262053599	0.8310462790390579	0.8280303487928363	1.0	0.9980471146326838	True
13.0	2041-10-01	GARW	tropics	0.0026786546936826187	1.3194857254881776e-05	0.19272732645685536	0.013898676139640591	0.41799351579955346	-0.8743581827891633	27	729.0	729.0204426587112	0.8432748743312035	0.8252746686428132	1.0	0.9945416650862331	True
14.0	2041-10-01	GARW	tropics	0.004633882935327221	3.7904943387731156e-05	0.23509147000028394	0.019710978604717662	0.7248611033463411	0.2864713996213407	26	1413.0	1413.0939601208524	0.8870020931434558	0.8634514458860998	1.0	0.9967786267286937	True
13.0	2042-04-01	GARW	tropics	0.0145233742865567	0.00021092840066741636	1.3617699605573228	0.0106650717134433			1	11.0	10.718912070408349	0.4074074074074074	0.3427775869467649	0.4074074074074074	0.3427775869467649	True
14.0	2042-04-01	GARW	tropics	0.007517468188729901	7.641936361202326e-05	0.392364282056529	0.019159410100552523	0.9315379949557974	0.5601835754945783	45	2454.0	2453.9978097617586	0.90520122568474	0.8902986233104807	1.0	1.0	True
14.0	2042-10-01	GARW	tropics	0.002022800928550119	7.693010830284952e-06	0.10200617797565605	0.01983018057036569	0.8663300443579894	0.6295655508755709	19	877.0	877.0048170038228	0.8809293315652645	0.8694328738765308	1.0	0.9899398250082058	True
15.0	2042-10-01	GARW	tropics	0.0015922680343686813	4.71980428124349e-06	0.13894630646398073	0.011459592377012535	0.9116777833566847	0.4573353814309241	24	560.0	559.8650119466743	0.9105543069262053	0.898779177010009	1.0	1.0	True
15.0	2043-04-01	GARW	tropics	0.0021389119568098647	1.7430755548735976e-05	0.0663043612884823	0.03225899345449866	0.8702760857098861	0.7270485313610038	49	1297.0	1296.9632369944682	0.8366897129646171	0.8222866700463348	1.0	1.0	True
16.0	2043-04-01	GARW	tropics	0.0031277529464686276	1.6893085933575996e-05	0.09263689297092392	0.03376357783772325	-0.7938896771644799	-3.2097018603398686	10	351.0	351.31225090848557	0.5477283673502626	0.5250115043606434	0.851063829787234	0.8290186838282442	True
15.0	2043-10-01	GARW	tropics	0.005407343618432831	4.544364518420865e-05	0.17750003328840155	0.03046390199627171	0.5849758243960244	0.06335881165928081	30	775.0	775.0162876863368	0.6109977615791018	0.6179659996200652	1.0	0.998408353799221	True
16.0	2043-10-01	GARW	tropics	0.0026670510864804137	1.3019961150047764e-05	0.09266248487547225	0.028782425704044354	0.988671719023259	0.9723279176301509	34	3665.0	3665.000023576701	0.8133660148988668	0.7711266333310091	0.9943820224719101	1.0	True
17.0	2043-10-01	GARW	tropics	0.01798556871553047	0.0003342582362540406	0.8611635176988983	0.020885195837823493	-0.8697551972298488	-30.0840603165686	7	159.0	158.9983198831724	0.32825814457806635	0.31033042862796817	0.6231884057971014	0.454454330906843	True
15.0	2044-04-01	GARW	tropics	0.022092844437860328	0.0005141695974737853	2.183375837330401	0.010118663063008475	-0.8617953806228869	-25.318280253968553	4	50.0	49.87660719530857	0.07067935257073787	0.06983762112720807	0.09036144578313253	0.0861743949350842	True
16.0	2044-04-01	GARW	tropics	0.005669431463062826	7.370715217850965e-05	0.2184626018274801	0.02595149657486903	0.8607507853057995	0.6463822144050225	29	3192.0	3191.979019136127	0.755574749600356	0.7469991367339148	0.9943820224719101	0.9794164020628697	True
17.0	2044-04-01	GARW	tropics	0.006490301525919066	0.00010560056639016431	0.1937943965644476	0.033490656288200124	0.8963847367325103	0.6674787633277304	33	3116.0	3115.999971808589	0.7788442796887913	0.7525185434331848	0.9826589595375722	0.9771592241336636	True
18.0	2044-04-01	GARW	tropics	0.005857588263525542	3.895862135303784e-05	0.39337025335292575	0.014890775836753991	0.9587005812182913	-0.027204926055623746	6	73.0	72.69435930228335	0.13496589910090517	0.11513885586022704	0.18333333333333332	0.16802113370892505	True
16.0	2044-10-01	GARW	tropics	0.0230263179100839	0.0005309119340459931	5.8119512569686105	0.003961891091649302	1.0	-606.5796196316395	2	24.0	24.098832621196223	0.1111111111111111	0.13306621546828828	0.1111111111111111	0.14313737964240195	True
17.0	2044-10-01	GARW	tropics	0.012591051471240521	0.00019380206699888604	0.45345899368350007	0.027766681544811687	0.9351605124459992	0.3917017589065884	30	2937.0	2936.9193060299067	0.8389369724968861	0.8161863336296726	0.9826589595375722	0.9851906125560448	True
18.0	2044-10-01	GARW	tropics	0.016477625079445342	0.0003446295455159965	0.22313506459574714	0.07384596907392295	0.5192839874215266	-0.44701728510334604	26	336.0	335.82007102505986	0.5967123813865813	0.5822031762760393	1.0	0.9887241523683081	True
17.0	2045-04-01	GARW	tropics	0.007696052189846818	5.9576103085555574e-05	0.2634999736775749	0.029207032101126122	0.7616475434076214	-125.90465371263971	4	60.0	59.85851103794564	0.560952380952381	0.4633098635144484	0.6	0.550086723894164	True
18.0	2045-04-01	GARW	tropics	0.0030776908902147926	1.263644546789521e-05	0.47149818060884635	0.006527471402414672	-0.24977963708567957	-2.8014212770565083	27	338.0	337.2354928455029	0.8449815235018492	0.8253626670414858	1.0	0.9626508643986713	True
18.0	2045-10-01	GARW	tropics	0.003284095007944221	1.4215642482777855e-05	0.5190117403996485	0.006327592908429024	-0.2578051527933997	-1.751353163915783	9	108.0	107.21852463822985	0.9367413632119513	0.919609461265043	1.0	0.9489294064274016	True
19.0	2045-10-01	GARW	tropics	0.0017371182487700594	4.682050295682436e-06	0.11204070990071893	0.015504348823827943	-0.10821877332882324	-0.008078997088917017	12	212.0	211.65400668251914	0.8579843903373315	0.7948496431615287	1.0	0.9023890492560719	True
19.0	2046-04-01	GARW	tropics	0.020643440599153306	0.001813085415897569	1.3919370785138363	0.014830728283489794	-0.40598892280043336	-50.285705950412726	38	1237.0	1236.7931916190407	0.9247204202738182	0.9076055730914119	1.0	0.9722784662693248	True
19.0	2046-10-01	GARW	tropics	0.0009975247778222988	1.5114919756671643e-06	0.07976992393066032	0.01250502355611362	0.9841162183853096	0.9631563186637186	47	1460.0	1460.004728562873	0.9021356128957353	0.8908073431779238	1.0	0.9803692165943213	True
19.0	2047-04-01	GARW	tropics	0.0014825506464063913	3.92876686278211e-06	0.11350873764155917	0.013061114740682151	0.4532376779362791	0.050357891913860864	22	440.0	439.84141508450364	0.8192589147526855	0.7818895441686174	1.0	0.965093414629591	True
20.0	2047-04-01	GARW	tropics	0.0017087955280768153	6.0715445646021884e-06	0.09975536473689656	0.01712986096119984	0.9164720490576609	0.7715956117624381	26	935.0	934.9723520561506	0.7807501984769138	0.7801774209865039	0.9666666666666667	0.876707226695371	True
21.0	2047-04-01	GARW	tropics	0.0060234853049832525	3.6282375219349185e-05	0.31448456181158674	0.019153516695016748			1	13.0	13.025426544217128	0.14444444444444443	0.12518826788072185	0.14444444444444443	0.12518826788072185	True
22.0	2047-04-01	GARW	tropics	0.004252446039677459	1.9931504034681166e-05	0.20228690155829768	0.021021855626435278	1.0	-4.596886294611784	2	32.0	31.999997415995075	0.17954545454545456	0.13059830007707585	0.2	0.14301269967043706	True
19.0	2047-10-01	GARW	tropics	0.0032409667563953496	1.0503865516059794e-05	0.42304962175613403	0.00766096124360465			1	16.0	15.713643434335005	0.5517241379310345	0.2843565780444672	0.5517241379310345	0.2843565780444672	True
20.0	2047-10-01	GARW	tropics	0.0014097859110643325	3.883318122568106e-06	0.056330209587355566	0.02502717318809314	0.9888322935068736	0.9752329912075709	43	1578.0	1577.8398735790481	0.6241699552306352	0.623578735554768	0.9666666666666667	0.8744802682377352	True
21.0	2047-10-01	GARW	tropics	0.0010128112185848691	1.500543895744572e-06	0.0763980409399656	0.013257031281479417	0.9883166324113357	0.9676868904777942	11	128.0	127.54969042683895	0.1284455808121038	0.10739477577965158	0.16455696202531644	0.12031613419974099	True
22.0	2047-10-01	GARW	tropics	0.0016825709016750254	4.07258216026796e-06	0.06242772452501932	0.026952302273979205	0.9854052348180157	0.9383188215578843	28	1091.0	1090.795275862309	0.5364008750693264	0.5348855984840856	0.8571428571428571	0.87989151390661	True
20.0	2048-04-01	GARW	tropics	0.0010266987697462589	1.5740558645084725e-06	0.04823013361668719	0.021287495861115144	0.9541040476203904	0.9030733298083576	17	572.0	571.7315226951494	0.37811006449033746	0.36767237425240384	0.7142857142857143	0.6347948048983573	True
21.0	2048-04-01	GARW	tropics	0.0024736994689261724	7.518844345343438e-06	0.3339983735861009	0.007406321900212731	0.8334734883209567	0.00033166340115742265	8	95.0	94.423913894095	0.13236115580521712	0.10849730352365106	0.16455696202531644	0.11704474313422487	True
22.0	2048-04-01	GARW	tropics	0.0018173439944828057	9.583139720318775e-06	0.0667913813875854	0.027209258990121703	0.9648822997850814	0.9144916772574888	42	1393.0	1393.1641743968125	0.712415453073457	0.7180555487595054	1.0	0.9102991950843298	True
22.0	2048-10-01	GARW	tropics	0.005791352302314913	4.064831438922447e-05	0.36547499955936935	0.015846097022497268	-0.03748523284676464	-7.507431068550062	16	289.0	289.16774887957547	0.8722292816506501	0.8792911827606145	1.0	0.9390979996060895	True
23.0	2049-10-01	GARW	tropics	0.002427652376574177	9.85346967214745e-06	0.2010593398441449	0.012074307905596524	0.9078750542896388	-0.2791536824382268	30	715.0	714.9926836595325	0.9288945972384816	0.9256700432994871	1.0	0.9447093609077214	True
23.0	2050-04-01	GARW	tropics	0.008788675350417033	0.00011902358670948495	0.7290724662375363	0.01205459780393576	0.2724062599140466	-1.4069891075840042	50	1356.0	1356.0568244786987	0.8253082056783044	0.8248365795817937	1.0	0.9495172824338138	True
24.0	2050-04-01	GARW	tropics	0.00252359424815828	7.024911376653625e-06	0.22459579272406568	0.011236159936703365	-0.4316693185035249	-16.26267589303015	8	105.0	105.0438996839833	0.3672389704928828	0.3534239973512764	0.41379310344827586	0.46465886002444373	True
23.0	2050-10-01	GARW	tropics	0.0012736802455812779	2.0314903096002404e-06	0.1351682823462391	0.009422922474657877	0.862009042092008	0.7132819270671478	24	648.0	647.9401098880787	0.7135965768665393	0.7079269902990442	0.9736842105263158	0.9166093426586466	True
24.0	2050-10-01	GARW	tropics	0.000940670838384623	1.5709165856648963e-06	0.08946466553073079	0.010514439782502803	0.9508666962832092	0.8886251530032729	32	612.0	611.5440083569085	0.6659689367771959	0.650957822532323	0.9705882352941176	0.8898083799298985	True
23.0	2051-04-01	GARW	tropics	0.0022385219110857566	5.010980346411028e-06	0.31499493256109845	0.007106533088914243			1	10.0	10.031575029233075	0.38461538461538464	0.2875972660263366	0.38461538461538464	0.2875972660263366	True
24.0	2051-04-01	GARW	tropics	0.0010192838575159972	1.6120489785889998e-06	0.1347272591079679	0.007565535469694089	0.955473792011505	0.9099982058159657	42	816.0	815.3758246993598	0.825315807806956	0.8042241099895674	1.0	0.9634947059224225	True
25.0	2051-04-01	GARW	tropics	0.0032468871726960033	1.384322519853731e-05	0.09110530023194871	0.03563883950142989	-0.7942293621108467	-3.1340883379338917	6	123.0	123.0328820781418	0.7223251850516407	0.6847096777105962	0.9117647058823529	0.8924262707224664	True
24.0	2051-10-01	GARW	tropics	0.002468331137698935	7.866589146998712e-06	0.24644100387853116	0.010015910903023086	0.05534388918562116	-0.10007320130805386	18	297.0	296.8198731575602	0.8695519451595303	0.8031443979688815	1.0	0.9705501604649323	True
25.0	2051-10-01	GARW	tropics	0.002098323808187111	9.135217055678466e-06	0.07006003198557247	0.02995036897241527	0.9918100280966302	0.9768667409227623	33	3035.0	3035.014099453223	0.9273207047132739	0.8781588449677221	1.0	0.9986815406911929	True
25.0	2052-04-01	GARW	tropics	0.0010847766123798501	1.9174502208114365e-06	0.04375802139529722	0.024790348781547827	0.9973359686158494	0.9927213716988698	34	2987.0	2986.9963678412555	0.9825727064485972	0.9775216407643652	1.0	1.0	True
25.0	2052-10-01	GARW	tropics	0.3310354122236487	0.11790857868225998	13.340196135850542	0.024814883443431666	-0.4430352119106469	-159225.6006207114	8	161.0	160.99167704206235	0.9807692307692308	0.9778395972504454	1.0	1.0	False
27.0	2054-04-01	GARW	tropics	0.004932484239945838	3.5985720481305315e-05	0.302507913483449	0.016305306473298944	-0.7498355725142296	-0.9770491965018149	20	407.0	406.51715544732366	0.3793405230056355	0.37380132199942046	0.4666666666666667	0.39118141264054146	True
28.0	2054-04-01	GARW	tropics	0.006143634734515505	5.695601513382507e-05	0.3047020398102922	0.02016276208173906	-0.8362740415151049	-0.9351747961716605	22	603.0	602.9521160491754	0.5300990661701583	0.5179714631829113	0.64	0.5848545196652644	True
27.0	2054-10-01	GARW	tropics	0.00115919082968923	2.011283239793773e-06	0.06901512113394126	0.01679618626531898	0.9923195267662457	0.9774197281517525	33	678.0	677.770836218623	0.36370868328699096	0.35522495127451953	0.5357142857142857	0.3881932755441989	True
28.0	2054-10-01	GARW	tropics	0.0010781456578917658	1.782518129762501e-06	0.05713716830434144	0.018869427552814955	0.9953828613649558	0.9857701238561928	47	1321.0	1320.9307308739856	0.5966102658120127	0.5889211390798011	0.7636363636363637	0.6707567194465267	True
