variant	pivot_date	model	location	mae	mse	normalized_mae	max_r_data	correlation	r2	n_points	total_sequences	total_smoothed_sequences	mean_variant_frequency	mean_smoothed_variant_frequency	max_variant_frequency	max_smoothed_variant_frequency	converged
1	2025-10-01	FGA	north	0.2473581230959865	0.07309659480201489	5.194484074333198	0.047619382320993865	0.13082025853712487	-181.09350416780478	31	1151.0	1150.9353447651285	0.9715956391755664	0.967894392166248	1.0	0.9979808540157366	False
1	2026-04-01	FGA	north	0.19295297773135608	0.04035451082903852	4.162195985593864	0.0463584555843123	0.3715452642075018	-98.36054743209468	50	4049.0	4049.0000000127584	0.9312070543858374	0.9307534583672549	1.0	0.9965639751473132	False
2	2026-04-01	FGA	north	0.111442036780115	0.016352056633038913	2.4722169385351482	0.045077774139896984	0.8994599853634417	-24.79580465136381	15	448.0	448.0224528841467	0.1815494977915231	0.18296530254899812	0.36065573770491804	0.3207181767698481	False
1	2026-10-01	FGA	north	0.2296043211579684	0.053319908827628125	4.144525890885999	0.055399417738680005	0.7241797563360867	-54.926322624228696	27	3096.0	3096.0159182039924	0.8439254097420881	0.8358835668519985	0.975	0.9648882782786746	False
2	2026-10-01	FGA	north	0.19141463795129127	0.03674147616124262	4.343366288577974	0.044070572278158186	0.9338375695485863	-46.387075268954696	17	474.0	474.1264829578909	0.19777243269186678	0.21203709059952822	0.36065573770491804	0.4029292563277625	False
3	2029-04-01	FGA	north	0.1370206760209957	0.019228337245120155	2.5129364269530283	0.0545261211351595	0.0177036496761849	-42.45657811806998	13	284.0	284.00219915464254	0.5843175018003955	0.5571380874465353	0.9333333333333333	0.8251101708407056	False
4	2029-04-01	FGA	north	0.0374747769871992	0.0019631340544584725	0.6726200978935019	0.05571462569221757	0.3001405747793855	-9.951144440660215	9	300.0	299.9378508999669	0.5358572299097166	0.5210050120934805	0.7692307692307693	0.7189454093958682	False
3	2029-10-01	FGA	north	0.24281701811349365	0.0591256196530911	4.470663276117692	0.054313421323995366	0.8611070279763846	-103.03798855583058	19	382.0	381.9583101579219	0.4785395066728573	0.47302031660441035	0.9333333333333333	0.8042401991751561	False
4	2029-10-01	FGA	north	0.18700547816359547	0.03502707089732322	3.497490986557995	0.053468466075343404	0.9627681451842345	-56.4982503809922	21	734.0	733.9993704868408	0.6939779831724413	0.6772691754003402	0.8947368421052632	0.9441888291415459	False
3	2030-04-01	FGA	north	0.26537905045670096	0.07055961451957234	7.76909439056712	0.03415829916790715	-0.7984680413065697	-1333.0678004049296	5	82.0	81.93425594416169	0.2535103349615429	0.2118119999140405	0.27692307692307694	0.2540160344503157	False
4	2030-04-01	FGA	north	0.05539852538906921	0.004856885426759753	1.8574509720034393	0.029825026998864246	0.7199805148021508	-9.843626690295327	26	834.0	834.0068943702929	0.6481637614375266	0.6489962573691676	0.8947368421052632	0.9066424370958316	False
5	2030-04-01	FGA	north	0.05684965633708624	0.004729258962976753	1.2415756812405916	0.04578831334734395	0.8492745953691552	-35.269961064483184	9	479.0	478.9859626428883	0.49456867671984434	0.47902594290128536	0.6507936507936508	0.6344561295458473	False
6	2030-04-01	FGA	north	0.04546618404437715	0.0023262468271763744	1.3214192800535751	0.034407083906429596	-0.9935767971081676	-22.31566156699052	5	78.0	78.02880024726555	0.12691160766467008	0.11905792686823824	0.1450381679389313	0.1334720817070798	False
4	2030-10-01	FGA	north	0.005268753296697394	3.5958040464126824e-05	0.13958598162430916	0.03774557613441486	0.9870191091846956	0.9264228800372111	20	539.0	538.8627580965327	0.43885638857949105	0.4292084616464985	0.8461538461538461	0.73475447726193	True
5	2030-10-01	FGA	north	0.0038074535199853093	2.162011683416171e-05	0.08547067477536158	0.04454689903867326	0.9937420288432428	0.9710613296772452	21	945.0	944.994579798831	0.6199320597683953	0.6240245184645754	0.9230769230769231	0.8613166938411627	True
6	2030-10-01	FGA	north	0.0049940522793503386	3.0452945381713173e-05	0.14158874191697485	0.03527153509336754	0.9979216573306511	0.8788603812265856	8	112.0	111.91740873030393	0.12369815769423005	0.12701672351156965	0.1450381679389313	0.13289671953695828	True
4	2031-04-01	FGA	north	0.27603973746082894	0.0762176807358498	7.2936322907298035	0.03784667590271518	-0.9536589600942985	-4806.423256657193	3	39.0	38.72214433712803	0.15963150736376278	0.17368500120379515	0.1797752808988764	0.19349022701834853	False
5	2031-04-01	FGA	north	0.06891180225884311	0.006845536010313682	1.901880270410591	0.03623351234616149	0.8713021480152663	-14.29600825015419	17	428.0	428.23285797377497	0.5756163130074953	0.5631122896265109	0.9230769230769231	0.7962404776739478	False
6	2031-04-01	FGA	north	0.01669288867824898	0.00030861273297167255	0.7129217980455476	0.023414754218501952		-0.8776464369809953	8	129.0	128.77905700081635	0.3127465392414854	0.28667574064648393	0.6	0.3422727590918853	False
7	2031-04-01	FGA	north	0.03129910759066115	0.0009998605633743105	0.5595037845593884	0.05594083267070182	0.6723151092355483	-35.526577171771486	7	222.0	221.8224506918832	0.4864927086071848	0.47963204642695106	0.7808219178082192	0.785787031015605	False
5	2031-10-01	FGA	north	0.17654314116361203	0.03126914374703975	7.794648969795493	0.02264927411711832	0.868770632033419	-177.1903275476989	9	130.0	129.73224816752682	0.30610207868820605	0.27117852524251446	0.5555555555555556	0.4286362444958746	False
6	2031-10-01	FGA	north	0.21535105194015222	0.046455083184635405	8.806018739961985	0.02445498451676948	0.9584234501806618	-210.22764988473742	12	182.0	181.9098064384712	0.24730152120954604	0.2419951951710282	0.6	0.35591528531818617	False
7	2031-10-01	FGA	north	0.09819102559588436	0.015169730165845555	2.1314744737978857	0.046067183446455474	-0.7446601848554615	-22.900568748902312	32	1523.0	1522.9999264373575	0.8470383611664075	0.840495621596587	1.0	1.0	False
6	2032-04-01	FGA	north	0.25567963109279185	0.06537207375574614	19.41902410078958	0.013166451092791829			1	12.0	11.716136593197852	0.10344827586206896	0.08812730583845375	0.10344827586206896	0.08812730583845375	False
7	2032-04-01	FGA	north	0.1987743150111719	0.04230820842161978	7.431532067602452	0.02674742074756331	-0.5236258642395814	-126.38088736181498	48	3020.0	3019.868999828178	0.9385246725891191	0.9307116479463072	1.0	1.0	False
8	2032-04-01	FGA	north	0.26167289138717426	0.06889107923325022	5.388596795218319	0.0485604882553794	-0.6006664661657458	-237.74037557110745	10	240.0	239.83981089189584	0.1822585531238862	0.18847877430198234	0.36633663366336633	0.30149924052474475	False
7	2032-10-01	FGA	north	0.0092395647665246	0.00016246788722140755	0.17724986737082055	0.05212734375250453	0.8817219918353819	0.7760122738875357	28	2101.0	2100.988017584589	0.8299645707897367	0.8234095695240595	1.0	0.9818539500918765	True
8	2032-10-01	FGA	north	0.02299184761176003	0.000997348353473876	0.4747274420346713	0.0484316801093644	0.049603014248898764	-0.4776640374796479	17	435.0	435.0325581119581	0.3410649464907621	0.3412252076144994	0.75	0.6836197728372494	True
7	2033-04-01	FGA	north	0.06184188439264565	0.017169493076246444	1.187783294864123	0.05206495550160106	-0.8001754164027959	-26.265251459632974	20	1327.0	1326.9785166851145	0.7697198737982375	0.753701235482342	1.0	0.8851196020232457	False
8	2033-04-01	FGA	north	0.3290056286819421	0.10825657806622418	13.275775552060844	0.02478240366385747	-0.48341293116471584	-75355.90725868475	4	79.0	79.06974055984104	0.6177785165484634	0.612082730475107	0.75	0.7046130848710733	False
9	2033-04-01	FGA	north	0.03581517919117428	0.0029234208796043016	0.9124917367709051	0.03924986687322323	0.7610354957008003	-9.274002987873164	11	242.0	241.62480743777945	0.1726928988657144	0.16196476952789057	0.1987179487179487	0.17610307093843763	False
10	2033-04-01	FGA	north	0.018797024572975923	0.0005271011322278472	0.5149717384373811	0.036501079903944245	-0.9915632911862123	-3.661196583942295	5	73.0	72.74096810648575	0.09406205564954205	0.08099179833111445	0.13970588235294118	0.10334905211211146	False
7	2033-10-01	FGA	north	0.21405574844750577	0.04589960051738539	5.418487684204849	0.039504703327367253	0.9669968621950916	-54.6726957904494	25	1599.0	1598.9777027368982	0.7158637461991398	0.6843402292152676	1.0	0.8437924665032273	False
9	2033-10-01	FGA	north	0.21734520682042163	0.047266452898368554	5.683478338271089	0.0382415826865873	0.9783788665909665	-93.69855558010264	15	306.0	305.9091537692087	0.16930885508053578	0.139748201827946	0.1987179487179487	0.15601718624946506	False
10	2033-10-01	FGA	north	0.29783052000255167	0.10252496605179263	5.195930527927087	0.057319958071373786	0.49160775392205514	-247.59591019415123	24	436.0	435.6669171502195	0.5506631644612457	0.5572322881622851	1.0	0.958134082330872	False
7	2034-04-01	FGA	north	0.03054417509367339	0.0009429653103457916	0.7069079072258434	0.043208138968963486	-0.9524338988799723	-137.6759057825743	4	117.0	117.11246620802565	0.41799645312834266	0.40550897774526673	0.5753424657534246	0.4827479173497271	False
9	2034-04-01	FGA	north	0.1858008761858374	0.03452196559142488	5.309229957622682	0.034995823814162615			1	15.0	14.59012833349083	0.16853932584269662	0.12567108728340762	0.16853932584269662	0.12567108728340762	False
10	2034-04-01	FGA	north	0.08632757003102823	0.01346914052799253	1.3444098374762687	0.0642122421486313	0.3765563710495901	-19.752629517887204	40	2641.0	2640.953399621747	0.7324640657985453	0.7163788711105863	1.0	0.9934749333934031	False
11	2034-04-01	FGA	north	0.058669200199285156	0.0044813953462366895	0.972270237708959	0.060342482906328855	-0.8801352238004294	-4.760064271585258	14	1640.0	1639.931867336585	0.44769222822198135	0.4380045745159319	0.7068965517241379	0.7660182363135114	False
10	2034-10-01	FGA	north	0.2108472724794617	0.04502434299565457	3.5459653894209695	0.059461176104116324	0.8591452440629284	-45.34280350752763	25	2376.0	2375.9369966721215	0.6680337233683272	0.6665231223516855	1.0	0.9975320065334015	False
11	2034-10-01	FGA	north	0.2352059394841516	0.05578449529554643	3.912791028513568	0.06011206266067935	0.9595321483069448	-38.66072135013842	21	1916.0	1915.7830818108316	0.5882291545403062	0.5544108712982224	1.0	0.89502021082277	False
11	2035-04-01	FGA	north	0.269121682387114	0.07245040013697027	4.90152280432665	0.05490572891950153	0.14153939844260155	-2986.706559283395	4	92.0	91.61795743828922	0.935	0.8688734454167217	1.0	0.8994444350290205	False
13	2035-04-01	FGA	north	0.07205156071605347	0.01018259297810812	2.3790262223657948	0.030286156595786755	0.8203977082935976	-74.31192254625937	11	242.0	241.9311100648942	0.9389403213866864	0.9362680244269093	1.0	0.980056684443926	False
13	2035-10-01	FGA	north	0.03953022862153003	0.0016495577423380715	1.2823829288417476	0.030825604218884806	0.9918205295135702	-3.6807468220947177	18	383.0	382.960698995912	0.9003564890779155	0.8374938066004525	1.0	0.954924029280914	True
14	2035-10-01	FGA	north	0.1122116840634398	0.0126947957942662	4.65300398020049	0.024115965630144336	-0.8465357302056816	-300.8235803514404	8	132.0	131.7645709169212	0.9339882943143812	0.9358365633433134	1.0	0.9976613557422296	True
13	2036-04-01	FGA	north	0.22011851363891966	0.04846822001768856	6.760312107933075	0.03256040699372674	0.9345685872653919	-2175.8759433046084	5	81.0	81.0266909456583	0.8002480847148297	0.7569491193709774	0.9411764705882353	0.9102794066111226	False
14	2036-04-01	FGA	north	0.1858888974890969	0.03510808202302214	3.1487898615996626	0.0590350279502808	0.7533507668465879	-26.989885464301924	34	5270.0	5269.908506520149	0.951368191242284	0.9511954460225378	1.0	1.0	False
15	2036-04-01	FGA	north	0.046538838148429594	0.0024890845403210023	1.1872785872606852	0.0391979091072509	0.8769776409464548	-5.682512853247753	5	68.0	67.84916109826543	0.049161927179168556	0.04498897763905983	0.06321839080459771	0.0638513324918923	False
14	2036-10-01	FGA	north	0.06362393274067528	0.006459850202174523	0.9811132102674801	0.06484871681967215	-0.5569682829149766	-2.677507282314255	24	5062.0	5062.017606988702	0.9531088394884418	0.9300433387906262	1.0	0.9991775749554042	False
15	2036-10-01	FGA	north	0.1525445351870818	0.023870081445246254	1.9347062474068517	0.07884635478463053	0.0717662185200641	-38.645271178384114	3	41.0	40.977554917819255	0.06042464878671775	0.043848002577579905	0.06321839080459771	0.06940871168865463	False
16	2040-04-01	FGA	north	0.023666209282065635	0.003840227713075118	0.0855570970278817	0.2766130467745206	0.8728082488686735	0.3772264618760456	16	638.0	637.9847536448378	0.39968441152606127	0.4210225235484184	0.8666666666666667	0.7444496677597148	True
17	2040-04-01	FGA	north	0.003967960217404937	2.233658945644382e-05	0.06045728988311973	0.06563245267983524	0.9910361722455985	0.9660736142524373	14	2496.0	2495.968883450585	0.687535722891066	0.6599925646694805	0.8940397350993378	0.976578438703639	True
18	2040-04-01	FGA	north	0.004788384750856632	2.2928628522236327e-05	0.49047357510929707	0.009762778249143369			1	11.0	10.911504258598331	0.029891304347826088	0.022032197500767882	0.029891304347826088	0.022032197500767882	True
16	2040-10-01	FGA	north	0.018441263187122126	0.0005811465135398964	0.2471437094249179	0.07461757060308497	0.8561307078598901	0.5976210835048167	21	720.0	719.8053531829443	0.3241421714121306	0.341906763654129	0.8666666666666667	0.7353900430425004	True
17	2040-10-01	FGA	north	0.03457414361442729	0.0021167406253339584	0.5145795336373667	0.0671891152958141	0.5371414292604493	0.02537005990083252	23	3286.0	3285.8451164353164	0.7483944806902716	0.7348396953094354	0.8967391304347826	0.9219461656568401	True
18	2040-10-01	FGA	north	0.030523925579584884	0.0013746383526372806	0.6862494969533848	0.044479341281991935	-1.0	-0.8006079168321618	2	26.0	25.995757216443586	0.061241948470209334	0.054950814522224285	0.09259259259259259	0.08117069619160171	True
16	2041-04-01	FGA	north	0.29838796153407077	0.08905403379818527	4.891134732382626	0.061005876521564674	-1.0	-7059.13233308617	2	22.0	21.547699698070257	0.0878721859114016	0.06849724946418684	0.10784313725490197	0.07256150108253906	False
17	2041-04-01	FGA	north	0.09072289160834167	0.008266007897785926	1.6435890074976287	0.05519803989591513	-0.8495180606939592	-463.5247477407377	7	394.0	394.04572260778923	0.8298792022362234	0.8482315933663541	0.8888888888888888	0.8885114985280954	False
18	2041-04-01	FGA	north	0.060346148025126806	0.009846811808220085	1.0491844306436973	0.057517197417905966	0.9131847413510115	-24.920532898360598	6	76.0	75.43841520090965	0.8154320987654321	0.7834532250312004	1.0	0.9643194987152337	False
19	2042-04-01	FGA	north	0.041019169135977286	0.0020581748891168425	0.8066655720056742	0.05085027867743034	-0.9137563037459464	-8.84705802742391	12	721.0	720.9752282050192	0.947753922397874	0.9425973068772538	1.0	0.9823106207239434	False
19	2042-10-01	FGA	north	0.025511573159422964	0.001017505083684756	0.5246043411867405	0.04863012208726986	0.9779381442862727	-0.06502599943292364	25	1490.0	1489.9831493554987	0.9655261289194363	0.9559929660345025	1.0	0.9982444921696005	False
19	2043-04-01	FGA	north	0.17953944544135086	0.0406283485785609	4.6097422623224755	0.03894782728067219	-0.3117858000667337	-97.7799869122151	20	690.0	689.7699630408076	0.927896381698012	0.9163405367021324	1.0	0.9901255182434305	False
19	2043-10-01	FGA	north	0.0009830323877052564	1.6970880039941384e-06	0.03893385084221617	0.025248783935837897	0.9965077432750269	0.9926400515376902	15	252.0	251.93179644017317	0.7983827676141841	0.7976394383908454	1.0	0.9427685576749808	True
20	2043-10-01	FGA	north	0.00039837456407034377	1.5870229329823643e-07	0.1242945846234916	0.0032050838359296563			1	13.0	12.693988604105279	0.41935483870967744	0.28943668964060276	0.41935483870967744	0.28943668964060276	True
19	2044-04-01	FGA	north	0.2850877505262345	0.08129848195262775	10.392572831792187	0.027431874199054462	-0.48381319547181706	-3795.8870405180287	4	54.0	53.943702991883924	0.6493279569892473	0.7409584779833148	0.75	0.7971000878000943	False
20	2044-04-01	FGA	north	0.049823704048589254	0.0029622425916071083	1.0958599380356515	0.04546539417975178	-0.6315812005555461	-10.04143209421223	16	1427.0	1426.964994185843	0.9416588381200286	0.9098689130652677	1.0	1.0	False
20	2044-10-01	FGA	north	0.18206777464821738	0.033643560996688464	3.8850388362521926	0.046863823586343854	0.9372078785691873	-29.140034733582006	26	2041.0	2041.0825447112773	0.9826463897644911	0.9761788964333573	1.0	0.9965609965325254	False
20	2045-04-01	FGA	north	0.044671569187803524	0.0020415729275769395	0.9592317256060217	0.04657015400484278	-0.6129922039034132	-55.77326563931471	7	272.0	272.10608337365994	0.9946649029982364	0.9906160285457991	1.0	0.9943396255667377	False
21	2045-04-01	FGA	north	0.14329475917217568	0.02061599659388636	3.5310052602265367	0.040581859445596634	0.901750438105523	-54.50409611716186	20	1945.0	1945.0143341017333	0.9868498792874554	0.9837584230614171	1.0	0.9972596503999798	False
21	2045-10-01	FGA	north	0.002755438312315344	1.2504746510113736e-05	0.05137827841838916	0.05363041341862334	0.9959778445374874	0.9894780645151223	29	2403.0	2402.997465956569	0.9874292783312624	0.9685550672081266	1.0	0.9966392972012132	True
21	2046-04-01	FGA	north	0.11470404300228025	0.013277612893708228	2.194639020564584	0.0522655625492214	-0.9484755297980882	-677.4731072479383	6	169.0	168.9100472159613	0.9930555555555557	0.988609970340493	1.0	0.9955527871109299	False
22	2046-04-01	FGA	north	0.022001508157286017	0.0005452845992608332	0.6773355009824547	0.03248243761824605		-7.907224652162302	9	199.0	199.0246757731882	0.9330391303456318	0.9240459016937067	1.0	0.9402421240007864	False
22	2046-10-01	FGA	north	0.0011880532477019212	2.3147760079576717e-06	0.03434533553642594	0.03459140023372014	0.9980642512994321	0.9946455797247468	20	467.0	467.06195099586455	0.9490140821007882	0.9592376681022718	1.0	0.9745947072798405	True
22	2047-04-01	FGA	north	0.13372138809227913	0.02093034040169648	4.384558840885134	0.030498253745702746	-0.26642316438401886	-51.74348388593736	26	878.0	877.9962873432869	0.7771028705858156	0.7793515587268248	1.0	0.9748454344685717	False
23	2047-04-01	FGA	north	0.18950567982177668	0.03608907770240668	6.257697525170051	0.030283611353782547	0.5886732845589123	-157.39998245757644	8	141.0	141.0406867743693	0.20770911696887484	0.17641596551275263	0.3469387755102041	0.19189565535625697	False
24	2047-04-01	FGA	north	0.14998715044454147	0.022735306345376575	3.2716718088803036	0.04584419196247959	-0.9852099467055346	-175.09866715145495	8	190.0	189.8763233236536	0.24133627848625214	0.23480759126468834	0.41346153846153844	0.3442943445024873	False
22	2047-10-01	FGA	north	0.001244149440240844	2.264608438895928e-06	0.03019371862940918	0.041205571778397045	0.9984368338213422	0.9958105746594564	24	856.0	856.1078813519432	0.6030711922005102	0.6142580442997407	0.8461538461538461	0.8593900834100868	True
23	2047-10-01	FGA	north	0.004953027044123453	3.0183407035499295e-05	0.16167635392034468	0.030635444973998664	0.9867216113109836	0.8858995472188029	14	231.0	230.85865238530522	0.20719169953772432	0.17769892086442837	0.3469387755102041	0.20124409857593628	True
24	2047-10-01	FGA	north	0.0019758840875233295	5.300544302265003e-06	0.042211444025106744	0.04680920383458341	0.9977314696339625	0.9911808716008016	19	476.0	475.89005785474944	0.42060061191042475	0.3952090315676613	0.9166666666666666	0.6859714827604207	True
22	2048-04-01	FGA	north	0.273927748979508	0.07505625697931285	6.919710321755083	0.039586591958668906	0.5766198396646727	-3073.9512171795923	4	88.0	87.83178965607897	0.32625774654760165	0.32631507665714826	0.3695652173913043	0.3673660794328972	False
23	2048-04-01	FGA	north	0.11731187059173515	0.0141819360239372	2.699844459638873	0.04345134408499466	-0.9392417687669536	-36.44770421868222	4	62.0	61.98588101423202	0.23335407212218806	0.21713185331436913	0.30434782608695654	0.23155091747838297	False
24	2048-04-01	FGA	north	0.16511840497599087	0.04101461793463695	5.204478142596276	0.031726217394318974	-0.48176863590632957	-94.09004903628066	24	719.0	718.8666546032451	0.8000915093834765	0.7910090501107302	1.0	0.9861142900624208	False
24	2048-10-01	FGA	north	0.1801183066601701	0.03246657369971666	5.228606366878696	0.0344486262727968	0.9954202963325081	-66.68694513047282	23	790.0	789.9104432251625	0.8940591487236086	0.8880435069067429	1.0	0.967185938593164	False
25	2048-10-01	FGA	north	0.1927462123850019	0.037151102388764255	16.51562410777878	0.011670537614998113			1	13.0	12.803600418277965	0.18055555555555555	0.12815846282507765	0.18055555555555555	0.12815846282507765	False
24	2049-04-01	FGA	north	0.26271798804418706	0.06904451613030127	7.144420895192474	0.0367724679016282	0.6381221274986946	-2342.391174210361	6	157.0	156.88220552949736	0.8157041428780558	0.7830887488462338	0.8611111111111112	0.8732339787159974	False
25	2049-04-01	FGA	north	0.12403070312159956	0.018595181802485573	2.9387116408181595	0.04220580930732914	0.9508739984076497	-25.52844931976555	21	2566.0	2565.9370308378598	0.9097699243158969	0.915672111505438	1.0	0.9637275431334397	False
26	2049-04-01	FGA	north	0.16847255355682858	0.029052196000733128	4.137770711831933	0.040715777961084755	-0.7811424085433916	-63.45209564069138	10	227.0	227.04316106575558	0.10426741809663201	0.09982883462037248	0.14056224899598393	0.13657383536980697	False
25	2049-10-01	FGA	north	0.1991576052728567	0.040125934010448325	3.479847558511437	0.057231703953735745	0.9606187971483757	-29.643693677931804	27	2816.0	2815.83106532448	0.8941311972496219	0.8956100955272833	1.0	0.9419501628135729	False
26	2049-10-01	FGA	north	0.2207367013052863	0.0488133629353629	5.918604163045286	0.0372953985812275	0.9981479941859518	-111.47434237069406	12	251.0	250.99910010470734	0.1115038581338658	0.10106475602215416	0.18032786885245902	0.16570140217341553	False
25	2050-04-01	FGA	north	0.07519718685283094	0.0056800928522070145	1.2290308607661096	0.061184132354461136	-0.937609604366834	-589.8010724406417	4	100.0	99.69570609410437	0.832936507936508	0.8029505746314194	0.8888888888888888	0.8739197856227704	False
27	2052-04-01	FGA	north	0.15633041902822453	0.024799348506081467	6.964938698434561	0.02244534026744002	0.40879352793407303	-98.38973593833141	12	166.0	165.8740137809078	0.5745411257369716	0.5482952362552879	1.0	0.97892252871613	False
28	2052-04-01	FGA	north	0.16984437993218002	0.028987857442644264	4.278571658627445	0.03969651404334914	-0.9657921344441278	-510.92563568014623	7	211.0	211.05783562311177	0.6649011000861901	0.6481524261397963	0.8529411764705882	0.7815026421871393	False
27	2052-10-01	FGA	north	0.009560510966344225	0.0001222554968126499	0.41636550698198316	0.022961822739936823	0.9642127993947607	0.2601131154039822	12	170.0	169.54342588585763	0.3902368822222018	0.3743729979328803	0.8125	0.5637894786252634	True
28	2052-10-01	FGA	north	0.04978311785066898	0.005686934381368725	1.281679430951489	0.038842097835424534	-0.6466709971911535	-10.260915479362302	22	670.0	669.9992319508909	0.763372088983139	0.7434520311015476	0.9230769230769231	0.8962005227144512	True
27	2053-04-01	FGA	north	0.2597510617506606	0.06747061408059549	25.60223080356127	0.010145641750660619			1	10.0	10.075310443060769	0.1388888888888889	0.1902237712161869	0.1388888888888889	0.1902237712161869	False
28	2053-04-01	FGA	north	0.16591682866213825	0.0316704054586156	0.6701547055325423	0.24757989057212018	-0.34790936381750565	-8.619667764253514	29	1011.0	1011.2139849685448	0.5111581448623695	0.5378481604275946	0.9230769230769231	0.8906520504979648	False
29	2053-04-01	FGA	north	0.041423772146270854	0.002111385950707149	0.6535207703337396	0.06338554798360363		-0.33177703228511213	17	3879.0	3878.9672986748283	0.7886529770433559	0.7473495703603613	0.950530035335689	0.9987338980812378	False
28	2053-10-01	FGA	north	0.2065101817555327	0.043631067431199	3.228121202745244	0.06397225159325284	0.7146411999955238	-30.94023119244897	18	679.0	678.9264519485746	0.2327151301484747	0.24084297327739476	0.6470588235294118	0.6253909700963831	False
29	2053-10-01	FGA	north	0.20728685693962806	0.04515224935367152	3.1181873393928465	0.06647671688000299	0.6541263271841353	-17.278989293851296	23	4110.0	4109.988112261593	0.8284620198223426	0.8213726139632059	0.9767441860465116	0.9497902945188876	False
1	2025-10-01	FGA	south	0.1030857049470629	0.011421881863263693	2.476513408100359	0.041625336898997896	-0.9815712176110656	-33.89129428822497	17	1566.0	1566.0024603439272	0.9940788848692064	0.9895363623135145	1.0	0.997692682545738	False
1	2026-04-01	FGA	south	0.20092561101279555	0.04120257995075298	4.388564812491857	0.04578389965686951	0.7218801821744529	-39.595066442636686	26	2057.0	2057.0249552535765	0.9917163923040895	0.9844387959920167	1.0	0.9988476832120892	False
1	2026-10-01	FGA	south	0.2895549311166432	0.08393758884546441	6.267190649272064	0.04620171099315051	-0.735785519576719	-2342.6511753554523	7	275.0	274.95857916659935	0.9886621315192744	0.9776432168870982	1.0	0.9882850258074712	False
3	2028-04-01	FGA	south	0.001977105792299674	5.3067942536842535e-06	0.04179599105215189	0.04730371843157626	0.9979748472315101	0.990638607581254	23	647.0	646.8673338689725	0.9354652089003668	0.935820651305734	1.0	1.0	True
3	2028-10-01	FGA	south	0.16048798819038923	0.02643352248756561	2.7421945505997267	0.05852538367684014	0.0638903854658215	-52.27588666333872	35	2278.0	2278.2267418761508	0.984937467992905	0.9798374234319437	1.0	0.9951010277169896	False
3	2029-04-01	FGA	south	0.07409440231025392	0.00663937545213543	0.7280698937919495	0.10176825458934147	-0.4182597678317316	-4.348183006445655	28	2154.0	2154.558251780331	0.9968380706672131	0.9969073331123971	1.0	1.0	False
3	2029-10-01	FGA	south	0.09119043352832665	0.009398334443613533	0.8946387911134173	0.10192988995573973	-0.5072862110188288	-7.901979006499811	5	137.0	136.5189267505288	1.0	0.988581162384946	1.0	0.9947181616645415	False
4	2029-10-01	FGA	south	0.006386926282697574	5.3334334165700436e-05	0.6976645220137065	0.009154724199336732		-3.252625693988633	3	34.0	33.58110204064411	0.9722222222222222	0.9497719126147833	1.0	0.9839763451750059	False
4	2030-10-01	FGA	south	0.25586836196362817	0.06546861865395025	27.204694006966754	0.009405301963628179			1	11.0	10.854936006728463	1.0	0.960482472162144	1.0	0.960482472162144	False
5	2030-10-01	FGA	south	0.19507022680330058	0.03896374064317082	4.042245620656932	0.04825788561843959	-0.8416810609279552	-59.6552659843231	17	1696.0	1695.9929294641577	0.6418816116112256	0.6480961329074085	0.7222222222222222	0.6786359188933478	False
6	2030-10-01	FGA	south	0.04786757663426251	0.004092153674636513	0.9381371184086844	0.05102407280873601	-0.5700707530695223	-6.924710565798498	15	918.0	917.9506684182293	0.3470671429367755	0.3341119034664655	0.42105263157894735	0.41397300336847737	False
5	2031-04-01	FGA	south	0.15097784845860043	0.022875145606997944	3.230692185119163	0.046732353256685046	0.9767919615999461	-19.134595414929937	23	1984.0	1984.027651312301	0.6218510197111989	0.6121804583395878	0.7222222222222222	0.6503110979792974	False
6	2031-04-01	FGA	south	0.2446481079860782	0.0604059515086616	4.413782711612721	0.05542821746580451	0.9933213988516743	-39.861638053548454	21	1106.0	1105.995543501605	0.37005219609302237	0.3703687954110433	0.6071428571428571	0.41737632907876804	False
5	2031-10-01	FGA	south	0.38955534758297344	0.15175934365730523	9.218940445836306	0.04225597831678307	0.4322588165188331	-21240.371867960846	3	68.0	68.07960168714659	0.48149301576228676	0.5942534844807325	0.5409836065573771	0.6189834045738343	False
6	2031-10-01	FGA	south	0.3534010837332237	0.12490218541181514	5.758982478375451	0.06136519516428786	0.8479982693881867	-6322.178051884603	4	78.0	77.95335625957851	0.5138802381782849	0.38777037556656047	0.6071428571428571	0.42336509261332395	False
7	2031-10-01	FGA	south	0.08936561737840533	0.008054646568498976	2.1126596557468904	0.04230005393216629	0.8329406123947687	-36.50647663837326	15	1233.0	1232.944334108091	0.9939923200792766	0.9887336903292926	1.0	0.9974830077214494	False
7	2032-04-01	FGA	south	0.0020976092443828944	5.421794064747917e-06	0.043637130496201444	0.04806936708557151	0.9988240468256575	0.994708335692737	26	1819.0	1818.741021425798	0.9965340308149673	0.9928488730130207	1.0	1.0	True
7	2032-10-01	FGA	south	0.18359044054697418	0.03610165903790451	3.3609660981492158	0.05462430598394669	0.3140047795568423	-22.01166225690761	21	1422.0	1422.0199783530345	0.706379567685229	0.6799829712302943	1.0	0.9986321708218848	False
8	2032-10-01	FGA	south	0.22503669500886644	0.05165299825980713	4.482249317786858	0.05020619761508043	-0.934872096586294	-116.73846532122975	15	728.0	727.8933035831077	0.4705589345871298	0.46241256338290565	0.8	0.590779781162998	False
9	2032-10-01	FGA	south	0.09231726112476453	0.008955004285223668	2.0316707338183453	0.04543908596412294	-0.9979756780374209	-30.29251434559276	6	105.0	104.89833299646615	0.0693458756506445	0.06576843569605482	0.09183673469387756	0.06787010467524031	False
7	2033-04-01	FGA	south	0.00358523270392319	2.8004452845199244e-05	0.04732581334801342	0.07575638853914565	0.9966424014763651	0.983924200863488	23	1914.0	1913.9582554972487	0.6287480670162836	0.6189503805886991	0.8833333333333333	0.7962704533488545	True
8	2033-04-01	FGA	south	0.004555313546741801	3.6079987605773066e-05	0.07874388494332228	0.05784974350732876	0.9861540593011582	0.9694064833368201	21	915.0	914.9486993399076	0.39002809520306136	0.3879634809492704	0.8	0.7203933832434661	True
9	2033-04-01	FGA	south	0.0029921610458035447	1.3411705868851406e-05	0.07577177311178414	0.03948912534208863	0.9994811695994589	0.9692728291910645	11	189.0	188.69775636890665	0.08565424918253779	0.06415549278416616	0.1375	0.09159735097507604	True
7	2033-10-01	FGA	south	0.21692826230105328	0.04715202525025614	4.333469070636504	0.05005880018181154	-0.666369951953753	-571.0972224618259	7	376.0	375.9986655890529	0.795407361301215	0.7399285441205564	0.8833333333333333	0.7431855133350936	False
8	2033-10-01	FGA	south	0.22925125112574074	0.05259952973760939	5.978757294873838	0.03834429795675095	-0.7791361845505684	-1306.3046628324068	3	53.0	52.856425515164325	0.15662191028379616	0.1698146513520149	0.168141592920354	0.17094277163614247	False
9	2033-10-01	FGA	south	0.2754314972306687	0.07587179236590608	7.678870920727213	0.035868749465134186	-1.0	-11639.259012161867	2	27.0	26.612249778282667	0.12392241379310345	0.0861317998600491	0.1375	0.08697513859762311	False
10	2033-10-01	FGA	south	0.0773241638706823	0.009648304203473847	1.3224932234860793	0.05846847643336618	0.8095916947207943	-18.874464697317297	15	2377.0	2377.001011061238	0.9646453987253049	0.9455824075206962	0.9964788732394366	0.994572950775902	False
10	2034-04-01	FGA	south	0.2004468213523932	0.04050709512853715	3.458076000010179	0.05796483979872136	0.9681742006958863	-23.51455448428586	24	3223.0	3222.9988776908913	0.9733300908449296	0.9591552178558237	1.0	0.9918208205523031	False
10	2034-10-01	FGA	south	0.28823362848356315	0.08312563544701913	5.228687959238704	0.055125421660375755	-0.6700676993164607	-2025.7924945240723	6	306.0	305.835725562946	0.9887265512265512	0.9820167346621388	1.0	0.9963063055096687	False
11	2034-10-01	FGA	south	0.06437754729798464	0.008709346298042934	2.145582589581114	0.030004693182448503	0.7706949597740569	-144.51416993143152	10	166.0	165.64937161817113	0.49314417481141104	0.465541224268713	0.8235294117647058	0.7156628260165682	False
13	2034-10-01	FGA	south	0.17582755235268163	0.031188603032909674	3.4011822681281467	0.051696009943462684	-0.9870882603759058	-325.12881295570173	7	271.0	271.0172064595685	0.6492642844765033	0.651086814863704	0.7752808988764045	0.7734823810818043	False
11	2035-04-01	FGA	south	0.0024907293156428054	9.45924218704503e-06	0.0893025142683023	0.027890920385058898	0.9784980583653899	0.9524627916255722	13	218.0	217.6677540856764	0.4221331489793616	0.40097073637055825	0.8235294117647058	0.7332837235577674	True
13	2035-04-01	FGA	south	0.0011841105914184647	2.8420886163382563e-06	0.02311314097455214	0.05123105478057636	0.9987879987221537	0.9955109960396666	30	1277.0	1276.9870358799678	0.8683690942195256	0.8543702067023473	1.0	0.9446732817675351	True
11	2035-10-01	FGA	south	0.2024512869912108	0.04098652360439759	16.613613716383988	0.01218586699121081			1	18.0	17.840438607984268	0.1782178217821782	0.13247346668529045	0.1782178217821782	0.13247346668529045	False
13	2035-10-01	FGA	south	0.19610229373105184	0.04072380222027534	1.2648364349500407	0.1550416230212388	0.00918524796896325	-29.206436773095625	41	1515.0	1514.7742312928797	0.6393278878648948	0.6312176389074877	1.0	0.9815291857730917	False
14	2035-10-01	FGA	south	0.17312891293848126	0.03106811315959018	2.8644878479498574	0.06043974425040461	0.7443832030107793	-15.709154418517457	21	4753.0	4752.985783241476	0.799566779369555	0.7713156527544469	1.0	0.9988677822998554	False
13	2036-04-01	FGA	south	0.20450086766715966	0.04361520034684588	1.6123829365457831	0.12683145115965008	0.1818260329725368	-22.743096075468788	18	629.0	628.8924524736938	0.34640242692885254	0.3327948755746871	0.8571428571428571	0.6824604794197415	False
14	2036-04-01	FGA	south	0.22760469926587773	0.05348662589376314	3.1767911834051286	0.07164610014496249	0.8891013772693432	-19.205078430956124	25	4834.0	4833.952320954095	0.8316360946704263	0.8211177291430214	1.0	0.9989548102194168	False
16	2040-04-01	FGA	south	0.039687155950637557	0.002466254091721321	0.9299485239412237	0.042676723419527614	-0.4475979337974689	-2.0658625977110576	26	1292.0	1291.9772682426722	0.9965034965034966	0.991566394851755	1.0	1.0	False
17	2040-04-01	FGA	south	0.35810761006645775	0.12824106038751015	7.1192218790168535	0.05030150993354227			1	15.0	15.05826013055549	0.9375	0.795559946798985	0.9375	0.795559946798985	False
16	2040-10-01	FGA	south	0.2812389942908872	0.07921425483159664	6.373569967767434	0.04412581892301733	-0.8382563690348999	-1095.8044340751223	10	320.0	319.94298164864495	0.9909090909090909	0.9830375794465311	1.0	1.0	False
17	2040-10-01	FGA	south	0.12489289035285017	0.018852926099903033	0.7575070609542081	0.1648735659249519	-0.8733629247889043	-4.750862566574718	26	3280.0	3279.97740470575	0.6582815652101511	0.6258264398710683	0.9411764705882353	0.8279430682885874	False
18	2040-10-01	FGA	south	0.20689392104691678	0.04485002476050935	3.0863735325709816	0.06703463429281419	-0.6599917348127995	-25.57101414346431	18	2419.0	2419.0020811393456	0.4667908672865061	0.4415071421941495	0.8163265306122449	0.8188970432389906	False
17	2041-04-01	FGA	south	0.04069668761606385	0.0031382912538915697	0.5952203066380737	0.06837247849611698	0.6354738366833447	-0.7420463095713978	23	3244.0	3244.0281941127478	0.6402365105688252	0.633315618247686	0.9411764705882353	0.9316850150085465	False
18	2041-04-01	FGA	south	0.25710556224257103	0.06779088408837158	3.019067474279213	0.08516058830515329	0.8425763931770669	-24.95653742869701	21	2472.0	2471.945653343115	0.5244450820127725	0.5146543238776023	1.0	0.8503644298215736	False
20	2044-04-01	FGA	south	0.07433880041051974	0.005579128858399791	2.7518984987277806	0.027013641834859468	0.9892026539397545	-25.95303230426865	12	200.0	199.7664415537458	0.9285844865011531	0.9250627845984541	1.0	0.989019682256544	False
20	2044-10-01	FGA	south	0.13337058450394762	0.01853720259067149	3.4547166801410585	0.03860536097521664	-0.05800820039096964	-37.807933548260166	29	2207.0	2207.060220025749	0.8721464285733669	0.8619455822639149	1.0	0.9858164834505657	False
21	2044-10-01	FGA	south	0.17699234316533546	0.03194276379874912	2.870658277710273	0.06165566432606186	-0.9966649228834945	-76.66627950878414	10	746.0	746.0946804739779	0.298136656745422	0.2939829386631144	0.5278969957081545	0.48622682005762596	False
20	2045-04-01	FGA	south	0.057699887313064926	0.0045504002028602586	0.9177953878208938	0.06286792032160982	-0.13530722403346823	-2.8639830596464995	28	2327.0	2326.989325643994	0.703118426916426	0.7002057024081084	1.0	0.9951585731732658	False
21	2045-04-01	FGA	south	0.11663975180840583	0.014586641753691204	1.6838901870984544	0.06926802751276208	0.8138251524839404	-11.622261689975497	20	1280.0	1280.0507435713273	0.5258919071625365	0.5216485233764435	1.0	0.8902272477460611	False
20	2045-10-01	FGA	south	0.272557080715293	0.07430194203892455	4.4969271133333955	0.06060962827419658	-0.13955087700707763	-5333.197804041969	4	63.0	62.83234987034588	0.23911808798939055	0.2306190311609078	0.2682926829268293	0.2797294122657023	False
21	2045-10-01	FGA	south	0.279414330325641	0.07812075672466585	6.752840888805481	0.0413773010391582	-0.7072208265158952	-2031.2111959256063	7	248.0	247.83692943420672	0.810919517736022	0.8020166503978585	1.0	0.8866202230474545	False
22	2045-10-01	FGA	south	0.20086223338592055	0.04044788370510651	6.807707141430591	0.02950512253435608	-0.979666342340846	-1064.4859428911443	3	46.0	45.72970965899244	0.7817460317460317	0.7587420908378935	0.8333333333333334	0.7663783387425623	False
22	2046-04-01	FGA	south	0.22784778111809117	0.052271327475431395	7.54016367834249	0.030217882639939932	-0.4097888161222918	-240.00067462038777	20	403.0	402.86342913038874	0.897779369725977	0.88002297473378	1.0	0.9553446018943887	False
22	2046-10-01	FGA	south	0.14701783663020374	0.043540581485399736	3.2668987357745305	0.04500226316177753	-0.27639636634549875	-69.19430529752454	38	3552.0	3551.88645575986	0.9556504667501556	0.9501692952237469	1.0	0.9741644524106022	False
22	2047-04-01	FGA	south	0.001529214833234036	4.41341119919943e-06	0.025173095825472953	0.06074798442893962	0.9985500746721286	0.9965083185128801	29	3390.0	3389.984050207506	0.9708956801956161	0.9696051485241337	1.0	0.981659912826521	True
25	2048-10-01	FGA	south	0.025862389880080747	0.0009615772894555389	0.5456982099407393	0.04739321003616505	0.9757474995074349	-3.3911080945964214	12	872.0	872.1290830554206	0.9052412256029023	0.9108211801535903	0.9858156028368794	0.9659379036752466	True
25	2049-04-01	FGA	south	0.2191046704240877	0.0584804956436766	4.500296406012566	0.04868671986390843	0.8566758541368644	-53.107665257952846	25	1742.0	1742.005529730497	0.9465451825389758	0.955370085669701	1.0	0.9942983684707345	False
25	2049-10-01	FGA	south	0.1084712121941861	0.011932659733413212	2.4877384385003998	0.0436023379771276	-0.8496261600575603	-150.69636813467045	12	587.0	587.0104151781476	0.9861729757446049	0.9834314603324291	1.0	0.9949644096748363	False
26	2049-10-01	FGA	south	0.012075968105056083	0.00015280053467562954	0.8205826655080385	0.014716333420935257	0.0	-20.91779373609235	2	23.0	22.52574633046857	0.5664251207729469	0.5769454962544455	0.6111111111111112	0.6021801495535882	False
26	2050-10-01	FGA	south	0.02671773005283727	0.0008304983353409562	0.6348592268071078	0.042084495152111955		-6.118888524108141	4	58.0	57.92616491935763	0.23768271676486688	0.22346405899139854	0.27941176470588236	0.26892047626470905	False
27	2050-10-01	FGA	south	0.062277635303087546	0.004152996405673814	1.6048422863539333	0.03880607822503051	-0.9917253582314334	-32.64166333257215	9	284.0	283.9381843119796	0.7487650594507707	0.7389654488597941	0.8333333333333334	0.7909190905719273	False
26	2051-04-01	FGA	south	0.05571005240037541	0.0031975656735171954	2.4343642228017908	0.022884846843607014	0.9992461741984531	-17.421915858617993	10	156.0	155.7967760761633	0.21630182447841845	0.17644292455020935	0.27941176470588236	0.19226023672354503	False
27	2051-04-01	FGA	south	0.06350220617653533	0.004407136684506634	1.500139258674374	0.04233087415674345	0.9968851192880726	-6.016248169625948	22	857.0	856.9079863017276	0.8095097374003785	0.8227699529563911	0.9411764705882353	0.8889819472809586	False
26	2051-10-01	FGA	south	0.12726698307066317	0.0163354227775673	4.776035488450111	0.026646992757577488	-0.9889091777560268	-527.3154231723221	4	57.0	56.36794705574072	0.18171499043592065	0.17823270383785667	0.20634920634920634	0.20138957319905915	False
27	2051-10-01	FGA	south	0.18563246395128885	0.03590416179340748	5.8439895781149245	0.03176468086912086	0.26708595679710945	-81.21301165886958	29	1095.0	1094.7441855297072	0.9360235805008678	0.9129711290373944	1.0	0.9716032925867423	False
27	2052-04-01	FGA	south	0.1855888423563296	0.034877920727071215	4.68737055059824	0.039593379775073094	0.6183821255247004	-59.83604081539828	26	873.0	872.8506610444895	0.9704990045950991	0.9593755806083166	1.0	0.9831166121302195	False
27	2052-10-01	FGA	south	0.2730547006220783	0.07461409069128848	6.474282263097472	0.04217528515530639	-0.8795908653367046	-1591.6566120453476	6	142.0	141.31333035811298	0.9569345607149314	0.9378318626521054	1.0	0.9513459296149542	False
28	2052-10-01	FGA	south	0.025369402121318663	0.0007890437884132246	0.6023343381205668	0.04211847227650597		-4.0353091599552355	16	746.0	745.9459791540346	0.9869133798725798	0.9855050902683655	1.0	1.0	False
28	2053-04-01	FGA	south	0.003921198841579496	2.5649337176312656e-05	0.0943598987709466	0.041555776263579806	0.9973409201842147	0.9688534132108284	28	1309.0	1308.9481745165178	0.9692846418827817	0.9558667511888947	1.0	0.9938104763021424	True
29	2053-04-01	FGA	south	0.009666274572379792	9.343686410863613e-05	0.2652640040255547	0.03644020457237979			1	10.0	10.027713893175733	0.9090909090909091	0.9489622892840331	0.9090909090909091	0.9489622892840331	True
28	2053-10-01	FGA	south	0.16790442636763084	0.028555303824129647	4.081727547154594	0.041135628095676884	-0.9852425724080556	-351.3542305231293	10	384.0	383.9665965123527	0.9421427966828684	0.9059566054517697	1.0	0.9860683637312555	False
29	2053-10-01	FGA	south	0.037098483803559935	0.002005119284399955	0.6742405425227842	0.05502262392105602	-0.12514350522118836	-0.7148050430963109	25	4101.0	4100.968931098579	0.9844369166739397	0.96133685838299	1.0	1.0	False
29	2054-04-01	FGA	south	0.040583178990237175	0.0019197312771070498	0.6995738568007174	0.05801128586455714	-0.9781855206512107	-0.44427276674533744	27	4174.0	4174.026998918956	0.9855897376610554	0.9849812473611734	1.0	0.9998223910087614	False
0	2025-04-01	FGA	tropics	0.36997344736512505	0.13700497158193015	30.68659180775702	0.012056518028554817	0.34809212072199774	-3434.5963914960157	11	478.0	478.05884711797626	0.5661351105907656	0.5672244474752748	0.8292682926829268	0.8133891698131938	False
1	2025-04-01	FGA	tropics	0.09613617305162044	0.009293337452024283	2.1112036134423313	0.045536191980492954	0.6140539527573278	-315.9012880994016	10	449.0	448.8268559897549	0.4601782076184504	0.45739202475851715	0.6901408450704225	0.7086448843799645	False
0	2025-10-01	FGA	tropics	0.22627222646289477	0.051224423045824106	5.456178019090148	0.041470829153889506	0.9384058701075919	-240.93453079743094	21	775.0	775.0664658192956	0.37163169962948917	0.3722778216035105	0.8292682926829268	0.7908865611107261	False
1	2025-10-01	FGA	tropics	0.1874509809735925	0.03974762433548986	3.9033706706446933	0.04802284917067138	0.9237443225110304	-70.6164061105989	36	3168.0	3168.015636672559	0.7891855666814342	0.789603711781468	1.0	0.9942843355957472	False
0	2026-04-01	FGA	tropics	0.27988372983069076	0.07844028741413679	9.486557361326662	0.029503192693661213	-0.7701330252104523	-966.6356627986199	8	197.0	197.02408327455305	0.1296270821804882	0.13866362087646578	0.20855614973262032	0.2001414778565548	False
1	2026-04-01	FGA	tropics	0.06725269454234625	0.0047133983797821655	2.6381546237972193	0.025492324799956684	0.3102836283497476	-31.41666173854329	26	2476.0	2475.9835487980426	0.9339228644599002	0.9300217752974542	1.0	0.9994176646513342	False
3	2028-10-01	FGA	tropics	0.17746153546497975	0.0439113044901166	8.578309004486426	0.02068723980124381	0.675620645143525	-525.4108375412843	33	1870.0	1869.8204482390602	0.9968471678991908	0.9837894805601979	1.0	1.0	False
3	2029-04-01	FGA	tropics	0.22810792250235307	0.05352387782976293	7.330385459402769	0.03111813475098454	0.5879798329268405	-361.20800299821457	41	2147.0	2146.685514327784	0.9788987874927374	0.974693937429237	1.0	0.9946484112281244	False
3	2029-10-01	FGA	tropics	0.22559751343588622	0.050953041362123315	7.332474120483883	0.03076690210275146	0.43184817922092655	-727.3654434861958	14	342.0	341.7823078543549	0.946502821108342	0.9297623035537816	1.0	0.9631365950113113	False
4	2030-04-01	FGA	tropics	0.004141055424566282	3.842524569887844e-05	0.6744206331466559	0.00614016716132377	-0.4918620537202194	-0.4084500345044144	3	38.0	37.875563345749555	0.5535462148365374	0.48135255560227014	0.7222222222222222	0.5709916590909242	True
5	2030-04-01	FGA	tropics	0.0039957827245327045	2.2522929819672377e-05	0.17367818238715943	0.02300682025578433	0.9921274863158875	-2.132158620016724	3	40.0	39.834131043238614	0.5271154745208041	0.5129198729625711	0.5652173913043478	0.5370396109252873	True
4	2030-10-01	FGA	tropics	0.15365394895769557	0.02361693317003081	28.509460323624033	0.005389577607345026	0.20905789688034468	-3801.1538727582565	10	126.0	125.91275862912973	0.35839060667750366	0.33023572544734336	0.7222222222222222	0.5028613400618988	False
5	2030-10-01	FGA	tropics	0.13730217654473895	0.01920906283421027	7.825370926993004	0.017545772312354657	-0.9774706689341971	-415.4576842682706	29	1156.0	1155.8982008306352	0.7596362287963384	0.7512296102297331	0.9038461538461539	0.8394911424823007	False
6	2030-10-01	FGA	tropics	0.006843744180455731	4.709114711878752e-05	0.9313702188860201	0.0073480384509623875	-0.0	-184.17024526375948	2	28.0	27.79571974988248	0.20571057754704736	0.14241311544199653	0.21739130434782608	0.14747588831444922	False
4	2031-04-01	FGA	tropics	0.22024908100398752	0.048513432886822576	61.80120101803096	0.003563831727796491	-0.7232886026674384	-35985.06689907843	5	61.0	61.19908894436186	0.23891705034455776	0.22420821649376305	0.2708333333333333	0.29173508755593097	False
5	2031-04-01	FGA	tropics	0.08643550377079713	0.010423829816328592	5.104034184010075	0.01693474233412903	-0.7419666448768285	-111.0369818675516	44	1593.0	1592.9835140586392	0.7648593491741376	0.7586960271080436	0.918918918918919	0.8419449114674019	False
6	2031-04-01	FGA	tropics	0.19962470434164897	0.04442334660151584	23.94332734456726	0.008337383583695766	0.4267904945991979	-1980.2216356585577	10	128.0	127.68898565607347	0.3293658983052004	0.25882719426750345	0.5	0.4052948294289604	False
5	2031-10-01	FGA	tropics	0.3096506433412506	0.09620119326901694	19.428113492576646	0.015938276429132765	0.6774161845680218	-13679.717590040396	17	389.0	388.6848457705293	0.7043971359112751	0.6825335752377507	0.918918918918919	0.7834985823789526	False
6	2031-10-01	FGA	tropics	0.31680871291737267	0.10127136529443116	16.31214498974545	0.019421646455235222	0.5537011606401667	-1636.2116075751635	8	100.0	99.83552362252881	0.36027972849473866	0.2921809488423439	0.5	0.3739622172645573	False
7	2031-10-01	FGA	tropics	0.04613795928367252	0.0022815681354994045	1.480832300210522	0.031156775333110533	0.6240138809492928	-31.618907810949075	19	1603.0	1602.9961200452901	0.8812725234544949	0.8396800090209883	0.9944444444444445	0.99992059520602	False
7	2032-04-01	FGA	tropics	0.0009944615540023133	1.422835473087524e-06	0.03200979501421293	0.031067414007517207	0.9985405065168544	0.9969481496171657	42	3217.0	3216.969437800104	0.9348188903762759	0.9247465569220097	1.0	1.0	True
7	2032-10-01	FGA	tropics	0.17469538619386504	0.04220687587994379	5.961264763135593	0.0293050876173425	-0.865519665612456	-108.30821103135484	29	1276.0	1275.679378885312	0.9293891041465925	0.9232611945659941	1.0	0.9965583505901896	False
7	2033-04-01	FGA	tropics	0.006002269132045428	5.289483131624889e-05	0.214821450754181	0.02794073455408227	0.990281694893041	0.7051374698059161	35	1790.0	1789.8993339246508	0.8162104922581451	0.8076926102425548	0.9375	0.8689264869900012	True
9	2033-04-01	FGA	tropics	0.005921955707073312	4.846244799280193e-05	0.308654258676021	0.019186372909532068	0.9890405750492531	0.2827587390384626	12	190.0	190.2855321092741	0.18814828867847	0.15879002795263894	0.38333333333333336	0.20755464484793795	True
7	2033-10-01	FGA	tropics	0.21369432070806052	0.0457925703455488	10.212703431905398	0.020924363674407736	0.7163765682083443	-278.44698369884003	32	1723.0	1722.9275268468589	0.7625688821675128	0.7526552629014713	0.8956521739130435	0.8405807753223254	False
9	2033-10-01	FGA	tropics	0.26232478222227523	0.06888471050773116	15.560265871768703	0.01685863110464046	0.709509628809134	-757.3807233840632	17	247.0	247.162980388657	0.19787022257790937	0.1694259575970726	0.38333333333333336	0.23092210340523378	False
10	2033-10-01	FGA	tropics	0.04970208531256413	0.002518545204976097	1.7062500571039645	0.02912942631452507	-0.6909048375052433	-202.6396403408288	12	434.0	433.98704584250476	0.7818855150887457	0.7576490585348096	1.0	1.0	False
7	2034-04-01	FGA	tropics	0.07579026054619861	0.0058606436839646475	3.042813482037801	0.024907954757529587	0.15333001764353343	-1999.0568952776378	6	113.0	112.64660505308325	0.6183791117359795	0.5574238762842364	0.7560975609756098	0.6675081976718586	False
9	2034-04-01	FGA	tropics	0.1679333340403611	0.02841188254225447	8.49367578855412	0.019771573370702962	1.0	-193.28301118771248	2	20.0	20.2942470550381	0.256578947368421	0.1856997135825717	0.2631578947368421	0.2509841292069899	False
10	2034-04-01	FGA	tropics	0.1937745705327298	0.038301281993566416	8.101032339251018	0.02391973793189983	-0.9163864189144115	-148.4029428835461	38	2606.0	2605.9719133878143	0.912037415648812	0.8908790550351707	1.0	0.9997265618473402	False
10	2034-10-01	FGA	tropics	0.13120894356215293	0.018076347918712314	5.7403331652980265	0.022857374264502437	-0.37363210347548437	-142.02600440281108	29	2025.0	2024.9978577715308	0.9353314778033449	0.9066865917172903	1.0	0.9932596227377747	False
11	2034-10-01	FGA	tropics	0.12306236595408787	0.015194390420575422	14.194968866588008	0.008669435425374619	0.20740970752911295	-3589.250815819297	9	115.0	114.71671561406728	0.9258648758648759	0.7994603246202835	1.0	0.9158096907280968	False
10	2035-04-01	FGA	tropics	0.2695542769361123	0.07266061907885164	9.438826855326646	0.02855802750359742	0.7323725987872304	-38181.55201559308	3	38.0	37.92346147487693	0.738206627680312	0.6897247404320667	0.8666666666666667	0.7828674269257422	False
11	2035-04-01	FGA	tropics	0.06276956522608053	0.0045088614443440965	0.6677115928905784	0.09400700226627176	-0.5985563982646078	-7.783510265990085	35	651.0	650.7115929284197	0.516228133248052	0.49407350559045693	1.0	0.858335510878081	False
12	2035-04-01	FGA	tropics	0.08898362246067865	0.008101298654934806	4.860539548779516	0.018307354886768174	-0.8514838077309956	-135.86942618424985	4	56.0	55.99140016220251	0.08648979287658654	0.0691874178304878	0.11764705882352941	0.0701146326396091	False
13	2035-04-01	FGA	tropics	0.18908599143273133	0.03600327712729799	6.175688775641239	0.03061779799826425	-0.714172472684	-336.9907382827544	20	1655.0	1654.9432863335612	0.6621723334179879	0.6497361871951116	0.851063829787234	0.9091660101154316	False
11	2035-10-01	FGA	tropics	0.0014838367126079066	4.4433941353672075e-06	0.04857737333046936	0.030545840807683078	0.9878432230500945	0.9674238588893205	25	524.0	523.8633608950435	0.32840998818307987	0.32553142101615246	0.6956521739130435	0.7217548278039051	True
12	2035-10-01	FGA	tropics	0.0008560037995184224	1.039927976192868e-06	0.04796946286492422	0.017844765156716846	0.9975177526141105	0.9890471077026447	7	92.0	91.50788109822042	0.08488524853278738	0.07176684194143203	0.11764705882352941	0.07259797978540995	True
13	2035-10-01	FGA	tropics	0.001979492769385144	6.70135986944214e-06	0.06348982988808252	0.03117810794066576	0.997782387351262	0.9861309124643729	36	2654.0	2653.943881751182	0.7516711614216932	0.7297477843496801	0.9193548387096774	0.8897330335181028	True
14	2035-10-01	FGA	tropics	0.005687885894467262	4.846272780787372e-05	0.2824575472581904	0.020137135472850533	-0.822703400073548	-7.728492074727528	7	100.0	99.98347979462444	0.7625050020008003	0.6805418947124285	0.8571428571428571	0.9485600552927147	True
12	2036-04-01	FGA	tropics	0.21265150482081785	0.04522066250410686	10.764913479777343	0.019754130418261035	1.0	-2122150.563625393	2	22.0	21.85980664515076	0.08819731404958678	0.08051507748017361	0.09375	0.08226573626745876	False
13	2036-04-01	FGA	tropics	0.2629253995776249	0.06921050029253636	8.368977529504326	0.031416669318408044	-0.7495801197251066	-1913.7772357509496	14	755.0	755.0468502121662	0.8632895989548236	0.7805831317865234	0.9193548387096774	0.885679651176902	False
14	2036-04-01	FGA	tropics	0.15680156435548717	0.03468650894779588	10.206468358508932	0.0153629599238178	0.8410456668377583	-619.6530730449623	34	1178.0	1177.9745266431	0.8463703173756082	0.8010610214798508	0.9705882352941176	0.9582149639535312	False
15	2036-04-01	FGA	tropics	0.03960387625789648	0.0016609410123056348	2.0058976296470434	0.019743717561930194	-0.9638002756817987	-145.191413311375	5	84.0	84.02254992446423	0.23699776925583374	0.21244164347166664	0.3333333333333333	0.2628909458558718	False
14	2036-10-01	FGA	tropics	0.07441316037134475	0.007526382027371408	6.1150627318081625	0.012168830253249345	-0.4416983104130448	-152.69944730125968	50	1701.0	1701.0444913455128	0.6531342044169216	0.6519050265635022	0.9705882352941176	0.9525876253939793	False
15	2036-10-01	FGA	tropics	0.18474553242740527	0.039283183995912456	9.521996814094043	0.0194019737702446	0.8244165480234598	-594.0867717113646	31	879.0	879.0554626890066	0.49842918446168233	0.4940144580012359	0.7209302325581395	0.6389724202882825	False
14	2037-04-01	FGA	tropics	0.05352325661816269	0.003033694167171714	4.130537090218151	0.012957941170632583	-0.5147316830150084	-1121.4225126288732	29	640.0	639.5741486144934	0.4227720835324517	0.40800061167226054	0.6164383561643836	0.6033142251910981	False
15	2037-04-01	FGA	tropics	0.21721485047324682	0.04740722601198857	15.688178569971383	0.01384576606547659	-0.5820911562774891	-917.385367535283	33	901.0	900.9978597894474	0.590108232759272	0.5812658163581986	0.7209302325581395	0.6362086614277336	False
14	2037-10-01	FGA	tropics	0.016199614867266086	0.0002906310839511961	1.3132071093949953	0.012335917732526878	-1.0	-31.512694557151633	2	22.0	21.982312429507708	0.536904761904762	0.39302317541280485	0.55	0.3983392612137329	False
15	2037-10-01	FGA	tropics	0.21837629459236466	0.04778901279683853	11.704937279255116	0.018656767600061994	-0.9414054093207869	-5027.251079433237	6	88.0	88.03041296109872	0.6573166447079489	0.6535662892450085	0.7	0.6815097284466854	False
16	2039-04-01	FGA	tropics	0.0014904171755442408	3.682748856782261e-06	0.1144166003686386	0.013026231951851994	0.8449309193192936	0.6757220927116153	35	838.0	837.5968787535354	0.9976190476190475	0.9965016377474694	1.0	1.0	True
16	2039-10-01	FGA	tropics	0.17466401042697832	0.0307039413455483	16.19470920574299	0.010785251418101336	-0.5552598370844011	-928.4252331659137	49	1332.0	1331.9529671893026	0.9915199413098573	0.9887428575767199	1.0	1.0	False
16	2040-04-01	FGA	tropics	0.2432030324421155	0.061159241928715156	12.957974617320513	0.018768599231320744	0.7280770317611762	-5718.701101971037	28	621.0	620.5027886579556	0.9394871837623938	0.9148448016444768	1.0	0.998778999435434	False
17	2040-04-01	FGA	tropics	0.19151930805642478	0.03675755656800059	7.397543861986678	0.025889580599930438	-0.7461858727992585	-5251.089321970282	15	589.0	589.0736518166757	0.8429961261200326	0.7870340018105129	0.9418604651162791	0.9867666258185529	False
16	2040-10-01	FGA	tropics	0.014126670374153718	0.00020138208773003648	1.0054189456558187	0.014050531308557268	-0.9928879083820432	-6.305827789449237	3	43.0	42.381714271716326	0.6181657848324514	0.5329474122971011	0.8888888888888888	0.7937181452672861	True
17	2040-10-01	FGA	tropics	0.032814150643943066	0.002710143340965413	0.684179376848014	0.04796132674316565	0.2770081362425595	-5.69352538050547	41	2466.0	2466.0273405347193	0.7291833776976773	0.7158723696326295	0.943089430894309	0.9164136023682404	True
18	2040-10-01	FGA	tropics	0.04456920246152637	0.004094548614678272	1.2200405043318612	0.03653092032869359	0.8028693450174359	-34.49806091703976	21	628.0	627.937867487399	0.3901652643129271	0.3847669908665575	0.75	0.8057245451503703	True
17	2041-04-01	FGA	tropics	0.22734252915550557	0.05206790588624425	8.565111267710412	0.026542857652365064	-0.7555891555441997	-508.22720338760473	24	1676.0	1676.01932600323	0.6410239216429879	0.6303419690407778	0.9285714285714286	0.9415842992400476	False
18	2041-04-01	FGA	tropics	0.08461399212626936	0.011902792295152795	0.879447547566071	0.09621266482628117	-0.5565217991403526	-25.39450530569286	41	1072.0	1071.8889570308218	0.6638284449901118	0.6602800707953441	1.0	0.9997793440532093	False
18	2041-10-01	FGA	tropics	0.23091646827247445	0.05349470224257581	18.303824089391682	0.012615749973597394	-0.1601587880717751	-32898.57309511736	18	362.0	361.8733561848698	0.9588656131806287	0.9531078637354456	1.0	0.996348446849873	False
19	2042-04-01	FGA	tropics	0.004381112880358367	2.3927467947838864e-05	0.20556498690489447	0.021312544253391304	0.29522577007717377	-3.631714377078243	11	218.0	218.03762360966272	0.9588634809309298	0.9560188813291536	1.0	0.9804209266484172	True
19	2042-10-01	FGA	tropics	0.0012046208407751355	2.494005229479993e-06	0.0589684081196063	0.02042824080195262	0.9876729156202394	0.975408983399098	37	1882.0	1882.0257706669138	0.9794843366557571	0.9777452678370027	1.0	0.9993590019880032	True
19	2043-04-01	FGA	tropics	0.2161095405786686	0.0469843464805544	12.309621230531597	0.017556148684953143	-0.49083415698600147	-464.3518655990891	37	1892.0	1891.9895492345954	0.9890860345428709	0.9888925225743227	1.0	0.9970184359948071	False
19	2043-10-01	FGA	tropics	0.018171539721646764	0.00045576514767637944	1.0319260858119934	0.017609342346790364	-0.628272936465634	-126.26402180690421	11	239.0	239.00876805359445	0.9908172635445364	0.9831710863774812	1.0	0.9989532618527791	False
20	2044-10-01	FGA	tropics	0.019503752194981155	0.0018941978245940196	0.09495807747944289	0.20539329262645875	0.4700086210549848	-0.24177208978923526	31	551.0	550.7030605118838	0.6845107584110426	0.6786654283397566	1.0	0.9772670093925753	True
21	2044-10-01	FGA	tropics	0.015535573836136785	0.00024350135067670686	0.4972059011148182	0.03124575513143237	0.02349549346060001	-112.91342651019475	13	619.0	618.9922031989586	0.6281778653272956	0.608785057945824	0.9008264462809917	0.9677206001834346	True
20	2045-04-01	FGA	tropics	0.22564992159742284	0.05110350830216326	10.278699076221521	0.02195315962887128	0.8234227190516655	-1085.2380359590027	26	486.0	485.942780549297	0.49204986433767506	0.49311513125168904	1.0	0.9314663984223098	False
21	2045-04-01	FGA	tropics	0.09360156717033787	0.013281439767423634	3.1885040990720075	0.029355950082541833	0.9774733689036075	-31.59997944690606	39	3102.0	3101.9922258526076	0.8560677762317517	0.8381459605911246	1.0	0.9986841334337673	False
20	2045-10-01	FGA	tropics	0.24883426698107067	0.06191849242400676	21.434660584943888	0.011608966981070676			1	15.0	14.82374858548868	0.08379888268156424	0.07267446314153723	0.08379888268156424	0.07267446314153723	False
21	2045-10-01	FGA	tropics	0.07428098165796872	0.005659826163176799	2.8022897469522188	0.02650724527638764	0.440991312876103	-59.58756911357714	27	2105.0	2104.922700407365	0.9822275261982825	0.9682470783093419	1.0	0.9975370591079916	False
22	2046-10-01	FGA	tropics	0.0029471030886423517	1.924617561649668e-05	0.2480157718537853	0.011882724500197435	0.7316348060195218	0.33701484438670004	18	425.0	424.08037340929025	0.5691313015972311	0.5351619607055935	0.9285714285714286	0.5696977873845231	True
23	2046-10-01	FGA	tropics	0.0026391817386126233	9.665935381449982e-06	0.1881152430953056	0.014029600659610151	0.6476101974871289	0.40398498512257686	19	370.0	369.80239195062666	0.4841218372319177	0.4647676603028274	0.6666666666666666	0.496039117011343	True
22	2047-04-01	FGA	tropics	0.001053351463433471	1.7225892289708026e-06	0.08214842816462703	0.012822539480883728	0.9897592565907243	0.9719857496056709	38	815.0	814.3629321498543	0.5412301250943229	0.5174403915045019	0.9285714285714286	0.5432258536324723	True
23	2047-04-01	FGA	tropics	0.0009053370119411144	1.561105790217127e-06	0.07282827053248687	0.012431120570647991	0.9904443316104836	0.971313241108295	36	701.0	700.7562995044539	0.4817415607605594	0.46412776351650387	0.6666666666666666	0.5094682613898015	True
22	2047-10-01	FGA	tropics	0.15747799660620979	0.02501236939082533	12.799616566613345	0.012303337040343618	-0.9166473443518887	-1766.4838595630633	18	334.0	333.8067725414047	0.5147921597696951	0.5117443122124704	0.6153846153846154	0.5314743753346731	False
23	2047-10-01	FGA	tropics	0.19678116207403396	0.03894819494714094	15.254926813330169	0.012899515316067018	-0.9309461109452105	-3177.966291323776	15	282.0	281.91658647796305	0.4800335819302198	0.46146279335647367	0.6097560975609756	0.4778627662273828	False
24	2047-10-01	FGA	tropics	0.010908670520165167	0.00013162504157198784	0.6217164198527527	0.017546055037035657		-9.424962195251103	17	416.0	415.9598233739976	0.8362616654248636	0.8115129733102652	0.9696969696969697	0.9161169154083217	False
24	2048-04-01	FGA	tropics	0.19663053407156147	0.046536141806577	11.852082164034714	0.01659037891824942	0.7814895868135986	-858.066935701413	42	1304.0	1304.0047383844949	0.8602789366725767	0.8583181747979993	1.0	0.9343226663490721	False
24	2048-10-01	FGA	tropics	0.01636994923515194	0.00047011329163820976	1.5671821433334412	0.010445466919583828	-0.48354388840048557	-17.590231296679548	34	991.0	991.0502172294176	0.7806497046828889	0.7751702346301023	1.0	0.9490313488127499	True
25	2048-10-01	FGA	tropics	0.03225500574619087	0.0011495182583998848	2.37421603837883	0.013585539489580458	0.44811110324733244	-293.0379036664817	22	562.0	561.6715409946087	0.7543948052146218	0.7314514246836061	0.9782608695652174	0.9839042211740744	True
24	2049-04-01	FGA	tropics	0.21926570435335976	0.04807975222101227	16.039476164908837	0.01367037814071941	0.17919081089639904	-33115.369287206115	8	125.0	124.92532750318796	0.5157913872619755	0.505051175328924	0.7666666666666667	0.6616371432553526	False
25	2049-04-01	FGA	tropics	0.1903817592920021	0.038563036268307004	9.668450593783922	0.019691030889106793	0.81445266099107	-585.7249782842247	48	1428.0	1427.941725868743	0.869680069292476	0.8640283367380164	1.0	0.9790336152258342	False
25	2049-10-01	FGA	tropics	0.20668787951914372	0.0428501481087798	16.177109471555386	0.012776564310365097	0.6719690295232185	-3157.5059220448943	28	843.0	842.8095632867455	0.9712410376845512	0.9652147337277915	1.0	0.9763471722496043	False
26	2051-04-01	FGA	tropics	0.023567944907848297	0.0005560754718108112	1.0347787104201582	0.0227758308810575	-1.0	-1.779186219842678	2	21.0	20.789227732486722	0.2229928541403951	0.19047957279658212	0.28205128205128205	0.2003134442946668	False
27	2051-04-01	FGA	tropics	0.1384918535593183	0.01921604276642621	5.793051736425305	0.023906545264996533	0.16564697687606647	-617.5853433742358	13	359.0	359.29742373603676	0.7733080272265052	0.7840944103355356	0.8857142857142857	0.8397946562031238	False
26	2051-10-01	FGA	tropics	0.1037514968804896	0.01076611822786746	17.103870853984265	0.006065965872065807	1.0	-297.05444644249593	2	21.0	20.992826424549158	0.1984969053934571	0.1793879879992828	0.28205128205128205	0.25838835867173315	False
27	2051-10-01	FGA	tropics	0.18785285024617301	0.04246833240961579	10.125197372068776	0.018553006261821738	0.8677862139728885	-388.2721411910666	40	1710.0	1709.9204431705411	0.8798692739816438	0.8756812541491538	1.0	0.9681791245972025	False
26	2052-04-01	FGA	tropics	0.13552802145307155	0.01836784459898422	32.8481226359689	0.004125898546928448			1	10.0	10.636886222287616	0.11494252873563218	0.10546041715727604	0.11494252873563218	0.10546041715727604	False
27	2052-04-01	FGA	tropics	0.22788221397393954	0.052159078939344676	13.877079238794988	0.01642148250741902	-0.5939820097526023	-1035.3448673079683	33	1371.0	1370.4580104781003	0.9544923662667474	0.9468389401368782	1.0	0.9853741143213322	False
27	2052-10-01	FGA	tropics	0.28721634217416847	0.08251128707649424	17.383503224046358	0.016522351017076126	0.34558296619301804	-53061.61885518431	7	99.0	98.80904347562087	0.9845238095238097	0.9629620908860435	1.0	0.9825910895507126	False
28	2053-04-01	FGA	tropics	0.00831373603200629	0.00016577249751797195	0.47938577765640056	0.01734247534970709	0.8284012942258394	-0.2722587649229691	24	597.0	596.8619679966671	0.41391725935554735	0.41166698974066546	0.8461538461538461	0.7983664557024669	True
29	2053-04-01	FGA	tropics	0.009902218738422734	0.00023643583941352568	0.2756310119102066	0.035925633584542434	0.9006997965146537	-0.5909722416742877	18	1843.0	1842.9985921654095	0.6855451354999671	0.6792357963489869	0.9083333333333333	0.9040500356291987	True
28	2053-10-01	FGA	tropics	0.19871736987211805	0.03970118542528937	6.5635553964440465	0.030275873039751846	0.3017285231944444	-209.35903175220292	26	639.0	638.9753259184558	0.3587945348102668	0.35694182886516124	0.8461538461538461	0.7978970548438113	False
29	2053-10-01	FGA	tropics	0.1036255144295908	0.015151374506483116	2.7426341153465534	0.037783207701584685	-0.8352025027244108	-24.304077234255697	38	3395.0	3394.934901477901	0.8270145506070807	0.8296671808051949	1.0	0.9900275057752482	False
28	2054-04-01	FGA	tropics	0.1500518756229193	0.022515565377956043	7.001028094696511	0.02143283437708072			1	14.0	13.92951250089055	0.07608695652173914	0.07395811294525079	0.07608695652173914	0.07395811294525079	False
29	2054-04-01	FGA	tropics	0.26458003765260735	0.07035638970055277	9.681281277680055	0.02732903115443922	-0.8334024545121436	-3862.667196629504	18	1119.0	1118.9643873924354	0.9584139474575315	0.9589014741843478	1.0	0.9865263522979624	False
1	2025-10-01	GARW	north	0.006021902247237971	6.569222676389402e-05	0.1264590583440455	0.047619382320993865	0.9397848932924239	0.8363517780763465	31	1151.0	1150.9353447651285	0.9715956391755664	0.967894392166248	1.0	0.9979808540157366	True
1	2026-04-01	GARW	north	0.025074671352375674	0.0016152804253864472	0.5408866847768963	0.0463584555843123	0.5995910878489339	-2.9771302891684215	50	4049.0	4049.0000000127584	0.9312070543858374	0.9307534583672549	1.0	0.9965639751473132	True
2	2026-04-01	GARW	north	0.009371819779866104	0.00011276912062082514	0.20790333947681297	0.045077774139896984	0.9887428383481298	0.8221037101618528	15	448.0	448.0224528841467	0.1815494977915231	0.18296530254899812	0.36065573770491804	0.3207181767698481	True
1	2026-10-01	GARW	north	0.1814510012320424	0.039346158564866535	3.2753232549834705	0.055399417738680005	0.4136534978028362	-40.26949963542672	27	3096.0	3096.0159182039924	0.8439254097420881	0.8358835668519985	0.975	0.9648882782786746	False
2	2026-10-01	GARW	north	0.15042206906893835	0.02989726578676306	3.4132088895856936	0.044070572278158186	-0.05028035781770576	-37.55980031819631	17	474.0	474.1264829578909	0.19777243269186678	0.21203709059952822	0.36065573770491804	0.4029292563277625	False
3	2029-04-01	GARW	north	0.016600822922396844	0.0004482682018560255	0.30445633352951473	0.0545261211351595	0.7172541916313622	-0.01309863060296057	13	284.0	284.00219915464254	0.5843175018003955	0.5571380874465353	0.9333333333333333	0.8251101708407056	True
4	2029-04-01	GARW	north	0.01231936515664877	0.00023790406851230468	0.2211154612202588	0.05571462569221757	0.7088582326321844	-0.3271237444952002	9	300.0	299.9378508999669	0.5358572299097166	0.5210050120934805	0.7692307692307693	0.7189454093958682	True
3	2029-10-01	GARW	north	0.010465437058578568	0.00019121272575578862	0.19268602130860418	0.054313421323995366	0.8724525264717499	0.6635403148308505	19	382.0	381.9583101579219	0.4785395066728573	0.47302031660441035	0.9333333333333333	0.8042401991751561	True
4	2029-10-01	GARW	north	0.004730836452380179	5.344346933513151e-05	0.0884790007948586	0.053468466075343404	0.9680789055414393	0.9122705409747778	21	734.0	733.9993704868408	0.6939779831724413	0.6772691754003402	0.8947368421052632	0.9441888291415459	True
3	2030-04-01	GARW	north	0.118775845656701	0.015079851045009942	3.4772177933348285	0.03415829916790715	-0.9962347147346078	-284.11413860502375	5	82.0	81.93425594416169	0.2535103349615429	0.2118119999140405	0.27692307692307694	0.2540160344503157	False
4	2030-04-01	GARW	north	0.1861717456401058	0.043076059216898534	6.242131671739822	0.029825026998864246	0.3557124927831957	-95.17288949488908	26	834.0	834.0068943702929	0.6481637614375266	0.6489962573691676	0.8947368421052632	0.9066424370958316	False
5	2030-04-01	GARW	north	0.032039438611990795	0.001156916143246435	0.6997296093643797	0.04578831334734395		-7.872701579447533	9	479.0	478.9859626428883	0.49456867671984434	0.47902594290128536	0.6507936507936508	0.6344561295458473	False
6	2030-04-01	GARW	north	0.038582673870902556	0.001982372088041641	1.121358438158506	0.034407083906429596	0.9978684722051093	-18.86905093847242	5	78.0	78.02880024726555	0.12691160766467008	0.11905792686823824	0.1450381679389313	0.1334720817070798	False
4	2030-10-01	GARW	north	0.002630241964626024	8.978023867881803e-06	0.06968344992958998	0.03774557613441486	0.997060002129393	0.9816292230992136	20	539.0	538.8627580965327	0.43885638857949105	0.4292084616464985	0.8461538461538461	0.73475447726193	True
5	2030-10-01	GARW	north	0.00171432159183203	4.075458787480545e-06	0.03848352250835118	0.04454689903867326	0.9995076483635887	0.9945449712797796	21	945.0	944.994579798831	0.6199320597683953	0.6240245184645754	0.9230769230769231	0.8613166938411627	True
6	2030-10-01	GARW	north	0.0011641315231905535	1.955069652055659e-06	0.03300484427765824	0.03527153509336754	0.9992614363902874	0.9922228740321548	8	112.0	111.91740873030393	0.12369815769423005	0.12701672351156965	0.1450381679389313	0.13289671953695828	True
4	2031-04-01	GARW	north	0.013682706539171058	0.00019394400651891996	0.36152994187237036	0.03784667590271518	0.9618764732000002	-11.233000511517524	3	39.0	38.72214433712803	0.15963150736376278	0.17368500120379515	0.1797752808988764	0.19349022701834853	True
5	2031-04-01	GARW	north	0.005553047500019581	3.993808591973867e-05	0.1532572235053514	0.03623351234616149	0.9745421600656795	0.9107603420969081	17	428.0	428.23285797377497	0.5756163130074953	0.5631122896265109	0.9230769230769231	0.7962404776739478	True
6	2031-04-01	GARW	north	0.010997613854839855	0.0001378546311806793	0.4696873497886099	0.023414754218501952	0.48192119324324184	0.1612716216686666	8	129.0	128.77905700081635	0.3127465392414854	0.28667574064648393	0.6	0.3422727590918853	True
7	2031-04-01	GARW	north	0.00923407078479617	0.00011821241188917397	0.16506852586826753	0.05594083267070182	-0.48679007082596576	-3.3184969421728168	7	222.0	221.8224506918832	0.4864927086071848	0.47963204642695106	0.7808219178082192	0.785787031015605	True
5	2031-10-01	GARW	north	0.0020343191724964235	7.184289252747009e-06	0.0898182944838345	0.02264927411711832	0.9933367840646761	0.9590596127127531	9	130.0	129.73224816752682	0.30610207868820605	0.27117852524251446	0.5555555555555556	0.4286362444958746	True
6	2031-10-01	GARW	north	0.005019161866514448	2.6432161480705188e-05	0.2052408523535423	0.02445498451676948	0.997259062392297	0.8798150176859476	12	182.0	181.9098064384712	0.24730152120954604	0.2419951951710282	0.6	0.35591528531818617	True
7	2031-10-01	GARW	north	0.0023011293227815518	8.858957227825442e-06	0.049951595704916196	0.046067183446455474	0.9946894568191662	0.98604232811313	32	1523.0	1522.9999264373575	0.8470383611664075	0.840495621596587	1.0	1.0	True
6	2032-04-01	GARW	north	0.012246108907208172	0.00014996718336720332	0.9300994490392698	0.013166451092791829			1	12.0	11.716136593197852	0.10344827586206896	0.08812730583845375	0.10344827586206896	0.08812730583845375	True
7	2032-04-01	GARW	north	0.0013797828209773377	3.215176220737286e-06	0.05158564012580674	0.02674742074756331	0.9956863660850757	0.9903197980888069	48	3020.0	3019.868999828178	0.9385246725891191	0.9307116479463072	1.0	1.0	True
8	2032-04-01	GARW	north	0.003673137197174271	1.5283098045136672e-05	0.07564045027424886	0.0485604882553794	0.9994999755943841	0.9470367918779106	10	240.0	239.83981089189584	0.1822585531238862	0.18847877430198234	0.36633663366336633	0.30149924052474475	True
7	2032-10-01	GARW	north	0.01285864358552361	0.000389944577205125	0.246677514330582	0.05212734375250453	0.7066281356330639	0.46239961230594806	28	2101.0	2100.988017584589	0.8299645707897367	0.8234095695240595	1.0	0.9818539500918765	True
8	2032-10-01	GARW	north	0.02794908602204795	0.0014188343088083616	0.5770827268212799	0.0484316801093644	-0.41157727910705105	-1.1021345510481413	17	435.0	435.0325581119581	0.3410649464907621	0.3412252076144994	0.75	0.6836197728372494	True
7	2033-04-01	GARW	north	0.008030263299656119	0.00015715282491992978	0.15423547801571016	0.05206495550160106	0.9152454511535776	0.7504404311760673	20	1327.0	1326.9785166851145	0.7697198737982375	0.753701235482342	1.0	0.8851196020232457	True
8	2033-04-01	GARW	north	0.004877778818057891	2.522677193091593e-05	0.19682428243115166	0.02478240366385747	0.07763095981357954	-16.56024018855566	4	79.0	79.06974055984104	0.6177785165484634	0.612082730475107	0.75	0.7046130848710733	True
9	2033-04-01	GARW	north	0.013132523218703012	0.0002990916848134376	0.33458771366336	0.03924986687322323	0.9824759804593396	-0.05112092646653177	11	242.0	241.62480743777945	0.1726928988657144	0.16196476952789057	0.1987179487179487	0.17610307093843763	True
10	2033-04-01	GARW	north	0.029075848011398224	0.0009365758617500792	0.7965750078604206	0.036501079903944245	0.9857481867959588	-7.282213678693449	5	73.0	72.74096810648575	0.09406205564954205	0.08099179833111445	0.13970588235294118	0.10334905211211146	True
7	2033-10-01	GARW	north	0.005556433926435471	4.379048205673363e-05	0.14065246561632067	0.039504703327367253	0.9883882971381504	0.9468855031725549	25	1599.0	1598.9777027368982	0.7158637461991398	0.6843402292152676	1.0	0.8437924665032273	True
9	2033-10-01	GARW	north	0.003656234590518596	2.0822786183494714e-05	0.09560887216629162	0.0382415826865873	0.9843447302696791	0.9582814521967582	15	306.0	305.9091537692087	0.16930885508053578	0.139748201827946	0.1987179487179487	0.15601718624946506	True
10	2033-10-01	GARW	north	0.006345726231691722	6.927032232186578e-05	0.11070709828137237	0.057319958071373786	0.9494397918891191	0.8320378002529916	24	436.0	435.6669171502195	0.5506631644612457	0.5572322881622851	1.0	0.958134082330872	True
7	2034-04-01	GARW	north	0.16999547209367338	0.030682870743168476	3.9343391349435706	0.043208138968963486	0.8889190223194436	-4511.33448954576	4	117.0	117.11246620802565	0.41799645312834266	0.40550897774526673	0.5753424657534246	0.4827479173497271	True
9	2034-04-01	GARW	north	0.2302663638141626	0.05302259830419629	6.579824068064233	0.034995823814162615			1	15.0	14.59012833349083	0.16853932584269662	0.12567108728340762	0.16853932584269662	0.12567108728340762	True
10	2034-04-01	GARW	north	0.053743650530142704	0.007698380593386252	0.8369689132758038	0.0642122421486313	0.4137801171093253	-10.861309191199652	40	2641.0	2640.953399621747	0.7324640657985453	0.7163788711105863	1.0	0.9934749333934031	True
11	2034-04-01	GARW	north	0.003423663984999436	1.5946513771654153e-05	0.0567372076868974	0.060342482906328855	0.998436183659753	0.9795034945288676	14	1640.0	1639.931867336585	0.44769222822198135	0.4380045745159319	0.7068965517241379	0.7660182363135114	True
10	2034-10-01	GARW	north	0.08575366853164734	0.010559358497230244	1.4421791520149712	0.059461176104116324	0.4839518268173256	-9.868571164934313	25	2376.0	2375.9369966721215	0.6680337233683272	0.6665231223516855	1.0	0.9975320065334015	False
11	2034-10-01	GARW	north	0.07703548706223076	0.009067582789671898	1.2815312543354365	0.06011206266067935	-0.46670444087269325	-5.446717361789932	21	1916.0	1915.7830818108316	0.5882291545403062	0.5544108712982224	1.0	0.89502021082277	False
11	2035-04-01	GARW	north	0.001563813263757428	4.040087477828112e-06	0.028481786774020763	0.05490572891950153	0.9335747045658243	0.8333950421976162	4	92.0	91.61795743828922	0.935	0.8688734454167217	1.0	0.8994444350290205	True
13	2035-04-01	GARW	north	0.005026474152948928	5.4883624756259845e-05	0.16596606231799593	0.030286156595786755	0.9659348610284126	0.5940728156779012	11	242.0	241.9311100648942	0.9389403213866864	0.9362680244269093	1.0	0.980056684443926	True
13	2035-10-01	GARW	north	0.0015393151118820762	3.5890767421427244e-06	0.049936251077247	0.030825604218884806	0.9959548277097972	0.9898157190113108	18	383.0	382.960698995912	0.9003564890779155	0.8374938066004525	1.0	0.954924029280914	True
14	2035-10-01	GARW	north	0.0019096975318316379	6.2886485922245996e-06	0.07918810140633827	0.024115965630144336	0.9374570769910089	0.8504849968099083	8	132.0	131.7645709169212	0.9339882943143812	0.9358365633433134	1.0	0.9976613557422296	True
13	2036-04-01	GARW	north	0.002943873772461541	1.2667183840937352e-05	0.09041268350941446	0.03256040699372674	0.9782584404879853	0.43107281920627805	5	81.0	81.0266909456583	0.8002480847148297	0.7569491193709774	0.9411764705882353	0.9102794066111226	True
14	2036-04-01	GARW	north	0.001741662045213194	5.062090275287768e-06	0.02950218041194151	0.0590350279502808	0.9980299522133615	0.9959642532758597	34	5270.0	5269.908506520149	0.951368191242284	0.9511954460225378	1.0	1.0	True
15	2036-04-01	GARW	north	0.007926619111570408	9.399506388729183e-05	0.20222045747088405	0.0391979091072509	0.9989532763208087	0.7476488996682829	5	68.0	67.84916109826543	0.049161927179168556	0.04498897763905983	0.06321839080459771	0.0638513324918923	True
14	2036-10-01	GARW	north	0.1860930692593247	0.04125633357583921	2.869649214136378	0.06484871681967215	0.8965755016858106	-22.486685049703237	24	5062.0	5062.017606988702	0.9531088394884418	0.9300433387906262	1.0	0.9991775749554042	False
15	2036-10-01	GARW	north	0.05748053185374846	0.004411679143863003	0.7290195217110164	0.07884635478463053	-0.1947568355498802	-6.327256775879252	3	41.0	40.977554917819255	0.06042464878671775	0.043848002577579905	0.06321839080459771	0.06940871168865463	False
16	2040-04-01	GARW	north	0.10737875852965098	0.013538847382398723	0.3881912288004987	0.2766130467745206	0.8261294969221775	-1.1956083119104775	16	638.0	637.9847536448378	0.39968441152606127	0.4210225235484184	0.8666666666666667	0.7444496677597148	False
17	2040-04-01	GARW	north	0.07467314990118425	0.008102299401445572	1.1377473620474137	0.06563245267983524	0.9890996126730809	-11.30634316271544	14	2496.0	2495.968883450585	0.687535722891066	0.6599925646694805	0.8940397350993378	0.976578438703639	False
18	2040-04-01	GARW	north	0.11232115224914337	0.012616041242575244	11.505039793257513	0.009762778249143369			1	11.0	10.911504258598331	0.029891304347826088	0.022032197500767882	0.029891304347826088	0.022032197500767882	False
16	2040-10-01	GARW	north	0.11327134396769571	0.021504136019116	1.5180250851401031	0.07461757060308497	-0.6321525469787779	-13.889207368432254	21	720.0	719.8053531829443	0.3241421714121306	0.341906763654129	0.8666666666666667	0.7353900430425004	False
17	2040-10-01	GARW	north	0.12767219900058963	0.027939351632857868	1.90019169680217	0.0671891152958141	-0.903934582424426	-11.864367170184432	23	3286.0	3285.8451164353164	0.7483944806902716	0.7348396953094354	0.8967391304347826	0.9219461656568401	False
18	2040-10-01	GARW	north	0.09884476829759295	0.01608296725161578	2.2222624132613134	0.044479341281991935	-1.0	-20.06671773259703	2	26.0	25.995757216443586	0.061241948470209334	0.054950814522224285	0.09259259259259259	0.08117069619160171	False
16	2041-04-01	GARW	north	0.008928735534070784	9.170228589248676e-05	0.14635861400851455	0.061005876521564674	1.0	-6.270083633883082	2	22.0	21.547699698070257	0.0878721859114016	0.06849724946418684	0.10784313725490197	0.07256150108253906	True
17	2041-04-01	GARW	north	0.012243808105944035	0.00016716041232165365	0.22181599435472207	0.05519803989591513	0.6237255159284725	-8.393911707579264	7	394.0	394.04572260778923	0.8298792022362234	0.8482315933663541	0.8888888888888888	0.8885114985280954	True
18	2041-04-01	GARW	north	0.015826064493141213	0.0007633606556265428	0.275153609765665	0.057517197417905966	-0.9147672168933514	-1.0094539606173885	6	76.0	75.43841520090965	0.8154320987654321	0.7834532250312004	1.0	0.9643194987152337	True
19	2042-04-01	GARW	north	0.06404637791682295	0.005309246136025483	1.259508887318048	0.05085027867743034	0.9926827722916245	-24.40136655041619	12	721.0	720.9752282050192	0.947753922397874	0.9425973068772538	1.0	0.9823106207239434	False
19	2042-10-01	GARW	north	0.21571710817359935	0.05920527691156147	4.43587428767876	0.04863012208726986	-0.84090179509959	-60.970362827174384	25	1490.0	1489.9831493554987	0.9655261289194363	0.9559929660345025	1.0	0.9982444921696005	False
19	2043-04-01	GARW	north	0.22769826015625694	0.09296423637592713	5.84623780205711	0.03894782728067219	-0.9177095109440568	-225.02459548070127	20	690.0	689.7699630408076	0.927896381698012	0.9163405367021324	1.0	0.9901255182434305	False
19	2043-10-01	GARW	north	0.0009049109025443647	1.4056202157475535e-06	0.035839781624490134	0.025248783935837897	0.9975572902851523	0.9939040919969176	15	252.0	251.93179644017317	0.7983827676141841	0.7976394383908454	1.0	0.9427685576749808	True
20	2043-10-01	GARW	north	0.0004112948359296562	1.6916344206240283e-07	0.1283257652479962	0.0032050838359296563			1	13.0	12.693988604105279	0.41935483870967744	0.28943668964060276	0.41935483870967744	0.28943668964060276	True
19	2044-04-01	GARW	north	0.1836889805262345	0.03587823491394403	6.69618777023139	0.027431874199054462	-0.9965700609593255	-1674.6229871646756	4	54.0	53.943702991883924	0.6493279569892473	0.7409584779833148	0.75	0.7971000878000943	False
20	2044-04-01	GARW	north	0.08219396303534017	0.008383600962524409	1.8078357070957853	0.04546539417975178	0.9915202443234223	-30.248946657830988	16	1427.0	1426.964994185843	0.9416588381200286	0.9098689130652677	1.0	1.0	False
20	2044-10-01	GARW	north	0.04067990927867739	0.003143516862828768	0.8680450327260864	0.046863823586343854	0.5051347756154881	-1.816161685161259	26	2041.0	2041.0825447112773	0.9826463897644911	0.9761788964333573	1.0	0.9965609965325254	True
20	2045-04-01	GARW	north	0.24421912466933934	0.06003452504979554	5.2441124554568415	0.04657015400484278	-0.8581598647272912	-1668.4755265134593	7	272.0	272.10608337365994	0.9946649029982364	0.9906160285457991	1.0	0.9943396255667377	False
21	2045-04-01	GARW	north	0.12399137773925425	0.018495755300323907	3.055339982769272	0.040581859445596634	0.9493117545030769	-48.79580663362729	20	1945.0	1945.0143341017333	0.9868498792874554	0.9837584230614171	1.0	0.9972596503999798	False
21	2045-10-01	GARW	north	0.11056741819087232	0.017932575580773737	2.0616551531649656	0.05363041341862334	-0.09480476001902506	-14.089102620831705	29	2403.0	2402.997465956569	0.9874292783312624	0.9685550672081266	1.0	0.9966392972012132	False
21	2046-04-01	GARW	north	0.028716078695202995	0.0010774942659013134	0.5494263774193469	0.0522655625492214	0.9453345056039806	-54.0589091940102	6	169.0	168.9100472159613	0.9930555555555557	0.988609970340493	1.0	0.9955527871109299	True
22	2046-04-01	GARW	north	0.002728421177028085	1.5055696683463682e-05	0.0839968111104899	0.03248243761824605	0.9836947922916436	0.7540651747065426	9	199.0	199.0246757731882	0.9330391303456318	0.9240459016937067	1.0	0.9402421240007864	True
22	2046-10-01	GARW	north	0.0010083617183486958	1.4522846459086645e-06	0.029150647604190703	0.03459140023372014	0.9989162059127301	0.9966406501852622	20	467.0	467.06195099586455	0.9490140821007882	0.9592376681022718	1.0	0.9745947072798405	True
22	2047-04-01	GARW	north	0.00232616410599052	1.3523917163564169e-05	0.0762720425040165	0.030498253745702746	0.9853729343710772	0.965920358039978	26	878.0	877.9962873432869	0.7771028705858156	0.7793515587268248	1.0	0.9748454344685717	True
23	2047-04-01	GARW	north	0.0034910293467766726	1.573203543388404e-05	0.11527784140383339	0.030283611353782547	0.9972114414306266	0.9309499079666693	8	141.0	141.0406867743693	0.20770911696887484	0.17641596551275263	0.3469387755102041	0.19189565535625697	True
24	2047-04-01	GARW	north	0.00600291455545853	3.714639952721357e-05	0.13094165909547528	0.04584419196247959	0.9969229211382156	0.7122787198533613	8	190.0	189.8763233236536	0.24133627848625214	0.23480759126468834	0.41346153846153844	0.3442943445024873	True
22	2047-10-01	GARW	north	0.0010541322160158822	1.6838691001466146e-06	0.025582273719801527	0.041205571778397045	0.998726292520689	0.9968849167224018	24	856.0	856.1078813519432	0.6030711922005102	0.6142580442997407	0.8461538461538461	0.8593900834100868	True
23	2047-10-01	GARW	north	0.0050961804512663095	3.160148162672056e-05	0.1663491571802404	0.030635444973998664	0.9825870879193271	0.8805388882068644	14	231.0	230.85865238530522	0.20719169953772432	0.17769892086442837	0.3469387755102041	0.20124409857593628	True
24	2047-10-01	GARW	north	0.0018932946537939873	4.55256108624152e-06	0.040447059524545685	0.04680920383458341	0.9980346878385061	0.9924253777583556	19	476.0	475.89005785474944	0.42060061191042475	0.3952090315676613	0.9166666666666666	0.6859714827604207	True
22	2048-04-01	GARW	north	0.0036843440204920256	2.0088024244154788e-05	0.0930705028697275	0.039586591958668906	0.9691626169251393	0.17702138254347	4	88.0	87.83178965607897	0.32625774654760165	0.32631507665714826	0.3695652173913043	0.3673660794328972	True
23	2048-04-01	GARW	north	0.01509230842607972	0.0002931948995924671	0.347338125986571	0.04345134408499466	0.9941813048410908	0.2258126210812782	4	62.0	61.98588101423202	0.23335407212218806	0.21713185331436913	0.30434782608695654	0.23155091747838297	True
24	2048-04-01	GARW	north	0.0026891823848566782	1.151706088214676e-05	0.08476214959487147	0.031726217394318974	0.9877943637562545	0.9732983521684277	24	719.0	718.8666546032451	0.8000915093834765	0.7910090501107302	1.0	0.9861142900624208	True
24	2048-10-01	GARW	north	0.027146328322194494	0.0016813178835058393	0.7880235370555619	0.0344486262727968	-0.7590576952876584	-2.505244266928469	23	790.0	789.9104432251625	0.8940591487236086	0.8880435069067429	1.0	0.967185938593164	True
25	2048-10-01	GARW	north	0.03900819238500189	0.0015216390731453194	3.342450337066858	0.011670537614998113			1	13.0	12.803600418277965	0.18055555555555555	0.12815846282507765	0.18055555555555555	0.12815846282507765	True
24	2049-04-01	GARW	north	0.0037298353045564403	1.970688224349796e-05	0.10143010565769756	0.0367724679016282	0.9384285420192384	0.3311426235001338	6	157.0	156.88220552949736	0.8157041428780558	0.7830887488462338	0.8611111111111112	0.8732339787159974	True
25	2049-04-01	GARW	north	0.013310185707954638	0.0003488085650027409	0.31536383086589204	0.04220580930732914	0.98521403765758	0.5023791411526567	21	2566.0	2565.9370308378598	0.9097699243158969	0.915672111505438	1.0	0.9637275431334397	True
26	2049-04-01	GARW	north	0.018321728016916915	0.0005218537177128328	0.44999086188230075	0.040715777961084755	0.9972708088914517	-0.15772885890034272	10	227.0	227.04316106575558	0.10426741809663201	0.09982883462037248	0.14056224899598393	0.13657383536980697	True
25	2049-10-01	GARW	north	0.08395609693677145	0.010085328681170756	1.4669508530558313	0.057231703953735745	0.4109193203368039	-6.702044335381281	27	2816.0	2815.83106532448	0.8941311972496219	0.8956100955272833	1.0	0.9419501628135729	False
26	2049-10-01	GARW	north	0.09863380488861968	0.013788606270456452	2.6446641848806154	0.0372953985812275	-0.7957758468462183	-30.771308699456405	12	251.0	250.99910010470734	0.1115038581338658	0.10106475602215416	0.18032786885245902	0.16570140217341553	False
25	2050-04-01	GARW	north	0.43687919064716907	0.20062870919585885	7.140400195857558	0.061184132354461136	-0.9847790088494566	-20866.908261260072	4	100.0	99.69570609410437	0.832936507936508	0.8029505746314194	0.8888888888888888	0.8739197856227704	False
27	2052-04-01	GARW	north	0.003897507124174882	3.067777994871225e-05	0.17364437686109574	0.02244534026744002	0.9589112722524779	0.8770509456113721	12	166.0	165.8740137809078	0.5745411257369716	0.5482952362552879	1.0	0.97892252871613	True
28	2052-04-01	GARW	north	0.0011717411979997666	1.6078399160049704e-06	0.029517483492888293	0.03969651404334914	0.9929578479307853	0.9716055430208548	7	211.0	211.05783562311177	0.6649011000861901	0.6481524261397963	0.8529411764705882	0.7815026421871393	True
27	2052-10-01	GARW	north	0.006847982626236672	6.990919052669603e-05	0.29823340698150136	0.022961822739936823	0.9859895395933722	0.576911512922055	12	170.0	169.54342588585763	0.3902368822222018	0.3743729979328803	0.8125	0.5637894786252634	True
28	2052-10-01	GARW	north	0.04597489508497323	0.006240136645321978	1.183635736663108	0.038842097835424534	-0.5136637519286393	-11.356332362978625	22	670.0	669.9992319508909	0.763372088983139	0.7434520311015476	0.9230769230769231	0.8962005227144512	True
27	2053-04-01	GARW	north	0.0067816002493393795	4.599010194183994e-05	0.6684249667003869	0.010145641750660619			1	10.0	10.075310443060769	0.1388888888888889	0.1902237712161869	0.1388888888888889	0.1902237712161869	True
28	2053-04-01	GARW	north	0.020020187611646086	0.0020236167942105842	0.08086354495667003	0.24757989057212018	0.7647978360204561	0.3853403213322635	29	1011.0	1011.2139849685448	0.5111581448623695	0.5378481604275946	0.9230769230769231	0.8906520504979648	True
29	2053-04-01	GARW	north	0.012218326623465527	0.0002612832373082098	0.19276202560599656	0.06338554798360363	0.9905788147085437	0.8351930805205787	17	3879.0	3878.9672986748283	0.7886529770433559	0.7473495703603613	0.950530035335689	0.9987338980812378	True
28	2053-10-01	GARW	north	0.08877377592219937	0.010063309149936382	1.3876919087769353	0.06397225159325284	0.5558913315260643	-6.366870437375918	18	679.0	678.9264519485746	0.2327151301484747	0.24084297327739476	0.6470588235294118	0.6253909700963831	False
29	2053-10-01	GARW	north	0.0899253751780125	0.014545200498816616	1.3527349032645013	0.06647671688000299	-0.5359098166738646	-4.888334867046226	23	4110.0	4109.988112261593	0.8284620198223426	0.8213726139632059	0.9767441860465116	0.9497902945188876	False
1	2025-10-01	GARW	south	0.08041452533721805	0.00827732558386161	1.9318648527059483	0.041625336898997896	0.9825944514727927	-24.285378217302384	17	1566.0	1566.0024603439272	0.9940788848692064	0.9895363623135145	1.0	0.997692682545738	False
1	2026-04-01	GARW	south	0.05589475787172016	0.003968826461854745	1.2208387291302651	0.04578389965686951	-0.3590162336022511	-2.9103079008853103	26	2057.0	2057.0249552535765	0.9917163923040895	0.9844387959920167	1.0	0.9988476832120892	False
1	2026-10-01	GARW	south	0.3805230311166432	0.15933856550726677	8.236124224340013	0.04620171099315051	-0.9924014952439888	-4447.948575567001	7	275.0	274.95857916659935	0.9886621315192744	0.9776432168870982	1.0	0.9882850258074712	False
3	2028-04-01	GARW	south	0.0017914880024479571	4.838777206334381e-06	0.03787203335905407	0.04730371843157626	0.9981280007393631	0.9914642079398628	23	647.0	646.8673338689725	0.9354652089003668	0.935820651305734	1.0	1.0	True
3	2028-10-01	GARW	south	0.1689835509707834	0.03666407281904466	2.8873548596257073	0.05852538367684014	0.7236057520696475	-72.89522107931937	35	2278.0	2278.2267418761508	0.984937467992905	0.9798374234319437	1.0	0.9951010277169896	False
3	2029-04-01	GARW	south	0.07764966779493367	0.008866148071625501	0.7630048103730196	0.10176825458934147	0.40935209540759004	-6.141904052744507	28	2154.0	2154.558251780331	0.9968380706672131	0.9969073331123971	1.0	1.0	False
3	2029-10-01	GARW	south	0.0206006324628653	0.0009959240884233594	0.2021059031046787	0.10192988995573973	0.5811137331842399	0.05667377763549064	5	137.0	136.5189267505288	1.0	0.988581162384946	1.0	0.9947181616645415	True
4	2029-10-01	GARW	south	0.006225416383969094	4.848270260951238e-05	0.680022275757923	0.009154724199336732	0.6482935814796285	-2.865779709383091	3	34.0	33.58110204064411	0.9722222222222222	0.9497719126147833	1.0	0.9839763451750059	True
4	2030-10-01	GARW	south	0.01579601803637182	0.0002495141858053839	1.6794801588994774	0.009405301963628179			1	11.0	10.854936006728463	1.0	0.960482472162144	1.0	0.960482472162144	True
5	2030-10-01	GARW	south	0.0022911876049295093	6.797746937859374e-06	0.04747799402247401	0.04825788561843959	0.9979899477089338	0.9894178756504416	17	1696.0	1695.9929294641577	0.6418816116112256	0.6480961329074085	0.7222222222222222	0.6786359188933478	True
6	2030-10-01	GARW	south	0.003914581320740225	1.6924371286365604e-05	0.07672028329479012	0.05102407280873601	0.9991427300467823	0.9672249004762824	15	918.0	917.9506684182293	0.3470671429367755	0.3341119034664655	0.42105263157894735	0.41397300336847737	True
5	2031-04-01	GARW	south	0.09628999549779356	0.014400255524846825	2.060456809630474	0.046732353256685046	-0.2598521993997804	-11.67503708372904	23	1984.0	1984.027651312301	0.6218510197111989	0.6121804583395878	0.7222222222222222	0.6503110979792974	False
6	2031-04-01	GARW	south	0.06311988262350697	0.005689593736350521	1.1387680410694734	0.05542821746580451	-0.37271830664533356	-2.8487287116594007	21	1106.0	1105.995543501605	0.37005219609302237	0.3703687954110433	0.6071428571428571	0.41737632907876804	False
5	2031-10-01	GARW	south	0.010742449417026475	0.0001190537369397373	0.25422318556898327	0.04225597831678307	0.9864927361678109	-15.663650735851185	3	68.0	68.07960168714659	0.48149301576228676	0.5942534844807325	0.5409836065573771	0.6189834045738343	True
6	2031-10-01	GARW	south	0.010071294983223716	0.00010160564253396267	0.16412063803041263	0.06136519516428786	0.9958333477504513	-4.143789651879148	4	78.0	77.95335625957851	0.5138802381782849	0.38777037556656047	0.6071428571428571	0.42336509261332395	True
7	2031-10-01	GARW	south	0.0024044977233288055	9.08180273277769e-06	0.056843845333737264	0.04230005393216629	0.9980809541827549	0.9577105687835639	15	1233.0	1232.944334108091	0.9939923200792766	0.9887336903292926	1.0	0.9974830077214494	True
7	2032-04-01	GARW	south	0.0024499977256107423	7.23913860041337e-06	0.050967963053254614	0.04806936708557151	0.9987292480275747	0.992934609671694	26	1819.0	1818.741021425798	0.9965340308149673	0.9928488730130207	1.0	1.0	True
7	2032-10-01	GARW	south	0.03347752927194016	0.00248458197415776	0.6128687343282444	0.05462430598394669	0.7340394410920809	-0.5837045377579346	21	1422.0	1422.0199783530345	0.706379567685229	0.6799829712302943	1.0	0.9986321708218848	True
8	2032-10-01	GARW	south	0.05438779363066993	0.00462568176513234	1.0832884427466276	0.05020619761508043	0.76411807080297	-9.543834635730446	15	728.0	727.8933035831077	0.4705589345871298	0.46241256338290565	0.8	0.590779781162998	True
9	2032-10-01	GARW	south	0.033132492953774746	0.0016134253701259131	0.729162839673645	0.04543908596412294	-0.8912831276024352	-4.6379801652934	6	105.0	104.89833299646615	0.0693458756506445	0.06576843569605482	0.09183673469387756	0.06787010467524031	True
7	2033-04-01	GARW	south	0.004577929639797898	3.8850820099481904e-05	0.06042961825499828	0.07575638853914565	0.9965142931921372	0.9776979045560926	23	1914.0	1913.9582554972487	0.6287480670162836	0.6189503805886991	0.8833333333333333	0.7962704533488545	True
8	2033-04-01	GARW	south	0.003711571163654256	2.5225073812550405e-05	0.0641588179761601	0.05784974350732876	0.989710525938463	0.9786107544036207	21	915.0	914.9486993399076	0.39002809520306136	0.3879634809492704	0.8	0.7203933832434661	True
9	2033-04-01	GARW	south	0.00321082264760917	1.5970070304323816e-05	0.08130903431753107	0.03948912534208863	0.9994548222746639	0.9634114345430622	11	189.0	188.69775636890665	0.08565424918253779	0.06415549278416616	0.1375	0.09159735097507604	True
7	2033-10-01	GARW	south	0.0066113687536129995	6.572387149378921e-05	0.1320720578519816	0.05005880018181154	0.9462119326304734	0.20256989744400156	7	376.0	375.9986655890529	0.795407361301215	0.7399285441205564	0.8833333333333333	0.7431855133350936	True
8	2033-10-01	GARW	south	0.021418147874259247	0.0004923657955828493	0.5585745212604248	0.03834429795675095	0.9766358251668401	-11.237221579652493	3	53.0	52.856425515164325	0.15662191028379616	0.1698146513520149	0.168141592920354	0.17094277163614247	True
9	2033-10-01	GARW	south	0.0018311152344655437	5.844248213930644e-06	0.05105043420165675	0.035868749465134186	1.0	0.10337477446906163	2	27.0	26.612249778282667	0.12392241379310345	0.0861317998600491	0.1375	0.08697513859762311	True
10	2033-10-01	GARW	south	0.014591954226556169	0.00028671312516226365	0.24956959915290325	0.05846847643336618	0.9649837833238605	0.4094019255484007	15	2377.0	2377.001011061238	0.9646453987253049	0.9455824075206962	0.9964788732394366	0.994572950775902	True
10	2034-04-01	GARW	south	0.0342842222866008	0.0016680689602560368	0.5914658335233952	0.05796483979872136	0.5179040666585021	-0.009501354762276648	24	3223.0	3222.9988776908913	0.9733300908449296	0.9591552178558237	1.0	0.9918208205523031	True
10	2034-10-01	GARW	south	0.0010067183711079373	1.3244014188216707e-06	0.018262325090414106	0.055125421660375755	0.983783200152776	0.9677080741582342	6	306.0	305.835725562946	0.9887265512265512	0.9820167346621388	1.0	0.9963063055096687	True
11	2034-10-01	GARW	south	0.004093125615421173	2.2256347044145095e-05	0.13641617964670544	0.030004693182448503	0.819331268941479	0.6281450116913609	10	166.0	165.64937161817113	0.49314417481141104	0.465541224268713	0.8235294117647058	0.7156628260165682	True
13	2034-10-01	GARW	south	0.004046366662108245	2.8170622404828743e-05	0.07827232056271947	0.051696009943462684	0.9757433524910282	0.7054292032440226	7	271.0	271.0172064595685	0.6492642844765033	0.651086814863704	0.7752808988764045	0.7734823810818043	True
11	2035-04-01	GARW	south	0.0019472930866907998	7.653214989530164e-06	0.06981817235884263	0.027890920385058898	0.9836952477135108	0.9615389405940096	13	218.0	217.6677540856764	0.4221331489793616	0.40097073637055825	0.8235294117647058	0.7332837235577674	True
13	2035-04-01	GARW	south	0.0014314720369858658	3.51290016558998e-06	0.02794149062745027	0.05123105478057636	0.9983824213727343	0.9944514669018637	30	1277.0	1276.9870358799678	0.8683690942195256	0.8543702067023473	1.0	0.9446732817675351	True
11	2035-10-01	GARW	south	0.0012914580087891904	1.6678637884657405e-06	0.10597998564408004	0.01218586699121081			1	18.0	17.840438607984268	0.1782178217821782	0.13247346668529045	0.1782178217821782	0.13247346668529045	True
13	2035-10-01	GARW	south	0.006445652795587874	0.00020536160215176954	0.041573692728338496	0.1550416230212388	0.9593926766638108	0.8476752682014891	41	1515.0	1514.7742312928797	0.6393278878648948	0.6312176389074877	1.0	0.9815291857730917	True
14	2035-10-01	GARW	south	0.005048965166510652	3.6812183577944905e-05	0.08353716960800761	0.06043974425040461	0.9932421333965297	0.9802015508078313	21	4753.0	4752.985783241476	0.799566779369555	0.7713156527544469	1.0	0.9988677822998554	True
13	2036-04-01	GARW	south	0.12735632321715967	0.017865274973771255	1.0041383430742972	0.12683145115965008	0.862125129753732	-8.725438304620656	18	629.0	628.8924524736938	0.34640242692885254	0.3327948755746871	0.8571428571428571	0.6824604794197415	False
14	2036-04-01	GARW	south	0.14027095198587772	0.02375487059289294	1.9578309454675924	0.07164610014496249	0.4089214632782734	-7.973626872630646	25	4834.0	4833.952320954095	0.8316360946704263	0.8211177291430214	1.0	0.9989548102194168	False
16	2040-04-01	GARW	south	0.00105460982216971	1.996475899022446e-06	0.024711593057473377	0.042676723419527614	0.9991791754487278	0.9975181305095079	26	1292.0	1291.9772682426722	0.9965034965034966	0.991566394851755	1.0	1.0	True
17	2040-04-01	GARW	south	0.004798846933542274	2.3028931891568083e-05	0.09540164778119882	0.05030150993354227			1	15.0	15.05826013055549	0.9375	0.795559946798985	0.9375	0.795559946798985	True
16	2040-10-01	GARW	south	0.006099170969001174	5.3391833939185087e-05	0.13822227253485975	0.04412581892301733	0.9701778653543018	0.26073406443833025	10	320.0	319.94298164864495	0.9909090909090909	0.9830375794465311	1.0	1.0	True
17	2040-10-01	GARW	south	0.04620793307267685	0.003674348544278616	0.28026283542450975	0.1648735659249519	0.848240438978503	-0.12081665137110376	26	3280.0	3279.97740470575	0.6582815652101511	0.6258264398710683	0.9411764705882353	0.8279430682885874	True
18	2040-10-01	GARW	south	0.03370592375247234	0.0028946174438624385	0.5028135695533356	0.06703463429281419	0.9417248789153803	-0.714891384151688	18	2419.0	2419.0020811393456	0.4667908672865061	0.4415071421941495	0.8163265306122449	0.8188970432389906	True
17	2041-04-01	GARW	south	0.13375261081590412	0.020747200085419894	1.956234639402464	0.06837247849611698	0.780074214067812	-10.516644064800325	23	3244.0	3244.0281941127478	0.6402365105688252	0.633315618247686	0.9411764705882353	0.9316850150085465	False
18	2041-04-01	GARW	south	0.07509310248700163	0.010618035214470075	0.8817823359547828	0.08516058830515329	0.2859742358500537	-3.065552945206261	21	2472.0	2471.945653343115	0.5244450820127725	0.5146543238776023	1.0	0.8503644298215736	False
20	2044-04-01	GARW	south	0.2317390087438531	0.05871441684388795	8.578591889258261	0.027013641834859468	-0.7636649994527357	-282.65209230415763	12	200.0	199.7664415537458	0.9285844865011531	0.9250627845984541	1.0	0.989019682256544	False
20	2044-10-01	GARW	south	0.010322603777307976	0.00018077803553358558	0.2673878320665035	0.03860536097521664	0.8864672083093282	0.6215382576925125	29	2207.0	2207.060220025749	0.8721464285733669	0.8619455822639149	1.0	0.9858164834505657	True
21	2044-10-01	GARW	south	0.029123331034664524	0.0009168447692918644	0.47235450875442253	0.06165566432606186	0.9825372198456492	-1.2292348453823263	10	746.0	746.0946804739779	0.298136656745422	0.2939829386631144	0.5278969957081545	0.48622682005762596	True
20	2045-04-01	GARW	south	0.07496454052193151	0.0077157462721523405	1.1924132393506848	0.06286792032160982	0.18450231183073917	-5.551844136563484	28	2327.0	2326.989325643994	0.703118426916426	0.7002057024081084	1.0	0.9951585731732658	False
21	2045-04-01	GARW	south	0.06960789468755742	0.006520784471410214	1.0049065519403266	0.06926802751276208	-0.6412773203935039	-4.642631759379445	20	1280.0	1280.0507435713273	0.5258919071625365	0.5216485233764435	1.0	0.8902272477460611	False
20	2045-10-01	GARW	south	0.003568275171805295	1.8983271315054077e-05	0.05887307468150933	0.06060962827419658	0.9831843036178421	-0.3628247308697128	4	63.0	62.83234987034588	0.23911808798939055	0.2306190311609078	0.2682926829268293	0.2797294122657023	True
21	2045-10-01	GARW	south	0.005865821399005417	4.856651586679219e-05	0.14176423429488993	0.0413773010391582	0.9877313653687729	-0.2633955613032479	7	248.0	247.83692943420672	0.810919517736022	0.8020166503978585	1.0	0.8866202230474545	True
22	2045-10-01	GARW	south	0.020702665052587197	0.0004624692446186622	0.701663415513045	0.02950512253435608	0.9757681100256104	-11.182453914108262	3	46.0	45.72970965899244	0.7817460317460317	0.7587420908378935	0.8333333333333334	0.7663783387425623	True
22	2046-04-01	GARW	south	0.004400696035314743	3.165216683037815e-05	0.1456321770704809	0.030217882639939932	0.957531116789198	0.8540654326618431	20	403.0	402.86342913038874	0.897779369725977	0.88002297473378	1.0	0.9553446018943887	True
22	2046-10-01	GARW	south	0.0014804727606156339	3.296531098146765e-06	0.03289774017127803	0.04500226316177753	0.9978757893905927	0.9946854703719634	38	3552.0	3551.88645575986	0.9556504667501556	0.9501692952237469	1.0	0.9741644524106022	True
22	2047-04-01	GARW	south	0.09210026509734869	0.01212182802612512	1.5161040479471977	0.06074798442893962	0.3321085816095228	-8.59021505101295	29	3390.0	3389.984050207506	0.9708956801956161	0.9696051485241337	1.0	0.981659912826521	False
25	2048-10-01	GARW	south	0.022414032671501816	0.0006958393222030236	0.47293763504092684	0.04739321003616505	0.9720068790760158	-2.1775975927990796	12	872.0	872.1290830554206	0.9052412256029023	0.9108211801535903	0.9858156028368794	0.9659379036752466	True
25	2049-04-01	GARW	south	0.16230352174408771	0.03760702577865378	3.333630242451467	0.04868671986390843	-0.8075569379974297	-33.79499172812885	25	1742.0	1742.005529730497	0.9465451825389758	0.955370085669701	1.0	0.9942983684707345	False
25	2049-10-01	GARW	south	0.0077807946731811755	7.555433396729302e-05	0.1784490243909107	0.0436023379771276	0.9308321091259918	0.03950013528174845	12	587.0	587.0104151781476	0.9861729757446049	0.9834314603324291	1.0	0.9949644096748363	True
26	2049-10-01	GARW	south	0.013227872394943918	0.00018405629460281847	0.8988565301276829	0.014716333420935257	-1.0	-25.40113733566294	2	23.0	22.52574633046857	0.5664251207729469	0.5769454962544455	0.6111111111111112	0.6021801495535882	True
26	2050-10-01	GARW	south	0.017587631343602278	0.0004934613762948409	0.4179123755680758	0.042084495152111955	-0.9921976069843967	-3.2298658279113264	4	58.0	57.92616491935763	0.23768271676486688	0.22346405899139854	0.27941176470588236	0.26892047626470905	True
27	2050-10-01	GARW	south	0.005435103826950927	5.546522017359551e-05	0.14005805470559513	0.03880607822503051	0.8732334774288296	0.5506997643441629	9	284.0	283.9381843119796	0.7487650594507707	0.7389654488597941	0.8333333333333334	0.7909190905719273	True
26	2051-04-01	GARW	south	0.004166737710686153	2.577814200406642e-05	0.18207409204707659	0.022884846843607014	0.9988594528280077	0.8514861580722233	10	156.0	155.7967760761633	0.21630182447841845	0.17644292455020935	0.27941176470588236	0.19226023672354503	True
27	2051-04-01	GARW	south	0.006855425799606924	5.759451321996085e-05	0.16194859983808843	0.04233087415674345	0.9976901360513918	0.9083084036443301	22	857.0	856.9079863017276	0.8095097374003785	0.8227699529563911	0.9411764705882353	0.8889819472809586	True
26	2051-10-01	GARW	south	0.19725766407066317	0.0403883213012472	7.4026238482227935	0.026646992757577488	-0.9959026317180115	-1305.2271696322623	4	57.0	56.36794705574072	0.18171499043592065	0.17823270383785667	0.20634920634920634	0.20138957319905915	False
27	2051-10-01	GARW	south	0.15871102048446353	0.059619102019883616	4.996461986770658	0.03176468086912086	-0.8419925268298235	-135.5152585278291	29	1095.0	1094.7441855297072	0.9360235805008678	0.9129711290373944	1.0	0.9716032925867423	False
27	2052-04-01	GARW	south	0.0015601422804395666	3.5484339046923117e-06	0.0394041198125195	0.039593379775073094	0.9970427113851831	0.9938106210073168	26	873.0	872.8506610444895	0.9704990045950991	0.9593755806083166	1.0	0.9831166121302195	True
27	2052-10-01	GARW	south	0.003466805915748775	2.157496113182247e-05	0.08219994015411156	0.04217528515530639	0.9136182577260982	0.5394770051760438	6	142.0	141.31333035811298	0.9569345607149314	0.9378318626521054	1.0	0.9513459296149542	True
28	2052-10-01	GARW	south	0.13860487208233957	0.024957269494966364	3.290833323022842	0.04211847227650597	0.9716537919202095	-158.26564474728877	16	746.0	745.9459791540346	0.9869133798725798	0.9855050902683655	1.0	1.0	True
28	2053-04-01	GARW	south	0.00466392693304451	3.5747725265571594e-05	0.11223293973531318	0.041555776263579806	0.9972803622700771	0.956590705644907	28	1309.0	1308.9481745165178	0.9692846418827817	0.9558667511888947	1.0	0.9938104763021424	True
29	2053-04-01	GARW	south	0.012480090572379792	0.00015575266069480295	0.34248135318755035	0.03644020457237979			1	10.0	10.027713893175733	0.9090909090909091	0.9489622892840331	0.9090909090909091	0.9489622892840331	True
28	2053-10-01	GARW	south	0.012081359539256861	0.00019177990514765458	0.29369575957748756	0.041135628095676884	0.7129527279951778	-1.366441671371717	10	384.0	383.9665965123527	0.9421427966828684	0.9059566054517697	1.0	0.9860683637312555	True
29	2053-10-01	GARW	south	0.024129338628224258	0.0008738108162386583	0.4385348590943962	0.05502262392105602	0.9967598478678641	0.2527052100810223	25	4101.0	4100.968931098579	0.9844369166739397	0.96133685838299	1.0	1.0	True
29	2054-04-01	GARW	south	0.011202251143941456	0.0001373107660367098	0.19310468604498973	0.05801128586455714	0.9964269323742563	0.8966968958975283	27	4174.0	4174.026998918956	0.9855897376610554	0.9849812473611734	1.0	0.9998223910087614	True
0	2025-04-01	GARW	tropics	0.43579211009239766	0.21135074703427692	36.14576854281326	0.012056518028554817	-0.54870303598412	-5298.923466038059	11	478.0	478.05884711797626	0.5661351105907656	0.5672244474752748	0.8292682926829268	0.8133891698131938	False
1	2025-04-01	GARW	tropics	0.2652038866516205	0.08690321489731326	5.824024256688613	0.045536191980492954	-0.15185573592789783	-2962.3854234937894	10	449.0	448.8268559897549	0.4601782076184504	0.45739202475851715	0.6901408450704225	0.7086448843799645	False
0	2025-10-01	GARW	tropics	0.005916225637728975	4.579656194244574e-05	0.14265993129230933	0.041470829153889506	0.9086267898921423	0.7837014246940487	21	775.0	775.0664658192956	0.37163169962948917	0.3722778216035105	0.8292682926829268	0.7908865611107261	True
1	2025-10-01	GARW	tropics	0.001654825375428181	4.91607683533964e-06	0.03445912527070175	0.04802284917067138	0.9960064268208989	0.9911423195474797	36	3168.0	3168.015636672559	0.7891855666814342	0.789603711781468	1.0	0.9942843355957472	True
0	2026-04-01	GARW	tropics	0.008433116044309234	9.638363419933483e-05	0.28583740518771367	0.029503192693661213	0.8396470360668746	-0.18898393715733208	8	197.0	197.02408327455305	0.1296270821804882	0.13866362087646578	0.20855614973262032	0.2001414778565548	True
1	2026-04-01	GARW	tropics	0.029904490658344364	0.0014606862195836155	1.1730782065979002	0.025492324799956684	0.8435336143089264	-9.045951407269332	26	2476.0	2475.9835487980426	0.9339228644599002	0.9300217752974542	1.0	0.9994176646513342	True
3	2028-10-01	GARW	tropics	0.03570917813325347	0.002281971657591046	1.7261451250304778	0.02068723980124381	0.2499811720680129	-26.356386367167698	33	1870.0	1869.8204482390602	0.9968471678991908	0.9837894805601979	1.0	1.0	True
3	2029-04-01	GARW	tropics	0.0051200575356137625	4.404898800215309e-05	0.16453613227739397	0.03111813475098454	0.8820863606005225	0.7019106868695495	41	2147.0	2146.685514327784	0.9788987874927374	0.974693937429237	1.0	0.9946484112281244	True
3	2029-10-01	GARW	tropics	0.006644495299574371	8.407026713001751e-05	0.2159624416323722	0.03076690210275146	-0.012285479441267955	-0.2017708023936966	14	342.0	341.7823078543549	0.946502821108342	0.9297623035537816	1.0	0.9631365950113113	True
4	2030-04-01	GARW	tropics	0.005511369850350435	5.694340453490932e-05	0.8975928025324688	0.00614016716132377	0.19579315210791876	-1.0872199675832603	3	38.0	37.875563345749555	0.5535462148365374	0.48135255560227014	0.7222222222222222	0.5709916590909242	True
5	2030-04-01	GARW	tropics	0.0032705937019685757	1.3244717571137367e-05	0.1421575717811891	0.02300682025578433	-0.9656112139968014	-0.8418809916057499	3	40.0	39.834131043238614	0.5271154745208041	0.5129198729625711	0.5652173913043478	0.5370396109252873	True
4	2030-10-01	GARW	tropics	0.0011345388286675203	2.210458319034334e-06	0.21050607511827044	0.005389577607345026	0.8872400981579424	0.6441323436121602	10	126.0	125.91275862912973	0.35839060667750366	0.33023572544734336	0.7222222222222222	0.5028613400618988	True
5	2030-10-01	GARW	tropics	0.0010950304787334612	1.720369844945901e-06	0.06240993324428403	0.017545772312354657	0.9825590695932764	0.9627019158667566	29	1156.0	1155.8982008306352	0.7596362287963384	0.7512296102297331	0.9038461538461539	0.8394911424823007	True
6	2030-10-01	GARW	tropics	0.0021526202304557305	4.6695345275271115e-06	0.2929516829316261	0.0073480384509623875	1.0	-17.361388639539502	2	28.0	27.79571974988248	0.20571057754704736	0.14241311544199653	0.21739130434782608	0.14747588831444922	True
4	2031-04-01	GARW	tropics	0.003495216196012492	1.4934559284484827e-05	0.9807466970876249	0.003563831727796491	-0.8564277454389773	-10.078087398463706	5	61.0	61.19908894436186	0.23891705034455776	0.22420821649376305	0.2708333333333333	0.29173508755593097	True
5	2031-04-01	GARW	tropics	0.0015068041857774362	5.438643062378623e-06	0.0889770954908912	0.01693474233412903	0.9744484224955469	0.9415445987798741	44	1593.0	1592.9835140586392	0.7648593491741376	0.7586960271080436	0.918918918918919	0.8419449114674019	True
6	2031-04-01	GARW	tropics	0.0015281319996152884	2.6595747431803607e-06	0.18328675708331793	0.008337383583695766	0.9802529998790964	0.8813865360008653	10	128.0	127.68898565607347	0.3293658983052004	0.25882719426750345	0.5	0.4052948294289604	True
5	2031-10-01	GARW	tropics	0.0016076363629170976	4.28167514605406e-06	0.10086638728254084	0.015938276429132765	0.6709781316677758	0.39110538554695895	17	389.0	388.6848457705293	0.7043971359112751	0.6825335752377507	0.918918918918919	0.7834985823789526	True
6	2031-10-01	GARW	tropics	0.0038501131460993276	4.88540212481127e-05	0.19823824694643777	0.019421646455235222	0.7837918350258706	0.21019756738154616	8	100.0	99.83552362252881	0.36027972849473866	0.2921809488423439	0.5	0.3739622172645573	True
7	2031-10-01	GARW	tropics	0.002423549543563598	9.771866508564074e-06	0.0777856346702245	0.031156775333110533	0.9346399065868674	0.8602945019154632	19	1603.0	1602.9961200452901	0.8812725234544949	0.8396800090209883	0.9944444444444445	0.99992059520602	True
7	2032-04-01	GARW	tropics	0.15919455546463462	0.032410964625510685	5.124164998931524	0.031067414007517207	-0.8711446136026821	-68.5185189512846	42	3217.0	3216.969437800104	0.9348188903762759	0.9247465569220097	1.0	1.0	False
7	2032-10-01	GARW	tropics	0.013197141342188997	0.0005905810136305084	0.4503361844371023	0.0293050876173425	0.6063835457487915	-0.5294985170819289	29	1276.0	1275.679378885312	0.9293891041465925	0.9232611945659941	1.0	0.9965583505901896	True
7	2033-04-01	GARW	tropics	0.006606040354902571	6.185517883121826e-05	0.2364304468129095	0.02794073455408227	0.9926974830503132	0.6551879629460555	35	1790.0	1789.8993339246508	0.8162104922581451	0.8076926102425548	0.9375	0.8689264869900012	True
9	2033-04-01	GARW	tropics	0.006794210098739979	6.262729108798711e-05	0.35411644143351956	0.019186372909532068	0.9917243242299533	0.07311992912068999	12	190.0	190.2855321092741	0.18814828867847	0.15879002795263894	0.38333333333333336	0.20755464484793795	True
7	2033-10-01	GARW	tropics	0.003210132844139431	2.028743079359239e-05	0.15341603186077743	0.020924363674407736	0.9890236342797003	0.8761969179828004	32	1723.0	1722.9275268468589	0.7625688821675128	0.7526552629014713	0.8956521739130435	0.8405807753223254	True
9	2033-10-01	GARW	tropics	0.001679732369570513	3.951132410183419e-06	0.09963634408657028	0.01685863110464046	0.997542518237539	0.9565003230276359	17	247.0	247.162980388657	0.19787022257790937	0.1694259575970726	0.38333333333333336	0.23092210340523378	True
10	2033-10-01	GARW	tropics	0.004802504939797274	2.943249584728302e-05	0.1648678174414495	0.02912942631452507	0.18927249160265575	-1.3797956283776673	12	434.0	433.98704584250476	0.7818855150887457	0.7576490585348096	1.0	1.0	True
7	2034-04-01	GARW	tropics	0.109237134869953	0.014518138483407479	4.385632458920819	0.024907954757529587	-0.40610645314357585	-4953.592796655322	6	113.0	112.64660505308325	0.6183791117359795	0.5574238762842364	0.7560975609756098	0.6675081976718586	True
9	2034-04-01	GARW	tropics	0.14768899933034188	0.022269524455912154	7.469764624255137	0.019771573370702962	-1.0	-151.28101350125127	2	20.0	20.2942470550381	0.256578947368421	0.1856997135825717	0.2631578947368421	0.2509841292069899	True
10	2034-04-01	GARW	tropics	0.034583994101727654	0.003285421943187759	1.4458349920132596	0.02391973793189983	-0.3432660820145802	-11.815542493039258	38	2606.0	2605.9719133878143	0.912037415648812	0.8908790550351707	1.0	0.9997265618473402	True
10	2034-10-01	GARW	tropics	0.1370173055804818	0.022500843756155284	5.994446430938923	0.022857374264502437	0.2011496373270891	-177.0340693046409	29	2025.0	2024.9978577715308	0.9353314778033449	0.9066865917172903	1.0	0.9932596227377747	False
11	2034-10-01	GARW	tropics	0.25796744808112504	0.07453882271392083	29.755968575079145	0.008669435425374619	-0.04589019554023425	-17611.622925397325	9	115.0	114.71671561406728	0.9258648758648759	0.7994603246202835	1.0	0.9158096907280968	False
10	2035-04-01	GARW	tropics	0.004188675936112318	1.805605704827297e-05	0.1466724526259622	0.02855802750359742	0.867662168946161	-8.488308057133812	3	38.0	37.92346147487693	0.738206627680312	0.6897247404320667	0.8666666666666667	0.7828674269257422	True
11	2035-04-01	GARW	tropics	0.007781222706587064	0.00022976068342166003	0.08277279903625695	0.09400700226627176	0.926158959469544	0.5524135424284207	35	651.0	650.7115929284197	0.516228133248052	0.49407350559045693	1.0	0.858335510878081	True
12	2035-04-01	GARW	tropics	0.002727540444321358	8.07905411569132e-06	0.14898604747607289	0.018307354886768174	0.9991261455256002	0.8635063897746068	4	56.0	55.99140016220251	0.08648979287658654	0.0691874178304878	0.11764705882352941	0.0701146326396091	True
13	2035-04-01	GARW	tropics	0.0014996355338113305	4.149454005159199e-06	0.04897920921342371	0.03061779799826425	0.9874774529375602	0.9610458509730849	20	1655.0	1654.9432863335612	0.6621723334179879	0.6497361871951116	0.851063829787234	0.9091660101154316	True
11	2035-10-01	GARW	tropics	0.001526441599221734	3.914864227755446e-06	0.049972158528299344	0.030545840807683078	0.987257785000124	0.9712987041825913	25	524.0	523.8633608950435	0.32840998818307987	0.32553142101615246	0.6956521739130435	0.7217548278039051	True
12	2035-10-01	GARW	tropics	0.0013443100785803792	2.1982636711199553e-06	0.07533358196503781	0.017844765156716846	0.9985968882799404	0.9768471030858196	7	92.0	91.50788109822042	0.08488524853278738	0.07176684194143203	0.11764705882352941	0.07259797978540995	True
13	2035-10-01	GARW	tropics	0.001137786176390587	3.0300759633278417e-06	0.036493111723003784	0.03117810794066576	0.9980794988306393	0.9937289759699934	36	2654.0	2653.943881751182	0.7516711614216932	0.7297477843496801	0.9193548387096774	0.8897330335181028	True
14	2035-10-01	GARW	tropics	0.007255385894467262	6.769689937370901e-05	0.3602988073576394	0.020137135472850533	-0.8066337731163766	-11.192707187461375	7	100.0	99.98347979462444	0.7625050020008003	0.6805418947124285	0.8571428571428571	0.9485600552927147	True
12	2036-04-01	GARW	tropics	0.010202274179182146	0.00010501773035721083	0.5164628340081727	0.019754130418261035	1.0	-4927.356382786404	2	22.0	21.85980664515076	0.08819731404958678	0.08051507748017361	0.09375	0.08226573626745876	True
13	2036-04-01	GARW	tropics	0.005165494035995131	3.3627270376049364e-05	0.16441889442966828	0.031416669318408044	0.5320334319944862	0.06966816387187325	14	755.0	755.0468502121662	0.8632895989548236	0.7805831317865234	0.9193548387096774	0.885679651176902	True
14	2036-04-01	GARW	tropics	0.003495476114612968	2.934795547119658e-05	0.22752621447601343	0.0153629599238178	0.7611380297771733	0.47487079837873636	34	1178.0	1177.9745266431	0.8463703173756082	0.8010610214798508	0.9705882352941176	0.9582149639535312	True
15	2036-04-01	GARW	tropics	0.005225062057896479	3.8712347638675426e-05	0.2646442870501468	0.019743717561930194	-0.7003825146502849	-2.4073532846558585	5	84.0	84.02254992446423	0.23699776925583374	0.21244164347166664	0.3333333333333333	0.2628909458558718	True
14	2036-10-01	GARW	tropics	0.011054386008353683	0.0001713050130711966	0.9084181288009929	0.012168830253249345	-0.028867959338187064	-2.4982925040510553	50	1701.0	1701.0444913455128	0.6531342044169216	0.6519050265635022	0.9705882352941176	0.9525876253939793	True
15	2036-10-01	GARW	tropics	0.017665545943534314	0.0003198996503721694	0.9105025165339972	0.0194019737702446	0.9392136140051599	-3.846044308205183	31	879.0	879.0554626890066	0.49842918446168233	0.4940144580012359	0.7209302325581395	0.6389724202882825	True
14	2037-04-01	GARW	tropics	0.0010963079179607182	2.163687767708187e-06	0.08460510072737107	0.012957941170632583	0.6874958185349749	0.19946714238518093	29	640.0	639.5741486144934	0.4227720835324517	0.40800061167226054	0.6164383561643836	0.6033142251910981	True
15	2037-04-01	GARW	tropics	0.003435554739325007	1.5928640804097895e-05	0.24813034707348644	0.01384576606547659	0.9637799600687237	0.6914261417550651	33	901.0	900.9978597894474	0.590108232759272	0.5812658163581986	0.7209302325581395	0.6362086614277336	True
14	2037-10-01	GARW	tropics	0.002929973599792963	8.723187978949746e-06	0.23751565658283535	0.012335917732526878	1.0	0.02414310792772756	2	22.0	21.982312429507708	0.536904761904762	0.39302317541280485	0.55	0.3983392612137329	True
15	2037-10-01	GARW	tropics	0.002912126790066066	1.3174819433148588e-05	0.1560895677371459	0.018656767600061994	-0.6368303332744389	-0.3862244930167271	6	88.0	88.03041296109872	0.6573166447079489	0.6535662892450085	0.7	0.6815097284466854	True
16	2039-04-01	GARW	tropics	0.0012760881146875998	2.8501289271752185e-06	0.0979629504068652	0.013026231951851994	0.8675236523444417	0.7490369612621366	35	838.0	837.5968787535354	0.9976190476190475	0.9965016377474694	1.0	1.0	True
16	2039-10-01	GARW	tropics	0.0010093865296738678	1.5471258397256464e-06	0.09358952244541768	0.010785251418101336	0.9772778318808784	0.9531676478227606	49	1332.0	1331.9529671893026	0.9915199413098573	0.9887428575767199	1.0	1.0	True
16	2040-04-01	GARW	tropics	0.0016973028960361749	7.751461671723873e-06	0.09043311517908818	0.018768599231320744	0.7243845841348158	0.27507205015193503	28	621.0	620.5027886579556	0.9394871837623938	0.9148448016444768	1.0	0.998778999435434	True
17	2040-04-01	GARW	tropics	0.002255136186505827	6.861015392707766e-06	0.08710593737898892	0.025889580599930438	0.20250962775454345	0.01966645646723153	15	589.0	589.0736518166757	0.8429961261200326	0.7870340018105129	0.9418604651162791	0.9867666258185529	True
16	2040-10-01	GARW	tropics	0.010572167407487051	0.00011412844469774879	0.7524389772398308	0.014050531308557268	-0.9930484512611903	-3.1404018214231195	3	43.0	42.381714271716326	0.6181657848324514	0.5329474122971011	0.8888888888888888	0.7937181452672861	True
17	2040-10-01	GARW	tropics	0.03249560894322037	0.00304061562735384	0.6775377402972051	0.04796132674316565	0.2994888157449022	-6.509727462166079	41	2466.0	2466.0273405347193	0.7291833776976773	0.7158723696326295	0.943089430894309	0.9164136023682404	True
18	2040-10-01	GARW	tropics	0.0483794710192897	0.00472066799744617	1.324343065654701	0.03653092032869359	0.7544747510344059	-39.92625974490509	21	628.0	627.937867487399	0.3901652643129271	0.3847669908665575	0.75	0.8057245451503703	True
17	2041-04-01	GARW	tropics	0.0031771355853671807	1.465101765614012e-05	0.1196983243846047	0.026542857652365064	0.9569252669780705	0.8567121795887381	24	1676.0	1676.01932600323	0.6410239216429879	0.6303419690407778	0.9285714285714286	0.9415842992400476	True
18	2041-04-01	GARW	tropics	0.007810419579206748	0.00017782649070275167	0.0811787054574262	0.09621266482628117	0.814589744479211	0.605668809808777	41	1072.0	1071.8889570308218	0.6638284449901118	0.6602800707953441	1.0	0.9997793440532093	True
18	2041-10-01	GARW	tropics	0.001667187619628827	3.906804467946289e-06	0.13215128891409272	0.012615749973597394	-0.28377516221029836	-1.4027089370212953	18	362.0	361.8733561848698	0.9588656131806287	0.9531078637354456	1.0	0.996348446849873	True
19	2042-04-01	GARW	tropics	0.0031812070419978524	1.5134943767286427e-05	0.14926453661165542	0.021312544253391304	0.22066031102564496	-1.929718129641996	11	218.0	218.03762360966272	0.9588634809309298	0.9560188813291536	1.0	0.9804209266484172	True
19	2042-10-01	GARW	tropics	0.001079657716111477	2.2800026519887794e-06	0.05285123308357901	0.02042824080195262	0.9892810750902973	0.9775190595422901	37	1882.0	1882.0257706669138	0.9794843366557571	0.9777452678370027	1.0	0.9993590019880032	True
19	2043-04-01	GARW	tropics	0.0011625860841607617	3.2521101163271957e-06	0.06622102062493808	0.017556148684953143	0.9853605009406643	0.9677897933433451	37	1892.0	1891.9895492345954	0.9890860345428709	0.9888925225743227	1.0	0.9970184359948071	True
19	2043-10-01	GARW	tropics	0.26606926273289866	0.07226722295059793	15.10955136728288	0.017609342346790364	-0.4133622753422317	-20178.290769376108	11	239.0	239.00876805359445	0.9908172635445364	0.9831710863774812	1.0	0.9989532618527791	False
20	2044-10-01	GARW	tropics	0.01948067937240051	0.0018974645724750745	0.09484574263985002	0.20539329262645875	0.6606921141671571	-0.2439136593182476	31	551.0	550.7030605118838	0.6845107584110426	0.6786654283397566	1.0	0.9772670093925753	True
21	2044-10-01	GARW	tropics	0.016000562913059863	0.0002581817436628896	0.5120875730400811	0.03124575513143237	-0.1068102011715641	-119.78112503804638	13	619.0	618.9922031989586	0.6281778653272956	0.608785057945824	0.9008264462809917	0.9677206001834346	True
20	2045-04-01	GARW	tropics	0.004036867617191375	1.929072761458471e-05	0.18388549463660642	0.02195315962887128	0.8479058286805481	0.5899631400570677	26	486.0	485.942780549297	0.49204986433767506	0.49311513125168904	1.0	0.9314663984223098	True
21	2045-04-01	GARW	tropics	0.004511389635982706	3.180063685330076e-05	0.15367888360954998	0.029355950082541833	0.9812531801875342	0.9219436954147908	39	3102.0	3101.9922258526076	0.8560677762317517	0.8381459605911246	1.0	0.9986841334337673	True
20	2045-10-01	GARW	tropics	0.015832058018929326	0.0002506540611147444	1.3637783658739602	0.011608966981070676			1	15.0	14.82374858548868	0.08379888268156424	0.07267446314153723	0.08379888268156424	0.07267446314153723	True
21	2045-10-01	GARW	tropics	0.003079879878718212	1.8879640216973138e-05	0.11619011506494546	0.02650724527638764	0.9258919883916511	0.7978963534379494	27	2105.0	2104.922700407365	0.9822275261982825	0.9682470783093419	1.0	0.9975370591079916	True
22	2046-10-01	GARW	tropics	0.0031015170121205787	1.9948530142587506e-05	0.2610105966917811	0.011882724500197435	0.797293525116852	0.3128203948474938	18	425.0	424.08037340929025	0.5691313015972311	0.5351619607055935	0.9285714285714286	0.5696977873845231	True
23	2046-10-01	GARW	tropics	0.0026188409396880924	1.0118400320694754e-05	0.18666539434921192	0.014029600659610151	0.6203843531044541	0.37608536787363234	19	370.0	369.80239195062666	0.4841218372319177	0.4647676603028274	0.6666666666666666	0.496039117011343	True
22	2047-04-01	GARW	tropics	0.0008846133094037178	1.2095712329473728e-06	0.06898893239693503	0.012822539480883728	0.9915272101515282	0.9803288962802754	38	815.0	814.3629321498543	0.5412301250943229	0.5174403915045019	0.9285714285714286	0.5432258536324723	True
23	2047-04-01	GARW	tropics	0.0010658294411736691	1.4648870453055147e-06	0.08573880649909191	0.012431120570647991	0.9894792963473777	0.9730813493002184	36	701.0	700.7562995044539	0.4817415607605594	0.46412776351650387	0.6666666666666666	0.5094682613898015	True
22	2047-10-01	GARW	tropics	0.0023468661328652327	1.0660463792980595e-05	0.19075037326618563	0.012303337040343618	0.9525255838801883	0.24668481441582046	18	334.0	333.8067725414047	0.5147921597696951	0.5117443122124704	0.6153846153846154	0.5314743753346731	True
23	2047-10-01	GARW	tropics	0.0018728545453486753	5.676136328127712e-06	0.145187977955725	0.012899515316067018	0.9314669597386098	0.536711622282745	15	282.0	281.91658647796305	0.4800335819302198	0.46146279335647367	0.6097560975609756	0.4778627662273828	True
24	2047-10-01	GARW	tropics	0.001738102507371625	5.383049021419632e-06	0.09905944690717619	0.017546055037035657	0.8184351000371581	0.573651929197749	17	416.0	415.9598233739976	0.8362616654248636	0.8115129733102652	0.9696969696969697	0.9161169154083217	True
24	2048-04-01	GARW	tropics	0.0012527951296740414	2.765832012437691e-06	0.07551335239823645	0.01659037891824942	0.9755075223574871	0.9489421610956602	42	1304.0	1304.0047383844949	0.8602789366725767	0.8583181747979993	1.0	0.9343226663490721	True
24	2048-10-01	GARW	tropics	0.027586536283534073	0.0023746005671510654	2.6410055669041537	0.010445466919583828	-0.35096820381990296	-92.90156493285753	34	991.0	991.0502172294176	0.7806497046828889	0.7751702346301023	1.0	0.9490313488127499	True
25	2048-10-01	GARW	tropics	0.057713116416688304	0.004836639441127501	4.248128420733814	0.013585539489580458	0.48020694475007986	-1236.1750615247963	22	562.0	561.6715409946087	0.7543948052146218	0.7314514246836061	0.9782608695652174	0.9839042211740744	True
24	2049-04-01	GARW	tropics	0.0026926884158597676	1.0179823219163388e-05	0.19697248957870184	0.01367037814071941	-0.31394705717523225	-6.0116581186739	8	125.0	124.92532750318796	0.5157913872619755	0.505051175328924	0.7666666666666667	0.6616371432553526	True
25	2049-04-01	GARW	tropics	0.0033390619626772113	1.4811259277842364e-05	0.16957273499197048	0.019691030889106793	0.9764657687189945	0.7746511525261806	48	1428.0	1427.941725868743	0.869680069292476	0.8640283367380164	1.0	0.9790336152258342	True
25	2049-10-01	GARW	tropics	0.0015117765503782441	4.663180240751242e-06	0.11832418431548163	0.012776564310365097	0.9190782090827708	0.6562746441719371	28	843.0	842.8095632867455	0.9712410376845512	0.9652147337277915	1.0	0.9763471722496043	True
26	2051-04-01	GARW	tropics	0.016190082107848294	0.0003516036681650396	0.7108448509473906	0.0227758308810575	-1.0	-0.7572651896123745	2	21.0	20.789227732486722	0.2229928541403951	0.19047957279658212	0.28205128205128205	0.2003134442946668	True
27	2051-04-01	GARW	tropics	0.0031311840649487607	1.2455998495704011e-05	0.1309760164105926	0.023906545264996533	0.9422182891732362	0.5990278435476744	13	359.0	359.29742373603676	0.7733080272265052	0.7840944103355356	0.8857142857142857	0.8397946562031238	True
26	2051-10-01	GARW	tropics	0.0011563754915762206	1.3389989537761688e-06	0.19063336589172217	0.006065965872065807	1.0	0.9629305025722452	2	21.0	20.992826424549158	0.1984969053934571	0.1793879879992828	0.28205128205128205	0.25838835867173315	True
27	2051-10-01	GARW	tropics	0.0008894119066490361	1.2408724491327281e-06	0.04793896439733664	0.018553006261821738	0.9944075206818392	0.9886259467275543	40	1710.0	1709.9204431705411	0.8798692739816438	0.8756812541491538	1.0	0.9681791245972025	True
26	2052-04-01	GARW	tropics	1.6039046928447917e-05	2.5725102637295457e-10	0.0038874070086837905	0.004125898546928448			1	10.0	10.636886222287616	0.11494252873563218	0.10546041715727604	0.11494252873563218	0.10546041715727604	True
27	2052-04-01	GARW	tropics	0.0009377048474820894	1.6866843542077578e-06	0.057102325996355445	0.01642148250741902	0.9831241881788424	0.9664873937807724	33	1371.0	1370.4580104781003	0.9544923662667474	0.9468389401368782	1.0	0.9853741143213322	True
27	2052-10-01	GARW	tropics	0.004575407817025638	2.8122401306637697e-05	0.2769223225131144	0.016522351017076126	0.0744669333744781	-17.085383402675873	7	99.0	98.80904347562087	0.9845238095238097	0.9629620908860435	1.0	0.9825910895507126	True
28	2053-04-01	GARW	tropics	0.008596977240339624	0.00017425907812008046	0.4957180025909522	0.01734247534970709	0.975648525224259	-0.3373909594481028	24	597.0	596.8619679966671	0.41391725935554735	0.41166698974066546	0.8461538461538461	0.7983664557024669	True
29	2053-04-01	GARW	tropics	0.010353863071756068	0.00025192141954156984	0.28820265750889856	0.035925633584542434	0.9582148043281338	-0.6951744142004712	18	1843.0	1842.9985921654095	0.6855451354999671	0.6792357963489869	0.9083333333333333	0.9040500356291987	True
28	2053-10-01	GARW	tropics	0.0038219135318267226	2.0575064090653597e-05	0.12623627820108102	0.030275873039751846	0.9475066795800757	0.890981830542712	26	639.0	638.9753259184558	0.3587945348102668	0.35694182886516124	0.8461538461538461	0.7978970548438113	True
29	2053-10-01	GARW	tropics	0.0022315600842332498	7.084934938110806e-06	0.05906221890577212	0.037783207701584685	0.9957614792940033	0.9881675592668558	38	3395.0	3394.934901477901	0.8270145506070807	0.8296671808051949	1.0	0.9900275057752482	True
28	2054-04-01	GARW	tropics	0.016615909622919284	0.00027608845259702167	0.7752548883915964	0.02143283437708072			1	14.0	13.92951250089055	0.07608695652173914	0.07395811294525079	0.07608695652173914	0.07395811294525079	True
29	2054-04-01	GARW	tropics	0.009465488402948178	0.00010613329240799287	0.34635287103511686	0.02732903115443922	0.3745989053095429	-4.828379228842487	18	1119.0	1118.9643873924354	0.9584139474575315	0.9589014741843478	1.0	0.9865263522979624	True
