variant	pivot_date	model	location	mae	mse	normalized_mae	max_r_data	correlation	r2	n_points	total_sequences	total_smoothed_sequences	mean_variant_frequency	mean_smoothed_variant_frequency	max_variant_frequency	max_smoothed_variant_frequency	converged
0	2025-04-01	FGA	north	0.3460970684654453	0.11983491038058905	10.326507278725783	0.03351540449484399	0.8324038510588175	-763.7788221966375	11	501.0	500.923728943083	0.9642935341569799	0.9628212197701326	1.0	0.9852592024457671	False
0	2025-10-01	FGA	north	0.022813095477789477	0.0007386798253948429	0.5828302305911096	0.039141922090507056	-0.30019197248466106	-0.34758886610505346	20	815.0	814.9586768305852	0.9282743404314759	0.9239613428604129	1.0	0.9703475421918228	False
0	2026-04-01	FGA	north	0.2896525868648051	0.08417243873223881	6.821145399432933	0.042463922098608976	-0.9872064645756029	-1127.6721186972059	7	185.0	185.07765224528364	0.8758421501278645	0.8903993495709857	0.972972972972973	0.9164029606471674	False
1	2026-04-01	FGA	north	0.16082068398312205	0.028496268877868592	2.7671231865698895	0.05811836811734951	-0.9589299546027086	-16.634472365080708	21	2371.0	2370.895257364512	0.6086715227889924	0.6047880868003424	1.0	0.8054805736459778	False
2	2026-04-01	FGA	north	0.11579926967242608	0.02123132167431054	1.7279097969943114	0.0670169645856851	-0.9438829717270105	-11.255228647042653	17	1957.0	1957.0104103471365	0.44876106869580307	0.4345248202910113	0.6455696202531646	0.6654164244326048	False
1	2026-10-01	FGA	north	0.23777185798266387	0.058188210101350536	4.367485122338248	0.05444136644370902	-0.10026680099727159	-37.258838977475484	22	2383.0	2385.3349923966466	0.5928623428993741	0.5844218883538699	1.0	0.8747075835800173	False
2	2026-10-01	FGA	north	0.1952312297331144	0.04055993967347543	2.3699355412832244	0.0823782868066549	0.5759552295728388	-13.811154264726895	21	2045.0	2045.0204038993159	0.5100195688073145	0.4870961556759517	0.8666666666666667	0.6483139521098467	False
3	2029-04-01	FGA	north	0.042327251976872066	0.0030400134758825745	0.2904236711992304	0.14574312004972764		-9.084324523001008e-05	13	442.0	441.9411943157038	0.32454527721542975	0.3484643892282651	0.68	0.6186298828492354	False
4	2029-04-01	FGA	north	0.13285596338255645	0.018330353785977156	2.0750583527928854	0.06402516980004032	-0.7360637197962493	-34.16266436786441	9	165.0	164.92636315363075	0.12096705016050185	0.11025642894388844	0.24	0.1170498814297665	False
5	2029-04-01	FGA	north	0.04360895891309175	0.0025624124438461083	0.3984512595701576	0.10944615650139079	-0.48581205680398176	-2.1413489009594575	12	1129.0	1128.9766991449087	0.5765004111569063	0.5588400673700019	0.7872340425531915	0.869810901594192	False
3	2029-10-01	FGA	north	0.2479962297821665	0.06210808164202436	3.0144135468889357	0.08227014174551936	0.8326070452405764	-49.41664000527421	17	515.0	514.8888657204417	0.2740942258445606	0.3080206454937848	0.68	0.5520754204768358	False
4	2029-10-01	FGA	north	0.18921595099191732	0.036182990933074186	2.9813338309331927	0.06346687815657681	0.7384716312116902	-49.16055348904588	13	223.0	222.87678922607012	0.1107895050330962	0.09853188662670304	0.24	0.10998996892358774	False
5	2029-10-01	FGA	north	0.20627846722801788	0.04310243537714501	1.8826778295699202	0.10956652486588224	0.9090216258806915	-22.508094913212258	23	1902.0	1901.989190166667	0.7051438988914904	0.6836988891249846	0.9230769230769231	0.9316034296038056	False
3	2030-04-01	FGA	north	0.2319140705081156	0.05384464109756567	5.73625692842159	0.0404295123809822	-0.9065449441388913	-4240.340265200351	3	53.0	52.79113940086192	0.11247348401726283	0.100233677868673	0.125	0.11111584942457424	False
4	2030-04-01	FGA	north	0.243328963397166	0.05927410759508699	7.941245829350568	0.030641157398481562	-0.8965007599465205	-5262.318690052492	3	38.0	37.870264416788785	0.08282244349352644	0.07801181061286427	0.08870967741935484	0.08111507334904984	False
5	2030-04-01	FGA	north	0.28424524356708597	0.0810256536632837	6.161639864865704	0.04613142763956089	-0.8241674333482629	-661.0700313319301	10	619.0	618.8878828278838	0.8506490307631713	0.8467282565997782	0.9230769230769231	0.8959505459838983	False
6	2030-04-01	FGA	north	0.16030477042543784	0.025766608041716325	5.148519195309182	0.031136092601439964	0.9755896452121117	-250.34621757848808	15	416.0	415.9251741495748	0.9873504273504274	0.9834803581192506	1.0	0.9992739738358357	False
6	2030-10-01	FGA	north	0.23526058442396514	0.0601115717281237	6.57224472972551	0.035796077915344275	0.9266590887016266	-118.52506713308303	24	632.0	631.5329344071629	0.9896430367018603	0.9876344138760768	1.0	0.9988526938402889	False
6	2031-04-01	FGA	north	0.13940796688036314	0.02727656783576668	2.524731793511213	0.05521694115733565	-0.13360051095862513	-23.73987790437704	21	2095.0	2094.787225030115	0.8875601887506758	0.8831837515721258	1.0	0.9988826314438805	False
7	2031-04-01	FGA	north	0.05632764610264009	0.0038973417872889297	0.5923994228607248	0.09508389766929756	-0.16244264013068832	-3.0274331321382792	11	330.0	329.94897818149656	0.16320748927698733	0.16834661967592826	0.22641509433962265	0.2334731320001463	False
6	2031-10-01	FGA	north	0.004462884335847131	3.2153448789575566e-05	0.08072289128905984	0.055286477783185815	0.9898443899929372	0.9791699523221229	22	2527.0	2526.962446056807	0.8433352405768282	0.8490286519422153	0.918918918918919	0.9580374699316824	True
7	2031-10-01	FGA	north	0.00984314702227779	0.00014935485748024307	0.11606897366501945	0.08480429103031081	0.9470254457825401	0.8898264029067074	16	421.0	420.8939545910085	0.15930560574548153	0.15757227737750726	0.22641509433962265	0.22007915737416933	True
6	2032-04-01	FGA	north	0.3673769324860052	0.13497507755031418	6.372221454105261	0.0576528821435302	0.8849854832183093	-3489.4018728306273	5	215.0	214.91937782204275	0.8554390455336641	0.8343861842597844	0.918918918918919	0.8876216614339366	False
7	2032-04-01	FGA	north	0.3893766372444999	0.1517043826621456	8.613888603431782	0.045203351839188145	-1.0	-1815.6514949431441	2	27.0	26.879266828352584	0.16609994086339444	0.10924752650843103	0.19736842105263158	0.1160565272630195	False
8	2033-04-01	FGA	north	0.01747373797655363	0.0004698316389401234	0.15257618948623566	0.1145246714798182	0.9881841929594917	0.8435608046466514	16	762.0	762.0392832144103	0.2140700095111715	0.2511758260496765	0.5428571428571428	0.5033152899379129	True
9	2033-04-01	FGA	north	0.017751229268116845	0.0003785064785495436	0.25568689014125556	0.06942565282995185	0.9898562252921581	0.8122854362841827	11	330.0	329.88881789830776	0.08752573853316085	0.11056641662989718	0.2222222222222222	0.14130445898916721	True
10	2033-04-01	FGA	north	0.011123983983279675	0.00015618569875822048	0.14941797353714012	0.07444876757423456	0.9941427874211461	0.9452528845561554	18	4760.0	4760.003123482	0.7473907123074799	0.7051331025299532	0.9146341463414634	0.9660988756616983	True
8	2033-10-01	FGA	north	0.20416990630416293	0.04319749672882986	2.620970595643057	0.07789858712782305	0.7028096200168763	-23.09103807349327	17	772.0	771.9904494619775	0.23415739457260581	0.25344222594061155	0.5555555555555556	0.5892565259818829	False
9	2033-10-01	FGA	north	0.07940000382630974	0.0071878369487712165	1.503505545564328	0.05280991750283676	0.7145010330584477	-5.918223878879414	11	330.0	329.7912779500128	0.08752573853316085	0.07976859567686208	0.2222222222222222	0.1215536053006	False
10	2033-10-01	FGA	north	0.26029373402779354	0.07034817164943359	3.2917983933692345	0.07907341304744264	0.857153789101683	-18.665704375364033	20	4808.0	4808.024472636559	0.7626026214688888	0.7405095574285607	0.9166666666666666	0.8741186902455617	False
11	2035-04-01	FGA	north	0.039697271252664826	0.00261881261519384	0.5648713562186519	0.07027665824375541	1.0	0.12483098982379426	2	21.0	20.89460894553592	0.05725762527233115	0.08411380972206722	0.07407407407407407	0.13050794299350416	True
12	2035-04-01	FGA	north	0.0032611676795561307	1.7519729832438184e-05	0.06188371120942817	0.052698321025376416	0.98492719396129	0.9654513153847327	16	2101.0	2100.956451152781	0.8942837982852408	0.865410373484996	1.0	0.9024562024981406	True
13	2035-04-01	FGA	north	0.01002490806787291	0.00017085278393236863	0.15778136167322238	0.06353670650045018	0.9964323690598046	0.6714889815920977	7	151.0	150.88795046762442	0.0858625443722817	0.08136657044557949	0.13114754098360656	0.11337717356289914	True
11	2035-10-01	FGA	north	0.20288461502629204	0.041645944996333804	4.83639887562112	0.04194952075788753	0.9662819383527197	-59.14758906502399	3	33.0	32.58483939378926	0.057129096153118085	0.06512842349317959	0.07407407407407407	0.07399364610171731	False
12	2035-10-01	FGA	north	0.17459812530647836	0.03175788538424825	3.187575137965131	0.054774591264360746	0.940734264838061	-17.95170186930742	24	2613.0	2612.946439284378	0.8357208418244774	0.8299240410706522	1.0	0.922035718067796	False
13	2035-10-01	FGA	north	0.1397733689903339	0.020507833572684174	2.073671064164345	0.06740382860415726	0.8179339410813389	-18.000315298596224	14	280.0	279.98126603912897	0.1554134984624293	0.15238610584716825	0.29411764705882354	0.3007222798203018	False
12	2036-04-01	FGA	north	0.2551513945629439	0.06524195792769018	4.522270097200973	0.05642108699364685	-0.9944407509505631	-2026.5566386770977	6	252.0	251.79461640256042	0.6908014815925566	0.7019751272631498	0.7909090909090909	0.758234204528711	False
13	2036-04-01	FGA	north	0.05880138122790297	0.006548357616868903	1.6908088503022407	0.03477707206074295	0.9428357439858663	-16.316221419035	11	160.0	159.852188363283	0.6577214254182722	0.6524527283386896	1.0	1.0	False
13	2037-04-01	FGA	north	0.012137018273060273	0.0002188086372586737	0.27754621443484195	0.04372972010363923	0.8496392242170634	0.6256142495248203	16	710.0	710.347376854659	0.5425606587342601	0.5301515615388057	1.0	1.0	True
14	2037-04-01	FGA	north	0.010042928992626153	0.00018949656685503957	0.165470055354833	0.0606933319209337	0.9757310345495682	0.5261781548972007	11	1194.0	1193.946674504492	0.579317860098842	0.5772018429722751	0.7698744769874477	0.7994252237709605	True
13	2037-10-01	FGA	north	0.21276497872033065	0.045839308846699234	3.8451757470247445	0.05533296595999815	0.9684028354423838	-35.435217217718105	21	861.0	861.0254788887515	0.41743913527935433	0.4174464730222158	0.8947368421052632	0.8037940651483437	False
14	2037-10-01	FGA	north	0.1887305079934766	0.036968029812628214	2.824461748030656	0.06681999079118991	0.8923499332920725	-21.701363770400196	21	1985.0	1984.9442086856677	0.7112540088992425	0.7002614954410865	0.9642857142857143	0.8958187976123112	False
13	2038-04-01	FGA	north	0.12184179399360778	0.015000907782996942	2.2993684453645336	0.05298924330254146	-0.9936379548256824	-369.88712516555296	4	72.0	72.06536327041005	0.16885015297746556	0.16925784249281497	0.19708029197080293	0.19064547333989929	False
14	2038-04-01	FGA	north	0.25483581963692975	0.06522701957918633	5.321268324183746	0.04789005254231756	-0.9871628500646128	-1099.4355759689552	8	444.0	444.06476715702166	0.8717110518756566	0.8351793196370676	0.9642857142857143	0.8664003277746698	False
15	2039-04-01	FGA	north	0.03268895913856267	0.0013943515728504904	0.8595094330869847	0.038032112133031655	-0.05957838671498028	-9.702357318797912	8	150.0	149.98469567501866	0.041133190914138945	0.028148620370639064	0.0673758865248227	0.05063633976509501	True
16	2039-04-01	FGA	north	0.004879542682584939	2.8995094197549855e-05	0.06111261082740432	0.07984510261500459	0.9971462421552144	0.9918258390018415	20	5404.0	5403.981003565497	0.9377366304048097	0.9308948508040631	1.0	1.0	True
15	2039-10-01	FGA	north	0.2971166480572708	0.09053922429541646	3.0916542160840272	0.09610280687650986	-0.6583257689092621	-40.80709750354687	5	103.0	103.07059665325912	0.05159158737617255	0.0579640555844369	0.0673758865248227	0.11245595040239627	False
16	2039-10-01	FGA	north	0.11844456670754697	0.017333550835324504	1.470348557482332	0.08055543435929151	0.6887655324636692	-3.346908900581024	22	5431.0	5430.977817382185	0.9433969367316452	0.9309833311589008	1.0	1.0	False
17	2045-04-01	FGA	north	0.03194581290506857	0.0010782385472455902	0.9221552297117508	0.03464255461095662	0.9999605944031337	-6.008349940150436	3	38.0	37.997750406875696	0.03449552204777123	0.06222427959598811	0.03713527851458886	0.06438565245253858	True
18	2045-04-01	FGA	north	0.00999963209356126	0.00014465021559478865	0.18767729173859915	0.053280991008166065	0.9883949417269267	0.8939691765828894	22	3718.0	3718.0092399169366	0.9434080746431625	0.9582687858121898	1.0	0.9850424237549787	True
17	2045-10-01	FGA	north	0.24738197720838553	0.06130467359345618	14.243958711141257	0.017367501705469683	-0.7995392303811542	-595.894338272088	3	38.0	37.90581903289193	0.03449552204777123	0.038097419511421614	0.03713527851458886	0.04274461594002012	False
18	2045-10-01	FGA	north	0.055899005324465074	0.005024045156900545	0.8416777031777878	0.06641378892825145	-0.29759035961709573	-1.8280395003348038	25	3787.0	3787.0622213256856	0.9501991056859829	0.9550772223417122	1.0	0.9907400850323895	False
20	2048-04-01	FGA	north	0.08221163540460845	0.00807591610093398	2.1513118053483655	0.03821465358960171	-0.9715771570032443	-24.095945171845692	17	1319.0	1318.9642886566753	0.8457475494421565	0.8379524365756182	1.0	0.9424498070420619	False
21	2048-04-01	FGA	north	0.1929515033063284	0.0376733919061976	3.6137139781279486	0.05339423774935424	-0.9413485436953026	-213.48007169574154	8	331.0	330.9952505425375	0.2512779848491107	0.2495909675719224	0.4375	0.39576152210830806	False
20	2048-10-01	FGA	north	0.16030973246256436	0.025825552150543364	2.782364873557189	0.05761635865450389	0.9847106988205251	-26.042245814642452	25	1626.0	1625.8564019581445	0.6909057285378699	0.6725265113406971	1.0	0.9644411326663593	False
21	2048-10-01	FGA	north	0.3102250625410517	0.09653176967818557	5.035957479916702	0.06160200195855963	0.8697367383009911	-113.61407253382697	23	952.0	951.9921430583389	0.5933078779805975	0.595764661445828	1.0	0.9900462822188437	False
20	2049-04-01	FGA	north	0.2594222581829639	0.06735596580913117	4.616060504484475	0.05619992587422473	0.16940339188915687	-1167.2783350206125	6	158.0	157.9002429615669	0.31324325416177706	0.28640054845503554	0.37623762376237624	0.39751854397831327	False
21	2049-04-01	FGA	north	0.17971394703829519	0.0430988671812462	5.440712122366944	0.03303132806815588	-0.4886895549201482	-102.39148635565621	27	908.0	907.9452383052809	0.7963249053935598	0.7821613760030346	1.0	0.9557739309855099	False
22	2049-04-01	FGA	north	0.18241998981212615	0.03352264430011642	6.886422901188504	0.026489803549625584	-0.9837309052379906	-388.21399119422455	7	107.0	106.99983648849721	0.26248555390680844	0.24400065696661324	0.328125	0.286672319442897	False
21	2049-10-01	FGA	north	0.20460731476188695	0.041873712687294375	5.759422119032545	0.035525667425164595	0.9940200828814212	-109.79630119412634	19	551.0	550.5637427853918	0.6922344282617274	0.6939122437351697	0.8888888888888888	0.8732192450375771	False
22	2049-10-01	FGA	north	0.17123692126439297	0.029930652951983404	6.596294168407345	0.025959564096538403	0.9938337170920379	-153.43122918001265	11	170.0	169.8157292429353	0.29735880984219193	0.2515561929163384	0.47368421052631576	0.30426823789272933	False
21	2050-04-01	FGA	north	0.25210336744339296	0.06357768303115428	6.825524908567418	0.0369353816476374	0.22293407047922414	-2860.2256952650728	4	57.0	56.82692956050401	0.4559109311740891	0.48873814218838046	0.52	0.5424314758872877	False
22	2050-04-01	FGA	north	0.10774082889651974	0.01829183551782307	2.298983187525479	0.04686455711426366	0.29964063776926875	-29.2635317592707	13	277.0	276.71489226056286	0.14876377770024785	0.1261608854396348	0.47368421052631576	0.34104411735705753	False
23	2050-04-01	FGA	north	0.12198742904625154	0.01710418281215549	2.592027836394188	0.04706254590843833	0.9381156118059181	-15.985076941116766	18	1922.0	1921.9686512581904	0.6648616804570666	0.680263592749949	0.8666666666666667	0.8248106539954997	False
24	2050-04-01	FGA	north	0.2083442521921418	0.04455383932192484	3.467812019596772	0.06007945385008716	-0.47300938917630475	-44.67243885839422	15	861.0	861.0050472520992	0.27106032309021194	0.26180581821340637	0.4	0.3750025739628289	False
22	2050-10-01	FGA	north	0.21658214173128978	0.04727885142114718	4.468304735475934	0.04847076342214177	0.9903745206305322	-54.25804426189436	12	254.0	253.65706107404895	0.09485761392475485	0.09560012184614726	0.12315270935960591	0.0976997888180377	False
23	2050-10-01	FGA	north	0.23636201484301395	0.05649753035780581	4.208168375279608	0.05616743289824022	0.9630365636056045	-40.16173349877389	22	2076.0	2075.956307538641	0.6431838661710003	0.6303281067461239	0.8666666666666667	0.8110017525428698	False
24	2050-10-01	FGA	north	0.2182136533912753	0.04822799575880772	3.685268166321181	0.05921242187623678	0.9752513388813662	-31.312066598593084	20	993.0	992.9279555490516	0.3142351920076087	0.3061347522266587	0.6428571428571429	0.44446900885761265	False
23	2051-04-01	FGA	north	0.29813529877975414	0.08889574696747835	4.832637846298273	0.061692042371459976	1.0	-7058.669433979355	2	49.0	48.85894702201889	0.5606060606060606	0.48494707358044	0.5757575757575758	0.5029535405859499	False
24	2051-04-01	FGA	north	0.30293665526808705	0.0917762814739053	6.837423832590194	0.04430567165138376	-0.80360611916681	-20266.761510760334	3	53.0	52.71353569761061	0.47489177489177486	0.4423259968883853	0.6428571428571429	0.47411248960521174	False
25	2052-04-01	FGA	north	0.062339533715502805	0.006328784834302326	1.3132113335831024	0.04747105977634928	0.851962563144415	-5.838479412377276	10	277.0	276.7657378150242	0.06876269992623434	0.06181514301750056	0.1511627906976744	0.0964558225232406	False
26	2052-04-01	FGA	north	0.13377245155041378	0.01900063535594882	2.109260800512057	0.06342148468218742	0.9334835573919342	-11.878023940481732	16	1022.0	1021.977023673835	0.20676737501120088	0.207656610841428	0.32222222222222224	0.34356958576478625	False
27	2052-04-01	FGA	north	0.15545973451937847	0.02668400957385388	2.2007085005393945	0.07064076613566732	0.07763333209647869	-9.543848892388416	19	3929.0	3929.0220278094985	0.7212805464700236	0.7162650858463201	0.7866666666666666	0.7712607349956062	False
25	2052-10-01	FGA	north	0.10884377148003059	0.012947193639269166	1.9620264741517268	0.05547517982757531	0.9432193661119737	-8.15442317002175	10	277.0	276.83587456808715	0.06876269992623434	0.08159778011882333	0.1511627906976744	0.11973547308430221	False
26	2052-10-01	FGA	north	0.18441395001762803	0.034944929973929416	3.3121131553094636	0.05567863818964166	0.9177236013234594	-20.078240157690487	19	1069.0	1068.8431566442105	0.24055760852758304	0.23187642271588618	0.4583333333333333	0.43948198650827075	False
27	2052-10-01	FGA	north	0.25853471142625667	0.06881377922589332	3.7054574340988014	0.06977133485521593	0.8522209438552455	-22.99662633736366	22	3993.0	3993.005487579116	0.6993844666150013	0.6795814602111399	0.7866666666666666	0.7352502796396804	False
29	2054-10-01	FGA	north	0.0015028648764746594	4.349443111932042e-06	0.03203502347952061	0.04691318167553123	0.9941848801357182	0.9875063703570923	28	850.0	849.7808859188788	0.9669392024231518	0.9187415199044116	1.0	1.0	True
0	2025-10-01	FGA	south	0.22621584909513923	0.06069456742942832	2.0011848310102986	0.11304095733172938	0.7104997517629876	-54.772158481232985	28	1054.0	1053.6086568842554	0.6781641330234238	0.6761599090148392	1.0	0.9998993938724097	False
1	2025-10-01	FGA	south	0.13997793097033878	0.02056100508060673	2.7596893628666392	0.05072235044053513	-0.9643978957661434	-45.359471146110984	13	1463.0	1462.8024568087305	0.6061229353073955	0.5842406169222729	0.8373493975903614	0.912048386056857	False
0	2026-04-01	FGA	south	0.05867965586427406	0.00420609283236959	1.0809916455041482	0.05428317240778239	-0.08990925746907308	-5.749374935440367	24	990.0	990.0379899177656	0.5506341774486264	0.5647536155632459	1.0	0.9960392697036878	False
1	2026-04-01	FGA	south	0.22889884616864287	0.05343535903994383	4.148271256426323	0.05517933423809802	0.899010598126324	-40.679041596391436	22	1885.0	1884.8545492108537	0.7213726078799422	0.6959839010325778	1.0	0.9745524377211157	False
1	2026-10-01	FGA	south	0.09240758771011802	0.008608525361211374	1.7640019037114882	0.052385197269737054	-0.8797609983519143	-214.19294908833967	7	225.0	225.0002872803925	0.8895753814346251	0.8806805795903747	1.0	0.9107936933501172	False
2	2026-10-01	FGA	south	0.07926525510221136	0.01196522066481099	3.705902231408383	0.021388922360233868	0.8662232550463477	-183.46094704722225	12	193.0	193.02975433886496	0.8995722439950017	0.8905347376789678	1.0	0.9466413889251228	False
2	2027-04-01	FGA	south	0.0023383638945351183	8.063854062446545e-06	0.09738304612256289	0.024012022499194936	0.995663176306578	0.964851375100251	16	251.0	251.0063158428266	0.8348534166573269	0.8300908259999791	1.0	0.9504488535952931	True
3	2027-04-01	FGA	south	0.002018819779246247	4.075633301075866e-06	0.2638888077371276	0.007650266779246248			1	11.0	10.895552308964664	0.4230769230769231	0.36035234421712464	0.4230769230769231	0.36035234421712464	True
2	2027-10-01	FGA	south	0.13712867711741358	0.03526203066475749	6.463150794174108	0.021217001039341606	-0.818094170943415	-288.60391645028704	4	50.0	49.99994825702694	0.35438189089806665	0.32944901196953225	0.631578947368421	0.6024326904504579	False
3	2027-10-01	FGA	south	0.13191427072591244	0.017892317751737167	3.1826842145680434	0.04144748955051953	-0.14200061039637518	-80.88951969799376	14	837.0	836.919899361329	0.8909633803442312	0.8964856618945028	1.0	0.9591480665019402	False
2	2028-04-01	FGA	south	0.2510120686118986	0.06314501453048163	9.917181317769254	0.025310827801660146	0.7569797149694228	-418.298254638174	4	44.0	43.478228505767134	0.10430600726316412	0.07340263621359204	0.1111111111111111	0.07967518832181496	False
3	2028-04-01	FGA	south	0.11411217697114356	0.013729227601739865	2.5641385137862174	0.044503125068171556	0.820378273349477	-14.282197187931716	24	1385.0	1384.8779241514844	0.9312820438649796	0.9297132534822913	1.0	0.9533006551341245	False
3	2028-10-01	FGA	south	0.20026601219151793	0.046379584962720745	4.446457267204356	0.04503945504404504	-0.8516101577048238	-56.892042342554106	12	414.0	413.9795312684149	0.8944080224277484	0.8757654695333117	1.0	0.950153207306693	False
4	2029-10-01	FGA	south	0.14641993998548908	0.021597375979041124	4.6114585995858395	0.03175132917785258	0.9844082754286776	-71.7913513717071	9	155.0	155.14759277115812	0.06633066355322416	0.06601584003495442	0.11224489795918367	0.11465117033975082	False
5	2029-10-01	FGA	south	0.17735827034009546	0.03211628705029879	2.600311919716478	0.06820653668327356	0.9341023467564962	-15.478053498754061	22	3145.0	3144.9903218307372	0.7184890390594147	0.7087393764237864	0.8707482993197279	0.789459476329017	False
6	2029-10-01	FGA	south	0.0562823609829786	0.004540689600420536	0.8200831626740067	0.06863006527223574	-0.30675389346551096	-2.434749511300132	14	816.0	815.9584914768045	0.2660679007328889	0.26031816042927425	0.48717948717948717	0.4785443636228971	False
4	2030-04-01	FGA	south	0.03671994767229912	0.0016889322000695252	1.4074414783278995	0.026089857544857913	0.9775242204984704	-7.39822594241398	9	155.0	155.0229737785416	0.06633066355322416	0.05271990321603961	0.11224489795918367	0.10103527500761238	True
5	2030-04-01	FGA	south	0.030510775510393707	0.0014137705612661262	0.4189998864191311	0.07281809971631681	0.8877414579285043	0.3251311369076867	23	3158.0	3157.8646773550768	0.7155112547524837	0.6952258611825447	0.8707482993197279	0.8002359820406547	True
6	2030-04-01	FGA	south	0.04032407869707325	0.002073740618030321	0.5235687984469898	0.07701772683300183	0.9016430009165188	-0.2677505648845153	15	834.0	833.9241316772337	0.2944838868378758	0.29245257498638194	0.6923076923076923	0.5282975590783309	True
6	2031-10-01	FGA	south	0.13343582461138365	0.018222375576177098	3.783639579479813	0.035266526266153723	-0.8794856754524845	-68.67621631032743	18	900.0	899.9881336191821	0.8241759158864282	0.8158806353101867	0.9473684210526315	0.855258626925621	False
7	2031-10-01	FGA	south	0.043058764806590356	0.0020488494727936035	1.5706719709684558	0.027414231362415466	-0.9598577701748967	-26.28692200430257	8	141.0	140.66504611749323	0.1789320730817381	0.17102998669311725	0.23958333333333334	0.21380902785080444	False
8	2031-10-01	FGA	south	0.20431067156619112	0.04174285051582802	9.635269497872835	0.021204458433808884			1	13.0	12.818194661891816	0.125	0.07804025750161596	0.125	0.07804025750161596	False
6	2032-04-01	FGA	south	0.002027280439388159	7.715896292752362e-06	0.04418518675638532	0.045881450056227076	0.9967914643445688	0.9892129702166977	25	1141.0	1140.8465738001821	0.7760280130576092	0.7617952239445708	0.9473684210526315	0.8514557749545144	True
7	2032-04-01	FGA	south	0.003462446363770317	1.619714594562694e-05	0.12196652049991139	0.02838849833198966	0.989194858735013	0.9417135405979883	12	197.0	196.72972018161082	0.19153552346863348	0.18430219572291218	0.25333333333333335	0.21879309043710307	True
8	2032-04-01	FGA	south	0.015255939135646625	0.00024594351655805185	0.4983901114779972	0.03061043705382614	1.0	0.7037772473038151	2	24.0	23.56453975898595	0.19040697674418605	0.11495644937987287	0.2558139534883721	0.15195366960092063	True
6	2032-10-01	FGA	south	0.07436466499408986	0.00564385549145274	1.7188395860368029	0.043264459114276885	-0.7508723244205091	-1426.5575349427052	4	84.0	84.37492491651446	0.6046352083728784	0.5891303054215855	0.6842105263157895	0.6534622876460302	False
7	2032-10-01	FGA	south	0.1690737961343317	0.02858594853927356	5.635354372983658	0.030002336134331693			1	11.0	10.91181469987557	0.25	0.19884225434898106	0.25	0.19884225434898106	False
8	2032-10-01	FGA	south	0.1746161712219023	0.031201098299695182	3.772825725477521	0.04628259663380062	0.0063456821669119826	-95.3169633173249	16	1071.0	1070.9258094960996	0.628952791960941	0.6213942090827805	0.9166666666666666	0.7540634632197194	False
9	2032-10-01	FGA	south	0.032621242870508146	0.0013330800667523258	0.6657533693442784	0.04899899027568999		-3.568110912143239	13	642.0	641.9448838154408	0.3632902062977496	0.34199445190241373	0.42567567567567566	0.4305751131397522	False
8	2033-04-01	FGA	south	0.18501929688727983	0.03455006654800852	3.889179342330039	0.047572837506751044	0.922417396039635	-28.291401352376973	24	1473.0	1472.8998656691736	0.6080755944230328	0.5781224922958602	0.9166666666666666	0.7331643920893157	False
9	2033-04-01	FGA	south	0.18062845821590007	0.032719615810629314	3.613134248900426	0.049992180133043816	0.9573285063197902	-29.317112450156557	20	904.0	903.9252788447193	0.36066187228218116	0.3248599821714154	0.4824561403508772	0.35492929961780484	False
10	2033-04-01	FGA	south	0.19608546575796393	0.038681434071869816	10.330270887027872	0.01898163832317274	1.0	-742.2273580766719	2	28.0	27.876745326872587	0.18223443223443223	0.2661385877105705	0.1978021978021978	0.3175350792184654	False
8	2033-10-01	FGA	south	0.26288279059797015	0.06913413404484216	5.071633217948977	0.051833951569605574	-0.779055036712146	-3270.6572625957942	6	178.0	178.00645708945908	0.5240289882531262	0.4352495045784661	0.5714285714285714	0.5343621586022667	False
9	2033-10-01	FGA	south	0.28075655401467076	0.07884147338846373	5.710489915363687	0.049165055568930124	-0.5413074920832774	-5273.301982499023	4	91.0	91.00846737964265	0.312769701562805	0.3166010276670711	0.35064935064935066	0.3580671609494481	False
10	2033-10-01	FGA	south	0.1809929883290519	0.03375480538884333	0.7326618114989106	0.2470348331091104	0.8800419939926478	-6.663034786842923	23	1452.0	1452.1114516829573	0.4691344397515088	0.48171047238079207	1.0	0.8268251897555686	False
11	2033-10-01	FGA	south	0.174016624599578	0.032176684021004966	2.8309059985921996	0.061470294204793774	-0.12893677719585847	-16.56900654838448	18	3702.0	3701.9932235157194	0.6828022333325151	0.6563450183273021	0.9649122807017544	0.9862145601862536	False
10	2034-04-01	FGA	south	0.18737683394245847	0.036376062082206985	2.189882580314379	0.08556478581402237	0.7237024747254115	-22.226803864821544	21	1430.0	1430.058714263515	0.4650610757369132	0.4624197096328658	1.0	0.871708437251483	False
11	2034-04-01	FGA	south	0.1942124302573397	0.039324726122157684	2.9223059210132263	0.06645862394516248	0.9110227051105649	-14.714966573431216	21	3779.0	3778.964451558633	0.7178494964186415	0.7158112935571466	0.9649122807017544	0.9631751564901566	False
12	2035-10-01	FGA	south	0.08687588006056364	0.007789144633184036	3.440179222121472	0.02525330061350393	-0.9624404666205687	-80.75680522809594	11	210.0	209.8509415699001	0.18604361219443752	0.17288870412064727	0.4	0.3622199931228064	False
13	2035-10-01	FGA	south	0.19343347128048052	0.0415709342223364	3.9399239411939746	0.04909573742224614	-0.8245714220856495	-100.14950245693257	15	1366.0	1365.9660382749198	0.8104751456838387	0.7975687695127622	0.9333333333333333	0.8992585816969296	False
12	2036-04-01	FGA	south	0.1422433718082314	0.020267384209917676	5.244267084668792	0.02712359410985548	0.9948515823612069	-91.17085635727875	11	210.0	209.26122541176494	0.18604361219443752	0.1798060650276492	0.4	0.3235926072601963	False
13	2036-04-01	FGA	south	0.24365530452034062	0.05965755023837535	4.992763146235483	0.048801695050175856	0.9899381543897194	-49.46273315103192	23	1870.0	1870.1987438522308	0.8554105637826119	0.8418660646352949	0.9743589743589743	0.9333910448896835	False
13	2036-10-01	FGA	south	0.25823902147893074	0.06683528853198087	5.600239603225104	0.04611213801106194	-0.9864626759646897	-2062.1925414584903	6	287.0	287.2550451472012	0.9376917681478636	0.9358153693780741	0.9743589743589743	0.9402339360144639	False
13	2037-10-01	FGA	south	0.05803365860163315	0.003367905530690909	1.6014626903445999	0.03623790860163315			1	11.0	10.704886580749896	0.03151862464183381	0.030252388631154228	0.03151862464183381	0.030252388631154228	True
14	2037-10-01	FGA	south	0.011504209850064376	0.00015490619332547795	0.19746918585503037	0.05825825330798727	0.9907074742706622	0.8887385282453589	21	3416.0	3415.98519031935	0.9509825903917202	0.9435185391308467	0.9921259842519685	0.9994598061446772	True
13	2038-04-01	FGA	south	0.2692305437159461	0.07248508566958398	5.620355128410328	0.04790276371594615			1	11.0	10.910334366450657	0.03151862464183381	0.013286477095747738	0.03151862464183381	0.013286477095747738	False
14	2038-04-01	FGA	south	0.16652679519868585	0.02926715192901991	2.691567433684283	0.061869820950664386	0.4819645490258859	-14.743812291830967	25	3514.0	3514.0451418106672	0.9588253759290452	0.9472087039070517	1.0	0.9997863756790439	False
16	2039-10-01	FGA	south	0.0023514104418293014	7.066487001393024e-06	0.04033932006455505	0.05829078026269003	0.9974068488622804	0.9941284155786022	29	4107.0	4107.177250427375	0.9980095343362435	0.9860276666137981	1.0	1.0	True
16	2040-04-01	FGA	south	0.2936614285210639	0.08753576878277115	5.021011833578446	0.058486503966626406	0.4225194037814267	-56.61271631758723	24	4039.0	4038.9618882828604	0.9975948539896278	0.9978937163115335	1.0	0.9989542276617472	False
17	2044-10-01	FGA	south	0.014017173924477197	0.0003869900609624892	0.2970994677174735	0.04718007080984345	0.9922854341559427	0.380367510447167	14	738.0	738.0752903855717	0.4510662606929302	0.4522776141194305	0.8275862068965517	0.6532707480152905	True
18	2044-10-01	FGA	south	0.015639220917449265	0.00034706335995461835	0.24507241059717008	0.06381469411159355	0.9927380161746859	0.2002471534415885	12	1275.0	1275.0214976817851	0.5966431150604116	0.579008219060608	0.8	0.7778855823302033	True
17	2045-04-01	FGA	south	0.0022095557834033237	6.320757608613154e-06	0.041371189471021357	0.05340807967223223	0.9994470462364748	0.994832474345803	19	887.0	887.050675836317	0.38318928472415614	0.3997473198877249	0.8275862068965517	0.6178089110187933	True
18	2045-04-01	FGA	south	0.0022288052748667374	7.410180407524245e-06	0.03589094247011116	0.06209937999602033	0.999364100477633	0.995417835491965	22	2004.0	2004.0504251219838	0.7018459894393149	0.6732808651038297	0.88	0.880671780581507	True
17	2045-10-01	FGA	south	0.1192488452689536	0.014244687170631532	2.440268624157303	0.04886709769918619	-1.0	-2643.312338076226	2	31.0	31.046134385311603	0.15866807610993658	0.18553310811910073	0.16279069767441862	0.1915515656059769	False
18	2045-10-01	FGA	south	0.2656815078184308	0.0707971818190196	5.154411755732694	0.05154448662797303	-0.9948311350505896	-1853.1835614223414	7	303.0	303.1933467060349	0.8470324278254366	0.8366598021871193	0.88	0.8610108491150165	False
19	2047-04-01	FGA	south	0.14124189026779513	0.020009857078677435	3.9773236366248006	0.0355117921426315	0.9861901475631818	-42.82306821842545	19	518.0	517.7656349689946	0.9977116704805491	0.985820782012789	1.0	1.0	False
19	2047-10-01	FGA	south	0.1593827151848325	0.031241767191276196	3.454614997973408	0.04613617299708699	0.1158844669573412	-49.89527334397358	19	423.0	422.7307986935535	0.5433276222228647	0.5359964941288995	1.0	1.0	False
20	2047-10-01	FGA	south	0.057868193287989825	0.0038084789001600326	1.1522254568697143	0.050222977580448615	-0.8569204712444094	-12.281002843819682	14	1116.0	1115.9503603846515	0.7863652344734181	0.7889447835273479	0.9416058394160584	0.943414748877373	False
19	2048-04-01	FGA	south	0.0015504731614936105	5.641099036874987e-06	0.04183872338520897	0.03705832864971548	0.9976671755974094	0.9874407093478452	12	237.0	236.52652859372597	0.20932203111888126	0.2197344293266302	0.4074074074074074	0.3273385595949131	True
20	2048-04-01	FGA	south	0.0010680150076538236	1.5929869875203052e-06	0.02221897611075364	0.04806769683401032	0.9994337197087004	0.9986867824806599	24	1648.0	1647.9724371570546	0.8365709748251376	0.8317702930015908	0.9642857142857143	0.9737703497737684	True
20	2048-10-01	FGA	south	0.10299906045689547	0.01068415318993278	2.195133388617264	0.04692154972950213	-0.8623748771671409	-212.8464504529366	8	336.0	336.1293070121138	0.9119230070699071	0.9288312363303453	0.9642857142857143	0.9493180757287544	False
21	2048-10-01	FGA	south	0.09566797184753228	0.013952538202467293	2.011286571014913	0.04756555988899055	0.8808150746376935	-25.17549566269941	17	1896.0	1895.9020381100527	0.9755154432283452	0.9607288386287988	1.0	0.9983237274190874	False
21	2049-04-01	FGA	south	0.24914127066233185	0.06251809609337554	4.54699493046634	0.05479251120184995	0.9781440313964379	-41.85614524626356	25	2344.0	2344.0372147365183	0.9760439015623591	0.9670876296918469	1.0	1.0	False
21	2049-10-01	FGA	south	0.3139136535160006	0.09858306577571103	5.886436744706408	0.053328298108070014	0.1712701987323619	-2327.675923256387	6	247.0	246.99010225867625	0.9723336118072959	0.9716056053129787	1.0	0.9973232318593493	False
23	2049-10-01	FGA	south	0.1803572719785484	0.03285457916187652	4.364967566213724	0.04131926967214434	-1.0	-242.733310190921	2	22.0	21.93790770753928	0.6491228070175439	0.6318383637158932	0.6666666666666666	0.669172589687117	False
23	2050-04-01	FGA	south	0.019992456193911823	0.0006417056424631681	0.5797350000191634	0.03448550836718667	0.9964681656360903	-1.044891926060692	4	45.0	44.84400446145735	0.5503306342780027	0.5420990884795812	0.6666666666666666	0.6504407938424569	True
24	2050-04-01	FGA	south	0.010329844241760502	0.0001123480475641544	2.74018680507443	0.003769759135629412	1.0	-15.724209002781627	2	27.0	27.129233092562576	0.53	0.44842733515521027	0.56	0.45499994631543766	True
22	2050-10-01	FGA	south	0.12501167576558903	0.016944163986371146	3.3830898147082724	0.03695192342281014	0.8501289501526397	-26.4389271237707	15	442.0	442.00423702077535	0.18574748388871845	0.1918196879628524	0.24193548387096775	0.20830915676065892	False
23	2050-10-01	FGA	south	0.030198315316026972	0.0024214199697844747	0.846347482239438	0.03568075282285018	0.14339819079177418	-6.679066664313996	18	326.0	325.8011316319695	0.18282127931131137	0.16831516384280631	0.48	0.4253913779248044	False
24	2050-10-01	FGA	south	0.13099297894635983	0.023975032215670537	3.2167199894541265	0.04072253083134823	0.6806156528889404	-44.196739929485894	21	1809.0	1809.0408623443439	0.6521092093389077	0.6349990135022159	0.768361581920904	0.7444634572752951	False
22	2051-04-01	FGA	south	0.19785294281314283	0.03939199390537551	4.984911701185351	0.03969036056668683	0.9843435488453216	-56.168544445242105	18	492.0	491.9251028871813	0.18966387188849126	0.18527678444657109	0.24193548387096775	0.1942260309676502	False
23	2051-04-01	FGA	south	0.2625076254505605	0.06922611618227564	6.155246426602861	0.04264778487438089	0.9403417441082825	-103.96244490242944	16	303.0	302.8375871004985	0.14923163153291757	0.13627554364505795	0.35714285714285715	0.20347628483241484	False
24	2051-04-01	FGA	south	0.029652332678421094	0.0013370608182005906	0.5783052625136182	0.051274533711722574	0.9618116308485934	-0.2484943720363404	25	2015.0	2014.7884398443045	0.6837456900027722	0.675400185713673	0.8421052631578947	0.7615753652621009	False
22	2051-10-01	FGA	south	0.0062892741112453646	3.955496884638117e-05	0.14149093055412118	0.044450015888754635			1	13.0	12.994882988673986	0.22033898305084745	0.21241990790496948	0.22033898305084745	0.21241990790496948	True
24	2051-10-01	FGA	south	0.0023004094971178935	6.517835845599054e-06	0.04720669178090179	0.0487305805667272	0.9869755226742815	0.7357090871986325	4	107.0	106.80918046055224	0.7684880838942503	0.7338531824638281	0.8421052631578947	0.7408445260499328	True
27	2052-04-01	FGA	south	0.004079638066345006	2.4293344240846958e-05	0.139259041566195	0.029295319143825944	0.9508679803228006	0.8393726149155895	8	106.0	105.08254596682457	0.7628918650793651	0.7104395437791821	0.8571428571428571	0.8329239854793212	True
26	2052-10-01	FGA	south	0.02844752488009252	0.0009615271949530719	0.6616156480473676	0.04299705571361555		-0.020357819753127337	22	1208.0	1207.9924739017802	0.2775930992962138	0.27759385232863215	0.43478260869565216	0.39493520410229566	False
27	2052-10-01	FGA	south	0.1845144050704569	0.038759870302048145	3.150807206966446	0.0585609949928053	0.8181933606189441	-39.934460976778226	34	3281.0	3280.5065091856527	0.6971537536523662	0.6801133630061934	0.9259259259259259	0.7959695629058832	False
28	2052-10-01	FGA	south	0.08083125991125682	0.007189481300532996	1.5466001740983617	0.052263837328467844	-0.36164774358696555	-12.13053413979449	11	170.0	169.96557515043804	0.12050179886806003	0.12014539169068426	0.30952380952380953	0.23266970057627145	False
26	2053-04-01	FGA	south	0.23251703698066667	0.05515004616915683	4.358753027714866	0.05334485241586785	0.5812471488518116	-37.99725641036701	23	1222.0	1221.9810999473511	0.28581368918188566	0.27655486941865115	0.4666666666666667	0.31708684793714054	False
27	2053-04-01	FGA	south	0.09877113246148635	0.010758523976867704	1.7558857855116188	0.056251456260127446	0.49694595762435956	-7.861835819444774	24	3134.0	3134.0749755501856	0.6614236157341501	0.6491693982342235	0.8363636363636363	0.82217291334395	False
28	2053-04-01	FGA	south	0.10488317002777107	0.012386694145050127	0.8158731340146216	0.12855328316999273	0.7740405474784846	-5.2974327382358615	10	155.0	154.52464994265478	0.1283853120881994	0.16498195209671476	0.30952380952380953	0.35691984804414095	False
29	2054-10-01	FGA	south	0.3869909925729023	0.1599531924412744	6.4886501163848065	0.059641217453795595	0.7622386196191075	-144.81633980486743	14	2764.0	2763.9885829761843	0.9975088106913833	0.9841063668898952	1.0	1.0	False
0	2025-04-01	FGA	tropics	0.349743605321984	0.12237779705617538	19.309862065315514	0.01811217522626407	0.8676735089183182	-5136.172370085554	11	891.0	891.2144384007518	0.9849976316247264	0.9846986987386707	1.0	0.9928980196102785	False
0	2025-10-01	FGA	tropics	0.07166387453719054	0.005234830223393434	3.17038277973261	0.02260417101534808	-0.5165417633432233	-152.7079690013479	21	1135.0	1134.9983674309203	0.9326086923801205	0.9297958481433947	1.0	0.9877017941783862	False
1	2025-10-01	FGA	tropics	0.2510608402258296	0.06303630220744703	11.719783748027394	0.021421968666280784	-1.0	-57495.341945492466	2	24.0	23.931355443147766	0.7118055555555556	0.6077774477575931	0.8125	0.6256692932891604	False
0	2026-04-01	FGA	tropics	0.2738872910679733	0.07502015506511901	10.498465402329582	0.026088316775059184	-0.004865545427327311	-16518.867349608903	8	180.0	179.81360160913331	0.8692301062718819	0.8331380324959197	1.0	0.9690540123413846	False
1	2026-04-01	FGA	tropics	0.043979687389247867	0.005782371803833566	0.3428930536385418	0.1282606542260513	0.2983949011330029	-4.61309342777778	24	359.0	358.5367655964667	0.3020986548910017	0.28774462766196546	0.8125	0.4724827818962738	False
2	2026-04-01	FGA	tropics	0.059113233153577596	0.0037582182794721935	2.190473117158702	0.026986513867951194	0.8752062893713215	-28.356354825529554	25	1460.0	1460.0125222324539	0.7453669320469493	0.7148627228481886	0.9390243902439024	0.9015138894629878	False
1	2026-10-01	FGA	tropics	0.10802600317495994	0.011739123109509062	4.745075879258051	0.02276591690496867	0.5461245090014306	-117.63085096232788	21	321.0	320.6927437962348	0.2471615699956806	0.24337120357147576	0.4857142857142857	0.4445263889794073	False
2	2026-10-01	FGA	tropics	0.24316297891617014	0.06060644951691551	9.778352785781838	0.024867478627866646	0.6362776864171285	-219.61138313729472	42	2097.0	2096.8882539832566	0.8487797288815967	0.8409603946428859	1.0	0.984402648939103	False
2	2027-04-01	FGA	tropics	0.2429268239027439	0.05929792520868417	11.937118383403043	0.0203505415712808	-0.8551465080921575	-9651.944057524259	16	493.0	492.932369545814	0.9765510172317966	0.9664875793857701	1.0	0.974511410924626	False
2	2028-10-01	FGA	tropics	0.16814415994383328	0.028272458523217386	1049.064768038999	0.0001602800561667347			1	11.0	10.841905072760376	0.16666666666666666	0.1025695663071218	0.16666666666666666	0.1025695663071218	False
3	2028-10-01	FGA	tropics	0.0554077553708289	0.0038212954544075218	3.6107434643704996	0.01534524840038414	0.678603840002625	-172.84635165908668	30	1100.0	1099.9849942228934	0.8843103804799319	0.8796411791928477	0.9866666666666667	0.9877157350242429	False
2	2029-04-01	FGA	tropics	0.19566638115748164	0.03828533271526489	660.9260130626874	0.0002960488425183578			1	11.0	10.794590940017638	0.16666666666666666	0.08605643417577243	0.16666666666666666	0.08605643417577243	False
3	2029-04-01	FGA	tropics	0.19857964743081408	0.04362775437518047	9.07623585049229	0.021879075279874222	0.7418620385341981	-367.00681700137653	49	1824.0	1823.9719652022252	0.8378955647505384	0.8351006476044815	1.0	0.962431676081914	False
5	2029-04-01	FGA	tropics	0.16451726142241782	0.027071373345395135	9.456334742606288	0.017397571670255272	0.8425006794780707	-4825.358042575059	6	83.0	82.6192421173994	0.5334275528393175	0.4745326976549578	0.6470588235294118	0.6059619795248937	False
3	2029-10-01	FGA	tropics	0.23899476945436843	0.057220980001627765	11.877488576431269	0.020121658540561378	-0.19646030428352254	-2761.6838909129942	22	671.0	670.6840447165958	0.7617383467656057	0.7368540053828011	1.0	0.9765946598948269	False
5	2029-10-01	FGA	tropics	0.17837297513624667	0.035159410397645856	1.9843077637173006	0.08989178916585594	0.8576534401326525	-80.3019844345881	31	670.0	669.9461785823954	0.4763374729964608	0.4579530725549077	0.8333333333333334	0.5948400366703833	False
6	2029-10-01	FGA	tropics	0.051791337142468793	0.00274378115415691	2.1463784048583467	0.024129639501235495	-0.1674523073118908	-105.52186290749995	20	859.0	858.9383841849337	0.5592924792769371	0.5408469985035705	0.8333333333333334	0.902267075400169	False
5	2030-04-01	FGA	tropics	0.17147759127382908	0.030079470160652894	7.618268310238588	0.022508736144587007	-0.37514896095122474	-457.09768857458755	27	608.0	608.0615626577381	0.4236033527732265	0.4167145972748653	0.8333333333333334	0.6622023564302947	False
6	2030-04-01	FGA	tropics	0.20792947521672936	0.04389808239178021	6.209483510861491	0.03348579231316481	-0.7399958469440582	-174.26294226774044	42	1819.0	1818.853932972829	0.7660452257541601	0.7644026986443331	1.0	0.9955442875271093	False
6	2030-10-01	FGA	tropics	0.23801429283573775	0.05689181189697405	12.49159796745086	0.019053950780030502	-0.9388496935233471	-3567.2511156457563	20	778.0	777.992920208176	0.9614882465386844	0.9606378429224296	1.0	0.9940302089814437	False
6	2031-04-01	FGA	tropics	0.0016592872638862054	3.751750270427067e-06	0.08469589769740733	0.019591117267737497	0.7915745431217572	0.1844972399151773	14	404.0	403.67951827644436	0.91125423673743	0.9125053810062431	1.0	0.9627674346842451	True
6	2031-10-01	FGA	tropics	0.176547531001032	0.03138182556788583	8.698210700012112	0.020296994070376582	0.9534658595935367	-174.13689304618197	40	1734.0	1733.9237770092038	0.8341232409947335	0.8328920650704618	1.0	0.94514153463295	False
7	2031-10-01	FGA	tropics	0.029292486785887657	0.0015608067165675786	2.8968585806109797	0.010111811112197801	0.9790564674475064	-59.16232954611651	12	158.0	157.9603434008241	0.19936936229369226	0.1713165083143281	0.4	0.2466692539036779	False
6	2032-04-01	FGA	tropics	0.25730694741636184	0.06678057777158738	12.748913888355352	0.02018265631642408	0.7318161426328409	-829.1359396272718	26	1186.0	1186.107618565454	0.7555116096401231	0.7428538337677343	0.8941176470588236	0.8762406065039509	False
7	2032-04-01	FGA	tropics	0.1662623909058292	0.02783746894354497	12.526103977925121	0.013273272455572385	0.5942911747442974	-655.3144711621966	12	158.0	157.368079368264	0.19936936229369226	0.1717163800161451	0.4	0.21881201962517277	False
8	2032-04-01	FGA	tropics	0.02157994401570561	0.001614302187027275	1.7663493021163976	0.012217257362317316	-0.6298880084282955	-659.8711571291246	11	211.0	211.11114787019818	0.8508862970819493	0.8220958709296255	0.9444444444444444	0.9772204196920634	False
6	2032-10-01	FGA	tropics	0.16298711965173235	0.02656480117236812	7.441664938972317	0.02190196965173235			1	11.0	10.744372001252403	0.44	0.37799766737285817	0.44	0.37799766737285817	False
8	2032-10-01	FGA	tropics	0.2024260412457199	0.043864745666720946	17.055004228859964	0.011869011495358097	0.6422927192117158	-1973.8231164585527	38	1187.0	1186.9996557067943	0.9326892002989674	0.9159810305265061	1.0	0.9938364195115524	False
8	2033-04-01	FGA	tropics	0.0033655741782506045	2.8127810609058146e-05	0.10022634249082941	0.03357973657033878	0.7277184623482739	0.5028944906542192	45	1361.0	1360.9982091819425	0.8220216780725415	0.8174838183443334	1.0	0.9843173349762353	True
10	2033-04-01	FGA	tropics	0.005997676641307143	6.43268715973566e-05	0.16168915055806066	0.03709387191785295	-0.2935272133718855	-1.4511857365332124	12	629.0	628.902743181683	0.6814802636682803	0.6478570418875534	0.9291338582677166	0.9685095619430044	True
8	2033-10-01	FGA	tropics	0.2172314908541455	0.0472936973123473	14.13684688639678	0.015366332577540831	0.09020331276831492	-749.3958355554821	20	395.0	395.28576115908106	0.5922629408264346	0.5536633724719991	0.9523809523809523	0.9176736685380797	False
10	2033-10-01	FGA	tropics	0.20330278961230974	0.041453618344344745	2.5886189192555813	0.07853716439296297	0.9166120727969691	-59.833665902402174	34	2636.0	2635.848083330808	0.5993509396278484	0.5842472045910231	0.9425287356321839	0.7698974712913924	False
11	2033-10-01	FGA	tropics	0.2085984344564075	0.04357521779060416	5.70963063122591	0.036534488468585834	0.8036602838055349	-251.3673850908847	24	1445.0	1444.9958402620043	0.5500653671210638	0.5237052791942979	0.972972972972973	0.9466745241255826	False
10	2034-04-01	FGA	tropics	0.23835400551296443	0.057676030471476805	7.813199865417197	0.03050657984163025	-0.9564909629865426	-819.0211088372157	19	1590.0	1589.9031185973365	0.49917403759799817	0.4803201039189107	0.8838383838383839	0.8864006456354442	False
11	2034-04-01	FGA	tropics	0.12389353868683124	0.03658568822870272	1.4457656487411095	0.08569406721947688	-0.7596305763903337	-73.25037626421566	34	1747.0	1747.0829278965816	0.7232951433123997	0.72803135278112	1.0	0.9880164374850574	False
11	2034-10-01	FGA	tropics	0.09766908953713413	0.010175167868079767	4.067569716160738	0.024011657169412004	0.9594356485328119	-62.907789274830535	10	212.0	212.0354328129888	0.8910447191697193	0.9128468398445125	1.0	0.9986209228716744	False
12	2034-10-01	FGA	tropics	0.1516539202305902	0.023200571896622564	8.215588095490356	0.018459289641582086	0.9021210796130793	-5827.7782517371925	7	130.0	130.07236162223506	0.750462962962963	0.7743180970325623	0.8125	0.7859476469751745	False
11	2035-04-01	FGA	tropics	0.002730360083695399	1.1812556739741453e-05	0.23694210012651915	0.011523321867399159	1.0	-3.3416818539439053	2	21.0	21.120491715908084	0.25510204081632654	0.15769512320819173	0.2857142857142857	0.17417905979613396	True
12	2035-04-01	FGA	tropics	0.000993541275067173	1.3244971089704104e-06	0.04841085165487898	0.020523110854362363	0.9954869306843908	0.9858914241327207	33	1523.0	1523.002805759639	0.8368365362047488	0.8469480609106859	0.9193548387096774	0.8842781029703818	True
11	2035-10-01	FGA	tropics	0.03148664295009443	0.0009914086842667312	14.731861683202862	0.0021373159500944284			1	11.0	10.955670928996515	0.22448979591836735	0.1383424298837829	0.22448979591836735	0.1383424298837829	False
12	2035-10-01	FGA	tropics	0.21546021842382673	0.046764845126417716	10.763227528111917	0.020018179292510294	-0.5202819575044015	-322.5310386665286	38	1677.0	1676.6789895725904	0.81381588006585	0.8038119503445372	0.92	0.9011338200551517	False
13	2035-10-01	FGA	tropics	0.008346320812121508	7.57094026843794e-05	0.7538288552534834	0.01107190412512793		-11.517402793449122	11	161.0	160.89601031006214	0.7687170807956671	0.730362546660002	0.9166666666666666	0.9741887430445239	False
12	2036-04-01	FGA	tropics	0.19943665551726655	0.0398908261693457	9.505394987940202	0.020981416950089735	0.11349786664810092	-22576.821541184407	12	248.0	247.86659863356732	0.7088714160564312	0.6585219492949104	0.92	0.8478507600822306	False
13	2036-04-01	FGA	tropics	0.055673023769535854	0.007817441531964382	7.262848331106386	0.0076654531709124795	-0.6917202198338742	-703.6985498696815	37	631.0	630.8703600846903	0.9116530197092856	0.8914642057779476	1.0	1.0	False
13	2036-10-01	FGA	tropics	0.10053032138536416	0.010303945772042435	22.403463057780634	0.004487267041085882	0.12738989562244432	-3395.7112416061223	50	965.0	965.001044848752	0.9895963859007338	0.9877922982388777	1.0	1.0	False
13	2037-04-01	FGA	tropics	0.10188519157291434	0.010636762671319609	23.326228210779185	0.00436783823995311	0.06276664635651051	-4729.652584017854	50	1184.0	1183.9996439877402	0.9616434852053515	0.9610546630719505	1.0	0.9998105860767751	False
13	2037-10-01	FGA	tropics	0.22579361904307713	0.05771644874475191	14.262250944292544	0.01583155561664234	0.816239440089324	-2345.5450640609165	41	939.0	938.7552396521362	0.6976202269784935	0.6963786388114792	1.0	1.0	False
14	2037-10-01	FGA	tropics	0.08410209100386658	0.007119028856439965	4.719181747199241	0.017821329100914544	0.12612415995715123	-300.8284157387713	25	825.0	824.7660590894482	0.7005992025583301	0.6886874335042645	0.9782608695652174	0.9305797461385812	False
13	2038-04-01	FGA	tropics	0.07651313217640465	0.006050047901763318	5.7629102513224275	0.013276821751448762	-0.8604576575889503	-1392.6596730630724	16	261.0	260.9500411348677	0.3775916979414241	0.36953462685397004	0.6666666666666666	0.6185320900396675	False
14	2038-04-01	FGA	tropics	0.2013626319661155	0.04160107130500143	10.457705092703018	0.019254954139662876	-0.06235028983448457	-466.66019439878784	49	1498.0	1497.9779018499016	0.8054316567433408	0.8002536148343432	1.0	0.962846742961978	False
14	2038-10-01	FGA	tropics	0.1899733120786823	0.03627665855439693	12.866968588752249	0.014764418733776097	-0.9641903332292415	-2441.251944423002	21	533.0	533.0167192616472	0.8989314288263973	0.8912254008019949	1.0	0.9831393310246695	False
15	2038-10-01	FGA	tropics	0.02299261374488988	0.002102984155039081	1.3345614584314331	0.017228591159761258	-0.155805627425466	-94.0743921088603	22	697.0	696.9723522898055	0.9037750112903828	0.879343264920459	1.0	0.9996725313077099	False
15	2039-04-01	FGA	tropics	0.15636601453999582	0.024790406043705072	6.04561658701194	0.025864361771787463	-0.5912355880782079	-244.7116966200293	47	1695.0	1695.0054092440776	0.8342176827975332	0.8223854912482426	1.0	1.0	False
16	2039-04-01	FGA	tropics	0.13159131190418996	0.02041360983367987	5.049441804482803	0.026060566098091393	-0.868906793351945	-4943.18967061446	11	281.0	281.00368821347007	0.48409241398440855	0.46330511442602557	0.75	0.7473953508350473	False
15	2039-10-01	FGA	tropics	0.18323926042439673	0.03371925519693987	6.041676443150144	0.030329207819817534	-0.2383523680287393	-868.7743987260486	28	920.0	919.9965153892264	0.6424568449294433	0.6400404740813805	1.0	0.9905534782075448	False
16	2039-10-01	FGA	tropics	0.07369750437534699	0.01096726300836634	3.2662567475689785	0.022563291887632175	-0.8342761888880297	-53.375284734770325	36	1958.0	1958.0169437196637	0.8195651918850018	0.8003214752644411	1.0	1.0	False
15	2040-04-01	FGA	tropics	0.0648560360312395	0.0042155710179214755	4.535177777742345	0.014300660130577165	-1.0	-2701.4879039255165	2	26.0	25.949969434521226	0.13669301712779974	0.10620709537569625	0.15217391304347827	0.11284449412474719	False
16	2040-04-01	FGA	tropics	0.2271854468392375	0.05189714731071237	11.212008458439522	0.020262689569078063	-0.5280047356591688	-573.8478016501182	29	1617.0	1616.7601804578865	0.9674851382130577	0.9651111341096755	1.0	1.0	False
17	2044-04-01	FGA	tropics	0.0014784410547063669	3.4554015053231543e-06	0.49510142117462663	0.0029861377719311933	0.4927338606413573	-0.14722198415369148	10	124.0	123.38580057814934	0.9312698412698414	0.9369863019636	1.0	1.0	True
17	2044-10-01	FGA	tropics	0.011113054239209923	0.00023544392145143818	0.25314606886913366	0.043899770155842024	-0.3154311452379983	-1.1366521555915825	25	315.0	314.3457582759345	0.6739282283805436	0.6536104656965294	1.0	1.0	True
18	2044-10-01	FGA	tropics	0.013176377539788382	0.00017916722818580813	0.6357196942193184	0.020726709679758062	-0.8175359280859579	-33.652970389506244	16	571.0	570.9165057307056	0.7345670379667457	0.7153851481452447	0.9166666666666666	0.9591223841815035	True
17	2045-04-01	FGA	tropics	0.2179027451380062	0.04760720768884186	24.655514441830856	0.008837890835824933	0.21546041565804827	-7626.07351354698	13	161.0	160.47465394526574	0.47666692365488383	0.44150478825328904	0.8571428571428571	0.8028721818215762	False
18	2045-04-01	FGA	tropics	0.1839021552256988	0.0341985876010869	8.333777646054292	0.02206708206485075	-0.6001066158833223	-179.7232492004174	42	1965.0	1964.9808214219552	0.8709286137259902	0.8690115686034042	1.0	0.9783509793256211	False
18	2045-10-01	FGA	tropics	0.23375219069983344	0.05491296360481013	12.972450596096582	0.01801912360106961	-0.7703136017945204	-1505.4273295217092	24	1197.0	1196.9203047068015	0.9640938794590679	0.961708351765432	1.0	0.9867554082222689	False
19	2046-04-01	FGA	tropics	0.192427609645542	0.037046187647730974	21.79083231715869	0.008830668183978421	0.19439290724624048	-22527.04791598902	8	109.0	108.87891928555203	1.0	0.9932415734885194	1.0	1.0	False
19	2046-10-01	FGA	tropics	0.1857789751521593	0.03462178081136551	20.82810926726823	0.008919627450011245	-0.6924091746896739	-3132.3948197172153	34	742.0	741.9945127724251	0.9793168955117347	0.9752225788349986	1.0	1.0	False
19	2047-04-01	FGA	tropics	0.0010153539833662169	1.6164549823397206e-06	0.09515957590724708	0.010670013749913007	0.9738364041668829	0.945733151689727	48	1050.0	1049.8020406898122	0.8719319824332548	0.8703294837309558	1.0	0.9992869352135711	True
20	2047-04-01	FGA	tropics	0.0013109802354311414	2.044107850247769e-06	0.14164700644629466	0.009255262559524675	1.0	-3.759464528139711	2	25.0	24.922082567012044	0.5	0.3840690315496582	0.52	0.3979275881213923	True
19	2047-10-01	FGA	tropics	0.19954833023652893	0.03997748476908534	18.495342160921364	0.010789112658761877	-0.6414673162764177	-6671.967071759198	23	403.0	403.0268093262991	0.7431344019794687	0.7362091333451452	0.9615384615384616	0.9284287301128719	False
20	2047-10-01	FGA	tropics	0.19363657517871283	0.03757499394157642	21.681965988595078	0.00893076648494733	-0.4767425822937316	-3373.8861803064183	26	411.0	410.7362497881919	0.7963908596258821	0.7825734261284407	1.0	0.8995799749063917	False
20	2048-04-01	FGA	tropics	0.18014893168291943	0.03256458452310527	35.276919972739556	0.005106708063576144	-0.37716437058639385	-4501.010461961926	46	722.0	721.3944597823943	0.8606872647640393	0.8531052413344732	1.0	0.9359416852286246	False
20	2048-10-01	FGA	tropics	0.09625826562240904	0.011601193815070295	10.836956313825596	0.0088824078306567	-0.3043344722737028	-1537.6438996595166	33	465.0	464.40327794929345	0.699914590171534	0.6933114057097144	1.0	0.9605060145871404	False
21	2048-10-01	FGA	tropics	0.13840271459772688	0.026890906242097817	7.038050552940553	0.019664921920730043	0.9065783622907576	-760.1913760681427	24	1102.0	1102.0725079874053	0.7078847507425049	0.6985350262252906	0.8732394366197183	0.8008482047045801	False
22	2048-10-01	FGA	tropics	0.0583351920970165	0.003484715313799164	2.547722074352914	0.022896999906017155	-0.9473284880660864	-272.7270211109667	7	126.0	125.94298344148834	0.18512078077284297	0.17344400319956949	0.21686746987951808	0.21599601094382004	False
20	2049-04-01	FGA	tropics	0.23493704116333486	0.05521572443534986	50.17621961804104	0.00468223877669059	-0.0681761167939681	-70101.8067970826	9	102.0	101.68614771352708	0.295662863546134	0.28061711253491767	0.5263157894736842	0.4506743218598839	False
21	2049-04-01	FGA	tropics	0.072989438417953	0.005386569365969752	3.5358925099840883	0.020642437011831407	0.8582631725040006	-25.124662880338008	41	1940.0	1939.911791360956	0.7028166330725517	0.6960582525629108	0.8732394366197183	0.7954086584555679	False
22	2049-04-01	FGA	tropics	0.22317715621462902	0.050132395671933304	10.49371486658782	0.021267697764995423	0.876136093795967	-454.68179234963	28	505.0	504.5601067184057	0.30994444019082196	0.3044920926130482	0.8	0.5733053872409309	False
21	2049-10-01	FGA	tropics	0.13179036743084635	0.01743447633017076	6.480059395044244	0.020337833250669846	-0.7439049152934294	-951.0434245969376	17	697.0	696.9721858963397	0.6532056172688746	0.6411403824012885	0.7619047619047619	0.7644570510784304	False
22	2049-10-01	FGA	tropics	0.25358252833964146	0.07074129903819891	22.694379796589086	0.011173802968510924	-0.5520248890042014	-1443.1750449264973	21	369.0	368.8236553810376	0.42795955841051925	0.4236256757362719	1.0	1.0	False
22	2050-04-01	FGA	tropics	0.07221505712632022	0.0070108476507517664	6.2625420888400285	0.011531268948277227	-0.8347343457805325	-745.9946599602738	24	475.0	475.0016507898023	0.7697443222435559	0.7684736533794299	1.0	0.9210775920373215	False
24	2050-04-01	FGA	tropics	0.07594905402791285	0.0058113281820427075	4.038071125453744	0.018808250689090755	-0.9017060923001838	-3522.4088260516814	3	40.0	39.825417647727434	0.25738095238095243	0.23081776310071192	0.28	0.25215597573554854	False
22	2050-10-01	FGA	tropics	0.1939797943978916	0.03802165769374851	12.590713430496743	0.015406576876576443	0.9822254020522347	-591.7277490145826	45	927.0	926.7105612249189	0.5805642663583592	0.5765798017910283	1.0	0.9238472283246097	False
23	2050-10-01	FGA	tropics	0.23768025482537786	0.05649397891514567	59.98522129179646	0.003962313545017844	-1.0	-1005077.4894180832	2	23.0	22.96909208530691	0.1873015873015873	0.1525889422169887	0.2	0.153293294916019	False
24	2050-10-01	FGA	tropics	0.06006024569169512	0.00732250464775892	3.190656457557633	0.018823789552595623	-0.8561992907858655	-224.65755304466663	29	710.0	709.8059314066894	0.49617530738571475	0.4918029323803583	0.875	0.7693956655210727	False
22	2051-04-01	FGA	tropics	0.0010958638614145869	1.9447678086031685e-06	0.07975963855523639	0.013739579081162237	0.9599227734505889	0.872010940034664	20	414.0	413.8839222797824	0.3824423799800084	0.3662663950244128	0.5945945945945946	0.5267538808387306	True
23	2051-04-01	FGA	tropics	0.006834260032413031	4.670711019063816e-05	4.158583059986618	0.001643410732413031			1	11.0	10.95333957850831	0.1746031746031746	0.15753027891961818	0.1746031746031746	0.15753027891961818	True
24	2051-04-01	FGA	tropics	0.0017874019928298733	6.5515306059558875e-06	0.09851952433453708	0.01814261695743166	0.9417294847537845	0.8348736314684079	49	1253.0	1252.9343922918297	0.5915945065821282	0.5883325178684702	0.875	0.7338143148058545	True
25	2051-04-01	FGA	tropics	0.0020548044579184192	5.25411686015474e-06	0.17205698297813266	0.011942581012126498	0.6154990321162686	-2.418800598739683	13	210.0	210.02713047106218	0.4371594991129335	0.4095244821450913	0.6571428571428571	0.5718620289656682	True
24	2051-10-01	FGA	tropics	0.0009861463092382694	1.6044481175974585e-06	0.0879345833615558	0.011214544625560865	0.8644662064410927	0.7017590854808692	28	601.0	600.8512280712547	0.572995301589759	0.5594751570565986	0.8125	0.7873697412102617	True
25	2051-10-01	FGA	tropics	0.0011398815119409043	2.4635481994952854e-06	0.09016862416345431	0.012641664686760328	0.9453736167249772	0.876842701281627	40	841.0	841.0385180989149	0.5328631226136512	0.5243555409545131	0.75	0.6609830585347296	True
26	2051-10-01	FGA	tropics	0.002554381381740091	8.489169891570365e-06	0.1430768406163164	0.01785321349518806	-0.8833904358405462	-4.759144858061102	6	90.0	89.44730445419744	0.27833672391715686	0.2714561946573553	0.34375	0.3068288683398642	True
27	2051-10-01	FGA	tropics	0.0016633151486899846	3.291985467166773e-06	0.06602970725952456	0.025190406223557154	-0.2292592445635479	-6.137307387825784	5	86.0	85.98683122296532	0.3064110152172546	0.29418311829207877	0.45614035087719296	0.3559899525599437	True
24	2052-04-01	FGA	tropics	0.18803455635983402	0.0353571159899603	14.25004703799776	0.013195363907111306	0.6172010436768527	-363745.2553513472	3	34.0	33.22789906923931	0.2975130950725444	0.2583556583227464	0.35294117647058826	0.32284637078663164	False
25	2052-04-01	FGA	tropics	0.17956591006103242	0.032447234364630886	5.582587906509403	0.03216535289156042	0.8320871720523192	-450.3963872044701	36	783.0	782.8977833835274	0.4465186317768285	0.4501316348003211	0.75	0.6690956514605026	False
26	2052-04-01	FGA	tropics	0.17828749075691774	0.032968393293505954	12.583277917918982	0.014168604708557757	0.7999651625895369	-396.2965678094238	32	714.0	713.9481035309595	0.27723366031947166	0.26987794713370145	0.43103448275862066	0.31125457984443866	False
27	2052-04-01	FGA	tropics	0.05825725674300679	0.003496957396864084	2.430414806115652	0.02397008798515137	0.7365845203559275	-15.399661803466707	31	1529.0	1528.9971342870342	0.5691379831188901	0.5680802019700841	0.7941176470588235	0.7123008799695075	False
25	2052-10-01	FGA	tropics	0.07785017953518826	0.00654108852486554	4.283561011494322	0.01817417315319858	-0.9647460348088044	-407.7719248727733	10	162.0	161.90760621096854	0.15929832340730543	0.15837206661094927	0.27586206896551724	0.24884611434584145	False
26	2052-10-01	FGA	tropics	0.205592362607633	0.04293848860320571	12.916655661133367	0.01591684163465525	-0.6596690617096898	-905.3809503035973	27	617.0	617.0514266516011	0.28941103267976037	0.27849322047790004	0.43103448275862066	0.3404894632196683	False
27	2052-10-01	FGA	tropics	0.13797324634257882	0.030948691440084396	5.809038792446779	0.02375147615161031	-0.8876684577445841	-184.48886201484282	33	1552.0	1551.616754521673	0.6537566539604313	0.6439672614481528	0.7941176470588235	0.6982650965886501	False
26	2053-04-01	FGA	tropics	0.1233776171021362	0.01522203640180133	23.638534489204126	0.005219342897863807			1	13.0	13.031174677566929	0.325	0.34462767828407864	0.325	0.34462767828407864	False
27	2053-04-01	FGA	tropics	0.291745598693327	0.08513380329725695	16.40148373070695	0.017787756491025215	-0.008671799042639153	-31858.861039388168	7	108.0	107.79225309684054	0.6976175687666372	0.6497923020291348	0.7857142857142857	0.6840951788524912	False
28	2053-04-01	FGA	tropics	0.05982409328527723	0.0036960911267533416	3.148875474080204	0.018998557986086136	-0.9320252175452799	-157.25794615135217	5	70.0	69.99997647130799	1.0	0.9502936170625438	1.0	0.9968890163370828	False
28	2053-10-01	FGA	tropics	0.003943673114517787	1.896683938160714e-05	0.21063712398400378	0.01872259286457632	0.9461699744931995	0.6959129862203515	32	1297.0	1296.9992459708455	0.9917983478215333	0.9813306158474259	1.0	0.9982421912099169	True
28	2054-04-01	FGA	tropics	0.03221257604322865	0.0012941418137808497	1.8748763556610968	0.017181173545639083	0.8971152092278154	-12.231241474740218	41	1632.0	1631.870023413708	0.9860979462724087	0.9748562579365292	1.0	1.0	False
28	2054-10-01	FGA	tropics	0.2856697602842367	0.08166809655288641	15.046783900408773	0.01898543650091738	-0.7995651584082851	-5822.500853459011	16	379.0	378.8921770059856	0.9568683068314957	0.9551720861163494	1.0	1.0	False
29	2054-10-01	FGA	tropics	0.06657632231610965	0.004632306630419886	2.310646594020529	0.028812853721722424	-0.4462823757625081	-36.799362488141554	23	1492.0	1491.661507099796	0.9481902188047553	0.9197676827886461	1.0	1.0	False
0	2025-04-01	GARW	north	0.4210359357381726	0.20202914911537528	12.562460220432213	0.03351540449484399	-0.835011766397481	-1288.337257558235	11	501.0	500.923728943083	0.9642935341569799	0.9628212197701326	1.0	0.9852592024457671	False
0	2025-10-01	GARW	north	0.002741845375874546	1.2628299578319147e-05	0.07004881797921507	0.039141922090507056	0.9899465322882546	0.9769619321869449	20	815.0	814.9586768305852	0.9282743404314759	0.9239613428604129	1.0	0.9703475421918228	True
0	2026-04-01	GARW	north	0.011998458311979805	0.00017007894485859598	0.2825565260815333	0.042463922098608976	0.18586638532582034	-1.2805964271748373	7	185.0	185.07765224528364	0.8758421501278645	0.8903993495709857	0.972972972972973	0.9164029606471674	True
1	2026-04-01	GARW	north	0.005338399601381418	3.955578271077543e-05	0.09185391424966384	0.05811836811734951	0.9933307684573723	0.9755215196739652	21	2371.0	2370.895257364512	0.6086715227889924	0.6047880868003424	1.0	0.8054805736459778	True
2	2026-04-01	GARW	north	0.006832357109157096	5.4050735397237496e-05	0.1019496653033506	0.0670169645856851	0.9971086425541995	0.9688006177384876	17	1957.0	1957.0104103471365	0.44876106869580307	0.4345248202910113	0.6455696202531646	0.6654164244326048	True
1	2026-10-01	GARW	north	0.1287796824826638	0.018867522217482596	2.3654748382522452	0.05444136644370902	0.6265693075960888	-11.405425311507457	22	2383.0	2385.3349923966466	0.5928623428993741	0.5844218883538699	1.0	0.8747075835800173	False
2	2026-10-01	GARW	north	0.17518249169148575	0.03765977200616474	2.1265614821857852	0.0823782868066549	0.9367784321466837	-12.75210853980925	21	2045.0	2045.0204038993159	0.5100195688073145	0.4870961556759517	0.8666666666666667	0.6483139521098467	False
3	2029-04-01	GARW	north	0.037548096170937344	0.003199764677543194	0.25763203201719515	0.14574312004972764	0.786759118812264	-0.052645121456718735	13	442.0	441.9411943157038	0.32454527721542975	0.3484643892282651	0.68	0.6186298828492354	True
4	2029-04-01	GARW	north	0.022191913899802584	0.0006549171487673336	0.34661233963316423	0.06402516980004032	0.37213390540476476	-0.2563113707320548	9	165.0	164.92636315363075	0.12096705016050185	0.11025642894388844	0.24	0.1170498814297665	True
5	2029-04-01	GARW	north	0.021155748865133408	0.0007212950047634023	0.19329823487099404	0.10944615650139079	0.6225430364353247	0.11573982716065023	12	1129.0	1128.9766991449087	0.5765004111569063	0.5588400673700019	0.7872340425531915	0.869810901594192	True
3	2029-10-01	GARW	north	0.016117370746581122	0.00048583676091990685	0.19590790054107224	0.08227014174551936	0.843264241612222	0.6056188433285339	17	515.0	514.8888657204417	0.2740942258445606	0.3080206454937848	0.68	0.5520754204768358	True
4	2029-10-01	GARW	north	0.014660692528592211	0.0003361612537458224	0.2309975368951243	0.06346687815657681	0.7758732315528288	0.533978974246466	13	223.0	222.87678922607012	0.1107895050330962	0.09853188662670304	0.24	0.10998996892358774	True
5	2029-10-01	GARW	north	0.011612243386416964	0.00034223224902488197	0.10598349633367704	0.10956652486588224	0.9248606868274083	0.8133463197138743	23	1902.0	1901.989190166667	0.7051438988914904	0.6836988891249846	0.9230769230769231	0.9316034296038056	True
3	2030-04-01	GARW	north	0.014259412825217747	0.00021826120167303976	0.3526981154471032	0.0404295123809822	-0.7260274650700258	-16.192426286387295	3	53.0	52.79113940086192	0.11247348401726283	0.100233677868673	0.125	0.11111584942457424	True
4	2030-04-01	GARW	north	0.014760499602834024	0.00023223115666186505	0.4817213465822113	0.030641157398481562	-0.8323759053839738	-19.621256681259844	3	38.0	37.870264416788785	0.08282244349352644	0.07801181061286427	0.08870967741935484	0.08111507334904984	True
5	2030-04-01	GARW	north	0.013545619232914068	0.0002334134516200832	0.29363104343421104	0.04613142763956089	0.7766962436359763	-0.9072484360274842	10	619.0	618.8878828278838	0.8506490307631713	0.8467282565997782	0.9230769230769231	0.8959505459838983	True
6	2030-04-01	GARW	north	0.010073921406245597	0.0002010947621429996	0.32354481775210625	0.031136092601439964	-0.757506920627153	-0.9616244310332553	15	416.0	415.9251741495748	0.9873504273504274	0.9834803581192506	1.0	0.9992739738358357	True
6	2030-10-01	GARW	north	0.06937048767312405	0.007649548715770139	1.9379354307246	0.035796077915344275	-0.4101830696363796	-14.210263140773044	24	632.0	631.5329344071629	0.9896430367018603	0.9876344138760768	1.0	0.9988526938402889	False
6	2031-04-01	GARW	north	0.17399416083643907	0.04343655891996637	3.1511010423532615	0.05521694115733565	0.3120829898849237	-38.3970081110112	21	2095.0	2094.787225030115	0.8875601887506758	0.8831837515721258	1.0	0.9988826314438805	False
7	2031-04-01	GARW	north	0.0774013018803122	0.006653611714084448	0.814031647603619	0.09508389766929756	0.5089272157281882	-5.875705988395643	11	330.0	329.94897818149656	0.16320748927698733	0.16834661967592826	0.22641509433962265	0.2334731320001463	False
6	2031-10-01	GARW	north	0.003378064995038838	2.048876811171841e-05	0.06110110700642614	0.055286477783185815	0.9938524189677441	0.9867267110467344	22	2527.0	2526.962446056807	0.8433352405768282	0.8490286519422153	0.918918918918919	0.9580374699316824	True
7	2031-10-01	GARW	north	0.009504830329941209	0.00017018027384036315	0.11207959189876353	0.08480429103031081	0.9649273091734507	0.8744642575431832	16	421.0	420.8939545910085	0.15930560574548153	0.15757227737750726	0.22641509433962265	0.22007915737416933	True
6	2032-04-01	GARW	north	0.002441537136674278	6.019293680369448e-06	0.042348917276952946	0.0576528821435302	0.9797721059825445	0.8443434572041839	5	215.0	214.91937782204275	0.8554390455336641	0.8343861842597844	0.918918918918919	0.8876216614339366	True
7	2032-04-01	GARW	north	0.01108756509468828	0.0001264762937803947	0.24528192365319548	0.045203351839188145	-1.0	-0.5145465420252133	2	27.0	26.879266828352584	0.16609994086339444	0.10924752650843103	0.19736842105263158	0.1160565272630195	True
8	2033-04-01	GARW	north	0.016939692172283947	0.0004231877783355157	0.14791303876622863	0.1145246714798182	0.988206984170744	0.8590917468318551	16	762.0	762.0392832144103	0.2140700095111715	0.2511758260496765	0.5428571428571428	0.5033152899379129	True
9	2033-04-01	GARW	north	0.017034802789935025	0.00034645665834516715	0.24536755645149388	0.06942565282995185	0.9893997699304179	0.8281800599109417	11	330.0	329.88881789830776	0.08752573853316085	0.11056641662989718	0.2222222222222222	0.14130445898916721	True
10	2033-04-01	GARW	north	0.00958325029584773	0.0001108653430355006	0.12872275268078887	0.07444876757423456	0.9940191828626362	0.9611388380489188	18	4760.0	4760.003123482	0.7473907123074799	0.7051331025299532	0.9146341463414634	0.9660988756616983	True
8	2033-10-01	GARW	north	0.013308526478855595	0.000234904954044109	0.17084426007647302	0.07789858712782305	0.941857490341825	0.8689946265392747	17	772.0	771.9904494619775	0.23415739457260581	0.25344222594061155	0.5555555555555556	0.5892565259818829	True
9	2033-10-01	GARW	north	0.015925086695785098	0.0003601557637948859	0.30155484895293877	0.05280991750283676	0.9420983590420269	0.6533535439159082	11	330.0	329.7912779500128	0.08752573853316085	0.07976859567686208	0.2222222222222222	0.1215536053006	True
10	2033-10-01	GARW	north	0.005944548916995267	7.099975166562021e-05	0.07517759368030116	0.07907341304744264	0.9926404570239652	0.980152147607498	20	4808.0	4808.024472636559	0.7626026214688888	0.7405095574285607	0.9166666666666666	0.8741186902455617	True
11	2035-04-01	GARW	north	0.038003784252664825	0.0023661790003765624	0.5407739241221211	0.07027665824375541	1.0	0.20925746208611318	2	21.0	20.89460894553592	0.05725762527233115	0.08411380972206722	0.07407407407407407	0.13050794299350416	True
12	2035-04-01	GARW	north	0.0032330190469060504	1.3576279030559034e-05	0.0613495645401913	0.052698321025376416	0.9869526409591667	0.9732277502586137	16	2101.0	2100.956451152781	0.8942837982852408	0.865410373484996	1.0	0.9024562024981406	True
13	2035-04-01	GARW	north	0.009139966782158624	0.0001377453540721373	0.14385332960394892	0.06353670650045018	0.9975666880811436	0.7351470341559826	7	151.0	150.88795046762442	0.0858625443722817	0.08136657044557949	0.13114754098360656	0.11337717356289914	True
11	2035-10-01	GARW	north	0.05067706040127315	0.0031165231227934416	1.2080486138031656	0.04194952075788753	-0.904957614318634	-3.501070923421885	3	33.0	32.58483939378926	0.057129096153118085	0.06512842349317959	0.07407407407407407	0.07399364610171731	False
12	2035-10-01	GARW	north	0.06872840263014658	0.0064187417190680945	1.254749712297076	0.054774591264360746	-0.360733447265027	-2.8304212627519645	24	2613.0	2612.946439284378	0.8357208418244774	0.8299240410706522	1.0	0.922035718067796	False
13	2035-10-01	GARW	north	0.07184007692233278	0.006876610281178451	1.0658159693602614	0.06740382860415726	-0.9115037164728953	-5.371114874951553	14	280.0	279.98126603912897	0.1554134984624293	0.15238610584716825	0.29411764705882354	0.3007222798203018	False
12	2036-04-01	GARW	north	0.006824115103722794	5.0791871628765857e-05	0.12094972761675446	0.05642108699364685	0.9925000053047957	-0.5784841501212921	6	252.0	251.79461640256042	0.6908014815925566	0.7019751272631498	0.7909090909090909	0.758234204528711	True
13	2036-04-01	GARW	north	0.0025983646214336876	8.61437911333695e-06	0.07471487584967722	0.03477707206074295	0.9905212710408159	0.9772204719348577	11	160.0	159.852188363283	0.6577214254182722	0.6524527283386896	1.0	1.0	True
13	2037-04-01	GARW	north	0.2307732045197224	0.06550027417316615	5.277262328064095	0.04372972010363923	0.8675303037552031	-111.07221803433978	16	710.0	710.347376854659	0.5425606587342601	0.5301515615388057	1.0	1.0	False
14	2037-04-01	GARW	north	0.07415578843112937	0.006867119129368832	1.2218111295608791	0.0606933319209337	0.9947592062625424	-16.170712432523082	11	1194.0	1193.946674504492	0.579317860098842	0.5772018429722751	0.7698744769874477	0.7994252237709605	False
13	2037-10-01	GARW	north	0.05752138261238175	0.004500520235725031	1.039549961120206	0.05533296595999815	-0.23797008460863084	-2.577223053902676	21	861.0	861.0254788887515	0.41743913527935433	0.4174464730222158	0.8947368421052632	0.8037940651483437	False
14	2037-10-01	GARW	north	0.10356921004405636	0.01781826940760144	1.5499734258824795	0.06681999079118991	-0.8072703982058945	-9.94186024062276	21	1985.0	1984.9442086856677	0.7112540088992425	0.7002614954410865	0.9642857142857143	0.8958187976123112	False
13	2038-04-01	GARW	north	0.38007356850639223	0.14941194254825024	7.1726551431649375	0.05298924330254146	-0.999732201553861	-3693.107492610042	4	72.0	72.06536327041005	0.16885015297746556	0.16925784249281497	0.19708029197080293	0.19064547333989929	False
14	2038-04-01	GARW	north	0.37830998713692976	0.1501595083369176	7.899552559534988	0.04789005254231756	-0.9612373691334304	-2532.3192610977235	8	444.0	444.06476715702166	0.8717110518756566	0.8351793196370676	0.9642857142857143	0.8664003277746698	False
15	2039-04-01	GARW	north	0.033676667651062676	0.0014545193586884876	0.8854798159320164	0.038032112133031655	-0.07334800997993507	-10.164175669103026	8	150.0	149.98469567501866	0.041133190914138945	0.028148620370639064	0.0673758865248227	0.05063633976509501	True
16	2039-04-01	GARW	north	0.0033065796297041977	1.4685571581959754e-05	0.04141242883295915	0.07984510261500459	0.9980799369352944	0.9958599125202682	20	5404.0	5403.981003565497	0.9377366304048097	0.9308948508040631	1.0	1.0	True
15	2039-10-01	GARW	north	0.18208655405727078	0.03333925482844018	1.8947058881562977	0.09610280687650986	0.9628410960079123	-14.394625789595556	5	103.0	103.07059665325912	0.05159158737617255	0.0579640555844369	0.0673758865248227	0.11245595040239627	False
16	2039-10-01	GARW	north	0.11657038979845603	0.01700116684057988	1.447082878090278	0.08055543435929151	0.6333988943448753	-3.2635536227794555	22	5431.0	5430.977817382185	0.9433969367316452	0.9309833311589008	1.0	1.0	False
17	2045-04-01	GARW	north	0.02796835537173524	0.0008426618626860538	0.8073410199053136	0.03464255461095662	0.999608583011915	-4.477145321885552	3	38.0	37.997750406875696	0.03449552204777123	0.06222427959598811	0.03713527851458886	0.06438565245253858	True
18	2045-04-01	GARW	north	0.009800633503354535	0.00015244863476611658	0.18394240268264622	0.053280991008166065	0.9909261051627388	0.8882528158938462	22	3718.0	3718.0092399169366	0.9434080746431625	0.9582687858121898	1.0	0.9850424237549787	True
17	2045-10-01	GARW	north	0.053942230458281136	0.0029911157332493943	3.10592918734493	0.017367501705469683	0.9966283870544205	-28.123065855189623	3	38.0	37.90581903289193	0.03449552204777123	0.038097419511421614	0.03713527851458886	0.04274461594002012	False
18	2045-10-01	GARW	north	0.08819222994591717	0.010731363607620366	1.327920472075363	0.06641378892825145	0.5347722429922864	-5.040694147249396	25	3787.0	3787.0622213256856	0.9501991056859829	0.9550772223417122	1.0	0.9907400850323895	False
20	2048-04-01	GARW	north	0.13113878603016388	0.036456887647045445	3.4316361320058397	0.03821465358960171	0.7145395058339761	-112.2899403722855	17	1319.0	1318.9642886566753	0.8457475494421565	0.8379524365756182	1.0	0.9424498070420619	False
21	2048-04-01	GARW	north	0.1128800395563284	0.013449061920903314	2.1140865440614625	0.05339423774935424	0.9705749747633112	-75.5674556784805	8	331.0	330.9952505425375	0.2512779848491107	0.2495909675719224	0.4375	0.39576152210830806	False
20	2048-10-01	GARW	north	0.02799594076716253	0.002161608071106887	0.48590263982213805	0.05761635865450389	-0.31158157516409835	-1.263445771576957	25	1626.0	1625.8564019581445	0.6909057285378699	0.6725265113406971	1.0	0.9644411326663593	True
21	2048-10-01	GARW	north	0.05580576966701961	0.004995120847788041	0.9059083778569532	0.06160200195855963	-0.2462358839050327	-4.930805423667552	23	952.0	951.9921430583389	0.5933078779805975	0.595764661445828	1.0	0.9900462822188437	True
20	2049-04-01	GARW	north	0.005562834841886248	4.0514562364532775e-05	0.09898295692303681	0.05619992587422473	0.9135057877226678	0.2972814672800894	6	158.0	157.9002429615669	0.31324325416177706	0.28640054845503554	0.37623762376237624	0.39751854397831327	True
21	2049-04-01	GARW	north	0.008848012437001347	0.0001289659420642366	0.2678672930965602	0.03303132806815588	0.8954660349830307	0.6906187723402405	27	908.0	907.9452383052809	0.7963249053935598	0.7821613760030346	1.0	0.9557739309855099	True
22	2049-04-01	GARW	north	0.016411446954983304	0.00034249392439194523	0.6195382658930768	0.026489803549625584	0.9862411833540149	-2.976518859280413	7	107.0	106.99983648849721	0.26248555390680844	0.24400065696661324	0.328125	0.286672319442897	True
21	2049-10-01	GARW	north	0.0030318529087845813	1.3640162612504398e-05	0.08534260236408589	0.035525667425164595	0.995725446929278	0.9639086322142516	19	551.0	550.5637427853918	0.6922344282617274	0.6939122437351697	0.8888888888888888	0.8732192450375771	True
22	2049-10-01	GARW	north	0.0025224583456146168	7.863661258038827e-06	0.09716874814361678	0.025959564096538403	0.9949528141362771	0.959426382181425	11	170.0	169.8157292429353	0.29735880984219193	0.2515561929163384	0.47368421052631576	0.30426823789272933	True
21	2050-04-01	GARW	north	0.004829918630425758	2.8482102981835674e-05	0.1307667178453186	0.0369353816476374	0.8561354990411953	-0.2817976532249642	4	57.0	56.82692956050401	0.4559109311740891	0.48873814218838046	0.52	0.5424314758872877	True
22	2050-04-01	GARW	north	0.009919328422648253	0.00013925266596294722	0.21165949351581972	0.04686455711426366	0.9906930521729469	0.7696088249412428	13	277.0	276.71489226056286	0.14876377770024785	0.1261608854396348	0.47368421052631576	0.34104411735705753	True
23	2050-04-01	GARW	north	0.009038139451605582	0.00015099693290302122	0.19204527245911363	0.04706254590843833	0.9971818351129033	0.850054542131776	18	1922.0	1921.9686512581904	0.6648616804570666	0.680263592749949	0.8666666666666667	0.8248106539954997	True
24	2050-04-01	GARW	north	0.009601046450127918	0.00011841781622478851	0.15980582103966628	0.06007945385008716	0.998264903818438	0.8786091040955535	15	861.0	861.0050472520992	0.27106032309021194	0.26180581821340637	0.4	0.3750025739628289	True
22	2050-10-01	GARW	north	0.04301309785446387	0.002335785573277636	0.8874029377225611	0.04847076342214177	0.19759448335625648	-1.7299931938858024	12	254.0	253.65706107404895	0.09485761392475485	0.09560012184614726	0.12315270935960591	0.0976997888180377	False
23	2050-10-01	GARW	north	0.0516704643027015	0.004041470447936804	0.9199363694672325	0.05616743289824022	0.5147134395307134	-1.9444460398110355	22	2076.0	2075.956307538641	0.6431838661710003	0.6303281067461239	0.8666666666666667	0.8110017525428698	False
24	2050-10-01	GARW	north	0.043780327386245	0.0029286193762384704	0.7393774143836361	0.05921242187623678	0.544068664437133	-0.9621330482029347	20	993.0	992.9279555490516	0.3142351920076087	0.3061347522266587	0.6428571428571429	0.44446900885761265	False
23	2051-04-01	GARW	north	0.0007318437797541287	7.141619130725155e-07	0.011862855428704284	0.061692042371459976	1.0	0.9432847217035621	2	49.0	48.85894702201889	0.5606060606060606	0.48494707358044	0.5757575757575758	0.5029535405859499	True
24	2051-04-01	GARW	north	0.0028980455814231663	1.5155682853927101e-05	0.06541026178829307	0.04430567165138376	0.7475556766196392	-2.3469624251822845	3	53.0	52.71353569761061	0.47489177489177486	0.4423259968883853	0.6428571428571429	0.47411248960521174	True
25	2052-04-01	GARW	north	0.0035021293618442374	1.526880381784e-05	0.07377398731656387	0.04747105977634928	0.9999495232760077	0.9835015088530124	10	277.0	276.7657378150242	0.06876269992623434	0.06181514301750056	0.1511627906976744	0.0964558225232406	True
26	2052-04-01	GARW	north	0.006736298738408377	5.381367050404307e-05	0.10621477520062435	0.06342148468218742	0.9980926874113434	0.9635268124410751	16	1022.0	1021.977023673835	0.20676737501120088	0.207656610841428	0.32222222222222224	0.34356958576478625	True
27	2052-04-01	GARW	north	0.005007188090162106	2.9815649537467515e-05	0.07088241484450607	0.07064076613566732	0.9983283853826599	0.9882187231839588	19	3929.0	3929.0220278094985	0.7212805464700236	0.7162650858463201	0.7866666666666666	0.7712607349956062	True
25	2052-10-01	GARW	north	0.09188949218003058	0.008993826289379179	1.656407288189711	0.05547517982757531	0.9131437687534153	-5.359161225558915	10	277.0	276.83587456808715	0.06876269992623434	0.08159778011882333	0.1511627906976744	0.11973547308430221	False
26	2052-10-01	GARW	north	0.09057801943868064	0.011934012520608054	1.6268001945408859	0.05567863818964166	0.28281836748505007	-6.198411390205346	19	1069.0	1068.8431566442105	0.24055760852758304	0.23187642271588618	0.4583333333333333	0.43948198650827075	False
27	2052-10-01	GARW	north	0.09611188390807479	0.013082246383578156	1.3775268039162318	0.06977133485521593	0.5621242604729774	-3.562019142845249	22	3993.0	3993.005487579116	0.6993844666150013	0.6795814602111399	0.7866666666666666	0.7352502796396804	False
29	2054-10-01	GARW	north	0.0017690172742503125	6.006282599105469e-06	0.03770832015797787	0.04691318167553123	0.9930078617417825	0.9827471544304136	28	850.0	849.7808859188788	0.9669392024231518	0.9187415199044116	1.0	1.0	True
0	2025-10-01	GARW	south	0.021337590330906413	0.0008589646736915829	0.1887598162167827	0.11304095733172938	0.8319264717969772	0.21069848686853443	28	1054.0	1053.6086568842554	0.6781641330234238	0.6761599090148392	1.0	0.9998993938724097	True
1	2025-10-01	GARW	south	0.015204798961525148	0.00032816340000528917	0.29976526776594575	0.05072235044053513	0.9693302738196325	0.26008083680187744	13	1463.0	1462.8024568087305	0.6061229353073955	0.5842406169222729	0.8373493975903614	0.912048386056857	True
0	2026-04-01	GARW	south	0.04913726231492258	0.002964885814819719	0.9052024805366377	0.05428317240778239	0.3922507775397579	-3.7576520068657677	24	990.0	990.0379899177656	0.5506341774486264	0.5647536155632459	1.0	0.9960392697036878	True
1	2026-04-01	GARW	south	0.036785545970910896	0.0022014292987095254	0.666654400217694	0.05517933423809802	-0.34957514087813846	-0.7170926697403099	22	1885.0	1884.8545492108537	0.7213726078799422	0.6959839010325778	1.0	0.9745524377211157	True
1	2026-10-01	GARW	south	0.0017291626733792287	5.895581003691639e-06	0.033008612423001536	0.052385197269737054	0.9526707941920632	0.8526242986411937	7	225.0	225.0002872803925	0.8895753814346251	0.8806805795903747	1.0	0.9107936933501172	True
2	2026-10-01	GARW	south	0.002615543087486383	1.0837856305121733e-05	0.12228494000002459	0.021388922360233868	0.9828315735143043	0.8329189829416286	12	193.0	193.02975433886496	0.8995722439950017	0.8905347376789678	1.0	0.9466413889251228	True
2	2027-04-01	GARW	south	0.0023438473764101184	8.056763765051856e-06	0.09761141013792994	0.024012022499194936	0.9964735766832236	0.9648822801986845	16	251.0	251.0063158428266	0.8348534166573269	0.8300908259999791	1.0	0.9504488535952931	True
3	2027-04-01	GARW	south	0.0027688847792462475	7.66672292074154e-06	0.3619331010465828	0.007650266779246248			1	11.0	10.895552308964664	0.4230769230769231	0.36035234421712464	0.4230769230769231	0.36035234421712464	True
2	2027-10-01	GARW	south	0.0032810683652637063	1.4403042572428246e-05	0.1546433616692476	0.021217001039341606	0.9596980828007523	0.8817090944809283	4	50.0	49.99994825702694	0.35438189089806665	0.32944901196953225	0.631578947368421	0.6024326904504579	True
3	2027-10-01	GARW	south	0.003522056034253432	2.1975564128871694e-05	0.08497634169038072	0.04144748955051953	0.9641032674913628	0.8994222874545673	14	837.0	836.919899361329	0.8909633803442312	0.8964856618945028	1.0	0.9591480665019402	True
2	2028-04-01	GARW	south	0.009850841894398625	0.00011442866518087977	0.3891947735408522	0.025310827801660146	0.9991832641325906	0.2401658318130896	4	44.0	43.478228505767134	0.10430600726316412	0.07340263621359204	0.1111111111111111	0.07967518832181496	True
3	2028-04-01	GARW	south	0.002089805552517403	4.951978597170393e-06	0.04695862480030696	0.044503125068171556	0.9994107620384832	0.9944878826699045	24	1385.0	1384.8779241514844	0.9312820438649796	0.9297132534822913	1.0	0.9533006551341245	True
3	2028-10-01	GARW	south	0.2973103078659024	0.11823405233481883	6.60110801907253	0.04503945504404504	-0.9617057416607957	-146.58240656100853	12	414.0	413.9795312684149	0.8944080224277484	0.8757654695333117	1.0	0.950153207306693	False
4	2029-10-01	GARW	south	0.010440782025622016	0.00011936349292707881	0.3288297622798338	0.03175132917785258	0.9824691976975499	0.5976997407906854	9	155.0	155.14759277115812	0.06633066355322416	0.06601584003495442	0.11224489795918367	0.11465117033975082	True
5	2029-10-01	GARW	south	0.009413677868104126	0.00012196358254533292	0.13801723890215734	0.06820653668327356	0.9818024362466515	0.9374235746823976	22	3145.0	3144.9903218307372	0.7184890390594147	0.7087393764237864	0.8707482993197279	0.789459476329017	True
6	2029-10-01	GARW	south	0.008855229370840942	9.837519598596058e-05	0.1290284270562004	0.06863006527223574	0.9981094032779285	0.9255852775522161	14	816.0	815.9584914768045	0.2660679007328889	0.26031816042927425	0.48717948717948717	0.4785443636228971	True
4	2030-04-01	GARW	south	0.04749704799515169	0.003662175912902602	1.820517720860954	0.026089857544857913	0.9691924398692354	-17.210192662651682	9	155.0	155.0229737785416	0.06633066355322416	0.05271990321603961	0.11224489795918367	0.10103527500761238	False
5	2030-04-01	GARW	south	0.08333282691882918	0.010942186766892922	1.1443971655876137	0.07281809971631681	0.6352124836697682	-4.223295310735168	23	3158.0	3157.8646773550768	0.7155112547524837	0.6952258611825447	0.8707482993197279	0.8002359820406547	False
6	2030-04-01	GARW	south	0.06128326249590554	0.004451951773419427	0.7957033402035681	0.07701772683300183	0.2799815874169995	-1.7216346762556278	15	834.0	833.9241316772337	0.2944838868378758	0.29245257498638194	0.6923076923076923	0.5282975590783309	False
6	2031-10-01	GARW	south	0.09160657388178933	0.03342923583307379	2.597550243265857	0.035266526266153723	0.32440712129249005	-126.82211941890235	18	900.0	899.9881336191821	0.8241759158864282	0.8158806353101867	0.9473684210526315	0.855258626925621	False
7	2031-10-01	GARW	south	0.10217262809733509	0.013980447026540166	3.7269922598454595	0.027414231362415466	0.9973870635956805	-185.19394575548455	8	141.0	140.66504611749323	0.1789320730817381	0.17102998669311725	0.23958333333333334	0.21380902785080444	False
8	2031-10-01	GARW	south	0.0920333734338089	0.00847014182560692	4.3402840832317	0.021204458433808884			1	13.0	12.818194661891816	0.125	0.07804025750161596	0.125	0.07804025750161596	False
6	2032-04-01	GARW	south	0.002340967107729788	8.852564807134382e-06	0.05102208201486582	0.045881450056227076	0.9970177824620529	0.9876238771738198	25	1141.0	1140.8465738001821	0.7760280130576092	0.7617952239445708	0.9473684210526315	0.8514557749545144	True
7	2032-04-01	GARW	south	0.0035965123187237436	1.7831138332582852e-05	0.12668906529201665	0.02838849833198966	0.9922662305815402	0.9358335151141643	12	197.0	196.72972018161082	0.19153552346863348	0.18430219572291218	0.25333333333333335	0.21879309043710307	True
8	2032-04-01	GARW	south	0.014727603635646624	0.000222322146984647	0.4811301325018407	0.03061043705382614	1.0	0.7322276297957491	2	24.0	23.56453975898595	0.19040697674418605	0.11495644937987287	0.2558139534883721	0.15195366960092063	True
6	2032-10-01	GARW	south	0.004676916481534926	2.7628125975347816e-05	0.10810065761325063	0.043264459114276885	0.6977386038846254	-5.988261742736776	4	84.0	84.37492491651446	0.6046352083728784	0.5891303054215855	0.6842105263157895	0.6534622876460302	True
7	2032-10-01	GARW	south	0.013531426134331694	0.00018309949322887478	0.451012416958014	0.030002336134331693			1	11.0	10.91181469987557	0.25	0.19884225434898106	0.25	0.19884225434898106	True
8	2032-10-01	GARW	south	0.04116933326508906	0.0028485131529764965	0.8895208190420048	0.04628259663380062	0.7951078700329981	-7.793284589819555	16	1071.0	1070.9258094960996	0.628952791960941	0.6213942090827805	0.9166666666666666	0.7540634632197194	True
9	2032-10-01	GARW	south	0.03574795832264773	0.0022316033923502347	0.7295652037218299	0.04899899027568999	0.7120332022360666	-6.6471114244520235	13	642.0	641.9448838154408	0.3632902062977496	0.34199445190241373	0.42567567567567566	0.4305751131397522	True
8	2033-04-01	GARW	south	0.17319331738727983	0.04145840532439448	3.640592541126058	0.047572837506751044	-0.7770361534074245	-34.148261960623	24	1473.0	1472.8998656691736	0.6080755944230328	0.5781224922958602	0.9166666666666666	0.7331643920893157	False
9	2033-04-01	GARW	south	0.12339693441590005	0.02605557429841853	2.4683247277375124	0.049992180133043816	-0.8183757946512855	-23.14239154061053	20	904.0	903.9252788447193	0.36066187228218116	0.3248599821714154	0.4824561403508772	0.35492929961780484	False
10	2033-04-01	GARW	south	0.3477068157579639	0.12090712796627391	18.31806137268374	0.01898163832317274	1.0	-2322.1166953130505	2	28.0	27.876745326872587	0.18223443223443223	0.2661385877105705	0.1978021978021978	0.3175350792184654	False
8	2033-10-01	GARW	south	0.00779140843130349	7.353030963698638e-05	0.15031476851308054	0.051833951569605574	0.9730217074817096	-2.4796989196209034	6	178.0	178.00645708945908	0.5240289882531262	0.4352495045784661	0.5714285714285714	0.5343621586022667	True
9	2033-10-01	GARW	south	0.007553541764670718	6.638627030677529e-05	0.1536363922965681	0.049165055568930124	0.9929370969828164	-3.44107932083591	4	91.0	91.00846737964265	0.312769701562805	0.3166010276670711	0.35064935064935066	0.3580671609494481	True
10	2033-10-01	GARW	south	0.023842174877284773	0.0020682993524789315	0.09651341301635044	0.2470348331091104	0.8652057670365212	0.5304535249108763	23	1452.0	1452.1114516829573	0.4691344397515088	0.48171047238079207	1.0	0.8268251897555686	True
11	2033-10-01	GARW	south	0.011599668972510305	0.00018075758146039226	0.1887036514558556	0.061470294204793774	0.9840370884989622	0.9013033434310803	18	3702.0	3701.9932235157194	0.6828022333325151	0.6563450183273021	0.9649122807017544	0.9862145601862536	True
10	2034-04-01	GARW	south	0.08729345902817276	0.009441844762566778	1.0202030917006877	0.08556478581402237	0.7645270345177696	-5.028796518067896	21	1430.0	1430.058714263515	0.4650610757369132	0.4624197096328658	1.0	0.871708437251483	False
11	2034-04-01	GARW	south	0.05861399775560715	0.005898790763907734	0.8819622537471099	0.06645862394516248	0.28803147149052455	-1.3572776931876205	21	3779.0	3778.964451558633	0.7178494964186415	0.7158112935571466	0.9649122807017544	0.9631751564901566	False
12	2035-10-01	GARW	south	0.044836577715671774	0.0029042199910780443	1.7754739628647154	0.02525330061350393	0.919200812690326	-29.483417542222465	11	210.0	209.8509415699001	0.18604361219443752	0.17288870412064727	0.4	0.3622199931228064	False
13	2035-10-01	GARW	south	0.05014847887447741	0.00353774864652681	1.021442624299075	0.04909573742224614	0.9958049899699442	-7.607973867029482	15	1366.0	1365.9660382749198	0.8104751456838387	0.7975687695127622	0.9333333333333333	0.8992585816969296	False
12	2036-04-01	GARW	south	0.04084039517186778	0.003118995627429093	1.5057147296356361	0.02712359410985548	0.055296644388917016	-13.184390791490065	11	210.0	209.26122541176494	0.18604361219443752	0.1798060650276492	0.4	0.3235926072601963	False
13	2036-04-01	GARW	south	0.07273035175915271	0.008084334890547685	1.4903242947683357	0.048801695050175856	-0.5047628587353108	-5.83832360958834	23	1870.0	1870.1987438522308	0.8554105637826119	0.8418660646352949	0.9743589743589743	0.9333910448896835	False
13	2036-10-01	GARW	south	0.40216023647893073	0.17084063259791962	8.721353071559069	0.04611213801106194	-0.9816104175283057	-5272.817569971538	6	287.0	287.2550451472012	0.9376917681478636	0.9358153693780741	0.9743589743589743	0.9402339360144639	False
13	2037-10-01	GARW	south	0.04736118139836685	0.00224308150344901	1.3069512901258435	0.03623790860163315			1	11.0	10.704886580749896	0.03151862464183381	0.030252388631154228	0.03151862464183381	0.030252388631154228	False
14	2037-10-01	GARW	south	0.1315823990867505	0.02047849688995662	2.258605289642462	0.05825825330798727	0.960708734304474	-13.708693399443744	21	3416.0	3415.98519031935	0.9509825903917202	0.9435185391308467	0.9921259842519685	0.9994598061446772	False
13	2038-04-01	GARW	south	0.07577544628405385	0.00574191825954753	1.5818595923480983	0.04790276371594615			1	11.0	10.910334366450657	0.03151862464183381	0.013286477095747738	0.03151862464183381	0.013286477095747738	False
14	2038-04-01	GARW	south	0.14449830107868583	0.02632176385423746	2.3355215654157173	0.061869820950664386	0.09106963011863228	-13.159386274279449	25	3514.0	3514.0451418106672	0.9588253759290452	0.9472087039070517	1.0	0.9997863756790439	False
16	2039-10-01	GARW	south	0.0020521047107948187	5.765686015702332e-06	0.035204619007447084	0.05829078026269003	0.9977684888739019	0.9952092585492912	29	4107.0	4107.177250427375	0.9980095343362435	0.9860276666137981	1.0	1.0	True
16	2040-04-01	GARW	south	0.2262100708127306	0.05518959556394731	3.86773110839059	0.058486503966626406	0.8372609678712447	-35.32369438370526	24	4039.0	4038.9618882828604	0.9975948539896278	0.9978937163115335	1.0	0.9989542276617472	False
17	2044-10-01	GARW	south	0.01739743547473951	0.0005325153231665348	0.368745429502615	0.04718007080984345	0.9872043886126085	0.1473584758273816	14	738.0	738.0752903855717	0.4510662606929302	0.4522776141194305	0.8275862068965517	0.6532707480152905	True
18	2044-10-01	GARW	south	0.019260562417449265	0.0004807756695138653	0.30182017927983923	0.06381469411159355	0.9907992175459089	-0.10787180271641739	12	1275.0	1275.0214976817851	0.5966431150604116	0.579008219060608	0.8	0.7778855823302033	True
17	2045-04-01	GARW	south	0.003979524003970602	1.893243557386145e-05	0.07451164745845795	0.05340807967223223	0.9985432507330301	0.9845218164368389	19	887.0	887.050675836317	0.38318928472415614	0.3997473198877249	0.8275862068965517	0.6178089110187933	True
18	2045-04-01	GARW	south	0.0043196539864335595	2.5190590441112043e-05	0.06956034000195149	0.06209937999602033	0.9980274848908367	0.9844231283035291	22	2004.0	2004.0504251219838	0.7018459894393149	0.6732808651038297	0.88	0.880671780581507	True
17	2045-10-01	GARW	south	0.002326455968139806	1.060273719203993e-05	0.047607819528405294	0.04886709769918619	-1.0	-0.9682389959461539	2	31.0	31.046134385311603	0.15866807610993658	0.18553310811910073	0.16279069767441862	0.1915515656059769	True
18	2045-10-01	GARW	south	0.011767748675573632	0.00017619282206204047	0.22830276224319423	0.05154448662797303	0.4860868554064631	-3.614503373074676	7	303.0	303.1933467060349	0.8470324278254366	0.8366598021871193	0.88	0.8610108491150165	True
19	2047-04-01	GARW	south	0.2610442118467425	0.09130131107286601	7.350916304034172	0.0355117921426315	-0.9396823958909314	-198.95662976730995	19	518.0	517.7656349689946	0.9977116704805491	0.985820782012789	1.0	1.0	False
19	2047-10-01	GARW	south	0.15869911225890154	0.039358105164689204	3.439797927516045	0.04613617299708699	0.29590419222262704	-63.11742038770019	19	423.0	422.7307986935535	0.5433276222228647	0.5359964941288995	1.0	1.0	False
20	2047-10-01	GARW	south	0.08509733102633557	0.008926022500381455	1.6943903990961948	0.050222977580448615	0.9916293368381575	-30.127001965688518	14	1116.0	1115.9503603846515	0.7863652344734181	0.7889447835273479	0.9416058394160584	0.943414748877373	False
19	2048-04-01	GARW	south	0.03186792442118523	0.002164132623433372	0.8599396028463335	0.03705832864971548	-0.20208326125015777	-3.818204830271335	12	237.0	236.52652859372597	0.20932203111888126	0.2197344293266302	0.4074074074074074	0.3273385595949131	False
20	2048-04-01	GARW	south	0.0722026786700458	0.008639774718332433	1.502103978881692	0.04806769683401032	-0.7026856293426236	-6.122408162873536	24	1648.0	1647.9724371570546	0.8365709748251376	0.8317702930015908	0.9642857142857143	0.9737703497737684	False
20	2048-10-01	GARW	south	0.026115633855604538	0.0007310548941948862	0.5565808036213309	0.04692154972950213	0.16378229687859933	-13.632277488975907	8	336.0	336.1293070121138	0.9119230070699071	0.9288312363303453	0.9642857142857143	0.9493180757287544	True
21	2048-10-01	GARW	south	0.018811305787651153	0.0005953629396117336	0.3954816432635998	0.04756555988899055	0.891927149580799	-0.116923660584074	17	1896.0	1895.9020381100527	0.9755154432283452	0.9607288386287988	1.0	0.9983237274190874	True
21	2049-04-01	GARW	south	0.004389049075883175	2.372222191149366e-05	0.0801030830602812	0.05479251120184995	0.9981323394211987	0.9837384205321187	25	2344.0	2344.0372147365183	0.9760439015623591	0.9670876296918469	1.0	1.0	True
21	2049-10-01	GARW	south	0.005839338785833411	4.0404636338511027e-05	0.10949793998675839	0.053328298108070014	0.5789692101092672	0.045583507785345034	6	247.0	246.99010225867625	0.9723336118072959	0.9716056053129787	1.0	0.9973232318593493	True
23	2049-10-01	GARW	south	0.011473369150692714	0.00013182756953211943	0.2776759909294225	0.04131926967214434	1.0	0.02203069659857748	2	22.0	21.93790770753928	0.6491228070175439	0.6318383637158932	0.6666666666666666	0.669172589687117	True
23	2050-04-01	GARW	south	0.021272645068911824	0.0007008738521026834	0.616857517146332	0.03448550836718667	0.9928736715156493	-1.2334403603659987	4	45.0	44.84400446145735	0.5503306342780027	0.5420990884795812	0.6666666666666666	0.6504407938424569	True
24	2050-04-01	GARW	south	0.010666729491760502	0.00012039707312459214	2.829551997353154	0.003769759135629412	1.0	-16.922392581936606	2	27.0	27.129233092562576	0.53	0.44842733515521027	0.56	0.45499994631543766	True
22	2050-10-01	GARW	south	0.003902335981963696	2.25753888092476e-05	0.1056057606883547	0.03695192342281014	0.99954384952883	0.9634420176276636	15	442.0	442.00423702077535	0.18574748388871845	0.1918196879628524	0.24193548387096775	0.20830915676065892	True
23	2050-10-01	GARW	south	0.007289992004740285	6.875033334144584e-05	0.20431160858443906	0.03568075282285018	0.927229113099272	0.7819715706029456	18	326.0	325.8011316319695	0.18282127931131137	0.16831516384280631	0.48	0.4253913779248044	True
24	2050-10-01	GARW	south	0.0021874727123438746	8.12476476910927e-06	0.0537165217310108	0.04072253083134823	0.994878951862342	0.9846835292251385	21	1809.0	1809.0408623443439	0.6521092093389077	0.6349990135022159	0.768361581920904	0.7444634572752951	True
22	2051-04-01	GARW	south	0.06701210307070934	0.00779550409296771	1.6883722423765124	0.03969036056668683	-0.04073278277068838	-10.31340605104724	18	492.0	491.9251028871813	0.18966387188849126	0.18527678444657109	0.24193548387096775	0.1942260309676502	False
23	2051-04-01	GARW	south	0.04927904739685178	0.004374742214343509	1.1554890257959067	0.04264778487438089	0.6098570452130128	-5.633098373254256	16	303.0	302.8375871004985	0.14923163153291757	0.13627554364505795	0.35714285714285715	0.20347628483241484	False
24	2051-04-01	GARW	south	0.1277180571512129	0.022161666699323623	2.49086725720947	0.051274533711722574	-0.0006983773422291548	-19.69368556195307	25	2015.0	2014.7884398443045	0.6837456900027722	0.675400185713673	0.8421052631578947	0.7615753652621009	False
22	2051-10-01	GARW	south	0.002632408111245363	6.929572464150379e-06	0.059221758611594406	0.044450015888754635			1	13.0	12.994882988673986	0.22033898305084745	0.21241990790496948	0.22033898305084745	0.21241990790496948	True
24	2051-10-01	GARW	south	0.001293329247117895	1.8417854924558574e-06	0.026540403009295735	0.0487305805667272	0.9858801606057459	0.9253176697731429	4	107.0	106.80918046055224	0.7684880838942503	0.7338531824638281	0.8421052631578947	0.7408445260499328	True
27	2052-04-01	GARW	south	0.0038979967080973055	2.4995316392959108e-05	0.13305868725853487	0.029295319143825944	0.9471108112380935	0.8347311810282673	8	106.0	105.08254596682457	0.7628918650793651	0.7104395437791821	0.8571428571428571	0.8329239854793212	True
26	2052-10-01	GARW	south	0.14950072363067124	0.033154679265864594	3.4769990909710127	0.04299705571361555	0.7364284683851691	-34.18323395105106	22	1208.0	1207.9924739017802	0.2775930992962138	0.27759385232863215	0.43478260869565216	0.39493520410229566	True
27	2052-10-01	GARW	south	0.0991315021814715	0.02074062309762372	1.6927906056522881	0.0585609949928053	0.7079662820276513	-20.90425871417016	34	3281.0	3280.5065091856527	0.6971537536523662	0.6801133630061934	0.9259259259259259	0.7959695629058832	True
28	2052-10-01	GARW	south	0.18182164836477435	0.04522572904088139	3.4789188406136615	0.052263837328467844	0.91571314588829	-81.59816728702857	11	170.0	169.96557515043804	0.12050179886806003	0.12014539169068426	0.30952380952380953	0.23266970057627145	True
26	2053-04-01	GARW	south	0.1565370970197971	0.03103882864520541	2.9344367812560277	0.05334485241586785	0.8212071183595527	-20.94792649206273	23	1222.0	1221.9810999473511	0.28581368918188566	0.27655486941865115	0.4666666666666667	0.31708684793714054	False
27	2053-04-01	GARW	south	0.19291018971148635	0.044561782343045635	3.4294256991214342	0.056251456260127446	0.8477051028098879	-35.70570422067104	24	3134.0	3134.0749755501856	0.6614236157341501	0.6491693982342235	0.8363636363636363	0.82217291334395	False
28	2053-04-01	GARW	south	0.06778827929165705	0.0058411809717199194	0.5273165929338193	0.12855328316999273	-0.2766574631115071	-1.969674059157172	10	155.0	154.52464994265478	0.1283853120881994	0.16498195209671476	0.30952380952380953	0.35691984804414095	False
29	2054-10-01	GARW	south	0.007160453501099589	9.647256142332403e-05	0.12005880843473449	0.059641217453795595	0.9987724509061813	0.9120537978414276	14	2764.0	2763.9885829761843	0.9975088106913833	0.9841063668898952	1.0	1.0	True
0	2025-04-01	GARW	tropics	0.48792542077652956	0.26199097304437247	26.939084603653765	0.01811217522626407	-0.8351071259682128	-10996.851083375614	11	891.0	891.2144384007518	0.9849976316247264	0.9846986987386707	1.0	0.9928980196102785	False
0	2025-10-01	GARW	tropics	0.06494135814444671	0.007043323442451975	2.872981190080006	0.02260417101534808	0.8460669438500514	-205.8099432376776	21	1135.0	1134.9983674309203	0.9326086923801205	0.9297958481433947	1.0	0.9877017941783862	True
1	2025-10-01	GARW	tropics	0.02037489977417043	0.0004162328940723154	0.9511217242251647	0.021421968666280784	0.0	-378.65216817106557	2	24.0	23.931355443147766	0.7118055555555556	0.6077774477575931	0.8125	0.6256692932891604	True
0	2026-04-01	GARW	tropics	0.012745827883196585	0.00022865409602921977	0.4885645936107992	0.026088316775059184	-0.36127739753478183	-49.350940118274124	8	180.0	179.81360160913331	0.8692301062718819	0.8331380324959197	1.0	0.9690540123413846	True
1	2026-04-01	GARW	tropics	0.01569537853535528	0.0009604208546851496	0.12237095335326427	0.1282606542260513	0.3429459828428659	0.0676953730716725	24	359.0	358.5367655964667	0.3020986548910017	0.28774462766196546	0.8125	0.4724827818962738	True
2	2026-04-01	GARW	tropics	0.0044396336392096844	3.243645613533613e-05	0.1645130475515821	0.026986513867951194	0.9170855135659038	0.7466309711724934	25	1460.0	1460.0125222324539	0.7453669320469493	0.7148627228481886	0.9390243902439024	0.9015138894629878	True
1	2026-10-01	GARW	tropics	0.0009207669032518621	1.209041650948716e-06	0.040444973382596526	0.02276591690496867	0.995559930789696	0.9877819119398482	21	321.0	320.6927437962348	0.2471615699956806	0.24337120357147576	0.4857142857142857	0.4445263889794073	True
2	2026-10-01	GARW	tropics	0.0009021585733987819	1.1405600527971659e-06	0.03627865079927394	0.024867478627866646	0.9983358328354668	0.9958482878834785	42	2097.0	2096.8882539832566	0.8487797288815967	0.8409603946428859	1.0	0.984402648939103	True
2	2027-04-01	GARW	tropics	0.29758292240274387	0.09932128258606288	14.622850274545048	0.0203505415712808	-0.33122676115623884	-16167.23491126829	16	493.0	492.932369545814	0.9765510172317966	0.9664875793857701	1.0	0.974511410924626	False
2	2028-10-01	GARW	tropics	0.08369582594383326	0.007004991280420433	522.1849052558786	0.0001602800561667347			1	11.0	10.841905072760376	0.16666666666666666	0.1025695663071218	0.16666666666666666	0.1025695663071218	True
3	2028-10-01	GARW	tropics	0.04128230887694832	0.0031495033752471737	2.69023399294826	0.01534524840038414	0.3803142251474326	-142.28378369517964	30	1100.0	1099.9849942228934	0.8843103804799319	0.8796411791928477	0.9866666666666667	0.9877157350242429	True
2	2029-04-01	GARW	tropics	0.0013970658425183577	1.9517929683315287e-06	4.719038354057157	0.0002960488425183578			1	11.0	10.794590940017638	0.16666666666666666	0.08605643417577243	0.16666666666666666	0.08605643417577243	True
3	2029-04-01	GARW	tropics	0.0036175921114323184	2.207545290525756e-05	0.16534483588344392	0.021879075279874222	0.9520844480267299	0.813790160097049	49	1824.0	1823.9719652022252	0.8378955647505384	0.8351006476044815	1.0	0.962431676081914	True
5	2029-04-01	GARW	tropics	0.005834917089084461	4.037409963780873e-05	0.33538686890771385	0.017397571670255272	-0.6614228930304314	-6.198004253885065	6	83.0	82.6192421173994	0.5334275528393175	0.4745326976549578	0.6470588235294118	0.6059619795248937	True
3	2029-10-01	GARW	tropics	0.003834452297128768	2.5662902065592836e-05	0.1905634314089593	0.020121658540561378	0.2543515054930957	-0.23902956797793906	22	671.0	670.6840447165958	0.7617383467656057	0.7368540053828011	1.0	0.9765946598948269	True
5	2029-10-01	GARW	tropics	0.009481963901889557	0.000335853449695387	0.10548197994362693	0.08989178916585594	0.5808087281095519	0.22337855980470733	31	670.0	669.9461785823954	0.4763374729964608	0.4579530725549077	0.8333333333333334	0.5948400366703833	True
6	2029-10-01	GARW	tropics	0.0019933268625234473	8.302097673033508e-06	0.0826090610438413	0.024129639501235495	0.8485066166453628	0.6776875193447095	20	859.0	858.9383841849337	0.5592924792769371	0.5408469985035705	0.8333333333333334	0.902267075400169	True
5	2030-04-01	GARW	tropics	0.0342452527109295	0.001931552473613518	1.5214205049520266	0.022508736144587007	0.16203764018783387	-28.416732369187233	27	608.0	608.0615626577381	0.4236033527732265	0.4167145972748653	0.8333333333333334	0.6622023564302947	True
6	2030-04-01	GARW	tropics	0.021267722874911757	0.0010791948458928795	0.6351267628973031	0.03348579231316481	-0.16404135106285692	-3.308681693275587	42	1819.0	1818.853932972829	0.7660452257541601	0.7644026986443331	1.0	0.9955442875271093	True
6	2030-10-01	GARW	tropics	0.2641279753357378	0.07706183985933432	13.862110718400574	0.019053950780030502	0.5475506205563625	-4832.314090079273	20	778.0	777.992920208176	0.9614882465386844	0.9606378429224296	1.0	0.9940302089814437	False
6	2031-04-01	GARW	tropics	0.0014815524032087933	3.2684105364518624e-06	0.07562368102653352	0.019591117267737497	0.7146760705517688	0.2895588401561163	14	404.0	403.67951827644436	0.91125423673743	0.9125053810062431	1.0	0.9627674346842451	True
6	2031-10-01	GARW	tropics	0.0012045374631198392	2.1445838226518433e-06	0.059345608465140115	0.020296994070376582	0.9949037469273078	0.9880314245338006	40	1734.0	1733.9237770092038	0.8341232409947335	0.8328920650704618	1.0	0.94514153463295	True
7	2031-10-01	GARW	tropics	0.001350636525106286	4.122536910916732e-06	0.13357018936766168	0.010111811112197801	0.9720867061810501	0.8410940819462683	12	158.0	157.9603434008241	0.19936936229369226	0.1713165083143281	0.4	0.2466692539036779	True
6	2032-04-01	GARW	tropics	0.0011989234307122614	2.7132848546313998e-06	0.05940364895063942	0.02018265631642408	0.9897421245082298	0.9662717013323866	26	1186.0	1186.107618565454	0.7555116096401231	0.7428538337677343	0.8941176470588236	0.8762406065039509	True
7	2032-04-01	GARW	tropics	0.0008049253509288227	1.0125898133170366e-06	0.06064256976740495	0.013273272455572385	0.9905400929003466	0.9761265167756746	12	158.0	157.368079368264	0.19936936229369226	0.1717163800161451	0.4	0.21881201962517277	True
8	2032-04-01	GARW	tropics	0.0017541358461128087	3.820286530456387e-06	0.14357852945974872	0.012217257362317316	-0.6358014216654293	-0.5639681344895955	11	211.0	211.11114787019818	0.8508862970819493	0.8220958709296255	0.9444444444444444	0.9772204196920634	True
6	2032-10-01	GARW	tropics	0.006986980151732349	4.88178916407018e-05	0.31901149818184094	0.02190196965173235			1	11.0	10.744372001252403	0.44	0.37799766737285817	0.44	0.37799766737285817	True
8	2032-10-01	GARW	tropics	0.03403032185098306	0.0015937679674983244	2.867157207177036	0.011869011495358097	-0.4364322668905551	-70.75260625926101	38	1187.0	1186.9996557067943	0.9326892002989674	0.9159810305265061	1.0	0.9938364195115524	True
8	2033-04-01	GARW	tropics	0.003943618589353318	3.173582353602949e-05	0.11744042664220136	0.03357973657033878	0.725673492259325	0.43912973026399305	45	1361.0	1360.9982091819425	0.8220216780725415	0.8174838183443334	1.0	0.9843173349762353	True
10	2033-04-01	GARW	tropics	0.004991152044282635	5.246517959472223e-05	0.13455462550083477	0.03709387191785295	-0.18471279014952996	-0.9991940645302755	12	629.0	628.902743181683	0.6814802636682803	0.6478570418875534	0.9291338582677166	0.9685095619430044	True
8	2033-10-01	GARW	tropics	0.008956478965668448	0.00011879791847414286	0.5828637978823317	0.015366332577540831	-0.31318675989112665	-0.8849332651431892	20	395.0	395.28576115908106	0.5922629408264346	0.5536633724719991	0.9523809523809523	0.9176736685380797	True
10	2033-10-01	GARW	tropics	0.007397939408212138	0.00010440242322410926	0.09419667065131526	0.07853716439296297	0.9284176148654891	0.8467882325480254	34	2636.0	2635.848083330808	0.5993509396278484	0.5842472045910231	0.9425287356321839	0.7698974712913924	True
11	2033-10-01	GARW	tropics	0.0064140408375820595	5.44795948173514e-05	0.17556126023489202	0.036534488468585834	0.929640689959639	0.6844795371778849	24	1445.0	1444.9958402620043	0.5500653671210638	0.5237052791942979	0.972972972972973	0.9466745241255826	True
10	2034-04-01	GARW	tropics	0.05730853001149192	0.005918376522330737	1.8785629299973796	0.03050657984163025	0.8135811855206371	-83.14576451751307	19	1590.0	1589.9031185973365	0.49917403759799817	0.4803201039189107	0.8838383838383839	0.8864006456354442	False
11	2034-04-01	GARW	tropics	0.1032445091024723	0.014696350262696256	1.2048034648425054	0.08569406721947688	0.05437401198397345	-28.826131188091487	34	1747.0	1747.0829278965816	0.7232951433123997	0.72803135278112	1.0	0.9880164374850574	False
11	2034-10-01	GARW	tropics	0.0039008957725917225	4.783143890365937e-05	0.16245841530508773	0.024011657169412004	0.9859471650616549	0.6995822026920656	10	212.0	212.0354328129888	0.8910447191697193	0.9128468398445125	1.0	0.9986209228716744	True
12	2034-10-01	GARW	tropics	0.004583102373447341	2.341924667546504e-05	0.24828162201449364	0.018459289641582086	0.8373438117223463	-4.88371684552703	7	130.0	130.07236162223506	0.750462962962963	0.7743180970325623	0.8125	0.7859476469751745	True
11	2035-04-01	GARW	tropics	0.003291358783695399	1.603539197113074e-05	0.2856258656635325	0.011523321867399159	1.0	-4.893776586715464	2	21.0	21.120491715908084	0.25510204081632654	0.15769512320819173	0.2857142857142857	0.17417905979613396	True
12	2035-04-01	GARW	tropics	0.0008594708088537207	1.2011720605767556e-06	0.04187819356201708	0.020523110854362363	0.996245338548813	0.9872050855894454	33	1523.0	1523.002805759639	0.8368365362047488	0.8469480609106859	0.9193548387096774	0.8842781029703818	True
11	2035-10-01	GARW	tropics	0.0026472680499055714	7.008028128050847e-06	1.2385946260255125	0.0021373159500944284			1	11.0	10.955670928996515	0.22448979591836735	0.1383424298837829	0.22448979591836735	0.1383424298837829	True
12	2035-10-01	GARW	tropics	0.0009896600652445245	1.7432717481242177e-06	0.049438065809251745	0.020018179292510294	0.9946463152375093	0.9879396046790276	38	1677.0	1676.6789895725904	0.81381588006585	0.8038119503445372	0.92	0.9011338200551517	True
13	2035-10-01	GARW	tropics	0.002668561964963323	9.365433100719536e-06	0.24102105065261206	0.01107190412512793	0.13176954412776226	-0.5484324839481933	11	161.0	160.89601031006214	0.7687170807956671	0.730362546660002	0.9166666666666666	0.9741887430445239	True
12	2036-04-01	GARW	tropics	0.0011402885010629576	2.1681540417910744e-06	0.05434754496207086	0.020981416950089735	0.26844234465063577	-0.22715420386490015	12	248.0	247.86659863356732	0.7088714160564312	0.6585219492949104	0.92	0.8478507600822306	True
13	2036-04-01	GARW	tropics	0.0015000221190953939	3.3246197987240755e-06	0.1956860325997966	0.0076654531709124795	0.8386356469869242	0.7003041543132371	37	631.0	630.8703600846903	0.9116530197092856	0.8914642057779476	1.0	1.0	True
13	2036-10-01	GARW	tropics	0.010790089881573699	0.00015104486556466985	2.40460168355895	0.004487267041085882	-0.3240789001134812	-48.79216740857345	50	965.0	965.001044848752	0.9895963859007338	0.9877922982388777	1.0	1.0	True
13	2037-04-01	GARW	tropics	0.0017751211469972433	4.870081296519364e-06	0.40640725445370424	0.00436783823995311	-0.08583966112782963	-1.1659468563566389	50	1184.0	1183.9996439877402	0.9616434852053515	0.9610546630719505	1.0	0.9998105860767751	True
13	2037-10-01	GARW	tropics	0.2313732104598322	0.183869799680355	14.614685761935464	0.01583155561664234	0.6478629230480512	-7474.490614086657	41	939.0	938.7552396521362	0.6976202269784935	0.6963786388114792	1.0	1.0	False
14	2037-10-01	GARW	tropics	0.14932723303715595	0.02719312581159014	8.37912998472672	0.017821329100914544	0.9010586735952136	-1151.9182207588033	25	825.0	824.7660590894482	0.7005992025583301	0.6886874335042645	0.9782608695652174	0.9305797461385812	False
13	2038-04-01	GARW	tropics	0.00720379523721789	6.612889810607477e-05	0.5425843151379067	0.013276821751448762	0.8887918554172833	-14.233132036470742	16	261.0	260.9500411348677	0.3775916979414241	0.36953462685397004	0.6666666666666666	0.6185320900396675	True
14	2038-04-01	GARW	tropics	0.007370819148280282	8.296917551307842e-05	0.3828011791052406	0.019254954139662876	0.7514351204693146	0.06729852062995878	49	1498.0	1497.9779018499016	0.8054316567433408	0.8002536148343432	1.0	0.962846742961978	True
14	2038-10-01	GARW	tropics	0.001536528678049391	5.148287666273303e-06	0.10406970336965063	0.014764418733776097	0.9455064574050672	0.6534020479159879	21	533.0	533.0167192616472	0.8989314288263973	0.8912254008019949	1.0	0.9831393310246695	True
15	2038-10-01	GARW	tropics	0.0014687754691549407	3.579729567421119e-06	0.08525220986062879	0.017228591159761258	0.9423853819710395	0.8381630162447175	22	697.0	696.9723522898055	0.9037750112903828	0.879343264920459	1.0	0.9996725313077099	True
15	2039-04-01	GARW	tropics	0.0015330212263865856	3.8062830608774646e-06	0.05927156602251005	0.025864361771787463	0.9832127458928517	0.9622737817583361	47	1695.0	1695.0054092440776	0.8342176827975332	0.8223854912482426	1.0	1.0	True
16	2039-04-01	GARW	tropics	0.004168057281144191	2.336374865831369e-05	0.15993732697347077	0.026060566098091393	0.9154690749407687	-4.658715225990171	11	281.0	281.00368821347007	0.48409241398440855	0.46330511442602557	0.75	0.7473953508350473	True
15	2039-10-01	GARW	tropics	0.003250201445925838	1.249980141732577e-05	0.10716407316784944	0.030329207819817534	0.8314930240340882	0.6775727340817361	28	920.0	919.9965153892264	0.6424568449294433	0.6400404740813805	1.0	0.9905534782075448	True
16	2039-10-01	GARW	tropics	0.0025704143786770906	1.0479166709123981e-05	0.11392018467332045	0.022563291887632175	0.981972883076594	0.9480446786808098	36	1958.0	1958.0169437196637	0.8195651918850018	0.8003214752644411	1.0	1.0	True
15	2040-04-01	GARW	tropics	0.0014863430312395043	3.101282939232688e-06	0.10393527415293635	0.014300660130577165	1.0	-0.9881481285207543	2	26.0	25.949969434521226	0.13669301712779974	0.10620709537569625	0.15217391304347827	0.11284449412474719	True
16	2040-04-01	GARW	tropics	0.0007712345404638269	1.1155285900284532e-06	0.038061805064652995	0.020262689569078063	0.994713459876108	0.9876436530544455	29	1617.0	1616.7601804578865	0.9674851382130577	0.9651111341096755	1.0	1.0	True
17	2044-04-01	GARW	tropics	0.13080086833064913	0.045478609024393116	43.80269040502363	0.0029861377719311933	-0.4066817529274674	-15098.275728490153	10	124.0	123.38580057814934	0.9312698412698414	0.9369863019636	1.0	1.0	False
17	2044-10-01	GARW	tropics	0.010870229659209923	0.00022863670566343464	0.24761472829176878	0.043899770155842024	-0.19567178586126763	-1.0748767137056694	25	315.0	314.3457582759345	0.6739282283805436	0.6536104656965294	1.0	1.0	True
18	2044-10-01	GARW	tropics	0.012291665727288384	0.0001565076145111868	0.5930350700715687	0.020726709679758062	-0.6853057397760692	-29.270344561919202	16	571.0	570.9165057307056	0.7345670379667457	0.7153851481452447	0.9166666666666666	0.9591223841815035	True
17	2045-04-01	GARW	tropics	0.0031909429925614827	1.3999591363595887e-05	0.3610525465676493	0.008837890835824933	0.8441627233664639	-1.2428518216746682	13	161.0	160.47465394526574	0.47666692365488383	0.44150478825328904	0.8571428571428571	0.8028721818215762	True
18	2045-04-01	GARW	tropics	0.004773212939270224	2.893445721173991e-05	0.2163046716028292	0.02206708206485075	0.994802988902618	0.8470951729892525	42	1965.0	1964.9808214219552	0.8709286137259902	0.8690115686034042	1.0	0.9783509793256211	True
18	2045-10-01	GARW	tropics	0.0018690389475111346	7.264117820269559e-06	0.10372529701723057	0.01801912360106961	0.9550105350736235	0.8007234559753176	24	1197.0	1196.9203047068015	0.9640938794590679	0.961708351765432	1.0	0.9867554082222689	True
19	2046-04-01	GARW	tropics	0.00336966314554201	1.2900411937566308e-05	0.38158642985313695	0.008830668183978421	0.2612204463267479	-6.844831458205138	8	109.0	108.87891928555203	1.0	0.9932415734885194	1.0	1.0	True
19	2046-10-01	GARW	tropics	0.0011492640125172321	2.696020912568017e-06	0.12884663837790483	0.008919627450011245	0.9073044804089525	0.7560004782158194	34	742.0	741.9945127724251	0.9793168955117347	0.9752225788349986	1.0	1.0	True
19	2047-04-01	GARW	tropics	0.0010398371039966067	1.674691462999271e-06	0.09745414845459636	0.010670013749913007	0.9737013154184637	0.9437780646031064	48	1050.0	1049.8020406898122	0.8719319824332548	0.8703294837309558	1.0	0.9992869352135711	True
20	2047-04-01	GARW	tropics	0.0013875127854311416	2.2395730507713594e-06	0.1499160911435451	0.009255262559524675	1.0	-4.214582240380276	2	25.0	24.922082567012044	0.5	0.3840690315496582	0.52	0.3979275881213923	True
19	2047-10-01	GARW	tropics	0.0015128891692585673	3.4135162932673254e-06	0.14022368818532494	0.010789112658761877	0.7709225682391836	0.43022223745549737	23	403.0	403.0268093262991	0.7431344019794687	0.7362091333451452	0.9615384615384616	0.9284287301128719	True
20	2047-10-01	GARW	tropics	0.0015450066457372233	4.385269360132491e-06	0.172998213349471	0.00893076648494733	0.8903710111938485	0.606126750587271	26	411.0	410.7362497881919	0.7963908596258821	0.7825734261284407	1.0	0.8995799749063917	True
20	2048-04-01	GARW	tropics	0.0012598238836610378	2.5162061294603745e-06	0.24669980503620245	0.005106708063576144	0.8104293119146002	0.6521378520507184	46	722.0	721.3944597823943	0.8606872647640393	0.8531052413344732	1.0	0.9359416852286246	True
20	2048-10-01	GARW	tropics	0.025967608778810027	0.0022377132948210635	2.923487558090448	0.0088824078306567	0.1707765387591943	-295.78358668491603	33	465.0	464.40327794929345	0.699914590171534	0.6933114057097144	1.0	0.9605060145871404	True
21	2048-10-01	GARW	tropics	0.05865648234370286	0.005046309409123084	2.982797622088158	0.019664921920730043	0.8287736754904635	-141.8440963875956	24	1102.0	1102.0725079874053	0.7078847507425049	0.6985350262252906	0.8732394366197183	0.8008482047045801	True
22	2048-10-01	GARW	tropics	0.042707283160126355	0.0020880586059161574	1.8651912187370543	0.022896999906017155	0.9707336832887296	-163.01858132835943	7	126.0	125.94298344148834	0.18512078077284297	0.17344400319956949	0.21686746987951808	0.21599601094382004	True
20	2049-04-01	GARW	tropics	0.003172171023732755	1.464901407345246e-05	0.6774902295723687	0.00468223877669059	0.06793473759593271	-17.598633158592097	9	102.0	101.68614771352708	0.295662863546134	0.28061711253491767	0.5263157894736842	0.4506743218598839	True
21	2049-04-01	GARW	tropics	0.003204855791209194	1.3937719361106917e-05	0.15525568949888527	0.020642437011831407	0.9932823017670787	0.9324025748317593	41	1940.0	1939.911791360956	0.7028166330725517	0.6960582525629108	0.8732394366197183	0.7954086584555679	True
22	2049-04-01	GARW	tropics	0.0032835654106129334	1.3858341123617311e-05	0.1543921418714801	0.021267697764995423	0.9962139443074868	0.8740336734847487	28	505.0	504.5601067184057	0.30994444019082196	0.3044920926130482	0.8	0.5733053872409309	True
21	2049-10-01	GARW	tropics	0.0030170468327892185	1.5349473024590805e-05	0.14834652224763664	0.020337833250669846	0.846536891396454	0.16181222840625376	17	697.0	696.9721858963397	0.6532056172688746	0.6411403824012885	0.7619047619047619	0.7644570510784304	True
22	2049-10-01	GARW	tropics	0.005387878382225635	4.376471373592625e-05	0.4821884185186819	0.011173802968510924	0.8038701250460804	0.10654867404049606	21	369.0	368.8236553810376	0.42795955841051925	0.4236256757362719	1.0	1.0	True
22	2050-04-01	GARW	tropics	0.006297835550317855	7.574187937354163e-05	0.5461528630167587	0.011531268948277227	-0.4242827471595636	-7.070176709848189	24	475.0	475.0016507898023	0.7697443222435559	0.7684736533794299	1.0	0.9210775920373215	True
24	2050-04-01	GARW	tropics	0.0071735583612462005	5.306646642330734e-05	0.3814048674610148	0.018808250689090755	0.1731446008647344	-31.174203608224687	3	40.0	39.825417647727434	0.25738095238095243	0.23081776310071192	0.28	0.25215597573554854	True
22	2050-10-01	GARW	tropics	0.001090632398716589	1.6313234852370876e-06	0.0707900533294157	0.015406576876576443	0.989100113387575	0.9745689494890649	45	927.0	926.7105612249189	0.5805642663583592	0.5765798017910283	1.0	0.9238472283246097	True
23	2050-10-01	GARW	tropics	0.0007596968203956774	6.968589787096579e-07	0.19173061691468343	0.003962313545017844	-1.0	-11.397745443119408	2	23.0	22.96909208530691	0.1873015873015873	0.1525889422169887	0.2	0.153293294916019	True
24	2050-10-01	GARW	tropics	0.0007745533071684988	8.95053432365775e-07	0.04114757578458453	0.018823789552595623	0.9934880178043121	0.9724171472593457	29	710.0	709.8059314066894	0.49617530738571475	0.4918029323803583	0.875	0.7693956655210727	True
22	2051-04-01	GARW	tropics	0.0009044008918901149	1.1713868043396656e-06	0.0658244977191551	0.013739579081162237	0.9671379414216024	0.9229086910632707	20	414.0	413.8839222797824	0.3824423799800084	0.3662663950244128	0.5945945945945946	0.5267538808387306	True
23	2051-04-01	GARW	tropics	0.005483380332413031	3.006745986989404e-05	3.3365854465132685	0.001643410732413031			1	11.0	10.95333957850831	0.1746031746031746	0.15753027891961818	0.1746031746031746	0.15753027891961818	True
24	2051-04-01	GARW	tropics	0.0014415101271599898	4.31762980394437e-06	0.07945436595736052	0.01814261695743166	0.9567858325593158	0.8911774098191697	49	1253.0	1252.9343922918297	0.5915945065821282	0.5883325178684702	0.875	0.7338143148058545	True
25	2051-04-01	GARW	tropics	0.0015700812656107269	3.669737357027322e-06	0.13146917437834135	0.011942581012126498	0.6135911703607452	-1.3878609112346414	13	210.0	210.02713047106218	0.4371594991129335	0.4095244821450913	0.6571428571428571	0.5718620289656682	True
24	2051-10-01	GARW	tropics	0.0010053390270954123	1.566282281280267e-06	0.08964599639685619	0.011214544625560865	0.870622885822687	0.7088534962017787	28	601.0	600.8512280712547	0.572995301589759	0.5594751570565986	0.8125	0.7873697412102617	True
25	2051-10-01	GARW	tropics	0.0010476175931618838	2.2358889985618397e-06	0.08287022469905078	0.012641664686760328	0.9465004494680893	0.8882238028249582	40	841.0	841.0385180989149	0.5328631226136512	0.5243555409545131	0.75	0.6609830585347296	True
26	2051-10-01	GARW	tropics	0.0026074692984067575	8.81342056953698e-06	0.14605041826837187	0.01785321349518806	-0.9093472487968939	-4.979120032145976	6	90.0	89.44730445419744	0.27833672391715686	0.2714561946573553	0.34375	0.3068288683398642	True
27	2051-10-01	GARW	tropics	0.0011064858381128466	1.523436251101419e-06	0.04392489062276817	0.025190406223557154	-0.42506004583233764	-2.3029407080662954	5	86.0	85.98683122296532	0.3064110152172546	0.29418311829207877	0.45614035087719296	0.3559899525599437	True
24	2052-04-01	GARW	tropics	0.0007405923068326785	6.573933590134915e-07	0.05612519003235334	0.013195363907111306	0.0849563530953012	-5.7631187086045434	3	34.0	33.22789906923931	0.2975130950725444	0.2583556583227464	0.35294117647058826	0.32284637078663164	True
25	2052-04-01	GARW	tropics	0.0022030044964831555	1.4315078885520875e-05	0.06848998373840887	0.03216535289156042	0.974463416267972	0.8008528302025404	36	783.0	782.8977833835274	0.4465186317768285	0.4501316348003211	0.75	0.6690956514605026	True
26	2052-04-01	GARW	tropics	0.0032252476636989475	1.4005190895556097e-05	0.2276334000447423	0.014168604708557757	0.9912830797234374	0.8312257978487458	32	714.0	713.9481035309595	0.27723366031947166	0.26987794713370145	0.43103448275862066	0.31125457984443866	True
27	2052-04-01	GARW	tropics	0.0022544223357018347	9.50382680706152e-06	0.0940514835447567	0.02397008798515137	0.996090851723244	0.9554299558769868	31	1529.0	1528.9971342870342	0.5691379831188901	0.5680802019700841	0.7941176470588235	0.7123008799695075	True
25	2052-10-01	GARW	tropics	0.00365002086510264	2.232947351493266e-05	0.20083559424326555	0.01817417315319858	0.9745585012548933	-0.39543469491299454	10	162.0	161.90760621096854	0.15929832340730543	0.15837206661094927	0.27586206896551724	0.24884611434584145	True
26	2052-10-01	GARW	tropics	0.006802197413893898	8.76435176127567e-05	0.42735849046105245	0.01591684163465525	0.8814227815952278	-0.8500514891404389	27	617.0	617.0514266516011	0.28941103267976037	0.27849322047790004	0.43103448275862066	0.3404894632196683	True
27	2052-10-01	GARW	tropics	0.012913864793240203	0.0015634964316568719	0.543707882019984	0.02375147615161031	0.2126541579061198	-8.370708756257185	33	1552.0	1551.616754521673	0.6537566539604313	0.6439672614481528	0.7941176470588235	0.6982650965886501	True
26	2053-04-01	GARW	tropics	0.0006381248021361929	4.072032631013553e-07	0.12226152115764746	0.005219342897863807			1	13.0	13.031174677566929	0.325	0.34462767828407864	0.325	0.34462767828407864	True
27	2053-04-01	GARW	tropics	0.004677196621898451	2.7304348385751337e-05	0.26294471842237793	0.017787756491025215	-0.7290329457309371	-9.218182574360673	7	108.0	107.79225309684054	0.6976175687666372	0.6497923020291348	0.7857142857142857	0.6840951788524912	True
28	2053-04-01	GARW	tropics	0.003031329879711671	3.148062588497499e-05	0.15955578744090518	0.018998557986086136	0.39310907150488084	-0.3479265053974716	5	70.0	69.99997647130799	1.0	0.9502936170625438	1.0	0.9968890163370828	True
28	2053-10-01	GARW	tropics	0.004289395197289293	2.3693709389344848e-05	0.22910262634642614	0.01872259286457632	0.9573872700712954	0.6201291533814745	32	1297.0	1296.9992459708455	0.9917983478215333	0.9813306158474259	1.0	0.9982421912099169	True
28	2054-04-01	GARW	tropics	0.00945512876435859	0.00011086224175619994	0.5503191466661185	0.017181173545639083	0.8445236263105458	-0.1334500403954224	41	1632.0	1631.870023413708	0.9860979462724087	0.9748562579365292	1.0	1.0	True
28	2054-10-01	GARW	tropics	0.36410546465923666	0.1405567125951766	19.17814555602359	0.01898543650091738	-0.5706573036054514	-10021.666993681441	16	379.0	378.8921770059856	0.9568683068314957	0.9551720861163494	1.0	1.0	False
29	2054-10-01	GARW	tropics	0.1441219237786441	0.025253436822790045	5.002001022550172	0.028812853721722424	0.9813154434474929	-205.0666291534976	23	1492.0	1491.661507099796	0.9481902188047553	0.9197676827886461	1.0	1.0	False
