variant	pivot_date	model	location	mae	mse	normalized_mae	max_r_data	correlation	r2	n_points	total_sequences	total_smoothed_sequences	mean_variant_frequency	mean_smoothed_variant_frequency	max_variant_frequency	max_smoothed_variant_frequency	converged
0	2025-04-01	FGA	north	0.34159635288008033	0.11676041856528784	14.327730111124241	0.023841623916049364	0.7509328963748586	-744.8932470651678	11	441.0	440.98851126048936	0.588907967756674	0.5978055844460445	0.82	0.8303834907405415	False
1	2025-04-01	FGA	north	0.09987759132892471	0.01002438025930126	2.021917617992803	0.0493974583534591	0.6741456526328947	-111.75813985245904	8	368.0	368.0802858518802	0.4690956303560787	0.4724723019642797	0.6518518518518519	0.6584517332456926	False
0	2025-10-01	FGA	north	0.07147370185535007	0.0057414520330488165	1.7540586401189269	0.04074761254874813	-0.37992077336061963	-12.984824168748801	17	587.0	586.9803105884154	0.46694766597785625	0.4689086760597866	0.82	0.8279668882606315	False
1	2025-10-01	FGA	north	0.24788802202925764	0.06210703763806366	4.906343098791003	0.05052398844474228	0.36025627984987685	-84.28552671422558	24	1078.0	1077.989403812445	0.7369611963073591	0.737409733777764	1.0	1.0	False
0	2026-04-01	FGA	north	0.30119811049009676	0.0907577307485745	7.5220620150774185	0.04004196055368427	-0.45439404099651787	-2548.2835384492273	4	76.0	75.97890552374395	0.2152499673206498	0.2018751780125539	0.2441860465116279	0.24221772032635405	False
1	2026-04-01	FGA	north	0.1233660701747573	0.023692451283707436	0.7560246314950061	0.16317731597025645	-0.23056476648593027	-13.708219896588684	29	1035.0	1034.8833373202606	0.5858539999701038	0.594803896441583	1.0	0.984598892824999	False
2	2026-04-01	FGA	north	0.07466949367439327	0.006227936861748894	1.3367831651930937	0.055857595770670496	0.5671162664606776	-6.67383429273942	16	3030.0	3029.964654658143	0.7605069899945165	0.728056024141202	0.9558232931726908	0.9966112070781282	False
1	2026-10-01	FGA	north	0.198895755615544	0.0401099282393059	2.872718401808896	0.06923607809603029	0.9904549226337425	-33.44903608926548	18	523.0	522.9810105852865	0.25577081235914434	0.2660180654170523	0.7368421052631579	0.5463699810649427	False
2	2026-10-01	FGA	north	0.2145352501013317	0.04652438218864884	3.574141380418241	0.06002427639732234	0.9639339479852985	-24.3394772241263	24	3615.0	3615.0033614379063	0.8269906618757284	0.8132062517085554	1.0	0.9933125973964908	False
2	2027-04-01	FGA	north	0.05994282974248655	0.0036324626189943245	1.0076433225658081	0.05948814267914899	-0.7704437339071445	-149.81032280950825	6	266.0	266.1432016140335	0.9600638332255979	0.9701244301887516	1.0	0.9802600847849321	False
4	2029-04-01	FGA	north	0.08729301151430496	0.008048497061203348	2.3311187493313064	0.03744683171517771	0.638657406665641	-14.868911063440143	11	156.0	155.86337275057517	0.07369385798354197	0.06355228964983921	0.22916666666666666	0.18699412563258314	False
5	2029-04-01	FGA	north	0.21054218150462378	0.04558738538726999	2.0869625960921527	0.10088450166709505	-0.66037003937948	-41.68216340060232	16	2957.0	2957.0599507294337	0.9083087500691741	0.9016176389392473	0.966824644549763	0.973512195887951	False
4	2029-10-01	FGA	north	0.007017013762103681	6.843034958349138e-05	0.16817508431234476	0.041724455146228835	0.9813936795002042	0.8882588569409368	10	146.0	145.94751095305344	0.07258866751070973	0.07008519314560542	0.22916666666666666	0.16337521789753348	True
5	2029-10-01	FGA	north	0.010682018065140835	0.0003050183101515532	0.10726456895731452	0.09958570820707534	0.9173915225311372	0.8318376523874091	25	3474.0	3473.9480295262374	0.9243255242519172	0.9163715276063223	1.0	0.9931708085614308	True
5	2030-04-01	FGA	north	0.05748332993101424	0.0033774983480319844	0.9896797617811531	0.058082757828208945	-0.8030973164952522	-64.73978112055961	7	337.0	336.881567506469	0.9771511778644688	0.9676844504543084	1.0	0.9707245510237993	False
6	2030-04-01	FGA	north	0.10170047948096417	0.012831722864207463	4.732466618752361	0.021489951789195265	0.8955388082104662	-119.28553659712155	10	140.0	139.6849283900282	0.5898996362320895	0.5496632605009566	1.0	0.8092425653049219	False
7	2030-04-01	FGA	north	0.032810221518808746	0.001276162053873832	0.6725735737149761	0.04878309645379123	-0.9945161800451486	-14.279210083110097	5	130.0	130.041540946704	0.622317129652223	0.6202949644599819	0.7755102040816326	0.7242567391304948	False
6	2030-10-01	FGA	north	0.002817232478757505	1.0505757537985352e-05	0.1395710903004011	0.020184928502700168	0.9908443012144678	0.9117594320119425	11	156.0	155.46149650743996	0.5605148208170511	0.5164725743942291	1.0	0.756983422733816	True
7	2030-10-01	FGA	north	0.0013974342465819594	2.816871446176974e-06	0.03543303817278507	0.03943873623728043	0.9961805714204942	0.9920247332842146	28	785.0	784.526951210862	0.8815389544799047	0.8575750995636958	1.0	0.9956597874312626	True
6	2031-04-01	FGA	north	0.2561238566275544	0.06559942993377203	42.366617953206074	0.006045416627554344			1	16.0	15.627973446095819	0.26666666666666666	0.15585951592200512	0.26666666666666666	0.15585951592200512	False
7	2031-04-01	FGA	north	0.07644025104265141	0.007689113221144828	1.7427841904286694	0.0438609963657345	-0.11212082650184606	-16.43520599934764	46	3290.0	3289.838368831495	0.8945960114582825	0.8848891380274708	1.0	1.0	False
8	2031-04-01	FGA	north	0.2061089470299929	0.043419574203217404	3.342554485683914	0.061662105408529	-0.7371767241346088	-71.79054666116224	12	757.0	757.0079776102691	0.2938490319552974	0.2978040488165992	0.6178861788617886	0.5398733635500153	False
7	2031-10-01	FGA	north	0.0011269541307265274	2.1474303005009698e-06	0.018896201094050526	0.05963919017994306	0.9994348762553983	0.997987049782599	27	2820.0	2819.9939320596577	0.7733444311475268	0.7570189958303357	1.0	1.0	True
8	2031-10-01	FGA	north	0.004082693748648266	3.732322841400331e-05	0.05340206848810423	0.07645197768992265	0.995971813295588	0.9749732568117517	21	1014.0	1013.9784140894938	0.47779473360641445	0.46339888219097586	0.9166666666666666	0.738415572311467	True
7	2032-04-01	FGA	north	0.06917554341213057	0.004785255806363561	1.0745559145024626	0.06437593658786943			1	21.0	20.858088082799597	0.39622641509433965	0.2930334218997599	0.39622641509433965	0.2930334218997599	False
8	2032-04-01	FGA	north	0.1930987941761346	0.037533834544962	4.261388428478059	0.04531358673752704	-0.9233024986321736	-1530.4844859679338	6	122.0	121.90142717197033	0.7936442851074742	0.7579491683734582	0.9166666666666666	0.8115566727485989	False
10	2032-04-01	FGA	north	0.037234096651301854	0.0016316262355675643	0.7112295261060825	0.052351730748799445		-0.24421892577148818	21	4448.0	4448.011737288993	0.9526853413858836	0.944486513348337	1.0	0.9978816533519432	False
10	2032-10-01	FGA	north	0.006760708720794062	7.181852454931838e-05	0.1100778434533291	0.061417525168545595	0.9834317308056568	0.9602308956633077	26	4588.0	4588.029857027041	0.9572900904712978	0.9420817017342418	1.0	0.9995165785648904	True
13	2034-04-01	FGA	north	0.360208544354307	0.1304903962305468	4.179093872617402	0.08619297755297975	0.9757371113658948	-52.24512273178633	16	5836.0	5835.991485457278	0.9766985485337127	0.9697134107614203	0.997275204359673	0.9948447097172581	False
13	2034-10-01	FGA	north	0.003104711761869348	1.496435178426469e-05	0.03696013729442699	0.08400162957017722	0.9989630728370357	0.9958007581568635	21	6145.0	6145.010847872472	0.9804150113370411	0.9662991135788717	1.0	1.0	True
13	2035-04-01	FGA	north	0.3431607724134034	0.11777983652523356	4.647472763970937	0.0738381459862923	-0.8166387359182117	-16808.3592260297	3	76.0	76.1450236817311	0.9871794871794872	0.995277848016658	1.0	0.9954650778585304	False
14	2038-04-01	FGA	north	0.023811441061613193	0.0008413432271500083	0.3767342255899405	0.0632048787824522	-0.8486005952217215	-0.6653012945567718	5	70.0	69.80462957755256	0.08782032204044632	0.05901944078228309	0.14423076923076922	0.1014985202714604	True
15	2038-04-01	FGA	north	0.009879957636237172	0.00016324937438179688	0.13776635225245132	0.07171531709087096	0.9670521920501642	0.6168612614451161	13	2000.0	1999.9982382643034	0.8933264972876516	0.8743026232514555	0.9719887955182073	0.9703673427707231	True
14	2038-10-01	FGA	north	0.010459027455181515	0.00013885281272638084	0.43350110051381496	0.02412687636267766	0.9858973651331213	0.04077107207553332	7	92.0	91.75420482275194	0.07104850213370192	0.04898933705908054	0.14423076923076922	0.10360646212972462	True
15	2038-10-01	FGA	north	0.0014553966314890569	2.9444000475877396e-06	0.020375131722941173	0.0714300477307034	0.9994831913176714	0.9987304594723251	26	3781.0	3781.0404515822174	0.9417244602697903	0.9272087456630737	1.0	0.9987458297866684	True
15	2039-04-01	FGA	north	0.2787980331319127	0.07810839433079593	5.170416270063912	0.05392177700393676	-0.9661033769146398	-1032.7232787336184	10	778.0	778.0329706684478	0.9945526819316024	0.9894940439638538	1.0	0.9944379743329438	False
16	2041-04-01	FGA	north	0.06049568576718255	0.00693870101730866	1.4437578073232633	0.04190154710182448	0.6909801433439722	-35.40742938874208	14	894.0	893.9807813137063	0.8679324504169308	0.8618718506334168	0.9545454545454546	0.9310887450847891	False
17	2041-04-01	FGA	north	0.13314115822901126	0.018491432992972248	3.4818001702312413	0.038239172761074566	-0.9956412843828129	-228.24845241670224	6	118.0	118.02402940285691	0.15688650463446352	0.13821738854396173	0.19014084507042253	0.16643401627433024	False
18	2041-04-01	FGA	north	0.2259019466264194	0.051031689489605646	13.821127119021801	0.01634468337358059			1	12.0	12.007070799490291	0.09302325581395349	0.06485246527763079	0.09302325581395349	0.06485246527763079	False
16	2041-10-01	FGA	north	0.002523461547150893	1.3225097172825048e-05	0.0596572492407853	0.042299327898372194	0.9973063463176804	0.9849258989740828	24	1363.0	1363.0330345614248	0.7607980227058005	0.7640256567245043	0.9545454545454546	0.9296896371370014	True
17	2041-10-01	FGA	north	0.0035601012548260964	1.389119251391253e-05	0.09149445121741584	0.03891057006688113	0.9992768497853358	0.9626037433783426	13	230.0	229.98129519094246	0.1729281688101983	0.17432498725056642	0.23300970873786409	0.2587415329750521	True
18	2041-10-01	FGA	north	0.00104264378286531	1.7305093167177367e-06	0.05006215395207256	0.020826986067429182	0.9981261700861148	0.9901077973715939	6	82.0	81.36746917394234	0.19282908080842856	0.12290827623991514	0.42857142857142855	0.1895867147760661	True
16	2042-04-01	FGA	north	0.25345187662449165	0.06431296782665058	5.791117140471626	0.04376562768057747	-0.5644913530472521	-1047.7802559668708	8	300.0	299.8802094371662	0.5781458533296768	0.5700984448707044	0.7373737373737373	0.7340402591176899	False
17	2042-04-01	FGA	north	0.1488058037723991	0.028942746858183842	5.121088460751951	0.029057456224950533	-0.5904789736800411	-136.5505547467456	16	247.0	247.01338837731996	0.1380561033720244	0.1437290374039809	0.21428571428571427	0.22474729794876408	False
18	2042-04-01	FGA	north	0.1357523330351798	0.024956147813610774	3.464155822228136	0.039187709791837326	0.46857758194412125	-52.97600525316468	20	1001.0	1001.0959005931069	0.5018375213288973	0.490808986949706	0.6818181818181818	0.6816103204726582	False
19	2042-04-01	FGA	north	0.18798732031966361	0.03578754426129311	3.4081275445031105	0.05515853437552946	-0.7807066973186949	-127.0228528880204	11	599.0	599.0454643209657	0.34234021965608147	0.3382258772731205	0.50920245398773	0.5001690466836813	False
17	2042-10-01	FGA	north	0.0029820915274066375	1.1500799615802974e-05	0.10256333833259637	0.02907560904205551	0.9991702540830654	0.9673872446449072	14	213.0	213.0658158590123	0.10834915019839664	0.10593944217096003	0.16129032258064516	0.14920115255077207	True
18	2042-10-01	FGA	north	0.0010785362710267463	1.703071880887863e-06	0.021156643853956277	0.050978608822450866	0.9993158968302669	0.9981477685585782	23	1189.0	1189.1759309568251	0.49465274698908207	0.5025722693425914	0.6818181818181818	0.669352926894158	True
19	2042-10-01	FGA	north	0.0007603031146370857	1.2138297102494928e-06	0.01388767431683452	0.05474661180061321	0.9994068656392411	0.9987960773572674	22	1109.0	1109.0428299784517	0.49418185639957274	0.4909084797958474	0.8947368421052632	0.7770233919991348	True
17	2043-04-01	FGA	north	0.006496762755011869	4.2207926294909405e-05	0.16713177222452458	0.038872098755011866			1	12.0	12.04724848505355	0.08450704225352113	0.09830965968314025	0.08450704225352113	0.09830965968314025	True
18	2043-04-01	FGA	north	0.0062223996894260475	5.274322089338883e-05	0.1273415918824438	0.04886384407044554	0.9982274107857882	0.03926002100043302	5	137.0	136.9050131181961	0.3206643997695676	0.29541728576837095	0.42105263157894735	0.3297868743505305	True
19	2043-04-01	FGA	north	0.003256185342552561	1.616259276269407e-05	0.08153123196533417	0.039937889616791775	0.978177343719905	0.9239273758582089	10	354.0	353.6291729126342	0.6970320615106482	0.6783985088521548	0.8947368421052632	0.7961514816775971	True
20	2044-04-01	FGA	north	0.0049914524257958694	3.129325419507657e-05	0.14215347655719224	0.035113122427137204	0.9883378498086952	0.9381481778524942	10	184.0	183.96504453600724	0.07263117446418552	0.07205541677535302	0.14285714285714285	0.1257768628498358	True
21	2044-04-01	FGA	north	0.0024116037691965042	1.0925795435540754e-05	0.036610616254356555	0.06587170651380474	0.9975466101582148	0.9871607266388674	15	3152.0	3151.9186357304848	0.8954671985816006	0.895150080118498	0.9766666666666667	0.9611595140335757	True
20	2044-10-01	FGA	north	0.016361576307790993	0.00038407292875938337	0.36823552820060435	0.04443236747888614	0.9954958020524141	0.4197444103916319	10	184.0	183.928653814372	0.07263117446418552	0.1145917970691109	0.14285714285714285	0.16234243894917624	True
21	2044-10-01	FGA	north	0.01881062354645985	0.0005922948901293464	0.31893751740426424	0.058979024166093144	0.9074933021579011	0.6861223166073787	23	3888.0	3887.843860779777	0.9181983049502402	0.902775406536453	1.0	0.9911977940712764	True
21	2045-04-01	FGA	north	0.009685643214486544	0.00010840938441953287	0.1656358617287533	0.05847552041808335	0.9670729980810386	-4.808817952877005	5	231.0	230.96599453442727	0.9587124339075558	0.9629892353545673	1.0	0.967706779094167	True
22	2049-04-01	FGA	north	0.02760847072434507	0.001311471336838555	0.679251438637568	0.04064543577518468	-0.9071769246105763	-4.139288876394518	15	1318.0	1317.9956435280733	0.9669490614840749	0.954259013669398	1.0	0.9592168754096758	False
23	2049-04-01	FGA	north	0.16408845020547314	0.026925019490834038	13.135082947089849	0.012492380205473148			1	11.0	11.000079753866823	0.07333333333333333	0.05758191684826494	0.07333333333333333	0.05758191684826494	False
22	2049-10-01	FGA	north	0.002886904427473449	1.1224129708674854e-05	0.06158707884224829	0.046875164104926724	0.9989001967338532	0.9886581251174417	25	1919.0	1919.0169621228413	0.9316511008372252	0.9262027062024515	1.0	0.9533155724691547	True
23	2049-10-01	FGA	north	0.001157447855467765	1.3396855381269282e-06	0.08250475651860915	0.014028862144532235			1	11.0	10.892030473538293	0.07333333333333333	0.037415743240408646	0.07333333333333333	0.037415743240408646	True
22	2050-04-01	FGA	north	0.22266600543150233	0.04966710990357383	4.887605917738472	0.045557274702403054	-0.8837540806794226	-764.2672250085607	8	373.0	372.839728267051	0.8667165146816309	0.8552841134137522	0.9142857142857143	0.9009612305991411	False
23	2050-04-01	FGA	north	0.023185553600827934	0.0006705586945135119	0.5411003151033564	0.042848900571050716		-0.20193252225207714	14	452.0	451.96098082949203	0.3130213322464452	0.30964278004827456	0.7857142857142857	0.5857660616669311	False
24	2050-04-01	FGA	north	0.07652270622536984	0.007722040280872639	1.4925229262855706	0.05127070738927359	-0.9656750121651396	-15.376779547449278	10	312.0	312.00411447669126	0.1402590602466861	0.1445005671677209	0.19021739130434784	0.15338259023884832	False
25	2050-04-01	FGA	north	0.023028851464281914	0.0007115116228505549	0.34717071834780666	0.06633293145768958	-0.9557847452118954	-0.5502023993668796	13	1581.0	1580.8564645225576	0.5815304650373877	0.5645703956188574	0.7694704049844237	0.7912924899546477	False
23	2050-10-01	FGA	north	0.003682804901237958	2.6654999968339966e-05	0.06601143492588925	0.05579040821295018	0.998982200779438	0.9722676300316019	18	535.0	534.9396064387586	0.29996146712944377	0.27933863548604054	0.7857142857142857	0.6040448746647671	True
24	2050-10-01	FGA	north	0.0015565637981181757	3.4366683867248814e-06	0.03458799239047816	0.045003010887289516	0.9996206172551582	0.996263529627824	15	425.0	425.13343747262604	0.13130022139692307	0.12744352870663625	0.19021739130434784	0.14404620315383557	True
25	2050-10-01	FGA	north	0.0018279355853137388	5.287356110245057e-06	0.02849097542338933	0.06415840658839349	0.9992994642011446	0.9970885865084685	24	2610.0	2610.0214977471396	0.7052636387215777	0.7052365479201589	0.9583333333333334	0.9041847657162336	True
23	2051-04-01	FGA	north	0.29592501665467247	0.08757161548206818	7.498858205798732	0.039462676654672436			1	26.0	25.679165280937816	0.12871287128712872	0.07415718454325684	0.12871287128712872	0.07415718454325684	False
24	2051-04-01	FGA	north	0.08823976686874298	0.007809977594606019	1.8385000820750093	0.04799551967881983	-0.2229050427242655	-346.211818183182	3	49.0	49.27703288915902	0.11101479741683212	0.10443702256897318	0.15714285714285714	0.11147191891558378	False
25	2051-04-01	FGA	north	0.30008809542905496	0.09016711031661472	5.748182604957094	0.0522057345864876	-0.7985674499685889	-1123.0815276643873	9	598.0	598.0063528671575	0.8638120868194695	0.8591768410838408	0.9583333333333334	0.9015945876772048	False
26	2054-04-01	FGA	north	0.02153577008023941	0.0008753644418442562	0.4325120574782944	0.04979229990904978	0.9023248137314879	0.03496053335168314	7	151.0	150.67259421029684	0.5130046144331859	0.4874648348155347	0.5714285714285714	0.5744381706044169	True
27	2054-04-01	FGA	north	0.014654756007075288	0.0002981281672553372	0.3517693640263366	0.04166012593972823	-0.16999962349283032	-1.3230882154523758	8	174.0	173.65487726634535	0.546102022977023	0.5211771770311292	0.7916666666666666	0.6484846714234569	True
26	2054-10-01	FGA	north	0.003996649930171263	2.238753537962024e-05	0.10864289874327487	0.036787033265887156	0.9934897536214591	0.9602564862388323	16	311.0	310.4190694159695	0.46118659086958874	0.43461480049194967	0.5714285714285714	0.47896293613658936	True
27	2054-10-01	FGA	north	0.0033447923652092032	1.6319434313638816e-05	0.08065131852911177	0.04147225893153715	0.9925354815085082	0.9602272917773254	20	439.0	438.8423520620801	0.5819067879103895	0.5771061910029407	0.7916666666666666	0.6828101960531807	True
1	2025-10-01	FGA	south	0.012427977111486665	0.00018379601568743384	0.30289699988163676	0.041030373745342984	0.9025798542491509	0.2984921628075341	16	1287.0	1287.127251808899	0.976708046199538	0.9799367729630248	1.0	0.9979186125795704	True
1	2026-04-01	FGA	south	0.04754855789448483	0.004181141657016001	0.9898165933199352	0.04803774579591824	-0.3330355611280025	-3.0956678260479187	26	1905.0	1904.990938600328	0.9805927996561065	0.9665216057072974	1.0	0.9985405124441465	True
1	2026-10-01	FGA	south	0.2530082194306873	0.06414492208310141	5.127903672255011	0.049339503157910566	-0.7390892585455306	-858.7841427340749	8	389.0	388.9982738321468	0.9888619091717563	0.9620941530869236	1.0	0.9971809966187343	False
2	2026-10-01	FGA	south	0.1247029873157408	0.01730950046997082	3.008739536984008	0.04144692014143051	0.9116599399817824	-35.45889961000466	22	2497.0	2496.9988772992906	0.9823195486818554	0.9840561042038014	1.0	0.9997929357063455	False
2	2027-04-01	FGA	south	0.27509652851703453	0.08227109166187144	4.960491738230394	0.05545751168112467	0.7883098522913135	-72.45637214055091	30	2880.0	2879.927260130582	0.9836539310181697	0.9808975411286133	1.0	0.9904133873299622	False
2	2027-10-01	FGA	south	0.0024350870054255015	7.952254693093372e-06	0.04390960293281494	0.055456821350704795	0.9855677403753047	0.7915489569575775	6	198.0	197.8013490871627	0.9866754176681537	0.9881382740272606	1.0	1.0	True
4	2028-10-01	FGA	south	0.030174543646488614	0.0013016350880792977	0.8528350467529544	0.03538145361330284	0.5445040625815754	-1.015351731387789	3	39.0	38.916407077302964	0.39419045315271733	0.30144572956275967	0.4583333333333333	0.3419227166619479	True
5	2028-10-01	FGA	south	0.021223048377472967	0.0006975620284745012	0.29701389075915524	0.0714547333905082	-0.2278548066045058	-0.5839695122202264	7	184.0	183.97362779203928	0.697911051212938	0.7018851239105114	0.875	0.8368229404354449	True
4	2029-04-01	FGA	south	0.14305035945497493	0.02094695387345626	2.2614745500355222	0.06325534791126788	0.628807456084671	-26.98110734042309	7	89.0	88.33676851992766	0.27603401029369984	0.24649240490546095	0.4583333333333333	0.3225421274157575	False
5	2029-04-01	FGA	south	0.19254664427264054	0.038323352231040324	2.730271714917746	0.07052288723521473	0.5249388012418857	-58.97000517532437	26	882.0	881.8298150508582	0.8358106796366017	0.8274751525409607	1.0	0.9120228652628579	False
4	2029-10-01	FGA	south	0.23535579299057555	0.05539234929422265	113.94742808401331	0.0020654770094244513			1	13.0	12.901364169084154	0.16883116883116883	0.13311598715437506	0.16883116883116883	0.13311598715437506	False
5	2029-10-01	FGA	south	0.06783621799730863	0.007098073039626345	1.5247684381533395	0.044489521359365014	0.49785102801139147	-14.325447988435966	42	2809.0	2808.7167184990676	0.8541620020609704	0.83823375621369	1.0	0.9521418269668094	False
6	2029-10-01	FGA	south	0.04857833867312152	0.0029051087043913035	0.8760232166875094	0.0554532548313159	-0.44259331587582906	-5.576343649124596	13	745.0	745.0018632230723	0.2830735932170349	0.28888052178863105	0.574468085106383	0.5179018590174234	False
5	2030-04-01	FGA	south	0.03185909766147271	0.0015188211315531415	0.5515272444495539	0.05776522915612148	0.6939929477426215	-0.9265314058023006	29	2344.0	2343.868905352246	0.7316127030585035	0.7287725141429818	1.0	0.9805095239763213	True
6	2030-04-01	FGA	south	0.031025323738121478	0.0016300834273151792	0.48826076393860696	0.06354252897130712	0.7256986409063716	-0.4210791064015922	22	1052.0	1052.127039649919	0.4798583056172113	0.47162169017896166	0.9333333333333333	0.8177395246770274	True
5	2030-10-01	FGA	south	0.29216126927108116	0.08538798673650527	5.150627709803649	0.05672342978992338	0.16057113627982117	-2848.5974161896847	3	43.0	42.38106430480549	0.29589345172031073	0.25978093185532447	0.3235294117647059	0.29368121353867754	False
6	2030-10-01	FGA	south	0.29858644568181875	0.08920625477156663	7.216550572461942	0.041375230823048934	-0.517257509088802	-2031.8119347976576	7	174.0	174.00032222104602	0.7954799397415372	0.7713026573743245	0.9333333333333333	0.8375939141327491	False
7	2030-10-01	FGA	south	0.14994896809843394	0.022813701425603607	3.341411845369208	0.04487593120442338	-0.564378739718741	-97.19915145859184	16	1543.0	1542.9903474533123	0.9788337480303003	0.9697252760006573	1.0	0.9968150277574949	False
7	2031-04-01	FGA	south	0.004940998924984606	3.39767226982629e-05	0.10490657518568478	0.04709903946667815	0.9884140709329857	0.9685235692922629	26	2212.0	2211.998858683985	0.9854854406104323	0.9676625805066	1.0	1.0	True
7	2031-10-01	FGA	south	0.17421845937501573	0.036513058219269555	3.211407646837455	0.05424987374199703	-0.8897849574517379	-23.350979090762596	19	1228.0	1227.9431987863388	0.6786922730825996	0.6753354584009175	1.0	0.9931345291688247	False
8	2031-10-01	FGA	south	0.13083401738021544	0.017169293968833522	2.707996996243748	0.048313944794508554	0.9899463988329859	-71.20897300151422	14	640.0	639.9602262315532	0.4495753319019227	0.4376320481992209	0.8260869565217391	0.6123876273766633	False
9	2031-10-01	FGA	south	0.16356975436885943	0.02696297806039072	3.6693844828764677	0.04457689161007065	-0.996915639641889	-364.69384652129844	5	96.0	95.8996729809762	0.08242752761753877	0.08014778148805132	0.09689922480620156	0.10014938384676227	False
10	2031-10-01	FGA	south	0.036730405129199804	0.0014299736274282562	0.9665154386353463	0.03800291610557264	-0.9981114884422952	-43.773359963967195	3	64.0	63.87037107865778	0.08641741556333037	0.0761424098553839	0.12403100775193798	0.08782250647626229	False
7	2032-04-01	FGA	south	0.003965122505861867	1.7512941168080866e-05	0.08023244902246023	0.04942043467664651	0.9981124512534814	0.9853174062241628	22	1580.0	1579.9490255231935	0.48621669613918217	0.46127441933545993	0.608	0.5140792110848232	True
8	2032-04-01	FGA	south	0.001309218855314123	2.794449853934286e-06	0.02695045970391734	0.048578720723039225	0.999095516334759	0.997115030505247	20	827.0	826.9281361323798	0.36655014131329383	0.36238841950384126	0.8260869565217391	0.5800298982200879	True
9	2032-04-01	FGA	south	0.0016605940346247775	5.945416899131489e-06	0.05111386603644892	0.03248813215264563	0.9984587684484668	0.9830789845185645	11	192.0	191.8928869834633	0.08933114781660255	0.06320704672539042	0.11016949152542373	0.0708569453180842	True
10	2032-04-01	FGA	south	0.0048067951080178984	2.953135121525777e-05	0.09907989724831619	0.04851433279115141	0.98784551851642	0.9386627805581947	20	452.0	451.73319391977	0.4285984474254364	0.44544545077659736	0.9166666666666666	0.8779606861976594	True
7	2032-10-01	FGA	south	0.050341772368075355	0.0025695553471407665	1.0041776651576564	0.05013233625363662	0.8873167261506566	-63.52650435011107	7	296.0	295.70408655328407	0.445839194753517	0.3968873786534314	0.5789473684210527	0.5102010083765375	False
8	2032-10-01	FGA	south	0.044603008591864814	0.002001023791655348	1.0120406649951121	0.04407234821150219	0.7249683833098066	-164.1178371297818	3	58.0	57.93505969873071	0.14213735963325905	0.14372290764802115	0.16774193548387098	0.16031161340648425	False
9	2032-10-01	FGA	south	0.04928633940671964	0.002749765305288095	0.9900153420504763	0.04978340972437856	0.8735690160582762	-2.1974403568256617	13	268.0	267.88232313825296	0.09321466162119024	0.08734828426900705	0.1228813559322034	0.11838678158928229	False
10	2032-10-01	FGA	south	0.06603662320753169	0.004978870844724014	0.7153576178119968	0.0923127419954124	0.5873256534738718	-4.786436430498164	33	1332.0	1331.8743305296478	0.5386461737962189	0.53805620319704	0.9230769230769231	0.8567621782930908	False
11	2032-10-01	FGA	south	0.11972194749584689	0.014513490788944353	2.2226655095184094	0.05386413159476585	0.7192335681160382	-38.54341496730323	14	1615.0	1614.9960492105665	0.5115072068428093	0.49859567716800196	0.75	0.7917322090905302	False
9	2033-04-01	FGA	south	0.0038472874762256978	1.5610233624716352e-05	0.07159821598995021	0.05373440417517829	0.9997411649369901	0.9803565154315752	14	287.0	286.53732824744236	0.09595101676067785	0.10137001087517837	0.13008130081300814	0.15549804172115889	True
10	2033-04-01	FGA	south	0.0031122161291797738	1.4302027257260847e-05	0.054952357881447	0.05663480602404723	0.9908947321776373	0.9814298285588969	22	1111.0	1110.9104367743034	0.4719528211851482	0.46586215660282326	0.9230769230769231	0.8612582827662085	True
11	2033-04-01	FGA	south	0.0016998847473084235	5.397559922186379e-06	0.03002847975238425	0.05660908448665149	0.998676703563562	0.9964552296956966	25	2269.0	2268.8641513454095	0.6288104830615885	0.6153868604481848	0.9166666666666666	0.8055248906114775	True
9	2033-10-01	FGA	south	0.2213969226212387	0.04901659734615475	11.356176577562776	0.019495727378761325			1	11.0	10.565197760124924	0.12643678160919541	0.1368163861902708	0.12643678160919541	0.1368163861902708	False
10	2033-10-01	FGA	south	0.03740879912149114	0.0013994182517120765	0.6317779771531501	0.05921193912149114			1	10.0	10.451960790873342	0.09174311926605505	0.11046074964880644	0.09174311926605505	0.11046074964880644	False
11	2033-10-01	FGA	south	0.2528653894801338	0.06445760238278428	4.541174937825261	0.05568281181460704	-0.9840179673565925	-1729.41807873026	8	294.0	293.8066134322892	0.7911730154040251	0.7582457845165136	0.9166666666666666	0.7607140938601359	False
13	2034-10-01	FGA	south	0.15311475800211372	0.02400175770956996	2.6675971535919776	0.05739800621542176	0.7522568873517403	-19.945434583453153	31	5592.0	5591.913614824782	0.9442358552889579	0.9297153539904868	1.0	1.0	False
14	2034-10-01	FGA	south	0.061062884850191575	0.004479005422219413	0.3947082234787253	0.15470385773070383	0.5509319315638879	-0.6877019161953182	14	244.0	243.82650816117302	0.11077746217816306	0.13989844609430047	0.2727272727272727	0.33492647256696334	False
13	2035-04-01	FGA	south	0.3024166212706854	0.09296909012942334	5.494651781206143	0.05503835972009519	0.3271190061179658	-67.5601026039425	22	5365.0	5364.8613473124815	0.9240627679798403	0.9174215644291064	1.0	0.999163949035046	False
14	2035-04-01	FGA	south	0.18003484188637917	0.03333091110759149	1.231818805477873	0.1461536721843894	0.8755679109107669	-12.041184604835058	12	218.0	217.8542914746706	0.12488458588012613	0.14870689904972065	0.2727272727272727	0.311572658133837	False
15	2038-10-01	FGA	south	0.003225457174150806	1.5049303356818534e-05	0.05227074739720246	0.0617067353110668	0.9958985331329215	0.9915424432115707	26	5865.0	5864.984367341931	0.9950349301342032	0.9833341402782197	1.0	0.9990458139142601	True
15	2039-04-01	FGA	south	0.13094886756103766	0.019580622509626715	2.012305532559119	0.06507404837003326	-0.34104051395490437	-8.783887643265103	25	5843.0	5843.250960516716	0.9967410892443332	0.9962793806690042	1.0	0.9996172030780438	False
17	2041-10-01	FGA	south	0.01421446176614466	0.00027183715837916447	0.5382835755739303	0.026407013721325003	-0.7109453212998136	-2.6627611391380914	10	208.0	208.01596466985765	0.42002741486241985	0.41768527083385554	0.65	0.5301709424876812	False
18	2041-10-01	FGA	south	0.014812806907049359	0.00037911602245185427	0.33497660533508306	0.04422042217614524	0.4293632151463497	-0.819175007797752	10	310.0	309.91950408989396	0.572058623781059	0.5462540979716055	0.6923076923076923	0.6264003819182357	False
17	2042-04-01	FGA	south	0.19419095173839784	0.03773283701481727	7.775708817026308	0.02497405140907308	0.9791557878978367	-209.39754034721307	17	300.0	299.983591045384	0.3511181866698772	0.3482616956804347	0.65	0.5176243113851112	False
18	2042-04-01	FGA	south	0.21378293796763184	0.04577116264394682	4.785214953633765	0.04467572304255439	0.9846535319440352	-63.46637037300988	19	603.0	602.8960935769696	0.6134028774704516	0.6017826323369261	0.7945205479452054	0.6971437953082452	False
17	2042-10-01	FGA	south	0.011233576997499946	0.00018262795571491081	0.39746526104493407	0.028263041071732737	0.956833657690001	0.5386835515210977	9	109.0	108.71202331214899	0.17775854268088426	0.16220106953269267	0.325	0.2643845896449535	True
18	2042-10-01	FGA	south	0.002450798608675114	1.0023427871545444e-05	0.07628126763506597	0.03212844627071324	0.9902040022571132	0.9728410405161271	12	240.0	240.10726296196816	0.4005221601356946	0.4121474828712679	0.7169811320754716	0.6877442206311157	True
19	2042-10-01	FGA	south	0.0024095454162308275	1.0384539615931172e-05	0.05260044334037306	0.04580846211958445	0.9987099578787543	0.9770320616052393	17	2178.0	2177.993255407325	0.8753798090055654	0.8716845284037079	0.9574468085106383	0.9360478918537161	True
17	2043-04-01	FGA	south	0.21208457688070212	0.044995697732901775	9.337575334101144	0.022713024451450688	0.995971615879287	-657.0380293130012	3	35.0	34.71633717472862	0.056736352918471934	0.0468198037838878	0.062146892655367235	0.04887168816507353	False
18	2043-04-01	FGA	south	0.20350693041303805	0.041441618569830065	11.757983872306943	0.017307978359482945	0.9978274699369799	-447.9238162909602	5	61.0	60.65407037304061	0.086768264623356	0.0658552154853532	0.11904761904761904	0.09112082140247284	False
19	2043-04-01	FGA	south	0.2151132777102202	0.046447011444903624	4.043109358115883	0.053204912026041384	0.9774529236392556	-34.53462555099328	26	2730.0	2729.9196637355803	0.8894781725264298	0.8929861082402165	0.9696969696969697	0.954247994149211	False
19	2043-10-01	FGA	south	0.004022334307642548	2.9297198776646318e-05	0.07601153422757381	0.052917420343074895	0.9933596032165967	0.27219986593608436	7	280.0	279.89445969742053	0.9096631998941757	0.9384563872133243	0.9696969696969697	0.9479304099654059	True
21	2044-10-01	FGA	south	0.07762048948373647	0.010279741488974209	1.812025068055486	0.042836322108408965	0.59430795517694	-14.465840065190811	24	3631.0	3630.9926278485536	0.9916995997205514	0.9755515280576285	1.0	0.99952671252166	False
21	2045-04-01	FGA	south	0.16105855128336974	0.0274128215525311	2.7868737068646086	0.05779183709927414	-0.02023935994419087	-19.541028758056076	29	3861.0	3860.9742338742994	0.993130703217008	0.9945148190917101	1.0	0.999834232350297	False
22	2049-10-01	FGA	south	0.16805985467074738	0.029229321205518823	4.37361960240047	0.038425805156558974	-0.9034907222799541	-53.93072857455322	14	752.0	751.8487231645715	0.5263874483754394	0.5257603537769974	0.8787878787878788	0.7695952601710464	False
23	2049-10-01	FGA	south	0.16774972127987778	0.028675285112748583	3.0409973170546394	0.055162732416466555	-0.9791237417691061	-116.56166298647962	11	1028.0	1028.071939826853	0.5562419008155864	0.5314066502681576	0.7404255319148936	0.7846866525557632	False
22	2050-04-01	FGA	south	0.12232003274638463	0.015271546423521817	2.225963448782266	0.05495150102904921	0.9896333381839263	-17.46922021622628	20	928.0	927.8807123262053	0.42661088212020426	0.4437618010442563	0.8787878787878788	0.8406676368388576	False
23	2050-04-01	FGA	south	0.11857771623069242	0.01446676110836842	1.851177461636566	0.0640552938268067	0.97567828634309	-10.438017128915634	23	1881.0	1881.1642461967206	0.7108226576846645	0.6875595778172119	0.9636363636363636	0.9470463463496746	False
22	2050-10-01	FGA	south	0.2532532362574878	0.06415167835272838	5.492827959292826	0.046106165737274045	-0.85363337121314	-6043.689266182867	4	80.0	79.98345457393644	0.16776506899055918	0.16905265338733216	0.21323529411764705	0.1913368401060861	False
23	2050-10-01	FGA	south	0.29186363283869887	0.08531051858738796	6.432211136442695	0.04537531910062777	-0.7032400642918766	-1090.2195463727742	10	562.0	561.9948225618554	0.8721993306961527	0.8608412405421231	0.9636363636363636	0.8991914919789105	False
24	2050-10-01	FGA	south	0.16584508595331518	0.0275045925348625	21.09217125552707	0.007862874046684811			1	10.0	10.044846825425385	0.057803468208092484	0.04259964317871845	0.057803468208092484	0.04259964317871845	False
25	2050-10-01	FGA	south	0.18854138644863305	0.035920338470300746	4.399564998426867	0.04285455187411686	0.2716991391664071	-88.59236608040683	21	2305.0	2304.9354716790035	0.9488781901454092	0.931699192903505	1.0	0.9997406970857037	False
25	2051-04-01	FGA	south	0.22038309738575781	0.048874473351474976	4.1621071414499715	0.05294988569395213	0.9595527777335771	-40.369937310852336	29	2804.0	2803.9751205767902	0.9560629663582776	0.9422443559759753	1.0	0.9721819906326665	False
25	2051-10-01	FGA	south	0.05906915768762192	0.0035197279098405625	1.1188734512383052	0.052793421474294125	-0.6607830699702786	-130.62068235971674	6	258.0	257.9545523076826	0.9705517912039651	0.9691916332751424	1.0	0.9706675268374528	False
26	2054-10-01	FGA	south	0.020937819927401603	0.0008050031866372636	0.31395343479870425	0.06669084522303821	0.023459675344115194	-0.19934961004720253	10	167.0	166.84885311329165	0.1386997131839613	0.1307053625942532	0.3333333333333333	0.21104985781010677	True
27	2054-10-01	FGA	south	0.004029139747932945	2.573416025324777e-05	0.10619820774059753	0.0379398092835486	0.9458702738835671	0.865321689058776	14	768.0	767.918295785491	0.5750212189737749	0.571275696731161	0.8723404255319149	0.8778868527609948	True
28	2054-10-01	FGA	south	0.004157627102989378	2.1046065550123524e-05	0.0761513383122615	0.05459690131696528	0.9710078987496022	0.8391425028357168	7	120.0	119.88793540934978	0.0904175173942583	0.08182689548132271	0.1440677966101695	0.10454755937687961	True
29	2054-10-01	FGA	south	0.015557322867677359	0.00025803158389994444	0.24516325275928483	0.06345699321811667	0.9821439482512213	-0.5360863548422916	7	602.0	601.9188753323624	0.3825131522760401	0.3790767186240703	0.5854430379746836	0.5302359618305399	True
0	2025-10-01	FGA	tropics	0.006421242195951353	4.9311489067150265e-05	0.49698136777865176	0.012920488799514272	-1.0	-10.530483797690048	2	22.0	21.73173716158375	0.9583333333333333	0.9009236908503856	1.0	0.9236193706185624	True
1	2025-10-01	FGA	tropics	0.004949905987283007	3.104530280213442e-05	0.28164864565159003	0.017574755155777413	0.6976407872226477	-0.8772369139099836	14	330.0	330.0555164688246	0.9422056561624993	0.955824558513853	1.0	1.0	True
1	2026-04-01	FGA	tropics	0.030747954307646753	0.0018978660816598423	1.7506120887785968	0.017564116290948055	0.9574528504735339	-29.49174248367175	40	1709.0	1709.269785153036	0.9277608907142403	0.9233588835285185	1.0	0.9998626809999873	False
2	2026-04-01	FGA	tropics	0.3475141195987802	0.1207939940641813	17.228707873375868	0.0201706432167096	-0.9589602266972952	-45369.71247445735	5	68.0	67.94106204088168	0.2332725396532022	0.1941675809078579	0.2753623188405797	0.2417807684296579	False
1	2026-10-01	FGA	tropics	0.09391008608911867	0.009533149500839585	3.621462337543621	0.025931537411159816	-0.5371399186226733	-133.61028313808143	38	1584.0	1583.943486534861	0.7106425159935568	0.7034522482917189	1.0	0.9898435252063262	False
2	2026-10-01	FGA	tropics	0.2061496176552831	0.04256682930086647	8.61540061210007	0.023928036192043374	0.8616181324554063	-567.1682721298363	31	1071.0	1070.9995760392212	0.5488232273332102	0.5478477282100018	0.8253968253968254	0.7289840751418933	False
3	2026-10-01	FGA	tropics	0.0839990181344713	0.007121474841079647	6.990908800412142	0.012015464731784118	-0.6187952411421923	-671.3096185161659	11	185.0	184.92180815591996	0.2566170666470907	0.24115814449981718	0.42105263157894735	0.32302727793843095	False
1	2027-04-01	FGA	tropics	0.2377404256219826	0.056585205842436405	10.94646703131743	0.021718461759562806	-0.8464422921272603	-7833.176954442599	12	222.0	221.9545104604679	0.3132786487915579	0.3099713463454155	0.5918367346938775	0.5378729367925975	False
2	2027-04-01	FGA	tropics	0.08843483270390354	0.011224302485091386	3.824566647811473	0.02312283739505716	-0.7185726216998864	-110.31041821736471	44	1384.0	1383.8424154905922	0.6129826473913215	0.6094969983051103	0.8301886792452831	0.7212696406836115	False
3	2027-04-01	FGA	tropics	0.24486957487754524	0.06032289253800593	18.819586456064204	0.01301142166164025	0.9688397005339745	-1022.0027049212214	25	392.0	391.9806608517156	0.3332020289201197	0.31765841845447207	0.5555555555555556	0.44760876436298075	False
2	2027-10-01	FGA	tropics	0.25405700240044504	0.06457467615409192	14.307423864918357	0.01775700537001563	0.4545702362765329	-3370.8033156265697	18	343.0	343.0424079292013	0.5698909141158999	0.56025127155237	0.6875	0.688157270189818	False
3	2027-10-01	FGA	tropics	0.11368023979560485	0.01305045131653991	7.101842501382873	0.016007147409065885	-0.7538036974727508	-227.9575311260556	14	206.0	205.87277777719797	0.4389834531557016	0.4350313260217246	0.631578947368421	0.700640662019829	False
3	2028-04-01	FGA	tropics	0.2821121636901373	0.07958727290193082	24.157898596330757	0.011677843690137277			1	12.0	11.855975370284993	0.631578947368421	0.6840691555642091	0.631578947368421	0.6840691555642091	False
4	2028-04-01	FGA	tropics	0.05734228932299225	0.0032927048472782016	3.663189665784893	0.015653650112246047	-1.0	-37769748.978261255	2	30.0	29.94903662545062	0.7367149758454106	0.7862555090334363	0.7777777777777778	0.7968721535975171	False
4	2028-10-01	FGA	tropics	0.1472044449952761	0.029210792488681234	8.980993717833528	0.01639066339652067	0.7645311501083323	-1250.7578350944202	27	959.0	958.9339199787476	0.811766530925951	0.8114045052973159	0.95	0.8304775758652231	False
5	2028-10-01	FGA	tropics	0.05000644939997459	0.002523074844157175	2.367132428055707	0.021125328184975447	-1.0	-1586.1527637281151	2	24.0	23.87920972621505	0.17197712418300654	0.1291114784431681	0.19117647058823528	0.14330690407917795	False
4	2029-04-01	FGA	tropics	0.013970475075883924	0.0002833502582636286	0.6822282834312001	0.020477713127958857	0.8837074915218744	-1.9077060468703464	47	1673.0	1672.7128976872325	0.7004308877008042	0.6945896522917051	0.95	0.8556880600182107	False
5	2029-04-01	FGA	tropics	0.1962625235176989	0.03857565350406723	8.315320464948103	0.02360252071402564	0.9225932412498034	-1232.8759960100924	26	608.0	607.9177854699217	0.4583868615898894	0.4546118554547283	0.8125	0.781780964123004	False
4	2029-10-01	FGA	tropics	0.11017189882865812	0.012170956356251551	7.921672499186304	0.013907656349082182	0.007385256033168336	-1336.1632725507104	20	639.0	638.8718879991866	0.5446326002647306	0.5270973351426748	0.7941176470588235	0.7721141162549442	False
5	2029-10-01	FGA	tropics	0.22434012761647426	0.05216106300176124	3.9084831095166375	0.05739825946036094	0.8580450070035823	-360.2184403262556	46	1105.0	1105.0360871539285	0.5452735213570942	0.5474394269731464	0.8611111111111112	0.7590783049293274	False
6	2029-10-01	FGA	tropics	0.05442079563076168	0.002995933294182715	2.69946126640831	0.020159872752376882	-0.6074748435817359	-622.9185367206042	14	462.0	461.8097048897921	0.6503861290527116	0.6290570478758426	0.921875	0.9663991083977715	False
5	2030-04-01	FGA	tropics	0.19402693299607882	0.03816089388238286	11.812908813751408	0.016424992019765026	0.09438766344741709	-4478.187197402858	22	505.0	505.161639919694	0.5842916407549885	0.5599946249284389	0.8611111111111112	0.8216094094902471	False
6	2030-04-01	FGA	tropics	0.05329130206973618	0.008901977154448678	1.9460348216707706	0.027384557293781038	-0.5627157200311281	-57.71359841364877	40	2133.0	2132.999960962293	0.7419000824167916	0.7242088163886885	0.9240506329113924	0.9357641158483513	False
7	2030-04-01	FGA	tropics	0.012695493385795857	0.0002502568894329667	0.6928078937426495	0.018324695056825848	-0.886460981309138	-38.41905429876798	13	285.0	285.0429763845867	0.3148785630846396	0.3064651713185423	0.4915254237288136	0.5308449443245139	False
6	2030-10-01	FGA	tropics	0.11063061042611096	0.01327260131951271	5.478302773662191	0.020194322036741954	-0.4376280915969511	-204.21536179908693	31	1668.0	1668.0290981582937	0.6805043162176387	0.6792583830197079	0.9240506329113924	0.9295284951012917	False
7	2030-10-01	FGA	tropics	0.18607821391400117	0.042329555194782445	6.962177233537019	0.026727014793254154	0.8617178442021964	-565.7741241433371	39	1616.0	1616.0200425905716	0.6954265047288087	0.692102688496048	1.0	0.9987425459856213	False
6	2031-04-01	FGA	tropics	0.25248012713944085	0.0637487873615267	12.618825534480932	0.020008211259402792	0.9276490501615777	-17214.276063956546	5	91.0	91.11897840813738	0.2773438627245991	0.2670224860227238	0.3888888888888889	0.33578215399907796	False
7	2031-04-01	FGA	tropics	0.08842923828191519	0.009136307365318373	5.732666918358313	0.015425497336803064	-0.34615847628050145	-187.29540442147112	40	1628.0	1627.693663837334	0.9264896417040909	0.9116415038518728	1.0	1.0	False
7	2031-10-01	FGA	tropics	0.0018555102273870587	6.107854087454073e-06	0.1353758199801065	0.013706363718865942	0.25055904718031086	-0.19371201354781276	14	274.0	273.99814507738586	0.9430674087816946	0.9019501506227228	1.0	0.995212633481958	True
8	2031-10-01	FGA	tropics	0.009693059284739451	0.000626682289393863	0.09783666507202021	0.0990738929787123	0.7308035475651999	0.10180045350619371	20	735.0	734.8035298242538	0.5670713534706913	0.5506030887033863	0.8709677419354839	0.7307100067131476	True
10	2031-10-01	FGA	tropics	0.0023131587505528855	1.0369285689889245e-05	0.050294562095430116	0.04599222369535383	0.5796846106817338	-1.594429623894706	10	1055.0	1054.9902525234306	0.5658838925413516	0.5518393013189751	0.8058252427184466	0.868448786885129	True
8	2032-04-01	FGA	tropics	0.008051477361127038	0.00021829723628335676	0.06850615512286704	0.11752925480471887	0.9321604783596482	0.7931819209686075	28	967.0	966.9435349578307	0.40109114813572916	0.4055284111591558	0.8709677419354839	0.6998052466784771	True
10	2032-04-01	FGA	tropics	0.0031304208729287125	1.758867051332875e-05	0.07840418193489401	0.039926707934127545	0.9929534816383793	0.9817100162456833	34	5150.0	5149.979487616916	0.8329920853193334	0.8085163536153266	1.0	0.9893769172639595	True
8	2032-10-01	FGA	tropics	0.027022993074726342	0.0010450178233868165	0.6666618442194026	0.04053478282736833	-0.9994878594722063	-7.827393314094243	6	127.0	127.06234427730104	0.05744421020463989	0.05920624430247587	0.07906976744186046	0.07864714308823113	False
10	2032-10-01	FGA	tropics	0.18275692891450912	0.04187489634649827	5.033986722307713	0.03630461083749711	-0.5668339163122756	-250.07224069241758	21	3030.0	3029.956807336168	0.952137168106079	0.9463372434408202	1.0	0.9677687242076578	False
12	2034-04-01	FGA	tropics	0.12078871642058304	0.01502980659675122	4.757839775084989	0.025387302248618786	0.7908675573345434	-75.62283718518563	21	476.0	475.75183251950244	0.278077297984639	0.2667159880217854	0.8461538461538461	0.7582130875979719	False
13	2034-04-01	FGA	tropics	0.20548225847481486	0.048926388049972756	4.552370687873654	0.045137417966020825	0.8898811226798855	-56.060749243423615	27	4994.0	4993.993949986766	0.841619907563767	0.83515040681761	0.9776536312849162	0.9685042689225464	False
12	2034-10-01	FGA	tropics	0.12815126920013564	0.017001096764872266	2.8366939237029816	0.04517627655536722	-0.815218251152944	-38.050747433668114	15	392.0	391.9842955365298	0.1395008997395982	0.1484886826329297	0.35	0.3225641325516279	False
13	2034-10-01	FGA	tropics	0.26162993970227594	0.06898035764979571	5.99420782837542	0.04364712522374857	0.6993713160434293	-71.071544536215	31	5155.0	5155.19785252357	0.9175685305305786	0.9165182938330495	1.0	0.996192790303114	False
13	2035-04-01	FGA	tropics	0.2652885699839924	0.07040239893607461	6.9912013252877685	0.03794606357914786	-0.5322459041242549	-38640.49327357565	5	101.0	101.00257927874519	0.9935483870967742	0.9867161849478157	1.0	0.9950442858749369	False
14	2037-04-01	FGA	tropics	0.0019363970549727007	5.26067643520044e-06	0.16558883806445854	0.011694007142069094	-0.05717077803131916	-0.029693563939085843	17	245.0	244.88484381668198	0.9587936926222698	0.9442055682222456	1.0	0.9585445119343147	True
14	2037-10-01	FGA	tropics	0.17544949731198212	0.041589667737349414	14.788683387063731	0.011863767227950461	0.8500741704472243	-2453.658397700101	43	1030.0	1029.9120870777865	0.9604830221907306	0.954983546128018	1.0	0.9661575528525007	False
14	2038-04-01	FGA	tropics	0.20369556774552214	0.050330334996064825	5.788001597290619	0.03519272832282435	0.4306202865403708	-1033.8154259737726	46	1203.0	1203.0082618880003	0.7490308583525196	0.7503308843247796	1.0	0.978570032907995	False
15	2038-04-01	FGA	tropics	0.06750970689545678	0.008700420552630239	2.419335048390315	0.02790424044010515	0.23809992665578145	-394.2486184960197	18	1255.0	1254.9975398294914	0.7170658010592059	0.6872424407053137	0.9551282051282052	1.0	False
14	2038-10-01	FGA	tropics	0.21792001030830047	0.047499931406917974	15.079612628901096	0.014451300286762146	0.8098550492976526	-2143.668803814169	20	386.0	385.9530406412768	0.44903194610825975	0.4295860226602102	0.8928571428571429	0.8452368257001024	False
15	2038-10-01	FGA	tropics	0.08421536481903753	0.009447884851015604	3.0868368115319353	0.02728209165590556	-0.8011645672833622	-24.6702961631804	44	3651.0	3650.995943917934	0.8755723770818914	0.8674073822363197	1.0	0.999321810933459	False
15	2039-04-01	FGA	tropics	0.24981079127386177	0.06266618364952385	9.056350740487119	0.02758404554243502	-0.728120423069052	-1380.4023041788653	25	1831.0	1830.9932484815147	0.9845163950148474	0.9877309724263355	1.0	0.9931683337715576	False
16	2041-04-01	FGA	tropics	0.1668952136645209	0.03203397992095727	10.517202882492914	0.015868783319026494	0.8842871475451997	-1399.7754136650483	37	860.0	859.8879844551976	0.7694852128799132	0.7664043372247703	1.0	0.9763451551191561	False
17	2041-04-01	FGA	tropics	0.0060741763553444445	5.059560428365603e-05	0.33342971669044386	0.018217261543558547	0.7920531742800162	-9.521338439498223	15	326.0	325.88363069344666	0.3974084976010003	0.3711954485330004	0.5230769230769231	0.5248659669900577	False
16	2041-10-01	FGA	tropics	0.1753657424636516	0.03088450438150475	10.6721271261059	0.016432126453467383	0.9309591114343281	-539.7319024688119	35	906.0	906.007466383656	0.5473846486430639	0.5442505919292044	1.0	0.8669222590006181	False
17	2041-10-01	FGA	tropics	0.17635996325130826	0.03630149419305624	8.932571327220913	0.019743471033236863	0.8343938718922999	-394.5746200445364	41	1395.0	1394.893517398425	0.5465442100380955	0.5387982068417707	0.7611940298507462	0.6732004009451774	False
18	2041-10-01	FGA	tropics	0.18390805719377545	0.033835246649749386	15.964766003128437	0.011519621218233769	0.7127502868813899	-1668.2958331195202	17	253.0	252.61661829977757	0.25878961827838826	0.24200357605577322	0.37254901960784315	0.3463096677360662	False
16	2042-04-01	FGA	tropics	0.2046235357763234	0.04188109983548859	13.465779546144617	0.015195818041957259	-0.552812172628139	-11084.702741862195	9	174.0	173.96500342330754	0.25091360713626454	0.23894515685098788	0.34177215189873417	0.3229980658153958	False
17	2042-04-01	FGA	tropics	0.20648374479323872	0.042973220729965365	13.817233860465606	0.01494392777008992	0.6669749865685042	-1160.5509117250963	35	1149.0	1149.1970404341857	0.6110879591816726	0.5888199524722157	0.7647058823529411	0.6774246836529267	False
18	2042-04-01	FGA	tropics	0.2257729748291795	0.05134971101744818	23.648070530604056	0.009547204899317105	0.884473869817579	-1758.0141545856047	25	355.0	354.59479017365925	0.3347388836014105	0.2991297626889721	0.65	0.446449582815195	False
19	2042-04-01	FGA	tropics	0.15725717943639092	0.02472982048428925	10.150018086265009	0.015493290563609057			1	13.0	13.077285900611932	0.6190476190476191	0.5391440020005542	0.6190476190476191	0.5391440020005542	False
17	2042-10-01	FGA	tropics	0.0030541055414484083	1.1817630705018443e-05	0.1926001002873563	0.015857237545005072	0.6344018295968197	-1.998053243340765	9	134.0	133.53573623046637	0.5393428759243238	0.46354981138765416	0.7647058823529411	0.5585276798789284	True
18	2042-10-01	FGA	tropics	0.005524836652425688	4.2298667741486217e-05	0.6650837483089796	0.008306978882694034	-0.09655127481940987	-2.9682070343365834	7	92.0	91.56530239940206	0.495578368471809	0.4130830429965783	0.65	0.43633546870545453	True
19	2042-10-01	FGA	tropics	0.0015995481523691216	4.251888495116519e-06	0.1156038138334344	0.013836465245634548	0.8762941690950381	0.542387571473309	27	606.0	606.0240469975848	0.8063352186109107	0.797598986126094	0.9705882352941176	0.9208910200322326	True
19	2043-04-01	FGA	tropics	0.20815229363051901	0.05050637501702938	19.81389755404599	0.010505368419451346	0.8224624789744492	-1289.1867316825653	50	1381.0	1381.0129971195254	0.8518769416323838	0.853728451345602	0.9772727272727273	0.9396279979337395	False
19	2043-10-01	FGA	tropics	0.16046166748186091	0.02620432719148483	13.597201099541854	0.011801080700885385	-0.865473696431965	-1605.8213523152933	34	872.0	871.898119732161	0.8116225289986312	0.7922577501368501	0.9772727272727273	0.9375627070745962	False
20	2043-10-01	FGA	tropics	0.20778669337393832	0.043292543501750394	22.156229429650672	0.009378251567293614	-0.21493714140768225	-10274.365023073098	13	175.0	174.9546268388491	0.7158903044928453	0.6789016600196564	0.9166666666666666	0.8285984011146671	False
19	2044-04-01	FGA	tropics	0.11141271816689957	0.012426020043169726	8.326738721325864	0.013380114579740214	0.696115204995183	-4580.273297296651	8	94.0	93.87349770221587	0.6367673319327731	0.5545212612763324	0.75	0.7161239730604251	False
20	2044-04-01	FGA	tropics	0.18910861356436912	0.04441880309503082	8.206490345955057	0.02304378675807252	0.7449323044342409	-1498.24605952247	37	603.0	602.9023165397261	0.6623301799694513	0.6489641269295126	0.9166666666666666	0.8127710613555489	False
21	2044-04-01	FGA	tropics	0.04793111886951511	0.0023139302525901216	1.8814154471730327	0.025476095107827033	-0.12449912276620129	-3036.426955331474	11	285.0	285.0104413897175	0.5431203630365163	0.5428454524686358	0.819672131147541	0.7950416211866677	False
20	2044-10-01	FGA	tropics	0.13795087250865815	0.019856187883933233	5.3603794255418515	0.0257352813219399	0.8428746762040691	-465.29241410788586	29	510.0	509.37402507451856	0.5035310201202136	0.5003961700140809	0.8947368421052632	0.8483013306400418	False
21	2044-10-01	FGA	tropics	0.18685817817693687	0.03602260318041838	8.292915043614281	0.022532267265998534	0.9648312342128185	-215.5993675818996	37	2484.0	2483.9645007852514	0.8124544255732452	0.808575996402434	1.0	0.9990479380594434	False
20	2045-04-01	FGA	tropics	0.2452459321390121	0.060161216976221024	16.043995983748424	0.015285838539689931	-0.7673267412833877	-4786.784679355653	4	53.0	52.281848116156596	0.13917209333876	0.1286052236062761	0.19753086419753085	0.17008338173156737	False
21	2045-04-01	FGA	tropics	0.030232834995522612	0.0011912319522083361	1.6012383992969474	0.018880908057661423	0.7942130627917211	-10.215050207326662	37	2337.0	2337.0473942125186	0.9669740593383888	0.9636460757919951	1.0	0.9987038603543243	False
21	2045-10-01	FGA	tropics	0.0011892406232222909	1.7074083657423517e-06	0.06276982788226194	0.01894605518837749	0.29333501053282485	-0.18102760837487897	11	215.0	214.8562408467685	0.9978858350951374	0.9925997296645072	1.0	0.9979128843147385	True
22	2048-10-01	FGA	tropics	0.040770540943583435	0.0022560409886382884	2.0569664645969725	0.019820712512963468	0.9157082056953139	-60.12846685282396	25	1119.0	1119.1115779061345	0.8959083137890178	0.8917523867227238	1.0	0.9536839538411918	True
22	2049-04-01	FGA	tropics	0.10426304033121489	0.012605301069800772	5.391731107787095	0.019337581612820287	0.941933942238035	-84.61906315190049	49	2442.0	2441.9611357623526	0.9322069730316058	0.9318164838331011	1.0	0.9586954163747321	False
22	2049-10-01	FGA	tropics	0.12212763509353701	0.01541800056182412	7.39935446845671	0.01650517428434663	-0.18632901856185557	-572.7056558703938	27	1212.0	1211.9492305686488	0.9495214862483271	0.9355520873344085	1.0	0.9854394225756656	False
22	2050-04-01	FGA	tropics	0.2743560781187236	0.07527125760068716	15.967591089670051	0.01718205811872358			1	13.0	12.39412843715834	0.9285714285714286	0.8002214736179181	0.9285714285714286	0.8002214736179181	False
23	2050-04-01	FGA	tropics	0.06988450992011788	0.004958668276926492	6.35179352917568	0.01100232707488326	0.48363580154010793	-816.3075825279129	22	336.0	335.77254107233244	0.9176141655884741	0.9124405596490778	1.0	0.9743298734172097	False
23	2050-10-01	FGA	tropics	0.2192309112852716	0.04868102966003475	5.99986328193796	0.03653931781166518	0.861065811161186	-385.9587554863861	41	690.0	689.779183069683	0.6019533600254459	0.5971347771633204	1.0	0.9737312039930425	False
24	2050-10-01	FGA	tropics	0.2252132607958306	0.050736989433856	10.847417558347974	0.02076192417083738	-1.0	-8038.242045391142	2	22.0	21.954684686860798	0.06490183792815371	0.0420666156294306	0.06547619047619048	0.0440915705702737	False
25	2050-10-01	FGA	tropics	0.18243948414166702	0.03338725570413037	6.383910468055912	0.02857801422099599	0.7099675299392839	-200.44374573289664	26	2312.0	2312.046978629683	0.7244296688339337	0.7149184385962971	0.9517241379310345	0.9241213055298323	False
23	2051-04-01	FGA	tropics	0.20527205153223782	0.042238061388523186	8.799945305938255	0.023326514472052345	-0.43286592814806757	-680.0547777066773	18	319.0	318.9351872514642	0.23473713476606456	0.23907593189667736	0.575	0.5221880512632017	False
24	2051-04-01	FGA	tropics	0.22559568271167796	0.05089409674072786	24.40070590155247	0.009245457226601164	1.0	-36371.99362626587	2	22.0	21.887463697125565	0.06490183792815371	0.044852566549018355	0.06547619047619048	0.0452053902528894	False
25	2051-04-01	FGA	tropics	0.22323061624631793	0.050034754763493054	6.5504063971115905	0.03407889567657233	0.8738919710738325	-127.42511438070719	42	3128.0	3128.066504930136	0.8283287840195244	0.8235203903321582	1.0	0.9379498890889036	False
25	2051-10-01	FGA	tropics	0.2514641047864992	0.06386046672643106	10.365582545518283	0.024259524602910382	-0.8183333121769976	-15092.156039405401	16	640.0	640.0158999773971	0.9218406571452847	0.9053728043979835	1.0	0.9237883292290897	False
27	2054-04-01	FGA	tropics	0.13007841133988296	0.017040647127018152	6.54049986729574	0.019888145245642468	-0.32988943029926565	-373.39495104367796	11	179.0	178.22559687205484	0.7632825601171297	0.7629270933041177	0.8636363636363636	0.8498343748232988	False
26	2054-10-01	FGA	tropics	0.1671803834883248	0.028210858598873883	56.14626370866293	0.002977586974545738	-0.0895897464315612	-33102.86389355995	5	60.0	59.58083402605773	0.2571453182875355	0.16099321991536925	0.3333333333333333	0.18298514889530074	False
27	2054-10-01	FGA	tropics	0.07558026917444398	0.00658886300478665	5.5327008739763865	0.013660646200835356	0.9461795142568816	-281.8052212170234	37	908.0	907.9209916229396	0.6937922953735505	0.6852811132267633	0.868421052631579	0.7570778523859464	False
28	2054-10-01	FGA	tropics	0.1916029006535935	0.03674724467720595	11.2084828872157	0.017094454493224425	0.4724573676641749	-14144.492199397531	7	115.0	114.91178972073295	0.29172171088805926	0.2793301795587152	0.3466666666666667	0.3419235827994125	False
0	2025-04-01	GARW	north	0.4163929865164439	0.19684289531049123	17.464959097695623	0.023841623916049364	-0.7946396704187307	-1256.4791024987042	11	441.0	440.98851126048936	0.588907967756674	0.5978055844460445	0.82	0.8303834907405415	False
1	2025-04-01	GARW	north	0.3381689450789247	0.12240040792291393	6.845877426712667	0.0493974583534591	0.07285690412854418	-1375.8075389761796	8	368.0	368.0802858518802	0.4690956303560787	0.4724723019642797	0.6518518518518519	0.6584517332456926	False
0	2025-10-01	GARW	north	0.0031685239092061478	1.3977495691580954e-05	0.07775974372524293	0.04074761254874813	0.9903522432503503	0.9659541143179413	17	587.0	586.9803105884154	0.46694766597785625	0.4689086760597866	0.82	0.8279668882606315	True
1	2025-10-01	GARW	north	0.002777127601106995	1.2676243872243252e-05	0.054966515641264535	0.05052398844474228	0.9977056780097258	0.9825929528034733	24	1078.0	1077.989403812445	0.7369611963073591	0.737409733777764	1.0	1.0	True
0	2026-04-01	GARW	north	0.0064999787867453815	6.02710572015742e-05	0.16232918410752786	0.04004196055368427	0.14796965451768512	-0.6929468454269188	4	76.0	75.97890552374395	0.2152499673206498	0.2018751780125539	0.2441860465116279	0.24221772032635405	True
1	2026-04-01	GARW	north	0.0226663938999357	0.0013442334227538018	0.13890652487547517	0.16317731597025645	0.5432952436965763	0.1655029470165853	29	1035.0	1034.8833373202606	0.5858539999701038	0.594803896441583	1.0	0.984598892824999	True
2	2026-04-01	GARW	north	0.006644329195456955	8.205149567623495e-05	0.11895122057769869	0.055857595770670496	0.9903506157674484	0.8988991707417475	16	3030.0	3029.964654658143	0.7605069899945165	0.728056024141202	0.9558232931726908	0.9966112070781282	True
1	2026-10-01	GARW	north	0.05180131443574561	0.004413418062564611	0.7481838350794119	0.06923607809603029	0.46133592803649615	-2.7905327879722845	18	523.0	522.9810105852865	0.25577081235914434	0.2660180654170523	0.7368421052631579	0.5463699810649427	True
2	2026-10-01	GARW	north	0.049470624783248374	0.00317686281956008	0.8241769456042162	0.06002427639732234	0.17880412844531973	-0.7302764544836222	24	3615.0	3615.0033614379063	0.8269906618757284	0.8132062517085554	1.0	0.9933125973964908	True
2	2027-04-01	GARW	north	0.4996758959241802	0.2616372005375795	8.399588109838906	0.05948814267914899	-0.9824263818127296	-10861.490494939368	6	266.0	266.1432016140335	0.9600638332255979	0.9701244301887516	1.0	0.9802600847849321	False
4	2029-04-01	GARW	north	0.07301605747455618	0.006606451585973581	1.9498594174780821	0.03744683171517771	-0.32417225397883953	-12.025685648577898	11	156.0	155.86337275057517	0.07369385798354197	0.06355228964983921	0.22916666666666666	0.18699412563258314	False
5	2029-04-01	GARW	north	0.05103285551294284	0.004219642016233792	0.5058542657160982	0.10088450166709505	0.7450613399479487	-2.9507299771403557	16	2957.0	2957.0599507294337	0.9083087500691741	0.9016176389392473	0.966824644549763	0.973512195887951	False
4	2029-10-01	GARW	north	0.0417270750592481	0.002143738198708532	1.000062790826389	0.041724455146228835	0.20347421919852177	-2.500548487638558	10	146.0	145.94751095305344	0.07258866751070973	0.07008519314560542	0.22916666666666666	0.16337521789753348	False
5	2029-10-01	GARW	north	0.07699154668738924	0.008373220740549915	0.7731184330917793	0.09958570820707534	0.03773296714126237	-3.616314529149718	25	3474.0	3473.9480295262374	0.9243255242519172	0.9163715276063223	1.0	0.9931708085614308	False
5	2030-04-01	GARW	north	0.2243860969261286	0.05111636326102486	3.863213547638253	0.058082757828208945	-0.9473682474608929	-993.9312142274856	7	337.0	336.881567506469	0.9771511778644688	0.9676844504543084	1.0	0.9707245510237993	False
6	2030-04-01	GARW	north	0.12703150445056852	0.032068544914363624	5.911204720079341	0.021489951789195265	0.9129425333035648	-299.61295538674875	10	140.0	139.6849283900282	0.5898996362320895	0.5496632605009566	1.0	0.8092425653049219	False
7	2030-04-01	GARW	north	0.03364261508119125	0.0017513245613882803	0.6896367292522834	0.04878309645379123	0.9950312488017776	-19.968227205890344	5	130.0	130.041540946704	0.622317129652223	0.6202949644599819	0.7755102040816326	0.7242567391304948	False
6	2030-10-01	GARW	north	0.0024348839624720267	7.347613714687314e-06	0.12062881283658293	0.020184928502700168	0.9952649028792678	0.9382854967672153	11	156.0	155.46149650743996	0.5605148208170511	0.5164725743942291	1.0	0.756983422733816	True
7	2030-10-01	GARW	north	0.0015792700380568533	3.3117230354234087e-06	0.04004362686865229	0.03943873623728043	0.995940233898584	0.9906236848216279	28	785.0	784.526951210862	0.8815389544799047	0.8575750995636958	1.0	0.9956597874312626	True
6	2031-04-01	GARW	north	0.23015220662755434	0.05297003821553247	38.07052860154351	0.006045416627554344			1	16.0	15.627973446095819	0.26666666666666666	0.15585951592200512	0.26666666666666666	0.15585951592200512	False
7	2031-04-01	GARW	north	0.1585585244411493	0.02944424614286171	3.615023314085493	0.0438609963657345	0.7290299225964387	-65.76537101632849	46	3290.0	3289.838368831495	0.8945960114582825	0.8848891380274708	1.0	1.0	False
8	2031-04-01	GARW	north	0.04572898524909552	0.004226988340282102	0.7416059660325897	0.061662105408529	0.9623931354976725	-6.086315277515862	12	757.0	757.0079776102691	0.2938490319552974	0.2978040488165992	0.6178861788617886	0.5398733635500153	False
7	2031-10-01	GARW	north	0.0007603849382656508	1.1685365999309242e-06	0.012749752905286293	0.05963919017994306	0.9994722338491671	0.9989046415139419	27	2820.0	2819.9939320596577	0.7733444311475268	0.7570189958303357	1.0	1.0	True
8	2031-10-01	GARW	north	0.004207924314576995	4.455617636892044e-05	0.05504009761060312	0.07645197768992265	0.9954342333745083	0.9701232709275253	21	1014.0	1013.9784140894938	0.47779473360641445	0.46339888219097586	0.9166666666666666	0.738415572311467	True
7	2032-04-01	GARW	north	0.02131420358786943	0.0004542952745851461	0.3310896076638322	0.06437593658786943			1	21.0	20.858088082799597	0.39622641509433965	0.2930334218997599	0.39622641509433965	0.2930334218997599	True
8	2032-04-01	GARW	north	0.005484172157198743	3.374331785543822e-05	0.12102710361386938	0.04531358673752704	0.9277625967671472	-0.37682089845586586	6	122.0	121.90142717197033	0.7936442851074742	0.7579491683734582	0.9166666666666666	0.8115566727485989	True
10	2032-04-01	GARW	north	0.0034422399322625104	1.3519639124499163e-05	0.06575217061646906	0.052351730748799445	0.9984549881351321	0.9896904140779208	21	4448.0	4448.011737288993	0.9526853413858836	0.944486513348337	1.0	0.9978816533519432	True
10	2032-10-01	GARW	north	0.025132111433041594	0.0008495538213639756	0.40920097910283054	0.061417525168545595	0.7704238585651952	0.5295643460586765	26	4588.0	4588.029857027041	0.9572900904712978	0.9420817017342418	1.0	0.9995165785648904	False
13	2034-04-01	GARW	north	0.0099675261297884	0.00012127807821352355	0.1156419747033535	0.08619297755297975	0.9984330303901754	0.9505138589069393	16	5836.0	5835.991485457278	0.9766985485337127	0.9697134107614203	0.997275204359673	0.9948447097172581	True
13	2034-10-01	GARW	north	0.08500799524657482	0.012655247081798033	1.0119803113528512	0.08400162957017722	-0.44040613310137594	-2.551269299683047	21	6145.0	6145.010847872472	0.9804150113370411	0.9662991135788717	1.0	1.0	False
13	2035-04-01	GARW	north	0.0029868409199299054	1.3544782421128718e-05	0.04045119064181809	0.0738381459862923	0.769664848486812	-0.9330907570616824	3	76.0	76.1450236817311	0.9871794871794872	0.995277848016658	1.0	0.9954650778585304	True
14	2038-04-01	GARW	north	0.02477627318161319	0.0009384929342174311	0.39199937819502495	0.0632048787824522	-0.8642146855225739	-0.8575932483331408	5	70.0	69.80462957755256	0.08782032204044632	0.05901944078228309	0.14423076923076922	0.1014985202714604	True
15	2038-04-01	GARW	north	0.009220584506017622	0.00013284045765745496	0.1285720384438119	0.07171531709087096	0.9732581481548891	0.6882295839192756	13	2000.0	1999.9982382643034	0.8933264972876516	0.8743026232514555	0.9719887955182073	0.9703673427707231	True
14	2038-10-01	GARW	north	0.07819318179915956	0.009309153234709771	3.2409160897478686	0.02412687636267766	-0.9228833741107854	-63.30988974498956	7	92.0	91.75420482275194	0.07104850213370192	0.04898933705908054	0.14423076923076922	0.10360646212972462	False
15	2038-10-01	GARW	north	0.16480662053976788	0.04196235756418403	2.3072450008867573	0.0714300477307034	-0.8464205998524356	-17.09296043455908	26	3781.0	3781.0404515822174	0.9417244602697903	0.9272087456630737	1.0	0.9987458297866684	False
15	2039-04-01	GARW	north	0.4071555881319126	0.17076496133165936	7.5508562728225135	0.05392177700393676	-0.6700680939888687	-2258.9839266057497	10	778.0	778.0329706684478	0.9945526819316024	0.9894940439638538	1.0	0.9944379743329438	False
16	2041-04-01	GARW	north	0.007419261211343176	0.00010267562935421577	0.17706413544382296	0.04190154710182448	0.9805702271156208	0.4612600087057509	14	894.0	893.9807813137063	0.8679324504169308	0.8618718506334168	0.9545454545454546	0.9310887450847891	True
17	2041-04-01	GARW	north	0.015396317604322078	0.0002838217483500408	0.4026320783799671	0.038239172761074566	0.9989991455375812	-2.5186941215522927	6	118.0	118.02402940285691	0.15688650463446352	0.13821738854396173	0.19014084507042253	0.16643401627433024	True
18	2041-04-01	GARW	north	0.027928216626419408	0.0007799852839322094	1.70870343512205	0.01634468337358059			1	12.0	12.007070799490291	0.09302325581395349	0.06485246527763079	0.09302325581395349	0.06485246527763079	True
16	2041-10-01	GARW	north	0.002868414529181877	1.7953285152179032e-05	0.06781229564860916	0.042299327898372194	0.9976712650415834	0.9795366619545801	24	1363.0	1363.0330345614248	0.7607980227058005	0.7640256567245043	0.9545454545454546	0.9296896371370014	True
17	2041-10-01	GARW	north	0.0030869321240568656	1.0098255355064663e-05	0.07933402463009194	0.03891057006688113	0.9992535302065068	0.9728146486839911	13	230.0	229.98129519094246	0.1729281688101983	0.17432498725056642	0.23300970873786409	0.2587415329750521	True
18	2041-10-01	GARW	north	0.0024322696029984176	6.633608157618291e-06	0.11678452153968572	0.020826986067429182	0.9982467768597327	0.9620799521743859	6	82.0	81.36746917394234	0.19282908080842856	0.12290827623991514	0.42857142857142855	0.1895867147760661	True
16	2042-04-01	GARW	north	0.008111729625508289	9.15580517689462e-05	0.1853447569565683	0.04376562768057747	0.9296411409468786	-0.49307799367753646	8	300.0	299.8802094371662	0.5781458533296768	0.5700984448707044	0.7373737373737373	0.7340402591176899	True
17	2042-04-01	GARW	north	0.009757485325651322	0.00012752303101304564	0.33579970834724826	0.029057456224950533	0.7962614884213375	0.39394613286779223	16	247.0	247.01338837731996	0.1380561033720244	0.1437290374039809	0.21428571428571427	0.22474729794876408	True
18	2042-04-01	GARW	north	0.014187296386903536	0.00041697476922314647	0.36203433327095585	0.039187709791837326	0.4580086761104028	0.09815278775713754	20	1001.0	1001.0959005931069	0.5018375213288973	0.490808986949706	0.6818181818181818	0.6816103204726582	True
19	2042-04-01	GARW	north	0.013128888593043536	0.00029136985115697756	0.23802098336514246	0.05515853437552946	0.996169869466314	-0.04231794499012387	11	599.0	599.0454643209657	0.34234021965608147	0.3382258772731205	0.50920245398773	0.5001690466836813	True
17	2042-10-01	GARW	north	0.09875755843415744	0.013664049067743971	3.396577464338327	0.02907560904205551	-0.840106804146969	-37.747070142322876	14	213.0	213.0658158590123	0.10834915019839664	0.10593944217096003	0.16129032258064516	0.14920115255077207	False
18	2042-10-01	GARW	north	0.12999471206031768	0.024415909407967142	2.5499854755367175	0.050978608822450866	-0.8787088735146587	-25.554319629048567	23	1189.0	1189.1759309568251	0.49465274698908207	0.5025722693425914	0.6818181818181818	0.669352926894158	False
19	2042-10-01	GARW	north	0.14411615800938757	0.02643410955706366	2.6324215009735696	0.05474661180061321	-0.6647289548082712	-25.218358940714296	22	1109.0	1109.0428299784517	0.49418185639957274	0.4909084797958474	0.8947368421052632	0.7770233919991348	False
17	2043-04-01	GARW	north	0.008772706755011867	7.696038380943085e-05	0.22568132506302563	0.038872098755011866			1	12.0	12.04724848505355	0.08450704225352113	0.09830965968314025	0.08450704225352113	0.09830965968314025	True
18	2043-04-01	GARW	north	0.006626280689426047	6.592365551968064e-05	0.13560702837609617	0.04886384407044554	0.9920092416703272	-0.20082714606251018	5	137.0	136.9050131181961	0.3206643997695676	0.29541728576837095	0.42105263157894735	0.3297868743505305	True
19	2043-04-01	GARW	north	0.0053401063925525615	4.4664164950035196e-05	0.13371027973163932	0.039937889616791775	0.9454150013448994	0.7897787636712912	10	354.0	353.6291729126342	0.6970320615106482	0.6783985088521548	0.8947368421052632	0.7961514816775971	True
20	2044-04-01	GARW	north	0.004610888631795869	2.4648741331585175e-05	0.13131525518312606	0.035113122427137204	0.9907493285400806	0.9512812072692348	10	184.0	183.96504453600724	0.07263117446418552	0.07205541677535302	0.14285714285714285	0.1257768628498358	True
21	2044-04-01	GARW	north	0.0019275176063736743	7.68596530239068e-06	0.02926169228619763	0.06587170651380474	0.9977046148152872	0.9909679610840444	15	3152.0	3151.9186357304848	0.8954671985816006	0.895150080118498	0.9766666666666667	0.9611595140335757	True
20	2044-10-01	GARW	north	0.04056310260701713	0.0019196342660342657	0.9129178774075531	0.04443236747888614	-0.2301195206473119	-1.900174496724215	10	184.0	183.928653814372	0.07263117446418552	0.1145917970691109	0.14285714285714285	0.16234243894917624	False
21	2044-10-01	GARW	north	0.09393828201264291	0.014267293434790095	1.5927405266675765	0.058979024166093144	-0.3520807534010506	-6.560735515744051	23	3888.0	3887.843860779777	0.9181983049502402	0.902775406536453	1.0	0.9911977940712764	False
21	2045-04-01	GARW	north	0.4413907384144865	0.20240071362664702	7.548299446651662	0.05847552041808335	-0.9901414015073355	-10844.084171308597	5	231.0	230.96599453442727	0.9587124339075558	0.9629892353545673	1.0	0.967706779094167	False
22	2049-04-01	GARW	north	0.08654353704168675	0.009469805484243171	2.129231373489771	0.04064543577518468	0.9902383755544599	-36.109515564488376	15	1318.0	1317.9956435280733	0.9669490614840749	0.954259013669398	1.0	0.9592168754096758	False
23	2049-04-01	GARW	north	0.15921088020547314	0.025348104375801518	12.744639339084463	0.012492380205473148			1	11.0	11.000079753866823	0.07333333333333333	0.05758191684826494	0.07333333333333333	0.05758191684826494	False
22	2049-10-01	GARW	north	0.0030309783177928772	1.4343262060263241e-05	0.06466064440880138	0.046875164104926724	0.9981938568239646	0.9855062719411092	25	1919.0	1919.0169621228413	0.9316511008372252	0.9262027062024515	1.0	0.9533155724691547	True
23	2049-10-01	GARW	north	0.0015312878554677653	2.3448424963030675e-06	0.1091526767952871	0.014028862144532235			1	11.0	10.892030473538293	0.07333333333333333	0.037415743240408646	0.07333333333333333	0.037415743240408646	True
22	2050-04-01	GARW	north	0.004756370171925331	2.8258399503147163e-05	0.10440418578582011	0.045557274702403054	0.9579282001333096	0.5645966311923323	8	373.0	372.839728267051	0.8667165146816309	0.8552841134137522	0.9142857142857143	0.9009612305991411	True
23	2050-04-01	GARW	north	0.01032441474198124	0.00015923308918944557	0.24094935002735057	0.042848900571050716	0.9943429886820394	0.7145851212110355	14	452.0	451.96098082949203	0.3130213322464452	0.30964278004827456	0.7857142857142857	0.5857660616669311	True
24	2050-04-01	GARW	north	0.010588870713081646	0.0001697446761340183	0.2065286642660397	0.05127070738927359	0.9884128684858817	0.6400082051778873	10	312.0	312.00411447669126	0.1402590602466861	0.1445005671677209	0.19021739130434784	0.15338259023884832	True
25	2050-04-01	GARW	north	0.00881969107966653	0.00011740845493189211	0.13296097256446693	0.06633293145768958	0.9727990947236878	0.7441969144338128	13	1581.0	1580.8564645225576	0.5815304650373877	0.5645703956188574	0.7694704049844237	0.7912924899546477	True
23	2050-10-01	GARW	north	0.06731794063043037	0.007951421961455419	1.2066221199436284	0.05579040821295018	-0.04658689819038801	-7.272810949984807	18	535.0	534.9396064387586	0.29996146712944377	0.27933863548604054	0.7857142857142857	0.6040448746647671	False
24	2050-10-01	GARW	north	0.05942538919075003	0.004635689317393074	1.3204758530397334	0.045003010887289516	-0.8518631351052235	-4.040089365607579	15	425.0	425.13343747262604	0.13130022139692307	0.12744352870663625	0.19021739130434784	0.14404620315383557	False
25	2050-10-01	GARW	north	0.08546031977245128	0.008744142598947442	1.3320206083159083	0.06415840658839349	-0.6674259363452799	-3.814847762026581	24	2610.0	2610.0214977471396	0.7052636387215777	0.7052365479201589	0.9583333333333334	0.9041847657162336	False
23	2051-04-01	GARW	north	0.26113389665467246	0.06819091198205315	6.617237318689426	0.039462676654672436			1	26.0	25.679165280937816	0.12871287128712872	0.07415718454325684	0.12871287128712872	0.07415718454325684	False
24	2051-04-01	GARW	north	0.38188270979792366	0.1503832381119348	7.956632459726163	0.04799551967881983	-0.9981729215851648	-6684.657787953398	3	49.0	49.27703288915902	0.11101479741683212	0.10443702256897318	0.15714285714285714	0.11147191891558378	False
25	2051-04-01	GARW	north	0.44955267876238836	0.21075146303018671	8.611174276604203	0.0522057345864876	-0.912134911222089	-2626.3640764200472	9	598.0	598.0063528671575	0.8638120868194695	0.8591768410838408	0.9583333333333334	0.9015945876772048	False
26	2054-04-01	GARW	north	0.020992993508810842	0.0007967126992098931	0.4216112440509171	0.04979229990904978	0.9328790372508197	0.12166960232290225	7	151.0	150.67259421029684	0.5130046144331859	0.4874648348155347	0.5714285714285714	0.5744381706044169	True
27	2054-04-01	GARW	north	0.013964939015015207	0.0002730267192503627	0.33521115695182907	0.04166012593972823	-0.23186237504768112	-1.1274915410824438	8	174.0	173.65487726634535	0.546102022977023	0.5211771770311292	0.7916666666666666	0.6484846714234569	True
26	2054-10-01	GARW	north	0.0036768411676712616	2.0757549881535486e-05	0.09994938001920418	0.036787033265887156	0.9951389929942536	0.963150121021543	16	311.0	310.4190694159695	0.46118659086958874	0.43461480049194967	0.5714285714285714	0.47896293613658936	True
27	2054-10-01	GARW	north	0.003632294585631632	2.147677180846984e-05	0.08758371690406021	0.04147225893153715	0.9903987630102498	0.9476581502589612	20	439.0	438.8423520620801	0.5819067879103895	0.5771061910029407	0.7916666666666666	0.6828101960531807	True
1	2025-10-01	GARW	south	0.010446986923986665	0.00013410554648850872	0.2546159337671745	0.041030373745342984	0.9424664895428779	0.4881494491553364	16	1287.0	1287.127251808899	0.976708046199538	0.9799367729630248	1.0	0.9979186125795704	True
1	2026-04-01	GARW	south	0.04578915703294638	0.0037121387603670816	0.9531912098347687	0.04803774579591824	-0.34710998303297147	-2.6362526156340365	26	1905.0	1904.990938600328	0.9805927996561065	0.9665216057072974	1.0	0.9985405124441465	True
1	2026-10-01	GARW	south	0.05349528311943728	0.002893922714531697	1.0842282490811912	0.049339503157910566	0.7567281472271353	-37.78949072584172	8	389.0	388.9982738321468	0.9888619091717563	0.9620941530869236	1.0	0.9971809966187343	True
2	2026-10-01	GARW	south	0.05511872623392256	0.003201460604748947	1.3298630162588525	0.04144692014143051	0.905963937359521	-5.743217748913085	22	2497.0	2496.9988772992906	0.9823195486818554	0.9840561042038014	1.0	0.9997929357063455	True
2	2027-04-01	GARW	south	0.15083403648370128	0.028510636389250155	2.7198125539959745	0.05545751168112467	-0.07360810719687438	-24.455939313168134	30	2880.0	2879.927260130582	0.9836539310181697	0.9808975411286133	1.0	0.9904133873299622	False
2	2027-10-01	GARW	south	0.41542128766124115	0.19333128908646394	7.490896115991719	0.055456821350704795	-0.974114963066308	-5066.758820377148	6	198.0	197.8013490871627	0.9866754176681537	0.9881382740272606	1.0	1.0	False
4	2028-10-01	GARW	south	0.029491712646488616	0.0012390257250112968	0.8335359244652464	0.03538145361330284	0.5911119441055277	-0.9184122055438946	3	39.0	38.916407077302964	0.39419045315271733	0.30144572956275967	0.4583333333333333	0.3419227166619479	True
5	2028-10-01	GARW	south	0.019183683806044398	0.0006451144725074336	0.26847324027091946	0.0714547333905082	-0.16903062928789375	-0.46487568794200906	7	184.0	183.97362779203928	0.697911051212938	0.7018851239105114	0.875	0.8368229404354449	True
4	2029-04-01	GARW	south	0.13231648216926065	0.02709923940608311	2.091783328025782	0.06325534791126788	-0.6830005841676752	-35.199379215051486	7	89.0	88.33676851992766	0.27603401029369984	0.24649240490546095	0.4583333333333333	0.3225421274157575	False
5	2029-04-01	GARW	south	0.20958736596528263	0.0517892081468079	2.971905634921705	0.07052288723521473	-0.39742115388128113	-80.04194700573329	26	882.0	881.8298150508582	0.8358106796366017	0.8274751525409607	1.0	0.9120228652628579	False
4	2029-10-01	GARW	south	0.02163773500942445	0.00046819157633807244	10.47590213335458	0.0020654770094244513			1	13.0	12.901364169084154	0.16883116883116883	0.13311598715437506	0.16883116883116883	0.13311598715437506	True
5	2029-10-01	GARW	south	0.009502066427679477	0.00014555195178670758	0.2135798753806844	0.044489521359365014	0.8523641103681631	0.6857388118902827	42	2809.0	2808.7167184990676	0.8541620020609704	0.83823375621369	1.0	0.9521418269668094	True
6	2029-10-01	GARW	south	0.013447860426515405	0.0002668672105058185	0.24250804515303306	0.0554532548313159	0.9967178268212948	0.39588818748272725	13	745.0	745.0018632230723	0.2830735932170349	0.28888052178863105	0.574468085106383	0.5179018590174234	True
5	2030-04-01	GARW	south	0.029864814305067367	0.0014440379350782791	0.5170033035678271	0.05776522915612148	0.5331175413806196	-0.8316735100026957	29	2344.0	2343.868905352246	0.7316127030585035	0.7287725141429818	1.0	0.9805095239763213	True
6	2030-04-01	GARW	south	0.030501397587964944	0.0015432585900522085	0.4800154806828348	0.06354252897130712	0.3331687788463503	-0.34538668472330625	22	1052.0	1052.127039649919	0.4798583056172113	0.47162169017896166	0.9333333333333333	0.8177395246770274	True
5	2030-10-01	GARW	south	0.012344874062252162	0.0001766761059825651	0.2176327155810519	0.05672342978992338	0.7153494659490369	-4.896096094453693	3	43.0	42.38106430480549	0.29589345172031073	0.25978093185532447	0.3235294117647059	0.29368121353867754	True
6	2030-10-01	GARW	south	0.007022467603895559	8.330128774279816e-05	0.16972636681904738	0.041375230823048934	0.8452994216542745	-0.8982508832054183	7	174.0	174.00032222104602	0.7954799397415372	0.7713026573743245	0.9333333333333333	0.8375939141327491	True
7	2030-10-01	GARW	south	0.0019430172472247036	5.265217872031292e-06	0.043297536008192784	0.04487593120442338	0.9925482482420269	0.9773364296467115	16	1543.0	1542.9903474533123	0.9788337480303003	0.9697252760006573	1.0	0.9968150277574949	True
7	2031-04-01	GARW	south	0.0035810875619450354	2.0855329384715805e-05	0.0760331336370161	0.04709903946667815	0.99202326177633	0.9806793805248732	26	2212.0	2211.998858683985	0.9854854406104323	0.9676625805066	1.0	1.0	True
7	2031-10-01	GARW	south	0.004048018468717327	2.6746124264110186e-05	0.07461802561917469	0.05424987374199703	0.9912091613797339	0.9821627016613315	19	1228.0	1227.9431987863388	0.6786922730825996	0.6753354584009175	1.0	0.9931345291688247	True
8	2031-10-01	GARW	south	0.004958845367218364	3.317138301554493e-05	0.10263797312162337	0.048313944794508554	0.9342535314932942	0.8604909727248904	14	640.0	639.9602262315532	0.4495753319019227	0.4376320481992209	0.8260869565217391	0.6123876273766633	True
9	2031-10-01	GARW	south	0.0020672638311405576	4.814238009749385e-06	0.046375235160486805	0.04457689161007065	0.9980759443641294	0.9347053870714465	5	96.0	95.8996729809762	0.08242752761753877	0.08014778148805132	0.09689922480620156	0.10014938384676227	True
10	2031-10-01	GARW	south	0.0047101088708002	2.4038912386359443e-05	0.12394072227813917	0.03800291610557264	0.994751791119293	0.24732676409394794	3	64.0	63.87037107865778	0.08641741556333037	0.0761424098553839	0.12403100775193798	0.08782250647626229	True
7	2032-04-01	GARW	south	0.003169966052513751	1.1253014028699438e-05	0.06414282013613509	0.04942043467664651	0.9995546591131705	0.9905656375961379	22	1580.0	1579.9490255231935	0.48621669613918217	0.46127441933545993	0.608	0.5140792110848232	True
8	2032-04-01	GARW	south	0.0010081824390483869	1.6049661632688797e-06	0.02075358148676485	0.048578720723039225	0.9992948342427741	0.99834304472681	20	827.0	826.9281361323798	0.36655014131329383	0.36238841950384126	0.8260869565217391	0.5800298982200879	True
9	2032-04-01	GARW	south	0.0021591874151600733	6.511428363747746e-06	0.06646080497995767	0.03248813215264563	0.9984292530077611	0.9814680817142816	11	192.0	191.8928869834633	0.08933114781660255	0.06320704672539042	0.11016949152542373	0.0708569453180842	True
10	2032-04-01	GARW	south	0.004501142443517897	2.5816629064125824e-05	0.09277964231508233	0.04851433279115141	0.9895372286709445	0.9463783343128632	20	452.0	451.73319391977	0.4285984474254364	0.44544545077659736	0.9166666666666666	0.8779606861976594	True
7	2032-10-01	GARW	south	0.011056861925218217	0.00012440175421760816	0.2205534940418052	0.05013233625363662	0.9883083694029364	-2.123968644464536	7	296.0	295.70408655328407	0.445839194753517	0.3968873786534314	0.5789473684210527	0.5102010083765375	True
8	2032-10-01	GARW	south	0.004838445291864811	2.604653958210319e-05	0.10978415011256544	0.04407234821150219	0.9932517914676462	-1.1492739358957516	3	58.0	57.93505969873071	0.14213735963325905	0.14372290764802115	0.16774193548387098	0.16031161340648425	True
9	2032-10-01	GARW	south	0.03310761911477674	0.0016189280463189302	0.6650331766762089	0.04978340972437856	0.4283152574623799	-0.8824973390064406	13	268.0	267.88232313825296	0.09321466162119024	0.08734828426900705	0.1228813559322034	0.11838678158928229	True
10	2032-10-01	GARW	south	0.04975173934570907	0.004823221772531581	0.5389476931384136	0.0923127419954124	0.5779973025179741	-4.605541305921489	33	1332.0	1331.8743305296478	0.5386461737962189	0.53805620319704	0.9230769230769231	0.8567621782930908	True
11	2032-10-01	GARW	south	0.06247400746699007	0.005864900972614772	1.1598443271488827	0.05386413159476585	0.5388755862607654	-14.979492203137639	14	1615.0	1614.9960492105665	0.5115072068428093	0.49859567716800196	0.75	0.7917322090905302	True
9	2033-04-01	GARW	south	0.06459473111660376	0.005677312817606857	1.2021112378211167	0.05373440417517829	-0.9022880627358455	-6.144172816619631	14	287.0	286.53732824744236	0.09595101676067785	0.10137001087517837	0.13008130081300814	0.15549804172115889	True
10	2033-04-01	GARW	south	0.057829123846036265	0.004431201037957455	1.0210880535457634	0.05663480602404723	0.12482327907805295	-4.753601324112145	22	1111.0	1110.9104367743034	0.4719528211851482	0.46586215660282326	0.9230769230769231	0.8612582827662085	True
11	2033-04-01	GARW	south	0.05677372496631952	0.0044819996895965495	1.002908375593088	0.05660908448665149	0.0634164280563494	-1.9434892122779144	25	2269.0	2268.8641513454095	0.6288104830615885	0.6153868604481848	0.9166666666666666	0.8055248906114775	True
9	2033-10-01	GARW	south	0.015781162621238673	0.00024904509367798067	0.8094677523256042	0.019495727378761325			1	11.0	10.565197760124924	0.12643678160919541	0.1368163861902708	0.12643678160919541	0.1368163861902708	True
10	2033-10-01	GARW	south	0.004926470878508865	2.427011531679591e-05	0.08320063405457344	0.05921193912149114			1	10.0	10.451960790873342	0.09174311926605505	0.11046074964880644	0.09174311926605505	0.11046074964880644	True
11	2033-10-01	GARW	south	0.002945343747213794	1.1757273327421166e-05	0.05289502543478155	0.05568281181460704	0.9844690797513769	0.6843661946728485	8	294.0	293.8066134322892	0.7911730154040251	0.7582457845165136	0.9166666666666666	0.7607140938601359	True
13	2034-10-01	GARW	south	0.001892026719710265	7.906499325819765e-06	0.03296328295114044	0.05739800621542176	0.996792263723391	0.9931002943027358	31	5592.0	5591.913614824782	0.9442358552889579	0.9297153539904868	1.0	1.0	True
14	2034-10-01	GARW	south	0.018581690257597486	0.0011950428454402945	0.12011135682177373	0.15470385773070383	0.9411593249377647	0.5497044745291471	14	244.0	243.82650816117302	0.11077746217816306	0.13989844609430047	0.2727272727272727	0.33492647256696334	True
13	2035-04-01	GARW	south	0.0014245449112160753	3.7676229088299443e-06	0.02588276464743473	0.05503835972009519	0.9988130117219004	0.9972215645776166	22	5365.0	5364.8613473124815	0.9240627679798403	0.9174215644291064	1.0	0.999163949035046	True
14	2035-04-01	GARW	south	0.020664898883774842	0.0013865817367890497	0.14139158171615238	0.1461536721843894	0.9543618420496087	0.4574805248860935	12	218.0	217.8542914746706	0.12488458588012613	0.14870689904972065	0.2727272727272727	0.311572658133837	True
15	2038-10-01	GARW	south	0.003129667359249984	1.381520497389961e-05	0.05071840769849792	0.0617067353110668	0.9962150769722742	0.9922359940629673	26	5865.0	5864.984367341931	0.9950349301342032	0.9833341402782197	1.0	0.9990458139142601	True
15	2039-04-01	GARW	south	0.13509992656103764	0.02172692072453609	2.0760953090364582	0.06507404837003326	0.6689288139351725	-9.856332636946467	25	5843.0	5843.250960516716	0.9967410892443332	0.9962793806690042	1.0	0.9996172030780438	False
17	2041-10-01	GARW	south	0.08290302206942046	0.011946470166629197	3.139431930634098	0.026407013721325003	0.9394997821624421	-159.96793733831143	10	208.0	208.01596466985765	0.42002741486241985	0.41768527083385554	0.65	0.5301709424876812	False
18	2041-10-01	GARW	south	0.06948989879072412	0.006296550956783643	1.571443585814758	0.04422042217614524	0.9962738268422531	-29.21378010305669	10	310.0	309.91950408989396	0.572058623781059	0.5462540979716055	0.6923076923076923	0.6264003819182357	False
17	2042-04-01	GARW	south	0.017884182830878705	0.0004639790186432984	0.7161105956713685	0.02497405140907308	0.9510062606735868	-1.5871376768444256	17	300.0	299.983591045384	0.3511181866698772	0.3482616956804347	0.65	0.5176243113851112	True
18	2042-04-01	GARW	south	0.015427161911315525	0.000310193455127785	0.34531420782201755	0.04467572304255439	0.9484095810319271	0.5631081884218644	19	603.0	602.8960935769696	0.6134028774704516	0.6017826323369261	0.7945205479452054	0.6971437953082452	True
17	2042-10-01	GARW	south	0.011081942886388838	0.00019534697369606708	0.3921001585874082	0.028263041071732737	0.921902686545044	0.5065554352081403	9	109.0	108.71202331214899	0.17775854268088426	0.16220106953269267	0.325	0.2643845896449535	True
18	2042-10-01	GARW	south	0.0023863856420084473	8.60348661490394e-06	0.07427640981766873	0.03212844627071324	0.9911658388641045	0.9766884395848711	12	240.0	240.10726296196816	0.4005221601356946	0.4121474828712679	0.7169811320754716	0.6877442206311157	True
19	2042-10-01	GARW	south	0.0014764332378169643	2.968191136173718e-06	0.03223057857656711	0.04580846211958445	0.9982942740691538	0.9934351224338412	17	2178.0	2177.993255407325	0.8753798090055654	0.8716845284037079	0.9574468085106383	0.9360478918537161	True
17	2043-04-01	GARW	south	0.03152669088070211	0.0011387755006761334	1.38804459741109	0.022713024451450688	-0.8776776845613053	-15.653983026179489	3	35.0	34.71633717472862	0.056736352918471934	0.0468198037838878	0.062146892655367235	0.04887168816507353	False
18	2043-04-01	GARW	south	0.03617036881303807	0.0013915496524435412	2.0898089922339502	0.017307978359482945	0.8421852175874293	-14.074212882894054	5	61.0	60.65407037304061	0.086768264623356	0.0658552154853532	0.11904761904761904	0.09112082140247284	False
19	2043-04-01	GARW	south	0.06637571513145316	0.006252725933314767	1.247548630452866	0.053204912026041384	-0.0317312852028227	-3.7836936715915392	26	2730.0	2729.9196637355803	0.8894781725264298	0.8929861082402165	0.9696969696969697	0.954247994149211	False
19	2043-10-01	GARW	south	0.4338914609815315	0.19396446166409723	8.199406890368442	0.052917420343074895	-0.9222481887362814	-4817.45934415047	7	280.0	279.89445969742053	0.9096631998941757	0.9384563872133243	0.9696969696969697	0.9479304099654059	False
21	2044-10-01	GARW	south	0.015639720715049484	0.0003769202993003649	0.36510419067885697	0.042836322108408965	0.9266029332871066	0.43292454654081025	24	3631.0	3630.9926278485536	0.9916995997205514	0.9755515280576285	1.0	0.99952671252166	True
21	2045-04-01	GARW	south	0.09702249440456286	0.013975869023407821	1.6788269637094033	0.05779183709927414	0.11557133362666423	-9.472425356817688	29	3861.0	3860.9742338742994	0.993130703217008	0.9945148190917101	1.0	0.999834232350297	False
22	2049-10-01	GARW	south	0.013678929709909166	0.0003641317967039581	0.35598290404525934	0.038425805156558974	0.9731747040521105	0.31568630179708357	14	752.0	751.8487231645715	0.5263874483754394	0.5257603537769974	0.8787878787878788	0.7695952601710464	True
23	2049-10-01	GARW	south	0.009696134175584695	0.00017162933631230772	0.17577327573951565	0.055162732416466555	0.9917515769399707	0.2963616537793273	11	1028.0	1028.071939826853	0.5562419008155864	0.5314066502681576	0.7404255319148936	0.7846866525557632	True
22	2050-04-01	GARW	south	0.02928688366861537	0.0010982091660151998	0.5329587567250136	0.05495150102904921	0.8771052482094459	-0.32816064386067545	20	928.0	927.8807123262053	0.42661088212020426	0.4437618010442563	0.8787878787878788	0.8406676368388576	True
23	2050-04-01	GARW	south	0.02397217826477945	0.0008351221948627941	0.3742419530475599	0.0640552938268067	0.9046145140645698	0.33971799921042845	23	1881.0	1881.1642461967206	0.7108226576846645	0.6875595778172119	0.9636363636363636	0.9470463463496746	True
22	2050-10-01	GARW	south	0.13080002625748782	0.017400666579721242	2.836931333714092	0.046106165737274045	-0.9821209356173055	-1638.5770960276764	4	80.0	79.98345457393644	0.16776506899055918	0.16905265338733216	0.21323529411764705	0.1913368401060861	False
23	2050-10-01	GARW	south	0.12973015483869887	0.017103439320788	2.859046666999727	0.04537531910062777	0.05330321192559101	-217.77263913155625	10	562.0	561.9948225618554	0.8721993306961527	0.8608412405421231	0.9636363636363636	0.8991914919789105	False
24	2050-10-01	GARW	south	0.2710372759533152	0.07346120495619354	34.4705096818372	0.007862874046684811			1	10.0	10.044846825425385	0.057803468208092484	0.04259964317871845	0.057803468208092484	0.04259964317871845	False
25	2050-10-01	GARW	south	0.2709211821629187	0.0741029635240613	6.321876447541357	0.04285455187411686	0.9530098613174015	-183.82731840569846	21	2305.0	2304.9354716790035	0.9488781901454092	0.931699192903505	1.0	0.9997406970857037	False
25	2051-04-01	GARW	south	0.1268435470064474	0.02201569260722311	2.395539581324069	0.05294988569395213	-0.0972098237036059	-17.635245774742017	29	2804.0	2803.9751205767902	0.9560629663582776	0.9422443559759753	1.0	0.9721819906326665	False
25	2051-10-01	GARW	south	0.6979269549790447	0.5154918866033275	13.21996065966051	0.052793421474294125	-0.9687330524169289	-19275.886055860246	6	258.0	257.9545523076826	0.9705517912039651	0.9691916332751424	1.0	0.9706675268374528	False
26	2054-10-01	GARW	south	0.021085000212061295	0.0008962756925633024	0.3161603386723539	0.06669084522303821	-0.0007010426993607211	-0.33533372316320675	10	167.0	166.84885311329165	0.1386997131839613	0.1307053625942532	0.3333333333333333	0.21104985781010677	True
27	2054-10-01	GARW	south	0.004157303300040694	2.7241765329476052e-05	0.10957628355404984	0.0379398092835486	0.9509117213858655	0.8574317208906009	14	768.0	767.918295785491	0.5750212189737749	0.571275696731161	0.8723404255319149	0.8778868527609948	True
28	2054-10-01	GARW	south	0.007786275449408837	6.714729093481765e-05	0.14261387114637133	0.05459690131696528	0.9766019763388452	0.48678554025156795	7	120.0	119.88793540934978	0.0904175173942583	0.08182689548132271	0.1440677966101695	0.10454755937687961	True
29	2054-10-01	GARW	south	0.012228659867677358	0.00015470978334816	0.19270783640259423	0.06345699321811667	0.9876615355896206	0.07899806849278146	7	602.0	601.9188753323624	0.3825131522760401	0.3790767186240703	0.5854430379746836	0.5302359618305399	True
0	2025-10-01	GARW	tropics	0.006829176445951353	5.471543318271101e-05	0.5285540316561466	0.012920488799514272	-1.0	-11.794085673172745	2	22.0	21.73173716158375	0.9583333333333333	0.9009236908503856	1.0	0.9236193706185624	True
1	2025-10-01	GARW	tropics	0.004249463722492816	2.330850655143141e-05	0.2417936230022456	0.017574755155777413	0.33900698059028234	-0.40941092394342715	14	330.0	330.0555164688246	0.9422056561624993	0.955824558513853	1.0	1.0	True
1	2026-04-01	GARW	tropics	0.02952255369607165	0.00277721345006367	1.6808448092140318	0.017564116290948055	-0.6766051530896554	-43.61962735930739	40	1709.0	1709.269785153036	0.9277608907142403	0.9233588835285185	1.0	0.9998626809999873	True
2	2026-04-01	GARW	tropics	0.019257510598780142	0.00037153804203529796	0.9547296232391336	0.0201706432167096	0.9725618786633881	-138.55119051324502	5	68.0	67.94106204088168	0.2332725396532022	0.1941675809078579	0.2753623188405797	0.2417807684296579	True
1	2026-10-01	GARW	tropics	0.001809305054287381	6.025043818688816e-06	0.06977237892222828	0.025931537411159816	0.9580394108824994	0.9149249831567604	38	1584.0	1583.943486534861	0.7106425159935568	0.7034522482917189	1.0	0.9898435252063262	True
2	2026-10-01	GARW	tropics	0.0023328558283202683	8.231314047385835e-06	0.09749466314732493	0.023928036192043374	0.9680117490099782	0.8901310819604301	31	1071.0	1070.9995760392212	0.5488232273332102	0.5478477282100018	0.8253968253968254	0.7289840751418933	True
3	2026-10-01	GARW	tropics	0.0037846217109832434	1.564866860333663e-05	0.3149792201521683	0.012015464731784118	0.9556226302761394	-0.4773274713135347	11	185.0	184.92180815591996	0.2566170666470907	0.24115814449981718	0.42105263157894735	0.32302727793843095	True
1	2027-04-01	GARW	tropics	0.0017187885386492731	4.268199194628831e-06	0.07913951538913558	0.021718461759562806	0.9177440003645256	0.4090712003303387	12	222.0	221.9545104604679	0.3132786487915579	0.3099713463454155	0.5918367346938775	0.5378729367925975	True
2	2027-04-01	GARW	tropics	0.001954563483851306	8.618784110900027e-06	0.0845295692071563	0.02312283739505716	0.9614751147113257	0.9145282777986672	44	1384.0	1383.8424154905922	0.6129826473913215	0.6094969983051103	0.8301886792452831	0.7212696406836115	True
3	2027-04-01	GARW	tropics	0.0016744744552852618	3.5970998963413597e-06	0.12869265932883261	0.01301142166164025	0.9890371291130541	0.9389975717508805	25	392.0	391.9806608517156	0.3332020289201197	0.31765841845447207	0.5555555555555556	0.44760876436298075	True
2	2027-10-01	GARW	tropics	0.0039589453321366794	2.1541519436352576e-05	0.22295118178100742	0.01775700537001563	-0.08685703262615813	-0.12480264687359499	18	343.0	343.0424079292013	0.5698909141158999	0.56025127155237	0.6875	0.688157270189818	True
3	2027-10-01	GARW	tropics	0.006037051025010118	5.2214748061355006e-05	0.3771472124752812	0.016007147409065885	0.854382896224476	0.08394280668705012	14	206.0	205.87277777719797	0.4389834531557016	0.4350313260217246	0.631578947368421	0.700640662019829	True
3	2028-04-01	GARW	tropics	0.007867914690137277	6.190408157127797e-05	0.6737472172865492	0.011677843690137277			1	12.0	11.855975370284993	0.631578947368421	0.6840691555642091	0.631578947368421	0.6840691555642091	True
4	2028-04-01	GARW	tropics	0.001315118177007745	1.7301253410410066e-06	0.08401351554286443	0.015653650112246047	1.0	-19844.81205818952	2	30.0	29.94903662545062	0.7367149758454106	0.7862555090334363	0.7777777777777778	0.7968721535975171	True
4	2028-10-01	GARW	tropics	0.04585612774771122	0.0037433446756958678	2.7976980942360963	0.01639066339652067	0.12364324677836527	-159.41197886284496	27	959.0	958.9339199787476	0.811766530925951	0.8114045052973159	0.95	0.8304775758652231	True
5	2028-10-01	GARW	tropics	0.015069554584950037	0.0003824810481968083	0.7133406143090198	0.021125328184975447	-1.0	-239.60160328774384	2	24.0	23.87920972621505	0.17197712418300654	0.1291114784431681	0.19117647058823528	0.14330690407917795	True
4	2029-04-01	GARW	tropics	0.004177910232329534	2.4305116872308094e-05	0.20402230494308973	0.020477713127958857	0.9599073367960121	0.7505838331237817	47	1673.0	1672.7128976872325	0.7004308877008042	0.6945896522917051	0.95	0.8556880600182107	True
5	2029-04-01	GARW	tropics	0.006162627014931659	4.3529067809394746e-05	0.2611003752353264	0.02360252071402564	0.9210164298969924	-0.39231528230739965	26	608.0	607.9177854699217	0.4583868615898894	0.4546118554547283	0.8125	0.781780964123004	True
4	2029-10-01	GARW	tropics	0.0032566565268471134	1.3374616942676207e-05	0.2341628557037241	0.013907656349082182	0.8117154690793914	-0.46940355685320045	20	639.0	638.8718879991866	0.5446326002647306	0.5270973351426748	0.7941176470588235	0.7721141162549442	True
5	2029-10-01	GARW	tropics	0.0040055401443126115	6.573309168203364e-05	0.06978504543467604	0.05739825946036094	0.7700835579539806	0.5447944599134179	46	1105.0	1105.0360871539285	0.5452735213570942	0.5474394269731464	0.8611111111111112	0.7590783049293274	True
6	2029-10-01	GARW	tropics	0.0026446561371986253	7.878843288409148e-06	0.13118416815834397	0.020159872752376882	-0.5239206843753523	-0.6408096886203194	14	462.0	461.8097048897921	0.6503861290527116	0.6290570478758426	0.921875	0.9663991083977715	True
5	2030-04-01	GARW	tropics	0.05611217642904793	0.005208482674739513	3.416268109081898	0.016424992019765026	-0.5356517684614147	-610.3527892321754	22	505.0	505.161639919694	0.5842916407549885	0.5599946249284389	0.8611111111111112	0.8216094094902471	True
6	2030-04-01	GARW	tropics	0.02822226097084011	0.0024416276137939055	1.030590367705134	0.027384557293781038	-0.40731598814489156	-15.103921713653207	40	2133.0	2132.999960962293	0.7419000824167916	0.7242088163886885	0.9240506329113924	0.9357641158483513	True
7	2030-04-01	GARW	tropics	0.0046088464022556236	2.3643988384299492e-05	0.25151012816111523	0.018324695056825848	0.822026163849101	-2.724267747720852	13	285.0	285.0429763845867	0.3148785630846396	0.3064651713185423	0.4915254237288136	0.5308449443245139	True
6	2030-10-01	GARW	tropics	0.0023428727493469558	9.990073988685317e-06	0.11601641021096357	0.020194322036741954	0.9341513846109326	0.8455376908689538	31	1668.0	1668.0290981582937	0.6805043162176387	0.6792583830197079	0.9240506329113924	0.9295284951012917	True
7	2030-10-01	GARW	tropics	0.0020010489536052413	6.263099635425122e-06	0.07486990107515869	0.026727014793254154	0.9660433927068028	0.9161398508924546	39	1616.0	1616.0200425905716	0.6954265047288087	0.692102688496048	1.0	0.9987425459856213	True
6	2031-04-01	GARW	tropics	0.010392281260559147	0.00011068765094522735	0.51940081628613	0.020008211259402792	0.5385514477582414	-28.89105435192885	5	91.0	91.11897840813738	0.2773438627245991	0.2670224860227238	0.3888888888888889	0.33578215399907796	True
7	2031-04-01	GARW	tropics	0.0009878708129027478	1.7782319117278057e-06	0.06404142384089148	0.015425497336803064	0.9858353783431131	0.9633513974973099	40	1628.0	1627.693663837334	0.9264896417040909	0.9116415038518728	1.0	1.0	True
7	2031-10-01	GARW	tropics	0.0019413969897541217	6.7907599967774e-06	0.14164201604265847	0.013706363718865942	0.23462501345093503	-0.32717836300702907	14	274.0	273.99814507738586	0.9430674087816946	0.9019501506227228	1.0	0.995212633481958	True
8	2031-10-01	GARW	tropics	0.009241638955996173	0.0005810596825132024	0.09328026464027102	0.0990738929787123	0.7997803671165744	0.16718957571947557	20	735.0	734.8035298242538	0.5670713534706913	0.5506030887033863	0.8709677419354839	0.7307100067131476	True
10	2031-10-01	GARW	tropics	0.00336199188120793	1.588166798268755e-05	0.07309913744282734	0.04599222369535383	0.619574381722362	-2.973645931206353	10	1055.0	1054.9902525234306	0.5658838925413516	0.5518393013189751	0.8058252427184466	0.868448786885129	True
8	2032-04-01	GARW	tropics	0.010927554330071563	0.0003531555034385301	0.09297731316537552	0.11752925480471887	0.8841400809497311	0.6654151739891281	28	967.0	966.9435349578307	0.40109114813572916	0.4055284111591558	0.8709677419354839	0.6998052466784771	True
10	2032-04-01	GARW	tropics	0.004424584161685477	3.636124476109015e-05	0.11081765541464897	0.039926707934127545	0.9874391387144333	0.9621889229511066	34	5150.0	5149.979487616916	0.8329920853193334	0.8085163536153266	1.0	0.9893769172639595	True
8	2032-10-01	GARW	tropics	0.005037384194205015	3.497960232370633e-05	0.12427312650615378	0.04053478282736833	0.9906122404025162	0.7045230226971303	6	127.0	127.06234427730104	0.05744421020463989	0.05920624430247587	0.07906976744186046	0.07864714308823113	True
10	2032-10-01	GARW	tropics	0.004031232638241571	2.2318799180630133e-05	0.11103913649662164	0.03630461083749711	0.949939128120479	0.8661816169411606	21	3030.0	3029.956807336168	0.952137168106079	0.9463372434408202	1.0	0.9677687242076578	True
12	2034-04-01	GARW	tropics	0.015345271878302773	0.0008519635291127285	0.6044467319932603	0.025387302248618786	0.18475686744920938	-3.343360132992755	21	476.0	475.75183251950244	0.278077297984639	0.2667159880217854	0.8461538461538461	0.7582130875979719	True
13	2034-04-01	GARW	tropics	0.011902588342508012	0.00018602715467929114	0.26369670395121425	0.045137417966020825	0.9273367242394213	0.7830445032079469	27	4994.0	4993.993949986766	0.841619907563767	0.83515040681761	0.9776536312849162	0.9685042689225464	True
12	2034-10-01	GARW	tropics	0.0026278027603425427	1.6185565957971323e-05	0.058167758848429126	0.04517627655536722	0.9948599017731271	0.9628224898053827	15	392.0	391.9842955365298	0.1395008997395982	0.1484886826329297	0.35	0.3225641325516279	True
13	2034-10-01	GARW	tropics	0.0013905227205318208	3.1498547713865033e-06	0.03185828879688122	0.04364712522374857	0.9985330894124536	0.9967089921511988	31	5155.0	5155.19785252357	0.9175685305305786	0.9165182938330495	1.0	0.996192790303114	True
13	2035-04-01	GARW	tropics	0.0015970456047614684	5.946362419383487e-06	0.042087253699724415	0.03794606357914786	-0.6730640768537427	-2.2637570154319175	5	101.0	101.00257927874519	0.9935483870967742	0.9867161849478157	1.0	0.9950442858749369	True
14	2037-04-01	GARW	tropics	0.001966157378502113	5.626417553299754e-06	0.16813375899428676	0.011694007142069094	-0.3972035111816707	-0.10128155837547048	17	245.0	244.88484381668198	0.9587936926222698	0.9442055682222456	1.0	0.9585445119343147	True
14	2037-10-01	GARW	tropics	0.0027954963724100192	1.096190345884148e-05	0.23563311035165668	0.011863767227950461	0.890391166809672	0.35301891445844236	43	1030.0	1029.9120870777865	0.9604830221907306	0.954983546128018	1.0	0.9661575528525007	True
14	2038-04-01	GARW	tropics	0.00951918258003818	0.00011445761250952478	0.27048720101261614	0.03519272832282435	0.5103406994445333	-1.3533024974748438	46	1203.0	1203.0082618880003	0.7490308583525196	0.7503308843247796	1.0	0.978570032907995	True
15	2038-04-01	GARW	tropics	0.002721735343554547	1.4681481906640483e-05	0.09753841353956921	0.02790424044010515	0.7743907457245747	0.3330396610173407	18	1255.0	1254.9975398294914	0.7170658010592059	0.6872424407053137	0.9551282051282052	1.0	True
14	2038-10-01	GARW	tropics	0.005036934136727139	3.3166475946137415e-05	0.34854539292503195	0.014451300286762146	0.27963087154564925	-0.4974991370992652	20	386.0	385.9530406412768	0.44903194610825975	0.4295860226602102	0.8928571428571429	0.8452368257001024	True
15	2038-10-01	GARW	tropics	0.0020151652865174367	9.653549525288904e-06	0.07386403183207649	0.02728209165590556	0.9922478887188163	0.9737709043613654	44	3651.0	3650.995943917934	0.8755723770818914	0.8674073822363197	1.0	0.999321810933459	True
15	2039-04-01	GARW	tropics	0.2895555671538618	0.10443751180443836	10.497211756281814	0.02758404554243502	0.562164599563729	-2301.202097645287	25	1831.0	1830.9932484815147	0.9845163950148474	0.9877309724263355	1.0	0.9931683337715576	False
16	2041-04-01	GARW	tropics	0.0032559982031197462	1.883648307658967e-05	0.20518259892148386	0.015868783319026494	0.862834552263937	0.17632206679562368	37	860.0	859.8879844551976	0.7694852128799132	0.7664043372247703	1.0	0.9763451551191561	True
17	2041-04-01	GARW	tropics	0.0052206365555144164	3.0072767504783102e-05	0.28657636291994637	0.018217261543558547	0.9020443370975838	-5.253621618121013	15	326.0	325.88363069344666	0.3974084976010003	0.3711954485330004	0.5230769230769231	0.5248659669900577	True
16	2041-10-01	GARW	tropics	0.0031121841509197967	1.2064275177010037e-05	0.18939631214090902	0.016432126453467383	0.9839314128195932	0.7887763265426226	35	906.0	906.007466383656	0.5473846486430639	0.5442505919292044	1.0	0.8669222590006181	True
17	2041-10-01	GARW	tropics	0.0024654385589990293	7.736086680110577e-06	0.12487361289454231	0.019743471033236863	0.9771273442146404	0.9157004520849256	41	1395.0	1394.893517398425	0.5465442100380955	0.5387982068417707	0.7611940298507462	0.6732004009451774	True
18	2041-10-01	GARW	tropics	0.002578614441193543	8.105892513244974e-06	0.223845419249723	0.011519621218233769	0.9597726394271747	0.600087661953699	17	253.0	252.61661829977757	0.25878961827838826	0.24200357605577322	0.37254901960784315	0.3463096677360662	True
16	2042-04-01	GARW	tropics	0.010599380445898839	0.00011331478673156576	0.6975195686492711	0.015195818041957259	0.8901487482522445	-28.99381694602036	9	174.0	173.96500342330754	0.25091360713626454	0.23894515685098788	0.34177215189873417	0.3229980658153958	True
17	2042-04-01	GARW	tropics	0.007831022278189883	6.834923285649681e-05	0.5240270428677776	0.01494392777008992	0.9469828009914756	-0.8474555174500826	35	1149.0	1149.1970404341857	0.6110879591816726	0.5888199524722157	0.7647058823529411	0.6774246836529267	True
18	2042-04-01	GARW	tropics	0.00819780164282051	7.514448970453273e-05	0.8586598621557692	0.009547204899317105	0.8970980762845248	-1.5741181091451835	25	355.0	354.59479017365925	0.3347388836014105	0.2991297626889721	0.65	0.446449582815195	True
19	2042-04-01	GARW	tropics	0.007243530563609057	5.246873502593854e-05	0.4675269294066428	0.015493290563609057			1	13.0	13.077285900611932	0.6190476190476191	0.5391440020005542	0.6190476190476191	0.5391440020005542	True
17	2042-10-01	GARW	tropics	0.0013286723769687806	2.202829884693553e-06	0.08378964956524246	0.015857237545005072	0.7183028749622072	0.44115690825158815	9	134.0	133.53573623046637	0.5393428759243238	0.46354981138765416	0.7647058823529411	0.5585276798789284	True
18	2042-10-01	GARW	tropics	0.0030904281513855847	1.6053253760068565e-05	0.3720279291697596	0.008306978882694034	0.598161403421688	-0.5060198794917414	7	92.0	91.56530239940206	0.495578368471809	0.4130830429965783	0.65	0.43633546870545453	True
19	2042-10-01	GARW	tropics	0.0016152482320613301	4.230737697438412e-06	0.11673850245610572	0.013836465245634548	0.8664164253226966	0.5446639406447658	27	606.0	606.0240469975848	0.8063352186109107	0.797598986126094	0.9705882352941176	0.9208910200322326	True
19	2043-04-01	GARW	tropics	0.001018481907516368	1.7002436550950362e-06	0.09694870916003145	0.010505368419451346	0.981732117081191	0.9565672293113205	50	1381.0	1381.0129971195254	0.8518769416323838	0.853728451345602	0.9772727272727273	0.9396279979337395	True
19	2043-10-01	GARW	tropics	0.0015785870250439422	4.5227023710783854e-06	0.13376631048082804	0.011801080700885385	0.887714515934418	0.7226727216878424	34	872.0	871.898119732161	0.8116225289986312	0.7922577501368501	0.9772727272727273	0.9375627070745962	True
20	2043-10-01	GARW	tropics	0.0014497523577934554	2.6743527273808293e-06	0.15458663562080438	0.009378251567293614	0.7578955483057712	0.36524980397194606	13	175.0	174.9546268388491	0.7158903044928453	0.6789016600196564	0.9166666666666666	0.8285984011146671	True
19	2044-04-01	GARW	tropics	0.002201312881458476	6.746993899793738e-06	0.16452122800141344	0.013380114579740214	0.1733597935932375	-1.4875078973608136	8	94.0	93.87349770221587	0.6367673319327731	0.5545212612763324	0.75	0.7161239730604251	True
20	2044-04-01	GARW	tropics	0.002660552592891623	2.7046569403589483e-05	0.11545639702465997	0.02304378675807252	0.6648050307869171	0.0871104177395351	37	603.0	602.9023165397261	0.6623301799694513	0.6489641269295126	0.9166666666666666	0.8127710613555489	True
21	2044-04-01	GARW	tropics	0.0017538830395758009	4.054366425750711e-06	0.06884426487468068	0.025476095107827033	-0.2348786415856466	-4.322045405033876	11	285.0	285.0104413897175	0.5431203630365163	0.5428454524686358	0.819672131147541	0.7950416211866677	True
20	2044-10-01	GARW	tropics	0.00795470393107192	7.46969746081507e-05	0.30909722072050394	0.0257352813219399	0.9696143135872184	-0.7541449960177644	29	510.0	509.37402507451856	0.5035310201202136	0.5003961700140809	0.8947368421052632	0.8483013306400418	True
21	2044-10-01	GARW	tropics	0.012653777420180062	0.00017589116461241976	0.5615847384907762	0.022532267265998534	0.9634889877528001	-0.05761137881905398	37	2484.0	2483.9645007852514	0.8124544255732452	0.808575996402434	1.0	0.9990479380594434	True
20	2045-04-01	GARW	tropics	0.12527835213901212	0.01593816562460628	8.195713425450938	0.015285838539689931	-0.9034729548991772	-1267.4002922461511	4	53.0	52.281848116156596	0.13917209333876	0.1286052236062761	0.19753086419753085	0.17008338173156737	False
21	2045-04-01	GARW	tropics	0.16697554786934227	0.029473466200638523	8.843618503909168	0.018880908057661423	0.019958713705369908	-276.4828215540484	37	2337.0	2337.0473942125186	0.9669740593383888	0.9636460757919951	1.0	0.9987038603543243	False
21	2045-10-01	GARW	tropics	0.0012784091686768363	1.978483854833731e-06	0.0674762717603124	0.01894605518837749	0.2671152402353037	-0.36853262650301	11	215.0	214.8562408467685	0.9978858350951374	0.9925997296645072	1.0	0.9979128843147385	True
22	2048-10-01	GARW	tropics	0.042165289923583434	0.002513283940124236	2.1273347209897624	0.019820712512963468	0.9025592861018354	-67.09858278255389	25	1119.0	1119.1115779061345	0.8959083137890178	0.8917523867227238	1.0	0.9536839538411918	True
22	2049-04-01	GARW	tropics	0.0026934514492441644	1.0597894446352662e-05	0.13928584779487005	0.019337581612820287	0.9949676100117457	0.9280158570703789	49	2442.0	2441.9611357623526	0.9322069730316058	0.9318164838331011	1.0	0.9586954163747321	True
22	2049-10-01	GARW	tropics	0.003521458243149631	2.363214175654589e-05	0.21335480513461483	0.01650517428434663	0.8406703581683194	0.12064516201721864	27	1212.0	1211.9492305686488	0.9495214862483271	0.9355520873344085	1.0	0.9854394225756656	True
22	2050-04-01	GARW	tropics	0.004390054881276421	1.927258186061893e-05	0.2555022716686369	0.01718205811872358			1	13.0	12.39412843715834	0.9285714285714286	0.8002214736179181	0.9285714285714286	0.8002214736179181	True
23	2050-04-01	GARW	tropics	0.0053917948999398745	4.70018735450833e-05	0.4900594995261113	0.01100232707488326	-0.5739527262822351	-6.747037207583741	22	336.0	335.77254107233244	0.9176141655884741	0.9124405596490778	1.0	0.9743298734172097	True
23	2050-10-01	GARW	tropics	0.002897089737269375	2.3675147950268596e-05	0.07928691368026797	0.03653931781166518	0.9811107922843239	0.8118095313355075	41	690.0	689.779183069683	0.6019533600254459	0.5971347771633204	1.0	0.9737312039930425	True
24	2050-10-01	GARW	tropics	0.007387847295830602	5.6423856571045706e-05	0.35583634903202865	0.02076192417083738	1.0	-7.940322340181783	2	22.0	21.954684686860798	0.06490183792815371	0.0420666156294306	0.06547619047619048	0.0440915705702737	True
25	2050-10-01	GARW	tropics	0.0014719983505732327	3.7300619823668034e-06	0.051508069776652635	0.02857801422099599	0.9949993820412429	0.9774944768086798	26	2312.0	2312.046978629683	0.7244296688339337	0.7149184385962971	0.9517241379310345	0.9241213055298323	True
23	2051-04-01	GARW	tropics	0.002037443385737101	6.744370041643124e-06	0.0873445275408881	0.023326514472052345	0.9932664550976453	0.8912524559962189	18	319.0	318.9351872514642	0.23473713476606456	0.23907593189667736	0.575	0.5221880512632017	True
24	2051-04-01	GARW	tropics	0.0009472705383220324	9.005576302875966e-07	0.10245794395073636	0.009245457226601164	1.0	0.3563894627424842	2	22.0	21.887463697125565	0.06490183792815371	0.044852566549018355	0.06547619047619048	0.0452053902528894	True
25	2051-04-01	GARW	tropics	0.0012645908337306688	5.20945653928838e-06	0.03710774098234693	0.03407889567657233	0.9947585655254556	0.9866287932241935	42	3128.0	3128.066504930136	0.8283287840195244	0.8235203903321582	1.0	0.9379498890889036	True
25	2051-10-01	GARW	tropics	0.2453089850095409	0.07582454335449978	10.111862826038706	0.024259524602910382	0.3202747542073394	-17919.815852610405	16	640.0	640.0158999773971	0.9218406571452847	0.9053728043979835	1.0	0.9237883292290897	False
27	2054-04-01	GARW	tropics	0.06222145925471833	0.00568101469420006	3.1285702354949954	0.019888145245642468	0.4044392642689928	-123.81587127880563	11	179.0	178.22559687205484	0.7632825601171297	0.7629270933041177	0.8636363636363636	0.8498343748232988	False
26	2054-10-01	GARW	tropics	0.0020593039022518116	6.946743587366769e-06	0.6916015954717762	0.002977586974545738	0.006704214306933298	-7.151614861833009	5	60.0	59.58083402605773	0.2571453182875355	0.16099321991536925	0.3333333333333333	0.18298514889530074	True
27	2054-10-01	GARW	tropics	0.0015389572302018574	4.220872253169845e-06	0.1126562541461435	0.013660646200835356	0.9513864670511336	0.8188329746089256	37	908.0	907.9209916229396	0.6937922953735505	0.6852811132267633	0.868421052631579	0.7570778523859464	True
28	2054-10-01	GARW	tropics	0.0014367358324771536	2.985993755204255e-06	0.08404689562025039	0.017094454493224425	-0.241316734305918	-0.14942907264804206	7	115.0	114.91178972073295	0.29172171088805926	0.2793301795587152	0.3466666666666667	0.3419235827994125	True
