variant	pivot_date	model	location	mae	mse	normalized_mae	max_r_data	correlation	r2	n_points	total_sequences	total_smoothed_sequences	mean_variant_frequency	mean_smoothed_variant_frequency	max_variant_frequency	max_smoothed_variant_frequency	converged
0	2025-04-01	FGA	north	0.40965924973111467	0.16806702376093616	7.2352606960734125	0.05661983264175089	0.7424489861731454	-310.8135738897058	11	3122.0	3122.018176268361	0.9594142982711965	0.9594764049188339	0.9893842887473461	0.9823844885809024	False
1	2025-04-01	FGA	north	0.1595687328143571	0.025468316389349568	25.89992774123474	0.0061609721234978975	0.9910915402262386	-1026.4477581446374	3	38.0	37.90317620476799	0.030238173024906664	0.023406083194318982	0.036211699164345405	0.026053078059316333	False
0	2025-10-01	FGA	north	0.39595801342146864	0.15751627512446165	6.091681221160401	0.06499979218315742	-0.16570085347088712	-257.962386575976	15	3216.0	3216.004432750876	0.9445047257616893	0.945550568093252	0.9893842887473461	0.9959263328694624	False
1	2025-10-01	FGA	north	0.12563974687124993	0.016322384061317655	1.6933650361549053	0.07419531181329805	-0.9866657073395237	-39.37355156548227	3	38.0	38.114942451381836	0.030238173024906664	0.022390775866192012	0.036211699164345405	0.030887312588974123	False
1	2028-04-01	FGA	north	0.018382390975237424	0.0006418917718130773	0.27577415208212613	0.06665741091559266	0.666539951519115	0.2162758526602797	8	118.0	118.05101552463641	0.2657462721565572	0.25242821501510715	0.4444444444444444	0.4204688956317656	True
2	2028-04-01	FGA	north	0.006857906307731398	8.291988342695278e-05	0.10879352809249432	0.06303597675314775	0.8487474753840671	0.6386994792634675	10	431.0	430.88471254660504	0.7383477497166147	0.7386416129569214	0.875	0.8824010568279509	True
1	2028-10-01	FGA	north	0.171975381063055	0.02960155779903801	9.830129199508612	0.017494722355394034	0.8538828613602956	-387.1959152830202	10	146.0	145.71100805208567	0.24414194338781853	0.22587199568539798	0.4444444444444444	0.4230080532514286	False
2	2028-10-01	FGA	north	0.1949107070980073	0.04760701669048343	3.3275203538435707	0.05857536134162749	0.8796802010797777	-53.50441435350067	24	1055.0	1055.068001919667	0.8223308612788077	0.8088340312984155	1.0	0.8701947589185732	False
1	2029-04-01	FGA	north	0.2323721828390239	0.05399683135737275	11.001802523551776	0.021121282839023894			1	10.0	10.224912938112189	0.18867924528301888	0.1312291924114009	0.18867924528301888	0.1312291924114009	False
2	2029-04-01	FGA	north	0.24327401408045807	0.06106333786326029	2.9071824122565713	0.08368034047496435	0.07100379675737772	-125.44040912871434	17	539.0	539.2496783367591	0.6536159764285774	0.644059151629331	1.0	0.9254288662942874	False
3	2029-04-01	FGA	north	0.1696904946880428	0.031101404404297473	1.8238421746958016	0.0930401199414886	-0.6475251484826126	-14.426689457465097	17	863.0	862.9861223311195	0.2516862266847807	0.2519907910117777	0.4642857142857143	0.32744055251387655	False
4	2029-04-01	FGA	north	0.12504287967211145	0.017439468415602694	1.200266830265314	0.10417923458275626	0.7293015581215911	-13.666390291705444	16	3046.0	3045.995965450141	0.7020160420687078	0.6857101951767106	0.8865979381443299	0.8627166549726164	False
2	2029-10-01	FGA	north	0.1972903597152615	0.03942310381537336	3.075399772937151	0.06415112644911199	0.9870285387235381	-47.87004801901823	8	101.0	100.99258809939663	0.06759414044791112	0.07337447208113096	0.1746031746031746	0.18450764908485406	False
3	2029-10-01	FGA	north	0.19872217829588348	0.04012765157720939	2.305300806454373	0.08620227683064259	0.8707947682886769	-30.006885369384282	19	889.0	888.9672903960386	0.23533263401555074	0.23802422431925385	0.4642857142857143	0.3796962039249702	False
4	2029-10-01	FGA	north	0.22300381807185604	0.05061365212559501	2.097470909575754	0.106320338963348	0.9270237503594062	-23.385055749982566	23	3450.0	3449.8513990479864	0.7616222218100875	0.7504374730378938	1.0	0.9557557401200086	False
4	2030-04-01	FGA	north	0.004783539620398437	3.740894345996873e-05	0.0805538747922944	0.05938311015742746	0.8675143111937123	0.12935946163366396	6	265.0	264.76134608706445	0.8990047979178414	0.8805404531358335	1.0	0.925223502396472	True
6	2032-04-01	FGA	north	0.002440061553912725	7.737652831497132e-06	0.04970779923684672	0.049088102699666285	0.9855408745000327	0.9535694842310447	12	784.0	784.0002186938923	0.9584990635654808	0.9692730119943141	1.0	1.0	True
6	2032-10-01	FGA	north	0.040916046851361146	0.0019088551670640578	0.835566929104421	0.048968006542834175	0.9925657263800711	-0.9184042794533509	26	1713.0	1712.8919972335063	0.9742742866120497	0.9720180530839819	1.0	0.9917826561935339	False
6	2033-04-01	FGA	north	0.20420146661353913	0.042331700727570545	3.3212318981741387	0.061483652112880094	0.06608061202281865	-86.94131502094497	15	577.0	577.1351805826185	0.7915201995913846	0.7906433544865776	1.0	0.9891333373472952	False
7	2033-04-01	FGA	north	0.18160943404383076	0.03332068365097376	2.5516106321694307	0.07117443067299918	-0.7955502951820721	-161.85988750264335	10	1403.0	1403.157057406504	0.8599876196589845	0.8035368146592793	0.9936305732484076	0.9990971056996648	False
6	2033-10-01	FGA	north	0.027065396404496157	0.0007868957400893417	0.7348249180537486	0.03683244231317216	0.5136984425773319	-17.02422067845135	5	66.0	65.89703730868814	0.20798857637239357	0.263094932285938	0.6875	0.5155788630091529	True
7	2033-10-01	FGA	north	0.004155952086070573	2.8745461301352484e-05	0.064112635068621	0.06482266844316063	0.9961643476207134	0.9848708087380399	24	3591.0	3590.997641314075	0.9375031997837947	0.8928229175145623	1.0	1.0	True
7	2034-04-01	FGA	north	0.26992931191173075	0.07344095255001651	5.362593551823665	0.0503355902891308	-0.9635271163470502	-541.2232032762238	12	1201.0	1200.9351196582988	0.9957143525552247	0.9913680099139608	1.0	0.9957181304581664	False
8	2035-04-01	FGA	north	0.04786931175318112	0.002934746180674223	1.054885338716571	0.04537868713904152	-0.8813833982066837	-5.551368259913331	19	2400.0	2399.9895038833315	0.9984755162020027	0.9930519100102986	1.0	1.0	False
8	2035-10-01	FGA	north	0.18622032309753708	0.035089534263436147	3.614694671498659	0.05151758032728385	0.9491163568785891	-24.929889508712943	28	2867.0	2866.955487392116	0.9986751688049014	0.9986194252799946	1.0	0.9993336186173729	False
8	2036-04-01	FGA	north	0.2592658604401086	0.06736450007717845	5.033520282539024	0.05150786048076255	-0.9730563564054024	-2141.6473853709135	7	249.0	248.84452546313602	1.0	0.9991129903572398	1.0	0.9997243390120073	False
9	2037-04-01	FGA	north	0.01976431158087217	0.00039082615453640607	0.9736875775300392	0.020298411972152763		-1971.4521846683622	4	59.0	58.79022247398705	0.27043104038010657	0.2513011410597745	0.3076923076923077	0.2732155622103073	False
10	2037-04-01	FGA	north	0.14403401124131798	0.02106223848939609	3.199443739616257	0.04501845413246538	-0.7508718770112388	-119.11430882680477	10	280.0	279.5878889495785	0.7194840427806177	0.7042848823225805	0.8823529411764706	0.7392864672522949	False
9	2037-10-01	FGA	north	0.004197282085312007	2.205963851177466e-05	0.2783656660273636	0.015078303819621957	0.9843762137891529	0.8154299650511648	6	80.0	79.6283669016744	0.24584680081284493	0.19774175586732337	0.3076923076923077	0.24950897571817193	True
10	2037-10-01	FGA	north	0.003288987412946994	1.8895518666605576e-05	0.08010916265806849	0.04105631994913545	0.9955493618486998	0.9673749215212579	21	612.0	611.7048009635288	0.7580056492734839	0.7459194839502793	0.9047619047619048	0.7942161655183395	True
9	2038-04-01	FGA	north	0.18167167969974896	0.033007497044638096	21.61709679153479	0.008404073935168352	-1.0	-11758.852904024414	2	21.0	20.850598790929872	0.19667832167832167	0.1648539412226266	0.21153846153846154	0.16753569599592355	False
10	2038-04-01	FGA	north	0.19645473773201855	0.039967934588291835	5.300595996661283	0.03706276385820776	-0.7461860677081353	-274.300432769133	13	307.0	306.8872383016812	0.6134113637819977	0.5901370392827677	0.9047619047619048	0.7890553745968347	False
11	2038-04-01	FGA	north	0.1488286858555006	0.022269886134437165	3.172740124118693	0.04690856484718913	0.9348426845678535	-29.341512657500072	20	2842.0	2842.000503828682	0.8462591012360322	0.8394569977089666	0.9487179487179487	0.8932114502640529	False
12	2038-04-01	FGA	north	0.03577756969128519	0.0020375839255985647	0.6843720126926759	0.05227795559686551	-0.7465507807481858	-2.6282901473337676	10	342.0	342.0003752904377	0.13829193302596554	0.14044201218044008	0.2638888888888889	0.21102697577167356	False
10	2038-10-01	FGA	north	0.22702971233181382	0.05154249028146614	6.810233705995875	0.03333655233181381			1	12.0	11.8604591697074	0.03986710963455149	0.013943766624355178	0.03986710963455149	0.013943766624355178	False
11	2038-10-01	FGA	north	0.19856113203137812	0.04008210100776303	2.9720917914747518	0.0668085462908439	0.9531700948968114	-25.686495389119113	27	3124.0	3123.9989597448157	0.8054117382103463	0.7830336886809506	0.9487179487179487	0.8738386470408518	False
12	2038-10-01	FGA	north	0.21958521625869729	0.04842711262293144	4.281007370311845	0.051292884422831975	0.9822290699419614	-67.853902302763	15	459.0	458.96919501356905	0.1998775705470492	0.19976969156766222	0.4067796610169492	0.4308365779961631	False
11	2039-04-01	FGA	north	0.23863447598975682	0.057863232543275765	2.5438776177658546	0.09380737277736502	-0.9713397837350084	-113.33708666901005	3	67.0	66.93465994492891	0.5907225691347011	0.5897844600251615	0.6	0.6734437194301764	False
12	2039-04-01	FGA	north	0.1882194107319752	0.03542835055899651	3.7870923253954563	0.04970024350074986	1.0	-1954.2162609459801	2	38.0	37.86780649271954	0.4033898305084746	0.3207069764495175	0.4067796610169492	0.32811031968510457	False
11	2040-04-01	FGA	north	0.1993773707373582	0.04005709039558415	4.974347285657223	0.04008111201086274	-0.9578218323585806	-255.72950199640985	9	214.0	213.9130351489582	0.316527658984077	0.30802896051007395	0.4065934065934066	0.36053906591966933	False
13	2040-04-01	FGA	north	0.13009223939922168	0.01720111069934232	3.6817481833231644	0.035334366426386	0.5923295487778246	-49.63452885016456	10	131.0	130.79292877131442	0.258425869045456	0.23920332365904956	0.5	0.4189231847084495	False
14	2040-04-01	FGA	north	0.14993112223446708	0.022755140185258937	3.8960962240714854	0.03848239715131742	-0.3693105942575906	-90.11792888098331	11	365.0	364.99738788060847	0.4935840058772587	0.48480373355170836	0.5873015873015873	0.5468532442462463	False
11	2040-10-01	FGA	north	0.2442840758818476	0.05978692445822055	5.1513028524387705	0.04742180432396762	0.96720244973033	-83.28487694341541	17	393.0	393.0603448626893	0.3650331139811988	0.34618251561645197	0.6111111111111112	0.5030282274783717	False
13	2040-10-01	FGA	north	0.17782594698432733	0.03166369157978125	4.473690297644453	0.03974927524105963	0.9807816895514689	-85.53663355625281	12	157.0	156.63501793884666	0.24281794505840545	0.23638816326509104	0.5	0.38460871606112235	False
14	2040-10-01	FGA	north	0.21167469820905155	0.04482570470254827	5.562275247447013	0.03805541595702344	0.9983578534682854	-88.58243863056964	19	594.0	594.0769952125487	0.5013949787236035	0.4976413536204377	0.5873015873015873	0.5452461230092066	False
11	2041-04-01	FGA	north	0.2362993157508828	0.05590740506220648	8.072773926918245	0.029271142470985723	-0.4852167317875476	-1237.4074289911428	6	123.0	122.98450706447777	0.4444256456220564	0.4168743230890575	0.6111111111111112	0.4800377315364748	False
13	2041-04-01	FGA	north	0.27356470610743233	0.07483764842764583	7.779151018822063	0.035166396107432316			1	11.0	10.867547286949666	0.15714285714285714	0.08747748209639898	0.15714285714285714	0.08747748209639898	False
14	2041-04-01	FGA	north	0.28433031530857594	0.08087629826344156	9.218103827040082	0.03084477248721486	-0.6542429549002453	-2929.911801787927	6	142.0	142.052699926397	0.504257321829605	0.5104394262511555	0.5588235294117647	0.5230712885266747	False
15	2041-04-01	FGA	north	0.14262863307091886	0.020626218083395684	2.852014941160459	0.050009777653157936	-0.8276549961757409	-159.71609414486193	10	517.0	516.997452053264	0.7813396020904644	0.7885027425966098	0.8811881188118812	0.8724877023796109	False
15	2041-10-01	FGA	north	0.13411882925075433	0.018083935356092495	2.409750378971848	0.05565673126192345	0.9884566292700909	-17.83915318512146	25	1332.0	1331.9858151205967	0.7946294290738475	0.7932121082207689	0.9363636363636364	0.8668958093117811	False
16	2041-10-01	FGA	north	0.14406272544379406	0.02138139825631082	4.45329825716095	0.03234966919454355	-0.09661152054686478	-65.8891338348193	4	49.0	48.829745415979744	0.34873748542479194	0.28422606375695214	0.8	0.7069695378308362	False
15	2042-04-01	FGA	north	0.2283597260138626	0.05258561233188123	6.389256913869949	0.03574120263001695	-0.9791855813106657	-570.4309501721325	13	610.0	609.9639025151017	0.7951702811939518	0.7511838021746495	0.9363636363636364	0.9064510628129044	False
16	2042-04-01	FGA	north	0.18781365400547834	0.03788711230307283	2.260126059938021	0.0830987515849575	0.8430658499818706	-28.131350564807303	29	1702.0	1702.0298842890584	0.3990571750250864	0.38250186179477963	0.8	0.5271845624213619	False
17	2042-04-01	FGA	north	0.03342119652367394	0.0013372847185337215	0.6876349535074252	0.048603108892592166		-0.16358590680859275	21	3272.0	3271.975885690464	0.6214942604482095	0.6051442391578082	0.811965811965812	0.7752111521936702	False
16	2042-10-01	FGA	north	0.20007064624170337	0.053262856026051665	3.630361810717131	0.055110387524207126	-0.9411459291470538	-49.54750856694013	24	1645.0	1645.0000173767783	0.376010643691931	0.3726272205707086	0.5925925925925926	0.588360017080294	False
17	2042-10-01	FGA	north	0.14144086319443322	0.03553126189138875	2.2709519752267577	0.06228263069293227	-0.8928950244157637	-20.27309720875904	25	3371.0	3370.9988783582776	0.6499777779164865	0.647296734363033	0.85	0.7934090525007662	False
20	2046-04-01	FGA	north	0.01500244096007392	0.00026176710249284623	0.7688182829640626	0.019513637087601867	0.9961731775160025	-0.538572755603512	5	61.0	60.8224259781214	0.10042901469098278	0.09922488344487315	0.13392857142857142	0.11054913436889122	True
21	2046-04-01	FGA	north	0.007112918409142518	6.441769782156039e-05	0.18675934871089445	0.03808600992796026	0.9371457838259964	0.6914557436166373	16	1031.0	1031.073730105864	0.8517442339246075	0.8502729789737293	0.9375	0.9032294691298869	True
20	2046-10-01	FGA	north	0.003183059535493983	1.0663065568614541e-05	0.1390407157165474	0.022893003096899074	0.9987863699590673	0.9466642845779328	7	89.0	88.46840583623433	0.11189699904264445	0.11569228304492045	0.17204301075268819	0.12098493242809097	True
21	2046-10-01	FGA	north	0.0018364618520119432	6.5329621469947424e-06	0.03479923162279111	0.05277305751800527	0.9972308946599934	0.993202951968539	27	1477.0	1477.0008920336602	0.8175179052319584	0.8097001764604138	0.9375	0.8717594458982869	True
20	2047-04-01	FGA	north	0.13477529930793197	0.01816438130354265	5.373027523331208	0.025083679307931966			1	12.0	11.81401967835249	0.10909090909090909	0.11396796800724028	0.10909090909090909	0.11396796800724028	False
21	2047-04-01	FGA	north	0.20629625437991767	0.043264772552435035	3.75648007069012	0.05491743613643558	-0.9927212178245902	-366.3590835016753	9	293.0	292.96967752954663	0.7634005942453692	0.7603995580994791	0.9090909090909091	0.8148842150693194	False
22	2047-04-01	FGA	north	0.02295337629758759	0.000687099165241329	0.5918746702743204	0.03878080521159864		-2.6834379207116243	15	960.0	960.0046020642715	0.9728044804707249	0.9635950454703471	1.0	1.0	False
22	2047-10-01	FGA	north	0.193721342645237	0.037559721245311685	4.865144122922984	0.03981821252375336	0.9935033284585066	-46.93329697721757	26	1471.0	1470.9155455962693	0.9827080919488468	0.9708101120764078	1.0	1.0	False
22	2048-04-01	FGA	north	0.11190564814371078	0.012598743756067295	2.9046053259742566	0.03852697202714645	-0.7706063914442969	-257.707341686863	9	341.0	340.87057823732107	0.9965534979423869	0.9896679536633823	1.0	0.998770968548551	False
23	2048-04-01	FGA	north	0.06593411599270367	0.0051036265686691396	1.4776644687053966	0.04462049226267822	-0.31022732087744953	-6.78880760243347	21	2968.0	2968.0117545605713	0.9600123795343549	0.9626783448966565	0.9925925925925926	1.0	False
23	2048-10-01	FGA	north	0.024880158045523137	0.0015445968240576527	0.44686720250117923	0.055676849646305114	0.35314874706734833	-0.07118194732423344	28	3294.0	3294.0199092878756	0.9689888764875008	0.9676393162703713	1.0	1.0	True
23	2049-04-01	FGA	north	0.2837757689185856	0.09430608135025143	5.1289566119955525	0.05532816718606932	-0.9897783925664176	-126.86839517444068	6	164.0	163.78678123745595	0.9880952380952381	0.9733280626182285	1.0	0.9961893214306345	False
23	2050-04-01	FGA	north	0.1590503931716582	0.026746008106824055	2.284918160860018	0.0696087920767339	0.15278681210406905	-20.30053343440138	16	314.0	313.7856918444984	0.21464501708828115	0.2047412541751178	0.9166666666666666	0.8499365586678326	False
24	2050-04-01	FGA	north	0.09893527666777933	0.011786669381587102	1.3292387234703418	0.07443002894881191	0.9401057881046035	-4.690681052133272	15	693.0	692.9564005138944	0.17667485182577244	0.19158348838708628	0.4666666666666667	0.34968462556447794	False
25	2050-04-01	FGA	north	0.1646342165358643	0.02875562025854527	1.9171261300114435	0.08587552689341393	0.9260811753573247	-10.794217860232354	16	828.0	828.024996965106	0.15996154145963387	0.15354659390564646	0.25925925925925924	0.1853782603192203	False
26	2050-04-01	FGA	north	0.18759298427080057	0.03747615432200655	2.460328845957493	0.07624711817651127	-0.6023528977392205	-17.793304090023458	14	4513.0	4513.004229323465	0.6412232319307163	0.6137578384931475	0.851145038167939	0.8776650155819699	False
23	2050-10-01	FGA	north	0.1643613974899965	0.02790239184789082	2.1013077802710893	0.07821862129534983	0.988016713301567	-19.09148651023963	14	285.0	284.75232480396267	0.11554668619613086	0.11906414998352767	0.34375	0.28882861081435907	False
24	2050-10-01	FGA	north	0.17663926327809776	0.03202394384091288	2.8866699107626714	0.0611913619286761	0.9960614603842187	-22.076381596933604	15	693.0	692.9885437310826	0.17667485182577244	0.19840097481671254	0.4666666666666667	0.30097875266363155	False
25	2050-10-01	FGA	north	0.21500550243097827	0.04734812229704371	3.283023155569272	0.06549009624444656	0.9962262995651086	-23.329148210158277	17	839.0	839.062947637299	0.1540686630617526	0.15206319990077177	0.25925925925925924	0.17556018133597445	False
26	2050-10-01	FGA	north	0.25783026448134894	0.06785157779404169	3.7103996819025142	0.06948854209397355	0.9871459460621264	-23.52519192143613	20	4985.0	4985.0276341893505	0.7205099326412246	0.6722677040169731	0.9565217391304348	0.9229824937307521	False
26	2051-04-01	FGA	north	0.005001882173494178	2.8036912218335517e-05	0.07360199582329911	0.06795851277596476	0.9860854952211273	-0.023286198947259473	4	183.0	183.38151094977934	0.9137643710444519	0.891711054948745	0.9565217391304348	0.9085899449065308	True
28	2054-04-01	FGA	north	0.16306667404288985	0.027259345198194236	4.730583058409423	0.034470734797270045	-0.9548594052945018	-196.5414903675423	14	596.0	596.0402976997292	0.9658543761164625	0.9694080790342733	1.0	0.9818026915226697	False
28	2054-10-01	FGA	north	0.132658027822127	0.018048188826170014	3.8308486989418773	0.03462888729037213	0.828971844868355	-28.716262288440312	25	981.0	981.0081535454378	0.8928716754383949	0.8713614629303419	1.0	0.9850176999423612	False
29	2054-10-01	FGA	north	0.10028650390387538	0.010124244985424243	3.595739450629942	0.027890370056235878	0.9895560444201922	-36.70881625319685	4	49.0	48.80098124435413	0.6877083333333334	0.5984625713807703	1.0	0.965071342053643	False
1	2027-10-01	FGA	south	0.0038661782668828254	1.8964353759908645e-05	0.09158576185010528	0.04221374795364419	0.9961467885411337	0.9167195048058995	15	1126.0	1125.9781308998088	0.9580525445688485	0.9574248429606358	1.0	0.9916218736074711	True
2	2027-10-01	FGA	south	0.008008687802119793	6.813156697197743e-05	0.2518829445684136	0.03179527623770717	0.9999999995021187	-0.024631167027235223	3	40.0	39.857846686416664	0.0997084383278413	0.07689425448895036	0.1038961038961039	0.09179371658040865	True
1	2028-04-01	FGA	south	0.0016409160645292403	3.4509179898436272e-06	0.03447193547551522	0.04760150661382946	0.9987272885786805	0.9965700025953848	27	1763.0	1762.9688370421582	0.869707015366272	0.8779505830806259	1.0	0.9948393421973	True
2	2028-04-01	FGA	south	0.006430220685122498	4.7271605825694226e-05	0.2041350032941772	0.03149984363953478	0.9908805420202524	0.8495425781672848	12	186.0	185.95974912433402	0.18883873411397042	0.1592984942992681	0.2894736842105263	0.24740433265269274	True
1	2028-10-01	FGA	south	0.288997810161886	0.08363561952744872	6.703744063343342	0.04310991103347028	-0.8622004082213439	-2277.8169322404483	10	410.0	409.9735592491127	0.744167578630033	0.7465104956822227	0.8351648351648352	0.8060037528807948	False
2	2028-10-01	FGA	south	0.045368448966917836	0.0036010197414258855	0.7108128702165223	0.06382615012738592	0.6535524981871716	-4.912140246394756	23	1011.0	1011.0333666319254	0.5580843874140629	0.5614197195417159	1.0	0.8520590753822865	False
3	2028-10-01	FGA	south	0.20702037709308063	0.04362205857644555	2.456225769196619	0.08428393663534958	-0.5939744354242615	-88.6860591755258	11	461.0	460.9959954624176	0.33509612821048584	0.33272447554956863	0.4796747967479675	0.4889389796955602	False
2	2029-04-01	FGA	south	0.18517194652971983	0.034861130024339076	2.920660120237762	0.06340071727163021	0.8611901135323701	-43.01815832650768	22	1143.0	1143.1146922052483	0.6245897517464348	0.6238905352055911	1.0	0.8620562706089472	False
3	2029-04-01	FGA	south	0.21645187217038497	0.04725875019719296	2.5722749856143436	0.0841480298105411	0.9149652512146759	-35.277820146785906	21	802.0	801.9660868483098	0.46681670320317936	0.4677220529521969	0.8333333333333334	0.6748562286159994	False
2	2029-10-01	FGA	south	0.17736769497197263	0.031661196582080456	3.8167481870696474	0.04647089257102621	-0.034410730719668714	-231.544080669497	4	111.0	111.01830855072689	0.3845558654496281	0.3804780271963669	0.4942528735632184	0.44166663611983	False
3	2029-10-01	FGA	south	0.18620475456095753	0.03566875881917559	2.492925205290806	0.07469327766664234	0.5371249374053325	-27.220531169607447	21	464.0	464.0296822361858	0.31619668392955663	0.319027660338296	0.8333333333333334	0.7064923249690759	False
4	2029-10-01	FGA	south	0.02452191846674844	0.0007404009717564381	0.6600318919903487	0.03715262665990541		-1.4765728915086656	20	2045.0	2044.6651738794367	0.8897666823463097	0.8868812936961514	1.0	0.920287685921834	False
3	2030-04-01	FGA	south	0.04197255906181303	0.0020497081588713145	1.2173807824826008	0.034477757219247805	0.4007634653952972	-5.246562647576111	14	252.0	252.12999695078182	0.11863369382855964	0.1127039603054383	0.2222222222222222	0.2002466738971762	True
4	2030-04-01	FGA	south	0.03073946938783264	0.0014937836048640025	0.660683459115434	0.04652677309189584	0.5879640182852444	-0.46428912844364256	28	2405.0	2404.8106011489826	0.8601279628352999	0.8522198071544836	1.0	0.896031886960653	True
3	2030-10-01	FGA	south	0.10665929092668297	0.011464140227345342	2.611174803277012	0.040847242701953945	-1.0	-243.65681957164577	2	22.0	22.07744533434732	0.18357487922705312	0.14268875083607063	0.2222222222222222	0.14372994513381304	False
4	2030-10-01	FGA	south	0.26896938734303694	0.07257913361837877	4.28540794897096	0.06276400999527329	-0.8948823529430217	-695.7222008282396	6	176.0	175.910916951171	0.7496379760872515	0.7359805818872478	0.855072463768116	0.8094116842710384	False
6	2032-10-01	FGA	south	0.2072266380363054	0.04337052907401393	4.72767492491385	0.0438326749041616	0.7839527297397997	-51.63311817697365	24	4021.0	4021.0001818124592	0.9903042282488608	0.9879562467548682	1.0	1.0	False
6	2033-04-01	FGA	south	0.08673485565727344	0.009314623938447484	1.4577029140637707	0.05950105115415789	-0.34626369670311097	-5.633724571275603	28	4157.0	4157.01188647555	0.990555551650951	0.9814824708397588	1.0	0.9974239246464701	False
6	2033-10-01	FGA	south	0.056501551166490915	0.0031972569057780688	0.9483725920089087	0.059577376700443656	-1.0	-838.3719977560368	2	22.0	22.037129078254992	1.0	0.995082154248227	1.0	0.9950990683664159	False
7	2033-10-01	FGA	south	0.20289583343347123	0.04160745095051851	5.35936237068472	0.03785820390561666	-0.6586813572190594	-131.03538647831326	20	1689.0	1689.351623617954	0.9878021939092008	0.9703852177052184	1.0	0.9997135191888802	False
7	2034-04-01	FGA	south	0.07301241634350714	0.006274286614893211	1.7063984235831566	0.042787437760398915	-0.38313589633157896	-7.15709106667979	27	2064.0	2063.9674043485998	0.9671847271995757	0.9734613730849517	1.0	0.9944121040884509	False
7	2034-10-01	FGA	south	0.29362801801288346	0.08621851218865548	7.51567004728794	0.039068774462609666	0.3398324600049264	-69382.10973723035	5	153.0	152.9256848537445	0.9135790459269639	0.8808524920353987	0.9622641509433962	0.8908649423334047	False
8	2034-10-01	FGA	south	0.10281222688209239	0.010762369150454525	2.629100846905975	0.03910547098377215	-0.8791230174294791	-164.59924934695889	8	165.0	164.87075054538326	0.9778804347826087	0.9786681997095629	1.0	1.0	False
8	2035-04-01	FGA	south	0.0017819077832367449	4.708729046806053e-06	0.04501386397795469	0.039585754826766816	0.9975274257315051	0.9899772629557174	22	505.0	505.0334841276412	0.979066663574882	0.9621693646288688	1.0	1.0	True
8	2035-10-01	FGA	south	0.06737084014186563	0.006576245055794192	1.8739101122171689	0.035952012694010146	-0.0024048248609658193	-12.320698221520669	35	2547.0	2546.9226834075	0.9769741308801244	0.9727467050108066	1.0	1.0	False
9	2035-10-01	FGA	south	0.22657109646045948	0.05186360689092562	6.093703791120142	0.03718117982541637	-0.9515920628378547	-246.9278561582507	5	71.0	71.11319750313751	0.08941316149997808	0.07820796268258152	0.136986301369863	0.10301010034635925	False
8	2036-04-01	FGA	south	0.001639241612970829	5.6497330812600225e-06	0.03248695752968332	0.05045845279518879	0.9978782400706114	0.9941372105156914	31	2573.0	2573.0682895172677	0.9214477865003571	0.916821883738995	1.0	1.0	True
9	2036-04-01	FGA	south	0.0016029106347099158	3.968554601296239e-06	0.03751226882792259	0.04273030357248813	0.993863625636168	0.9861893358537384	9	121.0	120.91319737224742	0.13066214414032726	0.11671376357980856	0.20634920634920634	0.20581841581701044	True
8	2036-10-01	FGA	south	0.29904234285968784	0.08956154397478554	4.812835783376801	0.06213433333681552	-0.875880085377887	-786.7739262044684	6	155.0	154.9229651335604	0.753356191404437	0.7252964247716976	0.8333333333333334	0.8015748982903532	False
9	2036-10-01	FGA	south	0.09931899003916989	0.009939802422767081	2.344308779147848	0.04236600183499384	-1.0	-168.80756289521287	2	24.0	24.02111170883437	0.205026455026455	0.19763979371136883	0.20634920634920634	0.20060786169911238	False
9	2037-10-01	FGA	south	0.08294456792887311	0.008023156327076444	1.0859176172699538	0.07638200781510436	-0.9814910518480116	-7.008326051832846	4	44.0	43.918886963775236	0.057362681522934375	0.053086067609190685	0.09243697478991597	0.06653976402591208	False
10	2037-10-01	FGA	south	0.08451654231877662	0.011942088285646827	1.5446901379313769	0.05471423701323021	0.9105593300694367	-26.676485156668704	14	649.0	649.0707071820467	0.3990722626182061	0.4028119095663536	0.6326530612244898	0.5730176479954554	False
11	2037-10-01	FGA	south	0.16854017517454964	0.0289793783164699	2.734028840565087	0.0616453537994554	-0.8605946184707653	-72.95073780295375	13	1295.0	1294.9206748990337	0.5656370781795489	0.5480515045917669	0.7807692307692308	0.7523483018704212	False
9	2038-04-01	FGA	south	0.17693361574443778	0.031306847648494146	15.477633195077889	0.0114315679609661	0.98838394374315	-759.8552932756528	4	44.0	43.87163536458182	0.057362681522934375	0.02361023622931909	0.09243697478991597	0.037735375679132946	False
10	2038-04-01	FGA	south	0.24447012472501042	0.0601684042259317	4.050408930285529	0.060356899496510054	0.9934558247063476	-51.05968287486568	19	759.0	759.1537571014675	0.3285426891820624	0.3418695872162744	0.6326530612244898	0.6011167593649136	False
11	2038-04-01	FGA	south	0.20973182003305124	0.04439356484631795	3.376577707944263	0.06211372524897131	0.9845203950843427	-27.77192201856098	24	2204.0	2203.9785084142086	0.7084812475837131	0.7059240728706627	1.0	0.9493542464267001	False
10	2038-10-01	FGA	south	0.28062261323669635	0.07876173248939594	5.834038045590741	0.04810092273031812	-1.0	-8910.432098822119	2	23.0	23.000214209860125	0.09318032786885246	0.11000302468431014	0.09836065573770492	0.115899836572218	False
11	2038-10-01	FGA	south	0.30032299154501724	0.09027584474495207	6.538942536951873	0.04592837295141804	-0.7665415392273537	-1698.6032763746641	8	453.0	453.36275591008103	0.898621887193488	0.8977712634096494	1.0	0.9389538248199998	False
12	2038-10-01	FGA	south	0.15842901300109324	0.02518128266525201	5.0582922186560175	0.031320652535014606	-0.3565449616757138	-797.12608644494	7	124.0	123.9999047755505	0.6541991796718687	0.6157158954516175	0.75	0.6604329876815641	False
13	2038-10-01	FGA	south	0.053173515819049624	0.002868503389718692	2.2565215130257985	0.023564373533380843	-1.0	-160.38438338727934	2	24.0	23.811564080260297	0.375	0.37038820378500004	0.40625	0.37354966839149933	False
12	2039-04-01	FGA	south	0.0031546013616460993	1.401371531271104e-05	0.07830343773019185	0.04028688207171476	0.9936579363888632	0.9548548688024845	13	227.0	226.88132156372592	0.573325138867491	0.5431853459048334	0.75	0.6667215815224135	True
13	2039-04-01	FGA	south	0.0043915010933355085	2.588939998316078e-05	0.15477940428726147	0.028372645014094644	0.9946970997502239	0.9165246521011388	12	189.0	188.77410982156906	0.5546765876431355	0.5392904810874545	0.7692307692307693	0.6361311330199811	True
12	2039-10-01	FGA	south	0.23311477126972388	0.057100057809735004	7.998475953081635	0.02914489868284344	-0.9546488002453362	-200.4074197634706	4	64.0	63.83098621981247	0.40751031278785693	0.344864703840173	0.6341463414634146	0.4667582324486884	False
13	2039-10-01	FGA	south	0.05424804020940128	0.005140526534637434	1.5430593954048875	0.035156158195172385	0.7799887097313278	-12.435084762099626	22	967.0	966.8271619899724	0.7371082397236438	0.7465549055890931	0.9166666666666666	0.8409718458488844	False
14	2039-10-01	FGA	south	0.08139759275144211	0.006795263863747977	3.0184177206718315	0.026966974184515737	-0.995849126772517	-117.55924475129915	4	67.0	66.87101511310918	0.14773324857149847	0.13933930786119397	0.18867924528301888	0.15659598646603243	False
13	2040-04-01	FGA	south	0.19369243956081122	0.03764552568637177	3.767993068201008	0.051404669821563075	0.9940030791830292	-39.77909067530688	26	1322.0	1321.9990709618912	0.7728548024985449	0.7831520272643542	0.9166666666666666	0.8218777824495501	False
14	2040-04-01	FGA	south	0.09936751105521242	0.009877775204311589	6.551262076942114	0.015167689811242216	0.993440327479423	-113.15301432295828	10	150.0	149.9717699130213	0.16549328832858828	0.10117909242487669	0.24444444444444444	0.1445657875772363	False
11	2040-10-01	FGA	south	0.01459745629616473	0.0003588842215298858	0.5472918505635218	0.026672160897580306	0.0	-1.4615084734272625	2	24.0	24.003008767736304	0.5465838509316769	0.46280923724736545	0.5714285714285714	0.5247983485020232	False
13	2040-10-01	FGA	south	0.21439577764093856	0.04650473192248515	4.1471056115303275	0.051697689358295405	-0.9515160359711418	-423.43261546195134	8	235.0	235.01507641936428	0.7329335281120994	0.7430559232633073	0.8888888888888888	0.7820532450116264	False
14	2040-10-01	FGA	south	0.10657101991299783	0.02043349242943951	2.4064250380131305	0.04428603352672411	0.9314826559977138	-32.65070202027125	6	65.0	64.96813310826828	0.4000449027622941	0.3524549036502879	0.6875	0.5509298155216414	False
11	2041-04-01	FGA	south	0.231974931520909	0.05386223368467578	11.718082375863542	0.019796321964652006	0.8717691917859349	-401.9048083640315	3	35.0	34.18239694729169	0.6088336783988958	0.4636904080458268	0.7333333333333333	0.5158513299513917	False
14	2041-04-01	FGA	south	0.21684799338196634	0.04704485052018534	17.204319026607333	0.012604276463753093	0.9917807476146643	-858.864670998796	3	33.0	32.86048964532523	0.6177536231884058	0.5062023309014517	0.6875	0.5138001519440025	False
11	2041-10-01	FGA	south	0.014143286646540961	0.00020003255716622386	0.35458166409151753	0.03988724764654096			1	11.0	10.999987282925758	0.7333333333333333	0.5405117467831914	0.7333333333333333	0.5405117467831914	True
15	2041-10-01	FGA	south	0.011547228390690004	0.00019125542992744777	0.18837848329247428	0.06129802188056642	0.9983333136862156	0.8784312591075635	21	1740.0	1739.8755679643782	0.3780791887857348	0.3734885832257017	0.7058823529411765	0.5684822286736372	True
16	2041-10-01	FGA	south	0.014400420234886262	0.00029211098165839774	0.2312429234828976	0.0622739931583303	0.9930516715216391	0.8371717772696939	18	3116.0	3115.9859221210563	0.5176904152278623	0.5096859366631724	0.6050420168067226	0.5633667574818298	True
17	2041-10-01	FGA	south	0.017204254796483354	0.0003695978832392977	0.20213974156076056	0.08511069947772729	0.9923804925649469	0.7349573681075561	13	827.0	827.0019168688855	0.17600369536136093	0.18038615953189457	0.4068965517241379	0.36164008406735954	True
15	2042-04-01	FGA	south	0.021358351575495062	0.000611317211074941	0.30576942778449917	0.06985116769276242	0.9606404158200337	0.6935340740546652	23	1766.0	1765.8168526652423	0.3579638894785619	0.35788934579936654	0.7058823529411765	0.5337850739750046	True
16	2042-04-01	FGA	south	0.01835754497291799	0.00048596292713719644	0.26246127171494454	0.06994382391340334	0.9674377105377782	0.7962572406743263	22	3222.0	3221.982929889818	0.4931129145265318	0.48707218955585996	0.6050420168067226	0.5417742309850134	True
17	2042-04-01	FGA	south	0.0179553056411436	0.0004427751521010457	0.21583049451477757	0.08319169949320683	0.9681523505141619	0.749776588054649	18	958.0	958.0436828922792	0.2601540894932795	0.26004215671582437	0.5263157894736842	0.5982549669051251	True
16	2042-10-01	FGA	south	0.0044895602163425065	3.057196131201232e-05	0.06491466323060457	0.06916095675323268	1.0	0.07764924168995113	2	31.0	30.775456529939298	0.3539893617021277	0.38724878830991394	0.3829787234042553	0.40550983303792315	True
17	2042-10-01	FGA	south	0.015387758087920082	0.00024503915813568435	0.36273976642502015	0.04242092958148496	-0.9857816962200499	-143.8207321270908	3	53.0	53.14043492047357	0.5064669652855543	0.5197033031785286	0.5263157894736842	0.5810790182440093	True
20	2045-10-01	FGA	south	0.048902468070445584	0.002396611641224595	1.4953991596670562	0.032701949679665124	0.9857338652652072	-33.6855180902932	5	91.0	90.92770911342716	0.18278035593106845	0.16522433023737107	0.21428571428571427	0.194121670379237	False
21	2045-10-01	FGA	south	0.025626117884230557	0.0009399251076062658	0.38505690949103016	0.06655150771895839	-0.9782976754877251	-2.23193299934753	11	541.0	540.7680230449582	0.7228845156874644	0.7040283084114002	0.7983870967741935	0.7951445127838453	False
19	2046-04-01	FGA	south	0.08535476007115449	0.007285435066804348	5.632549879791083	0.015153840071154485			1	13.0	12.91330048947086	0.0948905109489051	0.05583228822900366	0.0948905109489051	0.05583228822900366	False
20	2046-04-01	FGA	south	0.00772620498145009	0.00012655413567116858	0.5471756374306042	0.014120155308321765	-0.2632805806182884	-0.6764931198499728	9	156.0	155.94949334836818	0.16236103303744348	0.12342451788235152	0.21428571428571427	0.13156295754674577	False
21	2046-04-01	FGA	south	0.11804859063177169	0.014881882192651326	1.953609449177976	0.06042589048770378	0.4681373498207641	-13.354240471603697	24	1305.0	1304.94771423145	0.7717444056134749	0.7695914591938641	0.9491525423728814	0.8139516439806441	False
19	2046-10-01	FGA	south	0.02187736431604684	0.00047861906941703967	23.05718468641645	0.0009488306839531597			1	13.0	12.826141981585984	0.0948905109489051	0.04867170897541471	0.0948905109489051	0.04867170897541471	True
20	2046-10-01	FGA	south	0.020667184921071155	0.0007629539739526555	0.8876892392766453	0.02328200456492218	-0.020931545769124593	-16.483795448776664	4	56.0	55.40219709654371	0.12323691878897294	0.08711621792876752	0.1792452830188679	0.1140328783525432	True
21	2046-10-01	FGA	south	0.022707569832495802	0.0007764155249223371	0.6151853169544618	0.03691175521696773	0.6343596504337163	-0.635580132317493	26	907.0	906.762112992997	0.6179023611762784	0.6260206324758051	0.9491525423728814	0.8238522951579124	True
22	2046-10-01	FGA	south	0.029085193219461503	0.0009667656278317582	0.6617329597637015	0.04395306715543918		-7.001889814980647	10	383.0	382.96050371555356	0.5020469676515982	0.4919011387410924	0.6410256410256411	0.6653113863059479	True
20	2047-04-01	FGA	south	0.02182700234485789	0.0004830155868668387	4.472947694574063	0.004879780367504694	1.0	-40.867091562693936	2	24.0	23.639451479603522	0.1094059405940594	0.0607389414876343	0.1188118811881188	0.06409000521894365	False
21	2047-04-01	FGA	south	0.07868894967898742	0.006934436700894542	2.026750653298806	0.03882517543581925	-0.875445200738626	-14.273585005581241	20	414.0	413.84431886324535	0.4019850028194757	0.41858239604670644	0.6875	0.6634324575607107	False
22	2047-04-01	FGA	south	0.05710851864821215	0.0037945456011643157	1.3477506989874768	0.04237320647736707	0.5488413024212326	-5.28453011611742	21	862.0	861.9984905648586	0.6620495188874481	0.6460868767949668	0.9666666666666667	0.8926755835894036	False
21	2047-10-01	FGA	south	0.09291759957765307	0.008671992823799868	2.5594170964369964	0.03630420368255142	-0.9193840673439408	-646.3388922734325	3	33.0	32.98494372785413	0.1496436053398079	0.16325092718724823	0.15584415584415584	0.18274110481169775	False
22	2047-10-01	FGA	south	0.1878240059834322	0.037662290489626875	1.1303741480631615	0.16616091787419154	-0.04591848867875509	-19.52246096295715	23	816.0	815.8910734753958	0.5469438433934638	0.5501881155372965	0.9666666666666667	0.8917300989909598	False
23	2047-10-01	FGA	south	0.08626664585127183	0.013087818385435405	1.5526261547365805	0.05556176262270159	-0.6081416187822538	-51.90019845223261	13	1415.0	1415.019431703941	0.6768527366112879	0.6413944750213965	0.8346153846153846	0.9681092177167906	False
22	2048-04-01	FGA	south	0.002075926869374811	7.113109796381793e-06	0.04040389509552527	0.051379374797077916	0.9975348510954044	0.9913505829111281	19	551.0	550.9726224925403	0.296992369643086	0.3167538166020493	0.9285714285714286	0.6182265730728665	True
23	2048-04-01	FGA	south	0.0015178632715225993	3.2150953813680625e-06	0.029277638932051077	0.05184377316235533	0.9993393182249626	0.997661678039138	25	2466.0	2466.1799105082546	0.7926892468409672	0.7657020576724957	0.9655172413793104	0.9693480256867509	True
22	2048-10-01	FGA	south	0.12212478453770315	0.014987942823309258	3.115419378070268	0.03920011071297529	-0.9987498264967545	-771.9302974708684	3	42.0	41.67293229974142	0.09956980658812482	0.10174116662364585	0.14285714285714285	0.10679962441036572	False
23	2048-10-01	FGA	south	0.19739529466426703	0.04902582564874699	4.212812825373529	0.04685593755207128	-0.9754074222345124	-83.86050048343742	13	735.0	734.8360970128382	0.933319669813128	0.9218409497338745	1.0	0.95442351755715	False
23	2049-04-01	FGA	south	0.0044205799411809	2.7669406188673143e-05	0.21747021152439255	0.02032728947194253	0.9800876293962745	0.8066187044635852	13	239.0	238.6546266475898	0.9577572964669738	0.953699622278305	1.0	0.9761402532147593	True
23	2049-10-01	FGA	south	0.14967483676161886	0.03126814423537403	3.6114860857704447	0.041444112813102105	0.5155753582879631	-45.18888179674289	31	3051.0	3050.7959853159427	0.8681351034569559	0.8557230511889504	1.0	0.9853152527213047	False
24	2049-10-01	FGA	south	0.16244235904990614	0.02767882819116478	3.7612494534363243	0.04318840349753904	-0.9722878208879402	-37.0984057806052	15	597.0	596.8776893708055	0.18216293217574567	0.18115724494038965	0.22624434389140272	0.21981611742302756	False
23	2050-04-01	FGA	south	0.1940709655225809	0.03836114239845475	2.9416966816629686	0.06597245961227749	0.9123513544772486	-27.251532313624384	27	3056.0	3056.0059751943777	0.8054324312420652	0.7892645009271767	0.9411764705882353	0.8556036037036604	False
24	2050-04-01	FGA	south	0.28478959414178595	0.08135822069538806	6.0479459290698285	0.047088647531210066	0.8828671086680908	-70.64749802384048	18	656.0	655.9582744810884	0.20364336708551722	0.20059969921849038	0.328125	0.23817820454380917	False
26	2050-04-01	FGA	south	0.02659587553827238	0.0007073405956472751	1.2398596599532739	0.02145071446172762			1	12.0	11.998683826749645	1.0	0.9484876479583298	1.0	0.9484876479583298	False
23	2050-10-01	FGA	south	0.2714672820143785	0.0737476731983534	4.29449423419501	0.06321286447489298	-0.9999774877950274	-1698.7417935108854	3	65.0	64.78200978689085	0.684366339128244	0.6383337857529132	0.75	0.6499910974617771	False
24	2050-10-01	FGA	south	0.3014784832015966	0.09088927583353536	5.344873874827529	0.05640516320159656			1	16.0	15.932877515912434	0.32653061224489793	0.3091463701432684	0.32653061224489793	0.3091463701432684	False
26	2050-10-01	FGA	south	0.16428587565492056	0.02756496598181689	4.156782106351675	0.03952236885447696	0.26914877830816725	-45.14010368299186	25	3105.0	3104.9363335175735	0.9628359718429489	0.9434915731387672	1.0	0.9777922914401087	False
27	2050-10-01	FGA	south	0.07121915664375242	0.005470388803351103	2.865704598579555	0.024852232389567876	-0.8979836872539193	-21.762832541807203	7	115.0	115.0007849154228	0.08680275995059383	0.08350406829408377	0.1391304347826087	0.10765687615011815	False
26	2051-04-01	FGA	south	0.25688193249248586	0.06654246522409064	4.485915377960517	0.05726410572846673	0.8984416650446523	-59.74989704430269	29	3289.0	3288.993985245043	0.9372332314610766	0.9275678948208869	1.0	0.9893130500122348	False
27	2051-04-01	FGA	south	0.10646689303076355	0.011386579364188769	4.488047214857916	0.02372232018377599	0.9947678681807932	-65.69859786803326	7	115.0	114.88674659816026	0.08680275995059383	0.07995008919993564	0.1391304347826087	0.11685614980359463	False
28	2054-04-01	FGA	south	0.09147929642709961	0.008380352369105377	2.9109498513803436	0.031425926621072166	0.9801131245959378	-28.424554498324543	17	298.0	297.9575456659582	0.9896981014628075	0.9870651067969346	1.0	0.9983636495328481	False
28	2054-10-01	FGA	south	0.15290252083513958	0.0345566835401016	0.7947792075329081	0.19238364489902512	0.15206611589877603	-13.309872554043608	27	1127.0	1126.8802357677118	0.5924956367341985	0.6119327195583623	1.0	0.9737996400023107	False
29	2054-10-01	FGA	south	0.19031872912520525	0.03772417597063038	3.00230727202648	0.06339082308412257	-0.9421647147072911	-39.40106955904698	15	3567.0	3566.994633022884	0.7079145094674701	0.6659735804539666	0.8742268041237113	0.9951898025211892	False
0	2025-04-01	FGA	tropics	0.354867916215078	0.1261606446332061	21.011615835071378	0.016889130231609935	-0.0482609484821717	-130162.75658004041	11	341.0	340.842545399608	0.9531355432093267	0.9525644228595006	1.0	0.969909420576481	False
0	2025-10-01	FGA	tropics	0.32305532576451546	0.10446804914632393	18.66485145390201	0.017308218421260384	-0.23542973242415344	-66428.6915881116	16	401.0	400.83475905398336	0.9482595820603081	0.9469372031409367	1.0	0.9737428657099214	False
1	2026-10-01	FGA	tropics	0.0013601978394069578	3.5292405488127613e-06	0.09873301989520375	0.013776524215006145	0.3377602507069276	0.08249772252995657	13	227.0	226.69964408974906	1.0	0.997794061986414	1.0	1.0	True
1	2027-04-01	FGA	tropics	0.001277670957528879	2.7496942888686367e-06	0.09327704691340383	0.01369759227814146	0.9323006843091204	0.8342510466423543	39	1100.0	1100.0783639312606	0.9965255005113147	0.9944757668448739	1.0	1.0	True
1	2027-10-01	FGA	tropics	0.16465809037468182	0.027287214579931822	15.323444792896424	0.010745500936644043	0.855093869742877	-901.8183958080532	47	1364.0	1363.8080602741695	0.9672906943035262	0.9600279338978828	1.0	1.0	False
1	2028-04-01	FGA	tropics	0.21000043710972338	0.04431919342732314	19.604488838502764	0.010711854761409916	-0.760083692327718	-8193.934553995005	26	526.0	525.6341921891583	0.8955002001944726	0.8690868415053725	1.0	0.9869036674312303	False
2	2028-04-01	FGA	tropics	0.18330140882936363	0.03362338422292704	11.477006416243572	0.015971186403619546	0.4841115115120849	-14545.115771048448	14	277.0	276.9759628925091	0.7782214934290896	0.7509523522084497	0.90625	0.8985586870385865	False
1	2028-10-01	FGA	tropics	0.24576191924940816	0.06040043625896812	31.547232923186	0.00779028448700433	0.10512781532676985	-40169.39274336839	3	36.0	36.000468555609416	0.7005012531328321	0.5934590932917572	0.7857142857142857	0.6306528691710601	False
2	2028-10-01	FGA	tropics	0.04044877208695622	0.0018844931131431865	2.71953048831347	0.014873439463457063	0.9121271407657162	-30.266894548127624	41	1363.0	1362.980817059847	0.7750981592978905	0.7667850504980971	0.9152542372881356	0.8786472108010009	False
3	2028-10-01	FGA	tropics	0.19834032627541387	0.039365076157158035	13.417622654157551	0.014782076630688121	-0.05051467205468983	-8528.412923210864	12	199.0	198.96017508763654	0.31036493902366613	0.29979997080424203	0.44680851063829785	0.44415379762916535	False
2	2029-04-01	FGA	tropics	0.1041484681545729	0.01329950942246151	5.432482639849219	0.019171431380306	-0.7147795150948734	-239.76521013216262	35	1179.0	1178.803318269363	0.6599258861096904	0.6548690127635282	0.9152542372881356	0.8797251859469045	False
3	2029-04-01	FGA	tropics	0.18312386090166988	0.041791793682776725	9.899101702282191	0.018499038236919167	0.576463765657999	-1170.7127019131678	38	869.0	868.9913466163217	0.5853975004204859	0.5842403857262566	0.9310344827586207	0.8114676024583141	False
4	2029-04-01	FGA	tropics	0.06825783843873796	0.004659132508328854	4.396282915202266	0.015526261561262038			1	13.0	12.786244906219412	0.25	0.20688702476471504	0.25	0.20688702476471504	False
2	2029-10-01	FGA	tropics	0.12229422457531246	0.015178654081695388	6.14072350569079	0.0199152794393004	-0.4293986065332894	-2414.615513046872	8	126.0	125.34217659827932	0.3836995906838302	0.33433560217626	0.5813953488372093	0.44527828676176623	False
3	2029-10-01	FGA	tropics	0.13373578923453333	0.01853870671300919	13.119742640126304	0.010193476572132352	-0.7467980406336329	-1987.4487183657047	50	1173.0	1173.0655522624634	0.6038572916181935	0.6067122022089066	0.9310344827586207	0.7891021634211153	False
4	2029-10-01	FGA	tropics	0.18509732170222779	0.038727643142005004	12.726876153741678	0.014543814166668818	0.6088373732242041	-1905.1177094669702	26	546.0	545.9618684693841	0.46032462007466884	0.4504393148644233	0.64	0.5414832427596515	False
3	2030-04-01	FGA	tropics	0.03713887201515305	0.0024587487199880125	3.1522600127383487	0.011781665175167686	-0.1529516360414515	-205.3026453114708	32	623.0	622.8998431644101	0.4304749611843933	0.42767860774240407	0.6666666666666666	0.6719175014394954	True
4	2030-04-01	FGA	tropics	0.02588081201191223	0.0016460291977481226	1.2987652975957544	0.019927243251588424	-0.13148534586709115	-28.138170485586244	47	965.0	965.0322434825321	0.44791236495289743	0.4409033611047095	0.6730769230769231	0.5326662632271393	True
5	2030-04-01	FGA	tropics	0.0045415756793954635	3.668507269694552e-05	0.3235502574179731	0.014036693142013184	0.6962480662200945	-2.913440931014296	25	516.0	515.953894883698	0.4905842040414549	0.48432163809000983	0.8484848484848485	0.802938338415608	True
3	2030-10-01	FGA	tropics	0.23746444253687357	0.05639085386839846	19.581356557159182	0.012127068001836352	0.25050415689133315	-43592.4255678293	5	64.0	63.66886941685196	0.2526218858537999	0.19914804988153964	0.34615384615384615	0.2325283115707377	False
4	2030-10-01	FGA	tropics	0.11798572010721901	0.013948200152937809	9.71531266895776	0.012144304988166306	0.0521939484433937	-2674.060145914963	20	382.0	381.9424889744462	0.4134805621805374	0.3978426614640511	0.6730769230769231	0.5402026645082192	False
5	2030-10-01	FGA	tropics	0.22098803801508432	0.05387956695902009	12.179517238815103	0.018144236235473597	0.6927308213744768	-1112.3214033414	47	1040.0	1039.942514178433	0.6953608972820173	0.6939896716312005	1.0	0.93604444013843	False
5	2031-04-01	FGA	tropics	0.11575156969882223	0.013447211893156235	12.755606390428122	0.009074564246955978	-0.2068564604009247	-2776.8107448796914	23	488.0	488.06501180730606	0.9144500871896656	0.9031886066756042	1.0	0.9426834747681568	False
6	2032-04-01	FGA	tropics	0.0018404260989062912	5.319432492538772e-06	0.07898173308915349	0.023301920924283133	0.9576113143096139	0.846176012034804	27	1113.0	1113.0305356251533	0.967205751348506	0.9605345567069409	1.0	1.0	True
6	2032-10-01	FGA	tropics	0.032830771395699475	0.0029797098102766835	1.8650143348139572	0.017603495470706117	-0.3976002440303581	-25.952469684818546	49	2136.0	2136.0203789158286	0.9854654579225292	0.9851780083446826	1.0	0.9975386687779698	True
6	2033-04-01	FGA	tropics	0.22018168381499514	0.048669958021945896	11.898468492246257	0.018505044070039642	-0.5956001969081302	-1841.9631669973376	26	906.0	906.0657052990958	0.9852671991961621	0.9581097653188364	1.0	0.9938237692007345	False
7	2033-04-01	FGA	tropics	0.14556606726074947	0.021309149472794275	3.9012529683356694	0.03731264505076431	-0.3729430766508993	-1163.2604933366858	14	688.0	687.8843705152296	0.9292806326260135	0.8499566576452986	1.0	1.0	False
7	2033-10-01	FGA	tropics	0.08295903752062027	0.007063557122894865	2.487329116677388	0.03335265806377815	0.8848874529718118	-12.305091403482121	39	3782.0	3782.134491752745	0.9740265071034541	0.9564621191880645	1.0	1.0	False
7	2034-04-01	FGA	tropics	0.24911630525503228	0.06257980766282681	8.301829003184189	0.030007400195725915	-0.8492866330064904	-407.90183389155226	25	2643.0	2642.809154261964	0.9996475770925111	0.9966409851221455	1.0	1.0	False
8	2035-10-01	FGA	tropics	0.04810559424598611	0.0031330494138103663	2.4306443749540874	0.019791292688341042	-0.9276221004386815	-65.8788612631771	34	1484.0	1483.9875293064842	0.998080065359477	0.9976584667036948	1.0	0.999926555098667	False
8	2036-04-01	FGA	tropics	0.21615945637548908	0.04915192959611243	14.634105817212234	0.014770937088704679	0.6657539560464713	-646.4633258925609	44	1847.0	1846.7827742350355	0.954212537021255	0.9552150344555413	1.0	0.9993327079861223	False
9	2036-04-01	FGA	tropics	0.21533630069442675	0.04636972239676057	16.15426195891813	0.01332999930557323			1	12.0	11.99879420028906	0.7058823529411765	0.4548544162292174	0.7058823529411765	0.4548544162292174	False
8	2036-10-01	FGA	tropics	0.17901631229307424	0.032237725054473546	11.984428590487491	0.014937409067226324	-0.9349491834757935	-3236.8042983199275	18	456.0	455.7918831363087	0.8927117347163787	0.9027321833260503	1.0	0.984940645167358	False
9	2036-10-01	FGA	tropics	0.1886931346553234	0.03566229821313427	13.401176164573018	0.014080341332587462	-0.14603996806965655	-3839.43953099979	19	387.0	386.8129527749435	0.7750389209586445	0.7457155055592863	0.8947368421052632	0.8066626625912223	False
9	2037-04-01	FGA	tropics	0.070899295959317	0.00841377238742952	4.998305605085238	0.01418466607707712	-0.8316779443038362	-220.4099503120971	44	991.0	990.9577917573803	0.649586589877588	0.6444899337043095	0.8947368421052632	0.7978698209455347	False
10	2037-04-01	FGA	tropics	0.15609045967644888	0.030462883155536837	14.04421272491572	0.011114219268377365	0.8421864623402477	-1928.6516193271761	22	434.0	433.85458394127255	0.44045795208922167	0.43566784160224	0.6190476190476191	0.5734357271169509	False
9	2037-10-01	FGA	tropics	0.12024782583984672	0.015424853000227683	9.111416277320536	0.013197490069590907	-0.4772126794354281	-833.1079037063328	27	591.0	590.9292548337971	0.508024959814901	0.5019834161356128	0.7272727272727273	0.7022447613591553	False
10	2037-10-01	FGA	tropics	0.23507846584183187	0.058456154100081086	21.30581881250013	0.011033533510756754	0.6156014186921104	-1596.9999306208465	41	773.0	772.7511515695735	0.5496810702221335	0.5360360419136206	0.9375	0.6819978680516673	False
11	2037-10-01	FGA	tropics	0.0667742016873051	0.004465187312705408	3.8075445731572835	0.017537339459675647	0.8506477447722269	-4146.126615722102	3	39.0	38.89130740900467	0.5266955266955267	0.47737267557685553	0.5714285714285714	0.5226272416923405	False
9	2038-04-01	FGA	tropics	0.20064652887350087	0.040260429646886586	14.890947682359581	0.013474396200531607	-1.0	-43071.792720186066	2	25.0	25.06861109476324	0.34959349593495936	0.27903934599679425	0.36585365853658536	0.30460302572268255	False
10	2038-04-01	FGA	tropics	0.21303206459642898	0.045452867632023754	20.80365205989027	0.010240128222830538	0.056679037609029426	-5768.646553076489	18	303.0	302.5546321595256	0.6689445243120482	0.6352347411402302	0.9375	0.7067510327436702	False
11	2038-04-01	FGA	tropics	0.17125145530171015	0.03049710532477173	11.95752321171499	0.01432164941431451	0.8584480213760941	-1133.8633307559608	29	743.0	742.9995656045454	0.8137381587548438	0.8021805191412191	0.9714285714285714	0.9602506384409898	False
11	2038-10-01	FGA	tropics	0.0014154487128976083	3.83877306728183e-06	0.08156483629636692	0.01735366338203091	0.9692274349053339	0.9252174679237973	47	1205.0	1204.7874219286184	0.7680644904450594	0.7565269789965805	0.9714285714285714	0.945411075372964	True
12	2038-10-01	FGA	tropics	0.0015992419340438474	4.010578264803473e-06	0.12346111796759233	0.012953405577160229	-0.22840851301889142	-5.027781442595608	14	263.0	262.88855353544113	0.5357146618727759	0.5039971112995605	0.7380952380952381	0.7567549494204063	True
11	2039-04-01	FGA	tropics	0.0015033592207704517	3.6044636567108557e-06	0.10480734206346018	0.014344025820826342	0.6589673838911718	0.0007405317594251226	23	477.0	476.41561155606297	0.593389410376158	0.572330500975645	0.9444444444444444	0.8953983505995174	True
12	2039-04-01	FGA	tropics	0.0015049250547292477	3.4517148986687507e-06	0.10393435088608374	0.014479573325845914	0.9699598466718332	0.9306999703313996	39	1321.0	1320.9786895710279	0.747118209609621	0.7346494167899073	0.9701492537313433	0.912888791563727	True
13	2039-04-01	FGA	tropics	0.003326625378633718	1.1066436409769927e-05	0.36296750732131844	0.009165077621366282			1	10.0	10.061264211410176	0.20408163265306123	0.2102675219773824	0.20408163265306123	0.2102675219773824	True
11	2039-10-01	FGA	tropics	0.1160887912119843	0.013476607445059683	11.87656354757639	0.009774611211984308			1	14.0	13.991164580912866	0.2978723404255319	0.1556130958606237	0.2978723404255319	0.1556130958606237	False
12	2039-10-01	FGA	tropics	0.20115037000320618	0.040965740088564635	12.763822791526776	0.015759414188728726	-0.7986070313923604	-1084.5866562842086	40	1297.0	1297.0261552938496	0.7887313593559829	0.7744806048860375	0.9701492537313433	0.8710217575083835	False
13	2039-10-01	FGA	tropics	0.04132158376990531	0.0031955784975380304	12.826175585745586	0.003221660540483181	-1.0	-357.96905073132643	2	26.0	25.79405096736309	0.3242630385487528	0.2311701055414075	0.4444444444444444	0.29552826689368095	False
11	2040-04-01	FGA	tropics	0.005179722325873064	2.6829523373147863e-05	1.0	0.005179722325873064			1	13.0	13.196905426180829	0.4482758620689655	0.2901093913279483	0.4482758620689655	0.2901093913279483	False
12	2040-04-01	FGA	tropics	0.24183241427513205	0.05851224125987185	16.259216813859933	0.014873558612551716	-0.4941107763171795	-17393.359182999644	14	247.0	247.13763928387837	0.6840015495410059	0.6374280584465053	0.8518518518518519	0.7841303466279793	False
13	2040-04-01	FGA	tropics	0.0483096533989465	0.002333822611526343	17.12755765337883	0.002820580398946504			1	16.0	15.81608123363049	0.4444444444444444	0.3091744148905577	0.4444444444444444	0.3091744148905577	False
14	2040-04-01	FGA	tropics	0.07555363326489709	0.005750197607656992	9.559047094299231	0.007903887544392927	0.2508798610149024	-915.3918530823147	14	192.0	191.71567464579576	0.609218424142419	0.5393473960610603	0.8421052631578947	0.5573280444161707	False
11	2040-10-01	FGA	tropics	0.13477085841923014	0.026598259579214828	42.05260974296117	0.0032048155689502317	1.0	-4622.631293215956	2	25.0	24.96099239236279	0.48500749625187406	0.2839372734337342	0.5217391304347826	0.3229709972519815	False
14	2040-10-01	FGA	tropics	0.12717060472842817	0.017560268992565874	13.125606409012104	0.00968874128673493	0.7842979157834827	-1589.8561448779524	31	419.0	418.347158358216	0.6256914556576842	0.5800313977962404	0.8421052631578947	0.6166812456968165	False
11	2041-04-01	FGA	tropics	0.003912933392530157	1.5311047734377567e-05	1.7839103076099485	0.002193458592530157			1	12.0	11.85237567910271	0.5217391304347826	0.3295988457463666	0.5217391304347826	0.3295988457463666	True
14	2041-04-01	FGA	tropics	0.0022664184553497953	7.064180223528114e-06	0.7206196453600744	0.003145096681644485	-0.38638649696922756	-2.813127780675098	23	304.0	303.50497605198336	0.6914891169700905	0.6122065270512058	0.8571428571428571	0.6552539531908893	True
14	2041-10-01	FGA	tropics	0.003207576186875311	1.7673093182915077e-05	0.36764115713418877	0.008724747283135516	0.27056417533642857	-0.5561836333389512	13	166.0	165.37368849232706	0.6735395709123105	0.5657991641824335	0.8571428571428571	0.6894713151643816	True
15	2041-10-01	FGA	tropics	0.010610220316827632	0.0003222938598044086	0.2615973776247246	0.04055935274721507	0.7372043627478478	-0.14863423360047934	19	400.0	399.97375348505824	0.2716106388529587	0.2602487221860305	0.43333333333333335	0.3164404037189948	True
16	2041-10-01	FGA	tropics	0.004633286749393752	4.454055618220812e-05	0.16294994435452434	0.02843380381470568	0.7847131686057336	-0.4167738800376213	16	1130.0	1129.9840527926574	0.6426392843132387	0.6159856808627048	0.7670454545454546	0.8369122300698608	True
17	2041-10-01	FGA	tropics	0.02919390428692812	0.0008522840475143201	1.309438947160058	0.022294971713071883			1	13.0	12.997867918338283	0.06914893617021277	0.059166233190399334	0.06914893617021277	0.059166233190399334	True
14	2042-04-01	FGA	tropics	0.2285688377480178	0.052277463256053966	49.833112897477996	0.004586685929459274	1.0	-15106.45027848139	2	22.0	21.669960119729197	0.37327677624602335	0.34537380557721575	0.4782608695652174	0.5089039141454824	False
15	2042-04-01	FGA	tropics	0.10071025312447411	0.019820443510995274	2.7253415487280317	0.036953259370913524	-0.7665552850761697	-72.93128142925987	27	561.0	560.8592181148422	0.22525512432699507	0.21967360434510536	0.43333333333333335	0.30691318192721856	False
16	2042-04-01	FGA	tropics	0.06846471119942499	0.005407538600491655	1.9079206932474615	0.03588446387826088	-0.45966456779507137	-12.462549029489248	39	2823.0	2822.780685988249	0.6316777815978843	0.6240462887818387	0.8272251308900523	0.7622339067276661	False
17	2042-04-01	FGA	tropics	0.08820574041949997	0.0078299601549895	2.5539078124449777	0.03453755847790622	0.7517451767735088	-71.78635865526029	27	606.0	605.9731041643473	0.3572609269730711	0.35637196627647333	0.8518518518518519	0.806892506065616	False
15	2042-10-01	FGA	tropics	0.007891311161253111	7.585478635055128e-05	0.27908039740689744	0.028276121270343575	0.9254704185598499	-2.6265132763288346	6	111.0	110.85444874605473	0.10500039060308948	0.09798098886301672	0.11764705882352941	0.1237035533205197	True
16	2042-10-01	FGA	tropics	0.0032106099032899425	1.5746464422290624e-05	0.1378683738374629	0.023287501070223877	0.8167202643728272	0.5649488613192342	21	1422.0	1421.9022170991727	0.6102518085007738	0.5893707524238803	0.8	0.8015101936357282	True
17	2042-10-01	FGA	tropics	0.005059364733591304	9.578040035219602e-05	0.09829435399051743	0.05147157011764263	0.7837627581577515	0.4726245450307479	37	783.0	782.9177900279807	0.584974061113542	0.5804002022135827	1.0	0.9949391011082586	True
17	2043-04-01	FGA	tropics	0.26452815947066677	0.06999255047272669	23.53696231576473	0.011238840251424012	-0.04844201530626652	-24597.87584734818	11	190.0	189.6970895118347	0.9547697252242707	0.9246289762811029	1.0	0.9500957016132004	False
18	2044-04-01	FGA	tropics	0.0011852006535668668	1.4047005892153283e-06	0.4308859531652384	0.0027506133464331333			1	12.0	11.819618444569532	0.36363636363636365	0.2535664011593612	0.36363636363636365	0.2535664011593612	False
19	2044-04-01	FGA	tropics	0.04808830238373754	0.0023124848261497776	2.917096664136913	0.01648498761626246			1	12.0	11.541443859325556	0.32432432432432434	0.21355509622278426	0.32432432432432434	0.21355509622278426	False
20	2044-04-01	FGA	tropics	0.13739441862258975	0.018896794899714086	6.322361563637637	0.02173150289486741	0.95318088110263	-463.7553458992536	3	35.0	35.04359778391394	0.39086672879776324	0.3347319592970468	0.4482758620689655	0.35779430851644967	False
18	2044-10-01	FGA	tropics	0.011756802096736579	0.0001431159239594494	2.5361598720554737	0.004635670734435239	0.7955201805858406	-21.63654665514755	7	79.0	78.75485138676953	0.3123602962888677	0.2267498731557767	0.42424242424242425	0.24149659842553176	True
19	2044-10-01	FGA	tropics	0.010985559681856166	0.00017238581543900944	0.9242978982846793	0.011885302024642996	0.9107649245055673	-1.8850780238289095	3	34.0	33.56769578476816	0.30017160017160016	0.2230462741321746	0.32432432432432434	0.2530840987951415	True
20	2044-10-01	FGA	tropics	0.011362860391199357	0.00013762719019106955	0.5937839104373532	0.019136356158303464	0.8533965004883111	-5.7871052481227485	28	430.0	430.095881280546	0.44562869825406565	0.42770752578271687	0.65625	0.46157281483975793	True
18	2045-04-01	FGA	tropics	0.0998486610085794	0.010406650998335158	14.890854099147191	0.006705368298135284	-0.8754644987009634	-743.331374986147	5	57.0	56.88183643608323	0.310523088023088	0.21832803427435396	0.42424242424242425	0.23033287661171645	False
19	2045-04-01	FGA	tropics	0.21584702601414194	0.046603534734567825	50.73620815599161	0.004254299520186982	-0.644126585717485	-12350.331058008076	6	70.0	69.5047994450905	0.319418981046888	0.28157807064700935	0.3783783783783784	0.3060113233576877	False
20	2045-04-01	FGA	tropics	0.1141097595796138	0.024349222350836634	17.894697175051295	0.006376735994096906	-0.8842404275023702	-4032.6027468990305	32	488.0	487.43009332831025	0.4787149214572841	0.44896831688653527	0.65625	0.46038449155598193	False
19	2045-10-01	FGA	tropics	0.16547705664101514	0.027401430828447357	801.165877675446	0.00020654531259012288	1.0	-1595053.2023674995	2	24.0	24.083734441584983	0.3294573643410853	0.28526398112407925	0.3333333333333333	0.2903192720352868	False
20	2045-10-01	FGA	tropics	0.24783402200897653	0.06178338564461092	24.12814460108045	0.01027157396917617	-0.2296841092307779	-6127.189153194487	8	109.0	108.31170125913674	0.5247601320149349	0.4573410060618158	0.6	0.49951415908908	False
21	2046-04-01	FGA	tropics	0.00777665227830636	6.423198780575501e-05	0.6998147952829928	0.011112443364621376		-16.10268383043626	22	359.0	358.8378562298157	0.8127417454555643	0.7890705310383809	1.0	0.9402186982907765	False
21	2046-10-01	FGA	tropics	0.07686501307531303	0.016283883003325384	5.375140519909489	0.014300093698128537	-0.848144968513847	-610.7466153707439	47	1002.0	1001.875428111208	0.7821654087661354	0.7682020799731392	1.0	0.8765439107422384	False
22	2046-10-01	FGA	tropics	0.01199272248744831	0.00020112334431546293	0.6806171490430022	0.017620364847272744	-0.5953279155362752	-62.717135009306865	4	60.0	59.72020729824757	0.3602143908193379	0.3167388904063585	0.5348837209302325	0.38606665966968273	False
21	2047-04-01	FGA	tropics	0.001479919034862328	3.3733123063710503e-06	0.13851920595851863	0.010683854449075523	0.8953482300650695	0.786322891827556	32	714.0	713.5612320806418	0.6367629362463467	0.6351780478586806	0.9473684210526315	0.8668149249517738	True
22	2047-04-01	FGA	tropics	0.0013951478900313763	3.928098277594107e-06	0.07936685142235717	0.017578470923672946	0.9590970411743548	0.8806252901301248	30	1105.0	1104.7667433148936	0.7194321171687914	0.7124064675679908	0.9696969696969697	0.9338998418152935	True
21	2047-10-01	FGA	tropics	0.0016280122260373187	2.855368642966531e-06	0.17690683556568573	0.009202653028253596	0.5153105969419538	-11.973686157469006	6	87.0	86.12018960101494	0.31047670975998964	0.28846124071840434	0.4090909090909091	0.3716704501902384	True
22	2047-10-01	FGA	tropics	0.0010637726395726274	1.7817044186924924e-06	0.08778063261759335	0.012118534668197662	0.9870323080042537	0.9703966298727851	50	1734.0	1734.010367750443	0.8235851575248785	0.8228429824628236	0.9772727272727273	0.9736683505311159	True
23	2047-10-01	FGA	tropics	0.002777176016582176	7.712706627079243e-06	0.14928706982336062	0.018602924016582176			1	15.0	14.998993742371736	0.5769230769230769	0.4514208927086325	0.5769230769230769	0.4514208927086325	True
22	2048-04-01	FGA	tropics	0.19801057290200308	0.0393042229117097	14.225182758354567	0.013919720840543144	-0.16876838796718183	-4627.195342242918	24	618.0	617.9965435293227	0.8397686246079088	0.8230511573131141	0.9772727272727273	0.9888037153794156	False
23	2048-04-01	FGA	tropics	0.16851483145136548	0.028603904148000375	9.409785814712674	0.017908466225435658	0.9275420648031057	-604.885100318586	27	1134.0	1133.9664533753726	0.877711376002216	0.8577595438960793	1.0	0.9993248324511611	False
23	2048-10-01	FGA	tropics	0.09991054146102471	0.010034291760668	7.231122659516239	0.013816739967692473	0.9460296250556725	-136.4340709296015	50	2095.0	2095.001177476765	0.9526537306783973	0.9499155663817704	1.0	1.0	False
23	2049-04-01	FGA	tropics	0.009181436663400351	0.00016368995812391553	0.7499033602495708	0.012243493162031882	0.6492191839830626	-2.495201091408171	50	1347.0	1347.042939784207	0.97671089899175	0.9760436174979078	1.0	0.9996757916447221	False
23	2049-10-01	FGA	tropics	0.18813256606382361	0.04271123481736035	14.779381429783234	0.012729393781305427	0.4884159075667163	-1000.3213370989665	50	2033.0	2032.982344800479	0.853821735454093	0.8522106465827781	1.0	1.0	False
24	2049-10-01	FGA	tropics	0.05127329854266524	0.0031773607776406816	2.5606860792667123	0.02002326601367242	-0.9211959592684169	-34.55788513156894	21	416.0	415.98009052927483	0.21778926253337105	0.21455087345016102	0.27522935779816515	0.23178102359784514	False
25	2049-10-01	FGA	tropics	0.21449917825695217	0.0460303990937293	19.109140536774806	0.011224951632134201	-0.9604201150230274	-26842.26134335915	3	36.0	35.7441239912732	0.13319119558154646	0.11637200280149246	0.14814814814814814	0.12930139714335964	False
23	2050-04-01	FGA	tropics	0.21841811826423113	0.04789703706087358	12.100526845668231	0.018050298226677697	0.7654621253968448	-396.5398075014466	38	1851.0	1850.963542792649	0.6083577900932327	0.6004235242135855	0.9411764705882353	0.825718233546219	False
24	2050-04-01	FGA	tropics	0.08275307455169968	0.006894976026813556	4.258033641518477	0.019434575092316258	0.8284812704390119	-64.9794394372562	33	606.0	605.849218835297	0.22494643857468072	0.21335374945283528	0.32653061224489793	0.24373586469897618	False
25	2050-04-01	FGA	tropics	0.21417236317536986	0.04615031917471382	3.047777408305301	0.07027165520413092	0.5442253175897172	-172.0551595074693	26	413.0	412.6854226572719	0.2100419102916812	0.2029831827849256	0.36666666666666664	0.2697616626151445	False
26	2050-04-01	FGA	tropics	0.06245164128426147	0.003985039371497603	2.048409164213418	0.03048787438335968	-0.7115271546453263	-138.20284417331914	18	1251.0	1250.9666670263614	0.604210809811465	0.5775394547254888	0.9421052631578948	0.990364069950215	False
23	2050-10-01	FGA	tropics	0.07576039918912046	0.00599796846432846	3.4663405340112363	0.021856017447152203	0.5178619795574839	-546.0787435852707	12	253.0	252.83432502483103	0.3422098175366406	0.31749619590545036	0.4927536231884058	0.4905170564311357	False
24	2050-10-01	FGA	tropics	0.15986521038327134	0.02587845575817168	8.077536147929443	0.019791333329316072	0.5906807454433537	-1366.9644691084136	10	151.0	150.6585280583981	0.23523104796575706	0.19653160886589327	0.32653061224489793	0.2776802578772265	False
25	2050-10-01	FGA	tropics	0.17000828111411206	0.029236224842400193	17.278207000010884	0.009839463152282235	0.5068136539726185	-998.1167478914898	22	362.0	361.8003368311209	0.21573469888491903	0.20626012356354415	0.36666666666666664	0.2589392018339975	False
26	2050-10-01	FGA	tropics	0.07628538006989022	0.020499043759865467	2.613322556304102	0.02919095458992135	-0.5064003040379638	-52.54185556650762	42	3454.0	3453.679213764916	0.8181984862960047	0.8082744744110425	1.0	1.0	False
26	2051-04-01	FGA	tropics	0.21513394593006455	0.04638064166318485	8.578840250979058	0.025077276139453986	-0.058700545571418725	-882.6999649630629	22	1839.0	1838.7840205046884	0.981126210036581	0.9772964243923574	1.0	0.9849349926201754	False
28	2053-10-01	FGA	tropics	0.004513845622047959	3.211153876684199e-05	0.18309297991443835	0.024653297052444807	0.09810302197679727	-0.12559269226226744	20	848.0	847.9711311938802	0.8795853916513732	0.8772074857958583	0.9833333333333333	0.9461322960376595	True
28	2054-04-01	FGA	tropics	0.18984086883349163	0.03646405607994656	7.790903356579717	0.024366990597202536	-0.6268681203129041	-197.72265188046856	47	2365.0	2364.8175500868456	0.9037349182469743	0.8999628940964286	1.0	0.9849729307906586	False
28	2054-10-01	FGA	tropics	0.2074505373203056	0.04334382307237001	11.21139812825366	0.018503538537045876	-0.8762580484752298	-826.8046116930412	30	1412.0	1411.9382483035488	0.8577156265452707	0.8328612432674635	1.0	0.9953155060539551	False
29	2054-10-01	FGA	tropics	0.03934660901282566	0.00398284827537417	1.9284611392261113	0.020403112208221837	0.02913528487965289	-223.70574124475007	23	1126.0	1126.0025077127498	0.869660770613023	0.8489919935378222	1.0	1.0	False
0	2025-04-01	GARW	north	0.5770152706402056	0.3716443005716092	10.191045146514977	0.05661983264175089	-0.6827618829747637	-688.5090719391222	11	3122.0	3122.018176268361	0.9594142982711965	0.9594764049188339	0.9893842887473461	0.9823844885809024	False
1	2025-04-01	GARW	north	0.5104438061476905	0.28974405304322604	82.85117931322266	0.0061609721234978975	-0.9871417601766637	-11687.910769912354	3	38.0	37.90317620476799	0.030238173024906664	0.023406083194318982	0.036211699164345405	0.026053078059316333	False
0	2025-10-01	GARW	north	0.41850856608813536	0.18863264605669153	6.438613909854595	0.06499979218315742	0.7534670588000542	-309.1188126140255	15	3216.0	3216.004432750876	0.9445047257616893	0.945550568093252	0.9893842887473461	0.9959263328694624	False
1	2025-10-01	GARW	north	0.4644718002045833	0.21605493587829652	6.260123299614408	0.07419531181329805	0.4670040612006131	-533.41366542353	3	38.0	38.114942451381836	0.030238173024906664	0.022390775866192012	0.036211699164345405	0.030887312588974123	False
1	2028-04-01	GARW	north	0.019083054263856154	0.0007958261212311277	0.2862855607761417	0.06665741091559266	0.6548293440240143	0.02832817667871601	8	118.0	118.05101552463641	0.2657462721565572	0.25242821501510715	0.4444444444444444	0.4204688956317656	True
2	2028-04-01	GARW	north	0.00993420417485958	0.000134836939439684	0.15759578397210303	0.06303597675314775	0.8626416702747443	0.4124852276596065	10	431.0	430.88471254660504	0.7383477497166147	0.7386416129569214	0.875	0.8824010568279509	True
1	2028-10-01	GARW	north	0.008558681791752535	8.564610066112547e-05	0.4892150682867906	0.017494722355394034	0.7198722664851914	-0.12316610707723497	10	146.0	145.71100805208567	0.24414194338781853	0.22587199568539798	0.4444444444444444	0.4230080532514286	True
2	2028-10-01	GARW	north	0.041991740801832954	0.003787428846495256	0.7168840249559139	0.05857536134162749	-0.5147146389605068	-3.3361589432476215	24	1055.0	1055.068001919667	0.8223308612788077	0.8088340312984155	1.0	0.8701947589185732	True
1	2029-04-01	GARW	north	0.005958776160976106	3.550701333661715e-05	0.2821218865535294	0.021121282839023894			1	10.0	10.224912938112189	0.18867924528301888	0.1312291924114009	0.18867924528301888	0.1312291924114009	True
2	2029-04-01	GARW	north	0.014856315414848935	0.0006487559696977645	0.17753650774513371	0.08368034047496435	0.28615510226683316	-0.3433423901092565	17	539.0	539.2496783367591	0.6536159764285774	0.644059151629331	1.0	0.9254288662942874	True
3	2029-04-01	GARW	north	0.027981793347915663	0.001449958163440442	0.30074975575604324	0.0930401199414886	0.8271991487480038	0.28080243506234115	17	863.0	862.9861223311195	0.2516862266847807	0.2519907910117777	0.4642857142857143	0.32744055251387655	True
4	2029-04-01	GARW	north	0.02167942504854905	0.0007379402076032182	0.2080973731029641	0.10417923458275626	0.7911527191132998	0.37940086023677644	16	3046.0	3045.995965450141	0.7020160420687078	0.6857101951767106	0.8865979381443299	0.8627166549726164	True
2	2029-10-01	GARW	north	0.04355943065151148	0.0032992880533154125	0.6790127167301588	0.06415112644911199	0.6506008801338077	-3.0898952641882538	8	101.0	100.99258809939663	0.06759414044791112	0.07337447208113096	0.1746031746031746	0.18450764908485406	False
3	2029-10-01	GARW	north	0.05020525729751922	0.003567686450014488	0.582412195401231	0.08620227683064259	0.44438935976830235	-1.7567734577403806	19	889.0	888.9672903960386	0.23533263401555074	0.23802422431925385	0.4642857142857143	0.3796962039249702	False
4	2029-10-01	GARW	north	0.08685542493391547	0.011521227181796639	0.8169220092860812	0.106320338963348	-0.27484075876196173	-4.550790257916461	23	3450.0	3449.8513990479864	0.7616222218100875	0.7504374730378938	1.0	0.9557557401200086	False
4	2030-04-01	GARW	north	0.004776147953731771	3.870245312096901e-05	0.08042940056642325	0.05938311015742746	0.8361767532737845	0.09925484376760563	6	265.0	264.76134608706445	0.8990047979178414	0.8805404531358335	1.0	0.925223502396472	True
6	2032-04-01	GARW	north	0.002815213262246058	1.2793382430794012e-05	0.057350215376427593	0.049088102699666285	0.9838405557740897	0.9232321018237872	12	784.0	784.0002186938923	0.9584990635654808	0.9692730119943141	1.0	1.0	True
6	2032-10-01	GARW	north	0.21685542346674574	0.059375503374677216	4.428512385470584	0.048968006542834175	-0.85799949405134	-58.67253133398945	26	1713.0	1712.8919972335063	0.9742742866120497	0.9720180530839819	1.0	0.9917826561935339	False
6	2033-04-01	GARW	north	0.014662498274818534	0.0004921822196502527	0.23847799814980272	0.061483652112880094	0.49285441476880537	-0.0224760848736838	15	577.0	577.1351805826185	0.7915201995913846	0.7906433544865776	1.0	0.9891333373472952	True
7	2033-04-01	GARW	north	0.009453475660835486	0.00021480810579679372	0.13282123329188453	0.07117443067299918	0.8732373338130242	-0.04990714809956742	10	1403.0	1403.157057406504	0.8599876196589845	0.8035368146592793	0.9936305732484076	0.9990971056996648	True
6	2033-10-01	GARW	north	0.04939639634938298	0.002777883264839951	1.3411110761915903	0.03683244231317216	-0.370578878947944	-62.62873559179198	5	66.0	65.89703730868814	0.20798857637239357	0.263094932285938	0.6875	0.5155788630091529	False
7	2033-10-01	GARW	north	0.08275360593775642	0.00987059056954505	1.27661523237536	0.06482266844316063	-0.2741119626251466	-4.195048047050149	24	3591.0	3590.997641314075	0.9375031997837947	0.8928229175145623	1.0	1.0	False
7	2034-04-01	GARW	north	0.12785326082878434	0.020584146341286535	2.5400171150151842	0.0503355902891308	0.961071225505199	-150.9751770414154	12	1201.0	1200.9351196582988	0.9957143525552247	0.9913680099139608	1.0	0.9957181304581664	True
8	2035-04-01	GARW	north	0.0012594804627863111	2.3042716034216883e-06	0.02775488984349038	0.04537868713904152	0.9986462491495325	0.9948560690037568	19	2400.0	2399.9895038833315	0.9984755162020027	0.9930519100102986	1.0	1.0	True
8	2035-10-01	GARW	north	0.0016157756756715995	3.0701084541748327e-06	0.03136357851837774	0.05151758032728385	0.9995137786676747	0.9977313015214491	28	2867.0	2866.955487392116	0.9986751688049014	0.9986194252799946	1.0	0.9993336186173729	True
8	2036-04-01	GARW	north	0.37303436758296576	0.14455318238754788	7.242280384025828	0.05150786048076255	-0.9886260854305071	-4596.770308320784	7	249.0	248.84452546313602	1.0	0.9991129903572398	1.0	0.9997243390120073	False
9	2037-04-01	GARW	north	0.001116998643896386	1.9035380173501512e-06	0.055028868535567606	0.020298411972152763	0.38076919787658425	-8.606925425385874	4	59.0	58.79022247398705	0.27043104038010657	0.2513011410597745	0.3076923076923077	0.2732155622103073	True
10	2037-04-01	GARW	north	0.01018803992845387	0.00016896933726808105	0.22630808020364016	0.04501845413246538	0.9942672069772858	0.03639704919793885	10	280.0	279.5878889495785	0.7194840427806177	0.7042848823225805	0.8823529411764706	0.7392864672522949	True
9	2037-10-01	GARW	north	0.0034105423222090168	1.4177748121989737e-05	0.2261887254036327	0.015078303819621957	0.9853825672775527	0.8813766841657591	6	80.0	79.6283669016744	0.24584680081284493	0.19774175586732337	0.3076923076923077	0.24950897571817193	True
10	2037-10-01	GARW	north	0.003915723654628429	2.620221610150413e-05	0.09537444319119705	0.04105631994913545	0.9958378809924967	0.9547591483614937	21	612.0	611.7048009635288	0.7580056492734839	0.7459194839502793	0.9047619047619048	0.7942161655183395	True
9	2038-04-01	GARW	north	0.0045319358997489454	2.0906018844549554e-05	0.5392546442010997	0.008404073935168352	1.0	-6.448359567772879	2	21.0	20.850598790929872	0.19667832167832167	0.1648539412226266	0.21153846153846154	0.16753569599592355	True
10	2038-04-01	GARW	north	0.008089121576292975	7.050650450294148e-05	0.21825467758529274	0.03706276385820776	0.8448180678626461	0.5143489048747418	13	307.0	306.8872383016812	0.6134113637819977	0.5901370392827677	0.9047619047619048	0.7890553745968347	True
11	2038-04-01	GARW	north	0.010577812104472863	0.0001584477983851637	0.2254985233279144	0.04690856484718913	0.9832000924796072	0.7841234638006394	20	2842.0	2842.000503828682	0.8462591012360322	0.8394569977089666	0.9487179487179487	0.8932114502640529	True
12	2038-04-01	GARW	north	0.014014608501957616	0.0003093661317974554	0.268078740684303	0.05227795559686551	0.9993243253414901	0.44911712650573254	10	342.0	342.0003752904377	0.13829193302596554	0.14044201218044008	0.2638888888888889	0.21102697577167356	True
10	2038-10-01	GARW	north	0.06773272233181381	0.004587721674478589	2.0317854605251116	0.03333655233181381			1	12.0	11.8604591697074	0.03986710963455149	0.013943766624355178	0.03986710963455149	0.013943766624355178	False
11	2038-10-01	GARW	north	0.08373892100358377	0.010588199276509168	1.2534163015467403	0.0668085462908439	0.16308958946788685	-6.0495788411119005	27	3124.0	3123.9989597448157	0.8054117382103463	0.7830336886809506	0.9487179487179487	0.8738386470408518	False
12	2038-10-01	GARW	north	0.1206893495253639	0.02263878142246707	2.3529452648921714	0.051292884422831975	-0.8344420793867071	-31.187928618689483	15	459.0	458.96919501356905	0.1998775705470492	0.19976969156766222	0.4067796610169492	0.4308365779961631	False
11	2039-04-01	GARW	north	0.0144241381951532	0.0003795573225905589	0.153763374541853	0.09380737277736502	0.9809872102973527	0.24999906535748284	3	67.0	66.93465994492891	0.5907225691347011	0.5897844600251615	0.6	0.6734437194301764	True
12	2039-04-01	GARW	north	0.01310129876802479	0.00021025692727657765	0.26360632957114427	0.04970024350074986	-1.0	-10.603638236082338	2	38.0	37.86780649271954	0.4033898305084746	0.3207069764495175	0.4067796610169492	0.32811031968510457	True
11	2040-04-01	GARW	north	0.0027196098153933874	9.23933508953602e-06	0.0678526537551234	0.04008111201086274	0.9904315583493808	0.9407842688300689	9	214.0	213.9130351489582	0.316527658984077	0.30802896051007395	0.4065934065934066	0.36053906591966933	True
13	2040-04-01	GARW	north	0.01328506047952748	0.0003636665607521923	0.3759812846002196	0.035334366426386	0.26805325258661705	-0.07051720578433707	10	131.0	130.79292877131442	0.258425869045456	0.23920332365904956	0.5	0.4189231847084495	True
14	2040-04-01	GARW	north	0.005471909465756381	4.010428701448031e-05	0.142192531412224	0.03848239715131742	0.9568087607190827	0.8394112476452591	11	365.0	364.99738788060847	0.4935840058772587	0.48480373355170836	0.5873015873015873	0.5468532442462463	True
11	2040-10-01	GARW	north	0.14808476070537702	0.028496215703967803	3.122714599674837	0.04742180432396762	-0.8124664413995609	-39.1726641021707	17	393.0	393.0603448626893	0.3650331139811988	0.34618251561645197	0.6111111111111112	0.5030282274783717	False
13	2040-10-01	GARW	north	0.07580151181766066	0.010390255711263027	1.9069910421752876	0.03974927524105963	-0.8287897446480019	-27.396491570663002	12	157.0	156.63501793884666	0.24281794505840545	0.23638816326509104	0.5	0.38460871606112235	False
14	2040-10-01	GARW	north	0.12007949994589366	0.02089514760770192	3.155385296050929	0.03805541595702344	-0.8387359208563812	-40.75814503452168	19	594.0	594.0769952125487	0.5013949787236035	0.4976413536204377	0.5873015873015873	0.5452461230092066	False
11	2041-04-01	GARW	north	0.0041437706023897064	2.4137185190820486e-05	0.14156504504383843	0.029271142470985723	0.8586137579211257	0.46533613173447197	6	123.0	122.98450706447777	0.4444256456220564	0.4168743230890575	0.6111111111111112	0.4800377315364748	True
13	2041-04-01	GARW	north	0.006758080892567686	4.567165735048845e-05	0.19217439489454494	0.035166396107432316			1	11.0	10.867547286949666	0.15714285714285714	0.08747748209639898	0.15714285714285714	0.08747748209639898	True
14	2041-04-01	GARW	north	0.0028992746047486607	1.4521614308501661e-05	0.09399565537241061	0.03084477248721486	0.9874695326496203	0.4737448217627066	6	142.0	142.052699926397	0.504257321829605	0.5104394262511555	0.5588235294117647	0.5230712885266747	True
15	2041-04-01	GARW	north	0.009074556961962249	0.00012595875593736356	0.18145565503007638	0.050009777653157936	0.994622261689061	0.018550119282637167	10	517.0	516.997452053264	0.7813396020904644	0.7885027425966098	0.8811881188118812	0.8724877023796109	True
15	2041-10-01	GARW	north	0.0031207472963463347	1.4143618751255778e-05	0.056071336307192333	0.05565673126192345	0.9941548706102681	0.9852657181636576	25	1332.0	1331.9858151205967	0.7946294290738475	0.7932121082207689	0.9363636363636364	0.8668958093117811	True
16	2041-10-01	GARW	north	0.008903831824042585	0.00022296687813229223	0.27523718312224354	0.03234966919454355	0.6789975699220137	0.30247492828394484	4	49.0	48.829745415979744	0.34873748542479194	0.28422606375695214	0.8	0.7069695378308362	True
15	2042-04-01	GARW	north	0.004837130714403114	3.888158567649575e-05	0.13533765957670071	0.03574120263001695	0.9932543328381643	0.5774863035330885	13	610.0	609.9639025151017	0.7951702811939518	0.7511838021746495	0.9363636363636364	0.9064510628129044	True
16	2042-04-01	GARW	north	0.024795946857211947	0.0008649182361430416	0.298391328200176	0.0830987515849575	0.8852932067607999	0.33496551161186816	29	1702.0	1702.0298842890584	0.3990571750250864	0.38250186179477963	0.8	0.5271845624213619	True
17	2042-04-01	GARW	north	0.022505662336351512	0.000649440478634788	0.46304985111316016	0.048603108892592166	0.9933289034807463	0.43491481075246374	21	3272.0	3271.975885690464	0.6214942604482095	0.6051442391578082	0.811965811965812	0.7752111521936702	True
16	2042-10-01	GARW	north	0.07272100451855594	0.007222487498190648	1.319551681370656	0.055110387524207126	0.8143135303348698	-5.8542841283397244	24	1645.0	1645.0000173767783	0.376010643691931	0.3726272205707086	0.5925925925925926	0.588360017080294	False
17	2042-10-01	GARW	north	0.251093200117291	0.07871430008581594	4.031512434907228	0.06228263069293227	0.8445837623593474	-46.12742718126819	25	3371.0	3370.9988783582776	0.6499777779164865	0.647296734363033	0.85	0.7934090525007662	False
20	2046-04-01	GARW	north	0.01468791936007392	0.0002675424631547232	0.7527002420992034	0.019513637087601867	0.9970104901008936	-0.5725182456346398	5	61.0	60.8224259781214	0.10042901469098278	0.09922488344487315	0.13392857142857142	0.11054913436889122	True
21	2046-04-01	GARW	north	0.007085827909142518	7.124059385404174e-05	0.18604805078151718	0.03808600992796026	0.9686564620398561	0.6587758209569616	16	1031.0	1031.073730105864	0.8517442339246075	0.8502729789737293	0.9375	0.9032294691298869	True
20	2046-10-01	GARW	north	0.00424061603263684	1.909690247544103e-05	0.18523633682691654	0.022893003096899074	0.9979969786664328	0.9044789747076991	7	89.0	88.46840583623433	0.11189699904264445	0.11569228304492045	0.17204301075268819	0.12098493242809097	True
21	2046-10-01	GARW	north	0.0017634201838555704	7.061177938332454e-06	0.03341516043966036	0.05277305751800527	0.9974796532587098	0.9926533837904423	27	1477.0	1477.0008920336602	0.8175179052319584	0.8097001764604138	0.9375	0.8717594458982869	True
20	2047-04-01	GARW	north	0.0028907243079319654	8.35628702446874e-06	0.11524323335683294	0.025083679307931966			1	12.0	11.81401967835249	0.10909090909090909	0.11396796800724028	0.10909090909090909	0.11396796800724028	True
21	2047-04-01	GARW	north	0.0036746300609873136	2.3589137974002517e-05	0.06691190120125327	0.05491743613643558	0.9890295431788163	0.7997057745716404	9	293.0	292.96967752954663	0.7634005942453692	0.7603995580994791	0.9090909090909091	0.8148842150693194	True
22	2047-04-01	GARW	north	0.0012618221950548068	2.8385619894490917e-06	0.032537287149401906	0.03878080521159864	0.9942110952556945	0.9847828852061622	15	960.0	960.0046020642715	0.9728044804707249	0.9635950454703471	1.0	1.0	True
22	2047-10-01	GARW	north	0.001341087837391396	2.743396197176707e-06	0.03368026218131657	0.03981821252375336	0.9984444210498005	0.996498908397467	26	1471.0	1470.9155455962693	0.9827080919488468	0.9708101120764078	1.0	1.0	True
22	2048-04-01	GARW	north	0.23374551518962258	0.05512928432756175	6.0670616685091	0.03852697202714645	-0.900004410811421	-1131.0454541838176	9	341.0	340.87057823732107	0.9965534979423869	0.9896679536633823	1.0	0.998770968548551	False
23	2048-04-01	GARW	north	0.12095053942127511	0.014872931183108446	2.710650046378834	0.04462049226267822	0.9504288170680417	-21.698055571035407	21	2968.0	2968.0117545605713	0.9600123795343549	0.9626783448966565	0.9925925925925926	1.0	False
23	2048-10-01	GARW	north	0.15516840263078704	0.033158375495924104	2.7869465247497978	0.055676849646305114	-0.40996144795636946	-21.99542034569558	28	3294.0	3294.0199092878756	0.9689888764875008	0.9676393162703713	1.0	1.0	False
23	2049-04-01	GARW	north	0.0033186118622808344	1.5868892545014068e-05	0.059980513200813275	0.05532816718606932	0.9967039038904981	0.97848357397663	6	164.0	163.78678123745595	0.9880952380952381	0.9733280626182285	1.0	0.9961893214306345	True
23	2050-04-01	GARW	north	0.0119250357811435	0.0002613656576826962	0.1713150799686026	0.0696087920767339	0.9298845427236943	0.7918482673063224	16	314.0	313.7856918444984	0.21464501708828115	0.2047412541751178	0.9166666666666666	0.8499365586678326	True
24	2050-04-01	GARW	north	0.01621417500676213	0.00041206531933585917	0.2178445344675759	0.07443002894881191	0.9821644840480941	0.8010521692710728	15	693.0	692.9564005138944	0.17667485182577244	0.19158348838708628	0.4666666666666667	0.34968462556447794	True
25	2050-04-01	GARW	north	0.017052607266758474	0.00048691069004689426	0.19857353874432287	0.08587552689341393	0.9736987349084698	0.8002918836298591	16	828.0	828.024996965106	0.15996154145963387	0.15354659390564646	0.25925925925925924	0.1853782603192203	True
26	2050-04-01	GARW	north	0.014264045813510361	0.00036025263695357645	0.18707652373810701	0.07624711817651127	0.9837554383197067	0.8193427933579155	14	4513.0	4513.004229323465	0.6412232319307163	0.6137578384931475	0.851145038167939	0.8776650155819699	True
23	2050-10-01	GARW	north	0.06377462522571078	0.006440443853758115	0.815338140324678	0.07821862129534983	0.5908492616400193	-3.6375268297122085	14	285.0	284.75232480396267	0.11554668619613086	0.11906414998352767	0.34375	0.28882861081435907	False
24	2050-10-01	GARW	north	0.19784198249818452	0.04997099445745987	3.2331684777466907	0.0611913619286761	0.7793636019532808	-35.008985732899234	15	693.0	692.9885437310826	0.17667485182577244	0.19840097481671254	0.4666666666666667	0.30097875266363155	False
25	2050-10-01	GARW	north	0.05695658163967404	0.0052487992810029225	0.8696976322508284	0.06549009624444656	0.48959302593341114	-1.6970196374791722	17	839.0	839.062947637299	0.1540686630617526	0.15206319990077177	0.25925925925925924	0.17556018133597445	False
26	2050-10-01	GARW	north	0.11014428343134894	0.019724192711935574	1.5850711514769467	0.06948854209397355	-0.4425166484368862	-6.1293789692550185	20	4985.0	4985.0276341893505	0.7205099326412246	0.6722677040169731	0.9565217391304348	0.9229824937307521	False
26	2051-04-01	GARW	north	0.4945919678265058	0.2549808723949895	7.277851554182784	0.06795851277596476	-0.999584809710667	-9305.246197350156	4	183.0	183.38151094977934	0.9137643710444519	0.891711054948745	0.9565217391304348	0.9085899449065308	False
28	2054-04-01	GARW	north	0.08961127310220811	0.010143746048939733	2.599633388415758	0.034470734797270045	0.9958642140719656	-72.50912862537004	14	596.0	596.0402976997292	0.9658543761164625	0.9694080790342733	1.0	0.9818026915226697	False
28	2054-10-01	GARW	north	0.002263783404241106	7.351594479647475e-06	0.06537268683393432	0.03462888729037213	0.9950314164203343	0.9878956325258142	25	981.0	981.0081535454378	0.8928716754383949	0.8713614629303419	1.0	0.9850176999423612	True
29	2054-10-01	GARW	north	0.008021193755997757	7.027584111719052e-05	0.28759725094448274	0.027890370056235878	0.9339307087354192	0.7382502316427354	4	49.0	48.80098124435413	0.6877083333333334	0.5984625713807703	1.0	0.965071342053643	True
1	2027-10-01	GARW	south	0.0018957511191347038	4.327378673826342e-06	0.04490838200901916	0.04221374795364419	0.9970515502366228	0.9809966506947093	15	1126.0	1125.9781308998088	0.9580525445688485	0.9574248429606358	1.0	0.9916218736074711	True
2	2027-10-01	GARW	south	0.007847040468786462	6.404761608597578e-05	0.24679893988404392	0.03179527623770717	0.9999753855153819	0.036787402196732155	3	40.0	39.857846686416664	0.0997084383278413	0.07689425448895036	0.1038961038961039	0.09179371658040865	True
1	2028-04-01	GARW	south	0.0015897773513403586	3.1520604470310912e-06	0.03339762676500007	0.04760150661382946	0.998757227948329	0.9968670483667458	27	1763.0	1762.9688370421582	0.869707015366272	0.8779505830806259	1.0	0.9948393421973	True
2	2028-04-01	GARW	south	0.005902242610122497	3.9576472273155474e-05	0.18737371136391034	0.03149984363953478	0.9930174353157684	0.8740348697818865	12	186.0	185.95974912433402	0.18883873411397042	0.1592984942992681	0.2894736842105263	0.24740433265269274	True
1	2028-10-01	GARW	south	0.0030672054618860606	1.2705609158745774e-05	0.07114849899608237	0.04310991103347028	0.9609065019861448	0.6538106915573605	10	410.0	409.9735592491127	0.744167578630033	0.7465104956822227	0.8351648351648352	0.8060037528807948	True
2	2028-10-01	GARW	south	0.035499949837888935	0.002790085212910721	0.5561975736753226	0.06382615012738592	0.7314308107001793	-3.580751082355558	23	1011.0	1011.0333666319254	0.5580843874140629	0.5614197195417159	1.0	0.8520590753822865	True
3	2028-10-01	GARW	south	0.020471748143674546	0.000553677658313027	0.2428902702094301	0.08428393663534958	0.7887945500387402	-0.13834992772307841	11	461.0	460.9959954624176	0.33509612821048584	0.33272447554956863	0.4796747967479675	0.4889389796955602	True
2	2029-04-01	GARW	south	0.008637033230095244	0.00019711496988742287	0.13622926682503067	0.06340071727163021	0.8715080029228074	0.7511085284105368	22	1143.0	1143.1146922052483	0.6245897517464348	0.6238905352055911	1.0	0.8620562706089472	True
3	2029-04-01	GARW	south	0.010875067512729694	0.00028716457622302233	0.12923733968834278	0.0841480298105411	0.9032986714428265	0.7795602971877665	21	802.0	801.9660868483098	0.46681670320317936	0.4677220529521969	0.8333333333333334	0.6748562286159994	True
2	2029-10-01	GARW	south	0.14068103497197265	0.02001359659356996	3.027293585053385	0.04647089257102621	0.02661548201364511	-145.99518411050798	4	111.0	111.01830855072689	0.3845558654496281	0.3804780271963669	0.4942528735632184	0.44166663611983	False
3	2029-10-01	GARW	south	0.15792587023049998	0.03227212394606934	2.114325079364256	0.07469327766664234	0.7044870633221094	-24.533169918990033	21	464.0	464.0296822361858	0.31619668392955663	0.319027660338296	0.8333333333333334	0.7064923249690759	False
4	2029-10-01	GARW	south	0.18095838550233367	0.042861586120168646	4.870675421116898	0.03715262665990541	0.9349365075235552	-142.36804828937036	20	2045.0	2044.6651738794367	0.8897666823463097	0.8868812936961514	1.0	0.920287685921834	False
3	2030-04-01	GARW	south	0.054913391588095266	0.0037336801467004457	1.5927193650937048	0.034477757219247805	-0.5679969023264787	-10.378530568575323	14	252.0	252.12999695078182	0.11863369382855964	0.1127039603054383	0.2222222222222222	0.2002466738971762	False
4	2030-04-01	GARW	south	0.08987987661879256	0.01145936052570394	1.9317883155418762	0.04652677309189584	-0.1379036211823662	-10.233097606685929	28	2405.0	2404.8106011489826	0.8601279628352999	0.8522198071544836	1.0	0.896031886960653	False
3	2030-10-01	GARW	south	0.348803884073317	0.12353509514062183	8.539227154655212	0.040847242701953945	-1.0	-2635.368962976639	2	22.0	22.07744533434732	0.18357487922705312	0.14268875083607063	0.2222222222222222	0.14372994513381304	False
4	2030-10-01	GARW	south	0.4540343790097036	0.21490819302613587	7.233992522847036	0.06276400999527329	-0.8712052960582841	-2062.007668408899	6	176.0	175.910916951171	0.7496379760872515	0.7359805818872478	0.855072463768116	0.8094116842710384	False
6	2032-10-01	GARW	south	0.050767359455968164	0.003987355674713362	1.1582081076952062	0.0438326749041616	0.9259859321472561	-3.838930188807857	24	4021.0	4021.0001818124592	0.9903042282488608	0.9879562467548682	1.0	1.0	True
6	2033-04-01	GARW	south	0.003220994872107826	1.7142921683883494e-05	0.05413341125289928	0.05950105115415789	0.9960897184677798	0.9877910883413736	28	4157.0	4157.01188647555	0.990555551650951	0.9814824708397588	1.0	0.9974239246464701	True
6	2033-10-01	GARW	south	0.002227066608952742	5.481229671729337e-06	0.03738107872977492	0.059577376700443656	-1.0	-0.4389806122256208	2	22.0	22.037129078254992	1.0	0.995082154248227	1.0	0.9950990683664159	True
7	2033-10-01	GARW	south	0.00883457205899178	0.00014533472511596288	0.23335951385905765	0.03785820390561666	0.9147611697854082	0.5388007157125196	20	1689.0	1689.351623617954	0.9878021939092008	0.9703852177052184	1.0	0.9997135191888802	True
7	2034-04-01	GARW	south	0.07252248195343411	0.007269460262622891	1.6949479975768937	0.042787437760398915	-0.013200641873125614	-8.450899043577428	27	2064.0	2063.9674043485998	0.9671847271995757	0.9734613730849517	1.0	0.9944121040884509	False
7	2034-10-01	GARW	south	0.4099494360128834	0.1705058797152048	10.493020107534239	0.039068774462609666	-0.8194708151182741	-137211.1585354805	5	153.0	152.9256848537445	0.9135790459269639	0.8808524920353987	0.9622641509433962	0.8908649423334047	False
8	2034-10-01	GARW	south	0.056300811948908014	0.004098975998986937	1.4397170148461202	0.03910547098377215	0.9318977571113589	-62.07043914162437	8	165.0	164.87075054538326	0.9778804347826087	0.9786681997095629	1.0	1.0	False
8	2035-04-01	GARW	south	0.0018735378604725352	4.943103599116629e-06	0.04732858748485199	0.039585754826766816	0.9976428828606674	0.9894783864044592	22	505.0	505.0334841276412	0.979066663574882	0.9621693646288688	1.0	1.0	True
8	2035-10-01	GARW	south	0.0016324311528898398	4.011102203392149e-06	0.04540583490508764	0.035952012694010146	0.9966060243708953	0.9918751990636379	35	2547.0	2546.9226834075	0.9769741308801244	0.9727467050108066	1.0	1.0	True
9	2035-10-01	GARW	south	0.014570345660459477	0.0002181571099937918	0.39187421509683934	0.03718117982541637	0.999885808052116	-0.04287433575901045	5	71.0	71.11319750313751	0.08941316149997808	0.07820796268258152	0.136986301369863	0.10301010034635925	True
8	2036-04-01	GARW	south	0.22231805154872153	0.06239382522704226	4.40596251437023	0.05045845279518879	-0.4689479261753493	-63.746751247461475	31	2573.0	2573.0682895172677	0.9214477865003571	0.916821883738995	1.0	1.0	False
9	2036-04-01	GARW	south	0.36536491471129967	0.15231208517719308	8.550487222527938	0.04273030357248813	-0.9386797294586429	-529.0496692453078	9	121.0	120.91319737224742	0.13066214414032726	0.11671376357980856	0.20634920634920634	0.20581841581701044	False
8	2036-10-01	GARW	south	0.009874599825247935	0.00010778049498921508	0.15892340506367175	0.06213433333681552	0.6900170943655886	0.05197409582600587	6	155.0	154.9229651335604	0.753356191404437	0.7252964247716976	0.8333333333333334	0.8015748982903532	True
9	2036-10-01	GARW	south	0.006586322874163719	6.61644520244387e-05	0.15546246020136578	0.04236600183499384	1.0	-0.13032672790687738	2	24.0	24.02111170883437	0.205026455026455	0.19763979371136883	0.20634920634920634	0.20060786169911238	True
9	2037-10-01	GARW	south	0.03686169604349352	0.0018449763367275908	0.48259658390655985	0.07638200781510436	0.9230583662684124	-0.8415660196682986	4	44.0	43.918886963775236	0.057362681522934375	0.053086067609190685	0.09243697478991597	0.06653976402591208	True
10	2037-10-01	GARW	south	0.01229708185540601	0.0002077845362106786	0.22475104336066143	0.05471423701323021	0.9231551854691245	0.518447235134583	14	649.0	649.0707071820467	0.3990722626182061	0.4028119095663536	0.6326530612244898	0.5730176479954554	True
11	2037-10-01	GARW	south	0.010862880270576997	0.00016914445713531558	0.17621571782872894	0.0616453537994554	0.9686436677172392	0.5683704024344864	13	1295.0	1294.9206748990337	0.5656370781795489	0.5480515045917669	0.7807692307692308	0.7523483018704212	True
9	2038-04-01	GARW	south	0.06425890324443777	0.004473713192885418	5.621180179644153	0.0114315679609661	-0.8807040866494243	-107.72536263061659	4	44.0	43.87163536458182	0.057362681522934375	0.02361023622931909	0.09243697478991597	0.037735375679132946	False
10	2038-04-01	GARW	south	0.15574834535658935	0.03087934268121378	2.580456362997821	0.060356899496510054	-0.813747441171558	-25.717823217180413	19	759.0	759.1537571014675	0.3285426891820624	0.3418695872162744	0.6326530612244898	0.6011167593649136	False
11	2038-04-01	GARW	south	0.1839633708663846	0.040574254901190286	2.9617185272498414	0.06211372524897131	-0.7620773707672304	-25.29658830102012	24	2204.0	2203.9785084142086	0.7084812475837131	0.7059240728706627	1.0	0.9493542464267001	False
10	2038-10-01	GARW	south	0.004079211763303604	1.79734034554242e-05	0.0848052704970765	0.04810092273031812	1.0	-1.0335861009572365	2	23.0	23.000214209860125	0.09318032786885246	0.11000302468431014	0.09836065573770492	0.115899836572218	True
11	2038-10-01	GARW	south	0.0011882742211797971	2.2342133553464864e-06	0.025872334350636066	0.04592837295141804	0.9943008530488501	0.9579369614364174	8	453.0	453.36275591008103	0.898621887193488	0.8977712634096494	1.0	0.9389538248199998	True
12	2038-10-01	GARW	south	0.0031499882723402565	1.2780440448434096e-05	0.10057224282983118	0.031320652535014606	0.9276151124896834	0.5949212336102723	7	124.0	123.9999047755505	0.6541991796718687	0.6157158954516175	0.75	0.6604329876815641	True
13	2038-10-01	GARW	south	0.0026826943524304644	8.768308844132156e-06	0.1138453499996599	0.023564373533380843	1.0	0.5066876611575946	2	24.0	23.811564080260297	0.375	0.37038820378500004	0.40625	0.37354966839149933	True
12	2039-04-01	GARW	south	0.0030957895327829773	1.4632742967806533e-05	0.07684361195468431	0.04028688207171476	0.9907339548873586	0.9528606735387326	13	227.0	226.88132156372592	0.573325138867491	0.5431853459048334	0.75	0.6667215815224135	True
13	2039-04-01	GARW	south	0.004204372707369433	2.3399368725771728e-05	0.14818402391743285	0.028372645014094644	0.9939709708070048	0.9245532748434497	12	189.0	188.77410982156906	0.5546765876431355	0.5392904810874545	0.7692307692307693	0.6361311330199811	True
12	2039-10-01	GARW	south	0.005691893999356809	3.535028709047484e-05	0.1952964071447407	0.02914489868284344	0.9610147606239711	0.8753099316551549	4	64.0	63.83098621981247	0.40751031278785693	0.344864703840173	0.6341463414634146	0.4667582324486884	True
13	2039-10-01	GARW	south	0.0035012019091205503	3.359989417352683e-05	0.0995900032558544	0.035156158195172385	0.9641970185849101	0.9121845937031527	22	967.0	966.8271619899724	0.7371082397236438	0.7465549055890931	0.9166666666666666	0.8409718458488844	True
14	2039-10-01	GARW	south	0.0047455433235578885	2.5819918895775105e-05	0.17597611400847296	0.026966974184515737	0.9947336215780405	0.5495112264655353	4	67.0	66.87101511310918	0.14773324857149847	0.13933930786119397	0.18867924528301888	0.15659598646603243	True
13	2040-04-01	GARW	south	0.0016011576639987908	3.7787718536755016e-06	0.031148097430773538	0.051404669821563075	0.9989238730066708	0.9959066880524897	26	1322.0	1321.9990709618912	0.7728548024985449	0.7831520272643542	0.9166666666666666	0.8218777824495501	True
14	2040-04-01	GARW	south	0.00449461583996043	2.6956696462517904e-05	0.2963283068084003	0.015167689811242216	0.9970701443240928	0.6884735586974816	10	150.0	149.9717699130213	0.16549328832858828	0.10117909242487669	0.24444444444444444	0.1445657875772363	True
11	2040-10-01	GARW	south	0.018480058201415576	0.0006704466958244288	0.6928594301893284	0.026672160897580306	-1.0	-3.598447420502474	2	24.0	24.003008767736304	0.5465838509316769	0.46280923724736545	0.5714285714285714	0.5247983485020232	True
13	2040-10-01	GARW	south	0.0050296635216663214	4.448242973129239e-05	0.09728990955103997	0.051697689358295405	0.946737769846291	0.5940242376964124	8	235.0	235.01507641936428	0.7329335281120994	0.7430559232633073	0.8888888888888888	0.7820532450116264	True
14	2040-10-01	GARW	south	0.01717007159878262	0.00035208948175778095	0.3877084993042209	0.04428603352672411	0.9782630070478432	0.4201647967905501	6	65.0	64.96813310826828	0.4000449027622941	0.3524549036502879	0.6875	0.5509298155216414	True
11	2041-04-01	GARW	south	0.006005560205342865	4.544290677796999e-05	0.3033674748302385	0.019796321964652006	0.8870617675077648	0.6600741485384842	3	35.0	34.18239694729169	0.6088336783988958	0.4636904080458268	0.7333333333333333	0.5158513299513917	True
14	2041-04-01	GARW	south	0.004223380071127624	2.6746981614829678e-05	0.3350751693897752	0.012604276463753093	0.9965057239477155	0.5111306701553154	3	33.0	32.86048964532523	0.6177536231884058	0.5062023309014517	0.6875	0.5138001519440025	True
11	2041-10-01	GARW	south	0.011289892646540959	0.00012746167597041963	0.2830451663796367	0.03988724764654096			1	11.0	10.999987282925758	0.7333333333333333	0.5405117467831914	0.7333333333333333	0.5405117467831914	True
15	2041-10-01	GARW	south	0.013054215338309052	0.00023126751277987358	0.21296307674893644	0.06129802188056642	0.9988360754970965	0.8529981588044846	21	1740.0	1739.8755679643782	0.3780791887857348	0.3734885832257017	0.7058823529411765	0.5684822286736372	True
16	2041-10-01	GARW	south	0.015808016995997376	0.00034137054368141577	0.2538462076103877	0.0622739931583303	0.9941912790492672	0.8097135595363357	18	3116.0	3115.9859221210563	0.5176904152278623	0.5096859366631724	0.6050420168067226	0.5633667574818298	True
17	2041-10-01	GARW	south	0.018215075896483354	0.0004148098213024021	0.2140162871208699	0.08511069947772729	0.9932642138640162	0.7025353992581164	13	827.0	827.0019168688855	0.17600369536136093	0.18038615953189457	0.4068965517241379	0.36164008406735954	True
15	2042-04-01	GARW	south	0.013708196648375802	0.00025016971001969935	0.19624863980328516	0.06985116769276242	0.9736108570107759	0.8745847647740048	23	1766.0	1765.8168526652423	0.3579638894785619	0.35788934579936654	0.7058823529411765	0.5337850739750046	True
16	2042-04-01	GARW	south	0.013041117072808882	0.00022300921787703947	0.18645130253322925	0.06994382391340334	0.9744934751029036	0.9065020995058317	22	3222.0	3221.982929889818	0.4931129145265318	0.48707218955585996	0.6050420168067226	0.5417742309850134	True
17	2042-04-01	GARW	south	0.013776569132698792	0.0002692750837086001	0.1656002848436068	0.08319169949320683	0.957380541368164	0.8478258550017744	18	958.0	958.0436828922792	0.2601540894932795	0.26004215671582437	0.5263157894736842	0.5982549669051251	True
16	2042-10-01	GARW	south	0.004219190216342501	2.9170826984627456e-05	0.06100537665198349	0.06916095675323268	1.0	0.11992122078112866	2	31.0	30.775456529939298	0.3539893617021277	0.38724878830991394	0.3829787234042553	0.40550983303792315	True
17	2042-10-01	GARW	south	0.01324675975458675	0.00018519957639919404	0.3122694359901163	0.04242092958148496	-0.9919293308255159	-108.45490691290675	3	53.0	53.14043492047357	0.5064669652855543	0.5197033031785286	0.5263157894736842	0.5810790182440093	True
20	2045-10-01	GARW	south	0.008156735932011458	8.372580202988129e-05	0.2494265941912178	0.032701949679665124	-0.9353688460488989	-0.21174109771404725	5	91.0	90.92770911342716	0.18278035593106845	0.16522433023737107	0.21428571428571427	0.194121670379237	True
21	2045-10-01	GARW	south	0.012044760374721854	0.00024200914806922881	0.1809840345854507	0.06655150771895839	0.9567774456208833	0.16785141128864434	11	541.0	540.7680230449582	0.7228845156874644	0.7040283084114002	0.7983870967741935	0.7951445127838453	True
19	2046-04-01	GARW	south	0.0009613489288455134	9.24191762992416e-07	0.06343929488047406	0.015153840071154485			1	13.0	12.91330048947086	0.0948905109489051	0.05583228822900366	0.0948905109489051	0.05583228822900366	True
20	2046-04-01	GARW	south	0.012739794825384223	0.00017002314098512916	0.902241834257728	0.014120155308321765	0.9611492145709764	-1.252337504145185	9	156.0	155.94949334836818	0.16236103303744348	0.12342451788235152	0.21428571428571427	0.13156295754674577	True
21	2046-04-01	GARW	south	0.0246329829467313	0.0017446090708397163	0.4076561015140344	0.06042589048770378	-0.03645402328684111	-0.6827534183908794	24	1305.0	1304.94771423145	0.7717444056134749	0.7695914591938641	0.9491525423728814	0.8139516439806441	True
19	2046-10-01	GARW	south	0.012981490316046842	0.00016851909082561792	13.681566727966072	0.0009488306839531597			1	13.0	12.826141981585984	0.0948905109489051	0.04867170897541471	0.0948905109489051	0.04867170897541471	True
20	2046-10-01	GARW	south	0.00997441138190399	0.00016741237265747297	0.42841720755144647	0.02328200456492218	0.38283370249214743	-2.836409244942555	4	56.0	55.40219709654371	0.12323691878897294	0.08711621792876752	0.1792452830188679	0.1140328783525432	True
21	2046-10-01	GARW	south	0.0026196020087614017	1.1534309814770186e-05	0.07096931569261201	0.03691175521696773	0.9930281035577249	0.9757020727078843	26	907.0	906.762112992997	0.6179023611762784	0.6260206324758051	0.9491525423728814	0.8238522951579124	True
22	2046-10-01	GARW	south	0.001035971168201011	1.724437198711605e-06	0.023569940285107265	0.04395306715543918	0.9978716896140567	0.9857268855452673	10	383.0	382.96050371555356	0.5020469676515982	0.4919011387410924	0.6410256410256411	0.6653113863059479	True
20	2047-04-01	GARW	south	0.0018100934948578912	5.044203188453858e-06	0.37093749278381843	0.004879780367504694	1.0	0.5627757726790468	2	24.0	23.639451479603522	0.1094059405940594	0.0607389414876343	0.1188118811881188	0.06409000521894365	True
21	2047-04-01	GARW	south	0.0013953289431572816	3.421012519753968e-06	0.035938767243018865	0.03882517543581925	0.9986668788861816	0.9924649790921187	20	414.0	413.84431886324535	0.4019850028194757	0.41858239604670644	0.6875	0.6634324575607107	True
22	2047-04-01	GARW	south	0.0015266897016264504	3.583743046209034e-06	0.03602960050809244	0.04237320647736707	0.9992684644511545	0.9940646012804758	21	862.0	861.9984905648586	0.6620495188874481	0.6460868767949668	0.9666666666666667	0.8926755835894036	True
21	2047-10-01	GARW	south	0.09949429891098642	0.010018174926561116	2.740572408114973	0.03630420368255142	-0.9627090463255483	-746.8274476615518	3	33.0	32.98494372785413	0.1496436053398079	0.16325092718724823	0.15584415584415584	0.18274110481169775	True
22	2047-10-01	GARW	south	0.12275729567908439	0.016039880779015907	0.7387856136665655	0.16616091787419154	0.6960446064010342	-7.740249805797244	23	816.0	815.8910734753958	0.5469438433934638	0.5501881155372965	0.9666666666666667	0.8917300989909598	True
23	2047-10-01	GARW	south	0.061166561551271835	0.0041614264453028885	1.1008751102197794	0.05556176262270159	0.9877768830304683	-15.820242940249823	13	1415.0	1415.019431703941	0.6768527366112879	0.6413944750213965	0.8346153846153846	0.9681092177167906	True
22	2048-04-01	GARW	south	0.00304883578541234	1.2151637787779015e-05	0.059339682459229444	0.051379374797077916	0.9976767689511634	0.9852238210082374	19	551.0	550.9726224925403	0.296992369643086	0.3167538166020493	0.9285714285714286	0.6182265730728665	True
23	2048-04-01	GARW	south	0.001575868669994294	3.5076448728611244e-06	0.03039648879450309	0.05184377316235533	0.9991319802149092	0.9974489083326585	25	2466.0	2466.1799105082546	0.7926892468409672	0.7657020576724957	0.9655172413793104	0.9693480256867509	True
22	2048-10-01	GARW	south	0.30512825879563016	0.0957670326153605	7.783862168905362	0.03920011071297529	-0.9963659047996207	-4937.719201155148	3	42.0	41.67293229974142	0.09956980658812482	0.10174116662364585	0.14285714285714285	0.10679962441036572	False
23	2048-10-01	GARW	south	0.2676979185104209	0.095159845255378	5.713212294875684	0.04685593755207128	-0.9734217556899121	-163.71547368023218	13	735.0	734.8360970128382	0.933319669813128	0.9218409497338745	1.0	0.95442351755715	False
23	2049-04-01	GARW	south	0.004970740111950129	3.442937409105948e-05	0.24453531390946992	0.02032728947194253	0.982257484971718	0.7593733338244715	13	239.0	238.6546266475898	0.9577572964669738	0.953699622278305	1.0	0.9761402532147593	True
23	2049-10-01	GARW	south	0.008258957905839396	0.00011142152014419855	0.19927939929814148	0.041444112813102105	0.9478574248212039	0.8354096301714136	31	3051.0	3050.7959853159427	0.8681351034569559	0.8557230511889504	1.0	0.9853152527213047	True
24	2049-10-01	GARW	south	0.010638869945892455	0.00016415853496536175	0.24633626354117671	0.04318840349753904	0.9989111728492517	0.7740446801336631	15	597.0	596.8776893708055	0.18216293217574567	0.18115724494038965	0.22624434389140272	0.21981611742302756	True
23	2050-04-01	GARW	south	0.017369500957789503	0.0004318803850901619	0.26328411976559135	0.06597245961227749	0.9775308625710644	0.6819364103325884	27	3056.0	3056.0059751943777	0.8054324312420652	0.7892645009271767	0.9411764705882353	0.8556036037036604	True
24	2050-04-01	GARW	south	0.02102933525265847	0.0004966143879736448	0.446590343006143	0.047088647531210066	0.990696602124894	0.5626603178285898	18	656.0	655.9582744810884	0.20364336708551722	0.20059969921849038	0.328125	0.23817820454380917	True
26	2050-04-01	GARW	south	0.015927119538272378	0.00025367313678641775	0.7424983240856409	0.02145071446172762			1	12.0	11.998683826749645	1.0	0.9484876479583298	1.0	0.9484876479583298	True
23	2050-10-01	GARW	south	0.00648806365228818	5.991955064441057e-05	0.10263834278329727	0.06321286447489298	0.8813846191973043	-0.38103020829911083	3	65.0	64.78200978689085	0.684366339128244	0.6383337857529132	0.75	0.6499910974617771	True
24	2050-10-01	GARW	south	0.0071369172015965585	5.093558714244485e-05	0.12652950184876952	0.05640516320159656			1	16.0	15.932877515912434	0.32653061224489793	0.3091463701432684	0.32653061224489793	0.3091463701432684	True
26	2050-10-01	GARW	south	0.002501382048996807	1.018767005664195e-05	0.06329028652627078	0.03952236885447696	0.9930640416938477	0.9829471890873493	25	3105.0	3104.9363335175735	0.9628359718429489	0.9434915731387672	1.0	0.9777922914401087	True
27	2050-10-01	GARW	south	0.008808989158038143	9.459788922707215e-05	0.3544546429453097	0.024852232389567876	0.9960856244902061	0.6063687630456592	7	115.0	115.0007849154228	0.08680275995059383	0.08350406829408377	0.1391304347826087	0.10765687615011815	True
26	2051-04-01	GARW	south	0.12621680207869274	0.02150326948437763	2.204117229686322	0.05726410572846673	0.11111161750441353	-18.63139482272899	29	3289.0	3288.993985245043	0.9372332314610766	0.9275678948208869	1.0	0.9893130500122348	False
27	2051-04-01	GARW	south	0.03995122870169713	0.002191655693435006	1.684119782221821	0.02372232018377599	-0.9068039780534509	-11.837952214283943	7	115.0	114.88674659816026	0.08680275995059383	0.07995008919993564	0.1391304347826087	0.11685614980359463	False
28	2054-04-01	GARW	south	0.1512224444413434	0.02942144295312026	4.812028178667722	0.031425926621072166	-0.7689001043797363	-102.30267910749565	17	298.0	297.9575456659582	0.9896981014628075	0.9870651067969346	1.0	0.9983636495328481	False
28	2054-10-01	GARW	south	0.012170622459045252	0.001010209134188199	0.0632622511411152	0.19238364489902512	0.8615848004602793	0.5816738621231312	27	1127.0	1126.8802357677118	0.5924956367341985	0.6119327195583623	1.0	0.9737996400023107	True
29	2054-10-01	GARW	south	0.001518007449670429	3.2697521324908493e-06	0.023946801379372572	0.06339082308412257	0.9989875873806814	0.9964982274643069	15	3567.0	3566.994633022884	0.7079145094674701	0.6659735804539666	0.8742268041237113	0.9951898025211892	True
0	2025-04-01	GARW	tropics	0.5232627425787143	0.3011630153219275	30.98221965269522	0.016889130231609935	0.20764320243516204	-310718.0006142105	11	341.0	340.842545399608	0.9531355432093267	0.9525644228595006	1.0	0.969909420576481	False
0	2025-10-01	GARW	tropics	0.4301526213895155	0.19786455175771764	24.85250711079204	0.017308218421260384	0.24456238782231304	-125818.1500357662	16	401.0	400.83475905398336	0.9482595820603081	0.9469372031409367	1.0	0.9737428657099214	False
1	2026-10-01	GARW	tropics	0.0012430036860415924	2.8067561122383432e-06	0.09022621864865193	0.013776524215006145	0.6601299050351546	0.2703231503593754	13	227.0	226.69964408974906	1.0	0.997794061986414	1.0	1.0	True
1	2027-04-01	GARW	tropics	0.0010825427504985625	1.9853362815490714e-06	0.07903160851313104	0.01369759227814146	0.9430491249973664	0.8803258194695114	39	1100.0	1100.0783639312606	0.9965255005113147	0.9944757668448739	1.0	1.0	True
1	2027-10-01	GARW	tropics	0.20757701569383077	0.06184161837536756	19.31757457541665	0.010745500936644043	0.07262877567080883	-2045.0773133247612	47	1364.0	1363.8080602741695	0.9672906943035262	0.9600279338978828	1.0	1.0	False
1	2028-04-01	GARW	tropics	0.0018336739864650087	4.499791950680454e-06	0.171181744647148	0.010711854761409916	0.5495791323634442	0.16795641592868438	26	526.0	525.6341921891583	0.8955002001944726	0.8690868415053725	1.0	0.9869036674312303	True
2	2028-04-01	GARW	tropics	0.001171627658603628	2.5857287880812816e-06	0.0733588369075764	0.015971186403619546	-0.1053800167435927	-0.11863547269926866	14	277.0	276.9759628925091	0.7782214934290896	0.7509523522084497	0.90625	0.8985586870385865	True
1	2028-10-01	GARW	tropics	0.005088374116074813	2.7358196151646732e-05	0.6531692295144271	0.00779028448700433	0.19120839357301897	-17.19505871530164	3	36.0	36.000468555609416	0.7005012531328321	0.5934590932917572	0.7857142857142857	0.6306528691710601	True
2	2028-10-01	GARW	tropics	0.03853365078428932	0.0036576679227686712	2.5907693293782947	0.014873439463457063	-0.14549824525275498	-59.68683214369885	41	1363.0	1362.980817059847	0.7750981592978905	0.7667850504980971	0.9152542372881356	0.8786472108010009	True
3	2028-10-01	GARW	tropics	0.036996126675029474	0.0022478603765253256	2.5027692386754503	0.014782076630688121	0.7855914857080695	-486.0542932157493	12	199.0	198.96017508763654	0.31036493902366613	0.29979997080424203	0.44680851063829785	0.44415379762916535	True
2	2029-04-01	GARW	tropics	0.003389248794270812	1.4953527105018434e-05	0.1767864238740381	0.019171431380306	0.9631225723899558	0.7292915865320391	35	1179.0	1178.803318269363	0.6599258861096904	0.6548690127635282	0.9152542372881356	0.8797251859469045	True
3	2029-04-01	GARW	tropics	0.00432806112313115	2.2883421312507133e-05	0.23396141289623854	0.018499038236919167	0.9468286363508366	0.3584196070018114	38	869.0	868.9913466163217	0.5853975004204859	0.5842403857262566	0.9310344827586207	0.8114676024583141	True
4	2029-04-01	GARW	tropics	0.0008302064387379609	6.892427309219676e-07	0.05347110992959971	0.015526261561262038			1	13.0	12.786244906219412	0.25	0.20688702476471504	0.25	0.20688702476471504	True
2	2029-10-01	GARW	tropics	0.005967595575312453	4.179605869546214e-05	0.29964910075708623	0.0199152794393004	0.16335461661304676	-5.651657467491268	8	126.0	125.34217659827932	0.3836995906838302	0.33433560217626	0.5813953488372093	0.44527828676176623	True
3	2029-10-01	GARW	tropics	0.0024165777982322182	1.1468189104045256e-05	0.2370710111640252	0.010193476572132352	0.5968357585927626	-0.230069943871118	50	1173.0	1173.0655522624634	0.6038572916181935	0.6067122022089066	0.9310344827586207	0.7891021634211153	True
4	2029-10-01	GARW	tropics	0.003525327484995503	1.951295930621042e-05	0.24239360078422675	0.014543814166668818	0.8847989354726891	0.03960080500394736	26	546.0	545.9618684693841	0.46032462007466884	0.4504393148644233	0.64	0.5414832427596515	True
3	2030-04-01	GARW	tropics	0.03757371538576238	0.00277803999262495	3.189168494191875	0.011781665175167686	-0.18374841768988626	-232.09295276923632	32	623.0	622.8998431644101	0.4304749611843933	0.42767860774240407	0.6666666666666666	0.6719175014394954	True
4	2030-04-01	GARW	tropics	0.026377113807212155	0.0018647698111601456	1.3236709902213697	0.019927243251588424	-0.15761741333026594	-32.01033830280412	47	965.0	965.0322434825321	0.44791236495289743	0.4409033611047095	0.6730769230769231	0.5326662632271393	True
5	2030-04-01	GARW	tropics	0.0041591421814003715	2.8536855756824573e-05	0.29630498717334325	0.014036693142013184	0.7834772079160766	-2.0442163842435757	25	516.0	515.953894883698	0.4905842040414549	0.48432163809000983	0.8484848484848485	0.802938338415608	True
3	2030-10-01	GARW	tropics	0.0015775150638609782	4.060391522089943e-06	0.130082148761935	0.012127068001836352	-0.7423066548111307	-2.138919939172401	5	64.0	63.66886941685196	0.2526218858537999	0.19914804988153964	0.34615384615384615	0.2325283115707377	True
4	2030-10-01	GARW	tropics	0.00139439064288434	3.5622685344606895e-06	0.11481848028710304	0.012144304988166306	0.6929757879588763	0.3168091595261766	20	382.0	381.9424889744462	0.4134805621805374	0.3978426614640511	0.6730769230769231	0.5402026645082192	True
5	2030-10-01	GARW	tropics	0.002068694155778861	1.134258389251015e-05	0.11401384599117927	0.018144236235473597	0.9069501042610765	0.7656265235700286	47	1040.0	1039.942514178433	0.6953608972820173	0.6939896716312005	1.0	0.93604444013843	True
5	2031-04-01	GARW	tropics	0.002106983862393233	6.303178250701991e-06	0.23218567911952478	0.009074564246955978	0.2887686628392251	-0.3020569922455778	23	488.0	488.06501180730606	0.9144500871896656	0.9031886066756042	1.0	0.9426834747681568	True
6	2032-04-01	GARW	tropics	0.0015607548763903454	4.5813754189309666e-06	0.0669796658164722	0.023301920924283133	0.9502394064683515	0.8675186801798584	27	1113.0	1113.0305356251533	0.967205751348506	0.9605345567069409	1.0	1.0	True
6	2032-10-01	GARW	tropics	0.03190382349447792	0.0028731477715273766	1.812357298445011	0.017603495470706117	-0.39491832943730415	-24.98858048022635	49	2136.0	2136.0203789158286	0.9854654579225292	0.9851780083446826	1.0	0.9975386687779698	True
6	2033-04-01	GARW	tropics	0.0038386898395701865	1.942917486983522e-05	0.20744018901231198	0.018505044070039642	0.875892740403334	0.26428427092312967	26	906.0	906.0657052990958	0.9852671991961621	0.9581097653188364	1.0	0.9938237692007345	True
7	2033-04-01	GARW	tropics	0.003793742166156589	2.5246639535939677e-05	0.10167443666872603	0.03731264505076431	0.35643175525733606	-0.37939175088775645	14	688.0	687.8843705152296	0.9292806326260135	0.8499566576452986	1.0	1.0	True
7	2033-10-01	GARW	tropics	0.002823858141534437	1.1875120697166934e-05	0.08466665943489583	0.03335265806377815	0.9943629015707746	0.9776317281004113	39	3782.0	3782.134491752745	0.9740265071034541	0.9564621191880645	1.0	1.0	True
7	2034-04-01	GARW	tropics	0.0804697666047462	0.01040651364996956	2.681664058861316	0.030007400195725915	0.7050841712539856	-66.99705327981843	25	2643.0	2642.809154261964	0.9996475770925111	0.9966409851221455	1.0	1.0	True
8	2035-10-01	GARW	tropics	0.000994738190181509	1.7544662236929908e-06	0.05026140565176446	0.019791292688341042	0.9823743802818989	0.962548722452931	34	1484.0	1483.9875293064842	0.998080065359477	0.9976584667036948	1.0	0.999926555098667	True
8	2036-04-01	GARW	tropics	0.001164508116988607	3.1253604584180303e-06	0.07883779546249	0.014770937088704679	0.9841167182638036	0.9588305831805943	44	1847.0	1846.7827742350355	0.954212537021255	0.9552150344555413	1.0	0.9993327079861223	True
9	2036-04-01	GARW	tropics	0.0007057353055732307	4.980623215325412e-07	0.05294338652202067	0.01332999930557323			1	12.0	11.99879420028906	0.7058823529411765	0.4548544162292174	0.7058823529411765	0.4548544162292174	True
8	2036-10-01	GARW	tropics	0.0043483105185149395	3.1485457869415404e-05	0.2911020578565679	0.014937409067226324	-0.30632351801226343	-2.1622501479836185	18	456.0	455.7918831363087	0.8927117347163787	0.9027321833260503	1.0	0.984940645167358	True
9	2036-10-01	GARW	tropics	0.01458292318163916	0.00022470203481774707	1.0356938682934145	0.014080341332587462	0.7859398759681621	-23.197951911364605	19	387.0	386.8129527749435	0.7750389209586445	0.7457155055592863	0.8947368421052632	0.8066626625912223	True
9	2037-04-01	GARW	tropics	0.002706863501151067	1.0065409651608858e-05	0.19083025898829203	0.01418466607707712	0.9800358911490319	0.735126914751913	44	991.0	990.9577917573803	0.649586589877588	0.6444899337043095	0.8947368421052632	0.7978698209455347	True
10	2037-04-01	GARW	tropics	0.004185850427630245	2.328077453669917e-05	0.3766211846782616	0.011114219268377365	0.9585351537002265	-0.4747055967933631	22	434.0	433.85458394127255	0.44045795208922167	0.43566784160224	0.6190476190476191	0.5734357271169509	True
9	2037-10-01	GARW	tropics	0.0012459684451924	2.3510586790877526e-06	0.09440950049004448	0.013197490069590907	0.9777113352696376	0.8728651335428922	27	591.0	590.9292548337971	0.508024959814901	0.5019834161356128	0.7272727272727273	0.7022447613591553	True
10	2037-10-01	GARW	tropics	0.0017684653630583367	4.4274194616995174e-06	0.16028096179109202	0.011033533510756754	0.987124565084336	0.8789688425189197	41	773.0	772.7511515695735	0.5496810702221335	0.5360360419136206	0.9375	0.6819978680516673	True
11	2037-10-01	GARW	tropics	0.0023762453126949094	6.809504889987863e-06	0.13549634014661754	0.017537339459675647	-0.26546555388052306	-5.324455614393529	3	39.0	38.89130740900467	0.5266955266955267	0.47737267557685553	0.5714285714285714	0.5226272416923405	True
9	2038-04-01	GARW	tropics	0.011549628023500867	0.0001472150214078928	0.8571536602913011	0.013474396200531607	-1.0	-156.49861981143263	2	25.0	25.06861109476324	0.34959349593495936	0.27903934599679425	0.36585365853658536	0.30460302572268255	True
10	2038-04-01	GARW	tropics	0.006580043363922924	6.530822535259226e-05	0.6425743135962503	0.010240128222830538	0.8148364118479934	-7.290024302617352	18	303.0	302.5546321595256	0.6689445243120482	0.6352347411402302	0.9375	0.7067510327436702	True
11	2038-04-01	GARW	tropics	0.007986288701408474	8.786297788365809e-05	0.5576374948423305	0.01432164941431451	-0.9161758042548394	-2.2695716747317847	29	743.0	742.9995656045454	0.8137381587548438	0.8021805191412191	0.9714285714285714	0.9602506384409898	True
11	2038-10-01	GARW	tropics	0.0014539590806392582	3.641276007098627e-06	0.08378398546930328	0.01735366338203091	0.9702992776571322	0.9290648769733153	47	1205.0	1204.7874219286184	0.7680644904450594	0.7565269789965805	0.9714285714285714	0.945411075372964	True
12	2038-10-01	GARW	tropics	0.001337005933622046	2.523324323955829e-06	0.10321655765797132	0.012953405577160229	-0.23738927085553505	-2.7924824125920353	14	263.0	262.88855353544113	0.5357146618727759	0.5039971112995605	0.7380952380952381	0.7567549494204063	True
11	2039-04-01	GARW	tropics	0.0014495976446811732	2.6560357766993077e-06	0.10105933039917406	0.014344025820826342	0.6780138687112323	0.26367161646612836	23	477.0	476.41561155606297	0.593389410376158	0.572330500975645	0.9444444444444444	0.8953983505995174	True
12	2039-04-01	GARW	tropics	0.0014764773763561384	3.2411552909681673e-06	0.10196967432186962	0.014479573325845914	0.9775781047839437	0.934927372503661	39	1321.0	1320.9786895710279	0.747118209609621	0.7346494167899073	0.9701492537313433	0.912888791563727	True
13	2039-04-01	GARW	tropics	0.003171653378633718	1.005938515419868e-05	0.3460585397814563	0.009165077621366282			1	10.0	10.061264211410176	0.20408163265306123	0.2102675219773824	0.20408163265306123	0.2102675219773824	True
11	2039-10-01	GARW	tropics	0.006182743788015692	3.8226320748246624e-05	0.6325309164660429	0.009774611211984308			1	14.0	13.991164580912866	0.2978723404255319	0.1556130958606237	0.2978723404255319	0.1556130958606237	True
12	2039-10-01	GARW	tropics	0.0009468633074530407	1.4221346908837672e-06	0.06008239241089595	0.015759414188728726	0.9819492596126482	0.9623136201000005	40	1297.0	1297.0261552938496	0.7887313593559829	0.7744806048860375	0.9701492537313433	0.8710217575083835	True
13	2039-10-01	GARW	tropics	0.0011006984294221276	1.7765373499995915e-06	0.341655620010495	0.003221660540483181	1.0	0.8004361568306272	2	26.0	25.79405096736309	0.3242630385487528	0.2311701055414075	0.4444444444444444	0.29552826689368095	True
11	2040-04-01	GARW	tropics	0.002079169674126936	4.32294653380911e-06	0.40140562434039034	0.005179722325873064			1	13.0	13.196905426180829	0.4482758620689655	0.2901093913279483	0.4482758620689655	0.2901093913279483	True
12	2040-04-01	GARW	tropics	0.0014855800934087046	2.9429242169220974e-06	0.09988060907999728	0.014873558612551716	0.4446233598577034	0.12513553103976527	14	247.0	247.13763928387837	0.6840015495410059	0.6374280584465053	0.8518518518518519	0.7841303466279793	True
13	2040-04-01	GARW	tropics	0.001787751098946504	3.1960539917844324e-06	0.6338238398076633	0.002820580398946504			1	16.0	15.81608123363049	0.4444444444444444	0.3091744148905577	0.4444444444444444	0.3091744148905577	True
14	2040-04-01	GARW	tropics	0.002127208310134938	6.058685334497519e-06	0.26913443519878955	0.007903887544392927	0.5415717254130257	0.03444537740240772	14	192.0	191.71567464579576	0.609218424142419	0.5393473960610603	0.8421052631578947	0.5573280444161707	True
11	2040-10-01	GARW	tropics	0.0011692216618196488	1.3887920922631056e-06	0.36483274518122694	0.0032048155689502317	1.0	0.758583355484791	2	25.0	24.96099239236279	0.48500749625187406	0.2839372734337342	0.5217391304347826	0.3229709972519815	True
14	2040-10-01	GARW	tropics	0.029691686279573592	0.0022103985680824935	3.064555590954331	0.00968874128673493	-0.4444753259037932	-199.24899084132127	31	419.0	418.347158358216	0.6256914556576842	0.5800313977962404	0.8421052631578947	0.6166812456968165	True
11	2041-04-01	GARW	tropics	0.003857143392530157	1.487755515053905e-05	1.7584755899499054	0.002193458592530157			1	12.0	11.85237567910271	0.5217391304347826	0.3295988457463666	0.5217391304347826	0.3295988457463666	True
14	2041-04-01	GARW	tropics	0.002462854643610665	7.861798902084416e-06	0.7830775626022746	0.003145096681644485	-0.34583918720994766	-3.2436691662782815	23	304.0	303.50497605198336	0.6914891169700905	0.6122065270512058	0.8571428571428571	0.6552539531908893	True
14	2041-10-01	GARW	tropics	0.002916235549885	1.4504165988624401e-05	0.3342487129136602	0.008724747283135516	0.22897027001696182	-0.27714744063867247	13	166.0	165.37368849232706	0.6735395709123105	0.5657991641824335	0.8571428571428571	0.6894713151643816	True
15	2041-10-01	GARW	tropics	0.01032170347355875	0.00029724811579037025	0.2544839297088504	0.04055935274721507	0.7401915037514907	-0.05937284029321166	19	400.0	399.97375348505824	0.2716106388529587	0.2602487221860305	0.43333333333333335	0.3164404037189948	True
16	2041-10-01	GARW	tropics	0.004138015191670223	3.5887632677195285e-05	0.1455315376949349	0.02843380381470568	0.7927424129352378	-0.14153627506216382	16	1130.0	1129.9840527926574	0.6426392843132387	0.6159856808627048	0.7670454545454546	0.8369122300698608	True
17	2041-10-01	GARW	tropics	0.019926098286928116	0.0003970493929403196	0.8937485341255285	0.022294971713071883			1	13.0	12.997867918338283	0.06914893617021277	0.059166233190399334	0.06914893617021277	0.059166233190399334	True
14	2042-04-01	GARW	tropics	0.00663811702747708	6.0780261458497204e-05	1.447257808702775	0.004586685929459274	-1.0	-16.564639152436488	2	22.0	21.669960119729197	0.37327677624602335	0.34537380557721575	0.4782608695652174	0.5089039141454824	True
15	2042-04-01	GARW	tropics	0.011322019441995998	0.0001548186701864375	0.3063875726996827	0.036953259370913524	0.9435578134677856	0.42251833720533516	27	561.0	560.8592181148422	0.22525512432699507	0.21967360434510536	0.43333333333333335	0.30691318192721856	True
16	2042-04-01	GARW	tropics	0.008208307867828831	0.00010086156886021322	0.22874266411435773	0.03588446387826088	0.9268897278937526	0.7488961399464868	39	2823.0	2822.780685988249	0.6316777815978843	0.6240462887818387	0.8272251308900523	0.7622339067276661	True
17	2042-04-01	GARW	tropics	0.005361957178174649	7.414433076736069e-05	0.15525003545356889	0.03453755847790622	0.9501807914058017	0.3107633059858652	27	606.0	605.9731041643473	0.3572609269730711	0.35637196627647333	0.8518518518518519	0.806892506065616	True
15	2042-10-01	GARW	tropics	0.003221934751367637	1.3604893373936323e-05	0.11394542839038009	0.028276121270343575	0.9741040347995651	0.3495687112529887	6	111.0	110.85444874605473	0.10500039060308948	0.09798098886301672	0.11764705882352941	0.1237035533205197	True
16	2042-10-01	GARW	tropics	0.0022653297582328168	6.770509375061876e-06	0.09727663571122012	0.023287501070223877	0.9095532432563922	0.8129410047820127	21	1422.0	1421.9022170991727	0.6102518085007738	0.5893707524238803	0.8	0.8015101936357282	True
17	2042-10-01	GARW	tropics	0.004235190069044037	7.008178336520279e-05	0.08228212310920671	0.05147157011764263	0.8654865204999315	0.6141234297269985	37	783.0	782.9177900279807	0.584974061113542	0.5804002022135827	1.0	0.9949391011082586	True
17	2043-04-01	GARW	tropics	0.0013244931396536735	2.808396841369378e-06	0.117849627721673	0.011238840251424012	0.2807491957815431	0.012989171499770413	11	190.0	189.6970895118347	0.9547697252242707	0.9246289762811029	1.0	0.9500957016132004	True
18	2044-04-01	GARW	tropics	0.009939887346433134	9.880136045978152e-05	3.6136985081246387	0.0027506133464331333			1	12.0	11.819618444569532	0.36363636363636365	0.2535664011593612	0.36363636363636365	0.2535664011593612	True
19	2044-04-01	GARW	tropics	0.00801349861626246	6.421616007284037e-05	0.48610886479266346	0.01648498761626246			1	12.0	11.541443859325556	0.32432432432432434	0.21355509622278426	0.32432432432432434	0.21355509622278426	True
20	2044-04-01	GARW	tropics	0.005837849820732052	5.2623394433373733e-05	0.26863534698793645	0.02173150289486741	0.91525539474411	-0.294240849417565	3	35.0	35.04359778391394	0.39086672879776324	0.3347319592970468	0.4482758620689655	0.35779430851644967	True
18	2044-10-01	GARW	tropics	0.011416748953879438	0.00013550567331932546	2.4628041135605665	0.004635670734435239	0.7774442935555942	-20.43283857776168	7	79.0	78.75485138676953	0.3123602962888677	0.2267498731557767	0.42424242424242425	0.24149659842553176	True
19	2044-10-01	GARW	tropics	0.011786805181856166	0.00019282197057243178	0.9917127185676388	0.011885302024642996	0.9461164515325158	-2.2271009560338815	3	34.0	33.56769578476816	0.30017160017160016	0.2230462741321746	0.32432432432432434	0.2530840987951415	True
20	2044-10-01	GARW	tropics	0.011543394516199354	0.00014213388588168522	0.603218001416145	0.019136356158303464	0.843506623827613	-6.009353612933546	28	430.0	430.095881280546	0.44562869825406565	0.42770752578271687	0.65625	0.46157281483975793	True
18	2045-04-01	GARW	tropics	0.0024879800120320853	1.0271835531497055e-05	0.3710430063511911	0.006705368298135284	0.9769391453939966	0.2653112450860604	5	57.0	56.88183643608323	0.310523088023088	0.21832803427435396	0.42424242424242425	0.23033287661171645	True
19	2045-04-01	GARW	tropics	0.0036056943974752714	1.4654721679924871e-05	0.8475412651050946	0.004254299520186982	0.8490994015044504	-2.883939706776383	6	70.0	69.5047994450905	0.319418981046888	0.28157807064700935	0.3783783783783784	0.3060113233576877	True
20	2045-04-01	GARW	tropics	0.0016801676637340467	4.2932891152099994e-06	0.2634839619029888	0.006376735994096906	0.8926417277906638	0.2887894931992463	32	488.0	487.43009332831025	0.4787149214572841	0.44896831688653527	0.65625	0.46038449155598193	True
19	2045-10-01	GARW	tropics	0.004329068108984883	1.8748269051218273e-05	20.959411059478587	0.00020654531259012288	1.0	-1090.3483140528656	2	24.0	24.083734441584983	0.3294573643410853	0.28526398112407925	0.3333333333333333	0.2903192720352868	True
20	2045-10-01	GARW	tropics	0.002979758751178508	1.2940286942025609e-05	0.290097579993137	0.01027157396917617	-0.6919123035319306	-0.28352509740234044	8	109.0	108.31170125913674	0.5247601320149349	0.4573410060618158	0.6	0.49951415908908	True
21	2046-04-01	GARW	tropics	0.0035885853135912346	1.932903199539925e-05	0.32293395753234555	0.011112443364621376	0.351985989393256	-4.14663074051837	22	359.0	358.8378562298157	0.8127417454555643	0.7890705310383809	1.0	0.9402186982907765	True
21	2046-10-01	GARW	tropics	0.0014833344002752416	3.5872896968915118e-06	0.10372899867567767	0.014300093698128537	0.9328256658185785	0.8652340888239264	47	1002.0	1001.875428111208	0.7821654087661354	0.7682020799731392	1.0	0.8765439107422384	True
22	2046-10-01	GARW	tropics	0.003579079737448311	1.5969651477864747e-05	0.20312177236229453	0.017620364847272744	-0.3274008676387591	-4.059285597750741	4	60.0	59.72020729824757	0.3602143908193379	0.3167388904063585	0.5348837209302325	0.38606665966968273	True
21	2047-04-01	GARW	tropics	0.0012501026303277402	2.48147610766702e-06	0.11700857928066513	0.010683854449075523	0.9187770643720976	0.8428148387909811	32	714.0	713.5612320806418	0.6367629362463467	0.6351780478586806	0.9473684210526315	0.8668149249517738	True
22	2047-04-01	GARW	tropics	0.0011749868820116786	2.511890679360557e-06	0.06684238277115005	0.017578470923672946	0.9708796107142196	0.9236637680925929	30	1105.0	1104.7667433148936	0.7194321171687914	0.7124064675679908	0.9696969696969697	0.9338998418152935	True
21	2047-10-01	GARW	tropics	0.002288908559370652	5.514459642202955e-06	0.24872268381121637	0.009202653028253596	0.3189406467612923	-24.055562931321493	6	87.0	86.12018960101494	0.31047670975998964	0.28846124071840434	0.4090909090909091	0.3716704501902384	True
22	2047-10-01	GARW	tropics	0.0008899262961201033	1.372756533697226e-06	0.07343514050882013	0.012118534668197662	0.9892254403693199	0.9771913795940328	50	1734.0	1734.010367750443	0.8235851575248785	0.8228429824628236	0.9772727272727273	0.9736683505311159	True
23	2047-10-01	GARW	tropics	0.0022526540165821764	5.074450118423812e-06	0.12109139480300073	0.018602924016582176			1	15.0	14.998993742371736	0.5769230769230769	0.4514208927086325	0.5769230769230769	0.4514208927086325	True
22	2048-04-01	GARW	tropics	0.002164052785440915	6.7271143179545855e-06	0.15546667998813649	0.013919720840543144	0.7092394829316545	0.20786122084053849	24	618.0	617.9965435293227	0.8397686246079088	0.8230511573131141	0.9772727272727273	0.9888037153794156	True
23	2048-04-01	GARW	tropics	0.0018939343527116321	8.526666248188263e-06	0.10575636846117226	0.017908466225435658	0.966436345283869	0.8193889894038189	27	1134.0	1133.9664533753726	0.877711376002216	0.8577595438960793	1.0	0.9993248324511611	True
23	2048-10-01	GARW	tropics	0.025222160808470572	0.0016155641980594437	1.825478431775315	0.013816739967692473	-0.13696309753283753	-21.127477442677552	50	2095.0	2095.001177476765	0.9526537306783973	0.9499155663817704	1.0	1.0	True
23	2049-04-01	GARW	tropics	0.0037674176417672183	1.9797839445030242e-05	0.3077077425460817	0.012243493162031882	0.9379194098580588	0.5772652713160935	50	1347.0	1347.042939784207	0.97671089899175	0.9760436174979078	1.0	0.9996757916447221	True
23	2049-10-01	GARW	tropics	0.005819000370377861	4.475429405264423e-05	0.45713098913820466	0.012729393781305427	-0.06537944155827341	-0.04921877705814426	50	2033.0	2032.982344800479	0.853821735454093	0.8522106465827781	1.0	1.0	True
24	2049-10-01	GARW	tropics	0.009280699150848757	0.00013437381607836677	0.46349577259332464	0.02002326601367242	0.9734333275171307	-0.5037790956660047	21	416.0	415.98009052927483	0.21778926253337105	0.21455087345016102	0.27522935779816515	0.23178102359784514	True
25	2049-10-01	GARW	tropics	0.022678556590285517	0.0005159881488198139	2.020370094545667	0.011224951632134201	0.7905801656536391	-299.9055972042017	3	36.0	35.7441239912732	0.13319119558154646	0.11637200280149246	0.14814814814814814	0.12930139714335964	True
23	2050-04-01	GARW	tropics	0.011609752571558352	0.00017362017404750415	0.6431889615208436	0.018050298226677697	0.9337747662440461	-0.44102714498794504	38	1851.0	1850.963542792649	0.6083577900932327	0.6004235242135855	0.9411764705882353	0.825718233546219	True
24	2050-04-01	GARW	tropics	0.011464007127457257	0.00016853793692346203	0.5898769112780715	0.019434575092316258	0.9295559810004207	-0.6127740776584956	33	606.0	605.849218835297	0.22494643857468072	0.21335374945283528	0.32653061224489793	0.24373586469897618	True
25	2050-04-01	GARW	tropics	0.01027880351420865	0.000292140833554668	0.14627239794409183	0.07027165520413092	-0.10853159272504569	-0.09547408237966137	26	413.0	412.6854226572719	0.2100419102916812	0.2029831827849256	0.36666666666666664	0.2697616626151445	True
26	2050-04-01	GARW	tropics	0.005438537268587857	4.594791360440001e-05	0.1783836157353173	0.03048787438335968	0.6770681636813257	-0.6050231029859907	18	1251.0	1250.9666670263614	0.604210809811465	0.5775394547254888	0.9421052631578948	0.990364069950215	True
23	2050-10-01	GARW	tropics	0.002883053968118125	1.1869590614059298e-05	0.13191122193644578	0.021856017447152203	0.23230445884716955	-0.08263335471506439	12	253.0	252.83432502483103	0.3422098175366406	0.31749619590545036	0.4927536231884058	0.4905170564311357	True
24	2050-10-01	GARW	tropics	0.0034700126067317635	2.0310643116476337e-05	0.17532990572149978	0.019791333329316072	-0.06218526979521716	-0.07364358939028004	10	151.0	150.6585280583981	0.23523104796575706	0.19653160886589327	0.32653061224489793	0.2776802578772265	True
25	2050-10-01	GARW	tropics	0.006733927108644667	5.758385509785327e-05	0.6843795240071356	0.009839463152282235	0.07083104929163692	-0.9678667251520112	22	362.0	361.8003368311209	0.21573469888491903	0.20626012356354415	0.36666666666666664	0.2589392018339975	True
26	2050-10-01	GARW	tropics	0.002902948520469241	2.495224014354785e-05	0.09944685130206501	0.02919095458992135	0.9846924568395709	0.934826753214589	42	3454.0	3453.679213764916	0.8181984862960047	0.8082744744110425	1.0	1.0	True
26	2051-04-01	GARW	tropics	0.25983676347551904	0.08572849035963111	10.36144284692542	0.025077276139453986	0.4997031976056127	-1632.4026699608225	22	1839.0	1838.7840205046884	0.981126210036581	0.9772964243923574	1.0	0.9849349926201754	False
28	2053-10-01	GARW	tropics	0.00433630758866396	2.8162047051618484e-05	0.17589158883857844	0.024653297052444807	0.5854308410647875	0.01284723255990694	20	848.0	847.9711311938802	0.8795853916513732	0.8772074857958583	0.9833333333333333	0.9461322960376595	True
28	2054-04-01	GARW	tropics	0.009745029988600894	0.0001328699695775285	0.3999275146320152	0.024366990597202536	0.8121873895922315	0.2758821823926302	47	2365.0	2364.8175500868456	0.9037349182469743	0.8999628940964286	1.0	0.9849729307906586	True
28	2054-10-01	GARW	tropics	0.002121704620967719	8.435422093028233e-06	0.11466480407084628	0.018503538537045876	0.9206354250165001	0.8388955838407006	30	1412.0	1411.9382483035488	0.8577156265452707	0.8328612432674635	1.0	0.9953155060539551	True
29	2054-10-01	GARW	tropics	0.0021051187654974836	6.961606209257611e-06	0.10317635584286913	0.020403112208221837	0.8100625961884098	0.6072376411681597	23	1126.0	1126.0025077127498	0.869660770613023	0.8489919935378222	1.0	1.0	True
