variant	pivot_date	model	location	mae	mse	normalized_mae	max_r_data	correlation	r2	n_points	total_sequences	total_smoothed_sequences	mean_variant_frequency	mean_smoothed_variant_frequency	max_variant_frequency	max_smoothed_variant_frequency	converged
1	2026-04-01	FGA	north	0.08318245775109866	0.007456025722827566	1.3886964851249959	0.05989966752426211	0.8121212707715744	-3.752555795341846	27	4443.0	4442.983006967906	0.9469430894547229	0.9412389042189502	1.0	0.9846030840758051	False
2	2026-04-01	FGA	north	0.028101315741602313	0.0008452216732942524	1.9027548493312603	0.01476875265958658	0.9896493832627382	-8.946135171251505	3	39.0	38.810563628795364	0.029897284941839474	0.02541589225395054	0.037122969837587005	0.02701656428570922	False
3	2026-04-01	FGA	north	0.4102614290172305	0.16831444013926006	137.62954727218036	0.0029809109827694563			1	11.0	10.783034410682408	0.025522041763341066	0.02511087770950666	0.025522041763341066	0.02511087770950666	False
1	2026-10-01	FGA	north	0.1069659316731865	0.012883766204227239	1.7948440164986337	0.0595962271316784	0.4278832255842662	-6.835274531196801	24	4383.0	4382.958813147978	0.9458217283247355	0.9439547045883515	1.0	0.9668417515971206	False
2	2026-10-01	FGA	north	0.1260189928026468	0.015976435787417063	5.999451337007167	0.021005086252689154	0.25630154993782184	-164.5201136454416	3	39.0	38.765268526067956	0.029897284941839474	0.028190818546303602	0.037122969837587005	0.030970625927232202	False
3	2026-10-01	FGA	north	0.28917551417464554	0.08362247799817063	9.616797767992821	0.030069834174645545			1	11.0	10.873372020774745	0.025522041763341066	0.027549223999404168	0.025522041763341066	0.027549223999404168	False
3	2029-04-01	FGA	north	0.008694285234889217	7.559059574561264e-05	0.5210950015711824	0.016684645234889217			1	10.0	10.094585970202541	0.050505050505050504	0.04235723879346282	0.050505050505050504	0.04235723879346282	True
4	2029-04-01	FGA	north	0.022059309949128966	0.0008202844710651784	0.20049560208747771	0.11002390934991345	0.7663220733935352	0.29411253835824624	15	2621.0	2621.0216742322436	0.9241010133638176	0.9265831220768477	0.9629629629629629	0.9513851802831796	True
5	2029-04-01	FGA	north	0.03909847689007321	0.0016098081842931603	1.3211361681939244	0.029594585199740057	0.8523103223008057	-11.749277316326667	5	57.0	56.81429844440876	0.03878469119632561	0.036748976866424324	0.051181102362204724	0.046061029739587686	True
4	2029-10-01	FGA	north	0.1751718729699506	0.032671161870204385	1.558650661817925	0.11238687235126806	0.8888119924236249	-12.781873725479981	24	3163.0	3162.9943723917804	0.9090565361802961	0.8959077326727197	0.9629629629629629	0.9724261127709829	False
5	2029-10-01	FGA	north	0.19123924985908047	0.03705428857229951	2.7707930827145946	0.06901967925794013	0.8635589072150232	-68.68766011770849	6	71.0	70.95730260154507	0.04573053768276176	0.03352900361162803	0.08045977011494253	0.06034891238238262	False
4	2030-04-01	FGA	north	0.08316215534229698	0.007069722371384494	1.3250146261050415	0.06276319800843032	-0.850391252418086	-65.40691949100975	8	384.0	384.04083102852496	0.8809744613572938	0.8640167515692679	0.9375	0.937699128840806	False
5	2030-04-01	FGA	north	0.05876614203479901	0.00622828716250154	3.510430621976411	0.016740436819034192	0.690080878481705	-132.43970041167725	6	77.0	76.93776158573894	0.9888888888888889	0.9731056931718611	1.0	0.978103493417219	False
5	2031-04-01	FGA	north	0.015006487721608753	0.00022519467373879426	1.0766964860530415	0.013937528278391247			1	11.0	10.472066377345547	1.0	0.9671116022583084	1.0	0.9671116022583084	True
6	2031-04-01	FGA	north	0.00348742274501924	1.6982280966428347e-05	0.04614202799426302	0.07558017921216731	0.9989895504928042	0.9897298343161417	16	3966.0	3965.986976019958	0.9875242902091474	0.981152528969812	1.0	0.9997211482484865	True
6	2031-10-01	FGA	north	0.038633537467106634	0.0017498092456879279	0.522850787990378	0.07389017737851741	0.893298531196446	0.42288230487965617	23	4404.0	4403.854351134398	0.9913212453628851	0.9839013921942452	1.0	1.0	False
7	2036-04-01	FGA	north	0.0022968810124453136	8.102643512063863e-06	0.06292247965342979	0.0365033454672525	0.9938372119827925	0.9509810177966904	15	813.0	812.9446407284913	0.9764893492412674	0.9786366272624837	1.0	0.9893254247377995	True
7	2036-10-01	FGA	north	0.04721336079905713	0.0027714562887099273	1.2109643557221603	0.03898823328363069	0.821210118857746	-2.9563763500768223	24	1186.0	1185.987278778297	0.9558444894356558	0.9632776997119029	1.0	0.9887675215012145	False
7	2037-04-01	FGA	north	0.2731743984416529	0.07466283985994175	6.870091176839541	0.039762849052510214	-0.048661973198647956	-1946.9773195682803	6	218.0	217.99475980938718	0.9202407003117775	0.9053747259109751	0.9838709677419355	0.9537755037817753	False
8	2037-04-01	FGA	north	0.023762743012594144	0.00070400357939116	0.623421893264035	0.038116632202600594		-1.2872171171414646	16	775.0	774.9918652446015	0.6605664529258612	0.6706548171822292	0.813953488372093	0.7891743971503585	False
9	2037-04-01	FGA	north	0.058880200770010105	0.006086919602819743	1.348230443565519	0.043672208301643166	0.8296407705566675	-32.280989661772814	10	439.0	438.9818073073841	0.3764738213190145	0.3762458516976701	0.4722222222222222	0.5025800929613833	False
8	2037-10-01	FGA	north	0.1899702077286503	0.0363210409295389	3.935597777666577	0.04826972126233997	0.991377232032785	-43.07355950486438	22	953.0	953.0297132359931	0.5906297484550195	0.5957051010049687	0.813953488372093	0.7807067758776014	False
9	2037-10-01	FGA	north	0.2434755521080611	0.059404312934319435	5.639661055286795	0.043172018623321255	0.9798717378203722	-72.8433726855959	20	771.0	770.8584623518441	0.518741018076737	0.5108906229126607	0.8888888888888888	0.7848903885798733	False
8	2038-04-01	FGA	north	0.08721325681468708	0.00765112417229022	1.7851488886644777	0.04885489236695203	-0.8411476433984861	-239.97886922894168	4	94.0	94.00426729047513	0.40939168694041256	0.35887482537154186	0.45652173913043476	0.40874594387749863	False
9	2038-04-01	FGA	north	0.28115622346732816	0.07916744911494411	6.713436135034358	0.04187963031332081	-0.7654315174783711	-1005.8181871408945	8	206.0	205.58579218183033	0.6770474930145095	0.6917744768991813	0.8888888888888888	0.8019405438252658	False
9	2039-10-01	FGA	north	0.01446022030128822	0.00025659417938956626	0.8461349957865353	0.017089731985197636	1.0	-3.98927194791501	2	24.0	23.60965322656318	0.3956756756756757	0.2915455924642058	0.44	0.3109460883586273	False
10	2039-10-01	FGA	north	0.08396084897256248	0.00722128615743022	2.4300120553074924	0.03455161828896282	0.9312617272038975	-26.190125304717483	13	193.0	192.98374303324331	0.6259092703753174	0.6281728187862922	0.8333333333333334	0.7385037063291553	False
10	2040-04-01	FGA	north	0.12709947000661256	0.016160066740827893	7.401173422244168	0.017172880941367503	-0.9323513315649552	-3988.4378592747594	3	49.0	49.14926505441029	0.5618401206636501	0.5225275595663943	0.6470588235294118	0.5525365547617501	False
11	2040-04-01	FGA	north	0.17398396882218745	0.03296138950359141	0.5891577532614141	0.2953096481529105	0.8084926106987549	-5.031900233264973	24	3124.0	3119.4472671044305	0.6161103821172041	0.6199013591463912	1.0	0.849173811245879	False
12	2040-04-01	FGA	north	0.0762207499770562	0.007756311252378126	1.113578790079192	0.0684466610320728	-0.5116443148263826	-3.481071197892268	18	2699.0	2699.011775522046	0.5539488152264459	0.5288583421618624	0.9066666666666666	0.9442756631741047	False
11	2040-10-01	FGA	north	0.20787342404705356	0.044569496428022985	2.8148866285372467	0.07384788500525678	0.5884677595474689	-25.988171545444168	22	3095.0	3094.8982638910647	0.5969110867115913	0.5896557408798974	1.0	0.9296079185396313	False
12	2040-10-01	FGA	north	0.11928814019935995	0.01557995747879499	1.5832016024490039	0.07534614670351328	0.7998527202501184	-6.7918373739536415	19	2724.0	2724.0210309790336	0.5701656652417509	0.5495332529383198	0.9066666666666666	0.8546086806512514	False
13	2042-04-01	FGA	north	0.007150648560923862	7.412754071445168e-05	0.28229003007347536	0.02533085762562237	1.0	-0.09218097179002016	2	23.0	22.64255997264239	0.5	0.4664808184546778	0.7333333333333333	0.7085055041488386	True
14	2042-04-01	FGA	north	0.006223306364585841	7.503682449447174e-05	0.11444784844729199	0.054376787759814756	0.9359849101238541	0.2561154033201616	7	183.0	182.91476009757733	0.7737562249780295	0.7817143202336503	0.9285714285714286	0.9039094401352418	True
13	2042-10-01	FGA	north	0.17651679172818374	0.031162332698377343	9.101946134999864	0.019393302169677846	1.0	-1052.0580080835487	2	23.0	22.635690396503733	0.5	0.41477324819415706	0.7333333333333333	0.5163054898387116	False
14	2042-10-01	FGA	north	0.23320719774450022	0.061478636409058575	5.673962262967579	0.0411012951683836	0.744120707142591	-108.2379494625065	23	705.0	704.7942234400374	0.9009613541414679	0.8963301247195397	1.0	0.9989259266144919	False
14	2043-04-01	FGA	north	0.07692589069701893	0.009280181137810076	0.27190785734699663	0.2829116136899624	0.035514096187645935	-1.7926949177090479	33	1258.0	1257.777161372369	0.6381296567372666	0.6317570384422755	1.0	0.9915844971720287	False
15	2043-04-01	FGA	north	0.15725548820528004	0.024937273219972945	2.8480163032537367	0.0552157963511734	0.9855503980578576	-31.738326924546783	16	2448.0	2447.9999919401284	0.6797607723707915	0.6614655247665627	0.8982035928143712	0.9899748908113587	False
14	2043-10-01	FGA	north	0.19149321355882493	0.03717239993417178	3.387356458465199	0.05653175740636104	0.9473437666383056	-41.29764082803291	19	822.0	821.7399334351054	0.39513490224939823	0.3889206729438645	1.0	0.7170160358685099	False
15	2043-10-01	FGA	north	0.1853201076528645	0.03451962770829309	3.346399955615522	0.05537894755881848	0.9525535606349544	-19.06918644296787	23	2828.0	2827.993191752274	0.762822671624973	0.7379492158398392	1.0	0.995641178996068	False
15	2044-04-01	FGA	north	0.29680304457425943	0.08811188602822298	5.214471655330089	0.05691910210517216	-0.5005624729771139	-5365.451033078947	5	168.0	168.0599793469344	0.9640716000665606	0.9612316448822739	1.0	0.9664256477765533	False
16	2044-04-01	FGA	north	0.17563076205411024	0.031100894266465468	7.920532054756818	0.02217411164299651	-0.99079910506001	-286.51185214829763	6	78.0	77.31761467565096	0.8490259740259741	0.819325032046982	1.0	0.8582409658076974	False
16	2044-10-01	FGA	north	0.02524181929230758	0.0006918620714219001	1.3290762685348723	0.01899200210694702	0.7127914940996518	-5.333778236885684	11	139.0	138.77429129747608	0.812024131542848	0.8006390228464142	1.0	0.8895798073362897	True
16	2045-04-01	FGA	north	0.020619771279682064	0.00042525931917430346	5.5997382924179755	0.003682274099773762	1.0	-678.0717454295019	2	27.0	26.977757916755163	0.7712418300653594	0.7439727803991335	0.7777777777777778	0.7645975436419459	True
17	2045-04-01	FGA	north	0.015282791216401258	0.0004499003275319195	0.31993840385988626	0.047767917299150496	0.9708898840624731	0.3695022895049981	17	2048.0	2047.9900830092367	0.787571115115506	0.7719332361308492	0.9655172413793104	0.8825494386001462	True
18	2045-04-01	FGA	north	0.019262323510120638	0.0005767889692502428	0.27922745272622845	0.06898434706922098	0.9928414253924208	0.24247418731301307	12	660.0	659.9516496389217	0.2354163938756049	0.22634811598869212	0.3933649289099526	0.3637647041116978	True
17	2045-10-01	FGA	north	0.14269611383371694	0.02093176554727577	2.3165380739233377	0.061598864029048225	0.9976615697165981	-13.16843928692617	24	2417.0	2416.997766121441	0.7323551237950277	0.7263414884198497	0.9655172413793104	0.8643394007717317	False
18	2045-10-01	FGA	north	0.1673680435607718	0.028706144817036434	2.345988432554379	0.07134222881846723	0.9982366290622164	-16.646773169716358	20	892.0	891.9849133139443	0.30404690391407063	0.3058536427067259	0.5555555555555556	0.5234801969364965	False
17	2046-04-01	FGA	north	0.1552484629324562	0.024295753656088888	2.4497421042314875	0.06337339047416155	-0.995476153426116	-747.80324095324	4	112.0	111.98632289462805	0.5715511429797144	0.5485896846986812	0.6666666666666666	0.6037012568070859	False
18	2046-04-01	FGA	north	0.22034643555893832	0.04870994321996648	5.488531334380482	0.04014670266682734	-0.8209123947184414	-6013.550805033758	5	86.0	86.11641183567754	0.44030152601581174	0.45083921207201094	0.5555555555555556	0.5332809085257034	False
19	2046-04-01	FGA	north	0.013407186128983284	0.00017975263989720178	1.0	0.013407186128983284			1	11.0	11.000004946807167	1.0	0.8626612688269251	1.0	0.8626612688269251	False
19	2047-04-01	FGA	north	0.01445574370083456	0.00039887835523505554	0.43800754925315716	0.033003412213974216	0.16607926069797183	-1.0827296481701634	10	181.0	180.94404414201483	0.13230131505173165	0.13613389387463234	0.25	0.23927298232227698	True
20	2047-04-01	FGA	north	0.015250434921585355	0.00026036039866338595	0.40060471886344773	0.038068535400312395	0.9955981942521337	-3.5620050121191333	6	111.0	111.00008351759675	0.09784163172558863	0.09202487915220982	0.13432835820895522	0.11564359238564459	True
21	2047-04-01	FGA	north	0.00475761093120649	3.6508130976139483e-05	0.09341061444526874	0.05093223034084714	0.9756174345330277	0.9126217636433932	13	1272.0	1272.0057930578948	0.75159565612986	0.7491652676125061	0.8601036269430051	0.83269893167261	True
19	2047-10-01	FGA	north	0.004486397869023804	3.440134626184498e-05	0.1291281980411024	0.034743750296861976	0.9900828233813477	0.9397898333867593	11	193.0	192.63771018699407	0.12633452883490756	0.12596143372772503	0.25	0.22440950901032458	True
20	2047-10-01	FGA	north	0.005543791249898628	4.236313576815282e-05	0.1153255283740171	0.048070807288385656	0.9921166915243143	0.9413628646505128	11	183.0	182.88056502910274	0.10156733377604764	0.09395463942645822	0.13636363636363635	0.11035314886870798	True
21	2047-10-01	FGA	north	0.0019283006045808463	5.096783487943308e-06	0.03458512766253863	0.05575519695621978	0.9987014174776692	0.9964864619975958	24	2045.0	2045.0099654619928	0.8004132424253544	0.796231002408208	0.9473684210526315	0.896086248791191	True
20	2048-04-01	FGA	north	0.033455495096012186	0.0011393834224523182	3.7539440957779844	0.008912091987102093	1.0	-28.010545875184185	2	31.0	31.06819802815312	0.1253246753246753	0.08753751916383493	0.13636363636363635	0.09400846507412361	True
21	2048-04-01	FGA	north	0.0013692243110584351	2.4772836541631265e-06	0.027164139434575248	0.05040558396323241	0.9828515828843101	0.956273736539288	9	470.0	470.01203308919656	0.8606989325988041	0.8237330902813761	0.9473684210526315	0.874068797294059	True
22	2048-04-01	FGA	north	0.0026180534980624727	1.0359412129441597e-05	0.05332263911400414	0.04909834812311255	0.9941019723738742	0.9799584798162819	16	1785.0	1785.000601171832	0.8680739128505414	0.8642246669036601	0.9423076923076923	0.9051341840099751	True
23	2048-04-01	FGA	north	0.006067768921092981	3.681781967978188e-05	0.35198731575252024	0.01723860107890702			1	12.0	11.879798408698433	0.05660377358490566	0.0371258012053521	0.05660377358490566	0.0371258012053521	True
24	2048-04-01	FGA	north	0.0016683972546947118	4.304840481653691e-06	0.029534396706819576	0.056489972395795514	0.9996186491224328	0.9905887644323543	10	225.0	224.91002037058297	0.11949889198742616	0.11571711389090637	0.1509433962264151	0.1611283148046131	True
22	2048-10-01	FGA	north	0.1835756799783034	0.03421099027805493	2.715288228425726	0.06760817435751092	0.9958121639183235	-19.921713192708363	24	2193.0	2192.96293911704	0.7903734260059613	0.7772373186998376	0.9423076923076923	0.8877255304944333	False
23	2048-10-01	FGA	north	0.1843701691537709	0.0339923592737901	28.93292479672086	0.006372330846229092			1	12.0	11.681938877875105	0.05660377358490566	0.03991550203967309	0.05660377358490566	0.03991550203967309	False
24	2048-10-01	FGA	north	0.24317138556398465	0.05929020709106217	4.234497316193659	0.05742626985121545	0.9845052637991443	-76.0243381486673	16	357.0	356.6820803441823	0.18173926185297512	0.17694687739042697	0.3870967741935484	0.40538814405507095	False
22	2049-04-01	FGA	north	0.06356747531802313	0.004164791092950946	0.8570939461426726	0.07416628667616518	-0.7800485558419412	-35.84050605130338	6	188.0	187.93716872899918	0.5845695567149629	0.5574186088286495	0.7058823529411765	0.68653790357637	False
23	2049-04-01	FGA	north	0.053145582079989456	0.004615672568077141	1.0587878093526506	0.05019474309255883	0.5818530876353172	-14.222110062232916	16	1563.0	1563.000054895327	0.9759262051162163	0.9574780195190509	1.0	1.0	False
24	2049-04-01	FGA	north	0.21704620314926737	0.04716139704227996	6.364273467605665	0.03410384614269622	0.7088340294710862	-784.9392694327993	4	79.0	78.65695447372855	0.33250486879721003	0.31133096433782137	0.3870967741935484	0.38263861173365127	False
23	2049-10-01	FGA	north	0.18777838012105816	0.03747112113076275	3.761499152591029	0.04992115443963639	0.9676098436791493	-26.32057208381058	28	2362.0	2361.9600104653123	0.975330014301783	0.9632116671386617	1.0	0.9931018617492006	False
23	2050-04-01	FGA	north	0.09092839530520362	0.00915438975014258	1.0125545951982615	0.08980098034852091	-0.959256881055967	-34.08719493686685	11	515.0	514.7644969525528	0.9003677034684752	0.8948586409495781	1.0	0.9888688880843451	False
25	2050-04-01	FGA	north	0.04208415586889218	0.0018941643567457166	0.7796644732473658	0.05397726498118897		-14.388677718009022	8	322.0	321.97006230944095	0.8304291123668934	0.8051677156007623	0.94	0.9972939935518483	False
23	2050-10-01	FGA	north	0.010808928283129085	0.00011683293062982787	1.4407942033750294	0.007502062583129084			1	11.0	10.696437922243819	0.1896551724137931	0.21598482970117946	0.1896551724137931	0.21598482970117946	True
25	2050-10-01	FGA	north	0.0011199747710895708	2.574865138369092e-06	0.02382464680560441	0.047009081823035155	0.9987880918571206	0.9968487033728021	24	1233.0	1232.992221554402	0.9269724925648909	0.8915120916567957	1.0	0.9988629495186376	True
25	2051-04-01	FGA	north	0.06785089540511104	0.006435404045561086	0.35883087380136724	0.1890887890618639	0.15875663968018103	-2.2552315053213516	29	1184.0	1184.1335657124164	0.6134971984296776	0.6428000329139569	1.0	0.9973911988076427	False
26	2051-04-01	FGA	north	0.17058339380778703	0.030040451539991412	2.9789684659150897	0.05726257117508179	-0.1867928517968559	-31.962583891198086	16	2529.0	2529.057627862747	0.7672314588404554	0.7219290565682275	0.9411764705882353	0.9975867286492659	False
25	2051-10-01	FGA	north	0.20111449294705397	0.04099215838135978	3.3052541629388648	0.06084690708572715	0.9794966954305515	-40.94262892534958	17	484.0	484.00355562524896	0.2468864831527475	0.2717483937140444	0.5416666666666666	0.5568947243932307	False
26	2051-10-01	FGA	north	0.21654418662485075	0.047680849747441634	3.818599866217443	0.05670774477854655	0.9620382741162329	-24.945436177661257	23	2977.0	2977.0015160911853	0.8175207695620554	0.8056276268517372	0.9745222929936306	0.9820214774450314	False
24	2052-04-01	FGA	north	0.1433854093651764	0.020710514296293652	4.5768170589047115	0.03132863025106149	0.06404489582636308	-135.482849863359	5	80.0	79.88450300737428	0.7884545454545455	0.7069464250129035	0.9375	0.7942426314572117	False
26	2052-04-01	FGA	north	0.31588054936152077	0.09981034660692135	5.311597656967869	0.05946996925626356	-0.5733435467398689	-3819.7746228717197	5	120.0	120.11437409481297	0.9162307248314951	0.9664483240403839	0.972972972972973	0.9796516641293124	False
24	2052-10-01	FGA	north	0.02804798887856114	0.0009501175104027216	0.9313870240255521	0.03011421477329027	0.8651138679261688	-3.075489681560473	13	201.0	200.78181126536484	0.6295397010732764	0.5845008370981548	0.9375	0.7631361267030871	False
27	2052-10-01	FGA	north	0.09893825249199957	0.009888500346671016	5.124954624703865	0.01930519579921481	0.27639733605038247	-96.28879189414069	10	137.0	136.61599911048023	0.5859572402793818	0.5523053810655842	1.0	0.9328526257878549	False
24	2053-04-01	FGA	north	0.26978392667881707	0.0728165890034772	11.370729100454339	0.023726176597421298	-0.40695329598518876	-2281.6107608871257	6	84.0	83.9603985495198	0.5115026856587656	0.4878369718550344	0.6551724137931034	0.5677225447488052	False
27	2053-04-01	FGA	north	0.08257327681458945	0.00954979768141346	1.6174895036553687	0.05105027057547013	-0.6625660332409957	-10.907843484577299	33	3699.0	3698.8605485389994	0.8858433112147429	0.8800749171317559	1.0	0.9950352666628923	False
27	2053-10-01	FGA	north	0.2195764623725987	0.049105333730311375	3.9733273979271315	0.05526261502818792	0.6636248408900175	-38.62918497001607	26	3632.0	3631.9417597135407	0.9672034174547957	0.9491450458253171	1.0	0.9859299700504079	False
1	2025-10-01	FGA	south	0.0967018065953829	0.00978184029989339	2.5537332097599137	0.03786683989768618	-0.9746658120736666	-62.725314143049076	12	471.0	470.99980381319585	0.9951862100772514	0.9950560677443417	1.0	1.0	False
1	2026-04-01	FGA	south	0.041765542559531646	0.0031817613598413698	1.063993831053193	0.03925355706074919	-0.8336958248945536	-4.191303698405864	23	845.0	845.0072672720013	0.9908623238580799	0.9866333481387863	1.0	0.9968906828966965	True
1	2026-10-01	FGA	south	0.2570986389416232	0.07353491452868978	7.919183162599381	0.0324652977034103	-0.8621467231920279	-1030.7304950020055	10	282.0	281.6718803499156	0.8923070625922032	0.8896760187883721	1.0	0.9964739014602755	False
3	2026-10-01	FGA	south	0.03336617060327707	0.0014145561427749685	0.5606292955459722	0.059515567360394935		-3.695547201766055	14	1046.0	1045.9805512380408	0.8861444462389001	0.8916824441290325	0.9666666666666667	0.9668614891966715	False
1	2027-04-01	FGA	south	0.00731947301009871	5.357468514556347e-05	0.44936989479878003	0.01628830301009871			1	12.0	11.93065281701036	0.07547169811320754	0.05291927542926176	0.07547169811320754	0.05291927542926176	True
3	2027-04-01	FGA	south	0.0012394729349713527	3.562649637047786e-06	0.023744238566131178	0.052200997371182875	0.9986768731885063	0.9972689287712699	27	1877.0	1876.911069238494	0.9315600442797212	0.926204528653443	1.0	0.9945827030203895	True
3	2027-10-01	FGA	south	0.09137278475073002	0.008765819712615293	1.9232295743698573	0.047510076783562435	-0.9841647889995349	-114.6754383289553	11	584.0	583.8296640340424	0.9819288234949173	0.9840370627192908	1.0	0.9912819927371626	False
3	2028-10-01	FGA	south	0.02708024647143526	0.0014600234442947132	0.4088659115684498	0.06623258556222693	0.5438822879085078	-3.0074824052983313	14	657.0	657.1301026149793	0.9347486816584745	0.9226200878461179	1.0	0.9423411309494002	True
4	2028-10-01	FGA	south	0.01752701334281815	0.00030719619671932543	2.8508703906842903	0.006147951657181849			1	16.0	15.981563093753058	0.18823529411764706	0.09920453178754736	0.18823529411764706	0.09920453178754736	True
3	2029-04-01	FGA	south	0.1969265156366939	0.03942522836948136	2.9876953000048534	0.06591251645921657	0.8181247324926477	-44.64803656297882	22	961.0	961.1541545104934	0.8638069179252661	0.8579734701598544	1.0	0.9746108879376568	False
4	2029-04-01	FGA	south	0.17497774675066832	0.030765346892877545	7.755064207464787	0.022563030049737063	-0.45473437481869405	-211.75055394919977	7	97.0	96.94714172846484	0.23598814627611706	0.22704889022186356	0.3076923076923077	0.3154097354163702	False
3	2029-10-01	FGA	south	0.28393262187423046	0.08126143686718769	4.094861263230952	0.06933876476445024	-0.7625200717977396	-212.40698971288822	6	172.0	172.04350787683245	0.7180062651374127	0.7008401300074628	0.7704918032786885	0.7748005028283862	False
4	2029-10-01	FGA	south	0.1548036553942806	0.025899932892212083	2.2901031686804125	0.06759680415772731	-0.5546278235690836	-21.423407087394935	25	1371.0	1371.1601773469185	0.37121007778424725	0.37242224805916785	0.75	0.7289067411876229	False
5	2029-10-01	FGA	south	0.152544716906099	0.02748771636018158	2.53109601452227	0.06026824586300451	-0.8358161644709466	-15.150711707725183	20	3375.0	3375.02104385504	0.6863510575530343	0.6771960037707945	0.9634146341463414	0.9201384731667032	False
4	2030-04-01	FGA	south	0.04239751314806885	0.0021474454832397733	0.619564029595204	0.06843120504553747	-0.2755730985607616	-0.6320388582409395	21	1322.0	1322.2051207662169	0.39082557878467983	0.3918379327560696	0.75	0.7203647201399733	False
5	2030-04-01	FGA	south	0.22213500137404846	0.051387535542019226	3.737687834303935	0.059431127269465076	0.09585741908139264	-23.962784959018055	23	3430.0	3429.912191218561	0.7106500441440905	0.7146588466134488	0.9634146341463414	0.956122447750691	False
6	2031-10-01	FGA	south	0.13639724578883056	0.019217912010772973	4.250763378198974	0.03208770605495838	-0.9385469001117595	-64.61119430082047	21	1801.0	1800.9046887306858	0.9996693121693122	0.9996313146058602	1.0	0.9999947382477374	False
6	2032-04-01	FGA	south	0.0019674716730174557	5.089425425507604e-06	0.04508466409865472	0.04363948833492946	0.9986383929027323	0.9927351290855524	27	2070.0	2069.9378447453823	0.9992354416821693	0.9992792636525428	1.0	1.0	True
6	2032-10-01	FGA	south	0.003331333557879783	1.214166406268725e-05	0.07652746872516222	0.04353121321500656	0.9375253681870137	-0.5818963898699372	3	84.0	83.70819846685646	1.0	0.9990582426919655	1.0	0.999965016027825	True
7	2035-10-01	FGA	south	0.0018644574982460023	4.819636686657711e-06	0.04161953715026535	0.04479765095691641	0.9892377374505483	0.9685307924589899	13	720.0	719.9454073231137	0.9991055456171735	0.998901413785387	1.0	1.0	True
7	2036-04-01	FGA	south	0.05121524087154069	0.0036775227628490343	1.1441915312407438	0.04476107318851038	-0.5158986967829865	-3.167484454714428	27	1379.0	1378.8970996573926	0.9952965108391465	0.9954583701118077	1.0	0.9995246212242045	False
7	2036-10-01	FGA	south	0.18467578468669113	0.0436940072014619	4.816474720654845	0.03834252132472165	-0.2824161354779716	-89.28765297683456	23	617.0	616.7626404086811	0.6739680284730677	0.6640187185524901	1.0	1.0	False
8	2036-10-01	FGA	south	0.07948731585387711	0.00907604133049624	1.7864448944350346	0.04449469228045518	0.911432339352097	-69.25987440307743	12	468.0	467.9191359323323	0.6863652481181862	0.6813067204515814	0.8387096774193549	0.8765584912088923	False
7	2037-04-01	FGA	south	0.0016973134000996318	1.217872770860333e-05	0.05037917138825409	0.033690776432566745	0.985660655160457	0.9615277386729294	14	199.0	198.7084109533743	0.2903310441607516	0.2722829898495532	0.7333333333333333	0.5695308006756009	True
8	2037-04-01	FGA	south	0.004618448386601156	3.007199453464613e-05	0.08677337073496771	0.05322425932613939	0.9944288814734857	0.9669581118643573	25	957.0	956.940041326759	0.7991447249989304	0.792650575709641	1.0	0.9221400208286791	True
7	2037-10-01	FGA	south	0.272705877853993	0.07436849581611693	8.338010684390722	0.03270634785399297			1	11.0	10.751253552671068	0.18333333333333332	0.11171092231471084	0.18333333333333332	0.11171092231471084	False
8	2037-10-01	FGA	south	0.0921964370610391	0.009764339122897406	2.3375713737382933	0.03944112171154655	0.796391298863338	-30.119022419878373	12	322.0	321.5155517512162	0.7921555898482238	0.7875786433554822	1.0	0.9546912342287686	False
9	2037-10-01	FGA	south	0.10512944124320604	0.015134584696000857	2.841926385750736	0.036992316820843536	0.9496364725440357	-104.80977469476232	14	750.0	749.9112233079084	0.8661017199364174	0.8702371443307894	0.9487179487179487	0.9525624597880374	False
8	2038-04-01	FGA	south	0.0350201148378695	0.0012281786889808209	0.9630511595811726	0.03636371182305582	1.0	-6.449965024340802	2	23.0	22.380044414127138	0.14471214017521902	0.11799435191323282	0.16176470588235295	0.12295074485483327	True
9	2038-04-01	FGA	south	0.01636667528917325	0.0003392661383382906	0.39279929256241725	0.04166676366040686	0.9293404107679032	0.5548163510687669	24	1206.0	1205.7361160214869	0.8989121309389465	0.9085316567946257	1.0	0.9933968073350933	True
9	2038-10-01	FGA	south	0.251161801888164	0.06325501301550038	6.465138739689539	0.03884863295296042	-0.9641204431455013	-1648.2107611953386	7	225.0	224.80392273463016	0.9420827290798082	0.9527397628875258	1.0	0.971573481551207	False
9	2039-10-01	FGA	south	0.011440278537255395	0.0001455949704352501	0.36999775916532057	0.030919858982561315	0.9954387038626419	0.26800491921356207	5	64.0	63.74037024318869	0.04294302868504581	0.041129281840457374	0.05357142857142857	0.0487474159643987	True
10	2039-10-01	FGA	south	0.07155490769881444	0.008028577625631465	0.3690717816810525	0.19387802387084513	0.9841905546463907	-0.27577686646844657	5	65.0	64.87239721229683	0.04363153466242352	0.05138796400497869	0.052805280528052806	0.07845205533142675	True
11	2039-10-01	FGA	south	0.04163239855657657	0.0023075874086927973	0.6062688237038435	0.06866986546039781		-1.618354857473237	16	2651.0	2650.9811549900396	0.8630644971056474	0.8592324684558816	0.9517426273458445	0.9634491610426048	True
9	2040-04-01	FGA	south	0.2706157336421435	0.07432907592346641	3.4162544737865796	0.07921416150893254	0.990182686988073	-48.76569193524449	5	64.0	63.60398936416942	0.04294302868504581	0.0377122198581384	0.05357142857142857	0.06084953675072777	False
10	2040-04-01	FGA	south	0.17455004512446334	0.030739407582681986	5.412886164378449	0.03224713024137772	0.9997291027432227	-66.89988895804731	6	81.0	80.54426987560063	0.06199679229127394	0.06546092362277582	0.1111111111111111	0.10079413630155641	False
11	2040-04-01	FGA	south	0.1884196648515731	0.0356495975469406	2.8789974367042563	0.06544627739136415	0.9678469843740279	-14.282160821734152	25	3328.0	3327.995716791457	0.9054082464298767	0.8840411873193869	1.0	1.0	False
11	2040-10-01	FGA	south	0.31615948639322505	0.09997917054225969	5.181962669659211	0.06101153299392971	-0.6534894046014775	-5388.373632875091	6	196.0	195.87803397746129	0.9783910533910533	0.935583501602157	1.0	0.9394471511139808	False
12	2040-10-01	FGA	south	0.1577978546860577	0.025144486509943935	4.798313295630178	0.03288610913125746	-0.5365588276035458	-151.87131341478195	15	659.0	658.9927936291688	0.9890419539231099	0.9791041838830229	1.0	0.9940837457593987	False
12	2041-04-01	FGA	south	0.0030878269432538046	1.2388820289362364e-05	0.09329186124668719	0.03309856724895661	0.9993205296665295	0.9769414061035765	24	961.0	960.9521116478129	0.9596217832515498	0.9491538376621501	1.0	0.997181586232331	True
12	2041-10-01	FGA	south	0.12957518120065692	0.0319217602463941	1.0459487951956026	0.12388291070828673	-0.3656919684717947	-18.444771570125745	19	437.0	436.9997123140883	0.4126043856533822	0.4049731363283441	0.96875	0.9621918459808723	False
13	2041-10-01	FGA	south	0.1497695245471998	0.02332754299388987	2.950606585294064	0.050758893203064356	-0.8861151852134188	-49.62868249615504	17	1784.0	1784.0193853313217	0.8627136841460136	0.8483349470876622	1.0	0.9579941130993779	False
12	2042-04-01	FGA	south	0.0046694984843306435	3.820824076372167e-05	0.11364167028440836	0.04108966783614143	0.9938577532384779	0.922449998735476	12	235.0	235.0419512323539	0.13534915318530938	0.14730588426905458	0.21621621621621623	0.18110224800214297	True
13	2042-04-01	FGA	south	0.005388674530247127	4.060826065053582e-05	0.11021638148661449	0.0488917750479911	0.9856070941427653	0.9668688571540487	24	2175.0	2174.980585998912	0.8756796790510233	0.840972410979854	1.0	0.917129546958029	True
13	2042-10-01	FGA	south	0.09504425914765295	0.009057045087374836	1.9905996746498607	0.04774654610770541	-0.7554998511257399	-814.9061430437825	5	195.0	195.1743422454339	0.9052730213089802	0.878543847287417	0.9722222222222222	0.887227367286183	False
14	2042-10-01	FGA	south	0.0848123950458881	0.012550186268753096	2.709992568915548	0.031296172549959166	0.8768536784603005	-93.62880292577381	15	433.0	432.9922947179811	0.9845272336500407	0.9804589362556627	1.0	0.9979976087884425	False
14	2043-04-01	FGA	south	0.001582973431950254	4.304198673882654e-06	0.036786769057383734	0.043031053623681155	0.9965938938782919	0.9917174738945406	24	638.0	638.1042004178571	0.9708134706911272	0.9634398150252554	1.0	0.9924516868292521	True
14	2043-10-01	FGA	south	0.28698941857703286	0.08277571502074985	5.566315411892116	0.05155823868045571	-0.9547701161411419	-541.8421426166146	7	147.0	147.02776223191591	0.942622230710466	0.9214303150386771	1.0	0.9760999850981408	False
15	2043-10-01	FGA	south	0.13233557485683045	0.019309614290128542	2.8204108898502787	0.046920672208812624	-0.9394035204743844	-17.91655711179266	22	3468.0	3468.2406163437095	0.9458101294138864	0.9377779908904255	1.0	0.9900884302791404	False
16	2043-10-01	FGA	south	0.15364291322714851	0.024226634047813552	3.602821392853404	0.04264516512861733	-0.9734472985354056	-53.19152789660659	9	175.0	174.83942108389527	0.10736828037186202	0.11122540793050598	0.21739130434782608	0.18778613918015435	False
15	2044-04-01	FGA	south	0.23287773684965085	0.054576669053623336	3.604879274821652	0.06460070340668267	0.8913577334702619	-32.10923343852165	26	3611.0	3610.7827241972186	0.9068580637251104	0.8837715032942732	1.0	0.9929935912678377	False
16	2044-04-01	FGA	south	0.21879270333029324	0.04825834475842214	3.370072695221144	0.06492225038366303	0.9688350190446633	-52.91372763223028	13	236.0	235.99585564751587	0.1689098241230296	0.1891064841590973	0.37777777777777777	0.44226173496038307	False
15	2044-10-01	FGA	south	0.2935580618380531	0.0861763356701142	4.333911426346915	0.06773513183805312			1	22.0	21.84858513484629	0.6875	0.5705108286711927	0.6875	0.5705108286711927	False
16	2044-10-01	FGA	south	0.16451597115603195	0.027065504765412335	9.085499825371205	0.01810753115603195			1	10.0	10.349440152140932	0.3125	0.4227330883641406	0.3125	0.4227330883641406	False
17	2044-10-01	FGA	south	0.018699899255651582	0.00036066892682991546	0.8494581715965315	0.02201391414071122	-0.0	-31.839748171835545	2	37.0	36.99997697973671	0.975	0.9496031448046511	1.0	1.0	False
17	2045-10-01	FGA	south	0.13483234816826473	0.024060485254134623	3.1223175224282906	0.04318341975142965	0.6962162391988123	-31.619437188593217	24	1001.0	1000.9625777579704	0.4302870319930788	0.42244537158359546	1.0	0.9816405861842417	False
18	2045-10-01	FGA	south	0.1666666265781168	0.02898049821285725	3.3403405258697325	0.049895100600475875	-0.07824141203759682	-23.661620779251006	19	1711.0	1711.1269618021033	0.4468602087122296	0.4515025738835685	0.5085227272727273	0.48419385223481787	False
19	2045-10-01	FGA	south	0.20083860917070734	0.04136350114506936	3.5061435863739376	0.057281912227221454	-0.13659087361012281	-40.81618659370772	15	1005.0	1005.0645722700008	0.28137782694864466	0.27611985637951286	0.39568345323741005	0.40722991157420635	False
17	2046-04-01	FGA	south	0.04027277137424195	0.0019694460001032947	0.8270710129344815	0.048693244890003484	0.8033485319050151	-1.1938032693269194	22	974.0	973.5284582091408	0.330372153650097	0.31764594132789353	0.7333333333333333	0.603014563388594	True
18	2046-04-01	FGA	south	0.039596579782691134	0.0021736654206603485	0.7185040123929913	0.0551097545729967	0.9474239468499723	-0.493717944833036	20	1747.0	1747.105510054138	0.44625198803466387	0.4427485092198129	0.5085227272727273	0.4768469478875701	True
19	2046-04-01	FGA	south	0.03269855635273304	0.0016788500874254514	0.5724789633864037	0.057117481067444284	0.9845058320690117	-0.22425379675468737	20	1106.0	1106.0048622574122	0.34366952997352795	0.3319190646856599	0.8	0.5160969017529919	True
19	2046-10-01	FGA	south	0.2342311811778384	0.054980292832778464	4.191422264466803	0.055883460648562276	-0.9972610929066943	-2413.061373633692	3	41.0	40.61723872041682	0.5739873652917131	0.493431561257141	0.8	0.4975238011531628	False
21	2047-10-01	FGA	south	0.1275852246472696	0.01645742233071915	3.1708430430274013	0.04023700413927018	0.7275717956296314	-54.16702988366722	18	1462.0	1461.976426380485	0.870400696573498	0.8625577600547837	1.0	0.961590316808931	False
22	2047-10-01	FGA	south	0.023021726322464218	0.000871336773012272	0.42357940721634824	0.054350438029452164	-0.9106615437582168	-3.32703830844439	8	257.0	257.03170448911544	0.18512219989560677	0.1863395303536851	0.37222222222222223	0.29273557308612286	False
21	2048-04-01	FGA	south	0.0029140568046686077	1.4642996568789234e-05	0.06460155670204396	0.04510815146620776	0.9968833840559203	0.9823313616857648	25	1749.0	1748.9047520703673	0.7284741409324	0.7116892868543724	1.0	0.9461710359872957	True
22	2048-04-01	FGA	south	0.004725389782483079	3.413226449315044e-05	0.07122089078857842	0.06634836675253832	0.9890348433114061	0.9584445364422153	22	835.0	834.9203732726478	0.5293064516076466	0.5274006720990633	1.0	0.8829146404848256	True
21	2048-10-01	FGA	south	0.17798068165046715	0.03185484659687094	3.9675738823631517	0.04485881975421689	-0.9953667341204091	-1400.1172345595696	5	152.0	151.94451706030586	0.3117737033780756	0.3129853833399764	0.45528455284552843	0.3842886279204423	False
22	2048-10-01	FGA	south	0.18287149868266483	0.0342269362465577	4.879420868085173	0.03747811546217962	0.3691264976386767	-69.30760914821442	32	1085.0	1085.1974974334753	0.594957688560783	0.5821155936307025	1.0	0.9206444589139127	False
23	2048-10-01	FGA	south	0.016379728327535505	0.0004268446321422166	0.4445109980733135	0.036848870778297335		-1.6921915408854709	4	55.0	54.87939825234591	0.08101892102319785	0.06991383793784325	0.0967741935483871	0.0878289568637256	False
24	2048-10-01	FGA	south	0.03782864396774389	0.00197969434936729	0.8665756913296135	0.043653017672007674	-0.948863078686464	-5.44207951972409	15	1040.0	1039.9775643217972	0.5701558900361675	0.5511807136504014	0.7202380952380952	0.7358636302343894	False
22	2049-04-01	FGA	south	0.19495837074419517	0.038313542564250486	5.064663407718219	0.03849384550355138	0.6383329622913143	-84.5119639718259	21	671.0	670.7890293560424	0.4399236613405689	0.43365563664538875	0.8571428571428571	0.7696793071936714	False
23	2049-04-01	FGA	south	0.15618933653516903	0.02509329672013927	2.0578147977888905	0.07590057992730616	0.6013366367282011	-32.259061040970295	8	110.0	109.75797582847521	0.13126433064146906	0.14749074394014688	0.26785714285714285	0.2521784087995379	False
24	2049-04-01	FGA	south	0.19093749962084686	0.03726997709784098	4.182372621442874	0.045652914482539685	0.8920239865958697	-34.90194901978583	25	1401.0	1400.900229217663	0.6102708515844477	0.5862973562915773	0.8082191780821918	0.6621025838663266	False
23	2049-10-01	FGA	south	0.040840742431451645	0.003195887772999065	0.9781812021886408	0.041751714651714976	0.11741140449300402	-4.431957228647243	23	3092.0	3091.99759526627	0.9320084652400963	0.9177926352361723	1.0	0.9998003421463452	False
24	2049-10-01	FGA	south	0.3153348335952443	0.0994609764566418	6.8053153971211096	0.04633654947552352	-0.33536480399300833	-5124.730008006971	8	212.0	211.99521871891503	0.6698103157306924	0.6254154634563289	0.8082191780821918	0.7363220759580846	False
23	2050-04-01	FGA	south	0.01754681004335161	0.0004283646790482022	0.31327795403417097	0.05601035699255646	0.9661947992218383	0.68834259171299	29	3425.0	3424.9700583762847	0.9891087472087589	0.9807825685079916	1.0	1.0	True
23	2050-10-01	FGA	south	0.31131528134709024	0.09693169112653778	5.620333009120349	0.055390896027318295	-0.8875541112816209	-8581.193614576157	6	171.0	170.8304213850167	0.9611497270785301	0.9744710173339132	1.0	0.9774354059896317	False
25	2050-10-01	FGA	south	0.020184255287909698	0.000504173770532946	0.5984396458661286	0.033728138547199346		-4.210042447362053	13	446.0	445.8811914821453	0.9616227226981814	0.9457647310264622	1.0	0.98633487400632	False
25	2051-04-01	FGA	south	0.0970232178633113	0.009751084702854339	2.8407225875180706	0.03415441489768283	0.8569000087457652	-18.521477792812643	22	723.0	722.7205151502393	0.9058742195353626	0.8860111352345105	1.0	0.9987326704424091	False
25	2051-10-01	FGA	south	0.2804294453311781	0.0786778684397649	7.7318305096698055	0.03626947654639601	-0.4468289911285863	-2622.732671651288	7	181.0	180.9620773879941	0.7924180363681993	0.7636050582387718	0.9534883720930233	0.9298535704145872	False
26	2051-10-01	FGA	south	0.07331290160881362	0.008604307387031322	1.4224566227151434	0.05153963954899104	-0.6277653566111678	-6.857047858405882	26	3683.0	3682.9917395955026	0.9774692787456483	0.9785027536873473	1.0	0.9991734036657846	False
26	2052-04-01	FGA	south	0.006619780678587598	5.527227177052211e-05	0.10996125742573114	0.06020102746695726	0.9814734249125537	0.9621765497252188	27	3707.0	3707.180098549923	0.9782155664817004	0.9618592234780837	1.0	0.9943640475668493	True
24	2052-10-01	FGA	south	0.16036367242698188	0.028711864972004644	1.1493593153140425	0.13952440310901842	-0.5369906113340197	-9.068757951600464	9	133.0	132.99516169732323	0.10117196021028223	0.10816898845850263	0.17142857142857143	0.1557698424897766	False
26	2052-10-01	FGA	south	0.2836033729009754	0.08043087312080972	4.97014719738016	0.05706136290097546			1	11.0	11.270769899212626	1.0	0.881138967995436	1.0	0.881138967995436	False
27	2052-10-01	FGA	south	0.15545769029951859	0.0246551082950357	2.9866577580777385	0.05205072120468657	-0.6373618977375768	-73.16230047307893	12	1419.0	1418.9904256320244	0.8746489572579513	0.8662896235917508	0.9425837320574163	0.9491150569520473	False
24	2053-04-01	FGA	south	0.007453293494639654	7.320780933199513e-05	0.3768580639393729	0.01977745524861239	0.9699946637106025	0.5447099188137822	10	147.0	146.81508046880447	0.09905476418925399	0.07714568985648898	0.17142857142857143	0.11267196743301114	True
27	2053-04-01	FGA	south	0.006392195069087931	5.814475368028226e-05	0.11534515265044712	0.05541797745466986	0.999407226449909	0.956349920238983	23	2134.0	2133.9782937140467	0.9218044330637136	0.9262619874994615	1.0	0.9723443338358357	True
27	2053-10-01	FGA	south	0.05581290758695831	0.0032054842745511615	1.1520747027357634	0.04844556299554422	-0.8809200428788634	-61.427996285804106	9	420.0	419.9299979273084	0.9801872995990644	0.9646935053027816	1.0	0.9690791774223778	False
28	2054-10-01	FGA	south	0.010682954597496071	0.00012743086812106184	0.458889793718061	0.02328000043526706	0.9469912050487944	-0.19442094922037345	10	176.0	176.06103952881858	0.23342774925917104	0.23298837261584815	0.35714285714285715	0.3031872527018044	True
29	2054-10-01	FGA	south	0.0037237538847195288	2.1733968599916053e-05	0.08221156530918741	0.04529476930301663	0.9815106958625055	0.8626714470093624	12	647.0	646.9227495256948	0.7370551862029502	0.7186322933599376	0.8529411764705882	0.81882742366654	True
0	2025-04-01	FGA	tropics	0.3490533642197802	0.12204911363095344	41.231863676617074	0.00846562180544197	-0.43153450483134614	-7028.169499412777	9	131.0	130.19065288358314	0.5606510781860177	0.5205799161599701	0.8461538461538461	0.7549146362999486	False
1	2025-04-01	FGA	tropics	0.10155311378129887	0.010337037461387038	2.9284701529679467	0.03467787222566595	0.8889455432831856	-1889.123947559059	6	131.0	130.41913582360883	0.6010138541232096	0.5614402846378855	0.723404255319149	0.7082412027381153	False
0	2025-10-01	FGA	tropics	0.19914221758249873	0.0397183062734985	7.668444266970658	0.02596905065089139	0.8652861649013497	-719.9413562247539	18	242.0	241.27614140876332	0.3589925880691667	0.33626611298891484	0.8461538461538461	0.7664457818429876	False
1	2025-10-01	FGA	tropics	0.1995219907408693	0.04851929984279604	6.397724013651352	0.031186401650826565	0.9710128392972581	-139.5912252012761	32	2700.0	2699.7592655106273	0.8641342088768679	0.8566706369382667	1.0	0.9947299440819114	False
0	2026-04-01	FGA	tropics	0.2488928026974863	0.06204516267008673	14.335773021435523	0.01736165899985512	-0.8807203234398671	-1174.533698491946	8	94.0	93.8279661516168	0.1192018883348833	0.1337990219378715	0.15384615384615385	0.196648863761759	False
1	2026-04-01	FGA	tropics	0.13821750882548064	0.02016293160529943	5.087264825479552	0.02716931663026832	0.67243374307271	-67.1848215388759	33	2710.0	2709.8558035929727	0.954141268784228	0.943881760623675	1.0	0.9940308416020164	False
1	2026-10-01	FGA	tropics	0.13680288552989894	0.01878292887301179	4.912525626737236	0.027847770357741553	0.3710459052958561	-4437.969556475246	7	126.0	125.91264611040282	0.978312629399586	0.9735061823095565	1.0	0.9920720484349114	False
3	2028-04-01	FGA	tropics	0.17091933319590202	0.030277482750764403	12.312535960419572	0.013881732710901065	0.6736894962734395	-1770.2574598700578	32	1303.0	1303.0012654020998	0.9986161642411642	0.998559512731213	1.0	1.0	False
3	2028-10-01	FGA	tropics	0.16534862763398947	0.027456555113932055	6.056070731252625	0.02730295516211534	0.8681436157807831	-249.58756523440783	46	1985.0	1984.7825186669045	0.9686156184892508	0.9647472010877006	1.0	1.0	False
3	2029-04-01	FGA	tropics	0.10281402356199694	0.01089271406387814	3.4918363782736637	0.029444112616991345	-0.6627829719463837	-254.75142966444403	20	660.0	659.7678990818557	0.9315452112545655	0.9373720052593507	1.0	1.0	False
4	2029-04-01	FGA	tropics	0.16027697429355708	0.031098093509832125	4.912809982392467	0.032624297472931066	0.24567128226116902	-336.3808330544096	11	256.0	255.85250409491826	0.6048615829839535	0.6072391769611367	0.8	0.690807425826588	False
5	2029-04-01	FGA	tropics	0.1382417995175426	0.019307886481374333	2.7815685952262603	0.049699223580102876	-0.08567938252586162	-182.8502424462633	7	164.0	164.19947548777333	0.448580169989814	0.4291661207350743	0.5606060606060606	0.5450769440550135	False
4	2029-10-01	FGA	tropics	0.16751665715448663	0.02844898240079801	4.688812139114574	0.035726886082094164	-0.5241749787772639	-99.99448053646218	27	677.0	676.9557463957279	0.38099148274024347	0.3795296018471974	0.8	0.6901840748261137	False
5	2029-10-01	FGA	tropics	0.061437376916274405	0.009415955818701123	1.273913629409188	0.04822727027794471	-0.7196674313433703	-26.710939673300658	33	2331.0	2330.663782963067	0.7541816002895805	0.7443366802243804	1.0	0.9506096268619627	False
4	2030-04-01	FGA	tropics	0.13725260693022223	0.01935660121725725	6.244553739294616	0.021979570143906915	-0.9478391359088348	-250.01501789819787	15	394.0	393.8722823197072	0.2185352975512235	0.22441595349926283	0.35135135135135137	0.3940137592679023	False
5	2030-04-01	FGA	tropics	0.22724685685229454	0.05227777486744097	8.80597154798366	0.025805994899487063	-0.6643891911427318	-223.00982484098012	33	2274.0	2274.0653220346767	0.8770239073326797	0.8710365285680688	1.0	0.9694384789833937	False
6	2031-04-01	FGA	tropics	0.0016473388807254378	4.6146020032402215e-06	0.05107954203345086	0.032250463006239016	0.9742760068395194	0.9472807883971383	19	1669.0	1668.9649240060166	0.9996975196612221	0.9897352328213822	1.0	1.0	True
6	2031-10-01	FGA	tropics	0.0009949951207161025	1.801998569505138e-06	0.030433812503912742	0.03269373893225439	0.998055614979798	0.9959762705852436	38	2947.0	2946.9615281448764	0.9998487598306111	0.9977184229112414	1.0	1.0	True
7	2036-04-01	FGA	tropics	0.1604307590701036	0.025958311287301316	19.388994598415152	0.008274320685159051	0.5594524699442479	-2144.7795651736046	46	1046.0	1045.9019442450935	0.9717734297838266	0.9623711883315442	1.0	1.0	False
7	2036-10-01	FGA	tropics	0.2597719205624908	0.06777038531406594	28.98921871798851	0.008960983843324348	-0.42006337163474883	-17184.081397226157	23	368.0	367.5370190406182	0.8842473426594408	0.8619905628892848	1.0	1.0	False
8	2036-10-01	FGA	tropics	0.16578056087377457	0.027647435178984676	11.68453273345919	0.014188035127759489	-0.8486464482057097	-3809.248671753833	21	506.0	505.96975351200916	0.7978468038347393	0.7830426173656619	0.9642857142857143	0.9486682256572196	False
7	2037-04-01	FGA	tropics	0.22153667900958526	0.04917382253292096	31.887340418194274	0.006947480602150843	1.0	-35872.58496461918	2	25.0	24.641797641372904	0.4930555555555555	0.38451776813005	0.5416666666666666	0.4761640035402425	False
8	2037-04-01	FGA	tropics	0.18213996131124105	0.03345814954226329	12.344340902998292	0.01475493610736248	-0.6510286969179756	-392.84917762712803	47	1391.0	1390.8168874791093	0.8876260267685279	0.8817836059414573	1.0	0.9832201260196598	False
8	2037-10-01	FGA	tropics	0.10840045842006928	0.012180123226704353	7.582058444605015	0.01429696951191417	0.01840777549265528	-721.9683456350281	28	803.0	803.0289899839998	0.9363626860416051	0.9446334525216142	1.0	0.9771726775429488	False
8	2038-04-01	FGA	tropics	0.22330390912990725	0.04988761856344834	13.678707364260093	0.016324927727700254	0.8852776583121527	-7337.438683643228	3	35.0	34.900044616243534	0.7900452488687782	0.8456823927325464	0.9230769230769231	0.9167957425409071	False
9	2038-04-01	FGA	tropics	0.19039077398744986	0.036248646819540216	257.00142918356084	0.0007408160125501288			1	11.0	11.02610325548427	0.9166666666666666	0.9344785730023076	0.9166666666666666	0.9344785730023076	False
9	2038-10-01	FGA	tropics	0.004050111630405361	1.956293337974092e-05	0.9516996525506304	0.004255661562501091	-0.3275314612740249	-6.405979258963995	12	141.0	140.73125984714596	0.7378320209202562	0.6772943117566393	1.0	0.9365555617377329	True
10	2038-10-01	FGA	tropics	0.010491966834153146	0.00011441795643715141	0.7317088116028112	0.014338992052276163		-25.384324772202568	8	101.0	100.9728962166542	0.5666452991452993	0.532248148884654	0.64	0.6287303348388557	True
9	2039-04-01	FGA	tropics	0.17741598391541022	0.03685344434901208	58.427889215338794	0.003036494836593105	0.059034634993503976	-31300.154944984304	24	290.0	288.5771550444708	0.4884364899193756	0.43626632192891973	1.0	0.8446854717034926	False
10	2039-04-01	FGA	tropics	0.0627262607293732	0.004108519549863388	4.591526156972817	0.01366130967894311	0.3298055449427927	-178.34119602164765	34	574.0	573.9734956919419	0.6124474470169229	0.6053460237813263	0.7931034482758621	0.6499456482564362	False
9	2039-10-01	FGA	tropics	0.20375171272706571	0.04173359887891857	59.53965891905172	0.003422117567117411	0.7384983326922947	-33094.49352003113	19	234.0	233.28779264127903	0.4061456365174678	0.35213322906577793	0.5416666666666666	0.3764304185275742	False
10	2039-10-01	FGA	tropics	0.1767616106367468	0.03136536958950004	20.75502898185157	0.008516567757689433	-0.4931615151821953	-1555.5181873107877	32	547.0	547.0033273546064	0.6041924242466266	0.6003016319224077	0.7931034482758621	0.670840199800658	False
11	2039-10-01	FGA	tropics	0.015112764237107137	0.0002294253438935091	0.9276433690572722	0.016291567148769306		-221.8077299197303	8	150.0	150.08826704827607	0.6653891941391941	0.6461840599014108	0.8	0.8101125764941757	False
9	2040-04-01	FGA	tropics	0.22216941069039164	0.049379820958723904	64.34301883068225	0.0034528906900533735	-0.8190061046196977	-48301.395776986836	4	52.0	51.99638493704096	0.4457799145299145	0.3544209152530991	0.48148148148148145	0.35863699023658996	False
10	2040-04-01	FGA	tropics	0.13066537260945077	0.01707782820631146	11.300397504034702	0.011562900558391678	-0.466519776306546	-5101.71309237797	6	72.0	71.97139331378753	0.4847262238566586	0.4826615353273756	0.5652173913043478	0.5581333998255378	False
11	2040-04-01	FGA	tropics	0.17998282049212744	0.04081209234660578	9.003169029000551	0.019991052029832597	0.8863076802351105	-615.6511652129121	37	1158.0	1158.0036857249133	0.7191745095221267	0.7025410950493347	0.9318181818181818	0.8970458464690865	False
12	2040-04-01	FGA	tropics	0.04975031061246604	0.0025099679489197666	1.676907181214366	0.029667897645019536	-0.26377371834315977	-1504.416065356399	9	261.0	260.84903148316425	0.40694277499016834	0.4007927773287147	0.6907216494845361	0.629567614761054	False
11	2040-10-01	FGA	tropics	0.22681463194660872	0.05156199600025525	7.768231637127456	0.029197717388159714	0.8051465970149403	-808.6923973043027	32	1055.0	1054.8520420665009	0.6019925826754844	0.6070050027619891	0.9318181818181818	0.8805757570744226	False
12	2040-10-01	FGA	tropics	0.17377985259596057	0.037318636495225634	5.656541709237725	0.030721925432311385	0.8836946122025987	-108.2479772476492	35	2619.0	2618.9568718220335	0.7895334108742146	0.7696502118743532	1.0	0.9946950834862255	False
11	2041-04-01	FGA	tropics	0.12961948254112124	0.016821230258077673	7.7443615317486	0.01673727162784644	-0.5647981630136751	-983.4589700706974	6	100.0	99.97441916887416	0.12879551548769827	0.14670826785170843	0.18888888888888888	0.1992775360624507	False
12	2041-04-01	FGA	tropics	0.27188365485463034	0.07408226018805206	10.746212368768102	0.02530041707018655	0.5228892163679877	-383.9898950168198	28	2265.0	2265.0825999004405	0.9304529372592356	0.9173047159523574	1.0	0.9956188939988063	False
12	2041-10-01	FGA	tropics	0.26773663098971967	0.07168290749975556	9.338336351400521	0.02867069903190687	1.0	-88757.95569501059	2	23.0	22.916144096177458	0.8846153846153846	0.8746269618227529	0.9230769230769231	0.8992882372804265	False
13	2041-10-01	FGA	tropics	0.023185982016104046	0.002421553086270662	2.1727187765519256	0.010671414205247436	-0.5078977210621416	-454.50079184017187	21	384.0	383.972646563624	0.9385236448666412	0.9355618950119232	1.0	0.9695842734695974	False
13	2042-04-01	FGA	tropics	0.06781012079363792	0.0049768382674073896	1.0249508549926283	0.06615938750948759	0.6389367459463264	-26.27887512610157	45	910.0	909.8387483068838	0.7308197969855181	0.7254376460903037	1.0	0.962435510364018	False
14	2042-04-01	FGA	tropics	0.18851619799849983	0.03560329196549905	8.851757461317543	0.02129703607699618	-0.8953905135725764	-4243.015561022899	17	745.0	744.9980638374836	0.6588229927101157	0.6372644787209222	0.9367088607594937	0.9981374333516017	False
13	2042-10-01	FGA	tropics	0.22706992094959597	0.05157889900778213	17.996668242931463	0.012617331046194178	0.80840347691171	-8907.278095759046	22	460.0	459.96404656040994	0.5146784715195868	0.5083494362340759	0.9166666666666666	0.9369334998973511	False
14	2042-10-01	FGA	tropics	0.07943770682457434	0.009528727394638049	3.411527034744171	0.023285087884561153	-0.8914305962335654	-42.3944531930921	44	2074.0	2073.9775690718748	0.8240411180185624	0.8170398033036155	1.0	0.9880965279353616	False
14	2043-04-01	FGA	tropics	0.10409990046910138	0.010901269486351924	4.713506367689627	0.022085448145926025	0.3434547584494505	-289.9702901209871	27	1201.0	1201.029252089588	0.955781949300965	0.9616567505275698	1.0	0.9814715611217047	False
14	2043-10-01	FGA	tropics	0.27102442621515044	0.07345423960525152	13.069224258735632	0.0207376062151504			1	11.0	11.069597587813462	1.0	1.0	1.0	1.0	False
15	2043-10-01	FGA	tropics	0.0735495578977975	0.0071702743849772	5.292478379613108	0.013896997327587408	-0.7208269843304256	-485.62038054403115	20	447.0	446.8998893533441	0.9152971245138659	0.8884288486261817	1.0	0.9693862651958963	False
16	2043-10-01	FGA	tropics	0.20389945718057972	0.041574988638535065	8.58446577770941	0.023752142819420285			1	16.0	15.9742360469127	0.3404255319148936	0.2248365792281031	0.3404255319148936	0.2248365792281031	False
15	2044-04-01	FGA	tropics	0.0015368707994832802	4.576607111376749e-06	0.04515355779345382	0.034036538305871646	0.9877691080793273	0.9696215059845289	39	1057.0	1056.8665352161909	0.6353738521106246	0.6277774559181355	1.0	0.9859715065901192	True
16	2044-04-01	FGA	tropics	0.0019776767486758885	5.891263802832362e-06	0.07502458190426113	0.02636038347004188	0.9954278839581664	0.9606297355831686	27	1666.0	1665.990967894112	0.6296986914309611	0.6260372067181047	0.8677685950413223	0.8110691573699211	True
17	2044-04-01	FGA	tropics	0.003913019705222609	1.7569656655336373e-05	0.14255612107498417	0.027448977116628828	0.9986112744476228	0.7626254631238729	6	78.0	77.68095332974215	0.14411590872880656	0.13020750796553113	0.23170731707317074	0.17696657085491088	True
15	2044-10-01	FGA	tropics	0.1918726956895343	0.036894404203950064	7.00828964519598	0.027377963155540894	0.025262054924262284	-555.2318958127648	17	500.0	499.82960025365867	0.32103507577851037	0.31279281720254665	0.6086956521739131	0.5992124915105494	False
16	2044-10-01	FGA	tropics	0.18333813672856514	0.03377671394919226	5.574422676234478	0.032889170301023896	0.8275152495606829	-122.43473418243028	38	1967.0	1966.958935848261	0.6400637253722989	0.6400766890177688	0.8677685950413223	0.7864853161728541	False
17	2044-10-01	FGA	tropics	0.19396797288052764	0.037926551759008956	2.7738579832585915	0.06992714625305498	0.6600193061447781	-175.2449576226215	26	375.0	374.81734182541646	0.4283922787232838	0.42098289042047876	0.9444444444444444	0.881258819213594	False
16	2045-04-01	FGA	tropics	0.06583138927788122	0.004346629410755041	3.005177037557055	0.021905993708575773	-0.1856709505230959	-4646.237553851357	12	228.0	227.9711494480803	0.5376332743183091	0.5155264179959712	0.6842105263157895	0.669280514462663	False
17	2045-04-01	FGA	tropics	0.24333873433626438	0.06606674229844456	33.819811478108285	0.007195153482560913	-0.7759791441152311	-4378.6049521180985	20	284.0	283.80576777144023	0.6138117499895835	0.6016406629138491	1.0	0.9582828791280406	False
17	2045-10-01	FGA	tropics	0.03122571536773761	0.0017449611633579517	3.724257208954823	0.008384414291434186	0.5846493271262417	-367.3289911037056	23	325.0	324.7981803175663	0.6659432948591092	0.6642920560096143	1.0	0.8963193821297043	False
18	2045-10-01	FGA	tropics	0.017151833917024555	0.00042330179557262764	1.9141373352026114	0.008960607790040851	0.7742301407669534	-74.18221441781851	5	63.0	62.69685376187145	0.40479230333899263	0.3665008976079439	0.52	0.3714295298899075	False
17	2046-04-01	FGA	tropics	0.09942726510690358	0.01208821887418097	12.33778205655813	0.008058763289148325	-0.8579901799043144	-846.8807439798109	27	396.0	395.4698202947641	0.5576598182376516	0.5393772575081323	0.8666666666666667	0.7932380950923648	False
18	2046-04-01	FGA	tropics	0.14911929173337182	0.02290953669842226	18.52321133283156	0.008050401685428301	-0.8337551285209641	-1171.7099284073822	18	245.0	244.5968255074454	0.34092522579475326	0.30609219968082146	0.52	0.3567151013284963	False
19	2046-04-01	FGA	tropics	0.22952470893652188	0.052916846202221736	15.254310674439449	0.015046547420928036	-0.7928729406409043	-11404.987540586646	21	666.0	666.0009231077602	0.5191991993908996	0.5103834626156568	0.7777777777777778	0.7295743722165449	False
20	2046-04-01	FGA	tropics	0.2580262989157565	0.06667529617241803	23.930681695250016	0.010782237723172423	-0.8127457640751965	-83344.72525996684	6	81.0	81.01205609058827	0.18520497346716858	0.1620894287179986	0.23809523809523808	0.17760094958322448	False
17	2046-10-01	FGA	tropics	0.1773997657822649	0.031773795297915415	18.5621782137774	0.009557055413388582	-0.47266216539621797	-26657.299489022163	6	86.0	85.66937265593519	0.346765916855545	0.3094525710105028	0.525	0.4018132498028435	False
18	2046-10-01	FGA	tropics	0.06374564271010141	0.004589348895769999	13.772503390583841	0.004628471738383004	-0.7697123718119795	-1232.4740952501388	12	167.0	167.18160241938878	0.3080021567453273	0.26799624845758374	0.4634146341463415	0.3356894876013973	False
19	2046-10-01	FGA	tropics	0.19417899738463557	0.04270012441357165	11.552099954733755	0.016808978293601586	0.5090967545007365	-404.1274132498774	47	1704.0	1704.0318846975322	0.61215262889675	0.6088537102212336	0.8125	0.7248692299927544	False
20	2046-10-01	FGA	tropics	0.011789955204628833	0.001113935689689917	1.0568767728497044	0.011155468175196097	-0.29789553636416205	-24.056655175260172	26	381.0	380.6722553343334	0.22194370328965152	0.20911960702540616	0.4642857142857143	0.2657793080829462	False
19	2047-04-01	FGA	tropics	0.2283874377943625	0.05274984655249799	14.401540566189905	0.015858542129203963	-0.847236168809687	-1799.5366051406086	26	932.0	931.9182995607492	0.6766164935568011	0.6744652468407645	0.8125	0.7304919763897274	False
20	2047-04-01	FGA	tropics	0.21912123114153315	0.05159932929726291	20.62243646411634	0.010625380348379818	-0.776757772403866	-2792.547501049024	17	253.0	252.65708411754818	0.24334183488623579	0.22704967330120732	0.4642857142857143	0.27270212073370725	False
21	2047-10-01	FGA	tropics	0.02212766822405028	0.001976930565542708	2.078066506056924	0.010648200218594996	-0.3284893914214926	-179.2444430386917	16	229.0	228.25970139450902	0.7895123595766977	0.7533552323431436	0.9375	0.822252693622438	False
21	2048-04-01	FGA	tropics	0.004052783028471899	2.4315156842305697e-05	0.47940149375939767	0.008453838966354812	0.11535936281395381	-1.0677826616463486	23	363.0	362.37920634178533	0.5951271068565225	0.563061777021256	0.9375	0.8390925614940671	True
22	2048-04-01	FGA	tropics	0.002604563665705251	1.1245644213390693e-05	0.08004646169785326	0.032538148600953117	0.9905887612716842	0.9731964621694943	26	2853.0	2852.9964624363683	0.839041256427072	0.8178243369469753	0.976878612716763	0.9708155336823735	True
21	2048-10-01	FGA	tropics	0.14104431729442518	0.02019392404845632	29.96891587299519	0.004706353672990866	-0.7623335568329755	-2430.0762065084314	7	121.0	120.43384536057724	0.24141363661280874	0.239852504579898	0.35443037974683544	0.38555215193527476	False
22	2048-10-01	FGA	tropics	0.19909118187658648	0.04120977741488257	5.7073200958771	0.03488347920426043	-0.7166274545635098	-74.80132419657338	32	3122.0	3121.978362146332	0.874678781307724	0.8624962446108967	0.976878612716763	0.9528809770641905	False
22	2049-04-01	FGA	tropics	0.09178210170986456	0.008433960894799166	2.644914805389059	0.03470134520887288	0.7325833640038557	-693.4187933700757	6	169.0	169.00942726410779	0.8685931940045015	0.8781326186752995	0.9310344827586207	0.9442645176495998	False
23	2049-04-01	FGA	tropics	0.08832855440328423	0.010399041946682399	3.3084692800381186	0.02669771030857707	0.5991656685626635	-828.7944867153972	6	115.0	114.98424525563476	0.9901960784313726	0.9856049166836978	1.0	1.0	False
23	2049-10-01	FGA	tropics	0.0031346657790932543	1.3356574118066795e-05	0.12648370666927888	0.024783158729602763	0.962315094571389	0.8223032473744145	32	1758.0	1757.980288595921	0.9973652955500383	0.9916478423998663	1.0	0.9990245000413969	True
23	2050-04-01	FGA	tropics	0.03587846213967384	0.0018308484180067342	2.197931053231752	0.016323743225211525	-0.6439227103183685	-16.05915614666807	45	2291.0	2291.00315043681	0.9718561519188122	0.9645687099016628	1.0	0.9990466518304382	False
23	2050-10-01	FGA	tropics	0.24937394577637675	0.06227619255912582	13.352501758334308	0.01867619643792397	-0.5270846185830043	-4166.608029587836	19	567.0	566.9874758314428	0.9346849394386084	0.9073136892350872	1.0	0.9948584108748354	False
25	2050-10-01	FGA	tropics	0.02783293606623617	0.0024728169770444545	1.0505030331394773	0.026494865020100074	-0.1617790655172883	-22.156914487757298	24	1458.0	1457.9898052685116	0.8777500732801343	0.8470606369653062	0.9642857142857143	0.9718465005193888	False
26	2050-10-01	FGA	tropics	0.06810178705175372	0.00469462277028901	2.4367047497777743	0.027948313006721293	-0.9247237757336231	-440.54417233510674	4	95.0	94.91433446937818	0.19263532354439605	0.15894140497031015	0.2336448598130841	0.18935791828382476	False
25	2051-04-01	FGA	tropics	0.03126826197389395	0.0010095755945420694	0.856856490358043	0.03649183069247489	0.9599780580938	-2.4096478305712767	39	2261.0	2260.54746511253	0.70364087146819	0.693729150885349	0.9642857142857143	0.9526446459566402	False
26	2051-04-01	FGA	tropics	0.08974984159677016	0.008073604280438622	2.759130723439214	0.03252830351035284	0.9408773692639816	-56.85274746112476	30	1371.0	1370.9789629281356	0.6210527771058699	0.6240788970836278	0.9565217391304348	0.9636632658804845	False
25	2051-10-01	FGA	tropics	0.21706176908644484	0.04794340720510548	6.438268070897402	0.03371431054069011	-0.9264430682347492	-1456.0991379130949	15	628.0	627.9530707147052	0.3830874488397723	0.3697898040145723	0.75	0.6908757442786816	False
26	2051-10-01	FGA	tropics	0.127651337834678	0.03189782697936166	3.885025856770997	0.03285726853328441	-0.8173240575709734	-230.67351980181496	36	1436.0	1435.9852999439645	0.781252278631927	0.7802864652974147	1.0	0.9318354461443198	False
24	2052-04-01	FGA	tropics	0.1344246405818478	0.018083757848596813	11.08937053057496	0.01212193606582268	0.4223508269678117	-2521.8234634622927	13	185.0	185.1529698680422	0.8082300617934102	0.7801183429708067	0.9166666666666666	0.8207111152299861	False
26	2052-04-01	FGA	tropics	0.2516584240390308	0.06333599843697635	15.090067819774742	0.016677090324885464	0.7888452909451291	-16589.820012538326	9	142.0	141.8382433724397	0.8787252469657011	0.8870573268965601	1.0	0.9222491648811699	False
27	2052-04-01	FGA	tropics	0.05453243821196878	0.0029737868173421926	2.450578043237121	0.02225288778803122			1	11.0	10.999998906696982	0.36666666666666664	0.23556120125916954	0.36666666666666664	0.23556120125916954	False
24	2052-10-01	FGA	tropics	0.1544637571924301	0.024177698561244063	6.743127150934466	0.02290684332876986	0.7796369557207037	-343.3486352911674	34	537.0	536.7677835243903	0.544026497710966	0.5293903383150301	0.9166666666666666	0.8323305944165397	False
27	2052-10-01	FGA	tropics	0.04858444494614451	0.0024469532103772386	2.0722546225220313	0.023445210071248366	0.43001021986890686	-32.29610890115265	24	1267.0	1266.900845330761	0.7185109651685453	0.6999982760123377	0.9270833333333334	0.9215360101368563	False
24	2053-04-01	FGA	tropics	0.17816135463299843	0.03178489263619552	9.359759205179873	0.019034822448680138	0.2669216808068406	-913.3062751309599	18	306.0	305.9695777992366	0.32048054986657176	0.31570733144025154	0.6551724137931034	0.5798792329375554	False
27	2053-04-01	FGA	tropics	0.1763828595476657	0.031313356098715155	6.386778163721022	0.027616875837269208	0.9079105589265074	-157.51857001004572	45	2035.0	2034.7597654578337	0.7831459372574933	0.7771173700839864	0.9615384615384616	0.9346556410675797	False
27	2053-10-01	FGA	tropics	0.1253135034774967	0.015749916970933118	6.851776403186678	0.018289199195002177	-0.7155637770455938	-1876.549523411924	20	628.0	627.6312334313383	0.8249763797376726	0.8141730943529313	0.9615384615384616	0.9431196256927774	False
28	2053-10-01	FGA	tropics	0.13417563299520954	0.02732330301117438	12.329875102264506	0.010882156703320283	0.8570529263793126	-2142.670012977833	21	413.0	412.86313673710845	0.8794276153446317	0.871269632802933	1.0	0.9644731368187902	False
28	2054-04-01	FGA	tropics	0.07111501039017736	0.00811667058640812	7.593329437893604	0.009365458323892335	-0.5928689857208764	-843.8951336740142	45	1152.0	1152.012967266192	0.8973324990340278	0.8921598702234939	1.0	0.9514082303696424	False
29	2054-04-01	FGA	tropics	0.010762950249026102	0.00011584109806301103	1.0	0.010762950249026102			1	10.0	10.133930060072553	0.30303030303030304	0.20829235798585616	0.30303030303030304	0.20829235798585616	False
28	2054-10-01	FGA	tropics	0.17486332195026263	0.035000144648152244	27.655225794303743	0.006322975746098588	0.8020809172267318	-10445.524767329387	50	1341.0	1340.993371487687	0.7308330240532699	0.7307660537182563	1.0	0.946301442918459	False
29	2054-10-01	FGA	tropics	0.030983878736875983	0.0034720580406677986	3.2365999027726873	0.009572971534211914	-0.43139630682417457	-2125.992922400649	21	430.0	430.0525478410827	0.45223067420820423	0.44043866328080017	0.6538461538461539	0.6184201570915799	False
1	2026-04-01	GARW	north	0.21495474663998754	0.04868277245953277	3.5885799625335317	0.05989966752426211	0.8608772978424767	-30.030954155308198	27	4443.0	4442.983006967906	0.9469430894547229	0.9412389042189502	1.0	0.9846030840758051	False
2	2026-04-01	GARW	north	0.09145396692506436	0.008384800164651015	6.192396137509992	0.01476875265958658	0.9816690326993709	-97.66802811209689	3	39.0	38.810563628795364	0.029897284941839474	0.02541589225395054	0.037122969837587005	0.02701656428570922	False
3	2026-04-01	GARW	north	0.11307934901723055	0.01278693917416064	37.93449374062577	0.0029809109827694563			1	11.0	10.783034410682408	0.025522041763341066	0.02511087770950666	0.025522041763341066	0.02511087770950666	False
1	2026-10-01	GARW	north	0.1437786855261837	0.03353851711541028	2.412546774286624	0.0595962271316784	0.9741806308670478	-19.39648071867847	24	4383.0	4382.958813147978	0.9458217283247355	0.9439547045883515	1.0	0.9668417515971206	False
2	2026-10-01	GARW	north	0.035186475293147106	0.0018510166555198119	1.6751407192456729	0.021005086252689154	0.9993659969425928	-18.17702366522499	3	39.0	38.765268526067956	0.029897284941839474	0.028190818546303602	0.037122969837587005	0.030970625927232202	False
3	2026-10-01	GARW	north	0.05685377717464554	0.0032323519790242463	1.8907246659372614	0.030069834174645545			1	11.0	10.873372020774745	0.025522041763341066	0.027549223999404168	0.025522041763341066	0.027549223999404168	False
3	2029-04-01	GARW	north	0.006146544234889218	3.7780006031449876e-05	0.3683952609334597	0.016684645234889217			1	10.0	10.094585970202541	0.050505050505050504	0.04235723879346282	0.050505050505050504	0.04235723879346282	True
4	2029-04-01	GARW	north	0.021271971302741315	0.0008162115762486214	0.19333953345621643	0.11002390934991345	0.775754954478156	0.2976174265830104	15	2621.0	2621.0216742322436	0.9241010133638176	0.9265831220768477	0.9629629629629629	0.9513851802831796	True
5	2029-04-01	GARW	north	0.037337708290073206	0.001468747768009889	1.2616398587131121	0.029594585199740057	0.8396647704260658	-10.632114176581815	5	57.0	56.81429844440876	0.03878469119632561	0.036748976866424324	0.051181102362204724	0.046061029739587686	True
4	2029-10-01	GARW	north	0.052610726119208855	0.004007331413801859	0.46812163216690184	0.11238687235126806	-0.14917452941311432	-0.6904368366383076	24	3163.0	3162.9943723917804	0.9090565361802961	0.8959077326727197	0.9629629629629629	0.9724261127709829	False
5	2029-10-01	GARW	north	0.0565647119747848	0.004680792329041345	0.81954469483104	0.06901967925794013	-0.9886733598017287	-7.803123133003858	6	71.0	70.95730260154507	0.04573053768276176	0.03352900361162803	0.08045977011494253	0.06034891238238262	False
4	2030-04-01	GARW	north	0.005218315262744155	4.2443726399558126e-05	0.08314291540789928	0.06276319800843032	0.7886604977555356	0.6013199707357205	8	384.0	384.04083102852496	0.8809744613572938	0.8640167515692679	0.9375	0.937699128840806	True
5	2030-04-01	GARW	north	0.0029606602580817937	1.847930044445347e-05	0.17685681025452496	0.016740436819034192	0.9816038616212137	0.6040849994888726	6	77.0	76.93776158573894	0.9888888888888889	0.9731056931718611	1.0	0.978103493417219	True
5	2031-04-01	GARW	north	0.014525358721608752	0.00021098604599141546	1.0421760897252406	0.013937528278391247			1	11.0	10.472066377345547	1.0	0.9671116022583084	1.0	0.9671116022583084	True
6	2031-04-01	GARW	north	0.0021144448596809315	6.86816667892212e-06	0.027976182138246857	0.07558017921216731	0.9989534146573099	0.9958464231114579	16	3966.0	3965.986976019958	0.9875242902091474	0.981152528969812	1.0	0.9997211482484865	True
6	2031-10-01	GARW	north	0.14240953305739285	0.03078207854075359	1.9273134550465503	0.07389017737851741	-0.5606041465249508	-9.152467911705966	23	4404.0	4403.854351134398	0.9913212453628851	0.9839013921942452	1.0	1.0	False
7	2036-04-01	GARW	north	0.0018163029021900335	5.70707233948901e-06	0.04975716277346295	0.0365033454672525	0.9964812099904389	0.9654736288192994	15	813.0	812.9446407284913	0.9764893492412674	0.9786366272624837	1.0	0.9893254247377995	True
7	2036-10-01	GARW	north	0.02205307051840526	0.0007461758689870299	0.5656340044437022	0.03898823328363069	0.7233840322182618	-0.06519903383808767	24	1186.0	1185.987278778297	0.9558444894356558	0.9632776997119029	1.0	0.9887675215012145	True
7	2037-04-01	GARW	north	0.0044991410483492	2.7669046594717063e-05	0.11314936317585551	0.039762849052510214	0.8894425828403063	0.27810574414669953	6	218.0	217.99475980938718	0.9202407003117775	0.9053747259109751	0.9838709677419355	0.9537755037817753	True
8	2037-04-01	GARW	north	0.01094071378912485	0.00024284505131745668	0.2870325408334054	0.038116632202600594	0.9760645620906234	0.2110276503611782	16	775.0	774.9918652446015	0.6605664529258612	0.6706548171822292	0.813953488372093	0.7891743971503585	True
9	2037-04-01	GARW	north	0.010020765529989909	0.0001725652123346146	0.22945406059562318	0.043672208301643166	0.9883787507369476	0.05647824804036339	10	439.0	438.9818073073841	0.3764738213190145	0.3762458516976701	0.4722222222222222	0.5025800929613833	True
8	2037-10-01	GARW	north	0.04490652245730802	0.0025543592411345906	0.9303248761940559	0.04826972126233997	0.06738496994829823	-2.0995726204363163	22	953.0	953.0297132359931	0.5906297484550195	0.5957051010049687	0.813953488372093	0.7807067758776014	True
9	2037-10-01	GARW	north	0.046672495039110966	0.0027236869415976227	1.0810820648979054	0.043172018623321255	-0.3621728101813838	-2.385717635176758	20	771.0	770.8584623518441	0.518741018076737	0.5108906229126607	0.8888888888888888	0.7848903885798733	True
8	2038-04-01	GARW	north	0.022525555685312913	0.0005078148495373491	0.46107062351344696	0.04885489236695203	0.9946271981022899	-14.994074264585565	4	94.0	94.00426729047513	0.40939168694041256	0.35887482537154186	0.45652173913043476	0.40874594387749863	True
9	2038-04-01	GARW	north	0.015125477267328167	0.00024335015568540031	0.36116549153293626	0.04187963031332081	0.9735958367306434	-2.094824518494935	8	206.0	205.58579218183033	0.6770474930145095	0.6917744768991813	0.8888888888888888	0.8019405438252658	True
9	2039-10-01	GARW	north	0.1994050873012882	0.042518341624728326	11.668122558856043	0.017089731985197636	-1.0	-825.735702441854	2	24.0	23.60965322656318	0.3956756756756757	0.2915455924642058	0.44	0.3109460883586273	False
10	2039-10-01	GARW	north	0.11557350156255966	0.021972231654149393	3.344951909227317	0.03455161828896282	-0.9802448021016114	-81.73148562128212	13	193.0	192.98374303324331	0.6259092703753174	0.6281728187862922	0.8333333333333334	0.7385037063291553	False
10	2040-04-01	GARW	north	0.0006904970066125635	8.722570263535884e-07	0.04020857123333542	0.017172880941367503	0.9666428233607689	0.7846657900761149	3	49.0	49.14926505441029	0.5618401206636501	0.5225275595663943	0.6470588235294118	0.5525365547617501	True
11	2040-04-01	GARW	north	0.012783421304600332	0.0019239869794179952	0.043288193882446785	0.2953096481529105	0.8435715738802116	0.6479123700569211	24	3124.0	3119.4472671044305	0.6161103821172041	0.6199013591463912	1.0	0.849173811245879	True
12	2040-04-01	GARW	north	0.006606373287170873	5.185221988512479e-05	0.09651856186345237	0.0684466610320728	0.9968002810462668	0.9700433000283777	18	2699.0	2699.011775522046	0.5539488152264459	0.5288583421618624	0.9066666666666666	0.9442756631741047	True
11	2040-10-01	GARW	north	0.09311408706978082	0.010700353894019759	1.2608903702950003	0.07384788500525678	0.8731544477356236	-5.479386343418388	22	3095.0	3094.8982638910647	0.5969110867115913	0.5896557408798974	1.0	0.9296079185396313	False
12	2040-10-01	GARW	north	0.04151543726681302	0.0027673371032794106	0.5509961568462959	0.07534614670351328	0.6524119274158715	-0.383998685298649	19	2724.0	2724.0210309790336	0.5701656652417509	0.5495332529383198	0.9066666666666666	0.8546086806512514	False
13	2042-04-01	GARW	north	0.00349910776469851	2.313342423358481e-05	0.1381361743219911	0.02533085762562237	1.0	0.6591565629083159	2	23.0	22.64255997264239	0.5	0.4664808184546778	0.7333333333333333	0.7085055041488386	True
14	2042-04-01	GARW	north	0.004698980969122699	4.26285655585238e-05	0.08641519962301478	0.054376787759814756	0.8381664699323441	0.5773977175716067	7	183.0	182.91476009757733	0.7737562249780295	0.7817143202336503	0.9285714285714286	0.9039094401352418	True
13	2042-10-01	GARW	north	0.001791219771816243	3.2800894835388326e-06	0.09236280423747958	0.019393302169677846	1.0	0.8891570624284151	2	23.0	22.635690396503733	0.5	0.41477324819415706	0.7333333333333333	0.5163054898387116	True
14	2042-10-01	GARW	north	0.0013256493473186555	3.0258330585947808e-06	0.03225322564380858	0.0411012951683836	0.9982229778529007	0.9946235665258175	23	705.0	704.7942234400374	0.9009613541414679	0.8963301247195397	1.0	0.9989259266144919	True
14	2043-04-01	GARW	north	0.012847611255398392	0.0017759404875595784	0.04541210269818704	0.2829116136899624	0.7813958125133904	0.4655643138737552	33	1258.0	1257.777161372369	0.6381296567372666	0.6317570384422755	1.0	0.9915844971720287	True
15	2043-04-01	GARW	north	0.002578641208031258	7.875696065862152e-06	0.04670115036702643	0.0552157963511734	0.9989448946890175	0.9896605731393256	16	2448.0	2447.9999919401284	0.6797607723707915	0.6614655247665627	0.8982035928143712	0.9899748908113587	True
14	2043-10-01	GARW	north	0.053674264365811616	0.0044544141629602255	0.9494533131172764	0.05653175740636104	0.5484713423664631	-4.068578049785592	19	822.0	821.7399334351054	0.39513490224939823	0.3889206729438645	1.0	0.7170160358685099	False
15	2043-10-01	GARW	north	0.08644267996076858	0.011618963805221564	1.5609303493707067	0.05537894755881848	-0.06493115043006475	-5.755088810678757	23	2828.0	2827.993191752274	0.762822671624973	0.7379492158398392	1.0	0.995641178996068	False
15	2044-04-01	GARW	north	0.00431747562574058	2.104543230908376e-05	0.07585284141979214	0.05691910210517216	0.9924957951087929	-0.2817712461687656	5	168.0	168.0599793469344	0.9640716000665606	0.9612316448822739	1.0	0.9664256477765533	True
16	2044-04-01	GARW	north	0.008541933768442402	0.00012447864767589569	0.38522101385469903	0.02217411164299651	0.925533741744909	-0.1507413979668657	6	78.0	77.31761467565096	0.8490259740259741	0.819325032046982	1.0	0.8582409658076974	True
16	2044-10-01	GARW	north	0.05016601065594394	0.0031646440453465957	2.64142823771033	0.01899200210694702	-0.5271161581800625	-27.971314384544634	11	139.0	138.77429129747608	0.812024131542848	0.8006390228464142	1.0	0.8895798073362897	True
16	2045-04-01	GARW	north	0.017445227779682063	0.0003045599850608837	4.737623356380204	0.003682274099773762	1.0	-485.33403506557283	2	27.0	26.977757916755163	0.7712418300653594	0.7439727803991335	0.7777777777777778	0.7645975436419459	True
17	2045-04-01	GARW	north	0.014583972451695374	0.00038246400787000977	0.3053089453400711	0.047767917299150496	0.9626274930932607	0.4640086558023788	17	2048.0	2047.9900830092367	0.787571115115506	0.7719332361308492	0.9655172413793104	0.8825494386001462	True
18	2045-04-01	GARW	north	0.018232593593453975	0.0005122544622926212	0.2643004444929926	0.06898434706922098	0.9902590718532304	0.32723058425481477	12	660.0	659.9516496389217	0.2354163938756049	0.22634811598869212	0.3933649289099526	0.3637647041116978	True
17	2045-10-01	GARW	north	0.004347012220058695	3.226089010465837e-05	0.07056968157738706	0.061598864029048225	0.9959841107094564	0.9781630239571675	24	2417.0	2416.997766121441	0.7323551237950277	0.7263414884198497	0.9655172413793104	0.8643394007717317	True
18	2045-10-01	GARW	north	0.007582739911312089	9.920248179526112e-05	0.10628683792045007	0.07134222881846723	0.9933089199027002	0.939016412504303	20	892.0	891.9849133139443	0.30404690391407063	0.3058536427067259	0.5555555555555556	0.5234801969364965	True
17	2046-04-01	GARW	north	0.018100201682456192	0.0004719362237209896	0.2856120139230355	0.06337339047416155	0.9964794038762342	-13.54523201246511	4	112.0	111.98632289462805	0.5715511429797144	0.5485896846986812	0.6666666666666666	0.6037012568070859	True
18	2046-04-01	GARW	north	0.018129547485188073	0.00043669346663813383	0.45158247828328535	0.04014670266682734	0.8768555109703847	-52.92153773328044	5	86.0	86.11641183567754	0.44030152601581174	0.45083921207201094	0.5555555555555556	0.5332809085257034	True
19	2046-04-01	GARW	north	0.0013336691289832833	1.7786733456030294e-06	0.09947420108535633	0.013407186128983284			1	11.0	11.000004946807167	1.0	0.8626612688269251	1.0	0.8626612688269251	True
19	2047-04-01	GARW	north	0.12164001068083456	0.02318209732824495	3.6856798288672126	0.033003412213974216	0.33581315720341354	-120.0445259278356	10	181.0	180.94404414201483	0.13230131505173165	0.13613389387463234	0.25	0.23927298232227698	False
20	2047-04-01	GARW	north	0.06815179105049841	0.009544140312805207	1.7902393757428123	0.038068535400312395	0.914941262746578	-166.23133075117943	6	111.0	111.00008351759675	0.09784163172558863	0.09202487915220982	0.13432835820895522	0.11564359238564459	False
21	2047-04-01	GARW	north	0.17579338872542147	0.0310602434669149	3.4515156227988104	0.05093223034084714	0.9860609615039491	-73.33931078859162	13	1272.0	1272.0057930578948	0.75159565612986	0.7491652676125061	0.8601036269430051	0.83269893167261	False
19	2047-10-01	GARW	north	0.004153431683280071	2.8901065581587297e-05	0.11954471373388859	0.034743750296861976	0.9877061081503291	0.949416573388653	11	193.0	192.63771018699407	0.12633452883490756	0.12596143372772503	0.25	0.22440950901032458	True
20	2047-10-01	GARW	north	0.005885792577137125	4.629662674030932e-05	0.12244006100890231	0.048070807288385656	0.9942963892264554	0.9359183044604307	11	183.0	182.88056502910274	0.10156733377604764	0.09395463942645822	0.13636363636363635	0.11035314886870798	True
21	2047-10-01	GARW	north	0.0018028447775188354	4.426769878897614e-06	0.032335008679719474	0.05575519695621978	0.99851841854204	0.9969483451211538	24	2045.0	2045.0099654619928	0.8004132424253544	0.796231002408208	0.9473684210526315	0.896086248791191	True
20	2048-04-01	GARW	north	0.03246391309601218	0.0010717937746277093	3.642681554790407	0.008912091987102093	1.0	-26.28960405677238	2	31.0	31.06819802815312	0.1253246753246753	0.08753751916383493	0.13636363636363635	0.09400846507412361	True
21	2048-04-01	GARW	north	0.001943972422169548	4.73849335299116e-06	0.0385666084850351	0.05040558396323241	0.9811445107721448	0.9163613708864038	9	470.0	470.01203308919656	0.8606989325988041	0.8237330902813761	0.9473684210526315	0.874068797294059	True
22	2048-04-01	GARW	north	0.002361121444198792	1.0113378902058193e-05	0.04808963100506671	0.04909834812311255	0.994248131298274	0.9804344604830281	16	1785.0	1785.000601171832	0.8680739128505414	0.8642246669036601	0.9423076923076923	0.9051341840099751	True
23	2048-04-01	GARW	north	0.006787315921092982	4.6067657412722274e-05	0.39372776770139856	0.01723860107890702			1	12.0	11.879798408698433	0.05660377358490566	0.0371258012053521	0.05660377358490566	0.0371258012053521	True
24	2048-04-01	GARW	north	0.0016146098646947118	3.784918945637226e-06	0.028582238514509976	0.056489972395795514	0.9997914803688894	0.9917254160859978	10	225.0	224.91002037058297	0.11949889198742616	0.11571711389090637	0.1509433962264151	0.1611283148046131	True
22	2048-10-01	GARW	north	0.06757249877637501	0.006964934340819455	0.9994723185254604	0.06760817435751092	0.1663413583772766	-3.259401949499919	24	2193.0	2192.96293911704	0.7903734260059613	0.7772373186998376	0.9423076923076923	0.8877255304944333	False
23	2048-10-01	GARW	north	0.026940224846229092	0.0007257757147653794	4.2276877168377585	0.006372330846229092			1	12.0	11.681938877875105	0.05660377358490566	0.03991550203967309	0.05660377358490566	0.03991550203967309	False
24	2048-10-01	GARW	north	0.07386889343898467	0.008452884567918057	1.2863258162226119	0.05742626985121545	-0.7181938993390943	-9.98120366304337	16	357.0	356.6820803441823	0.18173926185297512	0.17694687739042697	0.3870967741935484	0.40538814405507095	False
22	2049-04-01	GARW	north	0.010666446268023133	0.00019216613057249232	0.14381798989878522	0.07416628667616518	0.9105701590135349	-0.6998445631988013	6	188.0	187.93716872899918	0.5845695567149629	0.5574186088286495	0.7058823529411765	0.68653790357637	True
23	2049-04-01	GARW	north	0.012233925283229743	0.0002601205740775009	0.2437292140467868	0.05019474309255883	0.9888805289979259	0.14214365303029597	16	1563.0	1563.000054895327	0.9759262051162163	0.9574780195190509	1.0	1.0	True
24	2049-04-01	GARW	north	0.006024658081540928	4.4989963464996165e-05	0.1766562649952368	0.03410384614269622	0.6760090529989315	0.2502474219373123	4	79.0	78.65695447372855	0.33250486879721003	0.31133096433782137	0.3870967741935484	0.38263861173365127	True
23	2049-10-01	GARW	north	0.016832649491551374	0.0004099642387739377	0.3371847001636362	0.04992115443963639	0.9984328915687244	0.7010909415247618	28	2362.0	2361.9600104653123	0.975330014301783	0.9632116671386617	1.0	0.9931018617492006	True
23	2050-04-01	GARW	north	0.013692612308252255	0.0009491546577699063	0.15247731433566453	0.08980098034852091	-0.8071585475252834	-2.637945882945299	11	515.0	514.7644969525528	0.9003677034684752	0.8948586409495781	1.0	0.9888688880843451	True
25	2050-04-01	GARW	north	0.006170681588963534	8.329672055079547e-05	0.11432001215908237	0.05397726498118897	0.965859008269281	0.323276048903432	8	322.0	321.97006230944095	0.8304291123668934	0.8051677156007623	0.94	0.9972939935518483	True
23	2050-10-01	GARW	north	0.007643683223129085	5.8425893215545036e-05	1.0188775604616365	0.007502062583129084			1	11.0	10.696437922243819	0.1896551724137931	0.21598482970117946	0.1896551724137931	0.21598482970117946	True
25	2050-10-01	GARW	north	0.0023270654005532474	7.162092196866196e-06	0.0495024644240754	0.047009081823035155	0.9989239658684712	0.9912345401522813	24	1233.0	1232.992221554402	0.9269724925648909	0.8915120916567957	1.0	0.9988629495186376	True
25	2051-04-01	GARW	north	0.17771713091551675	0.03322420786296694	0.9398607490017469	0.1890887890618639	0.6661459247927868	-15.805858250574826	29	1184.0	1184.1335657124164	0.6134971984296776	0.6428000329139569	1.0	0.9973911988076427	False
26	2051-04-01	GARW	north	0.03830208884312431	0.002362266945930124	0.6688852431375233	0.05726257117508179	0.9866432712205739	-1.5920523290059796	16	2529.0	2529.057627862747	0.7672314588404554	0.7219290565682275	0.9411764705882353	0.9975867286492659	False
25	2051-10-01	GARW	north	0.04623833039633629	0.003396071860222163	0.7599125840725338	0.06084690708572715	0.5885727004598805	-2.47481536619675	17	484.0	484.00355562524896	0.2468864831527475	0.2717483937140444	0.5416666666666666	0.5568947243932307	False
26	2051-10-01	GARW	north	0.08015240118520657	0.009843533852531384	1.4134295323895425	0.05670774477854655	0.1051255655680146	-4.356338670268865	23	2977.0	2977.0015160911853	0.8175207695620554	0.8056276268517372	0.9745222929936306	0.9820214774450314	False
24	2052-04-01	GARW	north	0.010245016065600989	0.00016031827805513388	0.3270176826595815	0.03132863025106149	0.9756442964066314	-0.056501792331967504	5	80.0	79.88450300737428	0.7884545454545455	0.7069464250129035	0.9375	0.7942426314572117	True
26	2052-04-01	GARW	north	0.0021822953409846497	8.065091413940086e-06	0.0366957536430003	0.05946996925626356	0.9857979310633093	0.6912655085060488	5	120.0	120.11437409481297	0.9162307248314951	0.9664483240403839	0.972972972972973	0.9796516641293124	True
24	2052-10-01	GARW	north	0.20476897387856113	0.05039045364550279	6.799744752440979	0.03011421477329027	-0.9362080875355505	-215.14776239030746	13	201.0	200.78181126536484	0.6295397010732764	0.5845008370981548	0.9375	0.7631361267030871	False
27	2052-10-01	GARW	north	0.2588196544919995	0.07378999104357134	13.40673553295566	0.01930519579921481	-0.31275347317164365	-724.9886566040644	10	137.0	136.61599911048023	0.5859572402793818	0.5523053810655842	1.0	0.9328526257878549	False
24	2053-04-01	GARW	north	0.004162352674652864	2.0946052618532445e-05	0.1754329298512114	0.023726176597421298	0.8356367133986043	0.34339570474954584	6	84.0	83.9603985495198	0.5115026856587656	0.4878369718550344	0.6551724137931034	0.5677225447488052	True
27	2053-04-01	GARW	north	0.01201681738131251	0.0002734186976281337	0.2353918450549142	0.05105027057547013	0.94417049223709	0.6590684781260319	33	3699.0	3698.8605485389994	0.8858433112147429	0.8800749171317559	1.0	0.9950352666628923	True
27	2053-10-01	GARW	north	0.12917118198798333	0.02009965283813492	2.3374062541574756	0.05526261502818792	0.7062714884378409	-15.220903100468686	26	3632.0	3631.9417597135407	0.9672034174547957	0.9491450458253171	1.0	0.9859299700504079	False
1	2025-10-01	GARW	south	0.05624606242553759	0.00418376747827401	1.485364571680946	0.03786683989768618	0.9789134656614007	-26.25580143210775	12	471.0	470.99980381319585	0.9951862100772514	0.9950560677443417	1.0	1.0	False
1	2026-04-01	GARW	south	0.031812644950835994	0.0017140686180492817	0.8104398004390387	0.03925355706074919	-0.8564615873090837	-1.7966430381957674	23	845.0	845.0072672720013	0.9908623238580799	0.9866333481387863	1.0	0.9968906828966965	True
1	2026-10-01	GARW	south	0.002160111454517501	7.491045668428262e-06	0.0665360125217824	0.0324652977034103	0.9734077240169625	0.8948969981796234	10	282.0	281.6718803499156	0.8923070625922032	0.8896760187883721	1.0	0.9964739014602755	True
3	2026-10-01	GARW	south	0.003339476931277476	1.7735064015235586e-05	0.05611098204030152	0.059515567360394935	0.9782735994527695	0.9411293566287746	14	1046.0	1045.9805512380408	0.8861444462389001	0.8916824441290325	0.9666666666666667	0.9668614891966715	True
1	2027-04-01	GARW	south	0.1446299730100987	0.020917829092901876	8.879376379505493	0.01628830301009871			1	12.0	11.93065281701036	0.07547169811320754	0.05291927542926176	0.07547169811320754	0.05291927542926176	False
3	2027-04-01	GARW	south	0.1597568812651215	0.0377410428014657	3.060418178011939	0.052200997371182875	-0.6383309993352095	-27.931690353578023	27	1877.0	1876.911069238494	0.9315600442797212	0.926204528653443	1.0	0.9945827030203895	False
3	2027-10-01	GARW	south	0.41523673070381545	0.1834778333352981	8.73997178736363	0.047510076783562435	-0.8176603128185821	-2420.20868219128	11	584.0	583.8296640340424	0.9819288234949173	0.9840370627192908	1.0	0.9912819927371626	False
3	2028-10-01	GARW	south	0.027118359756592676	0.0014135998593976533	0.40944135770019724	0.06623258556222693	0.5509909129537642	-2.8800586297467605	14	657.0	657.1301026149793	0.9347486816584745	0.9226200878461179	1.0	0.9423411309494002	True
4	2028-10-01	GARW	south	0.01598587534281815	0.00025554821047612126	2.6001953551706833	0.006147951657181849			1	16.0	15.981563093753058	0.18823529411764706	0.09920453178754736	0.18823529411764706	0.09920453178754736	True
3	2029-04-01	GARW	south	0.010615107614494024	0.0002405215483516124	0.16104843487597884	0.06591251645921657	0.8673862205598192	0.7215149566048509	22	961.0	961.1541545104934	0.8638069179252661	0.8579734701598544	1.0	0.9746108879376568	True
4	2029-04-01	GARW	south	0.007587232895496153	8.712659404412047e-05	0.33626835042860614	0.022563030049737063	0.6513801017446501	0.39749643613201113	7	97.0	96.94714172846484	0.23598814627611706	0.22704889022186356	0.3076923076923077	0.3154097354163702	True
3	2029-10-01	GARW	south	0.014191517713919624	0.0003491723005651963	0.20466931826849574	0.06933876476445024	0.7749052405619354	0.0830114205766539	6	172.0	172.04350787683245	0.7180062651374127	0.7008401300074628	0.7704918032786885	0.7748005028283862	True
4	2029-10-01	GARW	south	0.00984730619071296	0.00014453441125432574	0.14567709691919314	0.06759680415772731	0.9589342019885179	0.8748663189522304	25	1371.0	1371.1601773469185	0.37121007778424725	0.37242224805916785	0.75	0.7289067411876229	True
5	2029-10-01	GARW	south	0.010033331849478442	0.00012866395195780295	0.1664779139629377	0.06026824586300451	0.9876644812124383	0.9244020722559089	20	3375.0	3375.02104385504	0.6863510575530343	0.6771960037707945	0.9634146341463414	0.9201384731667032	True
4	2030-04-01	GARW	south	0.06762357147214987	0.007242791491240745	0.9881978759127482	0.06843120504553747	0.7817354640972662	-4.504455059789715	21	1322.0	1322.2051207662169	0.39082557878467983	0.3918379327560696	0.75	0.7203647201399733	False
5	2030-04-01	GARW	south	0.0800252851792814	0.008657243709657586	1.3465214081577304	0.059431127269465076	0.7487979297256548	-3.205473385375395	23	3430.0	3429.912191218561	0.7106500441440905	0.7146588466134488	0.9634146341463414	0.956122447750691	False
6	2031-10-01	GARW	south	0.24023473975587514	0.09725201508249173	7.486815646603465	0.03208770605495838	0.8203317603533737	-331.0246681401598	21	1801.0	1800.9046887306858	0.9996693121693122	0.9996313146058602	1.0	0.9999947382477374	False
6	2032-04-01	GARW	south	0.07557836203205852	0.008096268040825036	1.7318801139921909	0.04363948833492946	0.10786096703464637	-10.556971030672933	27	2070.0	2069.9378447453823	0.9992354416821693	0.9992792636525428	1.0	1.0	False
6	2032-10-01	GARW	south	0.20917160155787975	0.04457267131297075	4.805094692048964	0.04353121321500656	-0.9792782715528281	-5806.222755695506	3	84.0	83.70819846685646	1.0	0.9990582426919655	1.0	0.999965016027825	False
7	2035-10-01	GARW	south	0.001376051675995219	2.33648919592846e-06	0.030717049814031987	0.04479765095691641	0.9929584860352256	0.9847441896133897	13	720.0	719.9454073231137	0.9991055456171735	0.998901413785387	1.0	1.0	True
7	2036-04-01	GARW	south	0.20044468056543388	0.05175172519658496	4.478102652303823	0.04476107318851038	-0.7974884755609678	-57.646682609337375	27	1379.0	1378.8970996573926	0.9952965108391465	0.9954583701118077	1.0	0.9995246212242045	False
7	2036-10-01	GARW	south	0.009567120543564105	0.00023742101129230938	0.24951725168359304	0.03834252132472165	0.8285615370761187	0.5094021526079682	23	617.0	616.7626404086811	0.6739680284730677	0.6640187185524901	1.0	1.0	True
8	2036-10-01	GARW	south	0.008716698004490502	0.00012038421461936764	0.1959042204303414	0.04449469228045518	0.9082831011708035	0.06807610374693718	12	468.0	467.9191359323323	0.6863652481181862	0.6813067204515814	0.8387096774193549	0.8765584912088923	True
7	2037-04-01	GARW	south	0.0043605341331509504	3.538123848283508e-05	0.1294281282557768	0.033690776432566745	0.9867524346333076	0.8882316539497425	14	199.0	198.7084109533743	0.2903310441607516	0.2722829898495532	0.7333333333333333	0.5695308006756009	True
8	2037-04-01	GARW	south	0.006946930452585399	7.241679322915474e-05	0.1305218811973892	0.05322425932613939	0.9950000944101002	0.9204313641962473	25	957.0	956.940041326759	0.7991447249989304	0.792650575709641	1.0	0.9221400208286791	True
7	2037-10-01	GARW	south	0.012903602146007033	0.0001665029483424373	0.39452898267978553	0.03270634785399297			1	11.0	10.751253552671068	0.18333333333333332	0.11171092231471084	0.18333333333333332	0.11171092231471084	True
8	2037-10-01	GARW	south	0.0072470090221482845	7.399835027961279e-05	0.18374246744677883	0.03944112171154655	0.9085558674994619	0.7641666996197098	12	322.0	321.5155517512162	0.7921555898482238	0.7875786433554822	1.0	0.9546912342287686	True
9	2037-10-01	GARW	south	0.006628025274479746	8.6257297465903e-05	0.17917302413308558	0.036992316820843536	0.9607849300718307	0.39695304536120113	14	750.0	749.9112233079084	0.8661017199364174	0.8702371443307894	0.9487179487179487	0.9525624597880374	True
8	2038-04-01	GARW	south	0.0687220117378695	0.004817726218351185	1.8898514010964478	0.03636371182305582	1.0	-28.22367253689295	2	23.0	22.380044414127138	0.14471214017521902	0.11799435191323282	0.16176470588235295	0.12295074485483327	False
9	2038-04-01	GARW	south	0.047580723038722274	0.0029437193089248276	1.1419346946769244	0.04166676366040686	-0.2146605780553036	-2.8627365224104837	24	1206.0	1205.7361160214869	0.8989121309389465	0.9085316567946257	1.0	0.9933968073350933	False
9	2038-10-01	GARW	south	0.40523287760244975	0.16632876875085298	10.431071746929241	0.03884863295296042	-0.7704579945019134	-4335.592188401873	7	225.0	224.80392273463016	0.9420827290798082	0.9527397628875258	1.0	0.971573481551207	False
9	2039-10-01	GARW	south	0.005566499882744605	5.645133834445908e-05	0.18002992464758943	0.030919858982561315	0.9986548156127015	0.716184550548524	5	64.0	63.74037024318869	0.04294302868504581	0.041129281840457374	0.05357142857142857	0.0487474159643987	True
10	2039-10-01	GARW	south	0.08353037809192267	0.010640513883675939	0.4308398467459506	0.19387802387084513	0.9901546130606014	-0.6908252112792383	5	65.0	64.87239721229683	0.04363153466242352	0.05138796400497869	0.052805280528052806	0.07845205533142675	True
11	2039-10-01	GARW	south	0.004374709191740898	2.5651348909995438e-05	0.06370638943895719	0.06866986546039781	0.9898028711162717	0.9708941322152236	16	2651.0	2650.9811549900396	0.8630644971056474	0.8592324684558816	0.9517426273458445	0.9634491610426048	True
9	2040-04-01	GARW	south	0.023556960642143455	0.0009993828821642393	0.29738319756735754	0.07921416150893254	0.991737578343271	0.3308812194792743	5	64.0	63.60398936416942	0.04294302868504581	0.0377122198581384	0.05357142857142857	0.06084953675072777	True
10	2040-04-01	GARW	south	0.004426250854417034	3.4928710078107e-05	0.13726030258461622	0.03224713024137772	0.9995663977339333	0.9228464136996759	6	81.0	80.54426987560063	0.06199679229127394	0.06546092362277582	0.1111111111111111	0.10079413630155641	True
11	2040-04-01	GARW	south	0.002540685512449355	8.976982157734612e-06	0.038820932430674915	0.06544627739136415	0.998151351106431	0.9961517746491331	25	3328.0	3327.995716791457	0.9054082464298767	0.8840411873193869	1.0	1.0	True
11	2040-10-01	GARW	south	0.012704203726558373	0.00017175128610337804	0.20822626646379083	0.06101153299392971	0.9430121214763274	-8.258246970019432	6	196.0	195.87803397746129	0.9783910533910533	0.935583501602157	1.0	0.9394471511139808	True
12	2040-10-01	GARW	south	0.014428689012057672	0.00042674807337478483	0.43874722164512764	0.03288610913125746	0.8693670809750499	-1.5945066902929788	15	659.0	658.9927936291688	0.9890419539231099	0.9791041838830229	1.0	0.9940837457593987	True
12	2041-04-01	GARW	south	0.00383513270657672	2.0363228745237573e-05	0.11587005194908	0.03309856724895661	0.999135559654767	0.962099101359991	24	961.0	960.9521116478129	0.9596217832515498	0.9491538376621501	1.0	0.997181586232331	True
12	2041-10-01	GARW	south	0.019674738977180518	0.0013215087107769513	0.15881721590728204	0.12388291070828673	0.4971875765629297	0.19501823174391297	19	437.0	436.9997123140883	0.4126043856533822	0.4049731363283441	0.96875	0.9621918459808723	True
13	2041-10-01	GARW	south	0.014386056458686618	0.0003005827287332974	0.2834194276288538	0.050758893203064356	0.9926266417967151	0.3476335017000266	17	1784.0	1784.0193853313217	0.8627136841460136	0.8483349470876622	1.0	0.9579941130993779	True
12	2042-04-01	GARW	south	0.03994708362020947	0.001926795349402013	0.9721929069738798	0.04108966783614143	-0.2494273138739299	-2.910752727576003	12	235.0	235.0419512323539	0.13534915318530938	0.14730588426905458	0.21621621621621623	0.18110224800214297	False
13	2042-04-01	GARW	south	0.048692348787029466	0.003024118673710849	0.9959210672804192	0.0488917750479911	0.06438263404856506	-1.4672937514870155	24	2175.0	2174.980585998912	0.8756796790510233	0.840972410979854	1.0	0.917129546958029	False
13	2042-10-01	GARW	south	0.0038694193476529566	1.7895671091068388e-05	0.08104082207170382	0.04774654610770541	0.9900061394762592	-0.6121359490025293	5	195.0	195.1743422454339	0.9052730213089802	0.878543847287417	0.9722222222222222	0.887227367286183	True
14	2042-10-01	GARW	south	0.0021790420410957656	8.782570022038612e-06	0.06962647070076333	0.031296172549959166	0.9924554353150665	0.9337791431935558	15	433.0	432.9922947179811	0.9845272336500407	0.9804589362556627	1.0	0.9979976087884425	True
14	2043-04-01	GARW	south	0.0013490970821090874	3.5324076977153156e-06	0.03135170925414298	0.043031053623681155	0.9973631948165492	0.993202623487391	24	638.0	638.1042004178571	0.9708134706911272	0.9634398150252554	1.0	0.9924516868292521	True
14	2043-10-01	GARW	south	0.19604581000560434	0.039621312357779215	3.802414803590252	0.05155823868045571	-0.7156879220604092	-258.8360894640108	7	147.0	147.02776223191591	0.942622230710466	0.9214303150386771	1.0	0.9760999850981408	False
15	2043-10-01	GARW	south	0.032222927876128175	0.0012023642331270461	0.6867533298057924	0.046920672208812624		-0.17788948776423963	22	3468.0	3468.2406163437095	0.9458101294138864	0.9377779908904255	1.0	0.9900884302791404	False
16	2043-10-01	GARW	south	0.03427403462802631	0.002052834377296672	0.8037027063831554	0.04264516512861733	0.9390307861493676	-3.5918979584547595	9	175.0	174.83942108389527	0.10736828037186202	0.11122540793050598	0.21739130434782608	0.18778613918015435	False
15	2044-04-01	GARW	south	0.1391162331188816	0.02419880419981964	2.1534786121924894	0.06460070340668267	0.4512484749218457	-13.680336324624319	26	3611.0	3610.7827241972186	0.9068580637251104	0.8837715032942732	1.0	0.9929935912678377	False
16	2044-04-01	GARW	south	0.06656571111665656	0.0056968724058826725	1.0253142909138449	0.06492225038366303	-0.8274493957807081	-5.364487401792293	13	236.0	235.99585564751587	0.1689098241230296	0.1891064841590973	0.37777777777777777	0.44226173496038307	False
15	2044-10-01	GARW	south	0.005145486838053118	2.647603480057787e-05	0.07596481616593562	0.06773513183805312			1	22.0	21.84858513484629	0.6875	0.5705108286711927	0.6875	0.5705108286711927	True
16	2044-10-01	GARW	south	0.002805592843968051	7.871351206124736e-06	0.15494066086604283	0.01810753115603195			1	10.0	10.349440152140932	0.3125	0.4227330883641406	0.3125	0.4227330883641406	True
17	2044-10-01	GARW	south	0.10031415425565157	0.011743705700904042	4.556852253281781	0.02201391414071122	1.0	-1068.2918328495434	2	37.0	36.99997697973671	0.975	0.9496031448046511	1.0	1.0	True
17	2045-10-01	GARW	south	0.012825817767420575	0.00022350678790620813	0.2970079220508227	0.04318341975142965	0.936137454863825	0.6969859272444252	24	1001.0	1000.9625777579704	0.4302870319930788	0.42244537158359546	1.0	0.9816405861842417	True
18	2045-10-01	GARW	south	0.01894425108103766	0.0004693853471314653	0.37968158903475546	0.049895100600475875	0.9936237339780264	0.600565754761329	19	1711.0	1711.1269618021033	0.4468602087122296	0.4515025738835685	0.5085227272727273	0.48419385223481787	True
19	2045-10-01	GARW	south	0.018056765131954474	0.00042738214676495205	0.3152262979686903	0.057281912227221454	0.9985989569794104	0.5679405490056555	15	1005.0	1005.0645722700008	0.28137782694864466	0.27611985637951286	0.39568345323741005	0.40722991157420635	True
17	2046-04-01	GARW	south	0.08257313313939442	0.009775035325768263	1.6957821013145569	0.048693244890003484	0.4312562946394614	-9.888597328554226	22	974.0	973.5284582091408	0.330372153650097	0.31764594132789353	0.7333333333333333	0.603014563388594	False
18	2046-04-01	GARW	south	0.0516553113198643	0.0040675467356162944	0.9373170270871601	0.0551097545729967	0.3714019765647725	-1.79517146138862	20	1747.0	1747.105510054138	0.44625198803466387	0.4427485092198129	0.5085227272727273	0.4768469478875701	False
19	2046-04-01	GARW	south	0.09236797054398062	0.014666964301943489	1.6171576340159781	0.057117481067444284	-0.4377842521978146	-9.695467610842954	20	1106.0	1106.0048622574122	0.34366952997352795	0.3319190646856599	0.8	0.5160969017529919	False
19	2046-10-01	GARW	south	0.0024927572545364505	1.0818926433487715e-05	0.04460635088819579	0.055883460648562276	0.9915667702512401	0.5249652000453461	3	41.0	40.61723872041682	0.5739873652917131	0.493431561257141	0.8	0.4975238011531628	True
21	2047-10-01	GARW	south	0.002124260730193925	5.649556322610966e-06	0.0527937100595595	0.04023700413927018	0.9937770110506114	0.9810620863817061	18	1462.0	1461.976426380485	0.870400696573498	0.8625577600547837	1.0	0.961590316808931	True
22	2047-10-01	GARW	south	0.008822982315101174	8.111348672984978e-05	0.16233507281615753	0.054350438029452164	0.9979804104053615	0.5971922966154759	8	257.0	257.03170448911544	0.18512219989560677	0.1863395303536851	0.37222222222222223	0.29273557308612286	True
21	2048-04-01	GARW	south	0.002691440548202962	1.1945461607277496e-05	0.05966638979252393	0.04510815146620776	0.9971859921407823	0.9855862808104844	25	1749.0	1748.9047520703673	0.7284741409324	0.7116892868543724	1.0	0.9461710359872957	True
22	2048-04-01	GARW	south	0.004945045958690281	4.074543046868121e-05	0.0745315401226677	0.06634836675253832	0.986946111320102	0.9503931170073021	22	835.0	834.9203732726478	0.5293064516076466	0.5274006720990633	1.0	0.8829146404848256	True
21	2048-10-01	GARW	south	0.001028554422098274	1.3039623575294382e-06	0.022928700035662133	0.04485881975421689	0.9818700760961139	0.9426459604256613	5	152.0	151.94451706030586	0.3117737033780756	0.3129853833399764	0.45528455284552843	0.3842886279204423	True
22	2048-10-01	GARW	south	0.03281976347503078	0.002432426655994166	0.8757047431627203	0.03747811546217962	0.8069332872569227	-3.996593951015286	32	1085.0	1085.1974974334753	0.594957688560783	0.5821155936307025	1.0	0.9206444589139127	True
23	2048-10-01	GARW	south	0.07691265657753552	0.006211466915008792	2.0872459576925304	0.036848870778297335	0.9810428343650279	-38.17692159123846	4	55.0	54.87939825234591	0.08101892102319785	0.06991383793784325	0.0967741935483871	0.0878289568637256	True
24	2048-10-01	GARW	south	0.03679015401907982	0.0019356801923830584	0.8427860427773213	0.043653017672007674	0.9267744973133155	-5.298854026669236	15	1040.0	1039.9775643217972	0.5701558900361675	0.5511807136504014	0.7202380952380952	0.7358636302343894	True
22	2049-04-01	GARW	south	0.0026191502733332555	9.466161701705706e-06	0.06804075402369496	0.03849384550355138	0.991051639218278	0.9788724815245083	21	671.0	670.7890293560424	0.4399236613405689	0.43365563664538875	0.8571428571428571	0.7696793071936714	True
23	2049-04-01	GARW	south	0.009099237900462999	0.00018822764941483542	0.11988364132629555	0.07590057992730616	0.9622530418287385	0.7505200312535251	8	110.0	109.75797582847521	0.13126433064146906	0.14749074394014688	0.26785714285714285	0.2521784087995379	True
24	2049-04-01	GARW	south	0.0044613419841252645	2.567227231116322e-05	0.09772304867483411	0.045652914482539685	0.9989550460325081	0.9752700515667654	25	1401.0	1400.900229217663	0.6102708515844477	0.5862973562915773	0.8082191780821918	0.6621025838663266	True
23	2049-10-01	GARW	south	0.014468719303069004	0.00034354918794429317	0.3465419186676371	0.041751714651714976	0.6855599333638849	0.41607946605125057	23	3092.0	3091.99759526627	0.9320084652400963	0.9177926352361723	1.0	0.9998003421463452	True
24	2049-10-01	GARW	south	0.007090463470244278	5.430416121179762e-05	0.15302096402300505	0.04633654947552352	0.9844374211270355	-1.79856963604515	8	212.0	211.99521871891503	0.6698103157306924	0.6254154634563289	0.8082191780821918	0.7363220759580846	True
23	2050-04-01	GARW	south	0.2798282605438898	0.09382832086889611	4.996009230597795	0.05601035699255646	-0.5609780151184801	-67.26494511848307	29	3425.0	3424.9700583762847	0.9891087472087589	0.9807825685079916	1.0	1.0	False
23	2050-10-01	GARW	south	0.0017745585715976061	4.772525444907648e-06	0.032037007863574	0.055390896027318295	0.9013720444912819	0.5774474073167692	6	171.0	170.8304213850167	0.9611497270785301	0.9744710173339132	1.0	0.9774354059896317	True
25	2050-10-01	GARW	south	0.001323737997304085	2.458601863643173e-06	0.03924728889059913	0.033728138547199346	0.9904675216020135	0.9745932437992482	13	446.0	445.8811914821453	0.9616227226981814	0.9457647310264622	1.0	0.98633487400632	True
25	2051-04-01	GARW	south	0.19587194118149312	0.049700219905995865	5.734893769027261	0.03415441489768283	-0.8374176115997296	-98.49885256445363	22	723.0	722.7205151502393	0.9058742195353626	0.8860111352345105	1.0	0.9987326704424091	False
25	2051-10-01	GARW	south	0.10191176433117809	0.010459648409808798	2.809849328837495	0.03626947654639601	0.9517498198880852	-347.80611042241384	7	181.0	180.9620773879941	0.7924180363681993	0.7636050582387718	0.9534883720930233	0.9298535704145872	False
26	2051-10-01	GARW	south	0.2049900410608774	0.04484733194106112	3.977327797685197	0.05153963954899104	0.878056501199884	-39.95246921487619	26	3683.0	3682.9917395955026	0.9774692787456483	0.9785027536873473	1.0	0.9991734036657846	False
26	2052-04-01	GARW	south	0.08863549280381243	0.011252505238363618	1.472325249805115	0.06020102746695726	0.5553629995471491	-6.70021854931151	27	3707.0	3707.180098549923	0.9782155664817004	0.9618592234780837	1.0	0.9943640475668493	False
24	2052-10-01	GARW	south	0.11082510928477939	0.016668244482874326	0.7943062777210763	0.13952440310901842	0.866225041584403	-4.845267081737872	9	133.0	132.99516169732323	0.10117196021028223	0.10816898845850263	0.17142857142857143	0.1557698424897766	True
26	2052-10-01	GARW	south	0.005931544900975458	3.518322491228796e-05	0.10395028438540957	0.05706136290097546			1	11.0	11.270769899212626	1.0	0.881138967995436	1.0	0.881138967995436	True
27	2052-10-01	GARW	south	0.12928318083205573	0.022900871625396262	2.483792305656185	0.05205072120468657	0.9964697097248902	-67.88557544563751	12	1419.0	1418.9904256320244	0.8746489572579513	0.8662896235917508	0.9425837320574163	0.9491150569520473	True
24	2053-04-01	GARW	south	0.006893915704639654	6.276873123742743e-05	0.34857445601467557	0.01977745524861239	0.9761609933257906	0.6096320733838112	10	147.0	146.81508046880447	0.09905476418925399	0.07714568985648898	0.17142857142857143	0.11267196743301114	True
27	2053-04-01	GARW	south	0.004783295778518981	3.156403327558131e-05	0.0863130702023827	0.05541797745466986	0.9995076159365639	0.9763044387867836	23	2134.0	2133.9782937140467	0.9218044330637136	0.9262619874994615	1.0	0.9723443338358357	True
27	2053-10-01	GARW	south	0.007887496036531348	8.322008801470661e-05	0.16281152594421908	0.04844556299554422	0.9440253417178964	-0.6207421096189425	9	420.0	419.9299979273084	0.9801872995990644	0.9646935053027816	1.0	0.9690791774223778	True
28	2054-10-01	GARW	south	0.0049711132394960715	3.7041352379981124e-05	0.21353578808208662	0.02328000043526706	0.9425164858367039	0.6528080839245975	10	176.0	176.06103952881858	0.23342774925917104	0.23298837261584815	0.35714285714285715	0.3031872527018044	True
29	2054-10-01	GARW	south	0.0022581398041479042	8.724091369040746e-06	0.04985431737252522	0.04529476930301663	0.9833028876908856	0.944875836257852	12	647.0	646.9227495256948	0.7370551862029502	0.7186322933599376	0.8529411764705882	0.81882742366654	True
0	2025-04-01	GARW	tropics	0.4549167731086691	0.22652152008905702	53.736959146489895	0.00846562180544197	0.21040249740780329	-13045.044437366552	9	131.0	130.19065288358314	0.5606510781860177	0.5205799161599701	0.8461538461538461	0.7549146362999486	False
1	2025-04-01	GARW	tropics	0.30236020544796555	0.10790986824051174	8.719110661702631	0.03467787222566595	-0.9198898347907003	-19730.284413084242	6	131.0	130.41913582360883	0.6010138541232096	0.5614402846378855	0.723404255319149	0.7082412027381153	False
0	2025-10-01	GARW	tropics	0.005638722313943657	4.220010540531319e-05	0.21713240078532126	0.02596905065089139	0.7200228604003132	0.2340106092581815	18	242.0	241.27614140876332	0.3589925880691667	0.33626611298891484	0.8461538461538461	0.7664457818429876	True
1	2025-10-01	GARW	tropics	0.003477704403200285	1.562143857987594e-05	0.11151348726082068	0.031186401650826565	0.983384619223125	0.954734771596723	32	2700.0	2699.7592655106273	0.8641342088768679	0.8566706369382667	1.0	0.9947299440819114	True
0	2026-04-01	GARW	tropics	0.0192461999900137	0.0004185873050327827	1.1085461354916777	0.01736165899985512	0.8617292693933961	-6.930730804001866	8	94.0	93.8279661516168	0.1192018883348833	0.1337990219378715	0.15384615384615385	0.196648863761759	True
1	2026-04-01	GARW	tropics	0.027207311625209646	0.0012095654491927285	1.0013984523592692	0.02716931663026832	0.49708135856750874	-3.0903776250036854	33	2710.0	2709.8558035929727	0.954141268784228	0.943881760623675	1.0	0.9940308416020164	True
1	2026-10-01	GARW	tropics	0.3319730333870418	0.11504862023848081	11.920991487735206	0.027847770357741553	0.16955761100714994	-27188.44027344385	7	126.0	125.91264611040282	0.978312629399586	0.9735061823095565	1.0	0.9920720484349114	False
3	2028-04-01	GARW	tropics	0.0011935114355404943	2.1151874650526662e-06	0.08597712262556763	0.013881732710901065	0.9376251358134833	0.8762598064264908	32	1303.0	1303.0012654020998	0.9986161642411642	0.998559512731213	1.0	1.0	True
3	2028-10-01	GARW	tropics	0.02739398915899291	0.0012130650631103092	1.0033342177188163	0.02730295516211534	-0.5314083573900025	-10.071273121276967	46	1985.0	1984.7825186669045	0.9686156184892508	0.9647472010877006	1.0	1.0	True
3	2029-04-01	GARW	tropics	0.004911241157865112	4.18708010659967e-05	0.16679874926952212	0.029444112616991345	0.37559506799506487	0.016910095039103346	20	660.0	659.7678990818557	0.9315452112545655	0.9373720052593507	1.0	1.0	True
4	2029-04-01	GARW	tropics	0.007229828542410646	0.00010078913901904661	0.22160871198557938	0.032624297472931066	0.3006210781195303	-0.09345364449211901	11	256.0	255.85250409491826	0.6048615829839535	0.6072391769611367	0.8	0.690807425826588	True
5	2029-04-01	GARW	tropics	0.007323344648201098	0.00011149674740101455	0.14735330093029872	0.049699223580102876	-0.09416982761982683	-0.06167518963925489	7	164.0	164.19947548777333	0.448580169989814	0.4291661207350743	0.5606060606060606	0.5450769440550135	True
4	2029-10-01	GARW	tropics	0.0064515451423099125	6.565335784583302e-05	0.18057955365842365	0.035726886082094164	0.9247284439350535	0.7669292111155309	27	677.0	676.9557463957279	0.38099148274024347	0.3795296018471974	0.8	0.6901840748261137	True
5	2029-10-01	GARW	tropics	0.004711329058310852	3.963369050177928e-05	0.09769014566153947	0.04822727027794471	0.960420190593406	0.8833589677275506	33	2331.0	2330.663782963067	0.7541816002895805	0.7443366802243804	1.0	0.9506096268619627	True
4	2030-04-01	GARW	tropics	0.11590715500311108	0.013829700703223206	5.273404085895756	0.021979570143906915	0.5805151873798887	-178.34256797372737	15	394.0	393.8722823197072	0.2185352975512235	0.22441595349926283	0.35135135135135137	0.3940137592679023	False
5	2030-04-01	GARW	tropics	0.10108396657347557	0.014375863588061378	3.917073027689577	0.025805994899487063	-0.7018379681244259	-60.600454351110955	33	2274.0	2274.0653220346767	0.8770239073326797	0.8710365285680688	1.0	0.9694384789833937	False
6	2031-04-01	GARW	tropics	0.0017804266912517534	4.418765141965564e-06	0.05520623660216353	0.032250463006239016	0.9763931646369562	0.9495181135059839	19	1669.0	1668.9649240060166	0.9996975196612221	0.9897352328213822	1.0	1.0	True
6	2031-10-01	GARW	tropics	0.0013254880599834372	2.4643347012332113e-06	0.04054256574110468	0.03269373893225439	0.9979570928154522	0.9944973230317935	38	2947.0	2946.9615281448764	0.9998487598306111	0.9977184229112414	1.0	1.0	True
7	2036-04-01	GARW	tropics	0.20991300615706016	0.07031777382625685	25.369213273732957	0.008274320685159051	0.2062275742844768	-5811.64476240002	46	1046.0	1045.9019442450935	0.9717734297838266	0.9623711883315442	1.0	1.0	False
7	2036-10-01	GARW	tropics	0.005596396143974068	4.8443848816837954e-05	0.6245292081564467	0.008960983843324348	-0.041217944171448494	-11.284296175301337	23	368.0	367.5370190406182	0.8842473426594408	0.8619905628892848	1.0	1.0	True
8	2036-10-01	GARW	tropics	0.014738733730917462	0.00021976426450629494	1.03881429656743	0.014188035127759489	0.821069938429587	-29.28695036314104	21	506.0	505.96975351200916	0.7978468038347393	0.7830426173656619	0.9642857142857143	0.9486682256572196	True
7	2037-04-01	GARW	tropics	0.0020046686595852625	6.267409146596217e-06	0.2885461326750081	0.006947480602150843	-1.0	-3.5722382956486296	2	25.0	24.641797641372904	0.4930555555555555	0.38451776813005	0.5416666666666666	0.4761640035402425	True
8	2037-04-01	GARW	tropics	0.002478500576187275	1.0664405313917013e-05	0.16797772339729364	0.01475493610736248	0.9894406701069252	0.8744650460282308	47	1391.0	1390.8168874791093	0.8876260267685279	0.8817836059414573	1.0	0.9832201260196598	True
8	2037-10-01	GARW	tropics	0.0021729481577200324	9.623127147912524e-06	0.15198662597057633	0.01429696951191417	0.821039309960566	0.4288057530724755	28	803.0	803.0289899839998	0.9363626860416051	0.9446334525216142	1.0	0.9771726775429488	True
8	2038-04-01	GARW	tropics	0.008241368763240569	9.407250943656351e-05	0.5048333996147839	0.016324927727700254	-0.8935066372892321	-12.838009554187709	3	35.0	34.900044616243534	0.7900452488687782	0.8456823927325464	0.9230769230769231	0.9167957425409071	True
9	2038-04-01	GARW	tropics	0.0008251171874498713	6.80818373025186e-07	1.113795022612363	0.0007408160125501288			1	11.0	11.02610325548427	0.9166666666666666	0.9344785730023076	0.9166666666666666	0.9344785730023076	True
9	2038-10-01	GARW	tropics	0.001046645735032168	1.713408595759491e-06	0.2459419574748902	0.004255661562501091	0.6367801692969086	0.3513514422399231	12	141.0	140.73125984714596	0.7378320209202562	0.6772943117566393	1.0	0.9365555617377329	True
10	2038-10-01	GARW	tropics	0.0010167393055653456	1.603267412183142e-06	0.07090730658463187	0.014338992052276163	0.8237223882381807	0.6302929241446089	8	101.0	100.9728962166542	0.5666452991452993	0.532248148884654	0.64	0.6287303348388557	True
9	2039-04-01	GARW	tropics	0.0008678025282883188	1.1717646065857422e-06	0.2857908789537012	0.003036494836593105	0.16255675478668133	0.004771842695563411	24	290.0	288.5771550444708	0.4884364899193756	0.43626632192891973	1.0	0.8446854717034926	True
10	2039-04-01	GARW	tropics	0.0008412039291077362	1.1332557862012497e-06	0.06157564310282254	0.01366130967894311	0.9750255640213098	0.9505321939863856	34	574.0	573.9734956919419	0.6124474470169229	0.6053460237813263	0.7931034482758621	0.6499456482564362	True
9	2039-10-01	GARW	tropics	0.0017991711721034882	6.506940853406064e-06	0.5257479139207375	0.003422117567117411	0.40937872316056384	-4.160120972886165	19	234.0	233.28779264127903	0.4061456365174678	0.35213322906577793	0.5416666666666666	0.3764304185275742	True
10	2039-10-01	GARW	tropics	0.0018629006467178382	6.110942299028186e-06	0.21873842840454874	0.008516567757689433	0.9605104885748249	0.6967422047139415	32	547.0	547.0033273546064	0.6041924242466266	0.6003016319224077	0.7931034482758621	0.670840199800658	True
11	2039-10-01	GARW	tropics	0.002067566470057859	5.495363855913195e-06	0.12691022608061658	0.016291567148769306	-0.827932921172891	-4.336853919623114	8	150.0	150.08826704827607	0.6653891941391941	0.6461840599014108	0.8	0.8101125764941757	True
9	2040-04-01	GARW	tropics	0.0020164363753916556	4.7323605911363355e-06	0.5839850016684097	0.0034528906900533735	0.8006260496176125	-3.629104557174357	4	52.0	51.99638493704096	0.4457799145299145	0.3544209152530991	0.48148148148148145	0.35863699023658996	True
10	2040-04-01	GARW	tropics	0.001640745706497676	3.5864339376871524e-06	0.14189741563650468	0.011562900558391678	0.12485585404897614	-0.07159664494233353	6	72.0	71.97139331378753	0.4847262238566586	0.4826615353273756	0.5652173913043478	0.5581333998255378	True
11	2040-04-01	GARW	tropics	0.0014530117609529336	5.8827247339464605e-06	0.07268310636101631	0.019991052029832597	0.9745180497758031	0.9111148472612774	37	1158.0	1158.0036857249133	0.7191745095221267	0.7025410950493347	0.9318181818181818	0.8970458464690865	True
12	2040-04-01	GARW	tropics	0.0067101418346882675	4.8624885908410616e-05	0.22617517139151666	0.029667897645019536	0.7012637275775575	-28.16399169724348	9	261.0	260.84903148316425	0.40694277499016834	0.4007927773287147	0.6907216494845361	0.629567614761054	True
11	2040-10-01	GARW	tropics	0.018419721084255165	0.0012149754362448565	0.6308616813903661	0.029197717388159714	-0.7906423181208677	-18.07909797817115	32	1055.0	1054.8520420665009	0.6019925826754844	0.6070050027619891	0.9318181818181818	0.8805757570744226	True
12	2040-10-01	GARW	tropics	0.03488859945379771	0.002717476103065891	1.1356254193984885	0.030721925432311385	0.5474927438793928	-6.955241545782471	35	2619.0	2618.9568718220335	0.7895334108742146	0.7696502118743532	1.0	0.9946950834862255	True
11	2041-04-01	GARW	tropics	0.008996412207787888	8.907032740861584e-05	0.5375076898925517	0.01673727162784644	0.9892056577479926	-4.212822215690097	6	100.0	99.97441916887416	0.12879551548769827	0.14670826785170843	0.18888888888888888	0.1992775360624507	True
12	2041-04-01	GARW	tropics	0.005510929453659418	3.452299994932772e-05	0.21781970780842877	0.02530041707018655	0.9827626079755498	0.8205912442139431	28	2265.0	2265.0825999004405	0.9304529372592356	0.9173047159523574	1.0	0.9956188939988063	True
12	2041-10-01	GARW	tropics	0.012561159489719649	0.00016180536182354985	0.438118354761447	0.02867069903190687	-1.0	-199.3500617125581	2	23.0	22.916144096177458	0.8846153846153846	0.8746269618227529	0.9230769230769231	0.8992882372804265	True
13	2041-10-01	GARW	tropics	0.0018696763198698945	5.255081343164299e-06	0.17520417480848244	0.010671414205247436	0.5198755831274204	0.011504754297051112	21	384.0	383.972646563624	0.9385236448666412	0.9355618950119232	1.0	0.9695842734695974	True
13	2042-04-01	GARW	tropics	0.010441786060902123	0.00017232916517140502	0.1578277316942319	0.06615938750948759	0.5950436937433136	0.05543529351115961	45	910.0	909.8387483068838	0.7308197969855181	0.7254376460903037	1.0	0.962435510364018	True
14	2042-04-01	GARW	tropics	0.0020219989574205488	9.389816777715249e-06	0.09494273992448155	0.02129703607699618	0.7310714221357933	-0.11929336642224264	17	745.0	744.9980638374836	0.6588229927101157	0.6372644787209222	0.9367088607594937	0.9981374333516017	True
13	2042-10-01	GARW	tropics	0.003126167998824393	1.649100891495692e-05	0.2477677717560841	0.012617331046194178	0.6868247695395717	-1.8481897892375119	22	460.0	459.96404656040994	0.5146784715195868	0.5083494362340759	0.9166666666666666	0.9369334998973511	True
14	2042-10-01	GARW	tropics	0.0018750365384621432	6.835131330055184e-06	0.08052520771052617	0.023285087884561153	0.9910646600154306	0.9688723609893991	44	2074.0	2073.9775690718748	0.8240411180185624	0.8170398033036155	1.0	0.9880965279353616	True
14	2043-04-01	GARW	tropics	0.0015476739231347265	4.286035619542189e-06	0.07007663656669864	0.022085448145926025	0.9573546617479284	0.8855996515590757	27	1201.0	1201.029252089588	0.955781949300965	0.9616567505275698	1.0	0.9814715611217047	True
14	2043-10-01	GARW	tropics	0.001198250215150399	1.4358035781079772e-06	0.05778151068733217	0.0207376062151504			1	11.0	11.069597587813462	1.0	1.0	1.0	1.0	True
15	2043-10-01	GARW	tropics	0.0024923693540341726	1.1906006991993479e-05	0.17934588999930828	0.013896997327587408	0.7820233183090386	0.19198271333347516	20	447.0	446.8998893533441	0.9152971245138659	0.8884288486261817	1.0	0.9693862651958963	True
16	2043-10-01	GARW	tropics	0.004558156180579715	2.0776787766557057e-05	0.1919050510614505	0.023752142819420285			1	16.0	15.9742360469127	0.3404255319148936	0.2248365792281031	0.3404255319148936	0.2248365792281031	True
15	2044-04-01	GARW	tropics	0.0015518043868850934	4.63096205973685e-06	0.045592309445211456	0.034036538305871646	0.9873814266400079	0.9692607099989256	39	1057.0	1056.8665352161909	0.6353738521106246	0.6277774559181355	1.0	0.9859715065901192	True
16	2044-04-01	GARW	tropics	0.0014712203645367082	3.311764662145466e-06	0.05581179675207398	0.02636038347004188	0.9968320270791194	0.9778680679055146	27	1666.0	1665.990967894112	0.6296986914309611	0.6260372067181047	0.8677685950413223	0.8110691573699211	True
17	2044-04-01	GARW	tropics	0.0025868563218892767	8.184586878779345e-06	0.0942423577715811	0.027448977116628828	0.9983525222553193	0.8894222830881223	6	78.0	77.68095332974215	0.14411590872880656	0.13020750796553113	0.23170731707317074	0.17696657085491088	True
15	2044-10-01	GARW	tropics	0.004517660409575514	2.8075410103279652e-05	0.16501082947294443	0.027377963155540894	0.9674833589766465	0.5767260937148802	17	500.0	499.82960025365867	0.32103507577851037	0.31279281720254665	0.6086956521739131	0.5992124915105494	True
16	2044-10-01	GARW	tropics	0.01125515527727431	0.00015748431884165438	0.34221463096391697	0.032889170301023896	0.8907354350804729	0.4244841264499155	38	1967.0	1966.958935848261	0.6400637253722989	0.6400766890177688	0.8677685950413223	0.7864853161728541	True
17	2044-10-01	GARW	tropics	0.016322541399993413	0.00030404795980776424	0.2334221010667987	0.06992714625305498	0.6463345832041841	-0.41291304656598693	26	375.0	374.81734182541646	0.4283922787232838	0.42098289042047876	0.9444444444444444	0.881258819213594	True
16	2045-04-01	GARW	tropics	0.0037828076387854486	1.5192237375752092e-05	0.17268368142115154	0.021905993708575773	0.3226791016306791	-15.242915921225325	12	228.0	227.9711494480803	0.5376332743183091	0.5155264179959712	0.6842105263157895	0.669280514462663	True
17	2045-04-01	GARW	tropics	0.004116230586792605	2.0654969439060385e-05	0.5720837778887169	0.007195153482560913	0.7139528284229741	-0.36923061882660124	20	284.0	283.80576777144023	0.6138117499895835	0.6016406629138491	1.0	0.9582828791280406	True
17	2045-10-01	GARW	tropics	0.0031198940755331425	1.288156748421131e-05	0.3721063829969061	0.008384414291434186	0.5871927374811794	-1.7190603750534925	23	325.0	324.7981803175663	0.6659432948591092	0.6642920560096143	1.0	0.8963193821297043	True
18	2045-10-01	GARW	tropics	0.004359868250181032	2.4647483570064193e-05	0.48655943350480646	0.008960607790040851	-0.14619611960115486	-3.3776152475740897	5	63.0	62.69685376187145	0.40479230333899263	0.3665008976079439	0.52	0.3714295298899075	True
17	2046-04-01	GARW	tropics	0.05216947257170907	0.005643307640740695	6.473632578581732	0.008058763289148325	-0.5139314636494675	-394.82770056869657	27	396.0	395.4698202947641	0.5576598182376516	0.5393772575081323	0.8666666666666667	0.7932380950923648	True
18	2046-04-01	GARW	tropics	0.008057554324350312	0.00011774629714318693	1.0008884822399555	0.008050401685428301	0.43851114464071006	-5.02728259024682	18	245.0	244.5968255074454	0.34092522579475326	0.30609219968082146	0.52	0.3567151013284963	True
19	2046-04-01	GARW	tropics	0.0024536821695735163	1.096449115448552e-05	0.1630727701798702	0.015046547420928036	-0.6337696470068916	-1.3633466178051177	21	666.0	666.0009231077602	0.5191991993908996	0.5103834626156568	0.7777777777777778	0.7295743722165449	True
20	2046-04-01	GARW	tropics	0.002298211165756486	1.0578213805144853e-05	0.21314788495317005	0.010782237723172423	-0.701006682107087	-12.22302190101869	6	81.0	81.01205609058827	0.18520497346716858	0.1620894287179986	0.23809523809523808	0.17760094958322448	True
17	2046-10-01	GARW	tropics	0.0025368802344017494	7.389859693938763e-06	0.26544580152248637	0.009557055413388582	0.45281155485135915	-5.200112106714487	6	86.0	85.66937265593519	0.346765916855545	0.3094525710105028	0.525	0.4018132498028435	True
18	2046-10-01	GARW	tropics	0.0013616085052157798	2.6668042894601335e-06	0.2941810131245328	0.004628471738383004	0.8644434294894288	0.28324603710498075	12	167.0	167.18160241938878	0.3080021567453273	0.26799624845758374	0.4634146341463415	0.3356894876013973	True
19	2046-10-01	GARW	tropics	0.0009594099166327842	1.4780520333096056e-06	0.05707722979200871	0.016808978293601586	0.9937352214319487	0.9859766357797046	47	1704.0	1704.0318846975322	0.61215262889675	0.6088537102212336	0.8125	0.7248692299927544	True
20	2046-10-01	GARW	tropics	0.000673540186662182	6.910834504238223e-07	0.060377581297733574	0.011155468175196097	0.9942224928411595	0.9844549017731724	26	381.0	380.6722553343334	0.22194370328965152	0.20911960702540616	0.4642857142857143	0.2657793080829462	True
19	2047-04-01	GARW	tropics	0.0008836140774260634	1.226321304158211e-06	0.05571849355552441	0.015858542129203963	0.9843337051633266	0.9581413683241119	26	932.0	931.9182995607492	0.6766164935568011	0.6744652468407645	0.8125	0.7304919763897274	True
20	2047-04-01	GARW	tropics	0.0009927328997066396	1.1929923158593668e-06	0.09343034010617923	0.010625380348379818	0.9842736850222961	0.9354123251575597	17	253.0	252.65708411754818	0.24334183488623579	0.22704967330120732	0.4642857142857143	0.27270212073370725	True
21	2047-10-01	GARW	tropics	0.0018792661995689491	5.249741856831764e-06	0.17648674527054617	0.010648200218594996	0.9102430919966753	0.5213606316912871	16	229.0	228.25970139450902	0.7895123595766977	0.7533552323431436	0.9375	0.822252693622438	True
21	2048-04-01	GARW	tropics	0.003902618751394434	2.3809419343843716e-05	0.46163864333427135	0.008453838966354812	0.18408368933026087	-1.0247742929384573	23	363.0	362.37920634178533	0.5951271068565225	0.563061777021256	0.9375	0.8390925614940671	True
22	2048-04-01	GARW	tropics	0.0021938966283975587	9.061017536418313e-06	0.06742536753714667	0.032538148600953117	0.9917231499752813	0.9784034314342729	26	2853.0	2852.9964624363683	0.839041256427072	0.8178243369469753	0.976878612716763	0.9708155336823735	True
21	2048-10-01	GARW	tropics	0.004046321712143626	2.024093137458223e-05	0.8597572544037488	0.004706353672990866	0.7440950818162213	-1.4367352548341592	7	121.0	120.43384536057724	0.24141363661280874	0.239852504579898	0.35443037974683544	0.38555215193527476	True
22	2048-10-01	GARW	tropics	0.026670212090210033	0.0025318800704114096	0.7645513778612059	0.03488347920426043	-0.04674303015977786	-3.657143864474939	32	3122.0	3121.978362146332	0.874678781307724	0.8624962446108967	0.976878612716763	0.9528809770641905	True
22	2049-04-01	GARW	tropics	0.008430489709864568	7.992092421992193e-05	0.24294417576955932	0.03470134520887288	0.7708664697400468	-5.5803710088391405	6	169.0	169.00942726410779	0.8685931940045015	0.8781326186752995	0.9310344827586207	0.9442645176495998	True
23	2049-04-01	GARW	tropics	0.005790017594744083	4.2709809343160545e-05	0.21687318979125886	0.02669771030857707	-0.5066946728626448	-2.408041289123456	6	115.0	114.98424525563476	0.9901960784313726	0.9856049166836978	1.0	1.0	True
23	2049-10-01	GARW	tropics	0.002940584095163008	1.4736009882416213e-05	0.11865251428384574	0.024783158729602763	0.9694145228674949	0.8039511419906753	32	1758.0	1757.980288595921	0.9973652955500383	0.9916478423998663	1.0	0.9990245000413969	True
23	2050-04-01	GARW	tropics	0.010941063298910906	0.0001924066263884421	0.6702545579137	0.016323743225211525	0.693776138393912	-0.792772493305334	45	2291.0	2291.00315043681	0.9718561519188122	0.9645687099016628	1.0	0.9990466518304382	True
23	2050-10-01	GARW	tropics	0.0026402298239908725	1.3913714111969802e-05	0.1413687113843807	0.01867619643792397	0.4238725091304174	0.06887521103058103	19	567.0	566.9874758314428	0.9346849394386084	0.9073136892350872	1.0	0.9948584108748354	True
25	2050-10-01	GARW	tropics	0.0022341380667543222	9.803326761447997e-06	0.08432343644926724	0.026494865020100074	0.9705437264410142	0.908195874738079	24	1458.0	1457.9898052685116	0.8777500732801343	0.8470606369653062	0.9642857142857143	0.9718465005193888	True
26	2050-10-01	GARW	tropics	0.014366530551753711	0.00021702412495942786	0.5140392748678141	0.027948313006721293	0.5538940793014421	-19.411807789630377	4	95.0	94.91433446937818	0.19263532354439605	0.15894140497031015	0.2336448598130841	0.18935791828382476	True
25	2051-04-01	GARW	tropics	0.0019772690179662516	6.124410504053486e-06	0.054183881171354635	0.03649183069247489	0.9912711323048499	0.9793159788117246	39	2261.0	2260.54746511253	0.70364087146819	0.693729150885349	0.9642857142857143	0.9526446459566402	True
26	2051-04-01	GARW	tropics	0.0026030725602234623	1.1489207934489539e-05	0.080024848495249	0.03252830351035284	0.9847329153727566	0.9176721793545394	30	1371.0	1370.9789629281356	0.6210527771058699	0.6240788970836278	0.9565217391304348	0.9636632658804845	True
25	2051-10-01	GARW	tropics	0.0010141437030446528	1.4426425993216805e-06	0.030080511414305018	0.03371431054069011	0.9783452991257444	0.9561551126561468	15	628.0	627.9530707147052	0.3830874488397723	0.3697898040145723	0.75	0.6908757442786816	True
26	2051-10-01	GARW	tropics	0.0018349340350477864	1.1589410373517293e-05	0.05584560485266748	0.03285726853328441	0.9644313670558212	0.9158262568983893	36	1436.0	1435.9852999439645	0.781252278631927	0.7802864652974147	1.0	0.9318354461443198	True
24	2052-04-01	GARW	tropics	0.002072787064558294	7.20811425365325e-06	0.17099472009281053	0.01212193606582268	-0.5959138742913391	-0.0055874403253213245	13	185.0	185.1529698680422	0.8082300617934102	0.7801183429708067	0.9166666666666666	0.8207111152299861	True
26	2052-04-01	GARW	tropics	0.0014336280710599717	3.024063905770437e-06	0.0859639207518544	0.016677090324885464	0.7680237698488122	0.20784859787163135	9	142.0	141.8382433724397	0.8787252469657011	0.8870573268965601	1.0	0.9222491648811699	True
27	2052-04-01	GARW	tropics	0.00021901721196878124	4.796853913857805e-08	0.009842192800099424	0.02225288778803122			1	11.0	10.999998906696982	0.36666666666666664	0.23556120125916954	0.36666666666666664	0.23556120125916954	True
24	2052-10-01	GARW	tropics	0.05866231100190102	0.00863131793986951	2.56090767985583	0.02290684332876986	-0.02648335501376542	-121.93074735088858	34	537.0	536.7677835243903	0.544026497710966	0.5293903383150301	0.9166666666666666	0.8323305944165397	True
27	2052-10-01	GARW	tropics	0.13125387201757813	0.027534979203063636	5.598323564545027	0.023445210071248366	0.7307316588980848	-373.6731495510856	24	1267.0	1266.900845330761	0.7185109651685453	0.6999982760123377	0.9270833333333334	0.9215360101368563	True
24	2053-04-01	GARW	tropics	0.0019773288907762	4.985944887623694e-06	0.10387955527861027	0.019034822448680138	0.989065684310733	0.8565771245355661	18	306.0	305.9695777992366	0.32048054986657176	0.31570733144025154	0.6551724137931034	0.5798792329375554	True
27	2053-04-01	GARW	tropics	0.0032972955628776638	1.3020590919309252e-05	0.11939422772897199	0.027616875837269208	0.9955167335749727	0.9340854603157859	45	2035.0	2034.7597654578337	0.7831459372574933	0.7771173700839864	0.9615384615384616	0.9346556410675797	True
27	2053-10-01	GARW	tropics	0.002067623622276989	6.6714088375825045e-06	0.11305162135485959	0.018289199195002177	0.6492927941962721	0.20470053863737792	20	628.0	627.6312334313383	0.8249763797376726	0.8141730943529313	0.9615384615384616	0.9431196256927774	True
28	2053-10-01	GARW	tropics	0.0028684576833602213	1.4028296145288915e-05	0.26359275661643605	0.010882156703320283	0.699734930326042	-0.10060038376509017	21	413.0	412.86313673710845	0.8794276153446317	0.871269632802933	1.0	0.9644731368187902	True
28	2054-04-01	GARW	tropics	0.007158960490736391	6.213675455262038e-05	0.764400442899103	0.009365458323892335	-0.756331157274137	-5.468051276063684	45	1152.0	1152.012967266192	0.8973324990340278	0.8921598702234939	1.0	0.9514082303696424	True
29	2054-04-01	GARW	tropics	0.003732463249026102	1.3931281905330484e-05	0.3467881168886605	0.010762950249026102			1	10.0	10.133930060072553	0.30303030303030304	0.20829235798585616	0.30303030303030304	0.20829235798585616	True
28	2054-10-01	GARW	tropics	0.0007644798880177331	8.47092111863474e-07	0.12090507993636282	0.006322975746098588	0.872574772044886	0.7471676527125922	50	1341.0	1340.993371487687	0.7308330240532699	0.7307660537182563	1.0	0.946301442918459	True
29	2054-10-01	GARW	tropics	0.0007616612364190875	8.364465586204754e-07	0.07956372101359127	0.009572971534211914	0.8346831329412938	0.48759038895273066	21	430.0	430.0525478410827	0.45223067420820423	0.44043866328080017	0.6538461538461539	0.6184201570915799	True
