variant	pivot_date	model	location	mae	mse	normalized_mae	max_r_data	correlation	r2	n_points	total_sequences	total_smoothed_sequences	mean_variant_frequency	mean_smoothed_variant_frequency	max_variant_frequency	max_smoothed_variant_frequency	converged
1	2028-10-01	FGA	north	0.10331611731205095	0.011398683903830264	1.7619546826170536	0.058637216002964516	-0.2197226801442634	-16.846859923419938	32	1120.0	1119.8689108756807	0.9343157264434642	0.901791619753553	1.0	0.99904717009756	False
1	2029-04-01	FGA	north	0.0801103439659541	0.008361536973787278	0.47078221711477336	0.17016433725325644	-0.23926080638500877	-6.585456150737733	50	2698.0	2697.8620054705098	0.8179045443658955	0.8063437354819506	1.0	0.9939217698329584	False
2	2029-04-01	FGA	north	0.18167459415875747	0.03356627783853752	2.9424486539863492	0.06174265570025485	-0.5738143260607218	-85.88370597015003	16	1042.0	1041.9485903867612	0.3164066270651704	0.2996578624461079	0.43673469387755104	0.47749375659785737	False
3	2029-04-01	FGA	north	0.07948709031851396	0.006778506762964619	1.740510152794393	0.04566884610865226	-0.8413536435181973	-30.097435917534092	9	540.0	539.9912644052209	0.29661221390718523	0.29746468088570843	0.5448717948717948	0.4800397346596807	False
1	2029-10-01	FGA	north	0.025767307636590773	0.000966984609727657	0.4974471145783254	0.05179908955434013	-0.13537109389003812	-0.6440603964744525	25	1765.0	1764.78763077956	0.6332672467581655	0.6183522562338639	1.0	1.0	False
2	2029-10-01	FGA	north	0.21663520587418109	0.047454868561327176	3.984917130441507	0.054363791964270804	0.7701640922304149	-70.1076602548888	20	1135.0	1134.9468485636062	0.29627510112354605	0.26721457647095176	0.43673469387755104	0.29429983471129945	False
3	2029-10-01	FGA	north	0.12278525362308475	0.01565519176944827	2.6636284732667472	0.04609698944706712	0.08169675054941045	-26.04522614059902	19	999.0	998.9532694578229	0.5700399943666072	0.5376398415479079	0.9375	0.866244084161113	False
1	2030-04-01	FGA	north	0.2645741996408857	0.06999950711561524	7.413766692500867	0.035686879640885696			1	11.0	10.720796732215899	0.07971014492753623	0.06064014296524105	0.07971014492753623	0.06064014296524105	False
2	2030-04-01	FGA	north	0.09575566147455437	0.009204989543631144	2.1623865246396856	0.04428239835175164	-0.9507296747245493	-824.3624539325566	3	60.0	59.729942582532836	0.19117410173922247	0.22160084955336648	0.2391304347826087	0.24458978456496544	False
3	2030-04-01	FGA	north	0.181235525300403	0.0487370048173364	4.769510093191823	0.03799877173110617	-0.6845302189877178	-145.61597022026922	18	512.0	512.0102415670934	0.9049952438352751	0.8733552680776717	1.0	0.9802390902167905	False
4	2031-10-01	FGA	north	0.0037806197838991472	3.091635967068415e-05	0.06436744957440445	0.05873496322903092	0.9960022334503724	0.9521613621069429	24	652.0	652.0457305767175	0.9723492766078538	0.9641733368583573	1.0	1.0	True
4	2032-04-01	FGA	north	0.16057913789271647	0.027511251588396984	1.1834572339483382	0.13568647289178365	-0.2627568676803187	-19.904775505334594	34	1473.0	1473.0611589497385	0.73145634993541	0.736623435403373	1.0	1.0	False
5	2032-04-01	FGA	north	0.1652826104549724	0.030028287088615525	2.427074971971014	0.06809950758164973	-0.9149116028978651	-14.187327691671841	15	4181.0	4180.987021259993	0.7436768559846236	0.6829390897807703	0.944954128440367	1.0	False
4	2032-10-01	FGA	north	0.11137664199321112	0.013905289102929685	1.4761064724284512	0.07545298667377105	-0.24600654463758403	-11.177732423245038	22	1145.0	1145.029262695483	0.5097769676532505	0.5302891979995338	1.0	1.0	False
5	2032-10-01	FGA	north	0.2416899281226129	0.061111226189449294	3.0469844008832294	0.0793210257501004	0.7904042927022253	-19.115614710897677	20	4382.0	4382.000634984967	0.798319139314671	0.7599092004120683	1.0	1.0	False
5	2037-10-01	FGA	north	0.0020391515991965157	8.51238756620444e-06	0.06328631989324905	0.032221048761187934	0.9836040542054338	0.9482664075832369	8	109.0	108.46994743746245	0.8062984809308338	0.7568379263796308	0.9230769230769231	0.794344518828278	True
5	2038-04-01	FGA	north	0.2404371635172835	0.05782070337271039	23.939489774340498	0.010043537509934555	-1.0	-9656.082943075977	2	25.0	24.884850983936197	0.8226495726495726	0.7357602638558858	0.9230769230769231	0.7433844152109184	False
7	2038-04-01	FGA	north	0.14364991987064266	0.02328252916872109	2.4226412613711954	0.05929475492766022	0.9269338462360012	-14.03981226681431	23	3828.0	3827.904201176541	0.9823581649405161	0.9716769402336756	1.0	0.9996879052283448	False
7	2038-10-01	FGA	north	0.1767254203668417	0.031986308721895416	2.792577701139569	0.06328397605363863	0.8505140673632977	-16.51724093257353	25	3887.0	3886.9586658442413	0.9813452693210323	0.9703569856881077	1.0	0.9924646667005406	False
9	2040-04-01	FGA	north	0.0018419352736971852	6.6237135029477755e-06	0.05978696656200714	0.03080830789076496	0.9930541178598625	0.9299008408872008	12	361.0	360.9116601835828	0.9613210242280902	0.9612131665884075	1.0	0.9799969855862891	True
9	2040-10-01	FGA	north	0.028041685362774665	0.0013798843193722047	0.8774852639316894	0.0319568732552045	-0.9191623077876959	-2.046172054338316	21	633.0	632.7986010704104	0.9756846634172727	0.9731364874992016	1.0	0.998450821750891	True
9	2041-04-01	FGA	north	0.04370735624501005	0.002942291537627112	1.156620153920167	0.037788859287010874	0.5624274435157633	-3.834646489593551	23	701.0	700.9556045446928	0.5140067239369742	0.5164724291847562	1.0	0.9974971400543003	False
10	2041-04-01	FGA	north	0.19383169639291092	0.03849954841204365	3.7925212257792804	0.05110892856059961	-0.8474988395259262	-68.3466639754199	15	1501.0	1500.9979839463106	0.6858439563659179	0.6722910899685471	0.7914438502673797	0.8041781253879532	False
11	2041-04-01	FGA	north	0.10436031755241154	0.011819316683005123	4.186648266470154	0.024926936993539175	-1.0	-33.468008535086696	2	23.0	22.733781484174674	0.06419902912621359	0.04815358253257142	0.075	0.05672762306984963	False
9	2041-10-01	FGA	north	0.20916772035770292	0.043968303326520866	4.793747391486147	0.04363344650349989	0.9569288529066533	-61.77058982580447	19	582.0	581.9901469514626	0.28897982819625845	0.29707232540188533	0.6111111111111112	0.5449020196641485	False
10	2041-10-01	FGA	north	0.19963508462619184	0.040943021447053106	3.6582888168180414	0.05457061883917445	0.9306263036730273	-28.697976832719775	23	1805.0	1804.7074836862093	0.7036870233063581	0.6888534035282057	0.8205128205128205	0.7336354087771579	False
11	2041-10-01	FGA	north	0.1512368918107091	0.023149489762452707	4.5829675743773475	0.03299977347783362	1.0	-61.6896624422534	2	23.0	22.62286849230706	0.06419902912621359	0.04820508052985842	0.075	0.0624979321438926	False
9	2042-04-01	FGA	north	0.11264235205536888	0.012688299476565666	2.3802615897482786	0.047323517944631126			1	13.0	13.089503249702453	0.19402985074626866	0.20091616381693947	0.19402985074626866	0.20091616381693947	False
10	2042-04-01	FGA	north	0.2718744388240766	0.07404617889607346	5.15912953257757	0.05269773459016923	-0.9836480936989596	-3816.93322541697	6	172.0	171.66786970032632	0.7526372515397975	0.721122041157494	0.8205128205128205	0.7503892765852027	False
11	2044-04-01	FGA	north	0.008183426784960085	0.00012836034911080436	0.12185380009119626	0.06715774788176938	0.996075022735685	0.870571348057399	11	171.0	170.28722823953635	0.12697963602156806	0.1135084757420267	0.2564102564102564	0.18825243843511247	True
12	2044-04-01	FGA	north	0.0007466777258306906	7.850783976473141e-07	0.0131461293023085	0.05679829466606355	0.9995798292022482	0.9989339638104809	13	888.0	888.0068180245855	0.3168031987090026	0.3117615991348993	0.46496815286624205	0.40841598991964123	True
13	2044-04-01	FGA	north	0.0007285042947719058	1.103543533058134e-06	0.014980206522142745	0.04863112492441805	0.9994472377858756	0.9984680708798922	16	1767.0	1766.9863576101172	0.600116719242588	0.5991829570362095	0.6714975845410628	0.6107607051312854	True
11	2044-10-01	FGA	north	0.014626362554731548	0.0002874150815353752	0.4179078899433812	0.03499901032429215	0.9121072927252145	0.41496992485085515	10	161.0	160.56390907388368	0.11403657398269924	0.10837096100139676	0.23809523809523808	0.16616364281983412	True
12	2044-10-01	FGA	north	0.027404755334096715	0.0010544060959658608	0.47242681644232054	0.05800846687847283	0.8311178374434921	0.2077489105630309	19	1058.0	1058.048120408799	0.3405007171495113	0.32092554304456317	0.46496815286624205	0.41738490137644035	True
13	2044-10-01	FGA	north	0.023217710920452182	0.0008052470870488504	0.3532550328441776	0.06572506761904684	0.8845638472205722	0.4988374374325776	23	2034.0	2033.9595097296105	0.5865881724720432	0.5890282164758549	0.6714975845410628	0.6146888184023179	True
12	2045-04-01	FGA	north	0.0060161075932225125	4.128787830998326e-05	0.1296876870673048	0.04638919645548383	0.9864329697144472	-1.2900420786269797	3	56.0	56.2797068877892	0.407976339699003	0.4036523777604452	0.43478260869565216	0.42153810074596143	True
13	2045-04-01	FGA	north	0.02075521789031605	0.00044763288396264863	0.3157582022994119	0.06573136577030324	0.9916582346967806	-9.207702388311276	4	87.0	86.68550020919503	0.537125107755776	0.5329961893019999	0.6206896551724138	0.5771507214200734	True
14	2045-04-01	FGA	north	0.009023271255832277	0.00011294528762400724	0.29965622806989023	0.030112076474938933	0.9817331318482598	-0.30937535725615484	12	240.0	240.0035531179049	0.8197408892560493	0.8261285662053527	0.9230769230769231	0.8955718692033633	True
14	2045-10-01	FGA	north	0.17024667005152516	0.029068187133336802	6.244055711381507	0.02726539895235141	0.9967876672831213	-94.9068183178261	20	407.0	406.96526444540007	0.8079283430303832	0.806299473588649	0.9411764705882353	0.8365634627367153	False
14	2046-04-01	FGA	north	0.23683013155766924	0.05611227368827294	8.97083028939953	0.026400023622955158	0.5607260773257919	-2153.315217706037	5	89.0	88.9106460413419	0.8014372057066556	0.7777302118732278	0.9411764705882353	0.7853996585200999	False
15	2046-04-01	FGA	north	0.1007765876665867	0.012426619535881605	1.575727178858281	0.06395560666765045	0.9570514475609683	-7.114051904322068	22	3369.0	3368.945200924419	0.8013826516430073	0.7981315032457765	1.0	0.9381600102326977	False
16	2046-04-01	FGA	north	0.048711358789076606	0.003501285520682723	0.5620015068140916	0.08667478324962959	-0.3700765979290896	-1.661927804017814	13	848.0	847.9968801805467	0.24772704340204932	0.2545143654652963	0.528	0.5195884905777117	False
15	2046-10-01	FGA	north	0.0023362798755735734	9.284157491735242e-06	0.036616386307665325	0.06380421748730823	0.9985372996470551	0.9950563380584116	24	3417.0	3417.0187288837715	0.7434667146173236	0.7417379104188071	1.0	0.8946978763578909	True
16	2046-10-01	FGA	north	0.0057794927030427766	4.8128536076450866e-05	0.06057675356355961	0.09540776557097429	0.9919418065950901	0.9751903361682427	18	990.0	990.0138519441866	0.3572511853093064	0.34827942400332584	0.7428571428571429	0.6776583727672184	True
15	2047-04-01	FGA	north	0.27212135756227296	0.0740500332415344	4.561455271274741	0.05965669756227295			1	12.0	11.897971423961526	0.34285714285714286	0.32241328949642917	0.34285714285714286	0.32241328949642917	False
16	2047-04-01	FGA	north	0.3015018036111879	0.09090696158032134	6.273135683013026	0.048062375635780086	-0.5518396296558272	-35895.570200947026	3	59.0	59.314733122764665	0.6421052631578946	0.6701664484318769	0.7428571428571429	0.6849383718797171	False
17	2047-04-01	FGA	north	0.0371367458451966	0.0017208854204500605	0.9172690428691233	0.04048620863627609	-0.5630500655590722	-6.066298196122751	14	1015.0	1014.9362604780259	0.9854443353686612	0.982797403758809	1.0	0.995570980283553	False
17	2047-10-01	FGA	north	0.2452101804523502	0.06503729344292646	5.122156983554595	0.04787244538572948	0.8795022422907613	-67.42078116468332	24	1475.0	1474.9891782633067	0.9849066868079541	0.9723828222995676	1.0	0.9954256501645321	False
17	2048-04-01	FGA	north	0.29821647784492256	0.08916516069797321	6.297020383761241	0.04735834722942351	-0.9735429110484757	-1460.2442012702934	8	290.0	289.8381402175231	0.9801924735287049	0.986122571951598	1.0	0.9948620748169984	False
18	2048-04-01	FGA	north	0.1400972503161306	0.02220640507139304	2.4967331281529828	0.056112224705317564	-0.9818681605899784	-13.396632224793704	25	4391.0	4390.924675897078	0.9966585872170515	0.9910869662131327	1.0	1.0	False
18	2048-10-01	FGA	north	0.2648656422649356	0.07150809441059283	4.350719579698288	0.06087858282130502	0.6301311684033863	-39.5745652068856	26	4412.0	4411.683355800478	0.9967871030933187	0.9969732113510125	1.0	1.0	False
19	2049-04-01	FGA	north	0.007976495215360651	0.00011519965156313242	0.2620394996480209	0.03044004902342934	0.907870432392935	-0.15767644566819072	11	243.0	242.7353238928859	1.0	0.9829979093529093	1.0	1.0	True
19	2049-10-01	FGA	north	0.014727850380621254	0.00028910194131837865	0.48259554429165585	0.030517999088115286	0.8334382136365032	0.26588061889819636	21	442.0	441.83006866824365	0.9984126984126985	0.987934987864359	1.0	0.9972841350309494	False
19	2050-04-01	FGA	north	0.2596411237246419	0.06814693805007262	4.267293672094059	0.060844447013938464	0.12838683509584042	-206.2962631219659	10	176.0	175.6866773474966	0.8146257968736356	0.7890283447499743	1.0	0.9997341760820805	False
21	2050-04-01	FGA	north	0.05950812942151364	0.005304324273766335	0.8613918919184772	0.06908368882945735	-0.32709576682853353	-1.090929890713051	20	4515.0	4514.990924798249	0.9246062657315559	0.9030544969446505	0.9812332439678284	0.9818760119553733	False
19	2050-10-01	FGA	north	0.19201076894532196	0.03754639777529227	3.8233729713183298	0.05022025588027189	0.738435810870627	-49.231812330110365	6	89.0	88.54134696529782	0.04868041495691241	0.04242404465809024	0.13636363636363635	0.04605524084739757	False
21	2050-10-01	FGA	north	0.22451238911917057	0.05123832224773458	2.806969114173374	0.07998391859230962	0.8736007311240571	-15.9602532626105	24	4599.0	4599.2320813470815	0.9269245736956488	0.9249473314264592	0.9812332439678284	0.9905607442186194	False
23	2052-04-01	FGA	north	0.10996612306365015	0.01242382308108383	2.3428340504984906	0.046937222480718334	-0.9862749989280666	-75.68867157805916	11	429.0	428.8912625692543	0.9907137039475965	0.9858237193642908	1.0	0.9986539745328884	False
23	2052-10-01	FGA	north	0.035876544650762385	0.0027110570752429983	0.7717929319060096	0.04648467635245395	-0.5585375688307413	-2.698917245427822	24	974.0	973.9594122482202	0.9824924250522121	0.9805787487222833	1.0	0.9985337871613031	True
23	2053-04-01	FGA	north	0.1421963964829423	0.021045724316384587	2.950101603831375	0.04820050817852106	-0.5803134163157754	-35.42381758245613	25	727.0	726.7819921392053	0.5222649950166603	0.516418887663804	1.0	0.9880831208215003	False
24	2053-04-01	FGA	north	0.021668878880840802	0.0006071175810653623	0.734924394862511	0.029484500762686747	-0.9900905298046538	-4.488301511307322	3	39.0	38.99999012698832	0.06290220134370632	0.03769531953183615	0.08152173913043478	0.039007241625004886	False
25	2053-04-01	FGA	north	0.040088871379949174	0.0020556748485172065	0.767176938398364	0.052255052743950765	-0.9359335226568536	-1.1633533162673282	19	2887.0	2887.0501208084274	0.748626121988399	0.7161671592049242	0.8674033149171271	0.7779608804762785	False
26	2053-04-01	FGA	north	0.07160426134934762	0.005499712449248213	2.7879289916720533	0.02568367471454255	-0.7774655936425017	-24.481342537091994	7	99.0	98.76900877345794	0.05949285571435727	0.05232125338176712	0.09941520467836257	0.06052056596980615	False
27	2053-04-01	FGA	north	0.1991272609384014	0.040081230190097614	5.528870255660119	0.036015904105282104	-0.8650883198282875	-164.80008854778345	8	200.0	199.87067618264575	0.10532306350222903	0.10642116867690223	0.21052631578947367	0.15894092511928923	False
23	2053-10-01	FGA	north	0.060642171062913704	0.004234528510168009	1.2589936280333647	0.04816717869941962	0.4998371687437717	-5.552034898106342	14	297.0	296.96566940439754	0.16372613107824283	0.14562605443973137	0.5	0.3703448478168525	False
24	2053-10-01	FGA	north	0.0938875369714035	0.008833816287978455	4.250402123929039	0.02208909515709883	0.9983224274855108	-97.73600100828564	3	39.0	38.7837047687635	0.06290220134370632	0.04162438915301179	0.08152173913043478	0.04433717781989894	False
25	2053-10-01	FGA	north	0.15623250707693637	0.040621745452727794	2.936819676689608	0.0531978549166635	-0.9472545552235445	-27.733794520823032	24	3090.0	3090.0233730700393	0.669465893406105	0.6411290719721208	0.8674033149171271	0.799644367519646	False
26	2053-10-01	FGA	north	0.015292355556624976	0.0002971292178742438	0.4247873044499582	0.03600002965349093		-0.3677146353224481	14	205.0	204.8396890015554	0.12209548668481938	0.10654730693518397	0.25	0.15417327214368656	False
27	2053-10-01	FGA	north	0.03898869285476086	0.001642843725553646	0.5237864008280292	0.07443624499056385	0.8653852968577921	-1.4255279147959858	20	502.0	501.98472864131867	0.34498864406333735	0.35280453522754324	0.8461538461538461	0.6371741490361175	False
25	2054-04-01	FGA	north	0.2164141076885956	0.04683561073924326	4.774368774854761	0.045328318337784675	0.9619456113990232	-40203.71584595056	3	77.0	76.81724007934253	0.30037878787878786	0.2824600100546897	0.4791666666666667	0.31713865781611866	False
26	2054-04-01	FGA	north	0.09748742079111128	0.009506086559495905	4.83339200607375	0.020169566356009687	-0.002079392507435107	-4768.241891897868	5	68.0	68.18890180206107	0.20110756179304565	0.17963363910119354	0.25	0.19992362885787632	False
27	2054-04-01	FGA	north	0.0416563352099966	0.0019189899423951741	1.53867914053415	0.027072788674795234	-0.6030776077506543	-5.9548663731130445	18	375.0	374.8474703233182	0.34526103932913577	0.32816451959359444	0.8461538461538461	0.6829576962200465	False
28	2054-04-01	FGA	north	0.09322476944430194	0.013153849242102774	1.7922130798038518	0.0520165657168984	0.8657082027936721	-9.56155628476367	21	3258.0	3257.995580029778	0.864220043971044	0.8400103538729005	0.9539170506912442	0.9484225131856214	False
27	2054-10-01	FGA	north	0.008816098303650795	0.0001132402966322104	0.25551288296167973	0.03450353736164834	0.9994640582135588	0.7542361774848445	8	143.0	142.63735341430385	0.0872348821078041	0.06910665555502202	0.15555555555555556	0.12185232511540656	True
28	2054-10-01	FGA	north	0.002741273176918162	1.3646354872335466e-05	0.04142544906638252	0.06617365022465752	0.9969097647563204	0.9924910676628625	26	3397.0	3397.3722363162146	0.8775388818528587	0.8859782724177655	1.0	0.9803484793818069	True
1	2028-10-01	FGA	south	0.2087100935115649	0.060344008656031435	3.1033377262472714	0.06725342580227281	0.8945571869409596	-33.7117201517006	21	3819.0	3819.009093876427	0.9760517873191139	0.9808281803359149	1.0	0.9990680002613945	False
1	2029-04-01	FGA	south	0.19662604347827473	0.04036419085949157	1.675049639995328	0.11738520386704668	0.7959214680050435	-15.350221303287057	24	3892.0	3892.0335027845167	0.9747985190324299	0.9608771059028284	1.0	1.0	False
1	2029-10-01	FGA	south	0.3409092713167259	0.11621913126970101	5.571070961179766	0.06119277131672592			1	12.0	12.402521159055798	0.9230769230769231	0.9421944791825155	0.9230769230769231	0.9421944791825155	False
3	2029-10-01	FGA	south	0.12185321671983589	0.014944882975774542	2.8814608507844084	0.04228869418325232	0.8456209174164794	-46.60365423414506	17	1466.0	1465.9787126640774	0.990167215630744	0.973749469266208	1.0	1.0	False
3	2030-04-01	FGA	south	0.18961502897035631	0.03689695655862289	3.797089992952399	0.04993693310463852	0.8243093011964935	-30.602565749211628	27	1997.0	1997.0053221416147	0.9931445258929488	0.9892149257224703	1.0	0.9991180235335724	False
3	2030-10-01	FGA	south	0.2926090766689907	0.08573283972780033	5.910294496610567	0.04950837506266329	-0.7671822140776551	-1353.3430182264428	8	310.0	310.1088064228725	1.0	0.9995531601669829	1.0	1.0	False
4	2031-10-01	FGA	south	0.06944503384698364	0.008508487298901796	1.517461878922661	0.04576393964920352	0.6992625348510395	-29.758058162663964	15	1125.0	1124.9748547587064	0.9946700991609458	0.9878650134949177	1.0	1.0	False
4	2032-04-01	FGA	south	0.04121906701541219	0.0024916337436453775	0.9029263898232901	0.04565052863664677	0.7878588831404103	-1.5772446781179967	24	1709.0	1708.8668006220933	0.9938167433091286	0.9911243353682023	1.0	0.9990541879062668	False
5	2032-04-01	FGA	south	0.10974363842509152	0.012043666174777224	3.8059984767907635	0.028834388425091513			1	18.0	18.058386184230393	1.0	0.9991226041044824	1.0	0.9991226041044824	False
4	2032-10-01	FGA	south	0.07426131099884391	0.005556375898988754	1.8020737965824294	0.041208806842249146	0.7280246963947531	-121.44727288889753	6	260.0	259.75702074430245	0.989969135802469	0.9903794459363618	1.0	0.9949871137147047	False
5	2032-10-01	FGA	south	0.18298805756445446	0.03470534665714326	3.461374186276525	0.05286572549421439	0.4305964808608968	-23.562257261913338	27	4945.0	4944.982602535432	0.903241896857462	0.898107297731562	1.0	1.0	False
6	2032-10-01	FGA	south	0.08475734978755754	0.00861542259901346	1.0846482932749715	0.0781427033196562	-0.4750958871477033	-5.767146216341798	15	427.0	426.9846511778094	0.1585644604172165	0.1597370849110241	0.41025641025641024	0.32304333569061616	False
5	2033-04-01	FGA	south	0.14002534891764534	0.0206825004825589	2.697852750350191	0.05190251725171789	0.6458524669179185	-11.7946231399793	25	4887.0	4887.007281247898	0.8758418058816008	0.866719740237421	1.0	0.9972176736687197	True
6	2033-04-01	FGA	south	0.1968897746939597	0.03984023548606807	1.2563328171378083	0.1567178473794199	0.8377091873246387	-11.57652380306151	15	427.0	426.87721650221334	0.1585644604172165	0.17471515657156317	0.41025641025641024	0.30251425666835546	True
7	2037-10-01	FGA	south	0.1820178471028191	0.03343454280080354	3.981116031452331	0.04572030698548067	-0.9680763881396801	-196.57409489435102	10	459.0	458.9926104668792	0.9156257373833256	0.9185988281365407	0.987012987012987	0.967171198956358	False
7	2038-04-01	FGA	south	0.01803711529931232	0.00047013476359138135	0.4098084578807259	0.044013526203409876	0.8572091287198744	0.4374525753338293	24	1067.0	1066.96272823849	0.9464987497840154	0.9410952300018082	1.0	0.9778129018928189	True
7	2038-10-01	FGA	south	0.06121842985390734	0.006003778779396169	1.2262467000034896	0.049923420673615784	0.6936545483765892	-8.820089610048592	26	681.0	681.1173359995141	0.7138303387157053	0.7201678206815065	1.0	0.970342547355477	False
8	2038-10-01	FGA	south	0.04334529586307089	0.002075029416482047	0.8509854821809213	0.05093541167351618	-0.7605406394406259	-19.40562423483528	10	430.0	430.00040609940214	0.5951186871687834	0.5662869148271075	0.7604166666666666	0.8498772166917269	False
7	2039-04-01	FGA	south	0.0027448256618235315	1.0640262613178562e-05	0.05719953520433497	0.047986852550779294	0.992580302105958	0.9815897330744787	20	404.0	403.85711845078896	0.44206747487991604	0.452590530968885	0.8461538461538461	0.7834806304528145	True
8	2039-04-01	FGA	south	0.0015938614143721228	3.5560337242061236e-06	0.03377912369755941	0.047184806469307006	0.9991205974271266	0.9956575884398655	23	1007.0	1006.9896939624686	0.7568487486788529	0.7349171187536309	1.0	0.9993490379681735	True
7	2039-10-01	FGA	south	0.006458347012579816	6.073648543179967e-05	0.16689055739916286	0.03869809720350429	-0.9997450855593515	-2.183642750273669	3	37.0	36.90923624451349	0.1577747184863567	0.13926556621723452	0.18309859154929578	0.1547105511851706	False
8	2039-10-01	FGA	south	0.19825002830169602	0.046590831230731954	5.973814810208649	0.03318650386732891	-0.94947473793196	-201.40951585110477	12	373.0	372.72031935329113	0.8139209278096917	0.7989559176269947	1.0	0.9616756199273687	False
9	2039-10-01	FGA	south	0.02556970415893741	0.0007874326112479945	0.6078726502942157	0.04206424511213237		-4.892949202876442	5	84.0	84.03339699056176	0.6279325513196481	0.6262312070358858	0.7419354838709677	0.664017405969048	False
8	2040-04-01	FGA	south	0.002182071486192691	7.214489665382804e-06	0.34687477257243754	0.006290660661224682	1.0	0.4067174754845321	2	25.0	25.00156928790787	0.38446969696969696	0.3281826860634912	0.3939393939393939	0.34527652878502624	True
9	2040-04-01	FGA	south	0.0020859448440253177	7.2277101483888316e-06	0.05295603798157626	0.03939012289308787	0.9951077143366386	0.9823253252268804	17	329.0	328.84197004556285	0.7730157398593195	0.7644264830306043	0.9375	0.8671432864274937	True
9	2040-10-01	FGA	south	0.05261107928552477	0.004150462574437686	1.3781671239557922	0.03817467299213589	0.5503306057122989	-6.585279617666117	28	1839.0	1838.9509470118471	0.8705844483689369	0.8690735158479814	1.0	0.9831222964922278	False
10	2040-10-01	FGA	south	0.20516011403691034	0.04281822471156534	3.7507831916403993	0.05469794001801098	-0.8998533947485656	-126.05250443760252	9	296.0	295.98825509744245	0.1901882652380264	0.18540911350380893	0.27071823204419887	0.27266159816553676	False
9	2041-04-01	FGA	south	0.2000546627470794	0.040325907023473016	3.7101359640330642	0.05392111358895108	0.984193522304033	-34.73304984306608	27	2018.0	2018.1873070098218	0.8135008490690215	0.8014050444697567	1.0	0.9789077692571772	False
10	2041-04-01	FGA	south	0.22002307387480757	0.04860017106996753	4.034187156618117	0.05453962975263999	0.9728019654268418	-61.03325642334287	17	447.0	446.51496334106275	0.2609338533175559	0.26749436046674824	0.4857142857142857	0.47695425188023755	False
9	2041-10-01	FGA	south	0.06734205258038589	0.0048886480279006425	1.1009133825707744	0.06116925604368032	-0.9837113603248699	-34.45422703585454	6	180.0	179.96051572772046	0.6174635028092476	0.6423168904105624	0.7875	0.7606462521868904	False
10	2041-10-01	FGA	south	0.22528162028585053	0.050828962103557175	5.83764617201262	0.03859117419036399	0.41078224400658303	-642.469141261523	6	94.0	93.97271759897072	0.3721451598047343	0.35314055525378735	0.4857142857142857	0.5066103536087768	False
10	2043-10-01	FGA	south	0.05771402112278403	0.005641349263933193	0.6222476610975202	0.09275088478595173	0.6604106845529931	-2.372980765351072	10	166.0	165.9662127440594	0.12096637760378844	0.12206898642511443	0.24193548387096775	0.15933103809449847	False
11	2043-10-01	FGA	south	0.025091347534863175	0.0007983813077884411	0.6471384135188516	0.03877276794376578		-1.9365242678613552	17	1227.0	1226.9999780077042	0.7299818074293738	0.7331991725002583	0.9090909090909091	0.8501512189407657	False
13	2043-10-01	FGA	south	0.06539603936634497	0.0048403243301198655	1.2245920227931635	0.05340230717588997	-0.8859102202106668	-13.920855987726371	9	267.0	267.07100499971784	0.1842665033826759	0.1785932551636396	0.27450980392156865	0.25456233376251297	False
10	2044-04-01	FGA	south	0.22923418014613398	0.05269309830316682	5.937277781816128	0.038609306919780755	0.9982865733219785	-110.65303852199308	11	178.0	178.105536895196	0.11913673747021257	0.13098123921926239	0.24193548387096775	0.1477426036969231	False
11	2044-04-01	FGA	south	0.18324046319672901	0.033852265422519026	3.909732840092681	0.04686777094272898	0.9929882339642724	-36.18926709367925	23	1483.0	1482.9222862545478	0.6785305167439436	0.6679722687533958	0.9090909090909091	0.8653107341026548	False
13	2044-04-01	FGA	south	0.17304581466957683	0.0307508306613036	2.9161284515851205	0.05934094383788694	0.9765326243699916	-34.19567047880952	16	424.0	424.02842837676116	0.2583263235558729	0.2624124986645924	0.6190476190476191	0.441679666020453	False
11	2044-10-01	FGA	south	0.01219052102341401	0.00016671694557761005	0.22742825714476178	0.053601611235382	-0.9967137503489909	-14.842018168460566	3	77.0	76.9179043308005	0.5230784161490682	0.4456624671400237	0.5652173913043478	0.4960977877200868	False
12	2044-10-01	FGA	south	0.02238876661671446	0.0007379114606179806	1.9016979269802712	0.011773040449313552	-1.0	-9.992742773770388	2	25.0	24.921985530158814	0.18785890073831008	0.14262369032598665	0.24528301886792453	0.19479571418645783	False
13	2044-10-01	FGA	south	0.027137761901091403	0.0011985839878561205	0.7359906067007366	0.036872429694100664	-0.8914345273786618	-1.3843193960111226	13	274.0	273.86422212196555	0.3791437257036382	0.3833610143107991	0.6190476190476191	0.4792099481639521	False
14	2044-10-01	FGA	south	0.15687456812709177	0.024831008276553147	3.10514320846786	0.05052088022841846	-0.989592165332434	-314.7406349237599	7	295.0	294.9354854623458	0.5099895512840835	0.5060543347109877	0.6605504587155964	0.6398448979332898	False
12	2045-04-01	FGA	south	0.007633590900746368	7.098206805145361e-05	0.30996885735261365	0.0246269608048481	1.0	-0.25845424820446805	2	25.0	24.637290747654916	0.18785890073831008	0.18961140652976105	0.24528301886792453	0.22439110191049172	True
13	2045-04-01	FGA	south	0.0017111527425666463	5.429788777303878e-06	0.049433684160267055	0.03461511662814739	0.9960198721014266	0.9897667014589157	18	435.0	434.8701753981638	0.3196579158056252	0.3141857594985568	0.5357142857142857	0.40520989454100037	True
14	2045-04-01	FGA	south	0.0022978488443340106	1.0445110608749694e-05	0.05136068371649126	0.04473945200998562	0.996844687033918	0.985252541461493	20	926.0	926.020349436911	0.6197357598439542	0.5774413972116142	0.7777777777777778	0.7190407355988373	True
13	2045-10-01	FGA	south	0.18936995910348722	0.03621058746008908	5.6156451188451	0.033721852983194314	-0.9962027038089912	-647.3252782600708	6	120.0	119.99977254464349	0.2578895310220901	0.24501320394843454	0.34285714285714286	0.2683732261879615	False
14	2045-10-01	FGA	south	0.19363928543101908	0.03791787449784801	5.219544487534722	0.037098885907279264	0.5755524742953165	-77.15390913643184	24	772.0	772.0372288362148	0.5014924550917536	0.5055748486897148	0.7777777777777778	0.7272853148606928	False
15	2045-10-01	FGA	south	0.030629803958685094	0.0011129439522634531	0.714393832357012	0.04287523571924977		-5.368447743626997	14	849.0	848.9633755911431	0.5902225542219908	0.5771109666198804	0.7784090909090909	0.7611967260070367	False
14	2046-04-01	FGA	south	0.03942209010458403	0.0020034147809875644	0.9538120880614356	0.041331086697283324	0.4971813374166979	-3.0595815598030702	17	432.0	431.9318715380516	0.30265143485336765	0.286169913329837	0.5789473684210527	0.4816617714968303	True
15	2046-04-01	FGA	south	0.03272254626798333	0.0015384775136444166	0.7616392647979229	0.04296331318562631	0.8396616628283279	-0.5875729437663917	26	1546.0	1545.9385896744902	0.7064204318956151	0.702158082732889	1.0	0.8902341375579277	True
14	2046-10-01	FGA	south	0.11756727180982961	0.013962158999417839	3.3894298946518524	0.034686444465288346	-1.0	-216.68905360242945	2	26.0	25.5473330813204	0.13462309542902967	0.11906002207348479	0.1744186046511628	0.12524739508712232	False
15	2046-10-01	FGA	south	0.15407040803244157	0.024093799069937704	3.6902266087357787	0.041750934120878824	-0.9703308153340062	-260.273535781533	10	446.0	446.1697629526968	0.8482926208433152	0.8336083507433625	1.0	0.8579996491034937	False
16	2046-10-01	FGA	south	0.17188256903638052	0.031691846060047865	3.0902708363124147	0.05562055177062929	-0.9051322211118441	-22.543860273631886	20	3405.0	3405.0002019434173	0.9158020676289942	0.8916815883211218	0.9705159705159705	0.9697702698379781	False
17	2046-10-01	FGA	south	0.11565001194425376	0.013891347074049445	4.113902750977164	0.028111994605799495	-0.9944927011732441	-31.546999332531115	4	53.0	52.834315580143205	0.08562413734797814	0.06714294838794709	0.18446601941747573	0.08972610787972139	False
16	2047-04-01	FGA	south	0.002732062215376795	1.1175315142621558e-05	0.044760496338246775	0.0610373529983025	0.9977942635097523	0.9945206178755979	26	3574.0	3574.0726056010953	0.8700139597834889	0.8474474055634011	0.9705159705159705	0.9966690298551475	True
17	2047-04-01	FGA	south	0.017092378125618198	0.0005209866030474425	0.1830038121112413	0.09339902774936933	0.9796639339113635	0.7253526792648233	6	76.0	75.8640244931955	0.1398844456250308	0.16770630576887202	0.3333333333333333	0.31854439681414776	True
16	2047-10-01	FGA	south	0.30896958164230987	0.09546243540674731	4.873799833208587	0.0633939825630682	0.9494163075753281	-48512.789879499906	3	67.0	66.91450600174393	0.6929590017825311	0.683256676883986	0.7954545454545454	0.7419346812837933	False
17	2047-10-01	FGA	south	0.13736803850284915	0.018869978002120247	128.36952685860746	0.0010700985028491467			1	11.0	10.807463832663263	0.3333333333333333	0.2521164361468616	0.3333333333333333	0.2521164361468616	False
18	2047-10-01	FGA	south	0.03201917550921832	0.0017786231533973799	0.4751793779119389	0.0673833440540262	-0.7688439783009682	-2.278904879764025	12	1781.0	1780.9535566525715	0.9305509381061094	0.8926898025597865	0.9934640522875817	0.9972500863970521	False
18	2048-04-01	FGA	south	0.002485556158451706	7.945282702102138e-06	0.038790280448469605	0.06407677721623095	0.9981484184541473	0.9959696181374507	22	2948.0	2948.11954819008	0.9600925020330467	0.9417313231561585	1.0	1.0	True
18	2048-10-01	FGA	south	0.11628539510747082	0.013803570677348477	2.171678694483913	0.05354631668249864	-0.976225307135671	-182.26130210103528	8	692.0	692.0621943324262	0.9949987496874219	0.9989763913238483	1.0	0.9995061757659454	False
19	2048-10-01	FGA	south	0.03939494964938406	0.0017269729541871024	0.6989005479865652	0.056367032137655926		-8.867802466036496	10	574.0	574.0147170080645	0.9634245151665933	0.9621399030489961	1.0	0.9888378986747497	False
19	2049-04-01	FGA	south	0.0931619388385872	0.009102116868682881	1.6269951078128913	0.05726012228999343	0.9942481745750693	-6.871021848654044	25	1621.0	1620.9713218387435	0.9828280589670154	0.974486285089493	1.0	1.0	False
19	2049-10-01	FGA	south	0.16763601255796218	0.04395129950782529	4.544852250956301	0.0368848101767641	-0.6214859408379131	-72.51362637147156	29	1535.0	1535.0190720090623	0.9726950202550447	0.9695955844442647	1.0	0.9957831741349072	False
21	2049-10-01	FGA	south	0.09518431837122403	0.009060054463794535	6.6165874047430036	0.014385711628775968			1	11.0	10.978078424258884	0.12941176470588237	0.0811550736667396	0.12941176470588237	0.0811550736667396	False
19	2050-04-01	FGA	south	0.017615119049940297	0.00035951699915743305	0.4551905430359758	0.038698341429619934	0.9629648738578023	0.35527630912372465	25	1044.0	1043.9842474844397	0.8666755503433643	0.8427639993739574	1.0	0.9903724814336496	True
21	2050-04-01	FGA	south	0.009328157875746496	0.00011668269110282597	0.42502902820945765	0.021947107742366967	0.961273123082865	0.16448185404300597	6	68.0	67.83811692700434	0.38650237524476877	0.37009582915534417	1.0	0.9601350716741274	True
19	2050-10-01	FGA	south	0.22988878828218778	0.05288042904488669	5.346055953414941	0.04300156793819936	-0.10622750906879985	-1719.237789050012	7	206.0	205.95823597364208	0.6933027484195449	0.6388132553098821	0.8269230769230769	0.8089689482855305	False
21	2050-10-01	FGA	south	0.16492678254958873	0.028957120632804208	2.2574700778180086	0.073058236372728	0.7141248608511593	-32.037777184246636	29	3357.0	3356.681191308568	0.8771373578303627	0.8659890878025331	1.0	0.9481069922740479	False
22	2050-10-01	FGA	south	0.18724336952010553	0.035147546658335846	4.613038800343731	0.04059002701346311	0.9768835990486824	-70.94677821273639	9	147.0	146.77284081594152	0.06394088031518858	0.0600352003225403	0.0989010989010989	0.06670191621111468	False
21	2051-04-01	FGA	south	0.19626886589844278	0.0391835008456743	3.32349205190724	0.05905501286991515	0.891707697575167	-28.286238570797643	29	3439.0	3438.93871217384	0.9198354982446946	0.923578956386721	1.0	0.9532652181243778	False
22	2051-04-01	FGA	south	0.2274555919860073	0.05199913206367109	5.102588591390438	0.04457651012072412	0.9665117459871557	-105.05371461930295	9	147.0	146.5623154419781	0.06394088031518858	0.06671875596059397	0.0989010989010989	0.08462385338335754	False
23	2052-10-01	FGA	south	0.13520367818986978	0.022597770863526448	2.64069307635602	0.05120007296586009	0.9398850929121522	-18.167030332511988	21	2966.0	2966.0003194144656	0.8854361823677153	0.8632423109965005	1.0	0.9357534374862928	False
25	2052-10-01	FGA	south	0.06369219675157667	0.005091613311130007	0.9727260423621291	0.06547804209796736	-0.7565803785391778	-5.391723558025882	11	424.0	424.0280226577662	0.16981447941262412	0.1717075166700518	0.33613445378151263	0.3091857194251598	False
23	2053-04-01	FGA	south	0.03927016973494139	0.002038621406078559	0.6799251410775383	0.0577566078417198	-0.21456767710313251	-0.2993255646864834	25	3084.0	3084.0257851055835	0.8242143641651218	0.8045138735569806	1.0	0.9667946031386281	False
25	2053-04-01	FGA	south	0.2471801447576538	0.062244282201559475	3.2333429106246117	0.07644724101035852	0.9696184485883028	-41.24616047248404	17	554.0	553.9884690305325	0.2958950674245252	0.28936817153004424	0.6666666666666666	0.4471983930329799	False
23	2053-10-01	FGA	south	0.25640323109331736	0.06575562029099287	4.260603124837936	0.06018003169517705	1.0	-304760.65044405666	2	40.0	39.89912616862344	0.44843276036400403	0.45923975642329495	0.4782608695652174	0.4771804268941423	False
25	2053-10-01	FGA	south	0.10771308120699867	0.011660131277505861	2.2084479037413574	0.048773204486517736	-0.8092935676054458	-229.6078555789261	4	73.0	72.99384038378535	0.5837546343107516	0.5335268709574491	0.6666666666666666	0.5581448600032536	False
26	2053-10-01	FGA	south	0.019208722162472353	0.0006181752814544761	0.4280780971330744	0.044872004176614154	0.6436990736110788	0.1725601082782552	11	359.0	358.75147480866985	0.19130267961144132	0.1870741525804556	0.3	0.24183037428039394	False
27	2053-10-01	FGA	south	0.13072510866520218	0.01780795847778157	2.7489612632816542	0.04755436550209703	-0.8918714178216853	-34.95826502644677	14	953.0	953.0029991869346	0.4622727713020721	0.44565122596202994	0.5862068965517241	0.47211407062004906	False
28	2053-10-01	FGA	south	0.08002110748031159	0.006981922671553645	1.3549848936268358	0.059056826283961125	-0.8746642174313511	-17.711718837686938	12	653.0	652.9966353682887	0.2860269625244813	0.2757353978948496	0.4132231404958678	0.42192425845306575	False
29	2053-10-01	FGA	south	0.2254769523649768	0.05128339421628173	6.466859598731934	0.034866529715472695	-0.9721526348096223	-226.12584030269758	5	94.0	93.9386499319788	0.08149933610540439	0.06033235735282598	0.11023622047244094	0.06399936209909453	False
26	2054-04-01	FGA	south	0.016849479355719676	0.00034312398127934535	0.3489824761666641	0.04828173477591134	0.9692653378694733	0.6484274094161382	16	452.0	451.7636164322869	0.1705711987233958	0.1854546835670723	0.3	0.24518473741717012	True
27	2054-04-01	FGA	south	0.014919205720984943	0.00028029829341076157	0.29016150811090385	0.051416901635631874	0.9758025565029715	0.7596359728092847	21	1206.0	1206.021090888707	0.41242439552733967	0.3959333796991591	0.5862068965517241	0.5148756544365358	True
28	2054-04-01	FGA	south	0.012302208045746398	0.00021146339324076203	0.19985628293482652	0.06155527294459974	0.9627308370472866	0.821687884804087	22	1084.0	1083.833715219031	0.35580422726770006	0.3402531741420811	0.6122448979591837	0.39417239898896994	True
29	2054-04-01	FGA	south	0.023471042963929593	0.0007899537522398925	0.320908187292592	0.0731394333125243	0.8397009189160828	0.057485891092470154	14	274.0	273.77671668551505	0.1702332914019651	0.18868267663752572	0.323943661971831	0.40918859468694435	True
26	2054-10-01	FGA	south	0.005436417264694622	3.247722905491355e-05	0.1216970970458028	0.044671708665725465	0.9882938499382566	-1.3835103322878228	3	55.0	54.675223331133246	0.14138170119532964	0.10803820822524161	0.1485148514851485	0.11670677203634125	True
27	2054-10-01	FGA	south	0.005598874655260409	3.767610348777765e-05	0.10903938537881673	0.05134726902402471	0.9908844064681777	-0.6184210539499513	4	122.0	122.00006059694772	0.2560298014059898	0.24794657780843177	0.31176470588235294	0.2882162360046798	True
28	2054-10-01	FGA	south	0.005458564663435915	4.1444001904520356e-05	0.1254652097643462	0.043506599747359535	0.9688737429744371	0.9326416308296605	19	482.0	481.96942021112454	0.27211634632090154	0.2665138186577018	0.6122448979591837	0.4647100681921197	True
29	2054-10-01	FGA	south	0.004380259789501577	2.5577828321192465e-05	0.10897287158535134	0.04019587375992754	0.9758983478169772	0.9511804004243696	24	1628.0	1627.5521124895886	0.6588669354491387	0.6530543501073404	0.88	0.870984462949669	True
0	2027-10-01	FGA	tropics	0.1867200246767296	0.03512552544529399	18.512569511639086	0.010086121462465616	-0.13905429726206664	-5423.625273309859	32	566.0	565.4299482353206	1.0	0.9989464447358454	1.0	1.0	False
0	2028-04-01	FGA	tropics	0.19067551389958629	0.03682926298525304	3.5747002623442716	0.053340280276965704	0.11273144061445402	-190.47397023392216	26	385.0	384.724202524648	0.6581529903136759	0.6465783040667197	1.0	0.9998905837549918	False
1	2028-04-01	FGA	tropics	0.2134379398390878	0.045650851262759494	6.2962209293880385	0.03389937269241169	-0.746462890576709	-19579.402726969744	12	462.0	461.9938646448419	0.6495581879649377	0.6261674568382732	0.8235294117647058	0.9067700150150404	False
0	2028-10-01	FGA	tropics	0.2152139912673889	0.04647305678497642	6.141198516222158	0.0350442980631378	0.2252545020789643	-420.38309074146594	22	343.0	342.5632462362197	0.4342032493417602	0.4208544560555452	1.0	0.9740640821308147	False
1	2028-10-01	FGA	tropics	0.17020978213737128	0.029932308101465143	3.3761143869010075	0.050415881285826254	-0.639667262465599	-53.221598285441125	38	2789.0	2789.017328071975	0.8554519311892522	0.8382446318697024	1.0	0.9984874423160719	False
0	2029-04-01	FGA	tropics	0.2507018048580631	0.0628929832016722	13.848503398462903	0.018103169537142146	-1.0	-1630.1840467940424	2	36.0	35.84690009149844	0.10689630881938575	0.07030546029507445	0.13095238095238096	0.08212843597440259	False
1	2029-04-01	FGA	tropics	0.1010430287066439	0.010488355348289857	1.9913173745458	0.050741800377095005	0.15815529066224937	-37.834323150494264	25	2106.0	2105.6803013787007	0.9575670499734684	0.9414438015637782	1.0	0.9616782700104084	False
3	2029-10-01	FGA	tropics	0.14667845149516923	0.021729443923140128	3.848768228917418	0.0381104921811379	0.2751711102366961	-94.58595219897754	21	2238.0	2238.0023421656824	0.9529541635067742	0.9406692910525187	1.0	0.9739059472677527	False
3	2030-04-01	FGA	tropics	0.02531997491134887	0.0010816369517969212	0.7096978985332812	0.03567711693056604	0.47413957565425774	-0.7321262647869138	37	3180.0	3179.9588522545732	0.9668575952188184	0.9612210743269585	1.0	0.9944838479403845	True
3	2030-10-01	FGA	tropics	0.2803976581643194	0.07868412691343578	8.906918746191316	0.03148088201480676	-0.7935475289118326	-4518.2082181851	14	686.0	686.013283576208	0.9846592877942495	0.9871831429096964	1.0	0.9917421098685024	False
4	2032-04-01	FGA	tropics	0.008642360779448776	0.00043637956210783486	0.09602350504116379	0.09000255485095998	0.6247940352640439	0.14758903073906415	19	314.0	313.8796075885348	0.6913401020250401	0.6772072649467726	1.0	1.0	True
5	2032-04-01	FGA	tropics	0.00550347294011234	5.383318863512592e-05	0.09877595476740238	0.05571672734596105	-0.8761400665696881	-5.203154978720944	8	437.0	437.01258316743224	0.6511624957857676	0.6200650711444955	0.9	0.929068448714145	True
4	2032-10-01	FGA	tropics	0.09600249302319568	0.009348960744028485	4.375660830748145	0.021940112987866404	0.05152231559970728	-157.42895041813821	23	390.0	389.72389617931606	0.5833233581450815	0.5954525911619892	1.0	0.9999629113192302	False
5	2032-10-01	FGA	tropics	0.23242309837764247	0.055901876718187846	4.834588799900656	0.04807505001923192	-0.765383430188067	-43.84735574688226	29	4257.0	4257.067297906725	0.8837165944564438	0.8335669770345149	1.0	1.0	False
4	2033-04-01	FGA	tropics	0.1826576761674293	0.033363826662885475	84.96590432754266	0.002149776167429301			1	11.0	10.819760698040783	0.031073446327683617	0.05166343773615165	0.031073446327683617	0.05166343773615165	False
5	2033-04-01	FGA	tropics	0.2598289083844227	0.06869199313462376	6.588259814385919	0.039438169669184626	-0.9916540987407056	-163.886637100746	18	3068.0	3067.9625437675268	0.9815768403046756	0.9775559540026665	1.0	1.0	False
5	2037-04-01	FGA	tropics	0.0033241644576472045	1.6403259397407632e-05	0.24307130037319574	0.013675676447789189	0.9226260807795008	0.21867496730675995	27	534.0	534.0041984247264	0.7674794744648886	0.7633940920165094	0.9285714285714286	0.8730839811509455	True
6	2037-04-01	FGA	tropics	0.0061771609709718196	3.818561078507643e-05	2.670299869065629	0.002313283628753382	1.0	-383.08202067755707	2	22.0	22.022637136108358	0.2836879432624113	0.227397919278587	0.3333333333333333	0.22820274081573064	True
5	2037-10-01	FGA	tropics	0.22420998880514204	0.05109886055242725	19.070432402671127	0.011756943108103712	0.6774267572341075	-1518.0631796357773	37	722.0	721.967480102324	0.591625152783261	0.5847400295879943	0.875	0.8038085814520377	False
6	2037-10-01	FGA	tropics	0.1695052958555879	0.028735969096286982	65.92051771888404	0.0025713586865084687	0.6454163777628237	-18747.15095144788	3	33.0	32.40749933811635	0.26245862884160753	0.19291738949688633	0.3333333333333333	0.20916681021142164	False
7	2037-10-01	FGA	tropics	0.04063445057168293	0.005345849231551761	2.0522101607715983	0.01980033592485724	-0.5705943394590126	-229.5540290673388	24	861.0	860.7389598996417	0.6789805398583022	0.6666201117206207	0.9836065573770492	1.0	False
5	2038-04-01	FGA	tropics	0.232243584584698	0.0539619843999523	21.72553292127963	0.010689891264173365	-0.5817233366751239	-48291.76627993655	14	224.0	223.96055873863233	0.36239802228932266	0.34700880943313045	0.6	0.5615317559281785	False
6	2038-04-01	FGA	tropics	0.12132638616858471	0.014720091980728543	20.991872515433997	0.005779683831415282			1	11.0	10.537480500933375	0.22	0.1676707941549088	0.22	0.1676707941549088	False
7	2038-04-01	FGA	tropics	0.2119172070015094	0.05107259967976313	6.433542198997564	0.032939429080690426	0.6569534153914599	-346.0991075213234	48	1659.0	1659.0281110171982	0.8445480599401511	0.8430009435873788	1.0	0.9982633294871835	False
7	2038-10-01	FGA	tropics	0.2814766685210488	0.07930146347081955	17.11259947569408	0.016448504443807316	0.2981229996663938	-10530.434233590348	24	630.0	630.1071120087021	0.9812874686141013	0.9842821360563501	1.0	0.9885059921555838	False
8	2039-10-01	FGA	tropics	0.004233650965303531	2.386623650295922e-05	0.34579100811998553	0.012243380729653046	0.9378598954656341	-0.5115065565246526	29	733.0	732.9769389344716	0.7674446171350595	0.7595862005819989	1.0	0.9800518763269137	True
9	2039-10-01	FGA	tropics	0.04935637456545996	0.008146072653768337	2.4207363584619137	0.02038899213164212	-0.4882306574514564	-978.1964229710499	12	255.0	254.9757757804202	0.4099964733748915	0.3881267806133483	0.603448275862069	0.5372718284744585	True
8	2040-04-01	FGA	tropics	0.2079206914677603	0.04333087859032728	9.815660027674502	0.021182548181329	0.9359623660828396	-662.2337630171158	33	816.0	816.0235696387475	0.5730291320261225	0.5772876991483167	0.9705882352941176	0.9318662163972752	False
9	2040-04-01	FGA	tropics	0.17410045317643652	0.03470499346906905	8.074821981237486	0.0215609029624397	0.8450106291475825	-247.44236470263797	39	1292.0	1292.2534194353734	0.7143855002211233	0.7109831361976011	1.0	0.9494427271861162	False
8	2040-10-01	FGA	tropics	0.26880220681865874	0.07227230848956907	13.950192183356597	0.019268709942172384	-0.8050996592652221	-7239.223709542922	7	106.0	106.13255149833347	0.21594757138293877	0.22679020667916058	0.27472527472527475	0.29145628556905334	False
9	2040-10-01	FGA	tropics	0.07443416971825284	0.005625121669517975	4.71003220839321	0.01580332499332217	0.515124953049869	-115.56992425667863	30	999.0	998.6677985426578	0.8960382363040544	0.8794091907700287	1.0	0.9458157932468751	False
9	2041-04-01	FGA	tropics	0.09528366179812577	0.009134716657490737	3.257636845591741	0.0292493197721116	0.610275957671297	-109.73627788448466	6	73.0	72.8009267130915	0.9482987772461456	0.9112630353749821	1.0	0.9701234996890465	False
10	2041-04-01	FGA	tropics	0.0655580459992098	0.004406210207384714	4.725773793117178	0.01387244689847224	-0.8806208177550707	-127.27810016773432	11	185.0	184.82601390767292	0.6525113358250281	0.621069917236592	0.8823529411764706	0.6475262165011522	False
11	2041-04-01	FGA	tropics	0.015583201922303478	0.0002720538518423838	0.742462439600351	0.020988539071002066	0.0	-8.311278233980623	2	25.0	25.160343154632827	0.38330170777988615	0.322821962900411	0.4117647058823529	0.33626838838590906	False
10	2041-10-01	FGA	tropics	0.17838954661435477	0.03203528779904709	12.962741426305353	0.013761714497548181	-0.6680628329343626	-513.9714411240047	33	641.0	640.5126967147105	0.5484442237814656	0.5294796111828455	0.8823529411764706	0.6432031928274494	False
11	2041-10-01	FGA	tropics	0.030398542175437193	0.004200800346917117	2.3943662231051	0.012695861594645816	-0.6561660293069764	-150.34060494307727	28	560.0	560.0149546192102	0.5170863229376412	0.5128355773193569	0.7666666666666667	0.6986049180164524	False
10	2042-04-01	FGA	tropics	0.21405277808407353	0.046048070151040746	21.91755818296487	0.009766269412732445	-0.8065732851635852	-4007.210166692836	20	405.0	404.9111030260704	0.4793492255750794	0.4689912804106024	0.7	0.6017712693286462	False
11	2042-04-01	FGA	tropics	0.12101135785502187	0.016331416339861075	8.941612440096447	0.013533505132964205	-0.605483708275448	-344.1659992497758	30	604.0	603.8232655495547	0.5694344985466929	0.5596976387679119	0.782608695652174	0.6734029948687974	False
11	2042-10-01	FGA	tropics	0.008898134229690373	0.00010170831947954527	0.3629025082277006	0.0245193516935058	-0.9960289375011191	-0.17499629731540267	4	58.0	57.65379786640372	0.6574110671936758	0.6059667604401089	0.782608695652174	0.6699030630312858	True
10	2043-10-01	FGA	tropics	0.11437504511441304	0.01874835712954286	14.421726438104823	0.00793074571240052	0.993590454462173	-915.2228628148595	3	33.0	32.94911329459504	0.4496825396825397	0.35898168936657976	0.48	0.4096715131726012	False
11	2043-10-01	FGA	tropics	0.01681340305694648	0.00028269052235533725	0.9492277299177955	0.01771271795694648			1	11.0	11.055640840140285	0.7333333333333333	0.31858700971126697	0.7333333333333333	0.31858700971126697	False
13	2043-10-01	FGA	tropics	0.06773744919085668	0.004590026206333996	2.617525247648762	0.02587843202341717	0.9712357247777567	-160.81078475353254	5	62.0	61.899816890951875	0.4773324235144559	0.42891356448050083	0.5882352941176471	0.5146364673581257	False
10	2044-04-01	FGA	tropics	0.0016545252645615415	3.450417614529911e-06	0.17489968531059583	0.009459852724282212	0.9703164235245543	0.8142206313652551	5	57.0	56.238579613100555	0.3750726817042606	0.2786470089967304	0.48	0.3964129652877922	True
11	2044-04-01	FGA	tropics	0.0030527355447064752	1.0021464141834673e-05	0.7008603109402475	0.004355697557778727	0.9863389534848909	0.20559838195692637	3	32.0	32.023037640033145	0.4238667510014758	0.2160498061063406	0.7333333333333333	0.2597214678530035	True
12	2044-04-01	FGA	tropics	0.00145799718298449	2.2085559923736406e-06	0.34521594455678645	0.004223435232275767	-1.0	-2.8877772772455383	2	23.0	22.96065494216628	0.2067741935483871	0.1829061833875541	0.22	0.19496053960743115	True
13	2044-04-01	FGA	tropics	0.002420813703702197	9.535359289617303e-06	0.15308652615619145	0.015813368847577638	0.9075178474703381	0.7856175899657437	31	982.0	982.1046591449079	0.6534787582211884	0.6539221851116127	0.84375	0.7896178325636082	True
10	2044-10-01	FGA	tropics	0.0027746752721722685	1.1800760931396544e-05	0.31965910618136273	0.008680107084445205	1.0	-0.29776962521166594	2	24.0	23.53945240438497	0.2631578947368421	0.15390466018591403	0.3333333333333333	0.18451011480157373	True
11	2044-10-01	FGA	tropics	0.0032584134376019936	1.061725813034524e-05	0.8049117068242956	0.004048162562398007			1	11.0	10.743508101025757	0.21568627450980393	0.13821562129657414	0.21568627450980393	0.13821562129657414	True
12	2044-10-01	FGA	tropics	0.010007476191803907	0.00010605366225369457	1.3808134086357213	0.007247522459744614	0.8365749161987935	-5.316020842487984	7	83.0	82.73152442602982	0.3022705229815171	0.2678871192499019	0.4583333333333333	0.34960829064488264	True
13	2044-10-01	FGA	tropics	0.008403764990230026	8.960231479466154e-05	0.5559603643071718	0.015115762794893937	0.886761828552332	-0.34607113624746955	40	1237.0	1236.6635291278333	0.7007179247860232	0.6840130964444305	0.9047619047619048	0.7721593262946482	True
14	2044-10-01	FGA	tropics	0.01652869668911326	0.0002731978142407036	0.7701251936386997	0.02146235031088674			1	11.0	10.768177047505457	0.4230769230769231	0.2640238608899719	0.4230769230769231	0.2640238608899719	True
12	2045-04-01	FGA	tropics	0.16328152240970717	0.03515750959707519	15.10864597584925	0.010807157879713916	-0.39438408490642324	-748.103408195635	4	49.0	48.4395578632336	0.36946386946386944	0.3012133268294575	0.4583333333333333	0.3659470823722436	False
13	2045-04-01	FGA	tropics	0.15712838233680063	0.028411510058643313	12.582109528186603	0.012488238318447285	0.4910184339971398	-12016.13884635483	14	281.0	281.12266117770025	0.6628047576829014	0.6088137206419476	0.8421052631578947	0.731910686380052	False
14	2045-04-01	FGA	tropics	0.04901842869459876	0.002524909764438809	2.1827471761747526	0.022457217780257617	0.3007579442567224	-24.88972868419492	27	1263.0	1262.9637689444255	0.7762256524507094	0.756696214420333	0.9253731343283582	0.9133261977655582	False
14	2045-10-01	FGA	tropics	0.21717593634168772	0.048020220339295046	11.81709464904303	0.018378116008343475	-0.7102711176473205	-277.6503694336077	42	1846.0	1846.0287353047374	0.7829562768594468	0.7790693801374411	0.9253731343283582	0.8945384200161229	False
15	2045-10-01	FGA	tropics	0.024841950474676345	0.0006351930693095361	1.9197628697266582	0.012940114045550542	0.9910743914985634	-55.22560286892549	6	68.0	67.78436648956361	0.5925147836912543	0.5123795879929152	0.75	0.6408702974067388	False
14	2046-04-01	FGA	tropics	0.06249410622501024	0.005145404106379432	3.438085852093994	0.018177005727459568	0.8462388552732596	-1050.9131309619943	16	454.0	454.0003982991503	0.7196120837342448	0.6969301659474206	0.8723404255319149	0.8514752384703481	True
15	2046-04-01	FGA	tropics	0.012961156458302918	0.000561066661191766	1.0515565924555679	0.012325686084128254	0.328172427838168	-25.89120794007342	31	897.0	896.8546559248964	0.8045324299400949	0.7735623510250818	0.9818181818181818	0.9060981489041061	True
16	2046-04-01	FGA	tropics	0.02289897353241287	0.0005243629888381452	1.1528832533699682	0.019862352467587132			1	10.0	10.023667986573232	0.19230769230769232	0.1430072828309818	0.19230769230769232	0.1430072828309818	True
15	2046-10-01	FGA	tropics	0.002447778477884951	1.003372893816351e-05	0.11047114465414433	0.02215762754652622	0.9420715064532328	0.8771619682792349	42	1340.0	1340.009407156075	0.6821683551944628	0.664365872698031	0.9818181818181818	0.9401198705892901	True
16	2046-10-01	FGA	tropics	0.003954549586566567	2.434150064333086e-05	0.21239688751392163	0.018618679552483388	0.9587112996556273	0.46203390986242066	24	1403.0	1402.9878655975074	0.6235883057272873	0.6097159697036928	0.8494623655913979	0.7628944871996681	True
17	2046-10-01	FGA	tropics	0.008227555814712701	7.248725922049247e-05	0.2967311508875488	0.02772730732888462	0.9826493723256657	-1.4831567145955078	8	195.0	195.18728942752568	0.2178359953591644	0.20783844341311342	0.3333333333333333	0.29020182588643445	True
15	2047-04-01	FGA	tropics	0.04564467886967474	0.0022513277373875204	2.9123147938106717	0.01567298939203963	-0.037302035513256726	-330.6482002677876	16	446.0	445.9605416476146	0.40088910754646606	0.37056942914199575	0.8214285714285714	0.7158777564334544	False
16	2047-04-01	FGA	tropics	0.01633991064299254	0.0006548201629233888	0.25869688242517247	0.06316237942186577	-0.5735298492928285	-0.8031933583507007	35	1752.0	1751.9619907151537	0.5188344117635099	0.5211839452315408	0.8494623655913979	0.7447501303198842	False
17	2047-04-01	FGA	tropics	0.20943064731474967	0.04437280112639595	5.185237381554705	0.04038978968634131	-0.6893954754759682	-181.45399225512432	34	1765.0	1765.0177407533274	0.6854913954880023	0.6861457199143182	1.0	0.9703735866422952	False
16	2047-10-01	FGA	tropics	0.004849083525934653	2.6827479520422e-05	0.14375822440817632	0.03373082511207518	0.9711127425311598	-0.0021614883936325047	10	248.0	247.99596334661248	0.23597975284804043	0.24596442680632755	0.45918367346938777	0.42346931960102896	True
17	2047-10-01	FGA	tropics	0.0025787856363677945	1.5286559127396935e-05	0.10262995365154648	0.025127027194452367	0.9586154517498844	0.8938501987290827	31	1575.0	1575.009420337954	0.8367196854998948	0.7982777958152513	1.0	0.9789798915334791	True
18	2047-10-01	FGA	tropics	0.002840117936965765	1.2600052834961808e-05	0.11758806925713361	0.024153113108398676	0.6183139705880458	0.36553974195462546	18	826.0	825.9161788227691	0.888490994561693	0.8285225584095747	1.0	1.0	True
17	2048-04-01	FGA	tropics	0.22098118624908417	0.0488413425423253	9.503138906552255	0.023253494284580154	0.9309803879861714	-10579.076896293484	5	68.0	67.86386722442859	0.7627877237851661	0.6403629248035793	1.0	0.7761211023855081	False
18	2048-04-01	FGA	tropics	0.16709331928223523	0.028375467746078752	7.5121560530345475	0.022243057532695638	-0.5393095857940957	-124.9109780037589	44	2475.0	2474.8203736983583	0.9539391256226382	0.9386539442297238	1.0	1.0	False
18	2048-10-01	FGA	tropics	0.2341653214753736	0.05508709659499066	13.095588759727132	0.01788123663408722	-0.8365046149735459	-1790.2929482155241	27	1485.0	1484.963842539326	0.9996438746438746	0.987978138503144	1.0	1.0	False
18	2049-04-01	FGA	tropics	0.00566198656977767	3.205809191634271e-05	0.5303765759208289	0.01067540843022233			1	17.0	16.83525436876271	1.0	0.979256316825075	1.0	0.979256316825075	True
19	2049-04-01	FGA	tropics	0.0070398177293958435	0.00010007123947899494	0.19139118689973772	0.0367823505534961	0.9125322535124739	0.34021430668690533	20	1509.0	1508.915292454439	0.9726481700676877	0.95017352885595	1.0	0.99922860578138	True
19	2049-10-01	FGA	tropics	0.0030386463039937324	1.2433885654827055e-05	0.08867119026038711	0.03426869871793313	0.9959362269017663	0.9718023470961565	42	2936.0	2935.7020300165937	0.9698866206861568	0.9499946146569072	1.0	0.9987785890815377	True
19	2050-04-01	FGA	tropics	0.26396645690057485	0.06975228363387445	10.856253484309269	0.024314691738000604	-0.3882622850631486	-2542.980027441802	20	1122.0	1122.0016329229677	0.9644242923794526	0.9481597600672936	1.0	0.9897445925945053	False
21	2050-04-01	FGA	tropics	0.02534822789956777	0.000650907724800969	0.8460043782081021	0.029962289265283864		-76.7197021761562	6	80.0	79.99896497193824	0.42863645019411273	0.4201659423062671	0.48	0.5328814524929746	False
22	2050-04-01	FGA	tropics	0.07193556964909904	0.0052888442718220414	4.481858068590134	0.01605038993832483	-0.9575826311365359	-230.71913644048678	6	97.0	96.89317974445149	0.5362785947712418	0.5068573447714991	0.6666666666666666	0.5486959389363142	False
21	2050-10-01	FGA	tropics	0.2059832986230088	0.04261670154857247	9.137011453727771	0.02254383719076663	0.9742401258606437	-566.9296166394173	32	555.0	554.8707806374048	0.41345771185245583	0.402758307102578	0.5909090909090909	0.425469550899608	False
22	2050-10-01	FGA	tropics	0.18122671079980154	0.03448371889668783	10.123490911906835	0.017901602557537748	0.8234965729219044	-852.5074603914509	32	775.0	770.8455258128604	0.570410533968628	0.5687917923436832	0.7	0.6026011031821933	False
21	2051-04-01	FGA	tropics	0.00129309320506914	2.7777091775657323e-06	0.18395163342400248	0.007029528256966344	0.9301166205805308	0.845003638014692	30	523.0	523.0755842056088	0.42813400402796054	0.4110433032065124	0.6296296296296297	0.45158728286490274	True
22	2051-04-01	FGA	tropics	0.0017397314473383974	5.0483473766017995e-06	0.1579600545995907	0.011013743010841586	0.9635042467617374	0.8605337855486057	33	775.0	774.244938652406	0.5846833651855279	0.5703276118696122	0.7368421052631579	0.5946574006587443	True
21	2051-10-01	FGA	tropics	0.18168966009474324	0.03316289673220758	18.6582306130366	0.009737775454859892	-0.6998896237169554	-3022.577117773353	5	76.0	75.32859404799171	0.6291626409017714	0.48325219698117	0.8666666666666667	0.6390880493925732	False
22	2051-10-01	FGA	tropics	0.21397726053974603	0.04579749431944572	17.313056146334524	0.012359300329829332	-0.4240846253734438	-15140.25663325457	7	102.0	101.38099947648729	0.5852029540326369	0.5156007011006923	0.7368421052631579	0.5342748573955786	False
23	2052-04-01	FGA	tropics	0.0018698219380351648	7.142731906244594e-06	0.11793135352213156	0.015855172370969735	0.841945819020589	0.2737195068018601	20	709.0	709.0245872502735	0.5906435132072189	0.5703094567074877	0.7317073170731707	0.6442925448898842	True
24	2052-04-01	FGA	tropics	0.003337253820890057	2.3291797824042553e-05	0.21473534033514063	0.0155412416776929	0.9091198386101794	0.13064149133626168	19	382.0	381.6910100976766	0.3463241900358489	0.33715195012688276	0.5	0.35912503958488307	True
23	2052-10-01	FGA	tropics	0.08479357087727583	0.014923695323820825	4.677553283991428	0.018127761615773657	-0.8969139036281284	-128.31603651263694	46	1825.0	1824.9553741674722	0.5306031904124114	0.5257505348847139	0.7317073170731707	0.6242292302764515	False
24	2052-10-01	FGA	tropics	0.06357155347085922	0.009909845682853873	5.416221306224214	0.011737251836036324	-0.8431045075143501	-213.69241484764044	45	1198.0	1197.9551608107854	0.36167993097961826	0.3536883898040114	0.5	0.391195391118482	False
26	2052-10-01	FGA	tropics	0.09544885605484141	0.0091594273503066	12.512437841579379	0.007628318099424293	-0.884096242931405	-2465.886692315254	7	90.0	90.04708068775084	0.19523507727795994	0.16802437159935266	0.2753623188405797	0.21782433380479777	False
23	2053-04-01	FGA	tropics	0.003712993765380614	1.5369221406290587e-05	0.2295902665021424	0.016172261228443525	0.9689971167516818	0.36077792298164457	26	1030.0	1030.0018587280638	0.4608751639715155	0.45683184408348504	0.6964285714285714	0.6111094834570577	True
24	2053-04-01	FGA	tropics	0.0029940072022813418	1.1706024889070181e-05	0.24679176820344068	0.012131714214281481	0.9580090980128586	0.5713686868887689	35	904.0	903.9465243999598	0.3736092360452722	0.3640300042934106	0.5	0.40024894937228367	True
25	2053-04-01	FGA	tropics	0.001116371473935158	1.935777275008631e-06	0.09648471526472767	0.011570448965643314	0.01831523790781925	-0.12940758044165324	12	205.0	204.56941860286665	0.5141380677376642	0.47904108506165866	0.7142857142857143	0.6616676561843886	True
26	2053-04-01	FGA	tropics	0.003459392303990832	1.3214531398200809e-05	0.3482760844143097	0.009932902254280356	0.9791532148592491	0.24600024184902913	13	164.0	163.829642627682	0.24067619788263944	0.20580699486943324	0.43333333333333335	0.3002270833143991	True
24	2053-10-01	FGA	tropics	0.25535384401382344	0.06526378032913899	18.652957539211158	0.01368972418861907	-0.09634837201548972	-54775.107119400964	9	120.0	119.88006948906262	0.37501137850600214	0.3193650338170395	0.45161290322580644	0.37852534936594195	False
25	2053-10-01	FGA	tropics	0.022591599234069382	0.004404762190571584	2.4066136288009936	0.00938729797076933	-0.3134914729535813	-219.68813260182498	38	829.0	828.755236537698	0.6419251231330542	0.6300271226760517	0.8695652173913043	0.7527653043251217	False
26	2053-10-01	FGA	tropics	0.09832548985699051	0.009689958815827166	17.138101899027383	0.00573724502493305	-0.14546094875091137	-6023.271584006901	4	48.0	47.884127685689364	0.32628968253968255	0.27874596884980174	0.43333333333333335	0.2923518995530919	False
25	2054-04-01	FGA	tropics	0.07240072003343756	0.016085539054288247	5.192035348300829	0.01394457378976277	-0.6898026940507713	-1077.9692873917295	49	1063.0	1062.7890711290947	0.5233591837271885	0.5204933467487408	0.8695652173913043	0.7395850357802042	False
26	2054-04-01	FGA	tropics	0.10994347914368031	0.012087568606216868	197.0351581009798	0.0005579891436803105			1	11.0	10.783117011946006	0.1864406779661017	0.11130768454271159	0.1864406779661017	0.11130768454271159	False
28	2054-04-01	FGA	tropics	0.02324199732357044	0.0005655956959619203	1.4001394668770273	0.01659977300362162	-0.7133444290426263	-307.4545055136775	16	608.0	608.0171468017146	0.4461620907489645	0.4337295191350705	0.5853658536585366	0.5882619488508147	False
29	2054-04-01	FGA	tropics	0.05430667074291866	0.0029870205911188717	2.9299413933509912	0.018535070655733423	-0.859724844440727	-1445.8475731023257	11	236.0	235.74022256214008	0.22239086582978554	0.22019802367505636	0.3	0.28379324738195855	False
25	2054-10-01	FGA	tropics	0.04927648643442735	0.002486553211725216	1.1814704247631622	0.04170776127917491	0.7867564616826591	-37.68528867640966	28	509.0	508.9125390536899	0.28904320249366366	0.2809341143061831	0.6052631578947368	0.5531765972518714	False
26	2054-10-01	FGA	tropics	0.25549083774853926	0.06527556817345041	101.17398206889168	0.002525262251460753			1	11.0	10.78650234990607	0.1864406779661017	0.10986197513291422	0.1864406779661017	0.10986197513291422	False
28	2054-10-01	FGA	tropics	0.07473940366907553	0.007384463502314768	3.885837999574904	0.019233792988089502	-0.8032252443564317	-57.521227530574635	42	1890.0	1890.1284238875717	0.429623590441479	0.42541524214187326	0.5853658536585366	0.5001123128180005	False
29	2054-10-01	FGA	tropics	0.015584443705321971	0.0003635440115367958	0.783198893536797	0.01989844959425976	0.901101777516061	-3.2807276447640152	37	1732.0	1731.9866681503627	0.43473222656332294	0.4357215896565679	0.7228915662650602	0.695136679783291	False
1	2029-04-01	GARW	north	0.01629494536069438	0.0008649970991138425	0.09576004951285727	0.17016433725325644	0.6627588478072133	0.2152880999733866	50	2698.0	2697.8620054705098	0.8179045443658955	0.8063437354819506	1.0	0.9939217698329584	True
2	2029-04-01	GARW	north	0.016290762621289326	0.00035719639788547885	0.26384939935815044	0.06174265570025485	0.8297429155506746	0.07542483689246515	16	1042.0	1041.9485903867612	0.3164066270651704	0.2996578624461079	0.43673469387755104	0.47749375659785737	True
3	2029-04-01	GARW	north	0.04094412954073618	0.0017607961139195494	0.8965439906960787	0.04566884610865226	0.9891261411939896	-7.077921322676131	9	540.0	539.9912644052209	0.29661221390718523	0.29746468088570843	0.5448717948717948	0.4800397346596807	True
1	2029-10-01	GARW	north	0.015494726098158624	0.0003063537103383078	0.2991312440328472	0.05179908955434013	0.829063123747215	0.47913958773131804	25	1765.0	1764.78763077956	0.6332672467581655	0.6183522562338639	1.0	1.0	True
2	2029-10-01	GARW	north	0.007392991559601036	0.00013295864809540744	0.13599109430151393	0.054363791964270804	0.9256551778937857	0.8007711608241121	20	1135.0	1134.9468485636062	0.29627510112354605	0.26721457647095176	0.43673469387755104	0.29429983471129945	True
3	2029-10-01	GARW	north	0.00914402760428962	0.0001118208708956677	0.19836496296118536	0.04609698944706712	0.9777358440394677	0.8068231430729614	19	999.0	998.9532694578229	0.5700399943666072	0.5376398415479079	0.9375	0.866244084161113	True
1	2030-04-01	GARW	north	0.014394850359114301	0.00020721171686129312	0.4033653405388357	0.035686879640885696			1	11.0	10.720796732215899	0.07971014492753623	0.06064014296524105	0.07971014492753623	0.06064014296524105	True
2	2030-04-01	GARW	north	0.005780979807887714	5.4538092858618064e-05	0.13054802863131373	0.04428239835175164	-0.9998440802862485	-3.8901407156660213	3	60.0	59.729942582532836	0.19117410173922247	0.22160084955336648	0.2391304347826087	0.24458978456496544	True
3	2030-04-01	GARW	north	0.005340569403079115	4.614628430521483e-05	0.14054584292542469	0.03799877173110617	0.9390719786536396	0.8611777176125772	18	512.0	512.0102415670934	0.9049952438352751	0.8733552680776717	1.0	0.9802390902167905	True
4	2031-10-01	GARW	north	0.0028376860858524843	2.0314689048675142e-05	0.0483134053355447	0.05873496322903092	0.9962397721993027	0.9685659287295995	24	652.0	652.0457305767175	0.9723492766078538	0.9641733368583573	1.0	1.0	True
4	2032-04-01	GARW	north	0.006508944401773118	0.00017448515812034716	0.04797047386561745	0.13568647289178365	0.9487520036011062	0.8674152265374561	34	1473.0	1473.0611589497385	0.73145634993541	0.736623435403373	1.0	1.0	True
5	2032-04-01	GARW	north	0.008368850083590448	8.857319793311468e-05	0.1228914918886365	0.06809950758164973	0.9870428408533604	0.9552025669083363	15	4181.0	4180.987021259993	0.7436768559846236	0.6829390897807703	0.944954128440367	1.0	True
4	2032-10-01	GARW	north	0.069513602288665	0.006854259848265459	0.9212836410202606	0.07545298667377105	0.5653091537830065	-5.002704566133966	22	1145.0	1145.029262695483	0.5097769676532505	0.5302891979995338	1.0	1.0	False
5	2032-10-01	GARW	north	0.06946717721568157	0.007859766534862074	0.8757725528479269	0.0793210257501004	-0.12144845524846325	-1.5871520699447048	20	4382.0	4382.000634984967	0.798319139314671	0.7599092004120683	1.0	1.0	False
5	2037-10-01	GARW	north	0.0027297580660570076	1.0226853603545893e-05	0.08471971493817901	0.032221048761187934	0.9811015122877781	0.9378468294685912	8	109.0	108.46994743746245	0.8062984809308338	0.7568379263796308	0.9230769230769231	0.794344518828278	True
5	2038-04-01	GARW	north	0.011613738117283518	0.00013506680851112785	1.1563393979258605	0.010043537509934555	1.0	-21.558552500489572	2	25.0	24.884850983936197	0.8226495726495726	0.7357602638558858	0.9230769230769231	0.7433844152109184	True
7	2038-04-01	GARW	north	0.013668649333952922	0.00022142317917848902	0.23052037824641852	0.05929475492766022	0.9818534510365982	0.8569672984308092	23	3828.0	3827.904201176541	0.9823581649405161	0.9716769402336756	1.0	0.9996879052283448	True
7	2038-10-01	GARW	north	0.14029287412684172	0.02422892074910437	2.216878313839374	0.06328397605363863	0.5421471809126236	-12.268922212576614	25	3887.0	3886.9586658442413	0.9813452693210323	0.9703569856881077	1.0	0.9924646667005406	False
9	2040-04-01	GARW	north	0.003293464975678355	2.16113121128076e-05	0.1069018456760359	0.03080830789076496	0.990225649326456	0.7712861817230066	12	361.0	360.9116601835828	0.9613210242280902	0.9612131665884075	1.0	0.9799969855862891	True
9	2040-10-01	GARW	north	0.025939832600869902	0.0011214241361672485	0.8117137241092677	0.0319568732552045	-0.9474858913591921	-1.4756066988335168	21	633.0	632.7986010704104	0.9756846634172727	0.9731364874992016	1.0	0.998450821750891	True
9	2041-04-01	GARW	north	0.010400856540584097	0.000221447513137521	0.27523605466860895	0.037788859287010874	0.8389488786728398	0.6361270022606369	23	701.0	700.9556045446928	0.5140067239369742	0.5164724291847562	1.0	0.9974971400543003	True
10	2041-04-01	GARW	north	0.01273620582522087	0.0002683148218308541	0.24919727695170935	0.05110892856059961	0.9847864833110856	0.5167024405068545	15	1501.0	1500.9979839463106	0.6858439563659179	0.6722910899685471	0.7914438502673797	0.8041781253879532	True
11	2041-04-01	GARW	north	0.022156691052411553	0.0006672437628125742	0.8888653691448074	0.024926936993539175	1.0	-0.9458454603113031	2	23.0	22.733781484174674	0.06419902912621359	0.04815358253257142	0.075	0.05672762306984963	True
9	2041-10-01	GARW	north	0.0033826115981773733	1.9975113046058636e-05	0.07752336496971539	0.04363344650349989	0.9980719514174257	0.9714828744146258	19	582.0	581.9901469514626	0.28897982819625845	0.29707232540188533	0.6111111111111112	0.5449020196641485	True
10	2041-10-01	GARW	north	0.005905293876646511	4.817970002908032e-05	0.10821379713596531	0.05457061883917445	0.9975409862245803	0.9650529060948432	23	1805.0	1804.7074836862093	0.7036870233063581	0.6888534035282057	0.8205128205128205	0.7336354087771579	True
11	2041-10-01	GARW	north	0.0057851135607091065	4.6241207314630964e-05	0.17530767490252752	0.03299977347783362	1.0	0.8747771243676284	2	23.0	22.62286849230706	0.06419902912621359	0.04820508052985842	0.075	0.0624979321438926	True
9	2042-04-01	GARW	north	0.29420094794463114	0.08655419777151956	6.216802146637714	0.047323517944631126			1	13.0	13.089503249702453	0.19402985074626866	0.20091616381693947	0.19402985074626866	0.20091616381693947	False
10	2042-04-01	GARW	north	0.40409034215740985	0.17357493187587028	7.668078054968097	0.05269773459016923	-0.8908535988061389	-8948.786597880933	6	172.0	171.66786970032632	0.7526372515397975	0.721122041157494	0.8205128205128205	0.7503892765852027	False
11	2044-04-01	GARW	north	0.008111294521323724	0.0001262496225350728	0.12077972798616751	0.06715774788176938	0.9963535166089285	0.8726996415468513	11	171.0	170.28722823953635	0.12697963602156806	0.1135084757420267	0.2564102564102564	0.18825243843511247	True
12	2044-04-01	GARW	north	0.0007400257120916277	8.069601250821801e-07	0.01302901286812377	0.05679829466606355	0.9996594643266784	0.9989042512194777	13	888.0	888.0068180245855	0.3168031987090026	0.3117615991348993	0.46496815286624205	0.40841598991964123	True
13	2044-04-01	GARW	north	0.000825160747705146	1.4045890634769019e-06	0.01696774954286173	0.04863112492441805	0.9994895539044089	0.99805016220596	16	1767.0	1766.9863576101172	0.600116719242588	0.5991829570362095	0.6714975845410628	0.6107607051312854	True
11	2044-10-01	GARW	north	0.026303650249062033	0.001340486048910498	0.7515541155403804	0.03499901032429215	-0.253783929052358	-1.7285438528178494	10	161.0	160.56390907388368	0.11403657398269924	0.10837096100139676	0.23809523809523808	0.16616364281983412	True
12	2044-10-01	GARW	north	0.08012816617540781	0.009613679305641285	1.3813184606873947	0.05800846687847283	-0.6164537833052647	-6.223448282907647	19	1058.0	1058.048120408799	0.3405007171495113	0.32092554304456317	0.46496815286624205	0.41738490137644035	True
13	2044-10-01	GARW	north	0.07063081926532172	0.007956369500388069	1.0746404959932399	0.06572506761904684	-0.1940460058959757	-3.9518149046168105	23	2034.0	2033.9595097296105	0.5865881724720432	0.5890282164758549	0.6714975845410628	0.6146888184023179	True
12	2045-04-01	GARW	north	0.0030910922302117352	1.0922590269833533e-05	0.06663388173101943	0.04638919645548383	0.9923090342082952	0.3941759095072631	3	56.0	56.2797068877892	0.407976339699003	0.4036523777604452	0.43478260869565216	0.42153810074596143	True
13	2045-04-01	GARW	north	0.013719246390316051	0.0002184945567251337	0.2087168923015786	0.06573136577030324	0.9907083001367809	-3.982492324451891	4	87.0	86.68550020919503	0.537125107755776	0.5329961893019999	0.6206896551724138	0.5771507214200734	True
14	2045-04-01	GARW	north	0.008807914370087709	0.00012099123480629917	0.2925043836620892	0.030112076474938933	0.9851322013289338	-0.40265206837799483	12	240.0	240.0035531179049	0.8197408892560493	0.8261285662053527	0.9230769230769231	0.8955718692033633	True
14	2045-10-01	GARW	north	0.00349120043439581	1.9507438424246345e-05	0.12804508896044317	0.02726539895235141	0.9941714641722299	0.9356376665590287	20	407.0	406.96526444540007	0.8079283430303832	0.806299473588649	0.9411764705882353	0.8365634627367153	True
14	2046-04-01	GARW	north	0.013401952642330728	0.0003036084835485748	0.5076492670513203	0.026400023622955158	0.9791244837565038	-10.656422620957581	5	89.0	88.9106460413419	0.8014372057066556	0.7777302118732278	0.9411764705882353	0.7853996585200999	True
15	2046-04-01	GARW	north	0.005857436986502218	5.191475543599234e-05	0.09158598114690364	0.06395560666765045	0.9979611150315015	0.9661018816105612	22	3369.0	3368.945200924419	0.8013826516430073	0.7981315032457765	1.0	0.9381600102326977	True
16	2046-04-01	GARW	north	0.011776066204461226	0.0001688666691027449	0.13586496282944616	0.08667478324962959	0.9833115405894239	0.871615474087694	13	848.0	847.9968801805467	0.24772704340204932	0.2545143654652963	0.528	0.5195884905777117	True
15	2046-10-01	GARW	north	0.0029647573252651713	1.1384943230880805e-05	0.046466478894673584	0.06380421748730823	0.9972853192150525	0.9939377040288522	24	3417.0	3417.0187288837715	0.7434667146173236	0.7417379104188071	1.0	0.8946978763578909	True
16	2046-10-01	GARW	north	0.007036880959029427	7.286466297355844e-05	0.07375585118168036	0.09540776557097429	0.9868522087839875	0.9624391693377766	18	990.0	990.0138519441866	0.3572511853093064	0.34827942400332584	0.7428571428571429	0.6776583727672184	True
15	2047-04-01	GARW	north	0.001332360562272955	1.775184667900305e-06	0.022333796819412666	0.05965669756227295			1	12.0	11.897971423961526	0.34285714285714286	0.32241328949642917	0.34285714285714286	0.32241328949642917	True
16	2047-04-01	GARW	north	0.005179936277854562	2.900889006004333e-05	0.10777528595566035	0.048062375635780086	0.9986827142122255	-10.454784544435972	3	59.0	59.314733122764665	0.6421052631578946	0.6701664484318769	0.7428571428571429	0.6849383718797171	True
17	2047-04-01	GARW	north	0.0015020328735415988	4.371573156433073e-06	0.03709986496971615	0.04048620863627609	0.9950347454846937	0.982049450159533	14	1015.0	1014.9362604780259	0.9854443353686612	0.982797403758809	1.0	0.995570980283553	True
17	2047-10-01	GARW	north	0.06027586402515248	0.005327813189255102	1.2590930657392403	0.04787244538572948	-0.4473917982972141	-4.604986324165432	24	1475.0	1474.9891782633067	0.9849066868079541	0.9723828222995676	1.0	0.9954256501645321	False
17	2048-04-01	GARW	north	0.20437826159492256	0.04278545381415293	4.315569979772084	0.04735834722942351	-0.8897673348836916	-700.1706791671833	8	290.0	289.8381402175231	0.9801924735287049	0.986122571951598	1.0	0.9948620748169984	False
18	2048-04-01	GARW	north	0.07221271992064765	0.014346614515042813	1.286933824133412	0.056112224705317564	0.2994026132358305	-8.301052204529642	25	4391.0	4390.924675897078	0.9966585872170515	0.9910869662131327	1.0	1.0	False
18	2048-10-01	GARW	north	0.26663128341878173	0.07848335716332455	4.379722244872489	0.06087858282130502	0.2816195518703056	-43.532414394850385	26	4412.0	4411.683355800478	0.9967871030933187	0.9969732113510125	1.0	1.0	False
19	2049-04-01	GARW	north	0.009098038864834552	0.00015259773700846498	0.29888384403822416	0.03044004902342934	0.11910276203280831	-0.5335012163657058	11	243.0	242.7353238928859	1.0	0.9829979093529093	1.0	1.0	True
19	2049-10-01	GARW	north	0.003834030334612763	2.0645333603388047e-05	0.1256317730249183	0.030517999088115286	0.9980954954438098	0.9475751028912375	21	442.0	441.83006866824365	0.9984126984126985	0.987934987864359	1.0	0.9972841350309494	True
19	2050-04-01	GARW	north	0.01358631234446463	0.0006044954861214623	0.22329584721761428	0.060844447013938464	0.12687637752296732	-0.8388156376886813	10	176.0	175.6866773474966	0.8146257968736356	0.7890283447499743	1.0	0.9997341760820805	True
21	2050-04-01	GARW	north	0.011651707855762871	0.00016753227538849605	0.16866076570587776	0.06908368882945735	0.9971005287978654	0.9339598742102833	20	4515.0	4514.990924798249	0.9246062657315559	0.9030544969446505	0.9812332439678284	0.9818760119553733	True
19	2050-10-01	GARW	north	0.060060072611988626	0.005065105880166786	1.1959332257321718	0.05022025588027189	0.8124853977464954	-5.776401015282111	6	89.0	88.54134696529782	0.04868041495691241	0.04242404465809024	0.13636363636363635	0.04605524084739757	False
21	2050-10-01	GARW	north	0.13419892441083717	0.021766286895566086	1.677823827247947	0.07998391859230962	0.665919108438478	-6.204797544903273	24	4599.0	4599.2320813470815	0.9269245736956488	0.9249473314264592	0.9812332439678284	0.9905607442186194	False
23	2052-04-01	GARW	north	0.058033316543542574	0.006138296345861461	1.2364028691169888	0.046937222480718334	0.995043984507381	-36.88993045412105	11	429.0	428.8912625692543	0.9907137039475965	0.9858237193642908	1.0	0.9986539745328884	False
23	2052-10-01	GARW	north	0.15611188884661592	0.033632584353896745	3.358351635342185	0.04648467635245395	-0.7877438798942331	-44.88768986495203	24	974.0	973.9594122482202	0.9824924250522121	0.9805787487222833	1.0	0.9985337871613031	False
23	2053-04-01	GARW	north	0.012907609022896284	0.0002582775123256394	0.2677898949755913	0.04820050817852106	0.8155591308107127	0.5529993240823872	25	727.0	726.7819921392053	0.5222649950166603	0.516418887663804	1.0	0.9880831208215003	True
24	2053-04-01	GARW	north	0.024280310546845627	0.000631595709991994	0.8234940364862093	0.029484500762686747	0.9975055500185616	-4.709582126746367	3	39.0	38.99999012698832	0.06290220134370632	0.03769531953183615	0.08152173913043478	0.039007241625004886	True
25	2053-04-01	GARW	north	0.01715725520810776	0.0004440096504272264	0.3283367695020449	0.052255052743950765	0.9947650481374168	0.5327326447568795	19	2887.0	2887.0501208084274	0.748626121988399	0.7161671592049242	0.8674033149171271	0.7779608804762785	True
26	2053-04-01	GARW	north	0.021287110420776193	0.0005346561121020141	0.8288187207387054	0.02568367471454255	0.9969907122940048	-1.4771759719698774	7	99.0	98.76900877345794	0.05949285571435727	0.05232125338176712	0.09941520467836257	0.06052056596980615	True
27	2053-04-01	GARW	north	0.040491584813401406	0.001755888404584494	1.1242695642190723	0.036015904105282104	0.9982437693974118	-6.26341111735788	8	200.0	199.87067618264575	0.10532306350222903	0.10642116867690223	0.21052631578947367	0.15894092511928923	True
23	2053-10-01	GARW	north	0.00931058071202826	0.00010741953457816729	0.19329719870307552	0.04816717869941962	0.9411937697181114	0.8337910495573524	14	297.0	296.96566940439754	0.16372613107824283	0.14562605443973137	0.5	0.3703448478168525	True
24	2053-10-01	GARW	north	0.015219639061929835	0.0002637458298938773	0.6890114309204132	0.02208909515709883	0.9882199421055183	-1.9479001687833741	3	39.0	38.7837047687635	0.06290220134370632	0.04162438915301179	0.08152173913043478	0.04433717781989894	True
25	2053-10-01	GARW	north	0.004299450305724781	2.526924369575646e-05	0.080819993822308	0.0531978549166635	0.9914464592522343	0.9821257986834805	24	3090.0	3090.0233730700393	0.669465893406105	0.6411290719721208	0.8674033149171271	0.799644367519646	True
26	2053-10-01	GARW	north	0.01518167331272818	0.00027624383796109804	0.4217128002075412	0.03600002965349093	0.7492390559935187	-0.27157720401951635	14	205.0	204.8396890015554	0.12209548668481938	0.10654730693518397	0.25	0.15417327214368656	True
27	2053-10-01	GARW	north	0.013596612894030585	0.00030321125605587914	0.18266118737926937	0.07443624499056385	0.7691509274208086	0.5523327300069037	20	502.0	501.98472864131867	0.34498864406333735	0.35280453522754324	0.8461538461538461	0.6371741490361175	True
25	2054-04-01	GARW	north	0.025892864688595585	0.0006806886814189334	0.5712293250246584	0.045328318337784675	-0.9912484227756875	-583.3180986443812	3	77.0	76.81724007934253	0.30037878787878786	0.2824600100546897	0.4791666666666667	0.31713865781611866	True
26	2054-04-01	GARW	north	0.0034862862945652844	1.3720177589300955e-05	0.17284884726966462	0.020169566356009687	-0.27124289285051306	-5.883468324597535	5	68.0	68.18890180206107	0.20110756179304565	0.17963363910119354	0.25	0.19992362885787632	True
27	2054-04-01	GARW	north	0.005716899151114506	6.141606835075821e-05	0.21116772342100606	0.027072788674795234	0.902300228893168	0.7774138680433269	18	375.0	374.8474703233182	0.34526103932913577	0.32816451959359444	0.8461538461538461	0.6829576962200465	True
28	2054-04-01	GARW	north	0.0101686417574811	0.0001899015276247585	0.19548852595967625	0.0520165657168984	0.9977835204367231	0.8475232887608445	21	3258.0	3257.995580029778	0.864220043971044	0.8400103538729005	0.9539170506912442	0.9484225131856214	True
27	2054-10-01	GARW	north	0.05628916872981518	0.003578687215387187	1.6314028367532598	0.03450353736164834	0.9495281941463651	-6.7667745122234315	8	143.0	142.63735341430385	0.0872348821078041	0.06910665555502202	0.15555555555555556	0.12185232511540656	False
28	2054-10-01	GARW	north	0.14863785409302233	0.02495964223229101	2.246178858025836	0.06617365022465752	0.5416158155954813	-12.73408990421154	26	3397.0	3397.3722363162146	0.8775388818528587	0.8859782724177655	1.0	0.9803484793818069	False
1	2028-10-01	GARW	south	0.03453169991285267	0.0016591117263973032	0.5134563704513276	0.06725342580227281	0.9043911909607694	0.045628170389177325	21	3819.0	3819.009093876427	0.9760517873191139	0.9808281803359149	1.0	0.9990680002613945	True
1	2029-04-01	GARW	south	0.08326948413911446	0.010448463645041406	0.7093695065131674	0.11738520386704668	0.6534059222997326	-3.2323328979999815	24	3892.0	3892.0335027845167	0.9747985190324299	0.9608771059028284	1.0	1.0	False
1	2029-10-01	GARW	south	0.0047338213167259224	2.2409064258688745e-05	0.07735915884940513	0.06119277131672592			1	12.0	12.402521159055798	0.9230769230769231	0.9421944791825155	0.9230769230769231	0.9421944791825155	True
3	2029-10-01	GARW	south	0.0148261648381426	0.0003139218955427888	0.3505940565082342	0.04228869418325232	0.8926266475436141	7.049930266633808e-05	17	1466.0	1465.9787126640774	0.990167215630744	0.973749469266208	1.0	1.0	True
3	2030-04-01	GARW	south	0.07434292556401915	0.007588936151062892	1.4887363108230933	0.04993693310463852	-0.39926806970941003	-5.499990136028859	27	1997.0	1997.0053221416147	0.9931445258929488	0.9892149257224703	1.0	0.9991180235335724	False
3	2030-10-01	GARW	south	0.4415725266689907	0.20526322731271318	8.91914804535773	0.04950837506266329	-0.9382567650261855	-3241.594316159753	8	310.0	310.1088064228725	1.0	0.9995531601669829	1.0	1.0	False
4	2031-10-01	GARW	south	0.002734868239577378	1.4747544168852822e-05	0.05976033227342515	0.04576393964920352	0.9936515451709782	0.9466878417553048	15	1125.0	1124.9748547587064	0.9946700991609458	0.9878650134949177	1.0	1.0	True
4	2032-04-01	GARW	south	0.0023147493957415555	6.4948822443416e-06	0.05070586179112391	0.04565052863664677	0.9987949033248936	0.9932819577749246	24	1709.0	1708.8668006220933	0.9938167433091286	0.9911243353682023	1.0	0.9990541879062668	True
5	2032-04-01	GARW	south	0.0009536285749084869	9.094074588819917e-07	0.033072613188447064	0.028834388425091513			1	18.0	18.058386184230393	1.0	0.9991226041044824	1.0	0.9991226041044824	True
4	2032-10-01	GARW	south	0.00481249397922799	2.747173515695214e-05	0.1167831429250216	0.041208806842249146	0.9946932507186702	0.3945983654368941	6	260.0	259.75702074430245	0.989969135802469	0.9903794459363618	1.0	0.9949871137147047	True
5	2032-10-01	GARW	south	0.06381385934398504	0.006763466092635532	1.2070932300166544	0.05286572549421439	0.7020539904780134	-3.786755072372938	27	4945.0	4944.982602535432	0.903241896857462	0.898107297731562	1.0	1.0	True
6	2032-10-01	GARW	south	0.07291079669276841	0.007625559400320415	0.9330467669452672	0.0781427033196562	0.8796431962219998	-4.989639492469812	15	427.0	426.9846511778094	0.1585644604172165	0.1597370849110241	0.41025641025641024	0.32304333569061616	True
5	2033-04-01	GARW	south	0.00580242099723596	4.869668986243067e-05	0.111794596957509	0.05190251725171789	0.9856627672010951	0.9698752191264465	25	4887.0	4887.007281247898	0.8758418058816008	0.866719740237421	1.0	0.9972176736687197	True
6	2033-04-01	GARW	south	0.018954048757252054	0.0009020808272601256	0.12094377937289795	0.1567178473794199	0.9392188733143149	0.7152365979290034	15	427.0	426.87721650221334	0.1585644604172165	0.17471515657156317	0.41025641025641024	0.30251425666835546	True
7	2037-10-01	GARW	south	0.04311264724694761	0.0026911732270728287	0.9429649556079934	0.04572030698548067	0.9938133543880181	-14.902897721994432	10	459.0	458.9926104668792	0.9156257373833256	0.9185988281365407	0.987012987012987	0.967171198956358	False
7	2038-04-01	GARW	south	0.018347238278478988	0.00048107788448923104	0.41685454134455524	0.044013526203409876	0.8595148846725069	0.42435840541567704	24	1067.0	1066.96272823849	0.9464987497840154	0.9410952300018082	1.0	0.9778129018928189	True
7	2038-10-01	GARW	south	0.005418708269806277	0.00011748266907723305	0.10854040441724039	0.049923420673615784	0.9132154892408164	0.8078392991551654	26	681.0	681.1173359995141	0.7138303387157053	0.7201678206815065	1.0	0.970342547355477	True
8	2038-10-01	GARW	south	0.006197893836929112	3.9091849539064214e-05	0.12168143209789156	0.05093541167351618	0.9978455687443821	0.6155748029388168	10	430.0	430.00040609940214	0.5951186871687834	0.5662869148271075	0.7604166666666666	0.8498772166917269	True
7	2039-04-01	GARW	south	0.12195157698542451	0.023217504119099112	2.5413539439032045	0.047986852550779294	-0.7863739570806376	-39.17198294030788	20	404.0	403.85711845078896	0.44206747487991604	0.452590530968885	0.8461538461538461	0.7834806304528145	False
8	2039-04-01	GARW	south	0.15568102540910184	0.032546496496445636	3.2993888723559768	0.047184806469307006	-0.710572801693541	-38.74379704725458	23	1007.0	1006.9896939624686	0.7568487486788529	0.7349171187536309	1.0	0.9993490379681735	False
7	2039-10-01	GARW	south	0.0024544246792464835	6.8167154182100245e-06	0.06342494480643932	0.03869809720350429	0.9946549839253169	0.6426861635543268	3	37.0	36.90923624451349	0.1577747184863567	0.13926556621723452	0.18309859154929578	0.1547105511851706	True
8	2039-10-01	GARW	south	0.0025528967764000604	1.1685021874395008e-05	0.07692575230599415	0.03318650386732891	0.9923664026608665	0.949235513558604	12	373.0	372.72031935329113	0.8139209278096917	0.7989559176269947	1.0	0.9616756199273687	True
9	2039-10-01	GARW	south	0.004800835502467637	3.548982142583131e-05	0.11413102718638725	0.04206424511213237	0.9935175445289839	0.7344030309462084	5	84.0	84.03339699056176	0.6279325513196481	0.6262312070358858	0.7419354838709677	0.664017405969048	True
8	2040-04-01	GARW	south	0.003201787786192691	1.2739725534534276e-05	0.5089748054490287	0.006290660661224682	1.0	-0.04764950499955001	2	25.0	25.00156928790787	0.38446969696969696	0.3281826860634912	0.3939393939393939	0.34527652878502624	True
9	2040-04-01	GARW	south	0.0015653659874720952	4.862770719137755e-06	0.039740063561639304	0.03939012289308787	0.9965531500642317	0.9881085587008261	17	329.0	328.84197004556285	0.7730157398593195	0.7644264830306043	0.9375	0.8671432864274937	True
9	2040-10-01	GARW	south	0.023536195562786532	0.001593367901600358	0.6165395461969004	0.03817467299213589	0.8622925461480294	-1.911998566591118	28	1839.0	1838.9509470118471	0.8705844483689369	0.8690735158479814	1.0	0.9831222964922278	True
10	2040-10-01	GARW	south	0.0062718374934408	5.773257293729631e-05	0.11466313889290171	0.05469794001801098	0.9906096160505407	0.8286928514967407	9	296.0	295.98825509744245	0.1901882652380264	0.18540911350380893	0.27071823204419887	0.27266159816553676	True
9	2041-04-01	GARW	south	0.0039715512022923715	2.1479877820117094e-05	0.07365484386261224	0.05392111358895108	0.997563516999261	0.9809665398394526	27	2018.0	2018.1873070098218	0.8135008490690215	0.8014050444697567	1.0	0.9789077692571772	True
10	2041-04-01	GARW	south	0.004548063266265862	2.418448399255289e-05	0.0833900649288092	0.05453962975263999	0.9951573801018416	0.9691309255924957	17	447.0	446.51496334106275	0.2609338533175559	0.26749436046674824	0.4857142857142857	0.47695425188023755	True
9	2041-10-01	GARW	south	0.011186414993810645	0.0001515471353887544	0.18287642710289861	0.06116925604368032	0.7616441449050263	-0.09907412316072062	6	180.0	179.96051572772046	0.6174635028092476	0.6423168904105624	0.7875	0.7606462521868904	True
10	2041-10-01	GARW	south	0.01270648544427077	0.0001838891365045608	0.32925884508182474	0.03859117419036399	-0.8589064677145672	-1.3279441455608985	6	94.0	93.97271759897072	0.3721451598047343	0.35314055525378735	0.4857142857142857	0.5066103536087768	True
10	2043-10-01	GARW	south	0.03275031465163227	0.0016892070090925588	0.3530997545437185	0.09275088478595173		-0.009982272643931145	10	166.0	165.9662127440594	0.12096637760378844	0.12206898642511443	0.24193548387096775	0.15933103809449847	False
11	2043-10-01	GARW	south	0.10205232431240845	0.012964560977766682	2.6320618755003613	0.03877276794376578	0.9904031222628076	-46.68491892531678	17	1227.0	1226.9999780077042	0.7299818074293738	0.7331991725002583	0.9090909090909091	0.8501512189407657	False
13	2043-10-01	GARW	south	0.0956098470114328	0.01145793320639064	1.790369219377073	0.05340230717588997	0.9934969789036452	-34.320395830853116	9	267.0	267.07100499971784	0.1842665033826759	0.1785932551636396	0.27450980392156865	0.25456233376251297	False
10	2044-04-01	GARW	south	0.001977748696006912	5.967826753331914e-06	0.05122466197375974	0.038609306919780755	0.9996965022964639	0.987354586998307	11	178.0	178.105536895196	0.11913673747021257	0.13098123921926239	0.24193548387096775	0.1477426036969231	True
11	2044-04-01	GARW	south	0.0011608903169066606	1.9543058912461393e-06	0.024769480040457523	0.04686777094272898	0.9995778247679495	0.997853047562248	23	1483.0	1482.9222862545478	0.6785305167439436	0.6679722687533958	0.9090909090909091	0.8653107341026548	True
13	2044-04-01	GARW	south	0.0026222569535720684	1.1518857442336697e-05	0.04418967384030479	0.05934094383788694	0.9956636713306317	0.9868161639177107	16	424.0	424.02842837676116	0.2583263235558729	0.2624124986645924	0.6190476190476191	0.441679666020453	True
11	2044-10-01	GARW	south	0.00859844530991932	7.518755513212135e-05	0.16041393368122403	0.053601611235382	0.9393064840468138	-6.144580356354392	3	77.0	76.9179043308005	0.5230784161490682	0.4456624671400237	0.5652173913043478	0.4960977877200868	True
12	2044-10-01	GARW	south	0.03158729238328554	0.0010067020613231646	2.683019099380338	0.011773040449313552	1.0	-13.996943943223421	2	25.0	24.921985530158814	0.18785890073831008	0.14262369032598665	0.24528301886792453	0.19479571418645783	True
13	2044-10-01	GARW	south	0.009095814106532006	0.00012165534535137209	0.24668333988273286	0.036872429694100664	0.944762063656704	0.7579934301737661	13	274.0	273.86422212196555	0.3791437257036382	0.3833610143107991	0.6190476190476191	0.4792099481639521	True
14	2044-10-01	GARW	south	0.014872666698520358	0.0002245817697030482	0.2943865314950381	0.05052088022841846	0.9933357227873469	-1.8556871218676587	7	295.0	294.9354854623458	0.5099895512840835	0.5060543347109877	0.6605504587155964	0.6398448979332898	True
12	2045-04-01	GARW	south	0.006957435700746369	6.311350932584276e-05	0.2825129643840062	0.0246269608048481	1.0	-0.11895111132328617	2	25.0	24.637290747654916	0.18785890073831008	0.18961140652976105	0.24528301886792453	0.22439110191049172	True
13	2045-04-01	GARW	south	0.0016038874274923144	5.3728879706008945e-06	0.0463348844009992	0.03461511662814739	0.9954063968727268	0.989873940058077	18	435.0	434.8701753981638	0.3196579158056252	0.3141857594985568	0.5357142857142857	0.40520989454100037	True
14	2045-04-01	GARW	south	0.0031777553924618646	1.284798589205693e-05	0.07102803565302064	0.04473945200998562	0.9966234556532506	0.9818599202685597	20	926.0	926.020349436911	0.6197357598439542	0.5774413972116142	0.7777777777777778	0.7190407355988373	True
13	2045-10-01	GARW	south	0.004757798436715249	2.9008674781724665e-05	0.1410894721321024	0.033721852983194314	0.9925419507899299	0.48061993828334115	6	120.0	119.99977254464349	0.2578895310220901	0.24501320394843454	0.34285714285714286	0.2683732261879615	True
14	2045-10-01	GARW	south	0.010760599369510382	0.00017969992883888156	0.2900518197879095	0.037098885907279264	0.8404359117284191	0.6296139460271097	24	772.0	772.0372288362148	0.5014924550917536	0.5055748486897148	0.7777777777777778	0.7272853148606928	True
15	2045-10-01	GARW	south	0.01030018089846556	0.0001444379667338472	0.2402361345815545	0.04287523571924977	0.9924029024064625	0.1735022761303464	14	849.0	848.9633755911431	0.5902225542219908	0.5771109666198804	0.7784090909090909	0.7611967260070367	True
14	2046-04-01	GARW	south	0.04674431778058468	0.004166098751124613	1.1309723870303454	0.041331086697283324	-0.6442325954845551	-7.441895221541275	17	432.0	431.9318715380516	0.30265143485336765	0.286169913329837	0.5789473684210527	0.4816617714968303	True
15	2046-04-01	GARW	south	0.03638080483678608	0.0032683075578497037	0.8467876925506189	0.04296331318562631	-0.2185407633755333	-2.37260480230109	26	1546.0	1545.9385896744902	0.7064204318956151	0.702158082732889	1.0	0.8902341375579277	True
14	2046-10-01	GARW	south	0.012118367690170382	0.00018093502634422283	0.349368979063206	0.034686444465288346	1.0	-1.82102321353358	2	26.0	25.5473330813204	0.13462309542902967	0.11906002207348479	0.1744186046511628	0.12524739508712232	True
15	2046-10-01	GARW	south	0.0023868505856809307	1.65275064525567e-05	0.05716879480517571	0.041750934120878824	0.9674911279655147	0.8207754602760222	10	446.0	446.1697629526968	0.8482926208433152	0.8336083507433625	1.0	0.8579996491034937	True
16	2046-10-01	GARW	south	0.0025191065506781065	1.0664702725645728e-05	0.045290930609004375	0.05562055177062929	0.9991481306845422	0.992077196438583	20	3405.0	3405.0002019434173	0.9158020676289942	0.8916815883211218	0.9705159705159705	0.9697702698379781	True
17	2046-10-01	GARW	south	0.005396264776145994	4.142199518407661e-05	0.19195595516487282	0.028111994605799495	0.9983439295243859	0.902949538124581	4	53.0	52.834315580143205	0.08562413734797814	0.06714294838794709	0.18446601941747573	0.08972610787972139	True
16	2047-04-01	GARW	south	0.06536592597465682	0.005840642488860977	1.0709167872413259	0.0610373529983025	0.29945537189427934	-1.8637323994946344	26	3574.0	3574.0726056010953	0.8700139597834889	0.8474474055634011	0.9705159705159705	0.9966690298551475	False
17	2047-04-01	GARW	south	0.06948599494126113	0.007758814156542921	0.7439691463140561	0.09339902774936933	-0.9036531307067075	-3.090196384536638	6	76.0	75.8640244931955	0.1398844456250308	0.16770630576887202	0.3333333333333333	0.31854439681414776	False
16	2047-10-01	GARW	south	0.00031663119956415925	1.1173450695173908e-07	0.004994657012582467	0.0633939825630682	0.9837726609521249	0.9432167808264081	3	67.0	66.91450600174393	0.6929590017825311	0.683256676883986	0.7954545454545454	0.7419346812837933	True
17	2047-10-01	GARW	south	0.028751926502849145	0.0008266732776252391	26.86848586956891	0.0010700985028491467			1	11.0	10.807463832663263	0.3333333333333333	0.2521164361468616	0.3333333333333333	0.2521164361468616	True
18	2047-10-01	GARW	south	0.0022725970600224093	7.308392910314102e-06	0.0337263917653048	0.0673833440540262	0.9944705041925386	0.9865269238561926	12	1781.0	1780.9535566525715	0.9305509381061094	0.8926898025597865	0.9934640522875817	0.9972500863970521	True
18	2048-04-01	GARW	south	0.0560378658605609	0.003924830837752944	0.8745425143879777	0.06407677721623095	-0.26960242880118485	-0.9909382227354162	22	2948.0	2948.11954819008	0.9600925020330467	0.9417313231561585	1.0	1.0	False
18	2048-10-01	GARW	south	0.01011049974738293	0.00013540573517856016	0.18881783797255094	0.05354631668249864	-0.9176797397799767	-0.7976965468428729	8	692.0	692.0621943324262	0.9949987496874219	0.9989763913238483	1.0	0.9995061757659454	True
19	2048-10-01	GARW	south	0.008232845911837315	9.263896835228489e-05	0.1460578213827471	0.056367032137655926	0.997370664012851	0.4706674252533115	10	574.0	574.0147170080645	0.9634245151665933	0.9621399030489961	1.0	0.9888378986747497	True
19	2049-04-01	GARW	south	0.1983136970385872	0.05308795531233272	3.4633823524551532	0.05726012228999343	-0.8442069536334004	-44.907612722644174	25	1621.0	1620.9713218387435	0.9828280589670154	0.974486285089493	1.0	1.0	False
19	2049-10-01	GARW	south	0.008484846497837229	9.763052905248712e-05	0.23003633357946165	0.0368848101767641	0.9162091283087636	0.8367016603471353	29	1535.0	1535.0190720090623	0.9726950202550447	0.9695955844442647	1.0	0.9957831741349072	True
21	2049-10-01	GARW	south	0.03838394837122404	0.0014733274925647925	2.6681994858317624	0.014385711628775968			1	11.0	10.978078424258884	0.12941176470588237	0.0811550736667396	0.12941176470588237	0.0811550736667396	True
19	2050-04-01	GARW	south	0.020709887384340292	0.0005201387150012398	0.5351621444036572	0.038698341429619934	0.915426316091941	0.06723255676599038	25	1044.0	1043.9842474844397	0.8666755503433643	0.8427639993739574	1.0	0.9903724814336496	True
21	2050-04-01	GARW	south	0.013810109225746494	0.0002541324349692562	0.6292450644458855	0.021947107742366967	0.2552916140527257	-0.81974086204382	6	68.0	67.83811692700434	0.38650237524476877	0.37009582915534417	1.0	0.9601350716741274	True
19	2050-10-01	GARW	south	0.003178167282187782	1.1496522443848404e-05	0.07390817206375716	0.04300156793819936	0.9844415398245432	0.6260099869125032	7	206.0	205.95823597364208	0.6933027484195449	0.6388132553098821	0.8269230769230769	0.8089689482855305	True
21	2050-10-01	GARW	south	0.005121753506231111	0.0001977310331570056	0.0701050800090627	0.073058236372728	0.8844848938437428	0.7744045791468799	29	3357.0	3356.681191308568	0.8771373578303627	0.8659890878025331	1.0	0.9481069922740479	True
22	2050-10-01	GARW	south	0.0027895631645499623	9.078323127201791e-06	0.0687253340241608	0.04059002701346311	0.9986811158375212	0.9814167370791032	9	147.0	146.77284081594152	0.06394088031518858	0.0600352003225403	0.0989010989010989	0.06670191621111468	True
21	2051-04-01	GARW	south	0.12473740303637385	0.01846297638844555	2.1122237888787216	0.05905501286991515	0.5596472816678661	-12.799459455361875	29	3439.0	3438.93871217384	0.9198354982446946	0.923578956386721	1.0	0.9532652181243778	False
22	2051-04-01	GARW	south	0.07157175054156285	0.005550591934906128	1.605593402169192	0.04457651012072412	0.7821319760258978	-10.32059074201363	9	147.0	146.5623154419781	0.06394088031518858	0.06671875596059397	0.0989010989010989	0.08462385338335754	False
23	2052-10-01	GARW	south	0.11105402877332518	0.015177818776142205	2.1690209083759577	0.05120007296586009	0.9546685028962512	-11.873557954923422	21	2966.0	2966.0003194144656	0.8854361823677153	0.8632423109965005	1.0	0.9357534374862928	False
25	2052-10-01	GARW	south	0.04021495833620898	0.0028997742976924036	0.6141747225129289	0.06547804209796736	0.9502196865562168	-2.6402127496608787	11	424.0	424.0280226577662	0.16981447941262412	0.1717075166700518	0.33613445378151263	0.3091857194251598	False
23	2053-04-01	GARW	south	0.003822328675670466	2.6687583353422087e-05	0.06617993712763463	0.0577566078417198	0.9951369038508823	0.9829905350707053	25	3084.0	3084.0257851055835	0.8242143641651218	0.8045138735569806	1.0	0.9667946031386281	True
25	2053-04-01	GARW	south	0.012781838447036701	0.0001924314049464294	0.16719816540278773	0.07644724101035852	0.9766209832761809	0.8693938185842114	17	554.0	553.9884690305325	0.2958950674245252	0.28936817153004424	0.6666666666666666	0.4471983930329799	True
23	2053-10-01	GARW	south	0.2331760160933174	0.0545207522607844	3.8746409652024925	0.06018003169517705	1.0	-252689.710982833	2	40.0	39.89912616862344	0.44843276036400403	0.45923975642329495	0.4782608695652174	0.4771804268941423	False
25	2053-10-01	GARW	south	0.2816200699569987	0.08204609970535291	5.77407354964438	0.048773204486517736	-0.9892627451132604	-1621.663987340059	4	73.0	72.99384038378535	0.5837546343107516	0.5335268709574491	0.6666666666666666	0.5581448600032536	False
26	2053-10-01	GARW	south	0.02509921171897599	0.0008274693362719806	0.5593512520676955	0.044872004176614154		-0.10758414085564372	11	359.0	358.75147480866985	0.19130267961144132	0.1870741525804556	0.3	0.24183037428039394	False
27	2053-10-01	GARW	south	0.1225896611312264	0.019894854623257734	2.577884487299499	0.04755436550209703	0.9978119216868606	-39.172176732009675	14	953.0	953.0029991869346	0.4622727713020721	0.44565122596202994	0.5862068965517241	0.47211407062004906	False
28	2053-10-01	GARW	south	0.15899507968635507	0.030114088732842537	2.6922388094792615	0.059056826283961125	0.9960779485849562	-79.70647412322549	12	653.0	652.9966353682887	0.2860269625244813	0.2757353978948496	0.4132231404958678	0.42192425845306575	False
29	2053-10-01	GARW	south	0.14027550798302318	0.023960279840736183	4.023213928307102	0.034866529715472695	0.9956794079421276	-105.116195620048	5	94.0	93.9386499319788	0.08149933610540439	0.06033235735282598	0.11023622047244094	0.06399936209909453	False
26	2054-04-01	GARW	south	0.02054428151071968	0.00048526707632201517	0.42550835437192297	0.04828173477591134	0.9682785103891184	0.5027843798283145	16	452.0	451.7636164322869	0.1705711987233958	0.1854546835670723	0.3	0.24518473741717012	True
27	2054-04-01	GARW	south	0.0168955819781278	0.0003432402419689491	0.32859976857141415	0.051416901635631874	0.9750677590672656	0.7056614014675102	21	1206.0	1206.021090888707	0.41242439552733967	0.3959333796991591	0.5862068965517241	0.5148756544365358	True
28	2054-04-01	GARW	south	0.013495345232468788	0.0002575265326502512	0.21923946701714264	0.06155527294459974	0.9647441584821442	0.782846099023611	22	1084.0	1083.833715219031	0.35580422726770006	0.3402531741420811	0.6122448979591837	0.39417239898896994	True
29	2054-04-01	GARW	south	0.023944848776786733	0.000835312880611656	0.3273863043820774	0.0731394333125243	0.8604964231847664	0.0033667501466693173	14	274.0	273.77671668551505	0.1702332914019651	0.18868267663752572	0.323943661971831	0.40918859468694435	True
26	2054-10-01	GARW	south	0.10379330740197205	0.011101845422544445	2.323468488269576	0.044671708665725465	-0.9998617774961328	-813.7666547338514	3	55.0	54.675223331133246	0.14138170119532964	0.10803820822524161	0.1485148514851485	0.11670677203634125	False
27	2054-10-01	GARW	south	0.1503252080947396	0.023198921330099518	2.9276183709868664	0.05134726902402471	-0.9987193388673153	-995.5367762019682	4	122.0	122.00006059694772	0.2560298014059898	0.24794657780843177	0.31176470588235294	0.2882162360046798	False
28	2054-10-01	GARW	south	0.09658531807901449	0.01953118583579478	2.220015322729889	0.043506599747359535	-0.9710910059503797	-30.743769071646515	19	482.0	481.96942021112454	0.27211634632090154	0.2665138186577018	0.6122448979591837	0.4647100681921197	False
29	2054-10-01	GARW	south	0.12875612232250555	0.031330606955158005	3.203217402152018	0.04019587375992754	-0.09046344598394268	-58.799747922499385	24	1628.0	1627.5521124895886	0.6588669354491387	0.6530543501073404	0.88	0.870984462949669	False
0	2027-10-01	GARW	tropics	0.2686446780829796	0.09663338216997919	26.63508258181413	0.010086121462465616	0.006250881754245929	-14922.616957163844	32	566.0	565.4299482353206	1.0	0.9989464447358454	1.0	1.0	False
0	2028-04-01	GARW	tropics	0.005842738575449798	0.0001519908107718034	0.10953708051610872	0.053340280276965704	0.5466842057519354	0.20980542051023554	26	385.0	384.724202524648	0.6581529903136759	0.6465783040667197	1.0	0.9998905837549918	True
1	2028-04-01	GARW	tropics	0.0018708678889334835	4.788029756652213e-06	0.05518886458191817	0.03389937269241169	0.7868297225346148	-1.0536649002303449	12	462.0	461.9938646448419	0.6495581879649377	0.6261674568382732	0.8235294117647058	0.9067700150150404	True
0	2028-10-01	GARW	tropics	0.011308266433084455	0.0003434116508921038	0.32268491760659146	0.0350442980631378	-0.5571850345911917	-2.1138012616446704	22	343.0	342.5632462362197	0.4342032493417602	0.4208544560555452	1.0	0.9740640821308147	True
1	2028-10-01	GARW	tropics	0.04035323584986992	0.003643309708070594	0.800407229243748	0.050415881285826254	0.011082205019066843	-5.599760858761905	38	2789.0	2789.017328071975	0.8554519311892522	0.8382446318697024	1.0	0.9984874423160719	True
0	2029-04-01	GARW	tropics	0.3851645198580631	0.15630125391391841	21.27608201800374	0.018103169537142146	-1.0	-4052.8085315614317	2	36.0	35.84690009149844	0.10689630881938575	0.07030546029507445	0.13095238095238096	0.08212843597440259	False
1	2029-04-01	GARW	tropics	0.3057386540533561	0.11667593549311736	6.025380490664801	0.050741800377095005	0.28746805926578844	-431.0058610108719	25	2106.0	2105.6803013787007	0.9575670499734684	0.9414438015637782	1.0	0.9616782700104084	False
3	2029-10-01	GARW	tropics	0.009140222597423078	0.00013858921157188149	0.2398348085870921	0.0381104921811379	0.9042352578882443	0.39035799537894966	21	2238.0	2238.0023421656824	0.9529541635067742	0.9406692910525187	1.0	0.9739059472677527	True
3	2030-04-01	GARW	tropics	0.027833862564115276	0.0016048182623607612	0.7801600846358993	0.03567711693056604	0.13620434176846022	-1.5699453571984399	37	3180.0	3179.9588522545732	0.9668575952188184	0.9612210743269585	1.0	0.9944838479403845	True
3	2030-10-01	GARW	tropics	0.43519263959289095	0.20699051008833486	13.824029434378676	0.03148088201480676	0.3286661038297438	-11887.461510243915	14	686.0	686.013283576208	0.9846592877942495	0.9871831429096964	1.0	0.9917421098685024	False
4	2032-04-01	GARW	tropics	0.008595948699851535	0.0004325693945161142	0.09550782990645125	0.09000255485095998	0.7361336322779469	0.15503169976374842	19	314.0	313.8796075885348	0.6913401020250401	0.6772072649467726	1.0	1.0	True
5	2032-04-01	GARW	tropics	0.0067127379786220765	7.601984954663214e-05	0.12047976071783204	0.05571672734596105	-0.7827915969869927	-7.759706050351168	8	437.0	437.01258316743224	0.6511624957857676	0.6200650711444955	0.9	0.929068448714145	True
4	2032-10-01	GARW	tropics	0.011568364530480464	0.00024938629816850897	0.5272700526600819	0.021940112987866404	-0.18387355959069818	-3.22613919870593	23	390.0	389.72389617931606	0.5833233581450815	0.5954525911619892	1.0	0.9999629113192302	True
5	2032-10-01	GARW	tropics	0.053401937021951555	0.005713089401781856	1.1108035665191958	0.04807505001923192	-0.08146487920209727	-3.5833336527697055	29	4257.0	4257.067297906725	0.8837165944564438	0.8335669770345149	1.0	1.0	True
4	2033-04-01	GARW	tropics	0.0374700581674293	0.0014040052590705353	17.42974861063603	0.002149776167429301			1	11.0	10.819760698040783	0.031073446327683617	0.05166343773615165	0.031073446327683617	0.05166343773615165	True
5	2033-04-01	GARW	tropics	0.01336755638235465	0.00023578775873461655	0.338949715326153	0.039438169669184626	0.9169972588742438	0.43402063569361427	18	3068.0	3067.9625437675268	0.9815768403046756	0.9775559540026665	1.0	1.0	True
5	2037-04-01	GARW	tropics	0.004654137836485308	3.0877740958440155e-05	0.34032231270268876	0.013675676447789189	0.9147963503142685	-0.470777933784273	27	534.0	534.0041984247264	0.7674794744648886	0.7633940920165094	0.9285714285714286	0.8730839811509455	True
6	2037-04-01	GARW	tropics	0.00965926447097182	9.336058895157039e-05	4.1755642718904955	0.002313283628753382	1.0	-938.0480581282183	2	22.0	22.022637136108358	0.2836879432624113	0.227397919278587	0.3333333333333333	0.22820274081573064	True
5	2037-10-01	GARW	tropics	0.002048715198771328	6.071741837838812e-06	0.1742557720942963	0.011756943108103712	0.9374476755283132	0.8194997038602873	37	722.0	721.967480102324	0.591625152783261	0.5847400295879943	0.875	0.8038085814520377	True
6	2037-10-01	GARW	tropics	0.0013779069845822327	2.4247261243166173e-06	0.535867279742769	0.0025713586865084687	0.9813421466766339	-0.5819592247710539	3	33.0	32.40749933811635	0.26245862884160753	0.19291738949688633	0.3333333333333333	0.20916681021142164	True
7	2037-10-01	GARW	tropics	0.003013946218399427	1.3925928460198895e-05	0.15221692348238064	0.01980033592485724	0.8887655061957596	0.3994071332852759	24	861.0	860.7389598996417	0.6789805398583022	0.6666201117206207	0.9836065573770492	1.0	True
5	2038-04-01	GARW	tropics	0.01178972305143047	0.00019641205574626457	1.1028852174524109	0.010689891264173365	0.5326954522407369	-174.7771069428019	14	224.0	223.96055873863233	0.36239802228932266	0.34700880943313045	0.6	0.5615317559281785	True
6	2038-04-01	GARW	tropics	0.023481309831415283	0.00055137191139892	4.062732584745102	0.005779683831415282			1	11.0	10.537480500933375	0.22	0.1676707941549088	0.22	0.1676707941549088	True
7	2038-04-01	GARW	tropics	0.008972764739889253	0.00012269142553821067	0.27240195080215335	0.032939429080690426	0.8105569096882399	0.1661657215051453	48	1659.0	1659.0281110171982	0.8445480599401511	0.8430009435873788	1.0	0.9982633294871835	True
7	2038-10-01	GARW	tropics	0.0016535255831677269	4.053095211044375e-06	0.10052741200980501	0.016448504443807316	0.7003281592423652	0.46173873987457326	24	630.0	630.1071120087021	0.9812874686141013	0.9842821360563501	1.0	0.9885059921555838	True
8	2039-10-01	GARW	tropics	0.0011272140103937638	1.7912054879265306e-06	0.09206721862889475	0.012243380729653046	0.9543490457032598	0.8865586185426348	29	733.0	732.9769389344716	0.7674446171350595	0.7595862005819989	1.0	0.9800518763269137	True
9	2039-10-01	GARW	tropics	0.0010535011274220242	1.420183648936875e-06	0.05167009338274612	0.02038899213164212	0.9470090943563516	0.8292872150658197	12	255.0	254.9757757804202	0.4099964733748915	0.3881267806133483	0.603448275862069	0.5372718284744585	True
8	2040-04-01	GARW	tropics	0.0010435975919590665	1.597930583280932e-06	0.04926685793538891	0.021182548181329	0.9884007459254687	0.9755416564752941	33	816.0	816.0235696387475	0.5730291320261225	0.5772876991483167	0.9705882352941176	0.9318662163972752	True
9	2040-04-01	GARW	tropics	0.0011320553513092968	1.98068028477119e-06	0.05250500655197051	0.0215609029624397	0.9934339711040916	0.9858209195715014	39	1292.0	1292.2534194353734	0.7143855002211233	0.7109831361976011	1.0	0.9494427271861162	True
8	2040-10-01	GARW	tropics	0.23373566967580164	0.05538191643854894	12.13032270335011	0.019268709942172384	-0.8586177805002451	-5547.148009360726	7	106.0	106.13255149833347	0.21594757138293877	0.22679020667916058	0.27472527472527475	0.29145628556905334	False
9	2040-10-01	GARW	tropics	0.1796013823150805	0.039582047744779705	11.364784460926582	0.01580332499332217	0.31104280238389387	-819.2624900606985	30	999.0	998.6677985426578	0.8960382363040544	0.8794091907700287	1.0	0.9458157932468751	False
9	2041-04-01	GARW	tropics	0.011696529203431618	0.00018730981559850755	0.39989064000674396	0.0292493197721116	0.14131366922945632	-1.2706770848331534	6	73.0	72.8009267130915	0.9482987772461456	0.9112630353749821	1.0	0.9701234996890465	True
10	2041-04-01	GARW	tropics	0.005295463798932024	6.189861949343306e-05	0.38172528881802453	0.01387244689847224	0.3696456343470522	-0.8020559478336757	11	185.0	184.82601390767292	0.6525113358250281	0.621069917236592	0.8823529411764706	0.6475262165011522	True
11	2041-04-01	GARW	tropics	0.0054139201486985864	3.7684384551275846e-05	0.25794649786647145	0.020988539071002066	-1.0	-0.2897806344478473	2	25.0	25.160343154632827	0.38330170777988615	0.322821962900411	0.4117647058823529	0.33626838838590906	True
10	2041-10-01	GARW	tropics	0.0028421410627131384	1.1313556092213257e-05	0.20652521625989995	0.013761714497548181	0.9824410894457944	0.8181331061674549	33	641.0	640.5126967147105	0.5484442237814656	0.5294796111828455	0.8823529411764706	0.6432031928274494	True
11	2041-10-01	GARW	tropics	0.0019628789095288103	6.6571912151933204e-06	0.15460777473792	0.012695861594645816	0.9613492782607148	0.7601639538835776	28	560.0	560.0149546192102	0.5170863229376412	0.5128355773193569	0.7666666666666667	0.6986049180164524	True
10	2042-04-01	GARW	tropics	0.008189624915926456	6.956433838920724e-05	0.8385622564589	0.009766269412732445	0.9209054787793657	-5.055161214276844	20	405.0	404.9111030260704	0.4793492255750794	0.4689912804106024	0.7	0.6017712693286462	True
11	2042-04-01	GARW	tropics	0.00905442587899313	9.778291671336889e-05	0.6690377540803404	0.013533505132964205	0.9580524614457421	-1.0666510151081412	30	604.0	603.8232655495547	0.5694344985466929	0.5596976387679119	0.782608695652174	0.6734029948687974	True
11	2042-10-01	GARW	tropics	0.007505428769558062	0.00010804859001074147	0.30610225194273594	0.0245193516935058	-0.907399036881998	-0.24824295438588684	4	58.0	57.65379786640372	0.6574110671936758	0.6059667604401089	0.782608695652174	0.6699030630312858	True
10	2043-10-01	GARW	tropics	0.003456658180520642	2.583591703598579e-05	0.4358553792887103	0.00793074571240052	-0.2976334303672758	-0.26258838076311397	3	33.0	32.94911329459504	0.4496825396825397	0.35898168936657976	0.48	0.4096715131726012	True
11	2043-10-01	GARW	tropics	0.01417029475694648	0.00020079725349874487	0.8000067968896466	0.01771271795694648			1	11.0	11.055640840140285	0.7333333333333333	0.31858700971126697	0.7333333333333333	0.31858700971126697	True
13	2043-10-01	GARW	tropics	0.004535103937786456	3.4349984805680065e-05	0.17524647295797052	0.02587843202341717	0.6608814951327281	-0.2109294692062953	5	62.0	61.899816890951875	0.4773324235144559	0.42891356448050083	0.5882352941176471	0.5146364673581257	True
10	2044-04-01	GARW	tropics	0.0011209598520237902	1.8402606651757154e-06	0.11849654373016104	0.009459852724282212	0.9936319831254526	0.9009156274127477	5	57.0	56.238579613100555	0.3750726817042606	0.2786470089967304	0.48	0.3964129652877922	True
11	2044-04-01	GARW	tropics	0.0020072516140515703	4.5036144140527485e-06	0.46083356050901003	0.004355697557778727	0.9988514748809523	0.6429984155079129	3	32.0	32.023037640033145	0.4238667510014758	0.2160498061063406	0.7333333333333333	0.2597214678530035	True
12	2044-04-01	GARW	tropics	0.004802009569291278	2.306036721557518e-05	1.1369914075144345	0.004223435232275767	1.0	-39.5937508377572	2	23.0	22.96065494216628	0.2067741935483871	0.1829061833875541	0.22	0.19496053960743115	True
13	2044-04-01	GARW	tropics	0.0008296269080941596	1.204130759479531e-06	0.05246364111852394	0.015813368847577638	0.9905853248539315	0.9729276636178057	31	982.0	982.1046591449079	0.6534787582211884	0.6539221851116127	0.84375	0.7896178325636082	True
10	2044-10-01	GARW	tropics	0.002705772622172269	7.943921914166084e-06	0.3117211107937858	0.008680107084445205	1.0	0.12638001691658618	2	24.0	23.53945240438497	0.2631578947368421	0.15390466018591403	0.3333333333333333	0.18451011480157373	True
11	2044-10-01	GARW	tropics	0.0026080074376019936	6.801702794587317e-06	0.6442447400277054	0.004048162562398007			1	11.0	10.743508101025757	0.21568627450980393	0.13821562129657414	0.21568627450980393	0.13821562129657414	True
12	2044-10-01	GARW	tropics	0.011560330648946765	0.00014060319627703428	1.5950734493279686	0.007247522459744614	0.8076701297672415	-7.373616708132495	7	83.0	82.73152442602982	0.3022705229815171	0.2678871192499019	0.4583333333333333	0.34960829064488264	True
13	2044-10-01	GARW	tropics	0.008666776487230025	9.615855904142178e-05	0.5733601806822238	0.015115762794893937	0.8932100705652357	-0.4445638053596106	40	1237.0	1236.6635291278333	0.7007179247860232	0.6840130964444305	0.9047619047619048	0.7721593262946482	True
14	2044-10-01	GARW	tropics	0.015245527689113258	0.00023242611451951904	0.7103382187075751	0.02146235031088674			1	11.0	10.768177047505457	0.4230769230769231	0.2640238608899719	0.4230769230769231	0.2640238608899719	True
12	2045-04-01	GARW	tropics	0.004796600742258429	3.758988867284555e-05	0.4438355389683086	0.010807157879713916	0.49901035500003843	0.19906972816795687	4	49.0	48.4395578632336	0.36946386946386944	0.3012133268294575	0.4583333333333333	0.3659470823722436	True
13	2045-04-01	GARW	tropics	0.0058638789678844	3.677752558135861e-05	0.4695521352457246	0.012488238318447285	-0.09295685637640397	-14.555689592855709	14	281.0	281.12266117770025	0.6628047576829014	0.6088137206419476	0.8421052631578947	0.731910686380052	True
14	2045-04-01	GARW	tropics	0.005341435280868697	5.0260937753434675e-05	0.23784937800996925	0.022457217780257617	0.7952698321744547	0.4846381996788508	27	1263.0	1262.9637689444255	0.7762256524507094	0.756696214420333	0.9253731343283582	0.9133261977655582	True
14	2045-10-01	GARW	tropics	0.0016483190864177938	4.114762179035546e-06	0.08968923069532665	0.018378116008343475	0.9909830545966789	0.9761229750047307	42	1846.0	1846.0287353047374	0.7829562768594468	0.7790693801374411	0.9253731343283582	0.8945384200161229	True
15	2045-10-01	GARW	tropics	0.005532006541990322	3.857632163548307e-05	0.42750832971928115	0.012940114045550542	0.9181935831322785	-2.414673498843931	6	68.0	67.78436648956361	0.5925147836912543	0.5123795879929152	0.75	0.6408702974067388	True
14	2046-04-01	GARW	tropics	0.08659729019285481	0.009291387892553236	4.764111949529418	0.018177005727459568	0.840755990701523	-1898.5073519920936	16	454.0	454.0003982991503	0.7196120837342448	0.6969301659474206	0.8723404255319149	0.8514752384703481	True
15	2046-04-01	GARW	tropics	0.00952631172092557	0.00032053166265359924	0.7728828769371768	0.012325686084128254	0.3086225684120482	-14.362672901445778	31	897.0	896.8546559248964	0.8045324299400949	0.7735623510250818	0.9818181818181818	0.9060981489041061	True
16	2046-04-01	GARW	tropics	0.01639300753241287	0.00026873069595774506	0.8253306127340254	0.019862352467587132			1	10.0	10.023667986573232	0.19230769230769232	0.1430072828309818	0.19230769230769232	0.1430072828309818	True
15	2046-10-01	GARW	tropics	0.0025274491816033922	1.0060771642369695e-05	0.11406677796602079	0.02215762754652622	0.9507366338222206	0.8768308976894704	42	1340.0	1340.009407156075	0.6821683551944628	0.664365872698031	0.9818181818181818	0.9401198705892901	True
16	2046-10-01	GARW	tropics	0.0038592219203998994	2.195083266968843e-05	0.20727688607139438	0.018618679552483388	0.9595437872253103	0.5148695308638692	24	1403.0	1402.9878655975074	0.6235883057272873	0.6097159697036928	0.8494623655913979	0.7628944871996681	True
17	2046-10-01	GARW	tropics	0.0066014814397127005	4.877370616513103e-05	0.23808591874464777	0.02772730732888462	0.9769885974774452	-0.6708143922403169	8	195.0	195.18728942752568	0.2178359953591644	0.20783844341311342	0.3333333333333333	0.29020182588643445	True
15	2047-04-01	GARW	tropics	0.003652398934286402	1.6341651176512714e-05	0.2330377978907756	0.01567298939203963	0.48756657690206334	-1.4073257358715372	16	446.0	445.9605416476146	0.40088910754646606	0.37056942914199575	0.8214285714285714	0.7158777564334544	True
16	2047-04-01	GARW	tropics	0.004509715261269305	6.496839028067214e-05	0.07139875512207376	0.06316237942186577	0.9113314955217532	0.8210950479382989	35	1752.0	1751.9619907151537	0.5188344117635099	0.5211839452315408	0.8494623655913979	0.7447501303198842	True
17	2047-04-01	GARW	tropics	0.0032317543868616407	1.6242457672270163e-05	0.08001414248399835	0.04038978968634131	0.983243135000864	0.9332135639149977	34	1765.0	1765.0177407533274	0.6854913954880023	0.6861457199143182	1.0	0.9703735866422952	True
16	2047-10-01	GARW	tropics	0.003052123025934652	1.2261244538695608e-05	0.09048468324725424	0.03373082511207518	0.9721615999007915	0.5419716165619051	10	248.0	247.99596334661248	0.23597975284804043	0.24596442680632755	0.45918367346938777	0.42346931960102896	True
17	2047-10-01	GARW	tropics	0.002399738836970982	1.5630930354729672e-05	0.09550428780929583	0.025127027194452367	0.9602246780044017	0.8914588863977629	31	1575.0	1575.009420337954	0.8367196854998948	0.7982777958152513	1.0	0.9789798915334791	True
18	2047-10-01	GARW	tropics	0.002643749956399808	1.0679831620069033e-05	0.1094579379699301	0.024153113108398676	0.6825893500402384	0.46223013392858625	18	826.0	825.9161788227691	0.888490994561693	0.8285225584095747	1.0	1.0	True
17	2048-04-01	GARW	tropics	0.18470673144908414	0.03468840502141061	7.943181751035447	0.023253494284580154	0.910818565058242	-7513.2486555985715	5	68.0	67.86386722442859	0.7627877237851661	0.6403629248035793	1.0	0.7761211023855081	False
18	2048-04-01	GARW	tropics	0.15307309253524784	0.048682529822268686	6.881836829772246	0.022243057532695638	0.9193032823936738	-215.01987309851754	44	2475.0	2474.8203736983583	0.9539391256226382	0.9386539442297238	1.0	1.0	False
18	2048-10-01	GARW	tropics	0.29312257036426254	0.09798383736443456	16.39274600311924	0.01788123663408722	-0.00742523011095142	-3185.1863804593595	27	1485.0	1484.963842539326	0.9996438746438746	0.987978138503144	1.0	1.0	False
18	2049-04-01	GARW	tropics	0.004666306430222331	2.1774415700734274e-05	0.43710800019715484	0.01067540843022233			1	17.0	16.83525436876271	1.0	0.979256316825075	1.0	0.979256316825075	True
19	2049-04-01	GARW	tropics	0.010502520283171802	0.0001991059893787451	0.2855315151188334	0.0367823505534961	0.9685845279456158	-0.3127376449915875	20	1509.0	1508.915292454439	0.9726481700676877	0.95017352885595	1.0	0.99922860578138	True
19	2049-10-01	GARW	tropics	0.002143023926232428	6.252613985124583e-06	0.06253590029407692	0.03426869871793313	0.9949598338491231	0.9858202782469844	42	2936.0	2935.7020300165937	0.9698866206861568	0.9499946146569072	1.0	0.9987785890815377	True
19	2050-04-01	GARW	tropics	0.0077265435381322165	0.00010265637608006832	0.3177726298728544	0.024314691738000604	0.6924111343680514	-2.744046170703731	20	1122.0	1122.0016329229677	0.9644242923794526	0.9481597600672936	1.0	0.9897445925945053	True
21	2050-04-01	GARW	tropics	0.0021630028512217513	6.804207886888675e-06	0.07219084069547177	0.029962289265283864	0.8504563841158916	0.18756378152473008	6	80.0	79.99896497193824	0.42863645019411273	0.4201659423062671	0.48	0.5328814524929746	True
22	2050-04-01	GARW	tropics	0.01090216181576571	0.00013785435450654822	0.679245915996952	0.01605038993832483	0.8310459130381376	-5.039786830368016	6	97.0	96.89317974445149	0.5362785947712418	0.5068573447714991	0.6666666666666666	0.5486959389363142	True
21	2050-10-01	GARW	tropics	0.0013225343293780693	2.8560201331269045e-06	0.058665005348767556	0.02254383719076663	0.9913746494239808	0.9619393721151197	32	555.0	554.8707806374048	0.41345771185245583	0.402758307102578	0.5909090909090909	0.425469550899608	True
22	2050-10-01	GARW	tropics	0.0012874843034919262	2.6789818674993836e-06	0.07192005851732033	0.017901602557537748	0.9839687776542873	0.9336924472382309	32	775.0	770.8455258128604	0.570410533968628	0.5687917923436832	0.7	0.6026011031821933	True
21	2051-04-01	GARW	tropics	0.00146788230681022	3.080941538332458e-06	0.20881661658526396	0.007029528256966344	0.9558641482162956	0.8280832515557153	30	523.0	523.0755842056088	0.42813400402796054	0.4110433032065124	0.6296296296296297	0.45158728286490274	True
22	2051-04-01	GARW	tropics	0.0013765686042900454	3.0926581088010007e-06	0.12498644674521588	0.011013743010841586	0.9756806401906204	0.9145618780066558	33	775.0	774.244938652406	0.5846833651855279	0.5703276118696122	0.7368421052631579	0.5946574006587443	True
21	2051-10-01	GARW	tropics	0.004043722412770797	2.172594679128032e-05	0.4152614148391224	0.009737775454859892	0.4040806463706288	-0.9808304476695135	5	76.0	75.32859404799171	0.6291626409017714	0.48325219698117	0.8666666666666667	0.6390880493925732	True
22	2051-10-01	GARW	tropics	0.0028393550831862465	9.7687143852062e-06	0.22973428975857363	0.012359300329829332	-0.3672955521144443	-2.229666026085832	7	102.0	101.38099947648729	0.5852029540326369	0.5156007011006923	0.7368421052631579	0.5342748573955786	True
23	2052-04-01	GARW	tropics	0.0012998347546346067	3.147693432254887e-06	0.08198174855636124	0.015855172370969735	0.8766722399999869	0.6799392209560637	20	709.0	709.0245872502735	0.5906435132072189	0.5703094567074877	0.7317073170731707	0.6442925448898842	True
24	2052-04-01	GARW	tropics	0.002550487694131865	1.3891174181789668e-05	0.1641109344430763	0.0155412416776929	0.9354291499634768	0.4815166024752616	19	382.0	381.6910100976766	0.3463241900358489	0.33715195012688276	0.5	0.35912503958488307	True
23	2052-10-01	GARW	tropics	0.10876489610803641	0.017792504260429172	5.9999076782538845	0.018127761615773657	0.716467856132449	-153.1746920362505	46	1825.0	1824.9553741674722	0.5306031904124114	0.5257505348847139	0.7317073170731707	0.6242292302764515	False
24	2052-10-01	GARW	tropics	0.15704636825956542	0.0452727096717582	13.380165174388901	0.011737251836036324	0.783645099151442	-979.8131909604853	45	1198.0	1197.9551608107854	0.36167993097961826	0.3536883898040114	0.5	0.391195391118482	False
26	2052-10-01	GARW	tropics	0.004381090373730028	2.2906903027400097e-05	0.5743193082182385	0.007628318099424293		-5.1694614826065255	7	90.0	90.04708068775084	0.19523507727795994	0.16802437159935266	0.2753623188405797	0.21782433380479777	False
23	2053-04-01	GARW	tropics	0.004327013294995999	2.0246987283325188e-05	0.26755771712280496	0.016172261228443525	0.9677930929902285	0.1579065118214712	26	1030.0	1030.0018587280638	0.4608751639715155	0.45683184408348504	0.6964285714285714	0.6111094834570577	True
24	2053-04-01	GARW	tropics	0.003849159272511108	1.7681707793658677e-05	0.3172807407530148	0.012131714214281481	0.9555573998878815	0.35256129202993614	35	904.0	903.9465243999598	0.3736092360452722	0.3640300042934106	0.5	0.40024894937228367	True
25	2053-04-01	GARW	tropics	0.0013111146563485841	3.1269159194483963e-06	0.11331579787800278	0.011570448965643314	0.008961346870561847	-0.8243640879671734	12	205.0	204.56941860286665	0.5141380677376642	0.47904108506165866	0.7142857142857143	0.6616676561843886	True
26	2053-04-01	GARW	tropics	0.004293783962221602	1.9884258770355256e-05	0.4322788901271322	0.009932902254280356	0.9720475840919154	-0.13456359912243876	13	164.0	163.829642627682	0.24067619788263944	0.20580699486943324	0.43333333333333335	0.3002270833143991	True
24	2053-10-01	GARW	tropics	0.003170935586176602	1.2207565074739921e-05	0.2316288876596034	0.01368972418861907	0.02028821684174313	-9.245849824032616	9	120.0	119.88006948906262	0.37501137850600214	0.3193650338170395	0.45161290322580644	0.37852534936594195	True
25	2053-10-01	GARW	tropics	0.002311543154809312	7.1156280463557754e-06	0.24624158751614347	0.00938729797076933	0.9221215863960847	0.643491612509584	38	829.0	828.755236537698	0.6419251231330542	0.6300271226760517	0.8695652173913043	0.7527653043251217	True
26	2053-10-01	GARW	tropics	0.0030983981665094907	1.1159113802480568e-05	0.5400498240957814	0.00573724502493305	0.23319354031066042	-5.9376489065340055	4	48.0	47.884127685689364	0.32628968253968255	0.27874596884980174	0.43333333333333335	0.2923518995530919	True
25	2054-04-01	GARW	tropics	0.00691912721636464	5.599485093822779e-05	0.49618778749940917	0.01394457378976277	0.035280254653154576	-2.755965169119978	49	1063.0	1062.7890711290947	0.5233591837271885	0.5204933467487408	0.8695652173913043	0.7395850357802042	True
26	2054-04-01	GARW	tropics	0.007252782843680311	5.2602858977583455e-05	12.998071603765212	0.0005579891436803105			1	11.0	10.783117011946006	0.1864406779661017	0.11130768454271159	0.1864406779661017	0.11130768454271159	True
28	2054-04-01	GARW	tropics	0.0039017654110704426	1.718611097554466e-05	0.23504932327804626	0.01659977300362162	-0.4229454582536158	-8.372655061755847	16	608.0	608.0171468017146	0.4461620907489645	0.4337295191350705	0.5853658536585366	0.5882619488508147	True
29	2054-04-01	GARW	tropics	0.0026535677525003068	9.282158825944443e-06	0.1431646958237779	0.018535070655733423	-0.8892716025630626	-3.496075122614913	11	236.0	235.74022256214008	0.22239086582978554	0.22019802367505636	0.3	0.28379324738195855	True
25	2054-10-01	GARW	tropics	0.1417146986012869	0.025019905293754974	3.3978016142536624	0.04170776127917491	-0.0912173336649619	-388.2545932181331	28	509.0	508.9125390536899	0.28904320249366366	0.2809341143061831	0.6052631578947368	0.5531765972518714	False
26	2054-10-01	GARW	tropics	0.26960366225146076	0.07268613469939973	106.76263904689776	0.002525262251460753			1	11.0	10.78650234990607	0.1864406779661017	0.10986197513291422	0.1864406779661017	0.10986197513291422	False
28	2054-10-01	GARW	tropics	0.08161017197885112	0.010653048606631306	4.243061783465596	0.019233792988089502	0.6106520887639426	-83.42447866490485	42	1890.0	1890.1284238875717	0.429623590441479	0.42541524214187326	0.5853658536585366	0.5001123128180005	False
29	2054-10-01	GARW	tropics	0.13899659843007547	0.04494710648740612	6.98529791336973	0.01989844959425976	0.7362090271325217	-528.251796720401	37	1732.0	1731.9866681503627	0.43473222656332294	0.4357215896565679	0.7228915662650602	0.695136679783291	False
