config,run,method,bg_bin,bg_bin_low,same_rate,null_rate,n_same,n_null
nonEpitopeAcceptance_0.25_epitopeAcceptance_0.75,0,variant_ag,0,0,0.9148936170212766,0.9200863930885529,188,1389
nonEpitopeAcceptance_0.25_epitopeAcceptance_0.75,0,variant_ag,1,1,0.21153846153846154,0.17177914110429449,208,1467
nonEpitopeAcceptance_0.25_epitopeAcceptance_0.75,0,variant_ag,2-3,2,0.024761904761904763,0.030919446704637917,525,3687
nonEpitopeAcceptance_0.25_epitopeAcceptance_0.75,0,variant_ag,4-7,4,0.00587248322147651,0.0035887692632467806,1192,9474
nonEpitopeAcceptance_0.25_epitopeAcceptance_0.75,0,variant_ag,8-15,8,0.0015923566878980893,0.0002554441535219363,1884,15659
nonEpitopeAcceptance_0.25_epitopeAcceptance_0.75,0,variant_ag,16-31,16,0.0,0.0,627,6002
nonEpitopeAcceptance_0.25_epitopeAcceptance_0.75,0,variant_ag,32+,32,,,0,0
nonEpitopeAcceptance_0.25_epitopeAcceptance_0.75,0,variant_phylo,0,0,0.6170212765957447,0.0,188,1389
nonEpitopeAcceptance_0.25_epitopeAcceptance_0.75,0,variant_phylo,1,1,0.0,0.0006816632583503749,208,1467
nonEpitopeAcceptance_0.25_epitopeAcceptance_0.75,0,variant_phylo,2-3,2,0.0,0.0,525,3687
nonEpitopeAcceptance_0.25_epitopeAcceptance_0.75,0,variant_phylo,4-7,4,0.0,0.0,1192,9474
nonEpitopeAcceptance_0.25_epitopeAcceptance_0.75,0,variant_phylo,8-15,8,0.0,0.0,1884,15659
nonEpitopeAcceptance_0.25_epitopeAcceptance_0.75,0,variant_phylo,16-31,16,0.0,0.0,627,6002
nonEpitopeAcceptance_0.25_epitopeAcceptance_0.75,0,variant_phylo,32+,32,,,0,0
nonEpitopeAcceptance_0.25_epitopeAcceptance_0.75,0,variant_tsne,0,0,0.9627659574468085,0.906407487401008,188,1389
nonEpitopeAcceptance_0.25_epitopeAcceptance_0.75,0,variant_tsne,1,1,0.3942307692307692,0.2713019768234492,208,1467
nonEpitopeAcceptance_0.25_epitopeAcceptance_0.75,0,variant_tsne,2-3,2,0.022857142857142857,0.026308652020612965,525,3687
nonEpitopeAcceptance_0.25_epitopeAcceptance_0.75,0,variant_tsne,4-7,4,0.0008389261744966443,0.00031665611146295124,1192,9474
nonEpitopeAcceptance_0.25_epitopeAcceptance_0.75,0,variant_tsne,8-15,8,0.0010615711252653928,0.0001915831151414522,1884,15659
nonEpitopeAcceptance_0.25_epitopeAcceptance_0.75,0,variant_tsne,16-31,16,0.0,0.0,627,6002
nonEpitopeAcceptance_0.25_epitopeAcceptance_0.75,0,variant_tsne,32+,32,,,0,0
nonEpitopeAcceptance_0.25_epitopeAcceptance_0.75,1,variant_ag,0,0,0.9868421052631579,0.9465930018416207,152,1086
nonEpitopeAcceptance_0.25_epitopeAcceptance_0.75,1,variant_ag,1,1,0.16733067729083664,0.15725359911406422,251,1806
nonEpitopeAcceptance_0.25_epitopeAcceptance_0.75,1,variant_ag,2-3,2,0.05063291139240506,0.04045714285714286,632,4375
nonEpitopeAcceptance_0.25_epitopeAcceptance_0.75,1,variant_ag,4-7,4,0.003249390739236393,0.002757986669731096,1231,8702
nonEpitopeAcceptance_0.25_epitopeAcceptance_0.75,1,variant_ag,8-15,8,0.0005592841163310962,0.00015463120457708364,1788,12934
nonEpitopeAcceptance_0.25_epitopeAcceptance_0.75,1,variant_ag,16-31,16,0.0,0.0,1155,9262
nonEpitopeAcceptance_0.25_epitopeAcceptance_0.75,1,variant_ag,32+,32,,,0,0
nonEpitopeAcceptance_0.25_epitopeAcceptance_0.75,1,variant_phylo,0,0,0.7171052631578947,0.0,152,1086
nonEpitopeAcceptance_0.25_epitopeAcceptance_0.75,1,variant_phylo,1,1,0.0,0.0005537098560354374,251,1806
nonEpitopeAcceptance_0.25_epitopeAcceptance_0.75,1,variant_phylo,2-3,2,0.0,0.0,632,4375
nonEpitopeAcceptance_0.25_epitopeAcceptance_0.75,1,variant_phylo,4-7,4,0.0,0.0,1231,8702
nonEpitopeAcceptance_0.25_epitopeAcceptance_0.75,1,variant_phylo,8-15,8,0.0,0.0,1788,12934
nonEpitopeAcceptance_0.25_epitopeAcceptance_0.75,1,variant_phylo,16-31,16,0.0,0.0,1155,9262
nonEpitopeAcceptance_0.25_epitopeAcceptance_0.75,1,variant_phylo,32+,32,,,0,0
nonEpitopeAcceptance_0.25_epitopeAcceptance_0.75,1,variant_tsne,0,0,1.0,0.9613259668508287,152,1086
nonEpitopeAcceptance_0.25_epitopeAcceptance_0.75,1,variant_tsne,1,1,0.3346613545816733,0.1982281284606866,251,1806
nonEpitopeAcceptance_0.25_epitopeAcceptance_0.75,1,variant_tsne,2-3,2,0.01740506329113924,0.024914285714285715,632,4375
nonEpitopeAcceptance_0.25_epitopeAcceptance_0.75,1,variant_tsne,4-7,4,0.0016246953696181965,0.0009193288899103654,1231,8702
nonEpitopeAcceptance_0.25_epitopeAcceptance_0.75,1,variant_tsne,8-15,8,0.0005592841163310962,0.00015463120457708364,1788,12934
nonEpitopeAcceptance_0.25_epitopeAcceptance_0.75,1,variant_tsne,16-31,16,0.0,0.0,1155,9262
nonEpitopeAcceptance_0.25_epitopeAcceptance_0.75,1,variant_tsne,32+,32,,,0,0
nonEpitopeAcceptance_0.25_epitopeAcceptance_0.75,2,variant_ag,0,0,0.9219858156028369,0.9508196721311475,141,1037
nonEpitopeAcceptance_0.25_epitopeAcceptance_0.75,2,variant_ag,1,1,0.19101123595505617,0.1930267812026276,267,1979
nonEpitopeAcceptance_0.25_epitopeAcceptance_0.75,2,variant_ag,2-3,2,0.026119402985074626,0.045651677699155443,536,4381
nonEpitopeAcceptance_0.25_epitopeAcceptance_0.75,2,variant_ag,4-7,4,0.008226691042047532,0.005468215994531784,1094,8778
nonEpitopeAcceptance_0.25_epitopeAcceptance_0.75,2,variant_ag,8-15,8,0.0005200208008320333,0.00030154996682950363,1923,16581
nonEpitopeAcceptance_0.25_epitopeAcceptance_0.75,2,variant_ag,16-31,16,0.0,0.0,530,4747
nonEpitopeAcceptance_0.25_epitopeAcceptance_0.75,2,variant_ag,32+,32,,,0,0
nonEpitopeAcceptance_0.25_epitopeAcceptance_0.75,2,variant_phylo,0,0,0.9929078014184397,0.9305689488910318,141,1037
nonEpitopeAcceptance_0.25_epitopeAcceptance_0.75,2,variant_phylo,1,1,0.6816479400749064,0.2925720060636685,267,1979
nonEpitopeAcceptance_0.25_epitopeAcceptance_0.75,2,variant_phylo,2-3,2,0.03544776119402985,0.04245606026021456,536,4381
nonEpitopeAcceptance_0.25_epitopeAcceptance_0.75,2,variant_phylo,4-7,4,0.004570383912248629,0.004101161995898838,1094,8778
nonEpitopeAcceptance_0.25_epitopeAcceptance_0.75,2,variant_phylo,8-15,8,0.0,0.0,1923,16581
nonEpitopeAcceptance_0.25_epitopeAcceptance_0.75,2,variant_phylo,16-31,16,0.0,0.0,530,4747
nonEpitopeAcceptance_0.25_epitopeAcceptance_0.75,2,variant_phylo,32+,32,,,0,0
nonEpitopeAcceptance_0.25_epitopeAcceptance_0.75,2,variant_tsne,0,0,1.0,0.970106075216972,141,1037
nonEpitopeAcceptance_0.25_epitopeAcceptance_0.75,2,variant_tsne,1,1,0.36329588014981273,0.20363820111167255,267,1979
nonEpitopeAcceptance_0.25_epitopeAcceptance_0.75,2,variant_tsne,2-3,2,0.024253731343283583,0.025336681123031272,536,4381
nonEpitopeAcceptance_0.25_epitopeAcceptance_0.75,2,variant_tsne,4-7,4,0.002742230347349177,0.000455684666210982,1094,8778
nonEpitopeAcceptance_0.25_epitopeAcceptance_0.75,2,variant_tsne,8-15,8,0.0,0.0,1923,16581
nonEpitopeAcceptance_0.25_epitopeAcceptance_0.75,2,variant_tsne,16-31,16,0.0,0.0,530,4747
nonEpitopeAcceptance_0.25_epitopeAcceptance_0.75,2,variant_tsne,32+,32,,,0,0
nonEpitopeAcceptance_0.25_epitopeAcceptance_0.75,3,variant_ag,0,0,0.9555555555555556,0.9501226492232215,180,1223
nonEpitopeAcceptance_0.25_epitopeAcceptance_0.75,3,variant_ag,1,1,0.14285714285714285,0.1568855316676351,224,1721
nonEpitopeAcceptance_0.25_epitopeAcceptance_0.75,3,variant_ag,2-3,2,0.015437392795883362,0.02475478748248482,583,4282
nonEpitopeAcceptance_0.25_epitopeAcceptance_0.75,3,variant_ag,4-7,4,0.000970873786407767,0.0010090817356205853,1030,7928
nonEpitopeAcceptance_0.25_epitopeAcceptance_0.75,3,variant_ag,8-15,8,0.0,0.00013746649254244277,1696,14549
nonEpitopeAcceptance_0.25_epitopeAcceptance_0.75,3,variant_ag,16-31,16,0.0,0.00012363996043521266,858,8088
nonEpitopeAcceptance_0.25_epitopeAcceptance_0.75,3,variant_ag,32+,32,,,0,0
nonEpitopeAcceptance_0.25_epitopeAcceptance_0.75,3,variant_phylo,0,0,0.9833333333333333,0.9689288634505315,180,1223
nonEpitopeAcceptance_0.25_epitopeAcceptance_0.75,3,variant_phylo,1,1,0.75,0.5299244625217897,224,1721
nonEpitopeAcceptance_0.25_epitopeAcceptance_0.75,3,variant_phylo,2-3,2,0.07032590051457976,0.0628211116300794,583,4282
nonEpitopeAcceptance_0.25_epitopeAcceptance_0.75,3,variant_phylo,4-7,4,0.02621359223300971,0.03115539858728557,1030,7928
nonEpitopeAcceptance_0.25_epitopeAcceptance_0.75,3,variant_phylo,8-15,8,0.0005896226415094339,0.00013746649254244277,1696,14549
nonEpitopeAcceptance_0.25_epitopeAcceptance_0.75,3,variant_phylo,16-31,16,0.0,0.00012363996043521266,858,8088
nonEpitopeAcceptance_0.25_epitopeAcceptance_0.75,3,variant_phylo,32+,32,,,0,0
nonEpitopeAcceptance_0.25_epitopeAcceptance_0.75,3,variant_tsne,0,0,0.9388888888888889,0.9100572363041701,180,1223
nonEpitopeAcceptance_0.25_epitopeAcceptance_0.75,3,variant_tsne,1,1,0.33482142857142855,0.19814061592097618,224,1721
nonEpitopeAcceptance_0.25_epitopeAcceptance_0.75,3,variant_tsne,2-3,2,0.015437392795883362,0.02008407286314806,583,4282
nonEpitopeAcceptance_0.25_epitopeAcceptance_0.75,3,variant_tsne,4-7,4,0.0,0.0006306760847628658,1030,7928
nonEpitopeAcceptance_0.25_epitopeAcceptance_0.75,3,variant_tsne,8-15,8,0.0005896226415094339,6.873324627122139e-05,1696,14549
nonEpitopeAcceptance_0.25_epitopeAcceptance_0.75,3,variant_tsne,16-31,16,0.0,0.00012363996043521266,858,8088
nonEpitopeAcceptance_0.25_epitopeAcceptance_0.75,3,variant_tsne,32+,32,,,0,0
nonEpitopeAcceptance_0.25_epitopeAcceptance_0.75,4,variant_ag,0,0,0.9854014598540146,0.9443099273607748,137,1239
nonEpitopeAcceptance_0.25_epitopeAcceptance_0.75,4,variant_ag,1,1,0.1643835616438356,0.16257408975444537,146,1181
nonEpitopeAcceptance_0.25_epitopeAcceptance_0.75,4,variant_ag,2-3,2,0.024439918533604887,0.033426894615973465,491,3919
nonEpitopeAcceptance_0.25_epitopeAcceptance_0.75,4,variant_ag,4-7,4,0.010968921389396709,0.007135212272565109,1094,8409
nonEpitopeAcceptance_0.25_epitopeAcceptance_0.75,4,variant_ag,8-15,8,0.0,0.00019502047715010075,1789,15383
nonEpitopeAcceptance_0.25_epitopeAcceptance_0.75,4,variant_ag,16-31,16,0.0,0.000388299249288118,861,7726
nonEpitopeAcceptance_0.25_epitopeAcceptance_0.75,4,variant_ag,32+,32,,,0,0
nonEpitopeAcceptance_0.25_epitopeAcceptance_0.75,4,variant_phylo,0,0,1.0,0.9652945924132365,137,1239
nonEpitopeAcceptance_0.25_epitopeAcceptance_0.75,4,variant_phylo,1,1,0.5547945205479452,0.19729043183742592,146,1181
nonEpitopeAcceptance_0.25_epitopeAcceptance_0.75,4,variant_phylo,2-3,2,0.018329938900203666,0.011992855320234754,491,3919
nonEpitopeAcceptance_0.25_epitopeAcceptance_0.75,4,variant_phylo,4-7,4,0.0009140767824497258,0.0005946010227137591,1094,8409
nonEpitopeAcceptance_0.25_epitopeAcceptance_0.75,4,variant_phylo,8-15,8,0.0,0.0,1789,15383
nonEpitopeAcceptance_0.25_epitopeAcceptance_0.75,4,variant_phylo,16-31,16,0.0,0.00012943308309603936,861,7726
nonEpitopeAcceptance_0.25_epitopeAcceptance_0.75,4,variant_phylo,32+,32,,,0,0
nonEpitopeAcceptance_0.25_epitopeAcceptance_0.75,4,variant_tsne,0,0,0.9854014598540146,0.96045197740113,137,1239
nonEpitopeAcceptance_0.25_epitopeAcceptance_0.75,4,variant_tsne,1,1,0.410958904109589,0.31752751905165116,146,1181
nonEpitopeAcceptance_0.25_epitopeAcceptance_0.75,4,variant_tsne,2-3,2,0.026476578411405296,0.027813217657565704,491,3919
nonEpitopeAcceptance_0.25_epitopeAcceptance_0.75,4,variant_tsne,4-7,4,0.003656307129798903,0.0010702818408847663,1094,8409
nonEpitopeAcceptance_0.25_epitopeAcceptance_0.75,4,variant_tsne,8-15,8,0.0,0.0,1789,15383
nonEpitopeAcceptance_0.25_epitopeAcceptance_0.75,4,variant_tsne,16-31,16,0.0,0.0,861,7726
nonEpitopeAcceptance_0.25_epitopeAcceptance_0.75,4,variant_tsne,32+,32,,,0,0
nonEpitopeAcceptance_0.25_epitopeAcceptance_0.75,6,variant_ag,0,0,0.9523809523809523,0.9262347658755613,168,1559
nonEpitopeAcceptance_0.25_epitopeAcceptance_0.75,6,variant_ag,1,1,0.19672131147540983,0.19960179193628672,244,2009
nonEpitopeAcceptance_0.25_epitopeAcceptance_0.75,6,variant_ag,2-3,2,0.012396694214876033,0.016013628620102215,726,5870
nonEpitopeAcceptance_0.25_epitopeAcceptance_0.75,6,variant_ag,4-7,4,0.0,0.0008664677000096274,1202,10387
nonEpitopeAcceptance_0.25_epitopeAcceptance_0.75,6,variant_ag,8-15,8,0.0,0.0,1555,14684
nonEpitopeAcceptance_0.25_epitopeAcceptance_0.75,6,variant_ag,16-31,16,0.0,0.0,360,3492
nonEpitopeAcceptance_0.25_epitopeAcceptance_0.75,6,variant_ag,32+,32,,,0,0
nonEpitopeAcceptance_0.25_epitopeAcceptance_0.75,6,variant_phylo,0,0,1.0,0.9371391917896087,168,1559
nonEpitopeAcceptance_0.25_epitopeAcceptance_0.75,6,variant_phylo,1,1,0.7008196721311475,0.3295171727227476,244,2009
nonEpitopeAcceptance_0.25_epitopeAcceptance_0.75,6,variant_phylo,2-3,2,0.1322314049586777,0.1325383304940375,726,5870
nonEpitopeAcceptance_0.25_epitopeAcceptance_0.75,6,variant_phylo,4-7,4,0.013311148086522463,0.01241937036680466,1202,10387
nonEpitopeAcceptance_0.25_epitopeAcceptance_0.75,6,variant_phylo,8-15,8,0.0,0.00020430400435848543,1555,14684
nonEpitopeAcceptance_0.25_epitopeAcceptance_0.75,6,variant_phylo,16-31,16,0.0,0.0,360,3492
nonEpitopeAcceptance_0.25_epitopeAcceptance_0.75,6,variant_phylo,32+,32,,,0,0
nonEpitopeAcceptance_0.25_epitopeAcceptance_0.75,6,variant_tsne,0,0,0.9821428571428571,0.8794098781270044,168,1559
nonEpitopeAcceptance_0.25_epitopeAcceptance_0.75,6,variant_tsne,1,1,0.3401639344262295,0.218516674962668,244,2009
nonEpitopeAcceptance_0.25_epitopeAcceptance_0.75,6,variant_tsne,2-3,2,0.012396694214876033,0.012436115843270869,726,5870
nonEpitopeAcceptance_0.25_epitopeAcceptance_0.75,6,variant_tsne,4-7,4,0.0,0.0005776451333397516,1202,10387
nonEpitopeAcceptance_0.25_epitopeAcceptance_0.75,6,variant_tsne,8-15,8,0.0,0.0,1555,14684
nonEpitopeAcceptance_0.25_epitopeAcceptance_0.75,6,variant_tsne,16-31,16,0.0,0.0,360,3492
nonEpitopeAcceptance_0.25_epitopeAcceptance_0.75,6,variant_tsne,32+,32,,,0,0
nonEpitopeAcceptance_0.25_epitopeAcceptance_0.75,7,variant_ag,0,0,0.954248366013072,0.946776611694153,153,1334
nonEpitopeAcceptance_0.25_epitopeAcceptance_0.75,7,variant_ag,1,1,0.24299065420560748,0.20960108181203516,214,1479
nonEpitopeAcceptance_0.25_epitopeAcceptance_0.75,7,variant_ag,2-3,2,0.029850746268656716,0.02659294365455503,536,3798
nonEpitopeAcceptance_0.25_epitopeAcceptance_0.75,7,variant_ag,4-7,4,0.007662835249042145,0.0022604546025367326,1044,7963
nonEpitopeAcceptance_0.25_epitopeAcceptance_0.75,7,variant_ag,8-15,8,0.0,0.0005342288025642982,1676,13103
nonEpitopeAcceptance_0.25_epitopeAcceptance_0.75,7,variant_ag,16-31,16,0.0,0.00010087763542822556,1137,9913
nonEpitopeAcceptance_0.25_epitopeAcceptance_0.75,7,variant_ag,32+,32,,,0,0
nonEpitopeAcceptance_0.25_epitopeAcceptance_0.75,7,variant_phylo,0,0,1.0,0.9625187406296851,153,1334
nonEpitopeAcceptance_0.25_epitopeAcceptance_0.75,7,variant_phylo,1,1,0.7757009345794392,0.4861392832995267,214,1479
nonEpitopeAcceptance_0.25_epitopeAcceptance_0.75,7,variant_phylo,2-3,2,0.2555970149253731,0.2259083728278041,536,3798
nonEpitopeAcceptance_0.25_epitopeAcceptance_0.75,7,variant_phylo,4-7,4,0.01532567049808429,0.017330151952781616,1044,7963
nonEpitopeAcceptance_0.25_epitopeAcceptance_0.75,7,variant_phylo,8-15,8,0.0,0.0003815920018316416,1676,13103
nonEpitopeAcceptance_0.25_epitopeAcceptance_0.75,7,variant_phylo,16-31,16,0.0,0.00010087763542822556,1137,9913
nonEpitopeAcceptance_0.25_epitopeAcceptance_0.75,7,variant_phylo,32+,32,,,0,0
nonEpitopeAcceptance_0.25_epitopeAcceptance_0.75,7,variant_tsne,0,0,0.9673202614379085,0.9527736131934033,153,1334
nonEpitopeAcceptance_0.25_epitopeAcceptance_0.75,7,variant_tsne,1,1,0.35046728971962615,0.21906693711967545,214,1479
nonEpitopeAcceptance_0.25_epitopeAcceptance_0.75,7,variant_tsne,2-3,2,0.026119402985074626,0.018694049499736704,536,3798
nonEpitopeAcceptance_0.25_epitopeAcceptance_0.75,7,variant_tsne,4-7,4,0.0019157088122605363,0.0013813889237724475,1044,7963
nonEpitopeAcceptance_0.25_epitopeAcceptance_0.75,7,variant_tsne,8-15,8,0.0005966587112171838,0.001679004808059223,1676,13103
nonEpitopeAcceptance_0.25_epitopeAcceptance_0.75,7,variant_tsne,16-31,16,0.0,0.00010087763542822556,1137,9913
nonEpitopeAcceptance_0.25_epitopeAcceptance_0.75,7,variant_tsne,32+,32,,,0,0
nonEpitopeAcceptance_0.25_epitopeAcceptance_0.75,9,variant_ag,0,0,0.9702380952380952,0.9493865030674846,168,1304
nonEpitopeAcceptance_0.25_epitopeAcceptance_0.75,9,variant_ag,1,1,0.11894273127753303,0.15397923875432526,227,1734
nonEpitopeAcceptance_0.25_epitopeAcceptance_0.75,9,variant_ag,2-3,2,0.036603221083455345,0.04224719101123595,683,4450
nonEpitopeAcceptance_0.25_epitopeAcceptance_0.75,9,variant_ag,4-7,4,0.0007209805335255948,0.002374356944994064,1387,10108
nonEpitopeAcceptance_0.25_epitopeAcceptance_0.75,9,variant_ag,8-15,8,0.0004870920603994155,0.00012497656689370744,2053,16003
nonEpitopeAcceptance_0.25_epitopeAcceptance_0.75,9,variant_ag,16-31,16,0.0,0.0,549,4360
nonEpitopeAcceptance_0.25_epitopeAcceptance_0.75,9,variant_ag,32+,32,,,0,0
nonEpitopeAcceptance_0.25_epitopeAcceptance_0.75,9,variant_phylo,0,0,1.0,0.9792944785276073,168,1304
nonEpitopeAcceptance_0.25_epitopeAcceptance_0.75,9,variant_phylo,1,1,0.801762114537445,0.7122260668973471,227,1734
nonEpitopeAcceptance_0.25_epitopeAcceptance_0.75,9,variant_phylo,2-3,2,0.5007320644216691,0.5056179775280899,683,4450
nonEpitopeAcceptance_0.25_epitopeAcceptance_0.75,9,variant_phylo,4-7,4,0.046142754145638065,0.05035615354174911,1387,10108
nonEpitopeAcceptance_0.25_epitopeAcceptance_0.75,9,variant_phylo,8-15,8,0.000974184120798831,0.0006248828344685371,2053,16003
nonEpitopeAcceptance_0.25_epitopeAcceptance_0.75,9,variant_phylo,16-31,16,0.0,0.0,549,4360
nonEpitopeAcceptance_0.25_epitopeAcceptance_0.75,9,variant_phylo,32+,32,,,0,0
nonEpitopeAcceptance_0.25_epitopeAcceptance_0.75,9,variant_tsne,0,0,1.0,0.9570552147239264,168,1304
nonEpitopeAcceptance_0.25_epitopeAcceptance_0.75,9,variant_tsne,1,1,0.31718061674008813,0.19607843137254902,227,1734
nonEpitopeAcceptance_0.25_epitopeAcceptance_0.75,9,variant_tsne,2-3,2,0.02635431918008785,0.022247191011235956,683,4450
nonEpitopeAcceptance_0.25_epitopeAcceptance_0.75,9,variant_tsne,4-7,4,0.0,0.0003957261574990107,1387,10108
nonEpitopeAcceptance_0.25_epitopeAcceptance_0.75,9,variant_tsne,8-15,8,0.0004870920603994155,6.248828344685372e-05,2053,16003
nonEpitopeAcceptance_0.25_epitopeAcceptance_0.75,9,variant_tsne,16-31,16,0.0,0.0,549,4360
nonEpitopeAcceptance_0.25_epitopeAcceptance_0.75,9,variant_tsne,32+,32,,,0,0
nonEpitopeAcceptance_0.25_epitopeAcceptance_0.75,10,variant_ag,0,0,0.9508928571428571,0.9339019189765458,224,1876
nonEpitopeAcceptance_0.25_epitopeAcceptance_0.75,10,variant_ag,1,1,0.1452991452991453,0.16605359957961113,234,1903
nonEpitopeAcceptance_0.25_epitopeAcceptance_0.75,10,variant_ag,2-3,2,0.018867924528301886,0.016126601356443105,742,6635
nonEpitopeAcceptance_0.25_epitopeAcceptance_0.75,10,variant_ag,4-7,4,0.00468384074941452,0.0020798668885191347,1281,12020
nonEpitopeAcceptance_0.25_epitopeAcceptance_0.75,10,variant_ag,8-15,8,0.0006447453255963894,0.00020406775049316373,1551,14701
nonEpitopeAcceptance_0.25_epitopeAcceptance_0.75,10,variant_ag,16-31,16,0.0,0.0,95,866
nonEpitopeAcceptance_0.25_epitopeAcceptance_0.75,10,variant_ag,32+,32,,,0,0
nonEpitopeAcceptance_0.25_epitopeAcceptance_0.75,10,variant_phylo,0,0,0.9955357142857143,0.9291044776119403,224,1876
nonEpitopeAcceptance_0.25_epitopeAcceptance_0.75,10,variant_phylo,1,1,0.7435897435897436,0.36626379400945874,234,1903
nonEpitopeAcceptance_0.25_epitopeAcceptance_0.75,10,variant_phylo,2-3,2,0.16172506738544473,0.12750565184626977,742,6635
nonEpitopeAcceptance_0.25_epitopeAcceptance_0.75,10,variant_phylo,4-7,4,0.00312256049960968,0.0034941763727121466,1281,12020
nonEpitopeAcceptance_0.25_epitopeAcceptance_0.75,10,variant_phylo,8-15,8,0.0006447453255963894,0.000272090333990885,1551,14701
nonEpitopeAcceptance_0.25_epitopeAcceptance_0.75,10,variant_phylo,16-31,16,0.0,0.0011547344110854503,95,866
nonEpitopeAcceptance_0.25_epitopeAcceptance_0.75,10,variant_phylo,32+,32,,,0,0
nonEpitopeAcceptance_0.25_epitopeAcceptance_0.75,10,variant_tsne,0,0,0.96875,0.7947761194029851,224,1876
nonEpitopeAcceptance_0.25_epitopeAcceptance_0.75,10,variant_tsne,1,1,0.42735042735042733,0.14450867052023122,234,1903
nonEpitopeAcceptance_0.25_epitopeAcceptance_0.75,10,variant_tsne,2-3,2,0.01078167115902965,0.011002260738507913,742,6635
nonEpitopeAcceptance_0.25_epitopeAcceptance_0.75,10,variant_tsne,4-7,4,0.0,0.0006655574043261231,1281,12020
nonEpitopeAcceptance_0.25_epitopeAcceptance_0.75,10,variant_tsne,8-15,8,0.0006447453255963894,6.802258349772124e-05,1551,14701
nonEpitopeAcceptance_0.25_epitopeAcceptance_0.75,10,variant_tsne,16-31,16,0.0,0.0,95,866
nonEpitopeAcceptance_0.25_epitopeAcceptance_0.75,10,variant_tsne,32+,32,,,0,0
nonEpitopeAcceptance_0.25_epitopeAcceptance_0.75,11,variant_ag,0,0,0.9814814814814815,0.9653600729261622,162,1097
nonEpitopeAcceptance_0.25_epitopeAcceptance_0.75,11,variant_ag,1,1,0.16666666666666666,0.15674362089914945,204,1646
nonEpitopeAcceptance_0.25_epitopeAcceptance_0.75,11,variant_ag,2-3,2,0.02932551319648094,0.03597122302158273,682,5282
nonEpitopeAcceptance_0.25_epitopeAcceptance_0.75,11,variant_ag,4-7,4,0.00375234521575985,0.002261066179667797,1599,11499
nonEpitopeAcceptance_0.25_epitopeAcceptance_0.75,11,variant_ag,8-15,8,0.00047664442326024784,0.00024078979051288225,2098,16612
nonEpitopeAcceptance_0.25_epitopeAcceptance_0.75,11,variant_ag,16-31,16,0.0,0.0,174,1489
nonEpitopeAcceptance_0.25_epitopeAcceptance_0.75,11,variant_ag,32+,32,,,0,0
nonEpitopeAcceptance_0.25_epitopeAcceptance_0.75,11,variant_phylo,0,0,0.9753086419753086,0.9617137648131268,162,1097
nonEpitopeAcceptance_0.25_epitopeAcceptance_0.75,11,variant_phylo,1,1,0.6715686274509803,0.36998784933171325,204,1646
nonEpitopeAcceptance_0.25_epitopeAcceptance_0.75,11,variant_phylo,2-3,2,0.12023460410557185,0.13687996970844377,682,5282
nonEpitopeAcceptance_0.25_epitopeAcceptance_0.75,11,variant_phylo,4-7,4,0.01125703564727955,0.015740499173841203,1599,11499
nonEpitopeAcceptance_0.25_epitopeAcceptance_0.75,11,variant_phylo,8-15,8,0.00047664442326024784,0.0004815795810257645,2098,16612
nonEpitopeAcceptance_0.25_epitopeAcceptance_0.75,11,variant_phylo,16-31,16,0.0,0.0,174,1489
nonEpitopeAcceptance_0.25_epitopeAcceptance_0.75,11,variant_phylo,32+,32,,,0,0
nonEpitopeAcceptance_0.25_epitopeAcceptance_0.75,11,variant_tsne,0,0,1.0,0.98359161349134,162,1097
nonEpitopeAcceptance_0.25_epitopeAcceptance_0.75,11,variant_tsne,1,1,0.3088235294117647,0.264277035236938,204,1646
nonEpitopeAcceptance_0.25_epitopeAcceptance_0.75,11,variant_tsne,2-3,2,0.01906158357771261,0.020068156001514577,682,5282
nonEpitopeAcceptance_0.25_epitopeAcceptance_0.75,11,variant_tsne,4-7,4,0.0012507817385866166,0.0003478563353335073,1599,11499
nonEpitopeAcceptance_0.25_epitopeAcceptance_0.75,11,variant_tsne,8-15,8,0.00047664442326024784,0.00024078979051288225,2098,16612
nonEpitopeAcceptance_0.25_epitopeAcceptance_0.75,11,variant_tsne,16-31,16,0.0,0.0,174,1489
nonEpitopeAcceptance_0.25_epitopeAcceptance_0.75,11,variant_tsne,32+,32,,,0,0
nonEpitopeAcceptance_0.25_epitopeAcceptance_0.75,12,variant_ag,0,0,0.9615384615384616,0.9342230695900858,156,1049
nonEpitopeAcceptance_0.25_epitopeAcceptance_0.75,12,variant_ag,1,1,0.2346368715083799,0.2323076923076923,179,1300
nonEpitopeAcceptance_0.25_epitopeAcceptance_0.75,12,variant_ag,2-3,2,0.04555808656036447,0.04351851851851852,439,3240
nonEpitopeAcceptance_0.25_epitopeAcceptance_0.75,12,variant_ag,4-7,4,0.006932409012131715,0.011382846838724219,1154,8873
nonEpitopeAcceptance_0.25_epitopeAcceptance_0.75,12,variant_ag,8-15,8,0.0,6.960879855213699e-05,1826,14366
nonEpitopeAcceptance_0.25_epitopeAcceptance_0.75,12,variant_ag,16-31,16,0.0,0.0,1042,8874
nonEpitopeAcceptance_0.25_epitopeAcceptance_0.75,12,variant_ag,32+,32,0.0,0.0,1,11
nonEpitopeAcceptance_0.25_epitopeAcceptance_0.75,12,variant_phylo,0,0,1.0,0.9694947569113441,156,1049
nonEpitopeAcceptance_0.25_epitopeAcceptance_0.75,12,variant_phylo,1,1,0.8268156424581006,0.5615384615384615,179,1300
nonEpitopeAcceptance_0.25_epitopeAcceptance_0.75,12,variant_phylo,2-3,2,0.18223234624145787,0.18765432098765433,439,3240
nonEpitopeAcceptance_0.25_epitopeAcceptance_0.75,12,variant_phylo,4-7,4,0.004332755632582322,0.006423982869379015,1154,8873
nonEpitopeAcceptance_0.25_epitopeAcceptance_0.75,12,variant_phylo,8-15,8,0.0,6.960879855213699e-05,1826,14366
nonEpitopeAcceptance_0.25_epitopeAcceptance_0.75,12,variant_phylo,16-31,16,0.0,0.0,1042,8874
nonEpitopeAcceptance_0.25_epitopeAcceptance_0.75,12,variant_phylo,32+,32,0.0,0.0,1,11
nonEpitopeAcceptance_0.25_epitopeAcceptance_0.75,12,variant_tsne,0,0,0.9871794871794872,0.9561487130600572,156,1049
nonEpitopeAcceptance_0.25_epitopeAcceptance_0.75,12,variant_tsne,1,1,0.5139664804469274,0.3484615384615385,179,1300
nonEpitopeAcceptance_0.25_epitopeAcceptance_0.75,12,variant_tsne,2-3,2,0.0387243735763098,0.0404320987654321,439,3240
nonEpitopeAcceptance_0.25_epitopeAcceptance_0.75,12,variant_tsne,4-7,4,0.0017331022530329288,0.0011270145384875464,1154,8873
nonEpitopeAcceptance_0.25_epitopeAcceptance_0.75,12,variant_tsne,8-15,8,0.000547645125958379,0.00034804399276068494,1826,14366
nonEpitopeAcceptance_0.25_epitopeAcceptance_0.75,12,variant_tsne,16-31,16,0.0,0.0,1042,8874
nonEpitopeAcceptance_0.25_epitopeAcceptance_0.75,12,variant_tsne,32+,32,0.0,0.0,1,11
nonEpitopeAcceptance_0.25_epitopeAcceptance_0.75,14,variant_ag,0,0,0.9825581395348837,0.9419934640522876,172,1224
nonEpitopeAcceptance_0.25_epitopeAcceptance_0.75,14,variant_ag,1,1,0.10572687224669604,0.14575866188769415,227,1674
nonEpitopeAcceptance_0.25_epitopeAcceptance_0.75,14,variant_ag,2-3,2,0.04769475357710652,0.037007718187215516,629,5053
nonEpitopeAcceptance_0.25_epitopeAcceptance_0.75,14,variant_ag,4-7,4,0.005766062602965404,0.0037051872621670337,1214,9986
nonEpitopeAcceptance_0.25_epitopeAcceptance_0.75,14,variant_ag,8-15,8,0.0,6.769564040075819e-05,1655,14772
nonEpitopeAcceptance_0.25_epitopeAcceptance_0.75,14,variant_ag,16-31,16,0.0,0.00019387359441644047,514,5158
nonEpitopeAcceptance_0.25_epitopeAcceptance_0.75,14,variant_ag,32+,32,,,0,0
nonEpitopeAcceptance_0.25_epitopeAcceptance_0.75,14,variant_phylo,0,0,1.0,0.9656862745098039,172,1224
nonEpitopeAcceptance_0.25_epitopeAcceptance_0.75,14,variant_phylo,1,1,0.762114537444934,0.5501792114695341,227,1674
nonEpitopeAcceptance_0.25_epitopeAcceptance_0.75,14,variant_phylo,2-3,2,0.13990461049284578,0.12566792004749652,629,5053
nonEpitopeAcceptance_0.25_epitopeAcceptance_0.75,14,variant_phylo,4-7,4,0.004118616144975288,0.003004205888243541,1214,9986
nonEpitopeAcceptance_0.25_epitopeAcceptance_0.75,14,variant_phylo,8-15,8,0.0,6.769564040075819e-05,1655,14772
nonEpitopeAcceptance_0.25_epitopeAcceptance_0.75,14,variant_phylo,16-31,16,0.0,0.0005816207832493214,514,5158
nonEpitopeAcceptance_0.25_epitopeAcceptance_0.75,14,variant_phylo,32+,32,,,0,0
nonEpitopeAcceptance_0.25_epitopeAcceptance_0.75,14,variant_tsne,0,0,1.0,0.9607843137254902,172,1224
nonEpitopeAcceptance_0.25_epitopeAcceptance_0.75,14,variant_tsne,1,1,0.29955947136563876,0.2108721624850657,227,1674
nonEpitopeAcceptance_0.25_epitopeAcceptance_0.75,14,variant_tsne,2-3,2,0.017488076311605722,0.018800712448050663,629,5053
nonEpitopeAcceptance_0.25_epitopeAcceptance_0.75,14,variant_tsne,4-7,4,0.0008237232289950577,0.0004005607850991388,1214,9986
nonEpitopeAcceptance_0.25_epitopeAcceptance_0.75,14,variant_tsne,8-15,8,0.0,0.0,1655,14772
nonEpitopeAcceptance_0.25_epitopeAcceptance_0.75,14,variant_tsne,16-31,16,0.0,0.00019387359441644047,514,5158
nonEpitopeAcceptance_0.25_epitopeAcceptance_0.75,14,variant_tsne,32+,32,,,0,0
nonEpitopeAcceptance_0.25_epitopeAcceptance_0.75,15,variant_ag,0,0,0.9391891891891891,0.9376915219611849,148,979
nonEpitopeAcceptance_0.25_epitopeAcceptance_0.75,15,variant_ag,1,1,0.1907514450867052,0.21923390383048086,173,1227
nonEpitopeAcceptance_0.25_epitopeAcceptance_0.75,15,variant_ag,2-3,2,0.05305466237942122,0.055272108843537414,622,4704
nonEpitopeAcceptance_0.25_epitopeAcceptance_0.75,15,variant_ag,4-7,4,0.0047522063815342835,0.004357077718107205,1473,9869
nonEpitopeAcceptance_0.25_epitopeAcceptance_0.75,15,variant_ag,8-15,8,0.0,0.0002643928878313173,1980,15129
nonEpitopeAcceptance_0.25_epitopeAcceptance_0.75,15,variant_ag,16-31,16,0.001589825119236884,0.0,629,5263
nonEpitopeAcceptance_0.25_epitopeAcceptance_0.75,15,variant_ag,32+,32,,,0,0
nonEpitopeAcceptance_0.25_epitopeAcceptance_0.75,15,variant_phylo,0,0,0.9932432432432432,0.9458631256384066,148,979
nonEpitopeAcceptance_0.25_epitopeAcceptance_0.75,15,variant_phylo,1,1,0.6878612716763006,0.3993480032599837,173,1227
nonEpitopeAcceptance_0.25_epitopeAcceptance_0.75,15,variant_phylo,2-3,2,0.05787781350482315,0.09119897959183673,622,4704
nonEpitopeAcceptance_0.25_epitopeAcceptance_0.75,15,variant_phylo,4-7,4,0.002036659877800407,0.00253318471982977,1473,9869
nonEpitopeAcceptance_0.25_epitopeAcceptance_0.75,15,variant_phylo,8-15,8,0.000505050505050505,0.000396589331746976,1980,15129
nonEpitopeAcceptance_0.25_epitopeAcceptance_0.75,15,variant_phylo,16-31,16,0.001589825119236884,0.0,629,5263
nonEpitopeAcceptance_0.25_epitopeAcceptance_0.75,15,variant_phylo,32+,32,,,0,0
nonEpitopeAcceptance_0.25_epitopeAcceptance_0.75,15,variant_tsne,0,0,0.9797297297297297,0.9550561797752809,148,979
nonEpitopeAcceptance_0.25_epitopeAcceptance_0.75,15,variant_tsne,1,1,0.4046242774566474,0.3463732681336593,173,1227
nonEpitopeAcceptance_0.25_epitopeAcceptance_0.75,15,variant_tsne,2-3,2,0.04180064308681672,0.0389030612244898,622,4704
nonEpitopeAcceptance_0.25_epitopeAcceptance_0.75,15,variant_tsne,4-7,4,0.0006788866259334691,0.001013273887931908,1473,9869
nonEpitopeAcceptance_0.25_epitopeAcceptance_0.75,15,variant_tsne,8-15,8,0.0,0.000198294665873488,1980,15129
nonEpitopeAcceptance_0.25_epitopeAcceptance_0.75,15,variant_tsne,16-31,16,0.001589825119236884,0.0,629,5263
nonEpitopeAcceptance_0.25_epitopeAcceptance_0.75,15,variant_tsne,32+,32,,,0,0
nonEpitopeAcceptance_0.25_epitopeAcceptance_0.75,16,variant_ag,0,0,0.972972972972973,0.9612970711297071,148,956
nonEpitopeAcceptance_0.25_epitopeAcceptance_0.75,16,variant_ag,1,1,0.3137254901960784,0.33401015228426395,153,985
nonEpitopeAcceptance_0.25_epitopeAcceptance_0.75,16,variant_ag,2-3,2,0.046875,0.05052631578947368,512,3325
nonEpitopeAcceptance_0.25_epitopeAcceptance_0.75,16,variant_ag,4-7,4,0.005415162454873646,0.002736726874657909,1108,7308
nonEpitopeAcceptance_0.25_epitopeAcceptance_0.75,16,variant_ag,8-15,8,0.0004576659038901602,0.00030601628006609954,2185,16339
nonEpitopeAcceptance_0.25_epitopeAcceptance_0.75,16,variant_ag,16-31,16,0.0,0.0,1072,8601
nonEpitopeAcceptance_0.25_epitopeAcceptance_0.75,16,variant_ag,32+,32,,,0,0
nonEpitopeAcceptance_0.25_epitopeAcceptance_0.75,16,variant_phylo,0,0,0.9864864864864865,0.9728033472803347,148,956
nonEpitopeAcceptance_0.25_epitopeAcceptance_0.75,16,variant_phylo,1,1,0.6666666666666666,0.4700507614213198,153,985
nonEpitopeAcceptance_0.25_epitopeAcceptance_0.75,16,variant_phylo,2-3,2,0.0859375,0.08601503759398496,512,3325
nonEpitopeAcceptance_0.25_epitopeAcceptance_0.75,16,variant_phylo,4-7,4,0.0018050541516245488,0.0038314176245210726,1108,7308
nonEpitopeAcceptance_0.25_epitopeAcceptance_0.75,16,variant_phylo,8-15,8,0.0004576659038901602,0.0002448130240528796,2185,16339
nonEpitopeAcceptance_0.25_epitopeAcceptance_0.75,16,variant_phylo,16-31,16,0.0,0.0,1072,8601
nonEpitopeAcceptance_0.25_epitopeAcceptance_0.75,16,variant_phylo,32+,32,,,0,0
nonEpitopeAcceptance_0.25_epitopeAcceptance_0.75,16,variant_tsne,0,0,0.9864864864864865,0.9801255230125523,148,956
nonEpitopeAcceptance_0.25_epitopeAcceptance_0.75,16,variant_tsne,1,1,0.5490196078431373,0.3918781725888325,153,985
nonEpitopeAcceptance_0.25_epitopeAcceptance_0.75,16,variant_tsne,2-3,2,0.037109375,0.03759398496240601,512,3325
nonEpitopeAcceptance_0.25_epitopeAcceptance_0.75,16,variant_tsne,4-7,4,0.0018050541516245488,0.002326217843459223,1108,7308
nonEpitopeAcceptance_0.25_epitopeAcceptance_0.75,16,variant_tsne,8-15,8,0.0004576659038901602,0.0002448130240528796,2185,16339
nonEpitopeAcceptance_0.25_epitopeAcceptance_0.75,16,variant_tsne,16-31,16,0.0,0.0,1072,8601
nonEpitopeAcceptance_0.25_epitopeAcceptance_0.75,16,variant_tsne,32+,32,,,0,0
nonEpitopeAcceptance_0.25_epitopeAcceptance_0.75,17,variant_ag,0,0,0.9937888198757764,0.9113680154142582,161,1557
nonEpitopeAcceptance_0.25_epitopeAcceptance_0.75,17,variant_ag,1,1,0.15060240963855423,0.20029347028613353,166,1363
nonEpitopeAcceptance_0.25_epitopeAcceptance_0.75,17,variant_ag,2-3,2,0.037162162162162164,0.025842464337399215,592,4837
nonEpitopeAcceptance_0.25_epitopeAcceptance_0.75,17,variant_ag,4-7,4,0.0029585798816568047,0.0020286261692775837,1014,8873
nonEpitopeAcceptance_0.25_epitopeAcceptance_0.75,17,variant_ag,8-15,8,0.0,0.00013608219364496155,1531,14697
nonEpitopeAcceptance_0.25_epitopeAcceptance_0.75,17,variant_ag,16-31,16,0.0,0.0,683,6503
nonEpitopeAcceptance_0.25_epitopeAcceptance_0.75,17,variant_ag,32+,32,,,0,0
nonEpitopeAcceptance_0.25_epitopeAcceptance_0.75,17,variant_phylo,0,0,1.0,0.9710982658959537,161,1557
nonEpitopeAcceptance_0.25_epitopeAcceptance_0.75,17,variant_phylo,1,1,0.7650602409638554,0.4556126192223037,166,1363
nonEpitopeAcceptance_0.25_epitopeAcceptance_0.75,17,variant_phylo,2-3,2,0.3260135135135135,0.3028736820343188,592,4837
nonEpitopeAcceptance_0.25_epitopeAcceptance_0.75,17,variant_phylo,4-7,4,0.0601577909270217,0.07708779443254818,1014,8873
nonEpitopeAcceptance_0.25_epitopeAcceptance_0.75,17,variant_phylo,8-15,8,0.0,6.804109682248077e-05,1531,14697
nonEpitopeAcceptance_0.25_epitopeAcceptance_0.75,17,variant_phylo,16-31,16,0.0,0.0,683,6503
nonEpitopeAcceptance_0.25_epitopeAcceptance_0.75,17,variant_phylo,32+,32,,,0,0
nonEpitopeAcceptance_0.25_epitopeAcceptance_0.75,17,variant_tsne,0,0,0.9813664596273292,0.9210019267822736,161,1557
nonEpitopeAcceptance_0.25_epitopeAcceptance_0.75,17,variant_tsne,1,1,0.3855421686746988,0.21056493030080703,166,1363
nonEpitopeAcceptance_0.25_epitopeAcceptance_0.75,17,variant_tsne,2-3,2,0.02027027027027027,0.013438081455447592,592,4837
nonEpitopeAcceptance_0.25_epitopeAcceptance_0.75,17,variant_tsne,4-7,4,0.0009861932938856016,0.0005635072692437732,1014,8873
nonEpitopeAcceptance_0.25_epitopeAcceptance_0.75,17,variant_tsne,8-15,8,0.0013063357282821686,0.0010886575491596924,1531,14697
nonEpitopeAcceptance_0.25_epitopeAcceptance_0.75,17,variant_tsne,16-31,16,0.0,0.0,683,6503
nonEpitopeAcceptance_0.25_epitopeAcceptance_0.75,17,variant_tsne,32+,32,,,0,0
nonEpitopeAcceptance_0.25_epitopeAcceptance_0.75,18,variant_ag,0,0,0.9595959595959596,0.9576629974597799,198,1181
nonEpitopeAcceptance_0.25_epitopeAcceptance_0.75,18,variant_ag,1,1,0.1991869918699187,0.18082368082368083,246,1554
nonEpitopeAcceptance_0.25_epitopeAcceptance_0.75,18,variant_ag,2-3,2,0.04020979020979021,0.02965362571642163,572,4013
nonEpitopeAcceptance_0.25_epitopeAcceptance_0.75,18,variant_ag,4-7,4,0.002697841726618705,0.0032402791625124627,1112,8024
nonEpitopeAcceptance_0.25_epitopeAcceptance_0.75,18,variant_ag,8-15,8,0.0,0.00019491910856994348,1998,15391
nonEpitopeAcceptance_0.25_epitopeAcceptance_0.75,18,variant_ag,16-31,16,0.0,0.0,915,7710
nonEpitopeAcceptance_0.25_epitopeAcceptance_0.75,18,variant_ag,32+,32,,,0,0
nonEpitopeAcceptance_0.25_epitopeAcceptance_0.75,18,variant_phylo,0,0,0.9747474747474747,0.9779847586790855,198,1181
nonEpitopeAcceptance_0.25_epitopeAcceptance_0.75,18,variant_phylo,1,1,0.8373983739837398,0.6415701415701416,246,1554
nonEpitopeAcceptance_0.25_epitopeAcceptance_0.75,18,variant_phylo,2-3,2,0.3339160839160839,0.3229504111637179,572,4013
nonEpitopeAcceptance_0.25_epitopeAcceptance_0.75,18,variant_phylo,4-7,4,0.2014388489208633,0.18756231306081755,1112,8024
nonEpitopeAcceptance_0.25_epitopeAcceptance_0.75,18,variant_phylo,8-15,8,0.045545545545545546,0.0472353973101163,1998,15391
nonEpitopeAcceptance_0.25_epitopeAcceptance_0.75,18,variant_phylo,16-31,16,0.0,0.00025940337224383917,915,7710
nonEpitopeAcceptance_0.25_epitopeAcceptance_0.75,18,variant_phylo,32+,32,,,0,0
nonEpitopeAcceptance_0.25_epitopeAcceptance_0.75,18,variant_tsne,0,0,0.98989898989899,0.9720575783234547,198,1181
nonEpitopeAcceptance_0.25_epitopeAcceptance_0.75,18,variant_tsne,1,1,0.33739837398373984,0.24903474903474904,246,1554
nonEpitopeAcceptance_0.25_epitopeAcceptance_0.75,18,variant_tsne,2-3,2,0.022727272727272728,0.02093197109394468,572,4013
nonEpitopeAcceptance_0.25_epitopeAcceptance_0.75,18,variant_tsne,4-7,4,0.0,0.000872382851445663,1112,8024
nonEpitopeAcceptance_0.25_epitopeAcceptance_0.75,18,variant_tsne,8-15,8,0.0,6.497303618998116e-05,1998,15391
nonEpitopeAcceptance_0.25_epitopeAcceptance_0.75,18,variant_tsne,16-31,16,0.0,0.00012970168612191958,915,7710
nonEpitopeAcceptance_0.25_epitopeAcceptance_0.75,18,variant_tsne,32+,32,,,0,0
nonEpitopeAcceptance_0.25_epitopeAcceptance_0.75,19,variant_ag,0,0,0.9444444444444444,0.9618717504332756,144,1154
nonEpitopeAcceptance_0.25_epitopeAcceptance_0.75,19,variant_ag,1,1,0.16097560975609757,0.12857944974733296,205,1781
nonEpitopeAcceptance_0.25_epitopeAcceptance_0.75,19,variant_ag,2-3,2,0.04152249134948097,0.03775280898876404,578,4450
nonEpitopeAcceptance_0.25_epitopeAcceptance_0.75,19,variant_ag,4-7,4,0.007988380537400145,0.008615159013839245,1377,10911
nonEpitopeAcceptance_0.25_epitopeAcceptance_0.75,19,variant_ag,8-15,8,0.0,0.0004673716188584448,1934,17117
nonEpitopeAcceptance_0.25_epitopeAcceptance_0.75,19,variant_ag,16-31,16,0.0,0.0,252,2228
nonEpitopeAcceptance_0.25_epitopeAcceptance_0.75,19,variant_ag,32+,32,,,0,0
nonEpitopeAcceptance_0.25_epitopeAcceptance_0.75,19,variant_phylo,0,0,0.6597222222222222,0.0,144,1154
nonEpitopeAcceptance_0.25_epitopeAcceptance_0.75,19,variant_phylo,1,1,0.0,0.0,205,1781
nonEpitopeAcceptance_0.25_epitopeAcceptance_0.75,19,variant_phylo,2-3,2,0.0,0.0,578,4450
nonEpitopeAcceptance_0.25_epitopeAcceptance_0.75,19,variant_phylo,4-7,4,0.0,0.0,1377,10911
nonEpitopeAcceptance_0.25_epitopeAcceptance_0.75,19,variant_phylo,8-15,8,0.0,0.0,1934,17117
nonEpitopeAcceptance_0.25_epitopeAcceptance_0.75,19,variant_phylo,16-31,16,0.0,0.0,252,2228
nonEpitopeAcceptance_0.25_epitopeAcceptance_0.75,19,variant_phylo,32+,32,,,0,0
nonEpitopeAcceptance_0.25_epitopeAcceptance_0.75,19,variant_tsne,0,0,0.9930555555555556,0.9714038128249567,144,1154
nonEpitopeAcceptance_0.25_epitopeAcceptance_0.75,19,variant_tsne,1,1,0.4097560975609756,0.20550252667040989,205,1781
nonEpitopeAcceptance_0.25_epitopeAcceptance_0.75,19,variant_tsne,2-3,2,0.0328719723183391,0.027865168539325844,578,4450
nonEpitopeAcceptance_0.25_epitopeAcceptance_0.75,19,variant_tsne,4-7,4,0.0007262164124909223,0.00027495188342040145,1377,10911
nonEpitopeAcceptance_0.25_epitopeAcceptance_0.75,19,variant_tsne,8-15,8,0.0,0.0004089501665011392,1934,17117
nonEpitopeAcceptance_0.25_epitopeAcceptance_0.75,19,variant_tsne,16-31,16,0.0,0.0,252,2228
nonEpitopeAcceptance_0.25_epitopeAcceptance_0.75,19,variant_tsne,32+,32,,,0,0
nonEpitopeAcceptance_0.25_epitopeAcceptance_0.75,20,variant_ag,0,0,0.9244186046511628,0.9102941176470588,172,1360
nonEpitopeAcceptance_0.25_epitopeAcceptance_0.75,20,variant_ag,1,1,0.22568093385214008,0.156794425087108,257,1722
nonEpitopeAcceptance_0.25_epitopeAcceptance_0.75,20,variant_ag,2-3,2,0.05817610062893082,0.0358191426893717,636,5109
nonEpitopeAcceptance_0.25_epitopeAcceptance_0.75,20,variant_ag,4-7,4,0.009643916913946587,0.004849660523763337,1348,10310
nonEpitopeAcceptance_0.25_epitopeAcceptance_0.75,20,variant_ag,8-15,8,0.0,6.291682395872656e-05,1938,15894
nonEpitopeAcceptance_0.25_epitopeAcceptance_0.75,20,variant_ag,16-31,16,0.0,0.0,418,3382
nonEpitopeAcceptance_0.25_epitopeAcceptance_0.75,20,variant_ag,32+,32,,,0,0
nonEpitopeAcceptance_0.25_epitopeAcceptance_0.75,20,variant_phylo,0,0,0.7325581395348837,0.0,172,1360
nonEpitopeAcceptance_0.25_epitopeAcceptance_0.75,20,variant_phylo,1,1,0.0,0.0,257,1722
nonEpitopeAcceptance_0.25_epitopeAcceptance_0.75,20,variant_phylo,2-3,2,0.0,0.0,636,5109
nonEpitopeAcceptance_0.25_epitopeAcceptance_0.75,20,variant_phylo,4-7,4,0.0,0.0,1348,10310
nonEpitopeAcceptance_0.25_epitopeAcceptance_0.75,20,variant_phylo,8-15,8,0.0,0.0,1938,15894
nonEpitopeAcceptance_0.25_epitopeAcceptance_0.75,20,variant_phylo,16-31,16,0.0,0.0,418,3382
nonEpitopeAcceptance_0.25_epitopeAcceptance_0.75,20,variant_phylo,32+,32,,,0,0
nonEpitopeAcceptance_0.25_epitopeAcceptance_0.75,20,variant_tsne,0,0,1.0,0.9536764705882353,172,1360
nonEpitopeAcceptance_0.25_epitopeAcceptance_0.75,20,variant_tsne,1,1,0.4669260700389105,0.23577235772357724,257,1722
nonEpitopeAcceptance_0.25_epitopeAcceptance_0.75,20,variant_tsne,2-3,2,0.02358490566037736,0.022117831278136622,636,5109
nonEpitopeAcceptance_0.25_epitopeAcceptance_0.75,20,variant_tsne,4-7,4,0.0,0.0002909796314258002,1348,10310
nonEpitopeAcceptance_0.25_epitopeAcceptance_0.75,20,variant_tsne,8-15,8,0.0,6.291682395872656e-05,1938,15894
nonEpitopeAcceptance_0.25_epitopeAcceptance_0.75,20,variant_tsne,16-31,16,0.0,0.0,418,3382
nonEpitopeAcceptance_0.25_epitopeAcceptance_0.75,20,variant_tsne,32+,32,,,0,0
nonEpitopeAcceptance_0.25_epitopeAcceptance_0.75,21,variant_ag,0,0,0.9710144927536232,0.9463470319634704,138,876
nonEpitopeAcceptance_0.25_epitopeAcceptance_0.75,21,variant_ag,1,1,0.23873873873873874,0.2723823975720789,222,1318
nonEpitopeAcceptance_0.25_epitopeAcceptance_0.75,21,variant_ag,2-3,2,0.05555555555555555,0.051678209909429944,612,3754
nonEpitopeAcceptance_0.25_epitopeAcceptance_0.75,21,variant_ag,4-7,4,0.00546875,0.005325736933366361,1280,8074
nonEpitopeAcceptance_0.25_epitopeAcceptance_0.75,21,variant_ag,8-15,8,0.0009519276534983341,0.001632131705932444,2101,14092
nonEpitopeAcceptance_0.25_epitopeAcceptance_0.75,21,variant_ag,16-31,16,0.0007936507936507937,0.00011119759813188036,1260,8993
nonEpitopeAcceptance_0.25_epitopeAcceptance_0.75,21,variant_ag,32+,32,,,0,0
nonEpitopeAcceptance_0.25_epitopeAcceptance_0.75,21,variant_phylo,0,0,0.9855072463768116,0.9634703196347032,138,876
nonEpitopeAcceptance_0.25_epitopeAcceptance_0.75,21,variant_phylo,1,1,0.7972972972972973,0.48254931714719274,222,1318
nonEpitopeAcceptance_0.25_epitopeAcceptance_0.75,21,variant_phylo,2-3,2,0.32679738562091504,0.3359083644112946,612,3754
nonEpitopeAcceptance_0.25_epitopeAcceptance_0.75,21,variant_phylo,4-7,4,0.09609375,0.09759722566262076,1280,8074
nonEpitopeAcceptance_0.25_epitopeAcceptance_0.75,21,variant_phylo,8-15,8,0.006187529747739172,0.007947771785410162,2101,14092
nonEpitopeAcceptance_0.25_epitopeAcceptance_0.75,21,variant_phylo,16-31,16,0.0007936507936507937,0.0003335927943956411,1260,8993
nonEpitopeAcceptance_0.25_epitopeAcceptance_0.75,21,variant_phylo,32+,32,,,0,0
nonEpitopeAcceptance_0.25_epitopeAcceptance_0.75,21,variant_tsne,0,0,0.9492753623188406,0.9257990867579908,138,876
nonEpitopeAcceptance_0.25_epitopeAcceptance_0.75,21,variant_tsne,1,1,0.481981981981982,0.3482549317147193,222,1318
nonEpitopeAcceptance_0.25_epitopeAcceptance_0.75,21,variant_tsne,2-3,2,0.05065359477124183,0.05221097496004262,612,3754
nonEpitopeAcceptance_0.25_epitopeAcceptance_0.75,21,variant_tsne,4-7,4,0.00234375,0.0013623978201634877,1280,8074
nonEpitopeAcceptance_0.25_epitopeAcceptance_0.75,21,variant_tsne,8-15,8,0.0,0.0,2101,14092
nonEpitopeAcceptance_0.25_epitopeAcceptance_0.75,21,variant_tsne,16-31,16,0.0007936507936507937,0.00011119759813188036,1260,8993
nonEpitopeAcceptance_0.25_epitopeAcceptance_0.75,21,variant_tsne,32+,32,,,0,0
nonEpitopeAcceptance_0.25_epitopeAcceptance_0.75,22,variant_ag,0,0,0.9763313609467456,0.945,169,1000
nonEpitopeAcceptance_0.25_epitopeAcceptance_0.75,22,variant_ag,1,1,0.12955465587044535,0.16204819277108434,247,1660
nonEpitopeAcceptance_0.25_epitopeAcceptance_0.75,22,variant_ag,2-3,2,0.041666666666666664,0.05444690810544469,600,4059
nonEpitopeAcceptance_0.25_epitopeAcceptance_0.75,22,variant_ag,4-7,4,0.00980392156862745,0.008702191663085519,1224,9308
nonEpitopeAcceptance_0.25_epitopeAcceptance_0.75,22,variant_ag,8-15,8,0.0005194805194805195,0.0002748951962064463,1925,14551
nonEpitopeAcceptance_0.25_epitopeAcceptance_0.75,22,variant_ag,16-31,16,0.0,0.0,896,6939
nonEpitopeAcceptance_0.25_epitopeAcceptance_0.75,22,variant_ag,32+,32,,,0,0
nonEpitopeAcceptance_0.25_epitopeAcceptance_0.75,22,variant_phylo,0,0,0.9763313609467456,0.909,169,1000
nonEpitopeAcceptance_0.25_epitopeAcceptance_0.75,22,variant_phylo,1,1,0.7449392712550608,0.35843373493975905,247,1660
nonEpitopeAcceptance_0.25_epitopeAcceptance_0.75,22,variant_phylo,2-3,2,0.18166666666666667,0.17344173441734417,600,4059
nonEpitopeAcceptance_0.25_epitopeAcceptance_0.75,22,variant_phylo,4-7,4,0.013888888888888888,0.012999570262140095,1224,9308
nonEpitopeAcceptance_0.25_epitopeAcceptance_0.75,22,variant_phylo,8-15,8,0.0,0.00034361899525805784,1925,14551
nonEpitopeAcceptance_0.25_epitopeAcceptance_0.75,22,variant_phylo,16-31,16,0.0,0.0,896,6939
nonEpitopeAcceptance_0.25_epitopeAcceptance_0.75,22,variant_phylo,32+,32,,,0,0
nonEpitopeAcceptance_0.25_epitopeAcceptance_0.75,22,variant_tsne,0,0,0.9763313609467456,0.965,169,1000
nonEpitopeAcceptance_0.25_epitopeAcceptance_0.75,22,variant_tsne,1,1,0.3157894736842105,0.21987951807228914,247,1660
nonEpitopeAcceptance_0.25_epitopeAcceptance_0.75,22,variant_tsne,2-3,2,0.021666666666666667,0.030056664203005668,600,4059
nonEpitopeAcceptance_0.25_epitopeAcceptance_0.75,22,variant_tsne,4-7,4,0.0024509803921568627,0.0009669101847872797,1224,9308
nonEpitopeAcceptance_0.25_epitopeAcceptance_0.75,22,variant_tsne,8-15,8,0.0005194805194805195,0.000481066593361281,1925,14551
nonEpitopeAcceptance_0.25_epitopeAcceptance_0.75,22,variant_tsne,16-31,16,0.0,0.0,896,6939
nonEpitopeAcceptance_0.25_epitopeAcceptance_0.75,22,variant_tsne,32+,32,,,0,0
nonEpitopeAcceptance_0.25_epitopeAcceptance_0.75,23,variant_ag,0,0,0.9695431472081218,0.9471974004874086,197,1231
nonEpitopeAcceptance_0.25_epitopeAcceptance_0.75,23,variant_ag,1,1,0.145748987854251,0.16961889425657542,247,1863
nonEpitopeAcceptance_0.25_epitopeAcceptance_0.75,23,variant_ag,2-3,2,0.030395136778115502,0.03126268777913114,658,4926
nonEpitopeAcceptance_0.25_epitopeAcceptance_0.75,23,variant_ag,4-7,4,0.0008077544426494346,0.0005277044854881266,1238,9475
nonEpitopeAcceptance_0.25_epitopeAcceptance_0.75,23,variant_ag,8-15,8,0.0,0.0002751220854254075,1700,14539
nonEpitopeAcceptance_0.25_epitopeAcceptance_0.75,23,variant_ag,16-31,16,0.0,0.0,664,5810
nonEpitopeAcceptance_0.25_epitopeAcceptance_0.75,23,variant_ag,32+,32,,,0,0
nonEpitopeAcceptance_0.25_epitopeAcceptance_0.75,23,variant_phylo,0,0,0.9949238578680203,0.9642567018683996,197,1231
nonEpitopeAcceptance_0.25_epitopeAcceptance_0.75,23,variant_phylo,1,1,0.680161943319838,0.4546430488459474,247,1863
nonEpitopeAcceptance_0.25_epitopeAcceptance_0.75,23,variant_phylo,2-3,2,0.29027355623100304,0.28319123020706455,658,4926
nonEpitopeAcceptance_0.25_epitopeAcceptance_0.75,23,variant_phylo,4-7,4,0.08481421647819062,0.08517150395778364,1238,9475
nonEpitopeAcceptance_0.25_epitopeAcceptance_0.75,23,variant_phylo,8-15,8,0.001176470588235294,0.0018570740766215008,1700,14539
nonEpitopeAcceptance_0.25_epitopeAcceptance_0.75,23,variant_phylo,16-31,16,0.0,0.0,664,5810
nonEpitopeAcceptance_0.25_epitopeAcceptance_0.75,23,variant_phylo,32+,32,,,0,0
nonEpitopeAcceptance_0.25_epitopeAcceptance_0.75,23,variant_tsne,0,0,1.0,0.9756295694557271,197,1231
nonEpitopeAcceptance_0.25_epitopeAcceptance_0.75,23,variant_tsne,1,1,0.2834008097165992,0.19538378958668814,247,1863
nonEpitopeAcceptance_0.25_epitopeAcceptance_0.75,23,variant_tsne,2-3,2,0.004559270516717325,0.012789281364190013,658,4926
nonEpitopeAcceptance_0.25_epitopeAcceptance_0.75,23,variant_tsne,4-7,4,0.0,0.000316622691292876,1238,9475
nonEpitopeAcceptance_0.25_epitopeAcceptance_0.75,23,variant_tsne,8-15,8,0.0,0.0002751220854254075,1700,14539
nonEpitopeAcceptance_0.25_epitopeAcceptance_0.75,23,variant_tsne,16-31,16,0.0,0.0,664,5810
nonEpitopeAcceptance_0.25_epitopeAcceptance_0.75,23,variant_tsne,32+,32,,,0,0
nonEpitopeAcceptance_0.25_epitopeAcceptance_0.75,24,variant_ag,0,0,0.9640287769784173,0.9289145052833814,139,1041
nonEpitopeAcceptance_0.25_epitopeAcceptance_0.75,24,variant_ag,1,1,0.21285140562248997,0.15290178571428573,249,1792
nonEpitopeAcceptance_0.25_epitopeAcceptance_0.75,24,variant_ag,2-3,2,0.06675938803894298,0.06492393400471395,719,4667
nonEpitopeAcceptance_0.25_epitopeAcceptance_0.75,24,variant_ag,4-7,4,0.005614035087719298,0.005905314783304975,1425,9991
nonEpitopeAcceptance_0.25_epitopeAcceptance_0.75,24,variant_ag,8-15,8,0.0,0.00030159089195506294,1748,13263
nonEpitopeAcceptance_0.25_epitopeAcceptance_0.75,24,variant_ag,16-31,16,0.0,0.0,828,6663
nonEpitopeAcceptance_0.25_epitopeAcceptance_0.75,24,variant_ag,32+,32,,,0,0
nonEpitopeAcceptance_0.25_epitopeAcceptance_0.75,24,variant_phylo,0,0,0.9928057553956835,0.8981748318924111,139,1041
nonEpitopeAcceptance_0.25_epitopeAcceptance_0.75,24,variant_phylo,1,1,0.6024096385542169,0.24274553571428573,249,1792
nonEpitopeAcceptance_0.25_epitopeAcceptance_0.75,24,variant_phylo,2-3,2,0.031988873435326845,0.04242554103278337,719,4667
nonEpitopeAcceptance_0.25_epitopeAcceptance_0.75,24,variant_phylo,4-7,4,0.002105263157894737,0.0019017115403863478,1425,9991
nonEpitopeAcceptance_0.25_epitopeAcceptance_0.75,24,variant_phylo,8-15,8,0.0005720823798627002,0.00022619316896629722,1748,13263
nonEpitopeAcceptance_0.25_epitopeAcceptance_0.75,24,variant_phylo,16-31,16,0.0,0.0,828,6663
nonEpitopeAcceptance_0.25_epitopeAcceptance_0.75,24,variant_phylo,32+,32,,,0,0
nonEpitopeAcceptance_0.25_epitopeAcceptance_0.75,24,variant_tsne,0,0,0.9928057553956835,0.9702209414024976,139,1041
nonEpitopeAcceptance_0.25_epitopeAcceptance_0.75,24,variant_tsne,1,1,0.41365461847389556,0.21428571428571427,249,1792
nonEpitopeAcceptance_0.25_epitopeAcceptance_0.75,24,variant_tsne,2-3,2,0.027816411682892908,0.026140989929290766,719,4667
nonEpitopeAcceptance_0.25_epitopeAcceptance_0.75,24,variant_tsne,4-7,4,0.002807017543859649,0.002201981783605245,1425,9991
nonEpitopeAcceptance_0.25_epitopeAcceptance_0.75,24,variant_tsne,8-15,8,0.0005720823798627002,0.0003769886149438287,1748,13263
nonEpitopeAcceptance_0.25_epitopeAcceptance_0.75,24,variant_tsne,16-31,16,0.0,0.0,828,6663
nonEpitopeAcceptance_0.25_epitopeAcceptance_0.75,24,variant_tsne,32+,32,,,0,0
nonEpitopeAcceptance_0.25_epitopeAcceptance_0.75,25,variant_ag,0,0,0.9704142011834319,0.9182036888532478,169,1247
nonEpitopeAcceptance_0.25_epitopeAcceptance_0.75,25,variant_ag,1,1,0.149812734082397,0.1305443548387097,267,1984
nonEpitopeAcceptance_0.25_epitopeAcceptance_0.75,25,variant_ag,2-3,2,0.03304347826086956,0.033203572246393406,575,4367
nonEpitopeAcceptance_0.25_epitopeAcceptance_0.75,25,variant_ag,4-7,4,0.004846526655896607,0.004797876684360963,1238,9796
nonEpitopeAcceptance_0.25_epitopeAcceptance_0.75,25,variant_ag,8-15,8,0.001722158438576349,0.0004035783951032488,1742,14867
nonEpitopeAcceptance_0.25_epitopeAcceptance_0.75,25,variant_ag,16-31,16,0.0015873015873015873,0.0003486750348675035,630,5736
nonEpitopeAcceptance_0.25_epitopeAcceptance_0.75,25,variant_ag,32+,32,,,0,0
nonEpitopeAcceptance_0.25_epitopeAcceptance_0.75,25,variant_phylo,0,0,1.0,0.9639133921411387,169,1247
nonEpitopeAcceptance_0.25_epitopeAcceptance_0.75,25,variant_phylo,1,1,0.5917602996254682,0.4475806451612903,267,1984
nonEpitopeAcceptance_0.25_epitopeAcceptance_0.75,25,variant_phylo,2-3,2,0.07130434782608695,0.07945958323792077,575,4367
nonEpitopeAcceptance_0.25_epitopeAcceptance_0.75,25,variant_phylo,4-7,4,0.0008077544426494346,0.0008166598611678236,1238,9796
nonEpitopeAcceptance_0.25_epitopeAcceptance_0.75,25,variant_phylo,8-15,8,0.000574052812858783,0.00033631532925270735,1742,14867
nonEpitopeAcceptance_0.25_epitopeAcceptance_0.75,25,variant_phylo,16-31,16,0.0015873015873015873,0.0005230125523012552,630,5736
nonEpitopeAcceptance_0.25_epitopeAcceptance_0.75,25,variant_phylo,32+,32,,,0,0
nonEpitopeAcceptance_0.25_epitopeAcceptance_0.75,25,variant_tsne,0,0,0.9940828402366864,0.9607056936647955,169,1247
nonEpitopeAcceptance_0.25_epitopeAcceptance_0.75,25,variant_tsne,1,1,0.26217228464419473,0.16129032258064516,267,1984
nonEpitopeAcceptance_0.25_epitopeAcceptance_0.75,25,variant_tsne,2-3,2,0.022608695652173914,0.01809022212044882,575,4367
nonEpitopeAcceptance_0.25_epitopeAcceptance_0.75,25,variant_tsne,4-7,4,0.0,0.00030624744793793387,1238,9796
nonEpitopeAcceptance_0.25_epitopeAcceptance_0.75,25,variant_tsne,8-15,8,0.0,0.0002017891975516244,1742,14867
nonEpitopeAcceptance_0.25_epitopeAcceptance_0.75,25,variant_tsne,16-31,16,0.0015873015873015873,0.0003486750348675035,630,5736
nonEpitopeAcceptance_0.25_epitopeAcceptance_0.75,25,variant_tsne,32+,32,,,0,0
nonEpitopeAcceptance_0.25_epitopeAcceptance_0.75,26,variant_ag,0,0,0.9874213836477987,0.94375,159,1120
nonEpitopeAcceptance_0.25_epitopeAcceptance_0.75,26,variant_ag,1,1,0.23853211009174313,0.2348122866894198,218,1465
nonEpitopeAcceptance_0.25_epitopeAcceptance_0.75,26,variant_ag,2-3,2,0.04862236628849271,0.052479338842975204,617,4840
nonEpitopeAcceptance_0.25_epitopeAcceptance_0.75,26,variant_ag,4-7,4,0.0052434456928838954,0.004106570512820513,1335,9984
nonEpitopeAcceptance_0.25_epitopeAcceptance_0.75,26,variant_ag,8-15,8,0.0,0.0,1884,14661
nonEpitopeAcceptance_0.25_epitopeAcceptance_0.75,26,variant_ag,16-31,16,0.0,0.0,665,5751
nonEpitopeAcceptance_0.25_epitopeAcceptance_0.75,26,variant_ag,32+,32,,,0,0
nonEpitopeAcceptance_0.25_epitopeAcceptance_0.75,26,variant_phylo,0,0,0.9811320754716981,0.9589285714285715,159,1120
nonEpitopeAcceptance_0.25_epitopeAcceptance_0.75,26,variant_phylo,1,1,0.7385321100917431,0.4088737201365188,218,1465
nonEpitopeAcceptance_0.25_epitopeAcceptance_0.75,26,variant_phylo,2-3,2,0.09562398703403566,0.09855371900826446,617,4840
nonEpitopeAcceptance_0.25_epitopeAcceptance_0.75,26,variant_phylo,4-7,4,0.01647940074906367,0.01953125,1335,9984
nonEpitopeAcceptance_0.25_epitopeAcceptance_0.75,26,variant_phylo,8-15,8,0.0,6.82081713389264e-05,1884,14661
nonEpitopeAcceptance_0.25_epitopeAcceptance_0.75,26,variant_phylo,16-31,16,0.0,0.0,665,5751
nonEpitopeAcceptance_0.25_epitopeAcceptance_0.75,26,variant_phylo,32+,32,,,0,0
nonEpitopeAcceptance_0.25_epitopeAcceptance_0.75,26,variant_tsne,0,0,1.0,0.9491071428571428,159,1120
nonEpitopeAcceptance_0.25_epitopeAcceptance_0.75,26,variant_tsne,1,1,0.46788990825688076,0.22866894197952217,218,1465
nonEpitopeAcceptance_0.25_epitopeAcceptance_0.75,26,variant_tsne,2-3,2,0.03079416531604538,0.026859504132231406,617,4840
nonEpitopeAcceptance_0.25_epitopeAcceptance_0.75,26,variant_tsne,4-7,4,0.0,0.0018028846153846155,1335,9984
nonEpitopeAcceptance_0.25_epitopeAcceptance_0.75,26,variant_tsne,8-15,8,0.0010615711252653928,0.0012959552554396017,1884,14661
nonEpitopeAcceptance_0.25_epitopeAcceptance_0.75,26,variant_tsne,16-31,16,0.0,0.0,665,5751
nonEpitopeAcceptance_0.25_epitopeAcceptance_0.75,26,variant_tsne,32+,32,,,0,0
nonEpitopeAcceptance_0.25_epitopeAcceptance_0.75,27,variant_ag,0,0,0.9402985074626866,0.941282746160795,134,1107
nonEpitopeAcceptance_0.25_epitopeAcceptance_0.75,27,variant_ag,1,1,0.12307692307692308,0.15744957709824334,195,1537
nonEpitopeAcceptance_0.25_epitopeAcceptance_0.75,27,variant_ag,2-3,2,0.036619718309859155,0.03348751156336725,710,5405
nonEpitopeAcceptance_0.25_epitopeAcceptance_0.75,27,variant_ag,4-7,4,0.0021691973969631237,0.002383053839364519,1383,11330
nonEpitopeAcceptance_0.25_epitopeAcceptance_0.75,27,variant_ag,8-15,8,0.0,6.161429451632779e-05,1911,16230
nonEpitopeAcceptance_0.25_epitopeAcceptance_0.75,27,variant_ag,16-31,16,0.0,0.0009099181073703367,258,2198
nonEpitopeAcceptance_0.25_epitopeAcceptance_0.75,27,variant_ag,32+,32,,,0,0
nonEpitopeAcceptance_0.25_epitopeAcceptance_0.75,27,variant_phylo,0,0,0.9776119402985075,0.957542908762421,134,1107
nonEpitopeAcceptance_0.25_epitopeAcceptance_0.75,27,variant_phylo,1,1,0.6871794871794872,0.38321405335068315,195,1537
nonEpitopeAcceptance_0.25_epitopeAcceptance_0.75,27,variant_phylo,2-3,2,0.09436619718309859,0.09121184088806661,710,5405
nonEpitopeAcceptance_0.25_epitopeAcceptance_0.75,27,variant_phylo,4-7,4,0.0021691973969631237,0.003795233892321271,1383,11330
nonEpitopeAcceptance_0.25_epitopeAcceptance_0.75,27,variant_phylo,8-15,8,0.0,6.161429451632779e-05,1911,16230
nonEpitopeAcceptance_0.25_epitopeAcceptance_0.75,27,variant_phylo,16-31,16,0.003875968992248062,0.0018198362147406734,258,2198
nonEpitopeAcceptance_0.25_epitopeAcceptance_0.75,27,variant_phylo,32+,32,,,0,0
nonEpitopeAcceptance_0.25_epitopeAcceptance_0.75,27,variant_tsne,0,0,0.9925373134328358,0.9701897018970189,134,1107
nonEpitopeAcceptance_0.25_epitopeAcceptance_0.75,27,variant_tsne,1,1,0.441025641025641,0.28627195836044245,195,1537
nonEpitopeAcceptance_0.25_epitopeAcceptance_0.75,27,variant_tsne,2-3,2,0.015492957746478873,0.017761332099907493,710,5405
nonEpitopeAcceptance_0.25_epitopeAcceptance_0.75,27,variant_tsne,4-7,4,0.0,0.000529567519858782,1383,11330
nonEpitopeAcceptance_0.25_epitopeAcceptance_0.75,27,variant_tsne,8-15,8,0.0,0.0,1911,16230
nonEpitopeAcceptance_0.25_epitopeAcceptance_0.75,27,variant_tsne,16-31,16,0.0,0.0009099181073703367,258,2198
nonEpitopeAcceptance_0.25_epitopeAcceptance_0.75,27,variant_tsne,32+,32,,,0,0
nonEpitopeAcceptance_0.25_epitopeAcceptance_0.75,28,variant_ag,0,0,0.9683544303797469,0.9109792284866469,158,1011
nonEpitopeAcceptance_0.25_epitopeAcceptance_0.75,28,variant_ag,1,1,0.17959183673469387,0.19815950920245398,245,1630
nonEpitopeAcceptance_0.25_epitopeAcceptance_0.75,28,variant_ag,2-3,2,0.03773584905660377,0.03017070265978563,689,5038
nonEpitopeAcceptance_0.25_epitopeAcceptance_0.75,28,variant_ag,4-7,4,0.008695652173913044,0.007005820219874973,1265,9278
nonEpitopeAcceptance_0.25_epitopeAcceptance_0.75,28,variant_ag,8-15,8,0.0,0.0,1919,14492
nonEpitopeAcceptance_0.25_epitopeAcceptance_0.75,28,variant_ag,16-31,16,0.0,0.0003295978905735003,760,6068
nonEpitopeAcceptance_0.25_epitopeAcceptance_0.75,28,variant_ag,32+,32,,,0,0
nonEpitopeAcceptance_0.25_epitopeAcceptance_0.75,28,variant_phylo,0,0,0.7531645569620253,0.0,158,1011
nonEpitopeAcceptance_0.25_epitopeAcceptance_0.75,28,variant_phylo,1,1,0.0,0.0,245,1630
nonEpitopeAcceptance_0.25_epitopeAcceptance_0.75,28,variant_phylo,2-3,2,0.0,0.0,689,5038
nonEpitopeAcceptance_0.25_epitopeAcceptance_0.75,28,variant_phylo,4-7,4,0.0,0.0,1265,9278
nonEpitopeAcceptance_0.25_epitopeAcceptance_0.75,28,variant_phylo,8-15,8,0.0,0.0,1919,14492
nonEpitopeAcceptance_0.25_epitopeAcceptance_0.75,28,variant_phylo,16-31,16,0.0,0.0,760,6068
nonEpitopeAcceptance_0.25_epitopeAcceptance_0.75,28,variant_phylo,32+,32,,,0,0
nonEpitopeAcceptance_0.25_epitopeAcceptance_0.75,28,variant_tsne,0,0,0.9810126582278481,0.9446092977250248,158,1011
nonEpitopeAcceptance_0.25_epitopeAcceptance_0.75,28,variant_tsne,1,1,0.46938775510204084,0.2687116564417178,245,1630
nonEpitopeAcceptance_0.25_epitopeAcceptance_0.75,28,variant_tsne,2-3,2,0.036284470246734396,0.02739182215164748,689,5038
nonEpitopeAcceptance_0.25_epitopeAcceptance_0.75,28,variant_tsne,4-7,4,0.0015810276679841897,0.0007544729467557663,1265,9278
nonEpitopeAcceptance_0.25_epitopeAcceptance_0.75,28,variant_tsne,8-15,8,0.0,0.0,1919,14492
nonEpitopeAcceptance_0.25_epitopeAcceptance_0.75,28,variant_tsne,16-31,16,0.0,0.0003295978905735003,760,6068
nonEpitopeAcceptance_0.25_epitopeAcceptance_0.75,28,variant_tsne,32+,32,,,0,0
nonEpitopeAcceptance_0.25_epitopeAcceptance_0.75,29,variant_ag,0,0,0.9806451612903225,0.9434944237918216,155,1345
nonEpitopeAcceptance_0.25_epitopeAcceptance_0.75,29,variant_ag,1,1,0.21226415094339623,0.20826061663758,212,1719
nonEpitopeAcceptance_0.25_epitopeAcceptance_0.75,29,variant_ag,2-3,2,0.03152364273204904,0.023973994311255586,571,4922
nonEpitopeAcceptance_0.25_epitopeAcceptance_0.75,29,variant_ag,4-7,4,0.00395882818685669,0.005392156862745098,1263,10200
nonEpitopeAcceptance_0.25_epitopeAcceptance_0.75,29,variant_ag,8-15,8,0.0011086474501108647,0.00038299502106472615,1804,15666
nonEpitopeAcceptance_0.25_epitopeAcceptance_0.75,29,variant_ag,16-31,16,0.0,0.0,405,3681
nonEpitopeAcceptance_0.25_epitopeAcceptance_0.75,29,variant_ag,32+,32,,,0,0
nonEpitopeAcceptance_0.25_epitopeAcceptance_0.75,29,variant_phylo,0,0,1.0,0.9144981412639405,155,1345
nonEpitopeAcceptance_0.25_epitopeAcceptance_0.75,29,variant_phylo,1,1,0.6792452830188679,0.3158813263525305,212,1719
nonEpitopeAcceptance_0.25_epitopeAcceptance_0.75,29,variant_phylo,2-3,2,0.2136602451838879,0.20357578220235675,571,4922
nonEpitopeAcceptance_0.25_epitopeAcceptance_0.75,29,variant_phylo,4-7,4,0.00870942201108472,0.0037254901960784314,1263,10200
nonEpitopeAcceptance_0.25_epitopeAcceptance_0.75,29,variant_phylo,8-15,8,0.0,0.00012766500702157538,1804,15666
nonEpitopeAcceptance_0.25_epitopeAcceptance_0.75,29,variant_phylo,16-31,16,0.0,0.0,405,3681
nonEpitopeAcceptance_0.25_epitopeAcceptance_0.75,29,variant_phylo,32+,32,,,0,0
nonEpitopeAcceptance_0.25_epitopeAcceptance_0.75,29,variant_tsne,0,0,0.9870967741935484,0.9301115241635688,155,1345
nonEpitopeAcceptance_0.25_epitopeAcceptance_0.75,29,variant_tsne,1,1,0.41509433962264153,0.222803955788249,212,1719
nonEpitopeAcceptance_0.25_epitopeAcceptance_0.75,29,variant_tsne,2-3,2,0.012259194395796848,0.013409183258837871,571,4922
nonEpitopeAcceptance_0.25_epitopeAcceptance_0.75,29,variant_tsne,4-7,4,0.001583531274742676,0.000784313725490196,1263,10200
nonEpitopeAcceptance_0.25_epitopeAcceptance_0.75,29,variant_tsne,8-15,8,0.0,0.00012766500702157538,1804,15666
nonEpitopeAcceptance_0.25_epitopeAcceptance_0.75,29,variant_tsne,16-31,16,0.0,0.0032599837000814994,405,3681
nonEpitopeAcceptance_0.25_epitopeAcceptance_0.75,29,variant_tsne,32+,32,,,0,0
nonEpitopeAcceptance_0.25_epitopeAcceptance_1.0,1,variant_ag,0,0,0.9813953488372092,0.9449035812672176,215,1089
nonEpitopeAcceptance_0.25_epitopeAcceptance_1.0,1,variant_ag,1,1,0.2179930795847751,0.22157434402332363,289,1372
nonEpitopeAcceptance_0.25_epitopeAcceptance_1.0,1,variant_ag,2-3,2,0.0715307582260372,0.05258964143426295,699,3765
nonEpitopeAcceptance_0.25_epitopeAcceptance_1.0,1,variant_ag,4-7,4,0.005287009063444109,0.006839945280437756,1324,7310
nonEpitopeAcceptance_0.25_epitopeAcceptance_1.0,1,variant_ag,8-15,8,0.0,7.58782912208817e-05,2244,13179
nonEpitopeAcceptance_0.25_epitopeAcceptance_1.0,1,variant_ag,16-31,16,0.0,9.530162965786715e-05,1615,10493
nonEpitopeAcceptance_0.25_epitopeAcceptance_1.0,1,variant_ag,32+,32,,,0,0
nonEpitopeAcceptance_0.25_epitopeAcceptance_1.0,1,variant_phylo,0,0,0.9906976744186047,0.9421487603305785,215,1089
nonEpitopeAcceptance_0.25_epitopeAcceptance_1.0,1,variant_phylo,1,1,0.754325259515571,0.5408163265306123,289,1372
nonEpitopeAcceptance_0.25_epitopeAcceptance_1.0,1,variant_phylo,2-3,2,0.1859799713876967,0.17742363877822045,699,3765
nonEpitopeAcceptance_0.25_epitopeAcceptance_1.0,1,variant_phylo,4-7,4,0.08761329305135952,0.08139534883720931,1324,7310
nonEpitopeAcceptance_0.25_epitopeAcceptance_1.0,1,variant_phylo,8-15,8,0.0,0.0019728355717429243,2244,13179
nonEpitopeAcceptance_0.25_epitopeAcceptance_1.0,1,variant_phylo,16-31,16,0.0,0.0001906032593157343,1615,10493
nonEpitopeAcceptance_0.25_epitopeAcceptance_1.0,1,variant_phylo,32+,32,,,0,0
nonEpitopeAcceptance_0.25_epitopeAcceptance_1.0,1,variant_tsne,0,0,0.9627906976744186,0.8760330578512396,215,1089
nonEpitopeAcceptance_0.25_epitopeAcceptance_1.0,1,variant_tsne,1,1,0.46366782006920415,0.27332361516034986,289,1372
nonEpitopeAcceptance_0.25_epitopeAcceptance_1.0,1,variant_tsne,2-3,2,0.05293276108726753,0.0350597609561753,699,3765
nonEpitopeAcceptance_0.25_epitopeAcceptance_1.0,1,variant_tsne,4-7,4,0.0037764350453172208,0.002325581395348837,1324,7310
nonEpitopeAcceptance_0.25_epitopeAcceptance_1.0,1,variant_tsne,8-15,8,0.0,0.0,2244,13179
nonEpitopeAcceptance_0.25_epitopeAcceptance_1.0,1,variant_tsne,16-31,16,0.0,0.0001906032593157343,1615,10493
nonEpitopeAcceptance_0.25_epitopeAcceptance_1.0,1,variant_tsne,32+,32,,,0,0
nonEpitopeAcceptance_0.25_epitopeAcceptance_1.0,3,variant_ag,0,0,0.9728260869565217,0.9583333333333334,184,864
nonEpitopeAcceptance_0.25_epitopeAcceptance_1.0,3,variant_ag,1,1,0.288,0.2824427480916031,250,1179
nonEpitopeAcceptance_0.25_epitopeAcceptance_1.0,3,variant_ag,2-3,2,0.0502283105022831,0.04874531295067782,657,3467
nonEpitopeAcceptance_0.25_epitopeAcceptance_1.0,3,variant_ag,4-7,4,0.015702479338842976,0.01470806715198336,1210,6731
nonEpitopeAcceptance_0.25_epitopeAcceptance_1.0,3,variant_ag,8-15,8,0.0,0.000973393900064893,2042,12328
nonEpitopeAcceptance_0.25_epitopeAcceptance_1.0,3,variant_ag,16-31,16,0.0,0.0001531159087429184,1880,13062
nonEpitopeAcceptance_0.25_epitopeAcceptance_1.0,3,variant_ag,32+,32,0.0,0.0,6,34
nonEpitopeAcceptance_0.25_epitopeAcceptance_1.0,3,variant_phylo,0,0,0.9891304347826086,0.9571759259259259,184,864
nonEpitopeAcceptance_0.25_epitopeAcceptance_1.0,3,variant_phylo,1,1,0.66,0.3782866836301951,250,1179
nonEpitopeAcceptance_0.25_epitopeAcceptance_1.0,3,variant_phylo,2-3,2,0.1811263318112633,0.16556100374963945,657,3467
nonEpitopeAcceptance_0.25_epitopeAcceptance_1.0,3,variant_phylo,4-7,4,0.028925619834710745,0.0316446293269945,1210,6731
nonEpitopeAcceptance_0.25_epitopeAcceptance_1.0,3,variant_phylo,8-15,8,0.0,0.00016223231667748214,2042,12328
nonEpitopeAcceptance_0.25_epitopeAcceptance_1.0,3,variant_phylo,16-31,16,0.0,0.0003062318174858368,1880,13062
nonEpitopeAcceptance_0.25_epitopeAcceptance_1.0,3,variant_phylo,32+,32,0.0,0.0,6,34
nonEpitopeAcceptance_0.25_epitopeAcceptance_1.0,3,variant_tsne,0,0,0.9728260869565217,0.9745370370370371,184,864
nonEpitopeAcceptance_0.25_epitopeAcceptance_1.0,3,variant_tsne,1,1,0.428,0.3944020356234097,250,1179
nonEpitopeAcceptance_0.25_epitopeAcceptance_1.0,3,variant_tsne,2-3,2,0.0365296803652968,0.046726276319584654,657,3467
nonEpitopeAcceptance_0.25_epitopeAcceptance_1.0,3,variant_tsne,4-7,4,0.0008264462809917355,0.0014856633486851878,1210,6731
nonEpitopeAcceptance_0.25_epitopeAcceptance_1.0,3,variant_tsne,8-15,8,0.0,8.111615833874107e-05,2042,12328
nonEpitopeAcceptance_0.25_epitopeAcceptance_1.0,3,variant_tsne,16-31,16,0.002127659574468085,0.0014546011330577248,1880,13062
nonEpitopeAcceptance_0.25_epitopeAcceptance_1.0,3,variant_tsne,32+,32,0.0,0.0,6,34
nonEpitopeAcceptance_0.25_epitopeAcceptance_1.0,4,variant_ag,0,0,0.9848484848484849,0.9553264604810997,198,873
nonEpitopeAcceptance_0.25_epitopeAcceptance_1.0,4,variant_ag,1,1,0.3686274509803922,0.34851301115241634,255,1076
nonEpitopeAcceptance_0.25_epitopeAcceptance_1.0,4,variant_ag,2-3,2,0.06891701828410689,0.05954415954415954,711,3510
nonEpitopeAcceptance_0.25_epitopeAcceptance_1.0,4,variant_ag,4-7,4,0.013583441138421734,0.009481837606837606,1546,7488
nonEpitopeAcceptance_0.25_epitopeAcceptance_1.0,4,variant_ag,8-15,8,0.0,0.0,2442,12913
nonEpitopeAcceptance_0.25_epitopeAcceptance_1.0,4,variant_ag,16-31,16,0.0,0.00017455053237912376,1921,11458
nonEpitopeAcceptance_0.25_epitopeAcceptance_1.0,4,variant_ag,32+,32,,,0,0
nonEpitopeAcceptance_0.25_epitopeAcceptance_1.0,4,variant_phylo,0,0,0.9848484848484849,0.9255441008018328,198,873
nonEpitopeAcceptance_0.25_epitopeAcceptance_1.0,4,variant_phylo,1,1,0.7803921568627451,0.4646840148698885,255,1076
nonEpitopeAcceptance_0.25_epitopeAcceptance_1.0,4,variant_phylo,2-3,2,0.08720112517580872,0.08632478632478632,711,3510
nonEpitopeAcceptance_0.25_epitopeAcceptance_1.0,4,variant_phylo,4-7,4,0.000646830530401035,0.0022702991452991455,1546,7488
nonEpitopeAcceptance_0.25_epitopeAcceptance_1.0,4,variant_phylo,8-15,8,0.0,0.0,2442,12913
nonEpitopeAcceptance_0.25_epitopeAcceptance_1.0,4,variant_phylo,16-31,16,0.0,8.727526618956188e-05,1921,11458
nonEpitopeAcceptance_0.25_epitopeAcceptance_1.0,4,variant_phylo,32+,32,,,0,0
nonEpitopeAcceptance_0.25_epitopeAcceptance_1.0,4,variant_tsne,0,0,1.0,0.9324169530355098,198,873
nonEpitopeAcceptance_0.25_epitopeAcceptance_1.0,4,variant_tsne,1,1,0.596078431372549,0.43866171003717475,255,1076
nonEpitopeAcceptance_0.25_epitopeAcceptance_1.0,4,variant_tsne,2-3,2,0.053445850914205346,0.05555555555555555,711,3510
nonEpitopeAcceptance_0.25_epitopeAcceptance_1.0,4,variant_tsne,4-7,4,0.0019404915912031048,0.0022702991452991455,1546,7488
nonEpitopeAcceptance_0.25_epitopeAcceptance_1.0,4,variant_tsne,8-15,8,0.0,0.0,2442,12913
nonEpitopeAcceptance_0.25_epitopeAcceptance_1.0,4,variant_tsne,16-31,16,0.0,8.727526618956188e-05,1921,11458
nonEpitopeAcceptance_0.25_epitopeAcceptance_1.0,4,variant_tsne,32+,32,,,0,0
nonEpitopeAcceptance_0.25_epitopeAcceptance_1.0,7,variant_ag,0,0,0.9418604651162791,0.9417808219178082,172,876
nonEpitopeAcceptance_0.25_epitopeAcceptance_1.0,7,variant_ag,1,1,0.2623762376237624,0.2743055555555556,202,1152
nonEpitopeAcceptance_0.25_epitopeAcceptance_1.0,7,variant_ag,2-3,2,0.06919945725915876,0.051094890510948905,737,3562
nonEpitopeAcceptance_0.25_epitopeAcceptance_1.0,7,variant_ag,4-7,4,0.011327879169288861,0.01626988874267257,1589,8359
nonEpitopeAcceptance_0.25_epitopeAcceptance_1.0,7,variant_ag,8-15,8,0.003215434083601286,0.0007262164124909223,2488,13770
nonEpitopeAcceptance_0.25_epitopeAcceptance_1.0,7,variant_ag,16-31,16,0.0,0.0,1585,9417
nonEpitopeAcceptance_0.25_epitopeAcceptance_1.0,7,variant_ag,32+,32,,,0,0
nonEpitopeAcceptance_0.25_epitopeAcceptance_1.0,7,variant_phylo,0,0,1.0,0.976027397260274,172,876
nonEpitopeAcceptance_0.25_epitopeAcceptance_1.0,7,variant_phylo,1,1,0.7970297029702971,0.5989583333333334,202,1152
nonEpitopeAcceptance_0.25_epitopeAcceptance_1.0,7,variant_phylo,2-3,2,0.18860244233378562,0.17097136440202135,737,3562
nonEpitopeAcceptance_0.25_epitopeAcceptance_1.0,7,variant_phylo,4-7,4,0.06482064191315293,0.06567771264505323,1589,8359
nonEpitopeAcceptance_0.25_epitopeAcceptance_1.0,7,variant_phylo,8-15,8,0.006430868167202572,0.006172839506172839,2488,13770
nonEpitopeAcceptance_0.25_epitopeAcceptance_1.0,7,variant_phylo,16-31,16,0.0,0.0,1585,9417
nonEpitopeAcceptance_0.25_epitopeAcceptance_1.0,7,variant_phylo,32+,32,,,0,0
nonEpitopeAcceptance_0.25_epitopeAcceptance_1.0,7,variant_tsne,0,0,1.0,0.973744292237443,172,876
nonEpitopeAcceptance_0.25_epitopeAcceptance_1.0,7,variant_tsne,1,1,0.48514851485148514,0.4079861111111111,202,1152
nonEpitopeAcceptance_0.25_epitopeAcceptance_1.0,7,variant_tsne,2-3,2,0.06105834464043419,0.04744525547445255,737,3562
nonEpitopeAcceptance_0.25_epitopeAcceptance_1.0,7,variant_tsne,4-7,4,0.004405286343612335,0.0033496829764325877,1589,8359
nonEpitopeAcceptance_0.25_epitopeAcceptance_1.0,7,variant_tsne,8-15,8,0.0,0.0010893246187363835,2488,13770
nonEpitopeAcceptance_0.25_epitopeAcceptance_1.0,7,variant_tsne,16-31,16,0.0,0.0,1585,9417
nonEpitopeAcceptance_0.25_epitopeAcceptance_1.0,7,variant_tsne,32+,32,,,0,0
nonEpitopeAcceptance_0.25_epitopeAcceptance_1.0,10,variant_ag,0,0,0.9593908629441624,0.9269102990033222,197,903
nonEpitopeAcceptance_0.25_epitopeAcceptance_1.0,10,variant_ag,1,1,0.21179624664879357,0.22208359326263255,373,1603
nonEpitopeAcceptance_0.25_epitopeAcceptance_1.0,10,variant_ag,2-3,2,0.06614785992217899,0.053481894150417826,771,3590
nonEpitopeAcceptance_0.25_epitopeAcceptance_1.0,10,variant_ag,4-7,4,0.00975609756097561,0.007655116841257051,1435,7446
nonEpitopeAcceptance_0.25_epitopeAcceptance_1.0,10,variant_ag,8-15,8,0.000689655172413793,0.000437417984127976,2900,16003
nonEpitopeAcceptance_0.25_epitopeAcceptance_1.0,10,variant_ag,16-31,16,0.0,0.0,1342,7972
nonEpitopeAcceptance_0.25_epitopeAcceptance_1.0,10,variant_ag,32+,32,,,0,0
nonEpitopeAcceptance_0.25_epitopeAcceptance_1.0,10,variant_phylo,0,0,1.0,0.9601328903654485,197,903
nonEpitopeAcceptance_0.25_epitopeAcceptance_1.0,10,variant_phylo,1,1,0.6032171581769437,0.4148471615720524,373,1603
nonEpitopeAcceptance_0.25_epitopeAcceptance_1.0,10,variant_phylo,2-3,2,0.12062256809338522,0.09554317548746519,771,3590
nonEpitopeAcceptance_0.25_epitopeAcceptance_1.0,10,variant_phylo,4-7,4,0.01951219512195122,0.01974214343271555,1435,7446
nonEpitopeAcceptance_0.25_epitopeAcceptance_1.0,10,variant_phylo,8-15,8,0.000689655172413793,6.248828344685372e-05,2900,16003
nonEpitopeAcceptance_0.25_epitopeAcceptance_1.0,10,variant_phylo,16-31,16,0.0,0.0,1342,7972
nonEpitopeAcceptance_0.25_epitopeAcceptance_1.0,10,variant_phylo,32+,32,,,0,0
nonEpitopeAcceptance_0.25_epitopeAcceptance_1.0,10,variant_tsne,0,0,0.9796954314720813,0.9401993355481728,197,903
nonEpitopeAcceptance_0.25_epitopeAcceptance_1.0,10,variant_tsne,1,1,0.3806970509383378,0.28197130380536495,373,1603
nonEpitopeAcceptance_0.25_epitopeAcceptance_1.0,10,variant_tsne,2-3,2,0.058365758754863814,0.04094707520891365,771,3590
nonEpitopeAcceptance_0.25_epitopeAcceptance_1.0,10,variant_tsne,4-7,4,0.0020905923344947735,0.0016116035455278,1435,7446
nonEpitopeAcceptance_0.25_epitopeAcceptance_1.0,10,variant_tsne,8-15,8,0.000689655172413793,0.0,2900,16003
nonEpitopeAcceptance_0.25_epitopeAcceptance_1.0,10,variant_tsne,16-31,16,0.0,0.0,1342,7972
nonEpitopeAcceptance_0.25_epitopeAcceptance_1.0,10,variant_tsne,32+,32,,,0,0
nonEpitopeAcceptance_0.25_epitopeAcceptance_1.0,12,variant_ag,0,0,0.9796954314720813,0.916923076923077,197,975
nonEpitopeAcceptance_0.25_epitopeAcceptance_1.0,12,variant_ag,1,1,0.22053231939163498,0.23008130081300812,263,1230
nonEpitopeAcceptance_0.25_epitopeAcceptance_1.0,12,variant_ag,2-3,2,0.06648575305291723,0.05998421468034728,737,3801
nonEpitopeAcceptance_0.25_epitopeAcceptance_1.0,12,variant_ag,4-7,4,0.007840342124019958,0.009991556431184915,1403,7106
nonEpitopeAcceptance_0.25_epitopeAcceptance_1.0,12,variant_ag,8-15,8,0.0,0.0001387251161822848,2599,14417
nonEpitopeAcceptance_0.25_epitopeAcceptance_1.0,12,variant_ag,16-31,16,0.0,0.00020502306509482317,1485,9755
nonEpitopeAcceptance_0.25_epitopeAcceptance_1.0,12,variant_ag,32+,32,,,0,0
nonEpitopeAcceptance_0.25_epitopeAcceptance_1.0,12,variant_phylo,0,0,1.0,0.961025641025641,197,975
nonEpitopeAcceptance_0.25_epitopeAcceptance_1.0,12,variant_phylo,1,1,0.5361216730038023,0.4268292682926829,263,1230
nonEpitopeAcceptance_0.25_epitopeAcceptance_1.0,12,variant_phylo,2-3,2,0.22930800542740842,0.20205209155485399,737,3801
nonEpitopeAcceptance_0.25_epitopeAcceptance_1.0,12,variant_phylo,4-7,4,0.04632929436920884,0.041232761047002534,1403,7106
nonEpitopeAcceptance_0.25_epitopeAcceptance_1.0,12,variant_phylo,8-15,8,0.00038476337052712584,0.00020808767427342721,2599,14417
nonEpitopeAcceptance_0.25_epitopeAcceptance_1.0,12,variant_phylo,16-31,16,0.0,0.0,1485,9755
nonEpitopeAcceptance_0.25_epitopeAcceptance_1.0,12,variant_phylo,32+,32,,,0,0
nonEpitopeAcceptance_0.25_epitopeAcceptance_1.0,12,variant_tsne,0,0,0.9898477157360406,0.9661538461538461,197,975
nonEpitopeAcceptance_0.25_epitopeAcceptance_1.0,12,variant_tsne,1,1,0.46387832699619774,0.3886178861788618,263,1230
nonEpitopeAcceptance_0.25_epitopeAcceptance_1.0,12,variant_tsne,2-3,2,0.04341926729986431,0.038937121810049984,737,3801
nonEpitopeAcceptance_0.25_epitopeAcceptance_1.0,12,variant_tsne,4-7,4,0.003563791874554526,0.0037996059667886294,1403,7106
nonEpitopeAcceptance_0.25_epitopeAcceptance_1.0,12,variant_tsne,8-15,8,0.0,0.0010404383713671361,2599,14417
nonEpitopeAcceptance_0.25_epitopeAcceptance_1.0,12,variant_tsne,16-31,16,0.0,0.0,1485,9755
nonEpitopeAcceptance_0.25_epitopeAcceptance_1.0,12,variant_tsne,32+,32,,,0,0
nonEpitopeAcceptance_0.25_epitopeAcceptance_1.0,13,variant_ag,0,0,0.9722222222222222,0.9362186788154897,216,878
nonEpitopeAcceptance_0.25_epitopeAcceptance_1.0,13,variant_ag,1,1,0.25925925925925924,0.2664,270,1250
nonEpitopeAcceptance_0.25_epitopeAcceptance_1.0,13,variant_ag,2-3,2,0.05621301775147929,0.05617021276595745,676,3525
nonEpitopeAcceptance_0.25_epitopeAcceptance_1.0,13,variant_ag,4-7,4,0.006130790190735695,0.005883962780514505,1468,7308
nonEpitopeAcceptance_0.25_epitopeAcceptance_1.0,13,variant_ag,8-15,8,0.0008116883116883117,0.0005069157795640525,2464,13809
nonEpitopeAcceptance_0.25_epitopeAcceptance_1.0,13,variant_ag,16-31,16,0.0,0.00018540836191712246,1665,10787
nonEpitopeAcceptance_0.25_epitopeAcceptance_1.0,13,variant_ag,32+,32,,,0,0
nonEpitopeAcceptance_0.25_epitopeAcceptance_1.0,13,variant_phylo,0,0,0.9953703703703703,0.929384965831435,216,878
nonEpitopeAcceptance_0.25_epitopeAcceptance_1.0,13,variant_phylo,1,1,0.7148148148148148,0.368,270,1250
nonEpitopeAcceptance_0.25_epitopeAcceptance_1.0,13,variant_phylo,2-3,2,0.1242603550295858,0.09588652482269504,676,3525
nonEpitopeAcceptance_0.25_epitopeAcceptance_1.0,13,variant_phylo,4-7,4,0.0027247956403269754,0.0034209085933223863,1468,7308
nonEpitopeAcceptance_0.25_epitopeAcceptance_1.0,13,variant_phylo,8-15,8,0.00040584415584415587,0.0,2464,13809
nonEpitopeAcceptance_0.25_epitopeAcceptance_1.0,13,variant_phylo,16-31,16,0.0,0.00018540836191712246,1665,10787
nonEpitopeAcceptance_0.25_epitopeAcceptance_1.0,13,variant_phylo,32+,32,,,0,0
nonEpitopeAcceptance_0.25_epitopeAcceptance_1.0,13,variant_tsne,0,0,1.0,0.9703872437357631,216,878
nonEpitopeAcceptance_0.25_epitopeAcceptance_1.0,13,variant_tsne,1,1,0.3851851851851852,0.3288,270,1250
nonEpitopeAcceptance_0.25_epitopeAcceptance_1.0,13,variant_tsne,2-3,2,0.04142011834319527,0.03943262411347518,676,3525
nonEpitopeAcceptance_0.25_epitopeAcceptance_1.0,13,variant_tsne,4-7,4,0.0006811989100817438,0.00150519978106185,1468,7308
nonEpitopeAcceptance_0.25_epitopeAcceptance_1.0,13,variant_tsne,8-15,8,0.00040584415584415587,7.241653993772178e-05,2464,13809
nonEpitopeAcceptance_0.25_epitopeAcceptance_1.0,13,variant_tsne,16-31,16,0.0,0.00018540836191712246,1665,10787
nonEpitopeAcceptance_0.25_epitopeAcceptance_1.0,13,variant_tsne,32+,32,,,0,0
nonEpitopeAcceptance_0.25_epitopeAcceptance_1.0,15,variant_ag,0,0,0.9759036144578314,0.9307553956834532,249,1112
nonEpitopeAcceptance_0.25_epitopeAcceptance_1.0,15,variant_ag,1,1,0.23577235772357724,0.24182509505703423,246,1315
nonEpitopeAcceptance_0.25_epitopeAcceptance_1.0,15,variant_ag,2-3,2,0.06718346253229975,0.04871134020618557,774,3880
nonEpitopeAcceptance_0.25_epitopeAcceptance_1.0,15,variant_ag,4-7,4,0.005316007088009451,0.004429080695689748,1693,9257
nonEpitopeAcceptance_0.25_epitopeAcceptance_1.0,15,variant_ag,8-15,8,0.00036231884057971015,0.0,2760,15955
nonEpitopeAcceptance_0.25_epitopeAcceptance_1.0,15,variant_ag,16-31,16,0.0,0.0,993,5893
nonEpitopeAcceptance_0.25_epitopeAcceptance_1.0,15,variant_ag,32+,32,,,0,0
nonEpitopeAcceptance_0.25_epitopeAcceptance_1.0,15,variant_phylo,0,0,0.9919678714859438,0.954136690647482,249,1112
nonEpitopeAcceptance_0.25_epitopeAcceptance_1.0,15,variant_phylo,1,1,0.8211382113821138,0.5847908745247148,246,1315
nonEpitopeAcceptance_0.25_epitopeAcceptance_1.0,15,variant_phylo,2-3,2,0.10465116279069768,0.10335051546391752,774,3880
nonEpitopeAcceptance_0.25_epitopeAcceptance_1.0,15,variant_phylo,4-7,4,0.07383343177790903,0.07410608188397969,1693,9257
nonEpitopeAcceptance_0.25_epitopeAcceptance_1.0,15,variant_phylo,8-15,8,0.00036231884057971015,0.00025070510811657786,2760,15955
nonEpitopeAcceptance_0.25_epitopeAcceptance_1.0,15,variant_phylo,16-31,16,0.0,0.0,993,5893
nonEpitopeAcceptance_0.25_epitopeAcceptance_1.0,15,variant_phylo,32+,32,,,0,0
nonEpitopeAcceptance_0.25_epitopeAcceptance_1.0,15,variant_tsne,0,0,0.963855421686747,0.9361510791366906,249,1112
nonEpitopeAcceptance_0.25_epitopeAcceptance_1.0,15,variant_tsne,1,1,0.4268292682926829,0.2920152091254753,246,1315
nonEpitopeAcceptance_0.25_epitopeAcceptance_1.0,15,variant_tsne,2-3,2,0.04392764857881137,0.023195876288659795,774,3880
nonEpitopeAcceptance_0.25_epitopeAcceptance_1.0,15,variant_tsne,4-7,4,0.0029533372711163615,0.0017284217349033163,1693,9257
nonEpitopeAcceptance_0.25_epitopeAcceptance_1.0,15,variant_tsne,8-15,8,0.00036231884057971015,0.0,2760,15955
nonEpitopeAcceptance_0.25_epitopeAcceptance_1.0,15,variant_tsne,16-31,16,0.0,0.00016969285593076533,993,5893
nonEpitopeAcceptance_0.25_epitopeAcceptance_1.0,15,variant_tsne,32+,32,,,0,0
nonEpitopeAcceptance_0.25_epitopeAcceptance_1.0,16,variant_ag,0,0,0.9840425531914894,0.9626865671641791,188,938
nonEpitopeAcceptance_0.25_epitopeAcceptance_1.0,16,variant_ag,1,1,0.2851851851851852,0.2718696397941681,270,1166
nonEpitopeAcceptance_0.25_epitopeAcceptance_1.0,16,variant_ag,2-3,2,0.07313432835820896,0.0840035746201966,670,3357
nonEpitopeAcceptance_0.25_epitopeAcceptance_1.0,16,variant_ag,4-7,4,0.01289134438305709,0.008101851851851851,1629,7776
nonEpitopeAcceptance_0.25_epitopeAcceptance_1.0,16,variant_ag,8-15,8,0.0,5.743825387708214e-05,3179,17410
nonEpitopeAcceptance_0.25_epitopeAcceptance_1.0,16,variant_ag,16-31,16,0.0,0.0,1082,6869
nonEpitopeAcceptance_0.25_epitopeAcceptance_1.0,16,variant_ag,32+,32,,,0,0
nonEpitopeAcceptance_0.25_epitopeAcceptance_1.0,16,variant_phylo,0,0,0.9840425531914894,0.9658848614072495,188,938
nonEpitopeAcceptance_0.25_epitopeAcceptance_1.0,16,variant_phylo,1,1,0.6518518518518519,0.48284734133790735,270,1166
nonEpitopeAcceptance_0.25_epitopeAcceptance_1.0,16,variant_phylo,2-3,2,0.1253731343283582,0.12421805183199285,670,3357
nonEpitopeAcceptance_0.25_epitopeAcceptance_1.0,16,variant_phylo,4-7,4,0.004297114794352364,0.005787037037037037,1629,7776
nonEpitopeAcceptance_0.25_epitopeAcceptance_1.0,16,variant_phylo,8-15,8,0.0,0.00011487650775416428,3179,17410
nonEpitopeAcceptance_0.25_epitopeAcceptance_1.0,16,variant_phylo,16-31,16,0.0,0.0,1082,6869
nonEpitopeAcceptance_0.25_epitopeAcceptance_1.0,16,variant_phylo,32+,32,,,0,0
nonEpitopeAcceptance_0.25_epitopeAcceptance_1.0,16,variant_tsne,0,0,0.9893617021276596,0.9680170575692963,188,938
nonEpitopeAcceptance_0.25_epitopeAcceptance_1.0,16,variant_tsne,1,1,0.4222222222222222,0.3481989708404803,270,1166
nonEpitopeAcceptance_0.25_epitopeAcceptance_1.0,16,variant_tsne,2-3,2,0.07014925373134329,0.05391718796544534,670,3357
nonEpitopeAcceptance_0.25_epitopeAcceptance_1.0,16,variant_tsne,4-7,4,0.004297114794352364,0.002700617283950617,1629,7776
nonEpitopeAcceptance_0.25_epitopeAcceptance_1.0,16,variant_tsne,8-15,8,0.00031456432840515884,0.00011487650775416428,3179,17410
nonEpitopeAcceptance_0.25_epitopeAcceptance_1.0,16,variant_tsne,16-31,16,0.0,0.0,1082,6869
nonEpitopeAcceptance_0.25_epitopeAcceptance_1.0,16,variant_tsne,32+,32,,,0,0
nonEpitopeAcceptance_0.25_epitopeAcceptance_1.0,18,variant_ag,0,0,0.9396551724137931,0.9462719298245614,232,912
nonEpitopeAcceptance_0.25_epitopeAcceptance_1.0,18,variant_ag,1,1,0.2262295081967213,0.29992464204973623,305,1327
nonEpitopeAcceptance_0.25_epitopeAcceptance_1.0,18,variant_ag,2-3,2,0.0663265306122449,0.07292255511588468,784,3538
nonEpitopeAcceptance_0.25_epitopeAcceptance_1.0,18,variant_ag,4-7,4,0.00881057268722467,0.007422243166823751,1816,8488
nonEpitopeAcceptance_0.25_epitopeAcceptance_1.0,18,variant_ag,8-15,8,0.0002864508736751647,5.618608832453085e-05,3491,17798
nonEpitopeAcceptance_0.25_epitopeAcceptance_1.0,18,variant_ag,16-31,16,0.0,0.0001795009872554299,940,5571
nonEpitopeAcceptance_0.25_epitopeAcceptance_1.0,18,variant_ag,32+,32,,,0,0
nonEpitopeAcceptance_0.25_epitopeAcceptance_1.0,18,variant_phylo,0,0,0.9870689655172413,0.9320175438596491,232,912
nonEpitopeAcceptance_0.25_epitopeAcceptance_1.0,18,variant_phylo,1,1,0.740983606557377,0.4031650339110776,305,1327
nonEpitopeAcceptance_0.25_epitopeAcceptance_1.0,18,variant_phylo,2-3,2,0.11607142857142858,0.10062182023742228,784,3538
nonEpitopeAcceptance_0.25_epitopeAcceptance_1.0,18,variant_phylo,4-7,4,0.005506607929515419,0.006126295947219604,1816,8488
nonEpitopeAcceptance_0.25_epitopeAcceptance_1.0,18,variant_phylo,8-15,8,0.0002864508736751647,0.0,3491,17798
nonEpitopeAcceptance_0.25_epitopeAcceptance_1.0,18,variant_phylo,16-31,16,0.0,0.0,940,5571
nonEpitopeAcceptance_0.25_epitopeAcceptance_1.0,18,variant_phylo,32+,32,,,0,0
nonEpitopeAcceptance_0.25_epitopeAcceptance_1.0,18,variant_tsne,0,0,0.9655172413793104,0.9166666666666666,232,912
nonEpitopeAcceptance_0.25_epitopeAcceptance_1.0,18,variant_tsne,1,1,0.5606557377049181,0.3632253202712886,305,1327
nonEpitopeAcceptance_0.25_epitopeAcceptance_1.0,18,variant_tsne,2-3,2,0.04846938775510204,0.04861503674392312,784,3538
nonEpitopeAcceptance_0.25_epitopeAcceptance_1.0,18,variant_tsne,4-7,4,0.0005506607929515419,0.001413760603204524,1816,8488
nonEpitopeAcceptance_0.25_epitopeAcceptance_1.0,18,variant_tsne,8-15,8,0.0002864508736751647,5.618608832453085e-05,3491,17798
nonEpitopeAcceptance_0.25_epitopeAcceptance_1.0,18,variant_tsne,16-31,16,0.0,0.0007180039490217197,940,5571
nonEpitopeAcceptance_0.25_epitopeAcceptance_1.0,18,variant_tsne,32+,32,,,0,0
nonEpitopeAcceptance_0.25_epitopeAcceptance_1.0,22,variant_ag,0,0,0.9683794466403162,0.9329501915708812,253,1044
nonEpitopeAcceptance_0.25_epitopeAcceptance_1.0,22,variant_ag,1,1,0.1550632911392405,0.17436845348120764,316,1623
nonEpitopeAcceptance_0.25_epitopeAcceptance_1.0,22,variant_ag,2-3,2,0.0440324449594438,0.053442465093885415,863,4154
nonEpitopeAcceptance_0.25_epitopeAcceptance_1.0,22,variant_ag,4-7,4,0.00929368029739777,0.007239715008044128,1614,8702
nonEpitopeAcceptance_0.25_epitopeAcceptance_1.0,22,variant_ag,8-15,8,0.00040112314480545525,0.0,2493,14734
nonEpitopeAcceptance_0.25_epitopeAcceptance_1.0,22,variant_ag,16-31,16,0.0018535681186283596,0.0,1079,7529
nonEpitopeAcceptance_0.25_epitopeAcceptance_1.0,22,variant_ag,32+,32,,,0,0
nonEpitopeAcceptance_0.25_epitopeAcceptance_1.0,22,variant_phylo,0,0,0.9762845849802372,0.9272030651340997,253,1044
nonEpitopeAcceptance_0.25_epitopeAcceptance_1.0,22,variant_phylo,1,1,0.6487341772151899,0.28342575477510784,316,1623
nonEpitopeAcceptance_0.25_epitopeAcceptance_1.0,22,variant_phylo,2-3,2,0.06025492468134415,0.03923928743379875,863,4154
nonEpitopeAcceptance_0.25_epitopeAcceptance_1.0,22,variant_phylo,4-7,4,0.03903345724907063,0.032291427258101586,1614,8702
nonEpitopeAcceptance_0.25_epitopeAcceptance_1.0,22,variant_phylo,8-15,8,0.0,6.787023211619383e-05,2493,14734
nonEpitopeAcceptance_0.25_epitopeAcceptance_1.0,22,variant_phylo,16-31,16,0.0018535681186283596,0.0,1079,7529
nonEpitopeAcceptance_0.25_epitopeAcceptance_1.0,22,variant_phylo,32+,32,,,0,0
nonEpitopeAcceptance_0.25_epitopeAcceptance_1.0,22,variant_tsne,0,0,0.9960474308300395,0.9386973180076629,253,1044
nonEpitopeAcceptance_0.25_epitopeAcceptance_1.0,22,variant_tsne,1,1,0.4430379746835443,0.29698089956869994,316,1623
nonEpitopeAcceptance_0.25_epitopeAcceptance_1.0,22,variant_tsne,2-3,2,0.0220162224797219,0.027924891670678863,863,4154
nonEpitopeAcceptance_0.25_epitopeAcceptance_1.0,22,variant_tsne,4-7,4,0.0,0.0009193288899103654,1614,8702
nonEpitopeAcceptance_0.25_epitopeAcceptance_1.0,22,variant_tsne,8-15,8,0.0,0.0,2493,14734
nonEpitopeAcceptance_0.25_epitopeAcceptance_1.0,22,variant_tsne,16-31,16,0.0018535681186283596,0.00013281976358082084,1079,7529
nonEpitopeAcceptance_0.25_epitopeAcceptance_1.0,22,variant_tsne,32+,32,,,0,0
nonEpitopeAcceptance_0.25_epitopeAcceptance_1.0,23,variant_ag,0,0,0.9591078066914498,0.9426751592356688,269,1256
nonEpitopeAcceptance_0.25_epitopeAcceptance_1.0,23,variant_ag,1,1,0.22295081967213115,0.21890145395799676,305,1238
nonEpitopeAcceptance_0.25_epitopeAcceptance_1.0,23,variant_ag,2-3,2,0.04336734693877551,0.046149718272068686,784,3727
nonEpitopeAcceptance_0.25_epitopeAcceptance_1.0,23,variant_ag,4-7,4,0.008130081300813009,0.007892057026476579,1599,7856
nonEpitopeAcceptance_0.25_epitopeAcceptance_1.0,23,variant_ag,8-15,8,0.0016736401673640166,7.580351728320194e-05,2390,13192
nonEpitopeAcceptance_0.25_epitopeAcceptance_1.0,23,variant_ag,16-31,16,0.0,9.917683229197659e-05,1704,10083
nonEpitopeAcceptance_0.25_epitopeAcceptance_1.0,23,variant_ag,32+,32,,,0,0
nonEpitopeAcceptance_0.25_epitopeAcceptance_1.0,23,variant_phylo,0,0,0.9628252788104089,0.9299363057324841,269,1256
nonEpitopeAcceptance_0.25_epitopeAcceptance_1.0,23,variant_phylo,1,1,0.7016393442622951,0.42649434571890144,305,1238
nonEpitopeAcceptance_0.25_epitopeAcceptance_1.0,23,variant_phylo,2-3,2,0.18622448979591838,0.15562114301046417,784,3727
nonEpitopeAcceptance_0.25_epitopeAcceptance_1.0,23,variant_phylo,4-7,4,0.04690431519699812,0.043915478615071286,1599,7856
nonEpitopeAcceptance_0.25_epitopeAcceptance_1.0,23,variant_phylo,8-15,8,0.0,0.0,2390,13192
nonEpitopeAcceptance_0.25_epitopeAcceptance_1.0,23,variant_phylo,16-31,16,0.0,9.917683229197659e-05,1704,10083
nonEpitopeAcceptance_0.25_epitopeAcceptance_1.0,23,variant_phylo,32+,32,,,0,0
nonEpitopeAcceptance_0.25_epitopeAcceptance_1.0,23,variant_tsne,0,0,0.9591078066914498,0.9132165605095541,269,1256
nonEpitopeAcceptance_0.25_epitopeAcceptance_1.0,23,variant_tsne,1,1,0.4491803278688525,0.27463651050080773,305,1238
nonEpitopeAcceptance_0.25_epitopeAcceptance_1.0,23,variant_tsne,2-3,2,0.03571428571428571,0.03434397638851623,784,3727
nonEpitopeAcceptance_0.25_epitopeAcceptance_1.0,23,variant_tsne,4-7,4,0.00375234521575985,0.0019093686354378818,1599,7856
nonEpitopeAcceptance_0.25_epitopeAcceptance_1.0,23,variant_tsne,8-15,8,0.0,0.0,2390,13192
nonEpitopeAcceptance_0.25_epitopeAcceptance_1.0,23,variant_tsne,16-31,16,0.0,9.917683229197659e-05,1704,10083
nonEpitopeAcceptance_0.25_epitopeAcceptance_1.0,23,variant_tsne,32+,32,,,0,0
nonEpitopeAcceptance_0.25_epitopeAcceptance_1.0,24,variant_ag,0,0,0.9696969696969697,0.9519832985386222,198,958
nonEpitopeAcceptance_0.25_epitopeAcceptance_1.0,24,variant_ag,1,1,0.29056603773584905,0.2921875,265,1280
nonEpitopeAcceptance_0.25_epitopeAcceptance_1.0,24,variant_ag,2-3,2,0.05393586005830904,0.061400482925146604,686,2899
nonEpitopeAcceptance_0.25_epitopeAcceptance_1.0,24,variant_ag,4-7,4,0.019566736547868623,0.022135416666666668,1431,6912
nonEpitopeAcceptance_0.25_epitopeAcceptance_1.0,24,variant_ag,8-15,8,0.0,0.0001218249375647195,3203,16417
nonEpitopeAcceptance_0.25_epitopeAcceptance_1.0,24,variant_ag,16-31,16,0.0006514657980456026,0.00011336583153837434,1535,8821
nonEpitopeAcceptance_0.25_epitopeAcceptance_1.0,24,variant_ag,32+,32,,,0,0
nonEpitopeAcceptance_0.25_epitopeAcceptance_1.0,24,variant_phylo,0,0,0.98989898989899,0.9290187891440501,198,958
nonEpitopeAcceptance_0.25_epitopeAcceptance_1.0,24,variant_phylo,1,1,0.6641509433962264,0.39453125,265,1280
nonEpitopeAcceptance_0.25_epitopeAcceptance_1.0,24,variant_phylo,2-3,2,0.15014577259475217,0.1466022766471197,686,2899
nonEpitopeAcceptance_0.25_epitopeAcceptance_1.0,24,variant_phylo,4-7,4,0.01607267645003494,0.022858796296296297,1431,6912
nonEpitopeAcceptance_0.25_epitopeAcceptance_1.0,24,variant_phylo,8-15,8,0.0,0.0,3203,16417
nonEpitopeAcceptance_0.25_epitopeAcceptance_1.0,24,variant_phylo,16-31,16,0.0006514657980456026,0.00022673166307674868,1535,8821
nonEpitopeAcceptance_0.25_epitopeAcceptance_1.0,24,variant_phylo,32+,32,,,0,0
nonEpitopeAcceptance_0.25_epitopeAcceptance_1.0,24,variant_tsne,0,0,0.9949494949494949,0.9791231732776617,198,958
nonEpitopeAcceptance_0.25_epitopeAcceptance_1.0,24,variant_tsne,1,1,0.4377358490566038,0.37109375,265,1280
nonEpitopeAcceptance_0.25_epitopeAcceptance_1.0,24,variant_tsne,2-3,2,0.04518950437317784,0.05243187305967575,686,2899
nonEpitopeAcceptance_0.25_epitopeAcceptance_1.0,24,variant_tsne,4-7,4,0.004891684136967156,0.005063657407407407,1431,6912
nonEpitopeAcceptance_0.25_epitopeAcceptance_1.0,24,variant_tsne,8-15,8,0.001248829222603809,0.0005482122190412377,3203,16417
nonEpitopeAcceptance_0.25_epitopeAcceptance_1.0,24,variant_tsne,16-31,16,0.0006514657980456026,0.00011336583153837434,1535,8821
nonEpitopeAcceptance_0.25_epitopeAcceptance_1.0,24,variant_tsne,32+,32,,,0,0
nonEpitopeAcceptance_0.25_epitopeAcceptance_1.0,25,variant_ag,0,0,0.96,0.9323741007194245,175,695
nonEpitopeAcceptance_0.25_epitopeAcceptance_1.0,25,variant_ag,1,1,0.2993421052631579,0.28213689482470783,304,1198
nonEpitopeAcceptance_0.25_epitopeAcceptance_1.0,25,variant_ag,2-3,2,0.09131905298759865,0.0906801007556675,887,3573
nonEpitopeAcceptance_0.25_epitopeAcceptance_1.0,25,variant_ag,4-7,4,0.004331348132106118,0.007053582477416161,1847,8081
nonEpitopeAcceptance_0.25_epitopeAcceptance_1.0,25,variant_ag,8-15,8,0.0,0.0,2970,14402
nonEpitopeAcceptance_0.25_epitopeAcceptance_1.0,25,variant_ag,16-31,16,0.0,0.0,1606,9340
nonEpitopeAcceptance_0.25_epitopeAcceptance_1.0,25,variant_ag,32+,32,,,0,0
nonEpitopeAcceptance_0.25_epitopeAcceptance_1.0,25,variant_phylo,0,0,0.9828571428571429,0.9266187050359712,175,695
nonEpitopeAcceptance_0.25_epitopeAcceptance_1.0,25,variant_phylo,1,1,0.7236842105263158,0.32470784641068445,304,1198
nonEpitopeAcceptance_0.25_epitopeAcceptance_1.0,25,variant_phylo,2-3,2,0.058624577226606536,0.02686817800167926,887,3573
nonEpitopeAcceptance_0.25_epitopeAcceptance_1.0,25,variant_phylo,4-7,4,0.0005414185165132648,0.0006187353050365054,1847,8081
nonEpitopeAcceptance_0.25_epitopeAcceptance_1.0,25,variant_phylo,8-15,8,0.0,0.0,2970,14402
nonEpitopeAcceptance_0.25_epitopeAcceptance_1.0,25,variant_phylo,16-31,16,0.0,0.0,1606,9340
nonEpitopeAcceptance_0.25_epitopeAcceptance_1.0,25,variant_phylo,32+,32,,,0,0
nonEpitopeAcceptance_0.25_epitopeAcceptance_1.0,25,variant_tsne,0,0,1.0,0.9712230215827338,175,695
nonEpitopeAcceptance_0.25_epitopeAcceptance_1.0,25,variant_tsne,1,1,0.5098684210526315,0.4373956594323873,304,1198
nonEpitopeAcceptance_0.25_epitopeAcceptance_1.0,25,variant_tsne,2-3,2,0.048478015783540024,0.06745032185838232,887,3573
nonEpitopeAcceptance_0.25_epitopeAcceptance_1.0,25,variant_tsne,4-7,4,0.003789929615592853,0.0035886647692117313,1847,8081
nonEpitopeAcceptance_0.25_epitopeAcceptance_1.0,25,variant_tsne,8-15,8,0.0,0.0,2970,14402
nonEpitopeAcceptance_0.25_epitopeAcceptance_1.0,25,variant_tsne,16-31,16,0.0,0.0,1606,9340
nonEpitopeAcceptance_0.25_epitopeAcceptance_1.0,25,variant_tsne,32+,32,,,0,0
nonEpitopeAcceptance_0.25_epitopeAcceptance_1.0,26,variant_ag,0,0,0.9646017699115044,0.95562435500516,226,969
nonEpitopeAcceptance_0.25_epitopeAcceptance_1.0,26,variant_ag,1,1,0.22796352583586627,0.21141525917297613,329,1717
nonEpitopeAcceptance_0.25_epitopeAcceptance_1.0,26,variant_ag,2-3,2,0.06201550387596899,0.06635969664138679,774,3692
nonEpitopeAcceptance_0.25_epitopeAcceptance_1.0,26,variant_ag,4-7,4,0.005081874647092038,0.003832676303109943,1771,9132
nonEpitopeAcceptance_0.25_epitopeAcceptance_1.0,26,variant_ag,8-15,8,0.0009273570324574962,0.00016653713778172531,3235,18014
nonEpitopeAcceptance_0.25_epitopeAcceptance_1.0,26,variant_ag,16-31,16,0.0,0.0,669,3839
nonEpitopeAcceptance_0.25_epitopeAcceptance_1.0,26,variant_ag,32+,32,,,0,0
nonEpitopeAcceptance_0.25_epitopeAcceptance_1.0,26,variant_phylo,0,0,1.0,0.9277605779153767,226,969
nonEpitopeAcceptance_0.25_epitopeAcceptance_1.0,26,variant_phylo,1,1,0.6656534954407295,0.28945835760046595,329,1717
nonEpitopeAcceptance_0.25_epitopeAcceptance_1.0,26,variant_phylo,2-3,2,0.07364341085271318,0.053629469122426866,774,3692
nonEpitopeAcceptance_0.25_epitopeAcceptance_1.0,26,variant_phylo,4-7,4,0.0,0.0004380201489268506,1771,9132
nonEpitopeAcceptance_0.25_epitopeAcceptance_1.0,26,variant_phylo,8-15,8,0.0,0.0,3235,18014
nonEpitopeAcceptance_0.25_epitopeAcceptance_1.0,26,variant_phylo,16-31,16,0.0,0.0,669,3839
nonEpitopeAcceptance_0.25_epitopeAcceptance_1.0,26,variant_phylo,32+,32,,,0,0
nonEpitopeAcceptance_0.25_epitopeAcceptance_1.0,26,variant_tsne,0,0,1.0,0.9267285861713106,226,969
nonEpitopeAcceptance_0.25_epitopeAcceptance_1.0,26,variant_tsne,1,1,0.48024316109422494,0.2719860221316249,329,1717
nonEpitopeAcceptance_0.25_epitopeAcceptance_1.0,26,variant_tsne,2-3,2,0.03488372093023256,0.03954496208017335,774,3692
nonEpitopeAcceptance_0.25_epitopeAcceptance_1.0,26,variant_tsne,4-7,4,0.0033879164313946925,0.0027376259307928166,1771,9132
nonEpitopeAcceptance_0.25_epitopeAcceptance_1.0,26,variant_tsne,8-15,8,0.0,0.00016653713778172531,3235,18014
nonEpitopeAcceptance_0.25_epitopeAcceptance_1.0,26,variant_tsne,16-31,16,0.0,0.0,669,3839
nonEpitopeAcceptance_0.25_epitopeAcceptance_1.0,26,variant_tsne,32+,32,,,0,0
nonEpitopeAcceptance_0.2_epitopeAcceptance_0.75,0,variant_ag,0,0,0.9734513274336283,0.9115720524017468,113,916
nonEpitopeAcceptance_0.2_epitopeAcceptance_0.75,0,variant_ag,1,1,0.2604166666666667,0.20172732880937694,192,1621
nonEpitopeAcceptance_0.2_epitopeAcceptance_0.75,0,variant_ag,2-3,2,0.04672897196261682,0.0555678059536935,535,4535
nonEpitopeAcceptance_0.2_epitopeAcceptance_0.75,0,variant_ag,4-7,4,0.005067567567567568,0.004110228865016347,1184,10705
nonEpitopeAcceptance_0.2_epitopeAcceptance_0.75,0,variant_ag,8-15,8,0.0,6.108362348054486e-05,1707,16371
nonEpitopeAcceptance_0.2_epitopeAcceptance_0.75,0,variant_ag,16-31,16,0.0,0.0,281,2960
nonEpitopeAcceptance_0.2_epitopeAcceptance_0.75,0,variant_ag,32+,32,,,0,0
nonEpitopeAcceptance_0.2_epitopeAcceptance_0.75,0,variant_phylo,0,0,1.0,0.9519650655021834,113,916
nonEpitopeAcceptance_0.2_epitopeAcceptance_0.75,0,variant_phylo,1,1,0.75,0.47501542257865514,192,1621
nonEpitopeAcceptance_0.2_epitopeAcceptance_0.75,0,variant_phylo,2-3,2,0.1308411214953271,0.08996692392502756,535,4535
nonEpitopeAcceptance_0.2_epitopeAcceptance_0.75,0,variant_phylo,4-7,4,0.01266891891891892,0.014385801027557217,1184,10705
nonEpitopeAcceptance_0.2_epitopeAcceptance_0.75,0,variant_phylo,8-15,8,0.0,0.0,1707,16371
nonEpitopeAcceptance_0.2_epitopeAcceptance_0.75,0,variant_phylo,16-31,16,0.0,0.0,281,2960
nonEpitopeAcceptance_0.2_epitopeAcceptance_0.75,0,variant_phylo,32+,32,,,0,0
nonEpitopeAcceptance_0.2_epitopeAcceptance_0.75,0,variant_tsne,0,0,0.9557522123893806,0.9355895196506551,113,916
nonEpitopeAcceptance_0.2_epitopeAcceptance_0.75,0,variant_tsne,1,1,0.3854166666666667,0.2640345465761875,192,1621
nonEpitopeAcceptance_0.2_epitopeAcceptance_0.75,0,variant_tsne,2-3,2,0.022429906542056073,0.032855567805953695,535,4535
nonEpitopeAcceptance_0.2_epitopeAcceptance_0.75,0,variant_tsne,4-7,4,0.0008445945945945946,0.0013078000934142924,1184,10705
nonEpitopeAcceptance_0.2_epitopeAcceptance_0.75,0,variant_tsne,8-15,8,0.0,0.0,1707,16371
nonEpitopeAcceptance_0.2_epitopeAcceptance_0.75,0,variant_tsne,16-31,16,0.0,0.0,281,2960
nonEpitopeAcceptance_0.2_epitopeAcceptance_0.75,0,variant_tsne,32+,32,,,0,0
nonEpitopeAcceptance_0.2_epitopeAcceptance_0.75,1,variant_ag,0,0,0.9488636363636364,0.9102564102564102,176,1404
nonEpitopeAcceptance_0.2_epitopeAcceptance_0.75,1,variant_ag,1,1,0.17338709677419356,0.12262262262262262,248,1998
nonEpitopeAcceptance_0.2_epitopeAcceptance_0.75,1,variant_ag,2-3,2,0.02113821138211382,0.021727122076965567,615,5431
nonEpitopeAcceptance_0.2_epitopeAcceptance_0.75,1,variant_ag,4-7,4,0.004081632653061225,0.002898550724637681,980,9660
nonEpitopeAcceptance_0.2_epitopeAcceptance_0.75,1,variant_ag,8-15,8,0.0,0.0,1441,15615
nonEpitopeAcceptance_0.2_epitopeAcceptance_0.75,1,variant_ag,16-31,16,0.0,0.0,359,3814
nonEpitopeAcceptance_0.2_epitopeAcceptance_0.75,1,variant_ag,32+,32,,,0,0
nonEpitopeAcceptance_0.2_epitopeAcceptance_0.75,1,variant_phylo,0,0,0.75,0.0,176,1404
nonEpitopeAcceptance_0.2_epitopeAcceptance_0.75,1,variant_phylo,1,1,0.0,0.0,248,1998
nonEpitopeAcceptance_0.2_epitopeAcceptance_0.75,1,variant_phylo,2-3,2,0.0,0.0,615,5431
nonEpitopeAcceptance_0.2_epitopeAcceptance_0.75,1,variant_phylo,4-7,4,0.0,0.0,980,9660
nonEpitopeAcceptance_0.2_epitopeAcceptance_0.75,1,variant_phylo,8-15,8,0.0,0.0,1441,15615
nonEpitopeAcceptance_0.2_epitopeAcceptance_0.75,1,variant_phylo,16-31,16,0.0,0.0,359,3814
nonEpitopeAcceptance_0.2_epitopeAcceptance_0.75,1,variant_phylo,32+,32,,,0,0
nonEpitopeAcceptance_0.2_epitopeAcceptance_0.75,1,variant_tsne,0,0,0.9602272727272727,0.915954415954416,176,1404
nonEpitopeAcceptance_0.2_epitopeAcceptance_0.75,1,variant_tsne,1,1,0.3629032258064516,0.17317317317317318,248,1998
nonEpitopeAcceptance_0.2_epitopeAcceptance_0.75,1,variant_tsne,2-3,2,0.022764227642276424,0.009942920272509667,615,5431
nonEpitopeAcceptance_0.2_epitopeAcceptance_0.75,1,variant_tsne,4-7,4,0.0020408163265306124,0.0010351966873706005,980,9660
nonEpitopeAcceptance_0.2_epitopeAcceptance_0.75,1,variant_tsne,8-15,8,0.0,0.0,1441,15615
nonEpitopeAcceptance_0.2_epitopeAcceptance_0.75,1,variant_tsne,16-31,16,0.0,0.0,359,3814
nonEpitopeAcceptance_0.2_epitopeAcceptance_0.75,1,variant_tsne,32+,32,,,0,0
nonEpitopeAcceptance_0.2_epitopeAcceptance_0.75,2,variant_ag,0,0,0.9615384615384616,0.938301282051282,130,1248
nonEpitopeAcceptance_0.2_epitopeAcceptance_0.75,2,variant_ag,1,1,0.15714285714285714,0.15789473684210525,210,1596
nonEpitopeAcceptance_0.2_epitopeAcceptance_0.75,2,variant_ag,2-3,2,0.049723756906077346,0.03416078342063311,543,4391
nonEpitopeAcceptance_0.2_epitopeAcceptance_0.75,2,variant_ag,4-7,4,0.003745318352059925,0.005181918412348402,1068,9070
nonEpitopeAcceptance_0.2_epitopeAcceptance_0.75,2,variant_ag,8-15,8,0.0,0.0,1676,16212
nonEpitopeAcceptance_0.2_epitopeAcceptance_0.75,2,variant_ag,16-31,16,0.002109704641350211,0.0,474,5014
nonEpitopeAcceptance_0.2_epitopeAcceptance_0.75,2,variant_ag,32+,32,,,0,0
nonEpitopeAcceptance_0.2_epitopeAcceptance_0.75,2,variant_phylo,0,0,1.0,0.9294871794871795,130,1248
nonEpitopeAcceptance_0.2_epitopeAcceptance_0.75,2,variant_phylo,1,1,0.7857142857142857,0.4041353383458647,210,1596
nonEpitopeAcceptance_0.2_epitopeAcceptance_0.75,2,variant_phylo,2-3,2,0.13075506445672191,0.13664313368253245,543,4391
nonEpitopeAcceptance_0.2_epitopeAcceptance_0.75,2,variant_phylo,4-7,4,0.003745318352059925,0.0035281146637265713,1068,9070
nonEpitopeAcceptance_0.2_epitopeAcceptance_0.75,2,variant_phylo,8-15,8,0.0,0.0,1676,16212
nonEpitopeAcceptance_0.2_epitopeAcceptance_0.75,2,variant_phylo,16-31,16,0.002109704641350211,0.0,474,5014
nonEpitopeAcceptance_0.2_epitopeAcceptance_0.75,2,variant_phylo,32+,32,,,0,0
nonEpitopeAcceptance_0.2_epitopeAcceptance_0.75,2,variant_tsne,0,0,0.9923076923076923,0.9407051282051282,130,1248
nonEpitopeAcceptance_0.2_epitopeAcceptance_0.75,2,variant_tsne,1,1,0.5190476190476191,0.2819548872180451,210,1596
nonEpitopeAcceptance_0.2_epitopeAcceptance_0.75,2,variant_tsne,2-3,2,0.03314917127071823,0.02505124117513095,543,4391
nonEpitopeAcceptance_0.2_epitopeAcceptance_0.75,2,variant_tsne,4-7,4,0.0,0.0,1068,9070
nonEpitopeAcceptance_0.2_epitopeAcceptance_0.75,2,variant_tsne,8-15,8,0.0,0.0,1676,16212
nonEpitopeAcceptance_0.2_epitopeAcceptance_0.75,2,variant_tsne,16-31,16,0.002109704641350211,0.0,474,5014
nonEpitopeAcceptance_0.2_epitopeAcceptance_0.75,2,variant_tsne,32+,32,,,0,0
nonEpitopeAcceptance_0.2_epitopeAcceptance_0.75,4,variant_ag,0,0,0.9444444444444444,0.9122944400939702,162,1277
nonEpitopeAcceptance_0.2_epitopeAcceptance_0.75,4,variant_ag,1,1,0.15865384615384615,0.14887126296522268,208,1639
nonEpitopeAcceptance_0.2_epitopeAcceptance_0.75,4,variant_ag,2-3,2,0.021645021645021644,0.03328741965105601,462,4356
nonEpitopeAcceptance_0.2_epitopeAcceptance_0.75,4,variant_ag,4-7,4,0.010123734533183352,0.008770830722967046,889,7981
nonEpitopeAcceptance_0.2_epitopeAcceptance_0.75,4,variant_ag,8-15,8,0.0,6.587615283267457e-05,1393,15180
nonEpitopeAcceptance_0.2_epitopeAcceptance_0.75,4,variant_ag,16-31,16,0.0,0.0,675,7195
nonEpitopeAcceptance_0.2_epitopeAcceptance_0.75,4,variant_ag,32+,32,,,0,0
nonEpitopeAcceptance_0.2_epitopeAcceptance_0.75,4,variant_phylo,0,0,0.9938271604938271,0.9741581832419733,162,1277
nonEpitopeAcceptance_0.2_epitopeAcceptance_0.75,4,variant_phylo,1,1,0.6586538461538461,0.44722391702257475,208,1639
nonEpitopeAcceptance_0.2_epitopeAcceptance_0.75,4,variant_phylo,2-3,2,0.16666666666666666,0.15472910927456382,462,4356
nonEpitopeAcceptance_0.2_epitopeAcceptance_0.75,4,variant_phylo,4-7,4,0.012373453318335208,0.012905650920937225,889,7981
nonEpitopeAcceptance_0.2_epitopeAcceptance_0.75,4,variant_phylo,8-15,8,0.0,0.0,1393,15180
nonEpitopeAcceptance_0.2_epitopeAcceptance_0.75,4,variant_phylo,16-31,16,0.0,0.0,675,7195
nonEpitopeAcceptance_0.2_epitopeAcceptance_0.75,4,variant_phylo,32+,32,,,0,0
nonEpitopeAcceptance_0.2_epitopeAcceptance_0.75,4,variant_tsne,0,0,0.9814814814814815,0.9624119028974158,162,1277
nonEpitopeAcceptance_0.2_epitopeAcceptance_0.75,4,variant_tsne,1,1,0.28846153846153844,0.2031726662599146,208,1639
nonEpitopeAcceptance_0.2_epitopeAcceptance_0.75,4,variant_tsne,2-3,2,0.01948051948051948,0.01652892561983471,462,4356
nonEpitopeAcceptance_0.2_epitopeAcceptance_0.75,4,variant_tsne,4-7,4,0.0,0.0,889,7981
nonEpitopeAcceptance_0.2_epitopeAcceptance_0.75,4,variant_tsne,8-15,8,0.0,0.0,1393,15180
nonEpitopeAcceptance_0.2_epitopeAcceptance_0.75,4,variant_tsne,16-31,16,0.0,0.0001389854065323141,675,7195
nonEpitopeAcceptance_0.2_epitopeAcceptance_0.75,4,variant_tsne,32+,32,,,0,0
nonEpitopeAcceptance_0.2_epitopeAcceptance_0.75,5,variant_ag,0,0,0.9772727272727273,0.9362244897959183,132,1176
nonEpitopeAcceptance_0.2_epitopeAcceptance_0.75,5,variant_ag,1,1,0.17010309278350516,0.18327183271832717,194,1626
nonEpitopeAcceptance_0.2_epitopeAcceptance_0.75,5,variant_ag,2-3,2,0.05639913232104121,0.037267080745341616,461,3864
nonEpitopeAcceptance_0.2_epitopeAcceptance_0.75,5,variant_ag,4-7,4,0.0010905125408942203,0.0025310353139689043,917,8297
nonEpitopeAcceptance_0.2_epitopeAcceptance_0.75,5,variant_ag,8-15,8,0.0,0.0,1522,15496
nonEpitopeAcceptance_0.2_epitopeAcceptance_0.75,5,variant_ag,16-31,16,0.0,0.0,630,7130
nonEpitopeAcceptance_0.2_epitopeAcceptance_0.75,5,variant_ag,32+,32,,,0,0
nonEpitopeAcceptance_0.2_epitopeAcceptance_0.75,5,variant_phylo,0,0,1.0,0.951530612244898,132,1176
nonEpitopeAcceptance_0.2_epitopeAcceptance_0.75,5,variant_phylo,1,1,0.7164948453608248,0.47601476014760147,194,1626
nonEpitopeAcceptance_0.2_epitopeAcceptance_0.75,5,variant_phylo,2-3,2,0.24511930585683298,0.2375776397515528,461,3864
nonEpitopeAcceptance_0.2_epitopeAcceptance_0.75,5,variant_phylo,4-7,4,0.09596510359869138,0.08509099674581173,917,8297
nonEpitopeAcceptance_0.2_epitopeAcceptance_0.75,5,variant_phylo,8-15,8,0.0,0.00019359834796076406,1522,15496
nonEpitopeAcceptance_0.2_epitopeAcceptance_0.75,5,variant_phylo,16-31,16,0.0,0.0,630,7130
nonEpitopeAcceptance_0.2_epitopeAcceptance_0.75,5,variant_phylo,32+,32,,,0,0
nonEpitopeAcceptance_0.2_epitopeAcceptance_0.75,5,variant_tsne,0,0,1.0,0.9651360544217688,132,1176
nonEpitopeAcceptance_0.2_epitopeAcceptance_0.75,5,variant_tsne,1,1,0.3917525773195876,0.25030750307503075,194,1626
nonEpitopeAcceptance_0.2_epitopeAcceptance_0.75,5,variant_tsne,2-3,2,0.02386117136659436,0.019668737060041408,461,3864
nonEpitopeAcceptance_0.2_epitopeAcceptance_0.75,5,variant_tsne,4-7,4,0.0,0.0002410509822827528,917,8297
nonEpitopeAcceptance_0.2_epitopeAcceptance_0.75,5,variant_tsne,8-15,8,0.0,0.0,1522,15496
nonEpitopeAcceptance_0.2_epitopeAcceptance_0.75,5,variant_tsne,16-31,16,0.0,0.0,630,7130
nonEpitopeAcceptance_0.2_epitopeAcceptance_0.75,5,variant_tsne,32+,32,,,0,0
nonEpitopeAcceptance_0.2_epitopeAcceptance_0.75,6,variant_ag,0,0,0.981651376146789,0.9411764705882353,109,1003
nonEpitopeAcceptance_0.2_epitopeAcceptance_0.75,6,variant_ag,1,1,0.2145922746781116,0.15687393040501996,233,1753
nonEpitopeAcceptance_0.2_epitopeAcceptance_0.75,6,variant_ag,2-3,2,0.08048780487804878,0.047746065617498,410,3749
nonEpitopeAcceptance_0.2_epitopeAcceptance_0.75,6,variant_ag,4-7,4,0.008856682769726247,0.007638505429780968,1242,10866
nonEpitopeAcceptance_0.2_epitopeAcceptance_0.75,6,variant_ag,8-15,8,0.0,0.0,1690,15820
nonEpitopeAcceptance_0.2_epitopeAcceptance_0.75,6,variant_ag,16-31,16,0.0,0.0,433,4246
nonEpitopeAcceptance_0.2_epitopeAcceptance_0.75,6,variant_ag,32+,32,,,0,0
nonEpitopeAcceptance_0.2_epitopeAcceptance_0.75,6,variant_phylo,0,0,1.0,0.9481555333998006,109,1003
nonEpitopeAcceptance_0.2_epitopeAcceptance_0.75,6,variant_phylo,1,1,0.7854077253218884,0.5042783799201369,233,1753
nonEpitopeAcceptance_0.2_epitopeAcceptance_0.75,6,variant_phylo,2-3,2,0.20243902439024392,0.19845292077887436,410,3749
nonEpitopeAcceptance_0.2_epitopeAcceptance_0.75,6,variant_phylo,4-7,4,0.033011272141706925,0.02834529725750046,1242,10866
nonEpitopeAcceptance_0.2_epitopeAcceptance_0.75,6,variant_phylo,8-15,8,0.0,0.0,1690,15820
nonEpitopeAcceptance_0.2_epitopeAcceptance_0.75,6,variant_phylo,16-31,16,0.0,0.0,433,4246
nonEpitopeAcceptance_0.2_epitopeAcceptance_0.75,6,variant_phylo,32+,32,,,0,0
nonEpitopeAcceptance_0.2_epitopeAcceptance_0.75,6,variant_tsne,0,0,0.9908256880733946,0.9531405782652044,109,1003
nonEpitopeAcceptance_0.2_epitopeAcceptance_0.75,6,variant_tsne,1,1,0.4678111587982833,0.2515687393040502,233,1753
nonEpitopeAcceptance_0.2_epitopeAcceptance_0.75,6,variant_tsne,2-3,2,0.046341463414634146,0.029874633235529476,410,3749
nonEpitopeAcceptance_0.2_epitopeAcceptance_0.75,6,variant_tsne,4-7,4,0.0008051529790660225,0.0008282716731087797,1242,10866
nonEpitopeAcceptance_0.2_epitopeAcceptance_0.75,6,variant_tsne,8-15,8,0.0,0.0,1690,15820
nonEpitopeAcceptance_0.2_epitopeAcceptance_0.75,6,variant_tsne,16-31,16,0.0,0.0,433,4246
nonEpitopeAcceptance_0.2_epitopeAcceptance_0.75,6,variant_tsne,32+,32,,,0,0
nonEpitopeAcceptance_0.2_epitopeAcceptance_0.75,7,variant_ag,0,0,0.9016393442622951,0.9197761194029851,122,1072
nonEpitopeAcceptance_0.2_epitopeAcceptance_0.75,7,variant_ag,1,1,0.27380952380952384,0.26690909090909093,168,1375
nonEpitopeAcceptance_0.2_epitopeAcceptance_0.75,7,variant_ag,2-3,2,0.06666666666666667,0.04304635761589404,465,3926
nonEpitopeAcceptance_0.2_epitopeAcceptance_0.75,7,variant_ag,4-7,4,0.005323868677905945,0.003078883108610256,1127,9419
nonEpitopeAcceptance_0.2_epitopeAcceptance_0.75,7,variant_ag,8-15,8,0.0,0.0,1922,18858
nonEpitopeAcceptance_0.2_epitopeAcceptance_0.75,7,variant_ag,16-31,16,0.0,0.0,288,2901
nonEpitopeAcceptance_0.2_epitopeAcceptance_0.75,7,variant_ag,32+,32,,,0,0
nonEpitopeAcceptance_0.2_epitopeAcceptance_0.75,7,variant_phylo,0,0,0.9836065573770492,0.9486940298507462,122,1072
nonEpitopeAcceptance_0.2_epitopeAcceptance_0.75,7,variant_phylo,1,1,0.6904761904761905,0.28363636363636363,168,1375
nonEpitopeAcceptance_0.2_epitopeAcceptance_0.75,7,variant_phylo,2-3,2,0.0967741935483871,0.08634742740703005,465,3926
nonEpitopeAcceptance_0.2_epitopeAcceptance_0.75,7,variant_phylo,4-7,4,0.006211180124223602,0.0038220617899989385,1127,9419
nonEpitopeAcceptance_0.2_epitopeAcceptance_0.75,7,variant_phylo,8-15,8,0.0,0.0,1922,18858
nonEpitopeAcceptance_0.2_epitopeAcceptance_0.75,7,variant_phylo,16-31,16,0.0,0.0,288,2901
nonEpitopeAcceptance_0.2_epitopeAcceptance_0.75,7,variant_phylo,32+,32,,,0,0
nonEpitopeAcceptance_0.2_epitopeAcceptance_0.75,7,variant_tsne,0,0,0.9918032786885246,0.9589552238805971,122,1072
nonEpitopeAcceptance_0.2_epitopeAcceptance_0.75,7,variant_tsne,1,1,0.4226190476190476,0.3316363636363636,168,1375
nonEpitopeAcceptance_0.2_epitopeAcceptance_0.75,7,variant_tsne,2-3,2,0.021505376344086023,0.029546612328069283,465,3926
nonEpitopeAcceptance_0.2_epitopeAcceptance_0.75,7,variant_tsne,4-7,4,0.0,0.00042467353222210426,1127,9419
nonEpitopeAcceptance_0.2_epitopeAcceptance_0.75,7,variant_tsne,8-15,8,0.0,0.0,1922,18858
nonEpitopeAcceptance_0.2_epitopeAcceptance_0.75,7,variant_tsne,16-31,16,0.0,0.0,288,2901
nonEpitopeAcceptance_0.2_epitopeAcceptance_0.75,7,variant_tsne,32+,32,,,0,0
nonEpitopeAcceptance_0.2_epitopeAcceptance_0.75,8,variant_ag,0,0,0.9658119658119658,0.9423728813559322,117,1180
nonEpitopeAcceptance_0.2_epitopeAcceptance_0.75,8,variant_ag,1,1,0.13942307692307693,0.15571507454445058,208,1811
nonEpitopeAcceptance_0.2_epitopeAcceptance_0.75,8,variant_ag,2-3,2,0.04601769911504425,0.041043180846515606,565,4678
nonEpitopeAcceptance_0.2_epitopeAcceptance_0.75,8,variant_ag,4-7,4,0.0025906735751295338,0.0027568461679838264,1158,10882
nonEpitopeAcceptance_0.2_epitopeAcceptance_0.75,8,variant_ag,8-15,8,0.0,0.0,1731,16575
nonEpitopeAcceptance_0.2_epitopeAcceptance_0.75,8,variant_ag,16-31,16,0.0,0.0,233,2226
nonEpitopeAcceptance_0.2_epitopeAcceptance_0.75,8,variant_ag,32+,32,,,0,0
nonEpitopeAcceptance_0.2_epitopeAcceptance_0.75,8,variant_phylo,0,0,0.9914529914529915,0.938135593220339,117,1180
nonEpitopeAcceptance_0.2_epitopeAcceptance_0.75,8,variant_phylo,1,1,0.5769230769230769,0.20817228050800662,208,1811
nonEpitopeAcceptance_0.2_epitopeAcceptance_0.75,8,variant_phylo,2-3,2,0.07256637168141593,0.0470286447199658,565,4678
nonEpitopeAcceptance_0.2_epitopeAcceptance_0.75,8,variant_phylo,4-7,4,0.0008635578583765112,0.0014703179562580407,1158,10882
nonEpitopeAcceptance_0.2_epitopeAcceptance_0.75,8,variant_phylo,8-15,8,0.0,0.0,1731,16575
nonEpitopeAcceptance_0.2_epitopeAcceptance_0.75,8,variant_phylo,16-31,16,0.0,0.0,233,2226
nonEpitopeAcceptance_0.2_epitopeAcceptance_0.75,8,variant_phylo,32+,32,,,0,0
nonEpitopeAcceptance_0.2_epitopeAcceptance_0.75,8,variant_tsne,0,0,1.0,0.9593220338983051,117,1180
nonEpitopeAcceptance_0.2_epitopeAcceptance_0.75,8,variant_tsne,1,1,0.3317307692307692,0.23964660408614025,208,1811
nonEpitopeAcceptance_0.2_epitopeAcceptance_0.75,8,variant_tsne,2-3,2,0.03008849557522124,0.02821718683197948,565,4678
nonEpitopeAcceptance_0.2_epitopeAcceptance_0.75,8,variant_tsne,4-7,4,0.0,9.189487226612754e-05,1158,10882
nonEpitopeAcceptance_0.2_epitopeAcceptance_0.75,8,variant_tsne,8-15,8,0.0,0.0,1731,16575
nonEpitopeAcceptance_0.2_epitopeAcceptance_0.75,8,variant_tsne,16-31,16,0.0,0.0,233,2226
nonEpitopeAcceptance_0.2_epitopeAcceptance_0.75,8,variant_tsne,32+,32,,,0,0
nonEpitopeAcceptance_0.2_epitopeAcceptance_0.75,9,variant_ag,0,0,0.9051724137931034,0.9277251184834123,116,844
nonEpitopeAcceptance_0.2_epitopeAcceptance_0.75,9,variant_ag,1,1,0.1836734693877551,0.1988155668358714,147,1182
nonEpitopeAcceptance_0.2_epitopeAcceptance_0.75,9,variant_ag,2-3,2,0.13333333333333333,0.1273525721455458,345,3188
nonEpitopeAcceptance_0.2_epitopeAcceptance_0.75,9,variant_ag,4-7,4,0.0110803324099723,0.008922980588603632,722,6388
nonEpitopeAcceptance_0.2_epitopeAcceptance_0.75,9,variant_ag,8-15,8,0.0,0.00013743815283122595,1475,14552
nonEpitopeAcceptance_0.2_epitopeAcceptance_0.75,9,variant_ag,16-31,16,0.0,9.258401999814833e-05,987,10801
nonEpitopeAcceptance_0.2_epitopeAcceptance_0.75,9,variant_ag,32+,32,,,0,0
nonEpitopeAcceptance_0.2_epitopeAcceptance_0.75,9,variant_phylo,0,0,1.0,0.9585308056872038,116,844
nonEpitopeAcceptance_0.2_epitopeAcceptance_0.75,9,variant_phylo,1,1,0.7074829931972789,0.4027072758037225,147,1182
nonEpitopeAcceptance_0.2_epitopeAcceptance_0.75,9,variant_phylo,2-3,2,0.17391304347826086,0.18851944792973652,345,3188
nonEpitopeAcceptance_0.2_epitopeAcceptance_0.75,9,variant_phylo,4-7,4,0.05678670360110803,0.05400751408891672,722,6388
nonEpitopeAcceptance_0.2_epitopeAcceptance_0.75,9,variant_phylo,8-15,8,0.0,6.871907641561298e-05,1475,14552
nonEpitopeAcceptance_0.2_epitopeAcceptance_0.75,9,variant_phylo,16-31,16,0.0,9.258401999814833e-05,987,10801
nonEpitopeAcceptance_0.2_epitopeAcceptance_0.75,9,variant_phylo,32+,32,,,0,0
nonEpitopeAcceptance_0.2_epitopeAcceptance_0.75,9,variant_tsne,0,0,0.9913793103448276,0.9893364928909952,116,844
nonEpitopeAcceptance_0.2_epitopeAcceptance_0.75,9,variant_tsne,1,1,0.3401360544217687,0.31387478849407785,147,1182
nonEpitopeAcceptance_0.2_epitopeAcceptance_0.75,9,variant_tsne,2-3,2,0.03768115942028986,0.04265997490589712,345,3188
nonEpitopeAcceptance_0.2_epitopeAcceptance_0.75,9,variant_tsne,4-7,4,0.002770083102493075,0.0057921102066374455,722,6388
nonEpitopeAcceptance_0.2_epitopeAcceptance_0.75,9,variant_tsne,8-15,8,0.002711864406779661,0.0018554150632215504,1475,14552
nonEpitopeAcceptance_0.2_epitopeAcceptance_0.75,9,variant_tsne,16-31,16,0.0,9.258401999814833e-05,987,10801
nonEpitopeAcceptance_0.2_epitopeAcceptance_0.75,9,variant_tsne,32+,32,,,0,0
nonEpitopeAcceptance_0.2_epitopeAcceptance_0.75,10,variant_ag,0,0,0.9798657718120806,0.9658227848101266,149,790
nonEpitopeAcceptance_0.2_epitopeAcceptance_0.75,10,variant_ag,1,1,0.3179190751445087,0.31412103746397696,173,1041
nonEpitopeAcceptance_0.2_epitopeAcceptance_0.75,10,variant_ag,2-3,2,0.06947368421052631,0.08124796880077997,475,3077
nonEpitopeAcceptance_0.2_epitopeAcceptance_0.75,10,variant_ag,4-7,4,0.00437636761487965,0.010507004669779853,914,5996
nonEpitopeAcceptance_0.2_epitopeAcceptance_0.75,10,variant_ag,8-15,8,0.0,0.0,1579,12160
nonEpitopeAcceptance_0.2_epitopeAcceptance_0.75,10,variant_ag,16-31,16,0.0,0.0,1562,13724
nonEpitopeAcceptance_0.2_epitopeAcceptance_0.75,10,variant_ag,32+,32,,0.0,0,2
nonEpitopeAcceptance_0.2_epitopeAcceptance_0.75,10,variant_phylo,0,0,1.0,0.9556962025316456,149,790
nonEpitopeAcceptance_0.2_epitopeAcceptance_0.75,10,variant_phylo,1,1,0.6184971098265896,0.41786743515850144,173,1041
nonEpitopeAcceptance_0.2_epitopeAcceptance_0.75,10,variant_phylo,2-3,2,0.10947368421052632,0.13487162820929477,475,3077
nonEpitopeAcceptance_0.2_epitopeAcceptance_0.75,10,variant_phylo,4-7,4,0.007658643326039387,0.007004669779853236,914,5996
nonEpitopeAcceptance_0.2_epitopeAcceptance_0.75,10,variant_phylo,8-15,8,0.0006333122229259025,0.0003289473684210526,1579,12160
nonEpitopeAcceptance_0.2_epitopeAcceptance_0.75,10,variant_phylo,16-31,16,0.0,0.0,1562,13724
nonEpitopeAcceptance_0.2_epitopeAcceptance_0.75,10,variant_phylo,32+,32,,0.0,0,2
nonEpitopeAcceptance_0.2_epitopeAcceptance_0.75,10,variant_tsne,0,0,1.0,0.9860759493670886,149,790
nonEpitopeAcceptance_0.2_epitopeAcceptance_0.75,10,variant_tsne,1,1,0.5086705202312138,0.43707973102785785,173,1041
nonEpitopeAcceptance_0.2_epitopeAcceptance_0.75,10,variant_tsne,2-3,2,0.04631578947368421,0.052973675658108545,475,3077
nonEpitopeAcceptance_0.2_epitopeAcceptance_0.75,10,variant_tsne,4-7,4,0.0,0.0011674449633088727,914,5996
nonEpitopeAcceptance_0.2_epitopeAcceptance_0.75,10,variant_tsne,8-15,8,0.0006333122229259025,0.0,1579,12160
nonEpitopeAcceptance_0.2_epitopeAcceptance_0.75,10,variant_tsne,16-31,16,0.0,0.0,1562,13724
nonEpitopeAcceptance_0.2_epitopeAcceptance_0.75,10,variant_tsne,32+,32,,0.0,0,2
nonEpitopeAcceptance_0.2_epitopeAcceptance_0.75,11,variant_ag,0,0,0.9612403100775194,0.9402277039848197,129,1054
nonEpitopeAcceptance_0.2_epitopeAcceptance_0.75,11,variant_ag,1,1,0.23448275862068965,0.30461270670147955,145,1149
nonEpitopeAcceptance_0.2_epitopeAcceptance_0.75,11,variant_ag,2-3,2,0.06178489702517163,0.053938584779706276,437,3745
nonEpitopeAcceptance_0.2_epitopeAcceptance_0.75,11,variant_ag,4-7,4,0.004201680672268907,0.005046356061495129,952,8521
nonEpitopeAcceptance_0.2_epitopeAcceptance_0.75,11,variant_ag,8-15,8,0.0,0.00013538211602247342,1546,14773
nonEpitopeAcceptance_0.2_epitopeAcceptance_0.75,11,variant_ag,16-31,16,0.0013550135501355014,0.0002406449284081338,738,8311
nonEpitopeAcceptance_0.2_epitopeAcceptance_0.75,11,variant_ag,32+,32,,,0,0
nonEpitopeAcceptance_0.2_epitopeAcceptance_0.75,11,variant_phylo,0,0,0.9922480620155039,0.969639468690702,129,1054
nonEpitopeAcceptance_0.2_epitopeAcceptance_0.75,11,variant_phylo,1,1,0.6758620689655173,0.5134899912967799,145,1149
nonEpitopeAcceptance_0.2_epitopeAcceptance_0.75,11,variant_phylo,2-3,2,0.16018306636155608,0.16208277703604806,437,3745
nonEpitopeAcceptance_0.2_epitopeAcceptance_0.75,11,variant_phylo,4-7,4,0.005252100840336135,0.003990142002112428,952,8521
nonEpitopeAcceptance_0.2_epitopeAcceptance_0.75,11,variant_phylo,8-15,8,0.0,0.0003384552900561836,1546,14773
nonEpitopeAcceptance_0.2_epitopeAcceptance_0.75,11,variant_phylo,16-31,16,0.0013550135501355014,0.0002406449284081338,738,8311
nonEpitopeAcceptance_0.2_epitopeAcceptance_0.75,11,variant_phylo,32+,32,,,0,0
nonEpitopeAcceptance_0.2_epitopeAcceptance_0.75,11,variant_tsne,0,0,0.9844961240310077,0.9819734345351043,129,1054
nonEpitopeAcceptance_0.2_epitopeAcceptance_0.75,11,variant_tsne,1,1,0.4206896551724138,0.42384682332463014,145,1149
nonEpitopeAcceptance_0.2_epitopeAcceptance_0.75,11,variant_tsne,2-3,2,0.04576659038901602,0.02883845126835781,437,3745
nonEpitopeAcceptance_0.2_epitopeAcceptance_0.75,11,variant_tsne,4-7,4,0.0,0.0005867855885459453,952,8521
nonEpitopeAcceptance_0.2_epitopeAcceptance_0.75,11,variant_tsne,8-15,8,0.00129366106080207,0.0004061463480674203,1546,14773
nonEpitopeAcceptance_0.2_epitopeAcceptance_0.75,11,variant_tsne,16-31,16,0.0013550135501355014,0.0002406449284081338,738,8311
nonEpitopeAcceptance_0.2_epitopeAcceptance_0.75,11,variant_tsne,32+,32,,,0,0
nonEpitopeAcceptance_0.2_epitopeAcceptance_0.75,12,variant_ag,0,0,0.9776119402985075,0.9298751200768491,134,1041
nonEpitopeAcceptance_0.2_epitopeAcceptance_0.75,12,variant_ag,1,1,0.22929936305732485,0.2274914089347079,157,1455
nonEpitopeAcceptance_0.2_epitopeAcceptance_0.75,12,variant_ag,2-3,2,0.07592190889370933,0.06635333149018524,461,3617
nonEpitopeAcceptance_0.2_epitopeAcceptance_0.75,12,variant_ag,4-7,4,0.00861244019138756,0.005571943625040971,1045,9153
nonEpitopeAcceptance_0.2_epitopeAcceptance_0.75,12,variant_ag,8-15,8,0.0,0.00018495684340320593,1799,16220
nonEpitopeAcceptance_0.2_epitopeAcceptance_0.75,12,variant_ag,16-31,16,0.0,0.0,602,5408
nonEpitopeAcceptance_0.2_epitopeAcceptance_0.75,12,variant_ag,32+,32,,,0,0
nonEpitopeAcceptance_0.2_epitopeAcceptance_0.75,12,variant_phylo,0,0,1.0,0.9558117195004803,134,1041
nonEpitopeAcceptance_0.2_epitopeAcceptance_0.75,12,variant_phylo,1,1,0.6242038216560509,0.3161512027491409,157,1455
nonEpitopeAcceptance_0.2_epitopeAcceptance_0.75,12,variant_phylo,2-3,2,0.052060737527114966,0.06441802598838817,461,3617
nonEpitopeAcceptance_0.2_epitopeAcceptance_0.75,12,variant_phylo,4-7,4,0.004784688995215311,0.002075822134819185,1045,9153
nonEpitopeAcceptance_0.2_epitopeAcceptance_0.75,12,variant_phylo,8-15,8,0.0011117287381878821,0.0,1799,16220
nonEpitopeAcceptance_0.2_epitopeAcceptance_0.75,12,variant_phylo,16-31,16,0.0,0.0,602,5408
nonEpitopeAcceptance_0.2_epitopeAcceptance_0.75,12,variant_phylo,32+,32,,,0,0
nonEpitopeAcceptance_0.2_epitopeAcceptance_0.75,12,variant_tsne,0,0,0.9925373134328358,0.9644572526416907,134,1041
nonEpitopeAcceptance_0.2_epitopeAcceptance_0.75,12,variant_tsne,1,1,0.36942675159235666,0.3134020618556701,157,1455
nonEpitopeAcceptance_0.2_epitopeAcceptance_0.75,12,variant_tsne,2-3,2,0.03470715835140998,0.04340613768316284,461,3617
nonEpitopeAcceptance_0.2_epitopeAcceptance_0.75,12,variant_tsne,4-7,4,0.0019138755980861245,0.0018573145416803233,1045,9153
nonEpitopeAcceptance_0.2_epitopeAcceptance_0.75,12,variant_tsne,8-15,8,0.0011117287381878821,0.0,1799,16220
nonEpitopeAcceptance_0.2_epitopeAcceptance_0.75,12,variant_tsne,16-31,16,0.0,0.0,602,5408
nonEpitopeAcceptance_0.2_epitopeAcceptance_0.75,12,variant_tsne,32+,32,,,0,0
nonEpitopeAcceptance_0.2_epitopeAcceptance_0.75,13,variant_ag,0,0,0.9421965317919075,0.9299809038828771,173,1571
nonEpitopeAcceptance_0.2_epitopeAcceptance_0.75,13,variant_ag,1,1,0.24,0.20684168655529037,125,1257
nonEpitopeAcceptance_0.2_epitopeAcceptance_0.75,13,variant_ag,2-3,2,0.052980132450331126,0.023835797837122048,453,4531
nonEpitopeAcceptance_0.2_epitopeAcceptance_0.75,13,variant_ag,4-7,4,0.010843373493975903,0.012593925283098741,830,9449
nonEpitopeAcceptance_0.2_epitopeAcceptance_0.75,13,variant_ag,8-15,8,0.0,0.0001320306311064167,1316,15148
nonEpitopeAcceptance_0.2_epitopeAcceptance_0.75,13,variant_ag,16-31,16,0.0,0.0,420,5504
nonEpitopeAcceptance_0.2_epitopeAcceptance_0.75,13,variant_ag,32+,32,,,0,0
nonEpitopeAcceptance_0.2_epitopeAcceptance_0.75,13,variant_phylo,0,0,0.9884393063583815,0.9713558243157224,173,1571
nonEpitopeAcceptance_0.2_epitopeAcceptance_0.75,13,variant_phylo,1,1,0.704,0.4335719968178202,125,1257
nonEpitopeAcceptance_0.2_epitopeAcceptance_0.75,13,variant_phylo,2-3,2,0.2781456953642384,0.21606709335687485,453,4531
nonEpitopeAcceptance_0.2_epitopeAcceptance_0.75,13,variant_phylo,4-7,4,0.0024096385542168677,0.006349878293999365,830,9449
nonEpitopeAcceptance_0.2_epitopeAcceptance_0.75,13,variant_phylo,8-15,8,0.0,0.0,1316,15148
nonEpitopeAcceptance_0.2_epitopeAcceptance_0.75,13,variant_phylo,16-31,16,0.0,0.0,420,5504
nonEpitopeAcceptance_0.2_epitopeAcceptance_0.75,13,variant_phylo,32+,32,,,0,0
nonEpitopeAcceptance_0.2_epitopeAcceptance_0.75,13,variant_tsne,0,0,0.9826589595375722,0.9471674092934437,173,1571
nonEpitopeAcceptance_0.2_epitopeAcceptance_0.75,13,variant_tsne,1,1,0.576,0.315035799522673,125,1257
nonEpitopeAcceptance_0.2_epitopeAcceptance_0.75,13,variant_tsne,2-3,2,0.02207505518763797,0.019863164864268375,453,4531
nonEpitopeAcceptance_0.2_epitopeAcceptance_0.75,13,variant_tsne,4-7,4,0.0024096385542168677,0.0007408191342999259,830,9449
nonEpitopeAcceptance_0.2_epitopeAcceptance_0.75,13,variant_tsne,8-15,8,0.0,6.601531555320834e-05,1316,15148
nonEpitopeAcceptance_0.2_epitopeAcceptance_0.75,13,variant_tsne,16-31,16,0.0,0.0007267441860465116,420,5504
nonEpitopeAcceptance_0.2_epitopeAcceptance_0.75,13,variant_tsne,32+,32,,,0,0
nonEpitopeAcceptance_0.2_epitopeAcceptance_0.75,14,variant_ag,0,0,0.9421487603305785,0.9033078880407125,121,1179
nonEpitopeAcceptance_0.2_epitopeAcceptance_0.75,14,variant_ag,1,1,0.18222222222222223,0.18857459789240155,225,1803
nonEpitopeAcceptance_0.2_epitopeAcceptance_0.75,14,variant_ag,2-3,2,0.03346456692913386,0.03705429969704032,508,4291
nonEpitopeAcceptance_0.2_epitopeAcceptance_0.75,14,variant_ag,4-7,4,0.0050150451354062184,0.004397130293913446,997,8642
nonEpitopeAcceptance_0.2_epitopeAcceptance_0.75,14,variant_ag,8-15,8,0.0,0.0,1801,17764
nonEpitopeAcceptance_0.2_epitopeAcceptance_0.75,14,variant_ag,16-31,16,0.0,0.0,356,4158
nonEpitopeAcceptance_0.2_epitopeAcceptance_0.75,14,variant_ag,32+,32,,,0,0
nonEpitopeAcceptance_0.2_epitopeAcceptance_0.75,14,variant_phylo,0,0,0.9917355371900827,0.9287531806615776,121,1179
nonEpitopeAcceptance_0.2_epitopeAcceptance_0.75,14,variant_phylo,1,1,0.64,0.3056017748197449,225,1803
nonEpitopeAcceptance_0.2_epitopeAcceptance_0.75,14,variant_phylo,2-3,2,0.15748031496062992,0.16243299930086227,508,4291
nonEpitopeAcceptance_0.2_epitopeAcceptance_0.75,14,variant_phylo,4-7,4,0.015045135406218655,0.014927100208285119,997,8642
nonEpitopeAcceptance_0.2_epitopeAcceptance_0.75,14,variant_phylo,8-15,8,0.0,0.00011258725512272011,1801,17764
nonEpitopeAcceptance_0.2_epitopeAcceptance_0.75,14,variant_phylo,16-31,16,0.0,0.0,356,4158
nonEpitopeAcceptance_0.2_epitopeAcceptance_0.75,14,variant_phylo,32+,32,,,0,0
nonEpitopeAcceptance_0.2_epitopeAcceptance_0.75,14,variant_tsne,0,0,1.0,0.9541984732824428,121,1179
nonEpitopeAcceptance_0.2_epitopeAcceptance_0.75,14,variant_tsne,1,1,0.37777777777777777,0.19356627842484747,225,1803
nonEpitopeAcceptance_0.2_epitopeAcceptance_0.75,14,variant_tsne,2-3,2,0.021653543307086614,0.02004194826380797,508,4291
nonEpitopeAcceptance_0.2_epitopeAcceptance_0.75,14,variant_tsne,4-7,4,0.0010030090270812437,0.0006942837306179125,997,8642
nonEpitopeAcceptance_0.2_epitopeAcceptance_0.75,14,variant_tsne,8-15,8,0.0,0.0,1801,17764
nonEpitopeAcceptance_0.2_epitopeAcceptance_0.75,14,variant_tsne,16-31,16,0.0,0.0,356,4158
nonEpitopeAcceptance_0.2_epitopeAcceptance_0.75,14,variant_tsne,32+,32,,,0,0
nonEpitopeAcceptance_0.2_epitopeAcceptance_0.75,15,variant_ag,0,0,0.9767441860465116,0.9330783938814532,129,1046
nonEpitopeAcceptance_0.2_epitopeAcceptance_0.75,15,variant_ag,1,1,0.16901408450704225,0.15942028985507245,213,1587
nonEpitopeAcceptance_0.2_epitopeAcceptance_0.75,15,variant_ag,2-3,2,0.03578528827037773,0.055601890464275786,503,3597
nonEpitopeAcceptance_0.2_epitopeAcceptance_0.75,15,variant_ag,4-7,4,0.013397129186602871,0.007414494140157857,1045,8362
nonEpitopeAcceptance_0.2_epitopeAcceptance_0.75,15,variant_ag,8-15,8,0.0,5.799454851243983e-05,1888,17243
nonEpitopeAcceptance_0.2_epitopeAcceptance_0.75,15,variant_ag,16-31,16,0.0,0.0,506,5386
nonEpitopeAcceptance_0.2_epitopeAcceptance_0.75,15,variant_ag,32+,32,,,0,0
nonEpitopeAcceptance_0.2_epitopeAcceptance_0.75,15,variant_phylo,0,0,0.9767441860465116,0.9359464627151052,129,1046
nonEpitopeAcceptance_0.2_epitopeAcceptance_0.75,15,variant_phylo,1,1,0.647887323943662,0.33018273471959675,213,1587
nonEpitopeAcceptance_0.2_epitopeAcceptance_0.75,15,variant_phylo,2-3,2,0.12326043737574553,0.13650264108979707,503,3597
nonEpitopeAcceptance_0.2_epitopeAcceptance_0.75,15,variant_phylo,4-7,4,0.0019138755980861245,0.0033484812245874193,1045,8362
nonEpitopeAcceptance_0.2_epitopeAcceptance_0.75,15,variant_phylo,8-15,8,0.0,0.0,1888,17243
nonEpitopeAcceptance_0.2_epitopeAcceptance_0.75,15,variant_phylo,16-31,16,0.0,0.0,506,5386
nonEpitopeAcceptance_0.2_epitopeAcceptance_0.75,15,variant_phylo,32+,32,,,0,0
nonEpitopeAcceptance_0.2_epitopeAcceptance_0.75,15,variant_tsne,0,0,0.9922480620155039,0.9732313575525813,129,1046
nonEpitopeAcceptance_0.2_epitopeAcceptance_0.75,15,variant_tsne,1,1,0.323943661971831,0.25582860743541275,213,1587
nonEpitopeAcceptance_0.2_epitopeAcceptance_0.75,15,variant_tsne,2-3,2,0.015904572564612324,0.02863497358910203,503,3597
nonEpitopeAcceptance_0.2_epitopeAcceptance_0.75,15,variant_tsne,4-7,4,0.0019138755980861245,0.002391772303276728,1045,8362
nonEpitopeAcceptance_0.2_epitopeAcceptance_0.75,15,variant_tsne,8-15,8,0.0005296610169491525,0.0005219509366119584,1888,17243
nonEpitopeAcceptance_0.2_epitopeAcceptance_0.75,15,variant_tsne,16-31,16,0.0,0.0,506,5386
nonEpitopeAcceptance_0.2_epitopeAcceptance_0.75,15,variant_tsne,32+,32,,,0,0
nonEpitopeAcceptance_0.2_epitopeAcceptance_0.75,16,variant_ag,0,0,0.9741379310344828,0.9392324093816631,116,938
nonEpitopeAcceptance_0.2_epitopeAcceptance_0.75,16,variant_ag,1,1,0.22631578947368422,0.2085635359116022,190,1448
nonEpitopeAcceptance_0.2_epitopeAcceptance_0.75,16,variant_ag,2-3,2,0.06981981981981981,0.07221929362150764,444,3794
nonEpitopeAcceptance_0.2_epitopeAcceptance_0.75,16,variant_ag,4-7,4,0.02059732234809475,0.0098974481278321,971,8386
nonEpitopeAcceptance_0.2_epitopeAcceptance_0.75,16,variant_ag,8-15,8,0.0,6.60676532769556e-05,1651,15136
nonEpitopeAcceptance_0.2_epitopeAcceptance_0.75,16,variant_ag,16-31,16,0.0,0.0,746,7618
nonEpitopeAcceptance_0.2_epitopeAcceptance_0.75,16,variant_ag,32+,32,,,0,0
nonEpitopeAcceptance_0.2_epitopeAcceptance_0.75,16,variant_phylo,0,0,1.0,0.9722814498933902,116,938
nonEpitopeAcceptance_0.2_epitopeAcceptance_0.75,16,variant_phylo,1,1,0.6473684210526316,0.5276243093922652,190,1448
nonEpitopeAcceptance_0.2_epitopeAcceptance_0.75,16,variant_phylo,2-3,2,0.2725225225225225,0.30284659989457036,444,3794
nonEpitopeAcceptance_0.2_epitopeAcceptance_0.75,16,variant_phylo,4-7,4,0.061791967044284246,0.05568805151442881,971,8386
nonEpitopeAcceptance_0.2_epitopeAcceptance_0.75,16,variant_phylo,8-15,8,0.0,0.0004624735729386892,1651,15136
nonEpitopeAcceptance_0.2_epitopeAcceptance_0.75,16,variant_phylo,16-31,16,0.0,0.0,746,7618
nonEpitopeAcceptance_0.2_epitopeAcceptance_0.75,16,variant_phylo,32+,32,,,0,0
nonEpitopeAcceptance_0.2_epitopeAcceptance_0.75,16,variant_tsne,0,0,1.0,0.9776119402985075,116,938
nonEpitopeAcceptance_0.2_epitopeAcceptance_0.75,16,variant_tsne,1,1,0.4,0.2776243093922652,190,1448
nonEpitopeAcceptance_0.2_epitopeAcceptance_0.75,16,variant_tsne,2-3,2,0.036036036036036036,0.02820242488139167,444,3794
nonEpitopeAcceptance_0.2_epitopeAcceptance_0.75,16,variant_tsne,4-7,4,0.0,0.0,971,8386
nonEpitopeAcceptance_0.2_epitopeAcceptance_0.75,16,variant_tsne,8-15,8,0.0,6.60676532769556e-05,1651,15136
nonEpitopeAcceptance_0.2_epitopeAcceptance_0.75,16,variant_tsne,16-31,16,0.0,0.0,746,7618
nonEpitopeAcceptance_0.2_epitopeAcceptance_0.75,16,variant_tsne,32+,32,,,0,0
nonEpitopeAcceptance_0.2_epitopeAcceptance_0.75,17,variant_ag,0,0,0.9803921568627451,0.9420415224913494,102,1156
nonEpitopeAcceptance_0.2_epitopeAcceptance_0.75,17,variant_ag,1,1,0.23270440251572327,0.22315112540192927,159,1555
nonEpitopeAcceptance_0.2_epitopeAcceptance_0.75,17,variant_ag,2-3,2,0.036855036855036855,0.029583042161658513,407,4293
nonEpitopeAcceptance_0.2_epitopeAcceptance_0.75,17,variant_ag,4-7,4,0.0,0.0008728542333430317,1027,10311
nonEpitopeAcceptance_0.2_epitopeAcceptance_0.75,17,variant_ag,8-15,8,0.0,0.0,1382,15547
nonEpitopeAcceptance_0.2_epitopeAcceptance_0.75,17,variant_ag,16-31,16,0.0,0.0006448839208942391,384,4652
nonEpitopeAcceptance_0.2_epitopeAcceptance_0.75,17,variant_ag,32+,32,,,0,0
nonEpitopeAcceptance_0.2_epitopeAcceptance_0.75,17,variant_phylo,0,0,1.0,0.972318339100346,102,1156
nonEpitopeAcceptance_0.2_epitopeAcceptance_0.75,17,variant_phylo,1,1,0.7044025157232704,0.40192926045016075,159,1555
nonEpitopeAcceptance_0.2_epitopeAcceptance_0.75,17,variant_phylo,2-3,2,0.12039312039312039,0.13580246913580246,407,4293
nonEpitopeAcceptance_0.2_epitopeAcceptance_0.75,17,variant_phylo,4-7,4,0.043816942551119765,0.05673552516729706,1027,10311
nonEpitopeAcceptance_0.2_epitopeAcceptance_0.75,17,variant_phylo,8-15,8,0.002894356005788712,0.00038592654531420853,1382,15547
nonEpitopeAcceptance_0.2_epitopeAcceptance_0.75,17,variant_phylo,16-31,16,0.0,0.0006448839208942391,384,4652
nonEpitopeAcceptance_0.2_epitopeAcceptance_0.75,17,variant_phylo,32+,32,,,0,0
nonEpitopeAcceptance_0.2_epitopeAcceptance_0.75,17,variant_tsne,0,0,1.0,0.972318339100346,102,1156
nonEpitopeAcceptance_0.2_epitopeAcceptance_0.75,17,variant_tsne,1,1,0.3836477987421384,0.21929260450160773,159,1555
nonEpitopeAcceptance_0.2_epitopeAcceptance_0.75,17,variant_tsne,2-3,2,0.007371007371007371,0.013976240391334731,407,4293
nonEpitopeAcceptance_0.2_epitopeAcceptance_0.75,17,variant_tsne,4-7,4,0.0,0.0003879352148191252,1027,10311
nonEpitopeAcceptance_0.2_epitopeAcceptance_0.75,17,variant_tsne,8-15,8,0.0,0.0,1382,15547
nonEpitopeAcceptance_0.2_epitopeAcceptance_0.75,17,variant_tsne,16-31,16,0.0,0.0004299226139294927,384,4652
nonEpitopeAcceptance_0.2_epitopeAcceptance_0.75,17,variant_tsne,32+,32,,,0,0
nonEpitopeAcceptance_0.2_epitopeAcceptance_0.75,18,variant_ag,0,0,0.9766081871345029,0.9237958303378864,171,1391
nonEpitopeAcceptance_0.2_epitopeAcceptance_0.75,18,variant_ag,1,1,0.11848341232227488,0.11919504643962849,211,1938
nonEpitopeAcceptance_0.2_epitopeAcceptance_0.75,18,variant_ag,2-3,2,0.03636363636363636,0.026961770623742453,605,4970
nonEpitopeAcceptance_0.2_epitopeAcceptance_0.75,18,variant_ag,4-7,4,0.0,0.001834508062180168,1127,10357
nonEpitopeAcceptance_0.2_epitopeAcceptance_0.75,18,variant_ag,8-15,8,0.0,0.0001277139208173691,1536,15660
nonEpitopeAcceptance_0.2_epitopeAcceptance_0.75,18,variant_ag,16-31,16,0.0,0.0,315,3360
nonEpitopeAcceptance_0.2_epitopeAcceptance_0.75,18,variant_ag,32+,32,,,0,0
nonEpitopeAcceptance_0.2_epitopeAcceptance_0.75,18,variant_phylo,0,0,0.8128654970760234,0.0,171,1391
nonEpitopeAcceptance_0.2_epitopeAcceptance_0.75,18,variant_phylo,1,1,0.0,0.0,211,1938
nonEpitopeAcceptance_0.2_epitopeAcceptance_0.75,18,variant_phylo,2-3,2,0.0,0.0,605,4970
nonEpitopeAcceptance_0.2_epitopeAcceptance_0.75,18,variant_phylo,4-7,4,0.0,0.0,1127,10357
nonEpitopeAcceptance_0.2_epitopeAcceptance_0.75,18,variant_phylo,8-15,8,0.0,0.0,1536,15660
nonEpitopeAcceptance_0.2_epitopeAcceptance_0.75,18,variant_phylo,16-31,16,0.0,0.0,315,3360
nonEpitopeAcceptance_0.2_epitopeAcceptance_0.75,18,variant_phylo,32+,32,,,0,0
nonEpitopeAcceptance_0.2_epitopeAcceptance_0.75,18,variant_tsne,0,0,0.9766081871345029,0.9209202012940331,171,1391
nonEpitopeAcceptance_0.2_epitopeAcceptance_0.75,18,variant_tsne,1,1,0.2985781990521327,0.17234262125902994,211,1938
nonEpitopeAcceptance_0.2_epitopeAcceptance_0.75,18,variant_tsne,2-3,2,0.01652892561983471,0.018712273641851105,605,4970
nonEpitopeAcceptance_0.2_epitopeAcceptance_0.75,18,variant_tsne,4-7,4,0.0,0.00019310611180843875,1127,10357
nonEpitopeAcceptance_0.2_epitopeAcceptance_0.75,18,variant_tsne,8-15,8,0.0,0.0001277139208173691,1536,15660
nonEpitopeAcceptance_0.2_epitopeAcceptance_0.75,18,variant_tsne,16-31,16,0.0,0.0,315,3360
nonEpitopeAcceptance_0.2_epitopeAcceptance_0.75,18,variant_tsne,32+,32,,,0,0
nonEpitopeAcceptance_0.2_epitopeAcceptance_0.75,19,variant_ag,0,0,0.950354609929078,0.9351032448377581,141,1017
nonEpitopeAcceptance_0.2_epitopeAcceptance_0.75,19,variant_ag,1,1,0.12169312169312169,0.14243845252051582,189,1706
nonEpitopeAcceptance_0.2_epitopeAcceptance_0.75,19,variant_ag,2-3,2,0.06191369606003752,0.04950099800399202,533,5010
nonEpitopeAcceptance_0.2_epitopeAcceptance_0.75,19,variant_ag,4-7,4,0.006357856494096276,0.005916012025991659,1101,10311
nonEpitopeAcceptance_0.2_epitopeAcceptance_0.75,19,variant_ag,8-15,8,0.0006485084306095979,0.0003117401334247771,1542,16039
nonEpitopeAcceptance_0.2_epitopeAcceptance_0.75,19,variant_ag,16-31,16,0.0,0.0,277,3211
nonEpitopeAcceptance_0.2_epitopeAcceptance_0.75,19,variant_ag,32+,32,,,0,0
nonEpitopeAcceptance_0.2_epitopeAcceptance_0.75,19,variant_phylo,0,0,0.9929078014184397,0.9616519174041298,141,1017
nonEpitopeAcceptance_0.2_epitopeAcceptance_0.75,19,variant_phylo,1,1,0.5343915343915344,0.31477139507620167,189,1706
nonEpitopeAcceptance_0.2_epitopeAcceptance_0.75,19,variant_phylo,2-3,2,0.058161350844277676,0.03473053892215569,533,5010
nonEpitopeAcceptance_0.2_epitopeAcceptance_0.75,19,variant_phylo,4-7,4,0.0018165304268846503,0.0008728542333430317,1101,10311
nonEpitopeAcceptance_0.2_epitopeAcceptance_0.75,19,variant_phylo,8-15,8,0.0,0.00018704408005486625,1542,16039
nonEpitopeAcceptance_0.2_epitopeAcceptance_0.75,19,variant_phylo,16-31,16,0.0,0.0,277,3211
nonEpitopeAcceptance_0.2_epitopeAcceptance_0.75,19,variant_phylo,32+,32,,,0,0
nonEpitopeAcceptance_0.2_epitopeAcceptance_0.75,19,variant_tsne,0,0,0.9574468085106383,0.9134709931170109,141,1017
nonEpitopeAcceptance_0.2_epitopeAcceptance_0.75,19,variant_tsne,1,1,0.3492063492063492,0.2696365767878077,189,1706
nonEpitopeAcceptance_0.2_epitopeAcceptance_0.75,19,variant_tsne,2-3,2,0.0300187617260788,0.028542914171656688,533,5010
nonEpitopeAcceptance_0.2_epitopeAcceptance_0.75,19,variant_tsne,4-7,4,0.0027247956403269754,0.0006788866259334691,1101,10311
nonEpitopeAcceptance_0.2_epitopeAcceptance_0.75,19,variant_tsne,8-15,8,0.0,0.0002493921067398217,1542,16039
nonEpitopeAcceptance_0.2_epitopeAcceptance_0.75,19,variant_tsne,16-31,16,0.0,0.0,277,3211
nonEpitopeAcceptance_0.2_epitopeAcceptance_0.75,19,variant_tsne,32+,32,,,0,0
nonEpitopeAcceptance_0.2_epitopeAcceptance_0.75,20,variant_ag,0,0,0.9612403100775194,0.9227941176470589,129,1088
nonEpitopeAcceptance_0.2_epitopeAcceptance_0.75,20,variant_ag,1,1,0.15060240963855423,0.15714285714285714,166,1610
nonEpitopeAcceptance_0.2_epitopeAcceptance_0.75,20,variant_ag,2-3,2,0.047520661157024795,0.040198922503108164,484,4826
nonEpitopeAcceptance_0.2_epitopeAcceptance_0.75,20,variant_ag,4-7,4,0.006711409395973154,0.0036152602035962327,1043,10511
nonEpitopeAcceptance_0.2_epitopeAcceptance_0.75,20,variant_ag,8-15,8,0.0,0.0,1465,15986
nonEpitopeAcceptance_0.2_epitopeAcceptance_0.75,20,variant_ag,16-31,16,0.0,0.0,275,3222
nonEpitopeAcceptance_0.2_epitopeAcceptance_0.75,20,variant_ag,32+,32,,,0,0
nonEpitopeAcceptance_0.2_epitopeAcceptance_0.75,20,variant_phylo,0,0,0.9922480620155039,0.9595588235294118,129,1088
nonEpitopeAcceptance_0.2_epitopeAcceptance_0.75,20,variant_phylo,1,1,0.6144578313253012,0.3875776397515528,166,1610
nonEpitopeAcceptance_0.2_epitopeAcceptance_0.75,20,variant_phylo,2-3,2,0.1115702479338843,0.10464152507252383,484,4826
nonEpitopeAcceptance_0.2_epitopeAcceptance_0.75,20,variant_phylo,4-7,4,0.01725790987535954,0.017315193606697744,1043,10511
nonEpitopeAcceptance_0.2_epitopeAcceptance_0.75,20,variant_phylo,8-15,8,0.0,0.0,1465,15986
nonEpitopeAcceptance_0.2_epitopeAcceptance_0.75,20,variant_phylo,16-31,16,0.0,0.0,275,3222
nonEpitopeAcceptance_0.2_epitopeAcceptance_0.75,20,variant_phylo,32+,32,,,0,0
nonEpitopeAcceptance_0.2_epitopeAcceptance_0.75,20,variant_tsne,0,0,0.9767441860465116,0.9678308823529411,129,1088
nonEpitopeAcceptance_0.2_epitopeAcceptance_0.75,20,variant_tsne,1,1,0.3192771084337349,0.2677018633540373,166,1610
nonEpitopeAcceptance_0.2_epitopeAcceptance_0.75,20,variant_tsne,2-3,2,0.024793388429752067,0.019063406547865726,484,4826
nonEpitopeAcceptance_0.2_epitopeAcceptance_0.75,20,variant_tsne,4-7,4,0.0,9.513842641042717e-05,1043,10511
nonEpitopeAcceptance_0.2_epitopeAcceptance_0.75,20,variant_tsne,8-15,8,0.0,0.0,1465,15986
nonEpitopeAcceptance_0.2_epitopeAcceptance_0.75,20,variant_tsne,16-31,16,0.0,0.0,275,3222
nonEpitopeAcceptance_0.2_epitopeAcceptance_0.75,20,variant_tsne,32+,32,,,0,0
nonEpitopeAcceptance_0.2_epitopeAcceptance_0.75,21,variant_ag,0,0,0.9333333333333333,0.9461538461538461,120,1170
nonEpitopeAcceptance_0.2_epitopeAcceptance_0.75,21,variant_ag,1,1,0.22282608695652173,0.1859052247873633,184,1646
nonEpitopeAcceptance_0.2_epitopeAcceptance_0.75,21,variant_ag,2-3,2,0.048013245033112585,0.044625616820424804,604,4661
nonEpitopeAcceptance_0.2_epitopeAcceptance_0.75,21,variant_ag,4-7,4,0.004651162790697674,0.004880636604774536,1075,9425
nonEpitopeAcceptance_0.2_epitopeAcceptance_0.75,21,variant_ag,8-15,8,0.0,0.0,1482,14887
nonEpitopeAcceptance_0.2_epitopeAcceptance_0.75,21,variant_ag,16-31,16,0.0,0.0,484,5389
nonEpitopeAcceptance_0.2_epitopeAcceptance_0.75,21,variant_ag,32+,32,,,0,0
nonEpitopeAcceptance_0.2_epitopeAcceptance_0.75,21,variant_phylo,0,0,0.9916666666666667,0.9358974358974359,120,1170
nonEpitopeAcceptance_0.2_epitopeAcceptance_0.75,21,variant_phylo,1,1,0.6630434782608695,0.2861482381530984,184,1646
nonEpitopeAcceptance_0.2_epitopeAcceptance_0.75,21,variant_phylo,2-3,2,0.16225165562913907,0.16155331473932633,604,4661
nonEpitopeAcceptance_0.2_epitopeAcceptance_0.75,21,variant_phylo,4-7,4,0.011162790697674419,0.007851458885941645,1075,9425
nonEpitopeAcceptance_0.2_epitopeAcceptance_0.75,21,variant_phylo,8-15,8,0.0,0.0,1482,14887
nonEpitopeAcceptance_0.2_epitopeAcceptance_0.75,21,variant_phylo,16-31,16,0.0,0.0,484,5389
nonEpitopeAcceptance_0.2_epitopeAcceptance_0.75,21,variant_phylo,32+,32,,,0,0
nonEpitopeAcceptance_0.2_epitopeAcceptance_0.75,21,variant_tsne,0,0,0.9833333333333333,0.9572649572649573,120,1170
nonEpitopeAcceptance_0.2_epitopeAcceptance_0.75,21,variant_tsne,1,1,0.3858695652173913,0.22660996354799515,184,1646
nonEpitopeAcceptance_0.2_epitopeAcceptance_0.75,21,variant_tsne,2-3,2,0.028145695364238412,0.02274190087963956,604,4661
nonEpitopeAcceptance_0.2_epitopeAcceptance_0.75,21,variant_tsne,4-7,4,0.0,0.00021220159151193635,1075,9425
nonEpitopeAcceptance_0.2_epitopeAcceptance_0.75,21,variant_tsne,8-15,8,0.0,0.0008060724121716934,1482,14887
nonEpitopeAcceptance_0.2_epitopeAcceptance_0.75,21,variant_tsne,16-31,16,0.0,0.0,484,5389
nonEpitopeAcceptance_0.2_epitopeAcceptance_0.75,21,variant_tsne,32+,32,,,0,0
nonEpitopeAcceptance_0.2_epitopeAcceptance_0.75,22,variant_ag,0,0,0.9881656804733728,0.9405450041288191,169,1211
nonEpitopeAcceptance_0.2_epitopeAcceptance_0.75,22,variant_ag,1,1,0.20982142857142858,0.17038102084831055,224,1391
nonEpitopeAcceptance_0.2_epitopeAcceptance_0.75,22,variant_ag,2-3,2,0.060550458715596334,0.03929324894514768,545,3792
nonEpitopeAcceptance_0.2_epitopeAcceptance_0.75,22,variant_ag,4-7,4,0.006376195536663124,0.005918682449819866,941,7772
nonEpitopeAcceptance_0.2_epitopeAcceptance_0.75,22,variant_ag,8-15,8,0.0,0.0,1253,11883
nonEpitopeAcceptance_0.2_epitopeAcceptance_0.75,22,variant_ag,16-31,16,0.0008795074758135445,0.0001755001755001755,1137,11396
nonEpitopeAcceptance_0.2_epitopeAcceptance_0.75,22,variant_ag,32+,32,,,0,0
nonEpitopeAcceptance_0.2_epitopeAcceptance_0.75,22,variant_phylo,0,0,1.0,0.9504541701073493,169,1211
nonEpitopeAcceptance_0.2_epitopeAcceptance_0.75,22,variant_phylo,1,1,0.7008928571428571,0.44931703810208484,224,1391
nonEpitopeAcceptance_0.2_epitopeAcceptance_0.75,22,variant_phylo,2-3,2,0.15229357798165138,0.15690928270042195,545,3792
nonEpitopeAcceptance_0.2_epitopeAcceptance_0.75,22,variant_phylo,4-7,4,0.0021253985122210413,0.004117344312918168,941,7772
nonEpitopeAcceptance_0.2_epitopeAcceptance_0.75,22,variant_phylo,8-15,8,0.0,8.415383320710259e-05,1253,11883
nonEpitopeAcceptance_0.2_epitopeAcceptance_0.75,22,variant_phylo,16-31,16,0.0,0.0,1137,11396
nonEpitopeAcceptance_0.2_epitopeAcceptance_0.75,22,variant_phylo,32+,32,,,0,0
nonEpitopeAcceptance_0.2_epitopeAcceptance_0.75,22,variant_tsne,0,0,0.9822485207100592,0.94467382328654,169,1211
nonEpitopeAcceptance_0.2_epitopeAcceptance_0.75,22,variant_tsne,1,1,0.375,0.2092020129403307,224,1391
nonEpitopeAcceptance_0.2_epitopeAcceptance_0.75,22,variant_tsne,2-3,2,0.04220183486238532,0.0234704641350211,545,3792
nonEpitopeAcceptance_0.2_epitopeAcceptance_0.75,22,variant_tsne,4-7,4,0.0021253985122210413,0.0033453422542460112,941,7772
nonEpitopeAcceptance_0.2_epitopeAcceptance_0.75,22,variant_tsne,8-15,8,0.0,0.0005049229992426155,1253,11883
nonEpitopeAcceptance_0.2_epitopeAcceptance_0.75,22,variant_tsne,16-31,16,0.0,8.775008775008775e-05,1137,11396
nonEpitopeAcceptance_0.2_epitopeAcceptance_0.75,22,variant_tsne,32+,32,,,0,0
nonEpitopeAcceptance_0.2_epitopeAcceptance_0.75,23,variant_ag,0,0,0.952,0.9033962264150943,125,1325
nonEpitopeAcceptance_0.2_epitopeAcceptance_0.75,23,variant_ag,1,1,0.19708029197080293,0.184287812041116,137,1362
nonEpitopeAcceptance_0.2_epitopeAcceptance_0.75,23,variant_ag,2-3,2,0.034334763948497854,0.034468524251805986,466,4845
nonEpitopeAcceptance_0.2_epitopeAcceptance_0.75,23,variant_ag,4-7,4,0.006675567423230975,0.0047562425683709865,749,8410
nonEpitopeAcceptance_0.2_epitopeAcceptance_0.75,23,variant_ag,8-15,8,0.0,0.0,1112,13557
nonEpitopeAcceptance_0.2_epitopeAcceptance_0.75,23,variant_ag,16-31,16,0.0,0.0,628,8209
nonEpitopeAcceptance_0.2_epitopeAcceptance_0.75,23,variant_ag,32+,32,,,0,0
nonEpitopeAcceptance_0.2_epitopeAcceptance_0.75,23,variant_phylo,0,0,0.992,0.9471698113207547,125,1325
nonEpitopeAcceptance_0.2_epitopeAcceptance_0.75,23,variant_phylo,1,1,0.7956204379562044,0.4566813509544787,137,1362
nonEpitopeAcceptance_0.2_epitopeAcceptance_0.75,23,variant_phylo,2-3,2,0.1459227467811159,0.1692466460268318,466,4845
nonEpitopeAcceptance_0.2_epitopeAcceptance_0.75,23,variant_phylo,4-7,4,0.03337783711615487,0.04268727705112961,749,8410
nonEpitopeAcceptance_0.2_epitopeAcceptance_0.75,23,variant_phylo,8-15,8,0.0,0.0,1112,13557
nonEpitopeAcceptance_0.2_epitopeAcceptance_0.75,23,variant_phylo,16-31,16,0.0,0.0,628,8209
nonEpitopeAcceptance_0.2_epitopeAcceptance_0.75,23,variant_phylo,32+,32,,,0,0
nonEpitopeAcceptance_0.2_epitopeAcceptance_0.75,23,variant_tsne,0,0,1.0,0.9562264150943396,125,1325
nonEpitopeAcceptance_0.2_epitopeAcceptance_0.75,23,variant_tsne,1,1,0.39416058394160586,0.23127753303964757,137,1362
nonEpitopeAcceptance_0.2_epitopeAcceptance_0.75,23,variant_tsne,2-3,2,0.023605150214592276,0.013209494324045407,466,4845
nonEpitopeAcceptance_0.2_epitopeAcceptance_0.75,23,variant_tsne,4-7,4,0.0,0.0,749,8410
nonEpitopeAcceptance_0.2_epitopeAcceptance_0.75,23,variant_tsne,8-15,8,0.0,0.0,1112,13557
nonEpitopeAcceptance_0.2_epitopeAcceptance_0.75,23,variant_tsne,16-31,16,0.0,0.0,628,8209
nonEpitopeAcceptance_0.2_epitopeAcceptance_0.75,23,variant_tsne,32+,32,,,0,0
nonEpitopeAcceptance_0.2_epitopeAcceptance_0.75,28,variant_ag,0,0,0.972027972027972,0.9564124056999161,143,1193
nonEpitopeAcceptance_0.2_epitopeAcceptance_0.75,28,variant_ag,1,1,0.19135802469135801,0.18127490039840638,162,1506
nonEpitopeAcceptance_0.2_epitopeAcceptance_0.75,28,variant_ag,2-3,2,0.03365384615384615,0.021899668958492487,416,3927
nonEpitopeAcceptance_0.2_epitopeAcceptance_0.75,28,variant_ag,4-7,4,0.004796163069544364,0.002384837454499812,834,7967
nonEpitopeAcceptance_0.2_epitopeAcceptance_0.75,28,variant_ag,8-15,8,0.0,0.0,1346,14016
nonEpitopeAcceptance_0.2_epitopeAcceptance_0.75,28,variant_ag,16-31,16,0.0,0.0,744,9143
nonEpitopeAcceptance_0.2_epitopeAcceptance_0.75,28,variant_ag,32+,32,,,0,0
nonEpitopeAcceptance_0.2_epitopeAcceptance_0.75,28,variant_phylo,0,0,1.0,0.9740150880134115,143,1193
nonEpitopeAcceptance_0.2_epitopeAcceptance_0.75,28,variant_phylo,1,1,0.6172839506172839,0.4395750332005312,162,1506
nonEpitopeAcceptance_0.2_epitopeAcceptance_0.75,28,variant_phylo,2-3,2,0.16346153846153846,0.18589253883371532,416,3927
nonEpitopeAcceptance_0.2_epitopeAcceptance_0.75,28,variant_phylo,4-7,4,0.02038369304556355,0.028618049453997742,834,7967
nonEpitopeAcceptance_0.2_epitopeAcceptance_0.75,28,variant_phylo,8-15,8,0.0,0.00014269406392694063,1346,14016
nonEpitopeAcceptance_0.2_epitopeAcceptance_0.75,28,variant_phylo,16-31,16,0.0,0.0,744,9143
nonEpitopeAcceptance_0.2_epitopeAcceptance_0.75,28,variant_phylo,32+,32,,,0,0
nonEpitopeAcceptance_0.2_epitopeAcceptance_0.75,28,variant_tsne,0,0,0.965034965034965,0.9438390611902766,143,1193
nonEpitopeAcceptance_0.2_epitopeAcceptance_0.75,28,variant_tsne,1,1,0.36419753086419754,0.24236387782204516,162,1506
nonEpitopeAcceptance_0.2_epitopeAcceptance_0.75,28,variant_tsne,2-3,2,0.019230769230769232,0.01935319582378406,416,3927
nonEpitopeAcceptance_0.2_epitopeAcceptance_0.75,28,variant_tsne,4-7,4,0.0,0.0026358729760261076,834,7967
nonEpitopeAcceptance_0.2_epitopeAcceptance_0.75,28,variant_tsne,8-15,8,0.0,0.0,1346,14016
nonEpitopeAcceptance_0.2_epitopeAcceptance_0.75,28,variant_tsne,16-31,16,0.0,0.0,744,9143
nonEpitopeAcceptance_0.2_epitopeAcceptance_0.75,28,variant_tsne,32+,32,,,0,0
nonEpitopeAcceptance_0.2_epitopeAcceptance_0.75,29,variant_ag,0,0,0.9280575539568345,0.9395522388059702,139,1340
nonEpitopeAcceptance_0.2_epitopeAcceptance_0.75,29,variant_ag,1,1,0.19889502762430938,0.23045744064852344,181,1727
nonEpitopeAcceptance_0.2_epitopeAcceptance_0.75,29,variant_ag,2-3,2,0.029069767441860465,0.02353948213139311,516,4673
nonEpitopeAcceptance_0.2_epitopeAcceptance_0.75,29,variant_ag,4-7,4,0.0010319917440660474,0.0013997433803802637,969,8573
nonEpitopeAcceptance_0.2_epitopeAcceptance_0.75,29,variant_ag,8-15,8,0.0,0.0,1243,13758
nonEpitopeAcceptance_0.2_epitopeAcceptance_0.75,29,variant_ag,16-31,16,0.0,0.0,595,7463
nonEpitopeAcceptance_0.2_epitopeAcceptance_0.75,29,variant_ag,32+,32,,,0,0
nonEpitopeAcceptance_0.2_epitopeAcceptance_0.75,29,variant_phylo,0,0,0.9784172661870504,0.9664179104477612,139,1340
nonEpitopeAcceptance_0.2_epitopeAcceptance_0.75,29,variant_phylo,1,1,0.6574585635359116,0.46844238563983787,181,1727
nonEpitopeAcceptance_0.2_epitopeAcceptance_0.75,29,variant_phylo,2-3,2,0.1821705426356589,0.21292531564305586,516,4673
nonEpitopeAcceptance_0.2_epitopeAcceptance_0.75,29,variant_phylo,4-7,4,0.04953560371517028,0.035576810917998365,969,8573
nonEpitopeAcceptance_0.2_epitopeAcceptance_0.75,29,variant_phylo,8-15,8,0.0,0.0,1243,13758
nonEpitopeAcceptance_0.2_epitopeAcceptance_0.75,29,variant_phylo,16-31,16,0.0,0.0,595,7463
nonEpitopeAcceptance_0.2_epitopeAcceptance_0.75,29,variant_phylo,32+,32,,,0,0
nonEpitopeAcceptance_0.2_epitopeAcceptance_0.75,29,variant_tsne,0,0,0.9640287769784173,0.9343283582089552,139,1340
nonEpitopeAcceptance_0.2_epitopeAcceptance_0.75,29,variant_tsne,1,1,0.3259668508287293,0.22872032426172553,181,1727
nonEpitopeAcceptance_0.2_epitopeAcceptance_0.75,29,variant_tsne,2-3,2,0.013565891472868217,0.01326770811042157,516,4673
nonEpitopeAcceptance_0.2_epitopeAcceptance_0.75,29,variant_tsne,4-7,4,0.0,0.00011664528169835531,969,8573
nonEpitopeAcceptance_0.2_epitopeAcceptance_0.75,29,variant_tsne,8-15,8,0.0,0.0,1243,13758
nonEpitopeAcceptance_0.2_epitopeAcceptance_0.75,29,variant_tsne,16-31,16,0.0,0.0,595,7463
nonEpitopeAcceptance_0.2_epitopeAcceptance_0.75,29,variant_tsne,32+,32,,,0,0
nonEpitopeAcceptance_0.2_epitopeAcceptance_1.0,1,variant_ag,0,0,0.971830985915493,0.9510763209393346,142,1022
nonEpitopeAcceptance_0.2_epitopeAcceptance_1.0,1,variant_ag,1,1,0.24315068493150685,0.17214584578601316,292,1673
nonEpitopeAcceptance_0.2_epitopeAcceptance_1.0,1,variant_ag,2-3,2,0.05067567567567568,0.03319393622582331,592,3826
nonEpitopeAcceptance_0.2_epitopeAcceptance_1.0,1,variant_ag,4-7,4,0.0,0.004311471126208518,1181,7654
nonEpitopeAcceptance_0.2_epitopeAcceptance_1.0,1,variant_ag,8-15,8,0.0,0.0,1977,13997
nonEpitopeAcceptance_0.2_epitopeAcceptance_1.0,1,variant_ag,16-31,16,0.0,0.00021417862497322766,1031,9338
nonEpitopeAcceptance_0.2_epitopeAcceptance_1.0,1,variant_ag,32+,32,,,0,0
nonEpitopeAcceptance_0.2_epitopeAcceptance_1.0,1,variant_phylo,0,0,0.971830985915493,0.9540117416829745,142,1022
nonEpitopeAcceptance_0.2_epitopeAcceptance_1.0,1,variant_phylo,1,1,0.6438356164383562,0.4255827854154214,292,1673
nonEpitopeAcceptance_0.2_epitopeAcceptance_1.0,1,variant_phylo,2-3,2,0.25844594594594594,0.2475169890224778,592,3826
nonEpitopeAcceptance_0.2_epitopeAcceptance_1.0,1,variant_phylo,4-7,4,0.04741744284504657,0.04886333943036321,1181,7654
nonEpitopeAcceptance_0.2_epitopeAcceptance_1.0,1,variant_phylo,8-15,8,0.0,0.0,1977,13997
nonEpitopeAcceptance_0.2_epitopeAcceptance_1.0,1,variant_phylo,16-31,16,0.0,0.00021417862497322766,1031,9338
nonEpitopeAcceptance_0.2_epitopeAcceptance_1.0,1,variant_phylo,32+,32,,,0,0
nonEpitopeAcceptance_0.2_epitopeAcceptance_1.0,1,variant_tsne,0,0,0.971830985915493,0.9168297455968689,142,1022
nonEpitopeAcceptance_0.2_epitopeAcceptance_1.0,1,variant_tsne,1,1,0.3801369863013699,0.22295277943813507,292,1673
nonEpitopeAcceptance_0.2_epitopeAcceptance_1.0,1,variant_tsne,2-3,2,0.02195945945945946,0.031102979613173026,592,3826
nonEpitopeAcceptance_0.2_epitopeAcceptance_1.0,1,variant_tsne,4-7,4,0.001693480101608806,0.0036582179252678338,1181,7654
nonEpitopeAcceptance_0.2_epitopeAcceptance_1.0,1,variant_tsne,8-15,8,0.0,0.0012145459741373151,1977,13997
nonEpitopeAcceptance_0.2_epitopeAcceptance_1.0,1,variant_tsne,16-31,16,0.0,0.00021417862497322766,1031,9338
nonEpitopeAcceptance_0.2_epitopeAcceptance_1.0,1,variant_tsne,32+,32,,,0,0
nonEpitopeAcceptance_0.2_epitopeAcceptance_1.0,3,variant_ag,0,0,0.9790575916230366,0.9378995433789954,191,1095
nonEpitopeAcceptance_0.2_epitopeAcceptance_1.0,3,variant_ag,1,1,0.15269461077844312,0.18604651162790697,334,1677
nonEpitopeAcceptance_0.2_epitopeAcceptance_1.0,3,variant_ag,2-3,2,0.044226044226044224,0.039324487334137515,814,4145
nonEpitopeAcceptance_0.2_epitopeAcceptance_1.0,3,variant_ag,4-7,4,0.00221606648199446,0.001074533554752369,1805,10237
nonEpitopeAcceptance_0.2_epitopeAcceptance_1.0,3,variant_ag,8-15,8,0.0,0.00013143195110731419,2199,15217
nonEpitopeAcceptance_0.2_epitopeAcceptance_1.0,3,variant_ag,16-31,16,0.0,0.0,658,4869
nonEpitopeAcceptance_0.2_epitopeAcceptance_1.0,3,variant_ag,32+,32,,,0,0
nonEpitopeAcceptance_0.2_epitopeAcceptance_1.0,3,variant_phylo,0,0,0.9842931937172775,0.9415525114155251,191,1095
nonEpitopeAcceptance_0.2_epitopeAcceptance_1.0,3,variant_phylo,1,1,0.6526946107784432,0.3911747167561121,334,1677
nonEpitopeAcceptance_0.2_epitopeAcceptance_1.0,3,variant_phylo,2-3,2,0.19656019656019655,0.19300361881785283,814,4145
nonEpitopeAcceptance_0.2_epitopeAcceptance_1.0,3,variant_phylo,4-7,4,0.012742382271468145,0.01592263358405783,1805,10237
nonEpitopeAcceptance_0.2_epitopeAcceptance_1.0,3,variant_phylo,8-15,8,0.0,0.00013143195110731419,2199,15217
nonEpitopeAcceptance_0.2_epitopeAcceptance_1.0,3,variant_phylo,16-31,16,0.0,0.0,658,4869
nonEpitopeAcceptance_0.2_epitopeAcceptance_1.0,3,variant_phylo,32+,32,,,0,0
nonEpitopeAcceptance_0.2_epitopeAcceptance_1.0,3,variant_tsne,0,0,0.9842931937172775,0.9305936073059361,191,1095
nonEpitopeAcceptance_0.2_epitopeAcceptance_1.0,3,variant_tsne,1,1,0.3502994011976048,0.24150268336314848,334,1677
nonEpitopeAcceptance_0.2_epitopeAcceptance_1.0,3,variant_tsne,2-3,2,0.030712530712530713,0.02509047044632087,814,4145
nonEpitopeAcceptance_0.2_epitopeAcceptance_1.0,3,variant_tsne,4-7,4,0.0,9.768486861385171e-05,1805,10237
nonEpitopeAcceptance_0.2_epitopeAcceptance_1.0,3,variant_tsne,8-15,8,0.0,0.0,2199,15217
nonEpitopeAcceptance_0.2_epitopeAcceptance_1.0,3,variant_tsne,16-31,16,0.0,0.0,658,4869
nonEpitopeAcceptance_0.2_epitopeAcceptance_1.0,3,variant_tsne,32+,32,,,0,0
nonEpitopeAcceptance_0.2_epitopeAcceptance_1.0,5,variant_ag,0,0,0.9725274725274725,0.9436619718309859,182,1065
nonEpitopeAcceptance_0.2_epitopeAcceptance_1.0,5,variant_ag,1,1,0.3008474576271186,0.25375494071146243,236,1265
nonEpitopeAcceptance_0.2_epitopeAcceptance_1.0,5,variant_ag,2-3,2,0.056338028169014086,0.0459954969443551,568,3109
nonEpitopeAcceptance_0.2_epitopeAcceptance_1.0,5,variant_ag,4-7,4,0.008322663252240717,0.007165034631000717,1562,8374
nonEpitopeAcceptance_0.2_epitopeAcceptance_1.0,5,variant_ag,8-15,8,0.0,0.00016041065126724414,2091,12468
nonEpitopeAcceptance_0.2_epitopeAcceptance_1.0,5,variant_ag,16-31,16,0.0,0.0,1690,11196
nonEpitopeAcceptance_0.2_epitopeAcceptance_1.0,5,variant_ag,32+,32,,,0,0
nonEpitopeAcceptance_0.2_epitopeAcceptance_1.0,5,variant_phylo,0,0,0.7032967032967034,0.0,182,1065
nonEpitopeAcceptance_0.2_epitopeAcceptance_1.0,5,variant_phylo,1,1,0.0,0.0007905138339920949,236,1265
nonEpitopeAcceptance_0.2_epitopeAcceptance_1.0,5,variant_phylo,2-3,2,0.0,0.0,568,3109
nonEpitopeAcceptance_0.2_epitopeAcceptance_1.0,5,variant_phylo,4-7,4,0.0,0.0,1562,8374
nonEpitopeAcceptance_0.2_epitopeAcceptance_1.0,5,variant_phylo,8-15,8,0.0,0.0,2091,12468
nonEpitopeAcceptance_0.2_epitopeAcceptance_1.0,5,variant_phylo,16-31,16,0.0,0.0,1690,11196
nonEpitopeAcceptance_0.2_epitopeAcceptance_1.0,5,variant_phylo,32+,32,,,0,0
nonEpitopeAcceptance_0.2_epitopeAcceptance_1.0,5,variant_tsne,0,0,0.989010989010989,0.9699530516431925,182,1065
nonEpitopeAcceptance_0.2_epitopeAcceptance_1.0,5,variant_tsne,1,1,0.4279661016949153,0.2924901185770751,236,1265
nonEpitopeAcceptance_0.2_epitopeAcceptance_1.0,5,variant_tsne,2-3,2,0.03873239436619718,0.04889031843036346,568,3109
nonEpitopeAcceptance_0.2_epitopeAcceptance_1.0,5,variant_tsne,4-7,4,0.0006402048655569782,0.0005970862192500597,1562,8374
nonEpitopeAcceptance_0.2_epitopeAcceptance_1.0,5,variant_tsne,8-15,8,0.0014347202295552368,0.0018447224895733077,2091,12468
nonEpitopeAcceptance_0.2_epitopeAcceptance_1.0,5,variant_tsne,16-31,16,0.0,0.0,1690,11196
nonEpitopeAcceptance_0.2_epitopeAcceptance_1.0,5,variant_tsne,32+,32,,,0,0
nonEpitopeAcceptance_0.2_epitopeAcceptance_1.0,6,variant_ag,0,0,0.9340659340659341,0.902738432483475,182,1059
nonEpitopeAcceptance_0.2_epitopeAcceptance_1.0,6,variant_ag,1,1,0.18565400843881857,0.15030885380919698,237,1457
nonEpitopeAcceptance_0.2_epitopeAcceptance_1.0,6,variant_ag,2-3,2,0.07719928186714542,0.06793321819228555,557,3474
nonEpitopeAcceptance_0.2_epitopeAcceptance_1.0,6,variant_ag,4-7,4,0.0036603221083455345,0.00394359464627151,1366,8368
nonEpitopeAcceptance_0.2_epitopeAcceptance_1.0,6,variant_ag,8-15,8,0.0,0.0,2147,14614
nonEpitopeAcceptance_0.2_epitopeAcceptance_1.0,6,variant_ag,16-31,16,0.0,0.0001247193813918683,1070,8018
nonEpitopeAcceptance_0.2_epitopeAcceptance_1.0,6,variant_ag,32+,32,,,0,0
nonEpitopeAcceptance_0.2_epitopeAcceptance_1.0,6,variant_phylo,0,0,0.989010989010989,0.9518413597733711,182,1059
nonEpitopeAcceptance_0.2_epitopeAcceptance_1.0,6,variant_phylo,1,1,0.8016877637130801,0.575840768702814,237,1457
nonEpitopeAcceptance_0.2_epitopeAcceptance_1.0,6,variant_phylo,2-3,2,0.29443447037701975,0.307426597582038,557,3474
nonEpitopeAcceptance_0.2_epitopeAcceptance_1.0,6,variant_phylo,4-7,4,0.0739385065885798,0.08568355640535373,1366,8368
nonEpitopeAcceptance_0.2_epitopeAcceptance_1.0,6,variant_phylo,8-15,8,0.0018630647414997672,0.002463391268646503,2147,14614
nonEpitopeAcceptance_0.2_epitopeAcceptance_1.0,6,variant_phylo,16-31,16,0.0,0.00037415814417560486,1070,8018
nonEpitopeAcceptance_0.2_epitopeAcceptance_1.0,6,variant_phylo,32+,32,,,0,0
nonEpitopeAcceptance_0.2_epitopeAcceptance_1.0,6,variant_tsne,0,0,0.989010989010989,0.9678942398489141,182,1059
nonEpitopeAcceptance_0.2_epitopeAcceptance_1.0,6,variant_tsne,1,1,0.4345991561181435,0.2772820864790666,237,1457
nonEpitopeAcceptance_0.2_epitopeAcceptance_1.0,6,variant_tsne,2-3,2,0.05565529622980251,0.03857225100748417,557,3474
nonEpitopeAcceptance_0.2_epitopeAcceptance_1.0,6,variant_tsne,4-7,4,0.0,0.0013145315487571702,1366,8368
nonEpitopeAcceptance_0.2_epitopeAcceptance_1.0,6,variant_tsne,8-15,8,0.0,0.0,2147,14614
nonEpitopeAcceptance_0.2_epitopeAcceptance_1.0,6,variant_tsne,16-31,16,0.0,0.0001247193813918683,1070,8018
nonEpitopeAcceptance_0.2_epitopeAcceptance_1.0,6,variant_tsne,32+,32,,,0,0
nonEpitopeAcceptance_0.2_epitopeAcceptance_1.0,10,variant_ag,0,0,0.9547738693467337,0.9316608996539792,199,1156
nonEpitopeAcceptance_0.2_epitopeAcceptance_1.0,10,variant_ag,1,1,0.19672131147540983,0.23273855702094648,183,1289
nonEpitopeAcceptance_0.2_epitopeAcceptance_1.0,10,variant_ag,2-3,2,0.04844290657439446,0.05876315114190403,578,3897
nonEpitopeAcceptance_0.2_epitopeAcceptance_1.0,10,variant_ag,4-7,4,0.013121546961325966,0.012694351505609132,1448,10162
nonEpitopeAcceptance_0.2_epitopeAcceptance_1.0,10,variant_ag,8-15,8,0.0,0.00019220912352639673,2042,15608
nonEpitopeAcceptance_0.2_epitopeAcceptance_1.0,10,variant_ag,16-31,16,0.0,0.0,622,5325
nonEpitopeAcceptance_0.2_epitopeAcceptance_1.0,10,variant_ag,32+,32,,,0,0
nonEpitopeAcceptance_0.2_epitopeAcceptance_1.0,10,variant_phylo,0,0,1.0,0.9524221453287197,199,1156
nonEpitopeAcceptance_0.2_epitopeAcceptance_1.0,10,variant_phylo,1,1,0.6174863387978142,0.33204034134988364,183,1289
nonEpitopeAcceptance_0.2_epitopeAcceptance_1.0,10,variant_phylo,2-3,2,0.07439446366782007,0.059532974082627664,578,3897
nonEpitopeAcceptance_0.2_epitopeAcceptance_1.0,10,variant_phylo,4-7,4,0.004834254143646409,0.0063963786656170045,1448,10162
nonEpitopeAcceptance_0.2_epitopeAcceptance_1.0,10,variant_phylo,8-15,8,0.0,0.00019220912352639673,2042,15608
nonEpitopeAcceptance_0.2_epitopeAcceptance_1.0,10,variant_phylo,16-31,16,0.0,0.0,622,5325
nonEpitopeAcceptance_0.2_epitopeAcceptance_1.0,10,variant_phylo,32+,32,,,0,0
nonEpitopeAcceptance_0.2_epitopeAcceptance_1.0,10,variant_tsne,0,0,1.0,0.9697231833910035,199,1156
nonEpitopeAcceptance_0.2_epitopeAcceptance_1.0,10,variant_tsne,1,1,0.4426229508196721,0.32505818463925523,183,1289
nonEpitopeAcceptance_0.2_epitopeAcceptance_1.0,10,variant_tsne,2-3,2,0.04325259515570934,0.02848344880677444,578,3897
nonEpitopeAcceptance_0.2_epitopeAcceptance_1.0,10,variant_tsne,4-7,4,0.0020718232044198894,0.0014760873843731549,1448,10162
nonEpitopeAcceptance_0.2_epitopeAcceptance_1.0,10,variant_tsne,8-15,8,0.0,6.406970784213224e-05,2042,15608
nonEpitopeAcceptance_0.2_epitopeAcceptance_1.0,10,variant_tsne,16-31,16,0.0,0.0,622,5325
nonEpitopeAcceptance_0.2_epitopeAcceptance_1.0,10,variant_tsne,32+,32,,,0,0
nonEpitopeAcceptance_0.2_epitopeAcceptance_1.0,11,variant_ag,0,0,0.9597989949748744,0.9435318275154004,199,974
nonEpitopeAcceptance_0.2_epitopeAcceptance_1.0,11,variant_ag,1,1,0.19540229885057472,0.18666666666666668,261,1425
nonEpitopeAcceptance_0.2_epitopeAcceptance_1.0,11,variant_ag,2-3,2,0.03933253873659118,0.039550561797752806,839,4450
nonEpitopeAcceptance_0.2_epitopeAcceptance_1.0,11,variant_ag,4-7,4,0.01037463976945245,0.007378209015564989,1735,9894
nonEpitopeAcceptance_0.2_epitopeAcceptance_1.0,11,variant_ag,8-15,8,0.0,0.00021820959031149418,2863,18331
nonEpitopeAcceptance_0.2_epitopeAcceptance_1.0,11,variant_ag,16-31,16,0.0,0.0,279,2090
nonEpitopeAcceptance_0.2_epitopeAcceptance_1.0,11,variant_ag,32+,32,,,0,0
nonEpitopeAcceptance_0.2_epitopeAcceptance_1.0,11,variant_phylo,0,0,1.0,0.9496919917864476,199,974
nonEpitopeAcceptance_0.2_epitopeAcceptance_1.0,11,variant_phylo,1,1,0.6704980842911877,0.4435087719298246,261,1425
nonEpitopeAcceptance_0.2_epitopeAcceptance_1.0,11,variant_phylo,2-3,2,0.14898688915375446,0.15033707865168539,839,4450
nonEpitopeAcceptance_0.2_epitopeAcceptance_1.0,11,variant_phylo,4-7,4,0.005187319884726225,0.003840711542348898,1735,9894
nonEpitopeAcceptance_0.2_epitopeAcceptance_1.0,11,variant_phylo,8-15,8,0.0,0.0,2863,18331
nonEpitopeAcceptance_0.2_epitopeAcceptance_1.0,11,variant_phylo,16-31,16,0.0,0.0,279,2090
nonEpitopeAcceptance_0.2_epitopeAcceptance_1.0,11,variant_phylo,32+,32,,,0,0
nonEpitopeAcceptance_0.2_epitopeAcceptance_1.0,11,variant_tsne,0,0,1.0,0.9702258726899384,199,974
nonEpitopeAcceptance_0.2_epitopeAcceptance_1.0,11,variant_tsne,1,1,0.31800766283524906,0.22035087719298246,261,1425
nonEpitopeAcceptance_0.2_epitopeAcceptance_1.0,11,variant_tsne,2-3,2,0.03098927294398093,0.024494382022471912,839,4450
nonEpitopeAcceptance_0.2_epitopeAcceptance_1.0,11,variant_tsne,4-7,4,0.00345821325648415,0.002425712553062462,1735,9894
nonEpitopeAcceptance_0.2_epitopeAcceptance_1.0,11,variant_tsne,8-15,8,0.0,0.0,2863,18331
nonEpitopeAcceptance_0.2_epitopeAcceptance_1.0,11,variant_tsne,16-31,16,0.0,0.0,279,2090
nonEpitopeAcceptance_0.2_epitopeAcceptance_1.0,11,variant_tsne,32+,32,,,0,0
nonEpitopeAcceptance_0.2_epitopeAcceptance_1.0,12,variant_ag,0,0,0.9520958083832335,0.9145299145299145,167,819
nonEpitopeAcceptance_0.2_epitopeAcceptance_1.0,12,variant_ag,1,1,0.20238095238095238,0.20614954577218728,252,1431
nonEpitopeAcceptance_0.2_epitopeAcceptance_1.0,12,variant_ag,2-3,2,0.0755287009063444,0.08326155612977318,662,3483
nonEpitopeAcceptance_0.2_epitopeAcceptance_1.0,12,variant_ag,4-7,4,0.014603616133518776,0.012764902714090965,1438,8069
nonEpitopeAcceptance_0.2_epitopeAcceptance_1.0,12,variant_ag,8-15,8,0.0,0.00015169902912621358,2024,13184
nonEpitopeAcceptance_0.2_epitopeAcceptance_1.0,12,variant_ag,16-31,16,0.0,0.0,1413,10081
nonEpitopeAcceptance_0.2_epitopeAcceptance_1.0,12,variant_ag,32+,32,,,0,0
nonEpitopeAcceptance_0.2_epitopeAcceptance_1.0,12,variant_phylo,0,0,1.0,0.9401709401709402,167,819
nonEpitopeAcceptance_0.2_epitopeAcceptance_1.0,12,variant_phylo,1,1,0.6507936507936508,0.3843466107617051,252,1431
nonEpitopeAcceptance_0.2_epitopeAcceptance_1.0,12,variant_phylo,2-3,2,0.13746223564954682,0.12115991960953201,662,3483
nonEpitopeAcceptance_0.2_epitopeAcceptance_1.0,12,variant_phylo,4-7,4,0.024339360222531293,0.028999876068905688,1438,8069
nonEpitopeAcceptance_0.2_epitopeAcceptance_1.0,12,variant_phylo,8-15,8,0.0,7.584951456310679e-05,2024,13184
nonEpitopeAcceptance_0.2_epitopeAcceptance_1.0,12,variant_phylo,16-31,16,0.0,0.0,1413,10081
nonEpitopeAcceptance_0.2_epitopeAcceptance_1.0,12,variant_phylo,32+,32,,,0,0
nonEpitopeAcceptance_0.2_epitopeAcceptance_1.0,12,variant_tsne,0,0,1.0,0.9633699633699634,167,819
nonEpitopeAcceptance_0.2_epitopeAcceptance_1.0,12,variant_tsne,1,1,0.4603174603174603,0.3473095737246681,252,1431
nonEpitopeAcceptance_0.2_epitopeAcceptance_1.0,12,variant_tsne,2-3,2,0.03625377643504532,0.03818547229399943,662,3483
nonEpitopeAcceptance_0.2_epitopeAcceptance_1.0,12,variant_tsne,4-7,4,0.0006954102920723226,0.0014871731317387532,1438,8069
nonEpitopeAcceptance_0.2_epitopeAcceptance_1.0,12,variant_tsne,8-15,8,0.0004940711462450593,0.0009101941747572816,2024,13184
nonEpitopeAcceptance_0.2_epitopeAcceptance_1.0,12,variant_tsne,16-31,16,0.0,9.919650828290844e-05,1413,10081
nonEpitopeAcceptance_0.2_epitopeAcceptance_1.0,12,variant_tsne,32+,32,,,0,0
nonEpitopeAcceptance_0.2_epitopeAcceptance_1.0,14,variant_ag,0,0,0.9483870967741935,0.9303703703703704,155,675
nonEpitopeAcceptance_0.2_epitopeAcceptance_1.0,14,variant_ag,1,1,0.31223628691983124,0.3477112676056338,237,1136
nonEpitopeAcceptance_0.2_epitopeAcceptance_1.0,14,variant_ag,2-3,2,0.0888529886914378,0.07120527961097603,619,2879
nonEpitopeAcceptance_0.2_epitopeAcceptance_1.0,14,variant_ag,4-7,4,0.018779342723004695,0.014162461338108416,1278,6143
nonEpitopeAcceptance_0.2_epitopeAcceptance_1.0,14,variant_ag,8-15,8,0.0,0.00027522935779816516,1914,10900
nonEpitopeAcceptance_0.2_epitopeAcceptance_1.0,14,variant_ag,16-31,16,0.0,0.0,2233,15331
nonEpitopeAcceptance_0.2_epitopeAcceptance_1.0,14,variant_ag,32+,32,,,0,0
nonEpitopeAcceptance_0.2_epitopeAcceptance_1.0,14,variant_phylo,0,0,0.9935483870967742,0.9481481481481482,155,675
nonEpitopeAcceptance_0.2_epitopeAcceptance_1.0,14,variant_phylo,1,1,0.6835443037974683,0.41901408450704225,237,1136
nonEpitopeAcceptance_0.2_epitopeAcceptance_1.0,14,variant_phylo,2-3,2,0.12116316639741519,0.11184439041333796,619,2879
nonEpitopeAcceptance_0.2_epitopeAcceptance_1.0,14,variant_phylo,4-7,4,0.003912363067292645,0.002767377502848771,1278,6143
nonEpitopeAcceptance_0.2_epitopeAcceptance_1.0,14,variant_phylo,8-15,8,0.0,0.0007339449541284404,1914,10900
nonEpitopeAcceptance_0.2_epitopeAcceptance_1.0,14,variant_phylo,16-31,16,0.0,0.0,2233,15331
nonEpitopeAcceptance_0.2_epitopeAcceptance_1.0,14,variant_phylo,32+,32,,,0,0
nonEpitopeAcceptance_0.2_epitopeAcceptance_1.0,14,variant_tsne,0,0,0.9870967741935484,0.9481481481481482,155,675
nonEpitopeAcceptance_0.2_epitopeAcceptance_1.0,14,variant_tsne,1,1,0.5232067510548524,0.41813380281690143,237,1136
nonEpitopeAcceptance_0.2_epitopeAcceptance_1.0,14,variant_tsne,2-3,2,0.051696284329563816,0.06599513720041682,619,2879
nonEpitopeAcceptance_0.2_epitopeAcceptance_1.0,14,variant_tsne,4-7,4,0.001564945226917058,0.001465082207390526,1278,6143
nonEpitopeAcceptance_0.2_epitopeAcceptance_1.0,14,variant_tsne,8-15,8,0.0020898641588296763,0.0022935779816513763,1914,10900
nonEpitopeAcceptance_0.2_epitopeAcceptance_1.0,14,variant_tsne,16-31,16,0.0,0.00045659122040310484,2233,15331
nonEpitopeAcceptance_0.2_epitopeAcceptance_1.0,14,variant_tsne,32+,32,,,0,0
nonEpitopeAcceptance_0.2_epitopeAcceptance_1.0,15,variant_ag,0,0,0.9188034188034188,0.9368088467614534,234,1266
nonEpitopeAcceptance_0.2_epitopeAcceptance_1.0,15,variant_ag,1,1,0.1828793774319066,0.19239543726235742,257,1315
nonEpitopeAcceptance_0.2_epitopeAcceptance_1.0,15,variant_ag,2-3,2,0.03943217665615142,0.03933189655172414,634,3712
nonEpitopeAcceptance_0.2_epitopeAcceptance_1.0,15,variant_ag,4-7,4,0.0008673026886383347,0.001142857142857143,1153,7000
nonEpitopeAcceptance_0.2_epitopeAcceptance_1.0,15,variant_ag,8-15,8,0.00047824007651841227,7.284382284382284e-05,2091,13728
nonEpitopeAcceptance_0.2_epitopeAcceptance_1.0,15,variant_ag,16-31,16,0.0,0.0,1244,10444
nonEpitopeAcceptance_0.2_epitopeAcceptance_1.0,15,variant_ag,32+,32,,,0,0
nonEpitopeAcceptance_0.2_epitopeAcceptance_1.0,15,variant_phylo,0,0,0.9786324786324786,0.9549763033175356,234,1266
nonEpitopeAcceptance_0.2_epitopeAcceptance_1.0,15,variant_phylo,1,1,0.5875486381322957,0.4053231939163498,257,1315
nonEpitopeAcceptance_0.2_epitopeAcceptance_1.0,15,variant_phylo,2-3,2,0.09779179810725552,0.10641163793103449,634,3712
nonEpitopeAcceptance_0.2_epitopeAcceptance_1.0,15,variant_phylo,4-7,4,0.0008673026886383347,0.0037142857142857142,1153,7000
nonEpitopeAcceptance_0.2_epitopeAcceptance_1.0,15,variant_phylo,8-15,8,0.00047824007651841227,0.00021853146853146853,2091,13728
nonEpitopeAcceptance_0.2_epitopeAcceptance_1.0,15,variant_phylo,16-31,16,0.0,0.0,1244,10444
nonEpitopeAcceptance_0.2_epitopeAcceptance_1.0,15,variant_phylo,32+,32,,,0,0
nonEpitopeAcceptance_0.2_epitopeAcceptance_1.0,15,variant_tsne,0,0,0.9658119658119658,0.9478672985781991,234,1266
nonEpitopeAcceptance_0.2_epitopeAcceptance_1.0,15,variant_tsne,1,1,0.2801556420233463,0.30950570342205325,257,1315
nonEpitopeAcceptance_0.2_epitopeAcceptance_1.0,15,variant_tsne,2-3,2,0.012618296529968454,0.021282327586206896,634,3712
nonEpitopeAcceptance_0.2_epitopeAcceptance_1.0,15,variant_tsne,4-7,4,0.0,0.00028571428571428574,1153,7000
nonEpitopeAcceptance_0.2_epitopeAcceptance_1.0,15,variant_tsne,8-15,8,0.00047824007651841227,7.284382284382284e-05,2091,13728
nonEpitopeAcceptance_0.2_epitopeAcceptance_1.0,15,variant_tsne,16-31,16,0.0,0.0,1244,10444
nonEpitopeAcceptance_0.2_epitopeAcceptance_1.0,15,variant_tsne,32+,32,,,0,0
nonEpitopeAcceptance_0.2_epitopeAcceptance_1.0,17,variant_ag,0,0,0.9365079365079365,0.9096437880104257,189,1151
nonEpitopeAcceptance_0.2_epitopeAcceptance_1.0,17,variant_ag,1,1,0.1945945945945946,0.14129353233830846,370,2010
nonEpitopeAcceptance_0.2_epitopeAcceptance_1.0,17,variant_ag,2-3,2,0.043209876543209874,0.04745263932315615,972,5437
nonEpitopeAcceptance_0.2_epitopeAcceptance_1.0,17,variant_ag,4-7,4,0.0019569471624266144,0.002092892216050873,2044,12423
nonEpitopeAcceptance_0.2_epitopeAcceptance_1.0,17,variant_ag,8-15,8,0.0,0.0,2466,16255
nonEpitopeAcceptance_0.2_epitopeAcceptance_1.0,17,variant_ag,16-31,16,0.0,0.0,38,362
nonEpitopeAcceptance_0.2_epitopeAcceptance_1.0,17,variant_ag,32+,32,,,0,0
nonEpitopeAcceptance_0.2_epitopeAcceptance_1.0,17,variant_phylo,0,0,0.9894179894179894,0.9383145091225021,189,1151
nonEpitopeAcceptance_0.2_epitopeAcceptance_1.0,17,variant_phylo,1,1,0.7486486486486487,0.554228855721393,370,2010
nonEpitopeAcceptance_0.2_epitopeAcceptance_1.0,17,variant_phylo,2-3,2,0.2767489711934156,0.27588743792532644,972,5437
nonEpitopeAcceptance_0.2_epitopeAcceptance_1.0,17,variant_phylo,4-7,4,0.048434442270058706,0.050953875875392414,2044,12423
nonEpitopeAcceptance_0.2_epitopeAcceptance_1.0,17,variant_phylo,8-15,8,0.0,0.00012303906490310673,2466,16255
nonEpitopeAcceptance_0.2_epitopeAcceptance_1.0,17,variant_phylo,16-31,16,0.0,0.0,38,362
nonEpitopeAcceptance_0.2_epitopeAcceptance_1.0,17,variant_phylo,32+,32,,,0,0
nonEpitopeAcceptance_0.2_epitopeAcceptance_1.0,17,variant_tsne,0,0,0.9841269841269841,0.9322328410078193,189,1151
nonEpitopeAcceptance_0.2_epitopeAcceptance_1.0,17,variant_tsne,1,1,0.3108108108108108,0.1572139303482587,370,2010
nonEpitopeAcceptance_0.2_epitopeAcceptance_1.0,17,variant_tsne,2-3,2,0.01646090534979424,0.014346146772116977,972,5437
nonEpitopeAcceptance_0.2_epitopeAcceptance_1.0,17,variant_tsne,4-7,4,0.0009784735812133072,0.0003219834178539805,2044,12423
nonEpitopeAcceptance_0.2_epitopeAcceptance_1.0,17,variant_tsne,8-15,8,0.0,0.0,2466,16255
nonEpitopeAcceptance_0.2_epitopeAcceptance_1.0,17,variant_tsne,16-31,16,0.0,0.0,38,362
nonEpitopeAcceptance_0.2_epitopeAcceptance_1.0,17,variant_tsne,32+,32,,,0,0
nonEpitopeAcceptance_0.2_epitopeAcceptance_1.0,18,variant_ag,0,0,0.9558823529411765,0.9405034324942791,136,874
nonEpitopeAcceptance_0.2_epitopeAcceptance_1.0,18,variant_ag,1,1,0.23308270676691728,0.2463261021693492,266,1429
nonEpitopeAcceptance_0.2_epitopeAcceptance_1.0,18,variant_ag,2-3,2,0.057233704292527825,0.06364617044228695,629,3708
nonEpitopeAcceptance_0.2_epitopeAcceptance_1.0,18,variant_ag,4-7,4,0.009206798866855524,0.010546500479386385,1412,8344
nonEpitopeAcceptance_0.2_epitopeAcceptance_1.0,18,variant_ag,8-15,8,0.0009000900090009,0.0005320563979781857,2222,15036
nonEpitopeAcceptance_0.2_epitopeAcceptance_1.0,18,variant_ag,16-31,16,0.0,0.00012804097311139564,1104,7810
nonEpitopeAcceptance_0.2_epitopeAcceptance_1.0,18,variant_ag,32+,32,,,0,0
nonEpitopeAcceptance_0.2_epitopeAcceptance_1.0,18,variant_phylo,0,0,1.0,0.9736842105263158,136,874
nonEpitopeAcceptance_0.2_epitopeAcceptance_1.0,18,variant_phylo,1,1,0.706766917293233,0.4800559832050385,266,1429
nonEpitopeAcceptance_0.2_epitopeAcceptance_1.0,18,variant_phylo,2-3,2,0.21303656597774245,0.1930960086299892,629,3708
nonEpitopeAcceptance_0.2_epitopeAcceptance_1.0,18,variant_phylo,4-7,4,0.06657223796033994,0.06040268456375839,1412,8344
nonEpitopeAcceptance_0.2_epitopeAcceptance_1.0,18,variant_phylo,8-15,8,0.0009000900090009,0.00026602819898909286,2222,15036
nonEpitopeAcceptance_0.2_epitopeAcceptance_1.0,18,variant_phylo,16-31,16,0.0,0.0,1104,7810
nonEpitopeAcceptance_0.2_epitopeAcceptance_1.0,18,variant_phylo,32+,32,,,0,0
nonEpitopeAcceptance_0.2_epitopeAcceptance_1.0,18,variant_tsne,0,0,0.9926470588235294,0.9645308924485125,136,874
nonEpitopeAcceptance_0.2_epitopeAcceptance_1.0,18,variant_tsne,1,1,0.38345864661654133,0.3296011196641008,266,1429
nonEpitopeAcceptance_0.2_epitopeAcceptance_1.0,18,variant_tsne,2-3,2,0.022257551669316374,0.03559870550161812,629,3708
nonEpitopeAcceptance_0.2_epitopeAcceptance_1.0,18,variant_tsne,4-7,4,0.002124645892351275,0.0010786193672099713,1412,8344
nonEpitopeAcceptance_0.2_epitopeAcceptance_1.0,18,variant_tsne,8-15,8,0.0,0.00019952114924181964,2222,15036
nonEpitopeAcceptance_0.2_epitopeAcceptance_1.0,18,variant_tsne,16-31,16,0.0,0.00012804097311139564,1104,7810
nonEpitopeAcceptance_0.2_epitopeAcceptance_1.0,18,variant_tsne,32+,32,,,0,0
nonEpitopeAcceptance_0.2_epitopeAcceptance_1.0,20,variant_ag,0,0,0.9659863945578231,0.9366666666666666,147,900
nonEpitopeAcceptance_0.2_epitopeAcceptance_1.0,20,variant_ag,1,1,0.270042194092827,0.20122417750573834,237,1307
nonEpitopeAcceptance_0.2_epitopeAcceptance_1.0,20,variant_ag,2-3,2,0.05186385737439222,0.04904632152588556,617,3303
nonEpitopeAcceptance_0.2_epitopeAcceptance_1.0,20,variant_ag,4-7,4,0.01957831325301205,0.01802040545912283,1328,7547
nonEpitopeAcceptance_0.2_epitopeAcceptance_1.0,20,variant_ag,8-15,8,0.0,0.00021437759039588395,2171,13994
nonEpitopeAcceptance_0.2_epitopeAcceptance_1.0,20,variant_ag,16-31,16,0.0,0.0,1307,9924
nonEpitopeAcceptance_0.2_epitopeAcceptance_1.0,20,variant_ag,32+,32,0.0,0.0,3,32
nonEpitopeAcceptance_0.2_epitopeAcceptance_1.0,20,variant_phylo,0,0,0.9795918367346939,0.9411111111111111,147,900
nonEpitopeAcceptance_0.2_epitopeAcceptance_1.0,20,variant_phylo,1,1,0.6497890295358649,0.3205814843152257,237,1307
nonEpitopeAcceptance_0.2_epitopeAcceptance_1.0,20,variant_phylo,2-3,2,0.07293354943273905,0.07205570693309113,617,3303
nonEpitopeAcceptance_0.2_epitopeAcceptance_1.0,20,variant_phylo,4-7,4,0.0037650602409638554,0.0015900357758049557,1328,7547
nonEpitopeAcceptance_0.2_epitopeAcceptance_1.0,20,variant_phylo,8-15,8,0.0,7.145919679862798e-05,2171,13994
nonEpitopeAcceptance_0.2_epitopeAcceptance_1.0,20,variant_phylo,16-31,16,0.0,0.0,1307,9924
nonEpitopeAcceptance_0.2_epitopeAcceptance_1.0,20,variant_phylo,32+,32,0.0,0.0,3,32
nonEpitopeAcceptance_0.2_epitopeAcceptance_1.0,20,variant_tsne,0,0,0.9863945578231292,0.97,147,900
nonEpitopeAcceptance_0.2_epitopeAcceptance_1.0,20,variant_tsne,1,1,0.4177215189873418,0.3435348125478194,237,1307
nonEpitopeAcceptance_0.2_epitopeAcceptance_1.0,20,variant_tsne,2-3,2,0.04700162074554295,0.04511050560096882,617,3303
nonEpitopeAcceptance_0.2_epitopeAcceptance_1.0,20,variant_tsne,4-7,4,0.002259036144578313,0.0009275208692195575,1328,7547
nonEpitopeAcceptance_0.2_epitopeAcceptance_1.0,20,variant_tsne,8-15,8,0.0,7.145919679862798e-05,2171,13994
nonEpitopeAcceptance_0.2_epitopeAcceptance_1.0,20,variant_tsne,16-31,16,0.0,0.0,1307,9924
nonEpitopeAcceptance_0.2_epitopeAcceptance_1.0,20,variant_tsne,32+,32,0.0,0.0,3,32
nonEpitopeAcceptance_0.2_epitopeAcceptance_1.0,22,variant_ag,0,0,0.9822222222222222,0.9279661016949152,225,1180
nonEpitopeAcceptance_0.2_epitopeAcceptance_1.0,22,variant_ag,1,1,0.22748815165876776,0.27618069815195073,211,974
nonEpitopeAcceptance_0.2_epitopeAcceptance_1.0,22,variant_ag,2-3,2,0.05615942028985507,0.07172457762193178,552,3137
nonEpitopeAcceptance_0.2_epitopeAcceptance_1.0,22,variant_ag,4-7,4,0.017686072218128224,0.018852065321805955,1357,8328
nonEpitopeAcceptance_0.2_epitopeAcceptance_1.0,22,variant_ag,8-15,8,0.0004095004095004095,0.00026131835108120466,2442,15307
nonEpitopeAcceptance_0.2_epitopeAcceptance_1.0,22,variant_ag,16-31,16,0.0,0.00036760200955765227,1053,8161
nonEpitopeAcceptance_0.2_epitopeAcceptance_1.0,22,variant_ag,32+,32,,,0,0
nonEpitopeAcceptance_0.2_epitopeAcceptance_1.0,22,variant_phylo,0,0,1.0,0.9703389830508474,225,1180
nonEpitopeAcceptance_0.2_epitopeAcceptance_1.0,22,variant_phylo,1,1,0.7298578199052133,0.5030800821355236,211,974
nonEpitopeAcceptance_0.2_epitopeAcceptance_1.0,22,variant_phylo,2-3,2,0.11775362318840579,0.11316544469238125,552,3137
nonEpitopeAcceptance_0.2_epitopeAcceptance_1.0,22,variant_phylo,4-7,4,0.08695652173913043,0.0957012487992315,1357,8328
nonEpitopeAcceptance_0.2_epitopeAcceptance_1.0,22,variant_phylo,8-15,8,0.0012285012285012285,0.0003266479388515058,2442,15307
nonEpitopeAcceptance_0.2_epitopeAcceptance_1.0,22,variant_phylo,16-31,16,0.0,0.00036760200955765227,1053,8161
nonEpitopeAcceptance_0.2_epitopeAcceptance_1.0,22,variant_phylo,32+,32,,,0,0
nonEpitopeAcceptance_0.2_epitopeAcceptance_1.0,22,variant_tsne,0,0,1.0,0.9593220338983051,225,1180
nonEpitopeAcceptance_0.2_epitopeAcceptance_1.0,22,variant_tsne,1,1,0.5165876777251185,0.41581108829568786,211,974
nonEpitopeAcceptance_0.2_epitopeAcceptance_1.0,22,variant_tsne,2-3,2,0.03804347826086957,0.036978004462862604,552,3137
nonEpitopeAcceptance_0.2_epitopeAcceptance_1.0,22,variant_tsne,4-7,4,0.0007369196757553427,0.0006003842459173872,1357,8328
nonEpitopeAcceptance_0.2_epitopeAcceptance_1.0,22,variant_tsne,8-15,8,0.001638001638001638,0.00039197752662180704,2442,15307
nonEpitopeAcceptance_0.2_epitopeAcceptance_1.0,22,variant_tsne,16-31,16,0.0,0.00036760200955765227,1053,8161
nonEpitopeAcceptance_0.2_epitopeAcceptance_1.0,22,variant_tsne,32+,32,,,0,0
nonEpitopeAcceptance_0.2_epitopeAcceptance_1.0,23,variant_ag,0,0,0.979381443298969,0.9531635168447001,194,1217
nonEpitopeAcceptance_0.2_epitopeAcceptance_1.0,23,variant_ag,1,1,0.273224043715847,0.3562447611064543,183,1193
nonEpitopeAcceptance_0.2_epitopeAcceptance_1.0,23,variant_ag,2-3,2,0.04085603112840467,0.03875,514,3200
nonEpitopeAcceptance_0.2_epitopeAcceptance_1.0,23,variant_ag,4-7,4,0.008507347254447023,0.008541008541008541,1293,8547
nonEpitopeAcceptance_0.2_epitopeAcceptance_1.0,23,variant_ag,8-15,8,0.0,0.0005790387955993051,2017,15543
nonEpitopeAcceptance_0.2_epitopeAcceptance_1.0,23,variant_ag,16-31,16,0.001184834123222749,0.00025936973155232785,844,7711
nonEpitopeAcceptance_0.2_epitopeAcceptance_1.0,23,variant_ag,32+,32,,,0,0
nonEpitopeAcceptance_0.2_epitopeAcceptance_1.0,23,variant_phylo,0,0,1.0,0.9663105998356615,194,1217
nonEpitopeAcceptance_0.2_epitopeAcceptance_1.0,23,variant_phylo,1,1,0.7213114754098361,0.40737636211232187,183,1193
nonEpitopeAcceptance_0.2_epitopeAcceptance_1.0,23,variant_phylo,2-3,2,0.22178988326848248,0.22375,514,3200
nonEpitopeAcceptance_0.2_epitopeAcceptance_1.0,23,variant_phylo,4-7,4,0.04949729311678268,0.05101205101205101,1293,8547
nonEpitopeAcceptance_0.2_epitopeAcceptance_1.0,23,variant_phylo,8-15,8,0.0,0.0001286752879109567,2017,15543
nonEpitopeAcceptance_0.2_epitopeAcceptance_1.0,23,variant_phylo,16-31,16,0.001184834123222749,0.0005187394631046557,844,7711
nonEpitopeAcceptance_0.2_epitopeAcceptance_1.0,23,variant_phylo,32+,32,,,0,0
nonEpitopeAcceptance_0.2_epitopeAcceptance_1.0,23,variant_tsne,0,0,0.9278350515463918,0.9186524239934265,194,1217
nonEpitopeAcceptance_0.2_epitopeAcceptance_1.0,23,variant_tsne,1,1,0.41530054644808745,0.3595976529756915,183,1193
nonEpitopeAcceptance_0.2_epitopeAcceptance_1.0,23,variant_tsne,2-3,2,0.027237354085603113,0.0325,514,3200
nonEpitopeAcceptance_0.2_epitopeAcceptance_1.0,23,variant_tsne,4-7,4,0.0,0.001872001872001872,1293,8547
nonEpitopeAcceptance_0.2_epitopeAcceptance_1.0,23,variant_tsne,8-15,8,0.0,6.433764395547835e-05,2017,15543
nonEpitopeAcceptance_0.2_epitopeAcceptance_1.0,23,variant_tsne,16-31,16,0.001184834123222749,0.0012968486577616392,844,7711
nonEpitopeAcceptance_0.2_epitopeAcceptance_1.0,23,variant_tsne,32+,32,,,0,0
nonEpitopeAcceptance_0.2_epitopeAcceptance_1.0,24,variant_ag,0,0,0.972972972972973,0.9273631840796019,185,1005
nonEpitopeAcceptance_0.2_epitopeAcceptance_1.0,24,variant_ag,1,1,0.21390374331550802,0.2132295719844358,187,1285
nonEpitopeAcceptance_0.2_epitopeAcceptance_1.0,24,variant_ag,2-3,2,0.04953560371517028,0.05345022624434389,646,3536
nonEpitopeAcceptance_0.2_epitopeAcceptance_1.0,24,variant_ag,4-7,4,0.009252120277563608,0.007655378227585312,1297,7707
nonEpitopeAcceptance_0.2_epitopeAcceptance_1.0,24,variant_ag,8-15,8,0.0008561643835616438,0.0018275569479798968,2336,15321
nonEpitopeAcceptance_0.2_epitopeAcceptance_1.0,24,variant_ag,16-31,16,0.0,0.0,1151,8427
nonEpitopeAcceptance_0.2_epitopeAcceptance_1.0,24,variant_ag,32+,32,,,0,0
nonEpitopeAcceptance_0.2_epitopeAcceptance_1.0,24,variant_phylo,0,0,0.9837837837837838,0.9492537313432836,185,1005
nonEpitopeAcceptance_0.2_epitopeAcceptance_1.0,24,variant_phylo,1,1,0.5614973262032086,0.28171206225680934,187,1285
nonEpitopeAcceptance_0.2_epitopeAcceptance_1.0,24,variant_phylo,2-3,2,0.0913312693498452,0.08851809954751132,646,3536
nonEpitopeAcceptance_0.2_epitopeAcceptance_1.0,24,variant_phylo,4-7,4,0.0030840400925212026,0.0027247956403269754,1297,7707
nonEpitopeAcceptance_0.2_epitopeAcceptance_1.0,24,variant_phylo,8-15,8,0.0,0.00013053978199856407,2336,15321
nonEpitopeAcceptance_0.2_epitopeAcceptance_1.0,24,variant_phylo,16-31,16,0.0,0.0,1151,8427
nonEpitopeAcceptance_0.2_epitopeAcceptance_1.0,24,variant_phylo,32+,32,,,0,0
nonEpitopeAcceptance_0.2_epitopeAcceptance_1.0,24,variant_tsne,0,0,0.9783783783783784,0.9243781094527364,185,1005
nonEpitopeAcceptance_0.2_epitopeAcceptance_1.0,24,variant_tsne,1,1,0.3850267379679144,0.31361867704280155,187,1285
nonEpitopeAcceptance_0.2_epitopeAcceptance_1.0,24,variant_tsne,2-3,2,0.05108359133126935,0.05231900452488688,646,3536
nonEpitopeAcceptance_0.2_epitopeAcceptance_1.0,24,variant_tsne,4-7,4,0.002313030069390902,0.0009082652134423251,1297,7707
nonEpitopeAcceptance_0.2_epitopeAcceptance_1.0,24,variant_tsne,8-15,8,0.0,0.00013053978199856407,2336,15321
nonEpitopeAcceptance_0.2_epitopeAcceptance_1.0,24,variant_tsne,16-31,16,0.0,0.0,1151,8427
nonEpitopeAcceptance_0.2_epitopeAcceptance_1.0,24,variant_tsne,32+,32,,,0,0
nonEpitopeAcceptance_0.2_epitopeAcceptance_1.0,25,variant_ag,0,0,0.9516129032258065,0.956953642384106,186,906
nonEpitopeAcceptance_0.2_epitopeAcceptance_1.0,25,variant_ag,1,1,0.25833333333333336,0.2839285714285714,240,1120
nonEpitopeAcceptance_0.2_epitopeAcceptance_1.0,25,variant_ag,2-3,2,0.07241379310344828,0.07660311958405545,580,2885
nonEpitopeAcceptance_0.2_epitopeAcceptance_1.0,25,variant_ag,4-7,4,0.01588502269288956,0.011492559304552822,1322,6787
nonEpitopeAcceptance_0.2_epitopeAcceptance_1.0,25,variant_ag,8-15,8,0.0004042037186742118,0.0001413727292005372,2474,14147
nonEpitopeAcceptance_0.2_epitopeAcceptance_1.0,25,variant_ag,16-31,16,0.0,0.0,1556,10924
nonEpitopeAcceptance_0.2_epitopeAcceptance_1.0,25,variant_ag,32+,32,,0.0,0,5
nonEpitopeAcceptance_0.2_epitopeAcceptance_1.0,25,variant_phylo,0,0,0.9946236559139785,0.9481236203090507,186,906
nonEpitopeAcceptance_0.2_epitopeAcceptance_1.0,25,variant_phylo,1,1,0.7208333333333333,0.45089285714285715,240,1120
nonEpitopeAcceptance_0.2_epitopeAcceptance_1.0,25,variant_phylo,2-3,2,0.18448275862068966,0.16707105719237436,580,2885
nonEpitopeAcceptance_0.2_epitopeAcceptance_1.0,25,variant_phylo,4-7,4,0.036308623298033284,0.03904523353469869,1322,6787
nonEpitopeAcceptance_0.2_epitopeAcceptance_1.0,25,variant_phylo,8-15,8,0.0,0.00021205909380080584,2474,14147
nonEpitopeAcceptance_0.2_epitopeAcceptance_1.0,25,variant_phylo,16-31,16,0.0,0.0,1556,10924
nonEpitopeAcceptance_0.2_epitopeAcceptance_1.0,25,variant_phylo,32+,32,,0.0,0,5
nonEpitopeAcceptance_0.2_epitopeAcceptance_1.0,25,variant_tsne,0,0,0.9838709677419355,0.9514348785871964,186,906
nonEpitopeAcceptance_0.2_epitopeAcceptance_1.0,25,variant_tsne,1,1,0.5458333333333333,0.3991071428571429,240,1120
nonEpitopeAcceptance_0.2_epitopeAcceptance_1.0,25,variant_tsne,2-3,2,0.04482758620689655,0.053726169844020795,580,2885
nonEpitopeAcceptance_0.2_epitopeAcceptance_1.0,25,variant_tsne,4-7,4,0.0030257186081694403,0.0016207455429497568,1322,6787
nonEpitopeAcceptance_0.2_epitopeAcceptance_1.0,25,variant_tsne,8-15,8,0.0,0.0,2474,14147
nonEpitopeAcceptance_0.2_epitopeAcceptance_1.0,25,variant_tsne,16-31,16,0.0,0.0,1556,10924
nonEpitopeAcceptance_0.2_epitopeAcceptance_1.0,25,variant_tsne,32+,32,,0.0,0,5
nonEpitopeAcceptance_0.2_epitopeAcceptance_1.0,26,variant_ag,0,0,0.9854014598540146,0.9412416851441242,137,902
nonEpitopeAcceptance_0.2_epitopeAcceptance_1.0,26,variant_ag,1,1,0.3116883116883117,0.3271704180064309,231,1244
nonEpitopeAcceptance_0.2_epitopeAcceptance_1.0,26,variant_ag,2-3,2,0.06518282988871224,0.059134107708553325,629,3788
nonEpitopeAcceptance_0.2_epitopeAcceptance_1.0,26,variant_ag,4-7,4,0.009732360097323601,0.008315412186379928,1233,6975
nonEpitopeAcceptance_0.2_epitopeAcceptance_1.0,26,variant_ag,8-15,8,0.0,7.416196974191635e-05,2148,13484
nonEpitopeAcceptance_0.2_epitopeAcceptance_1.0,26,variant_ag,16-31,16,0.0006765899864682003,0.0002817695125387433,1478,10647
nonEpitopeAcceptance_0.2_epitopeAcceptance_1.0,26,variant_ag,32+,32,,,0,0
nonEpitopeAcceptance_0.2_epitopeAcceptance_1.0,26,variant_phylo,0,0,0.9927007299270073,0.9467849223946785,137,902
nonEpitopeAcceptance_0.2_epitopeAcceptance_1.0,26,variant_phylo,1,1,0.7272727272727273,0.5217041800643086,231,1244
nonEpitopeAcceptance_0.2_epitopeAcceptance_1.0,26,variant_phylo,2-3,2,0.13513513513513514,0.12539598732840548,629,3788
nonEpitopeAcceptance_0.2_epitopeAcceptance_1.0,26,variant_phylo,4-7,4,0.021897810218978103,0.027383512544802868,1233,6975
nonEpitopeAcceptance_0.2_epitopeAcceptance_1.0,26,variant_phylo,8-15,8,0.0004655493482309125,0.00022248590922574905,2148,13484
nonEpitopeAcceptance_0.2_epitopeAcceptance_1.0,26,variant_phylo,16-31,16,0.0006765899864682003,0.0002817695125387433,1478,10647
nonEpitopeAcceptance_0.2_epitopeAcceptance_1.0,26,variant_phylo,32+,32,,,0,0
nonEpitopeAcceptance_0.2_epitopeAcceptance_1.0,26,variant_tsne,0,0,0.9708029197080292,0.9478935698447893,137,902
nonEpitopeAcceptance_0.2_epitopeAcceptance_1.0,26,variant_tsne,1,1,0.4588744588744589,0.35932475884244375,231,1244
nonEpitopeAcceptance_0.2_epitopeAcceptance_1.0,26,variant_tsne,2-3,2,0.04133545310015898,0.03907074973600845,629,3788
nonEpitopeAcceptance_0.2_epitopeAcceptance_1.0,26,variant_tsne,4-7,4,0.0024330900243309003,0.0044444444444444444,1233,6975
nonEpitopeAcceptance_0.2_epitopeAcceptance_1.0,26,variant_tsne,8-15,8,0.0,0.0001483239394838327,2148,13484
nonEpitopeAcceptance_0.2_epitopeAcceptance_1.0,26,variant_tsne,16-31,16,0.0006765899864682003,9.392317084624777e-05,1478,10647
nonEpitopeAcceptance_0.2_epitopeAcceptance_1.0,26,variant_tsne,32+,32,,,0,0
nonEpitopeAcceptance_0.2_epitopeAcceptance_1.0,29,variant_ag,0,0,0.9642857142857143,0.9613636363636363,140,880
nonEpitopeAcceptance_0.2_epitopeAcceptance_1.0,29,variant_ag,1,1,0.23868312757201646,0.22635408245755861,243,1237
nonEpitopeAcceptance_0.2_epitopeAcceptance_1.0,29,variant_ag,2-3,2,0.08347529812606473,0.06443148688046647,587,3430
nonEpitopeAcceptance_0.2_epitopeAcceptance_1.0,29,variant_ag,4-7,4,0.00646551724137931,0.004,1392,8000
nonEpitopeAcceptance_0.2_epitopeAcceptance_1.0,29,variant_ag,8-15,8,0.0,0.00013136288998357964,2190,15225
nonEpitopeAcceptance_0.2_epitopeAcceptance_1.0,29,variant_ag,16-31,16,0.0011074197120708748,0.0001222344456667889,903,8181
nonEpitopeAcceptance_0.2_epitopeAcceptance_1.0,29,variant_ag,32+,32,,,0,0
nonEpitopeAcceptance_0.2_epitopeAcceptance_1.0,29,variant_phylo,0,0,0.9857142857142858,0.9625,140,880
nonEpitopeAcceptance_0.2_epitopeAcceptance_1.0,29,variant_phylo,1,1,0.7078189300411523,0.43654001616814875,243,1237
nonEpitopeAcceptance_0.2_epitopeAcceptance_1.0,29,variant_phylo,2-3,2,0.2879045996592845,0.30379008746355685,587,3430
nonEpitopeAcceptance_0.2_epitopeAcceptance_1.0,29,variant_phylo,4-7,4,0.041666666666666664,0.03575,1392,8000
nonEpitopeAcceptance_0.2_epitopeAcceptance_1.0,29,variant_phylo,8-15,8,0.0,6.568144499178982e-05,2190,15225
nonEpitopeAcceptance_0.2_epitopeAcceptance_1.0,29,variant_phylo,16-31,16,0.0011074197120708748,0.0002444688913335778,903,8181
nonEpitopeAcceptance_0.2_epitopeAcceptance_1.0,29,variant_phylo,32+,32,,,0,0
nonEpitopeAcceptance_0.2_epitopeAcceptance_1.0,29,variant_tsne,0,0,0.9571428571428572,0.9636363636363636,140,880
nonEpitopeAcceptance_0.2_epitopeAcceptance_1.0,29,variant_tsne,1,1,0.4074074074074074,0.2974939369442199,243,1237
nonEpitopeAcceptance_0.2_epitopeAcceptance_1.0,29,variant_tsne,2-3,2,0.07836456558773425,0.05714285714285714,587,3430
nonEpitopeAcceptance_0.2_epitopeAcceptance_1.0,29,variant_tsne,4-7,4,0.0007183908045977011,0.000875,1392,8000
nonEpitopeAcceptance_0.2_epitopeAcceptance_1.0,29,variant_tsne,8-15,8,0.0,0.00019704433497536947,2190,15225
nonEpitopeAcceptance_0.2_epitopeAcceptance_1.0,29,variant_tsne,16-31,16,0.0011074197120708748,0.0013445789023346778,903,8181
nonEpitopeAcceptance_0.2_epitopeAcceptance_1.0,29,variant_tsne,32+,32,,,0,0
