variant	pivot_date	model	location	mae	mse	normalized_mae	max_r_data	correlation	r2	n_points	total_sequences	total_smoothed_sequences	mean_variant_frequency	mean_smoothed_variant_frequency	max_variant_frequency	max_smoothed_variant_frequency	converged
0	2025-04-01	FGA	north	0.19144863057655614	0.03879999205646609	3.5547636848693673	0.05385692202028659	-0.7209079949870394	-41.869300337767115	11	3573.0	3573.055321452788	0.8291641673255513	0.8287894832232471	0.9343434343434344	0.9338422672494322	False
1	2025-04-01	FGA	north	0.3558674741233214	0.13007260580130112	3.9830294045148826	0.08934593194816363	-0.6978746904104407	-74.25849538726847	11	510.0	510.0773454337293	0.14222321240035993	0.1428173684045546	0.25	0.2331417463089042	False
2	2025-04-01	FGA	north	0.06831952691534958	0.006162942228514201	0.9672949837217416	0.0706294647083612	-0.543614349521716	-4.29484250858874	7	92.0	91.54348242180323	0.028789281965348103	0.02785656456712537	0.0410958904109589	0.03596323947976635	False
0	2025-10-01	FGA	north	0.08647516072910694	0.009373015363820068	1.1879877739548748	0.07279128845007092	-0.8593682835248002	-6.699912765357255	15	3687.0	3687.0272532090016	0.7918454153758155	0.7818093485154533	0.9343434343434344	0.9248991460299045	False
1	2025-10-01	FGA	north	0.27550719345684566	0.07827805606932646	3.4388321611061015	0.08011649901757016	-0.9828118680205398	-56.32133623712558	13	539.0	539.0246429884172	0.16090722614073225	0.15502299451266907	0.29545454545454547	0.27251744798778715	False
2	2025-10-01	FGA	north	0.128855197314564	0.01717328245775158	2.082730510634919	0.06186839663441747	-0.9999103543121292	-35.91850391606868	3	36.0	36.08867828839517	0.033035315960741087	0.023606183746159897	0.0410958904109589	0.03224061262983023	False
3	2028-04-01	FGA	north	0.013723492474888091	0.0002298481140538117	0.3880193653278364	0.03536806072370423	0.9658486238919993	0.27975126644414816	5	61.0	60.93972471592949	0.3111206896551724	0.3015149531556342	0.36666666666666664	0.3234474661187964	True
4	2028-04-01	FGA	north	0.007883617697371895	7.806603656749128e-05	0.19904439925247897	0.03960733246943501	0.5207336429428837	-1.5040393211722973	9	229.0	228.94594372566894	0.6978720978518139	0.6939161476590555	0.8076923076923077	0.8094850829757929	True
3	2028-10-01	FGA	north	0.004003301729347903	3.0385951820147728e-05	0.29578239383664884	0.013534618059649617	0.8656300487792387	0.4973443174933576	7	85.0	84.90028322421816	0.27204591385625865	0.2125044577036382	0.36666666666666664	0.25858700053272726	True
4	2028-10-01	FGA	north	0.04349092242847907	0.004191591869116399	0.9098154332125672	0.04780191766467645	-0.5603738038849522	-5.951933762499138	24	660.0	660.1196186580372	0.6586389711872931	0.656278009317477	0.8076923076923077	0.7546974101734988	True
5	2028-10-01	FGA	north	0.07832175770832604	0.00794599404982463	3.0222998755714294	0.025914621623546758	-0.5599725814396619	-34.72637899310063	5	72.0	71.49839906448148	0.6345317725752508	0.5462219299085695	0.9130434782608695	0.900239740794446	True
3	2029-04-01	FGA	north	0.1264441406568099	0.01603177879815105	20.420869856398884	0.00619190766828126	-1.0	-7209.6719473708845	2	24.0	23.914653673490918	0.17435897435897435	0.16479882263038945	0.2153846153846154	0.16571772346276006	False
4	2029-04-01	FGA	north	0.17548772464312423	0.03150415484263126	5.586879250052574	0.03141068864902939	-0.6396571033002941	-458.5091527619736	13	342.0	342.003265251983	0.6141933375856171	0.5980790186027419	0.7866666666666666	0.7736646178724914	False
5	2029-04-01	FGA	north	0.04381744099856488	0.004000206024760285	0.5078691392897247	0.0862770300629909	0.10249098127486223	-1.5385756212522539	30	5050.0	5049.845915880433	0.9339434560724025	0.9130415953017007	1.0	0.9983906149524048	False
5	2029-10-01	FGA	north	0.08446120027713672	0.00854028811999679	0.9813220992421535	0.08606878449223108	0.538422415529566	-4.0573409289200715	25	4946.0	4946.060336377774	0.977192864296799	0.9629615518175296	1.0	1.0	False
7	2031-04-01	FGA	north	0.003924380001742027	1.9832892546876498e-05	0.07114009516155169	0.05516410953387358	0.9951266052380603	0.9866396555781416	25	5310.0	5309.972176594362	0.9996856544989537	0.9950466383605954	1.0	0.9999645277152828	True
7	2031-10-01	FGA	north	0.11047668420498262	0.015199439458719839	1.7236018481429323	0.06409640621122215	-0.7424254997837538	-7.0888335312156805	26	5329.0	5329.115858030296	0.9996977447105325	0.9996520010145284	1.0	0.9999768488024414	False
9	2033-04-01	FGA	north	0.027021861372001955	0.0013083878595881442	0.18232160328525956	0.14820987137615102	0.9738060938320948	0.589021025358196	16	458.0	458.0059004966346	0.18589004771502832	0.23900384834383898	0.6153846153846154	0.5179902260822343	True
10	2033-04-01	FGA	north	0.017011177681829963	0.00033203188251651824	0.23302155603631647	0.07300259242616493	0.990026499673577	0.8901538174428194	20	6434.0	6433.993300760993	0.90334850586986	0.857625782511359	1.0	0.9996362744307381	True
9	2033-10-01	FGA	north	0.20167098324013008	0.04272769490310914	1.7392909397860585	0.1159501142833163	-0.4642146416155992	-21.834748200787914	14	427.0	427.00519980735646	0.20820155352542472	0.21094156283637422	0.6153846153846154	0.5433344407108925	False
10	2033-10-01	FGA	north	0.30579501218771465	0.09509791901670878	3.9993705831540436	0.07646078447337931	0.7481715655311033	-26.548949049263605	22	6466.0	6465.831519032649	0.9121350053362364	0.902169280301509	1.0	0.9999521920575339	False
13	2035-04-01	FGA	north	0.009082933041216872	0.000123024269479767	0.553019384462321	0.0164242579851841	0.994304429662862	-1.1330595560904007	4	64.0	63.04601231802776	0.5384963571837876	0.42915926747653577	0.6551724137931034	0.49664832441264606	False
14	2035-04-01	FGA	north	0.012843981142771098	0.0001784665942035835	0.34633586834899954	0.03708533339038489	0.9500306666946567	-7.895276304210983	4	86.0	85.38560870508661	0.6229545454545454	0.5588212492597637	0.696969696969697	0.6581481482093762	False
13	2035-10-01	FGA	north	0.0015092128820996357	3.1452926803571056e-06	0.09522770333292346	0.015848464567325644	0.9888234054689067	0.9718018666859739	6	89.0	88.99672873999863	0.4570965009501368	0.3635392054088494	0.6551724137931034	0.4814021709726261	True
14	2035-10-01	FGA	north	0.0016081808558957458	3.7179428298386095e-06	0.0478745552885957	0.03359155706410988	0.9955794581023412	0.9845940037696708	26	550.0	549.5379195487445	0.8532655405509357	0.8288794833218558	1.0	0.9812569147002588	True
13	2036-04-01	FGA	north	0.1294327386498222	0.016752833834393174	14.001687538949692	0.00924408135017783			1	12.0	11.99972468133358	0.27906976744186046	0.19351953809000144	0.27906976744186046	0.19351953809000144	False
14	2036-04-01	FGA	north	0.1993221834757073	0.04524334212099306	5.262201761928235	0.037878095993542714	0.34036442942923717	-111.6846204822738	45	3628.0	3627.957386844892	0.9464404216907951	0.9451993800385423	1.0	0.9914896154434534	False
14	2036-10-01	FGA	north	0.19489294850221633	0.03908476758637984	3.6189766498519442	0.053853054981769385	-0.024162692941792203	-38.53087836053481	29	3364.0	3363.8014758499658	0.9768228737989352	0.9594100355012491	1.0	1.0	False
16	2041-04-01	FGA	north	0.17800493664871547	0.031711473212672855	6.915912211402489	0.025738460987869822	0.9512857610834144	-226.92652262765807	7	133.0	132.93619216373148	0.050079387581719134	0.03989482723749773	0.09401709401709402	0.07907885934663647	False
17	2041-04-01	FGA	north	0.16247331271573015	0.028674350775756245	2.5122402266476236	0.06467268177316678	0.026692904392197944	-11.666771793755808	25	5588.0	5588.045169496536	0.9301776331452258	0.921642765169902	1.0	0.9676292174132312	False
16	2041-10-01	FGA	north	0.17904795144301996	0.03249140255981358	5.113468090562487	0.03501497384396985	-0.7196936828431068	-96.51990162155056	7	133.0	132.8869139470326	0.050079387581719134	0.04766549271234743	0.09401709401709402	0.08573390582293618	False
17	2041-10-01	FGA	north	0.2027719361194704	0.042870587245587094	3.005091991666469	0.06747611609953529	0.7066635640358441	-17.08166274284919	26	5601.0	5600.99385792426	0.933206515386893	0.9382580069120207	1.0	0.9805419121210488	False
19	2044-04-01	FGA	north	0.0016482464817538557	4.119230545878314e-06	0.05840716389855786	0.028219936934731953	0.9839155736994029	0.9549032640314407	14	502.0	502.00138429474987	0.9530757901818907	0.9630565358463528	1.0	1.0	True
19	2044-10-01	FGA	north	0.015006348495908248	0.0003616361565602976	0.40002352017189513	0.037513665420122876	0.8214891205423707	0.2374485879207876	23	729.0	729.1214876596744	0.9575634472255053	0.9583725014154889	1.0	0.9805152867674825	True
19	2045-04-01	FGA	north	0.2454617790518577	0.07006818432850463	6.669130357977893	0.03680566518814946	-0.9128112283226351	-395.91512671962613	7	133.0	132.47564992416898	0.8586141636141637	0.8306734594503441	1.0	0.9526603953440248	False
20	2045-04-01	FGA	north	0.1800762732382864	0.03260286212723169	3.7036058254780904	0.04862187871060516	-0.9450510549755226	-439.5802928384127	10	503.0	502.9729938355724	0.8484326939638157	0.8482900218775903	0.94	0.9780040447795446	False
19	2045-10-01	FGA	north	0.007802007370385562	6.257425822765623e-05	0.4779344003604843	0.016324431479510286	0.9999733086239915	0.4620462356140004	3	35.0	34.91337044094398	0.1399038580056699	0.08139784729520327	0.24	0.12193537064224523	True
20	2045-10-01	FGA	north	0.00432541174588522	2.9775929593283547e-05	0.09107649835364356	0.047492073411627596	0.9946138025625065	0.9637844532241512	30	1804.0	1804.282278644699	0.9370437615387054	0.9376857261453249	1.0	0.9908355285686002	True
20	2046-04-01	FGA	north	0.06921494219796322	0.007363611441905754	2.168588232581067	0.031917051452217446	-0.7234466488354525	-15.004978399787529	42	2580.0	2580.1883754125856	0.8938103299059337	0.8921017073906305	1.0	0.9981450892207846	False
21	2046-04-01	FGA	north	0.12723245805992797	0.016588643226434708	2.915152584897235	0.04364521387974385	-0.268844874492144	-49.12510320055667	13	456.0	456.01859391671627	0.24488332943839322	0.2465588638915302	0.40789473684210525	0.3733875734506493	False
20	2046-10-01	FGA	north	0.08942617760705969	0.008931466333604083	2.1156873529878086	0.04226814395840225	-0.4051359271753843	-14.208791787123596	30	1862.0	1862.2148655411177	0.7796579728452433	0.7722137804804141	1.0	0.9762773871147574	False
21	2046-10-01	FGA	north	0.23530720807668662	0.056036218608963885	4.769425625767854	0.04933659239917455	0.8711000087730116	-64.05531592790105	19	581.0	580.9086156299851	0.2874926966779423	0.3050011686599591	0.4827586206896552	0.41625357172224436	False
20	2047-04-01	FGA	north	0.3216094418782385	0.10345134518595334	6.167328437903425	0.052147286319580086	0.5902985749873401	-4491.000333843237	4	105.0	104.76146063367946	0.5673179893569699	0.5546349806197883	0.6153846153846154	0.6125554568331649	False
21	2047-04-01	FGA	north	0.11858493958737953	0.014063292252771836	3.9890345344442926	0.029727729495302415	0.9940241388628075	-5084.068577050262	4	73.0	72.83562096018908	0.412013910627104	0.38918537368791084	0.4827586206896552	0.43749425573291784	False
22	2048-04-01	FGA	north	0.028597510619489567	0.0013337292890303802	0.46706952512717104	0.06122752412866842	0.9336185700144518	-0.5069420684415609	4	56.0	56.031069139037676	0.24105741028295374	0.18731863236824436	0.3	0.29086466919581155	True
23	2048-04-01	FGA	north	0.001907970847670585	6.3512623766724006e-06	0.04371227313050925	0.04364840149067665	0.9933092878815211	0.9505962605187888	12	329.0	329.1013058484669	0.6870515302585929	0.669868077242589	0.9117647058823529	0.8007337976129305	True
22	2048-10-01	FGA	north	0.2305105348976638	0.05314175895160542	9.475622344044226	0.02432669079963366	0.985911847457984	-419.84152330447586	8	122.0	122.15189325424004	0.2739319547391883	0.24982620077654832	0.3333333333333333	0.26032514430757075	False
23	2048-10-01	FGA	north	0.1776832303036759	0.03160445394986801	4.421590246375473	0.040185367798232514	0.9759827051751029	-55.95552499789449	21	563.0	562.9590283583316	0.6596712244174414	0.6656752688057344	0.9117647058823529	0.718767420862339	False
22	2049-04-01	FGA	north	0.07433147802148413	0.008259269224290324	2.6136136761077666	0.028440116724587888	0.9818099264076422	-52.70571694616301	3	39.0	38.962645135694835	0.20885103964496687	0.17856857721391986	0.3137254901960784	0.2629247207734779	False
23	2049-04-01	FGA	north	0.2959392682648343	0.08766274712514706	9.843953553129277	0.0300630500405763	0.10978773289451839	-1048.5704408778797	8	176.0	175.97978494854087	0.6503385148617404	0.663601655764348	0.782608695652174	0.7019769791305682	False
24	2049-04-01	FGA	north	0.039314383617594824	0.002394946181070947	0.5230444476505819	0.0751645176508186	-0.5506774168505425	-2.5004898183967463	13	2134.0	2133.9515147362245	0.8850664180315058	0.8787350352763514	0.96996996996997	0.9587425298666629	False
24	2049-10-01	FGA	north	0.1859043319420305	0.03530109649200699	2.9816755549936156	0.06234894726580288	0.9948790364920252	-18.085414600421384	25	3153.0	3152.9605976118687	0.9223673282280045	0.9159835029186822	1.0	0.9659574432723425	False
24	2050-04-01	FGA	north	0.0059376557527546425	4.56644126019221e-05	0.11212219558254048	0.05295700571956376	0.9722827775962581	-0.015277906442400457	10	564.0	564.0883621293012	0.9678915414585296	0.9611511640353794	1.0	0.965930340532772	True
25	2052-04-01	FGA	north	0.1723731294030525	0.030336427929929303	4.453757451594648	0.03870285512322523	0.47086040412860236	-68.7139290968224	25	1478.0	1477.9117084774384	0.9731634741707116	0.9762479712770107	1.0	1.0	False
25	2052-10-01	FGA	north	0.20612612648015838	0.04322309565205526	4.5117775348855975	0.04568623450211514	0.7105337809701074	-45.18870486324696	29	1895.0	1895.0393172071635	0.9543989367716152	0.9561413164012827	1.0	0.9760217032009117	False
25	2053-04-01	FGA	north	0.2585069944825654	0.06688625474959857	5.655786331579358	0.04570664083244783	-0.7889270092769289	-1837.1169320757351	9	345.0	345.03389060844813	0.9425668108130907	0.9436727882815268	1.0	0.9673039798872337	False
26	2053-04-01	FGA	north	0.10791256833823895	0.013803502877196137	2.853775628080361	0.037813963815658526	0.945876085886007	-43.89325807110064	17	1120.0	1119.9350068887336	0.80015345282005	0.7842737581310198	0.95	0.8020518119844776	False
28	2053-04-01	FGA	north	0.18656657642991872	0.03515112774345489	4.635000275823977	0.04025168615480875	-0.872186535585818	-217.8938665198743	9	230.0	229.99003897694212	0.19258123802480306	0.19250718382566834	0.25757575757575757	0.25035865996301987	False
26	2053-10-01	FGA	north	0.16415493866471983	0.027092387742667465	3.5657384240797647	0.04603673044443367	0.9896609024074763	-27.859860252366797	26	1516.0	1515.7923668797107	0.7554024468156696	0.7470847251845444	0.95	0.8471850100105397	False
28	2053-10-01	FGA	north	0.18442516315797025	0.03411147454389399	4.080524753847294	0.04519643288135582	0.9982573230137929	-54.576373057607974	16	372.0	371.9982293606208	0.2347794185007719	0.23912151956859862	0.375	0.38002433395840907	False
26	2054-04-01	FGA	north	0.2292189824652939	0.052570776672998205	5.240588616755082	0.0437391673394169	-0.014002097074364707	-1797.722029398987	7	225.0	225.15331430861548	0.6613114786144342	0.6671699121120288	0.8051948051948052	0.7426629282092058	False
28	2054-04-01	FGA	north	0.18629415694233065	0.037282983438294545	5.426102595102172	0.03433295881845057	-0.7329737130842882	-115.01272789003093	14	229.0	228.91246579182578	0.46980420863650724	0.4701698158964365	0.7142857142857143	0.6684424153079109	False
29	2054-04-01	FGA	north	0.03152502219553251	0.0011790528296882403	0.9083693422322929	0.034705070646770864	-0.9923979704388346	-21.51091935989131	6	100.0	99.73994302251046	0.4486141482562142	0.4459210670475103	0.5897435897435898	0.5503218538661658	False
28	2054-10-01	FGA	north	0.0032801190593351693	1.5179244406336842e-05	0.14326708659175127	0.022895133399913954	0.9908160156496592	0.916625558482283	14	235.0	234.63145154403824	0.5306407881307222	0.5192521401167355	0.6666666666666666	0.620793046641616	True
29	2054-10-01	FGA	north	0.0034634504830638718	1.5252423024179966e-05	0.0978885458648217	0.0353815704632766	0.9981304418055281	0.9496574824392237	12	200.0	199.90973827661654	0.48753320517033005	0.48026474161825305	0.5925925925925926	0.5130156046222444	True
0	2025-10-01	FGA	south	0.19292096048106355	0.038138398025749434	3.352783886301999	0.05754052960861981	-0.18555880291593213	-59.837267673237754	23	743.0	742.8797710816277	0.5032145593243332	0.48442026609345257	1.0	0.9968548269280403	False
1	2025-10-01	FGA	south	0.1094063660702297	0.012700329977703019	2.481852834865524	0.044082535649684375	0.9682462571831841	-27.808674607679826	16	1496.0	1495.9989732920208	0.5996383445637302	0.581301289772052	0.7445652173913043	0.7795966991601011	False
2	2025-10-01	FGA	south	0.20732194178872568	0.04343861274510962	5.751980343484613	0.036043576196077155	-0.7357002587541912	-148.88440011177042	10	170.0	170.07859677097377	0.08626038054455556	0.08615747123867103	0.10328638497652583	0.10644143906439603	False
0	2026-04-01	FGA	south	0.03148873662917915	0.0012790032922575848	0.659314238388898	0.047759831042213055	0.7571589088022129	-1.069155265502927	22	729.0	728.76732514615	0.4036939070459976	0.3845239403840001	0.9	0.784413585407523	True
1	2026-04-01	FGA	south	0.02894354865757423	0.0012218619254868285	0.5627557466462428	0.05143181358886879	0.8231061404746405	-0.021435038621106628	24	1850.0	1849.953026703291	0.662846482709667	0.6419032706862634	0.8888888888888888	0.7665219407747901	True
2	2026-04-01	FGA	south	0.03966152247420141	0.0018962194260990419	0.9371948894747075	0.04231939687211853	0.726363772167399	-3.3815356183044942	11	186.0	185.9423720100603	0.09024410056896034	0.10128398383698743	0.13008130081300814	0.13252634139214362	True
1	2026-10-01	FGA	south	0.0061139628509226975	3.914506487613102e-05	0.12360577767486756	0.049463406694506266	0.9956254005554208	0.17769724081916916	6	192.0	191.95608163335572	0.7941501771268079	0.8085262670274527	0.8888888888888888	0.8413143686333263	True
3	2028-10-01	FGA	south	0.14349614858654686	0.02184917922507481	1.85950012423227	0.07716920623804313	0.8309774735403864	-11.612985180230508	5	59.0	58.8441598978423	0.040889080322971214	0.04253780963893568	0.07006369426751592	0.06941461642823853	False
4	2028-10-01	FGA	south	0.12185515363574373	0.016855055166383897	1.2851253652532497	0.09481966268071496	0.8179943608887439	-8.140909599139885	18	1200.0	1200.0176904371988	0.34478745436114333	0.3473540949145113	0.6818181818181818	0.6437797737265648	False
5	2028-10-01	FGA	south	0.21295783500767257	0.04750410962307748	1.7233557521849252	0.12357160425969964	-0.26692253388371956	-22.580608274565385	15	3760.0	3760.0046065934284	0.6774796769898208	0.6654995704527674	0.8829268292682927	0.8632210290254654	False
3	2029-04-01	FGA	south	0.034458178134798	0.001352689625424462	0.3377859783651844	0.1020118665125432	0.8732961062946175	0.1048590116424919	8	102.0	101.9619002172704	0.03538350431450457	0.056729503235116455	0.07006369426751592	0.06895950017186316	True
4	2029-04-01	FGA	south	0.015614513910644667	0.0005212782635657138	0.16312745729088513	0.0957197161652635	0.8595746174517528	0.691133462129734	20	1229.0	1228.91450174177	0.3501488915734308	0.36252601150539754	0.6818181818181818	0.7258207078459539	True
5	2029-04-01	FGA	south	0.024149494994500205	0.0009702031162275623	0.20162210444551623	0.11977602882835724	0.844175580347488	0.677749949547499	21	4118.0	4117.9644647935365	0.7401172296646583	0.7121073582083433	0.9545454545454546	0.9354640104577461	True
5	2029-10-01	FGA	south	0.023343754933294797	0.0007136025274302441	0.36801790491502895	0.06343103045131622	-0.49859466263163144	-0.011179472842144378	4	140.0	139.5852442183756	0.9038677043996193	0.8956791634981871	0.9545454545454546	0.9096045404112664	True
7	2030-10-01	FGA	south	0.02803060349026698	0.0015691912691079733	0.40667073698991585	0.06892702361065643	-0.9380196579738481	-1.8811300489517793	13	2726.0	2725.825086182691	0.964956778981573	0.9665298270479169	0.9975186104218362	1.0	False
7	2031-04-01	FGA	south	0.005808913845488324	4.98480019072776e-05	0.08533455805743345	0.06807223213810636	0.9904825399852902	0.977988638937982	24	4064.0	4063.7996700902154	0.9799284605009745	0.9819939826279455	1.0	1.0	True
7	2031-10-01	FGA	south	0.2765567257210149	0.07676239892608946	4.6756145872920705	0.05914874302785199	-0.9942791092058524	-1538.521140938399	8	498.0	497.8386750576666	0.9981222003714629	0.9981413760480519	1.0	0.999258546829259	False
8	2032-10-01	FGA	south	0.24209126125718447	0.05860988273549567	3.7619318565979207	0.06435290975103365	0.9994429293268668	-54.824246598297165	7	93.0	92.93867356726187	0.02816017272839067	0.029856001251620554	0.04892966360856269	0.051938536266229116	False
9	2032-10-01	FGA	south	0.21122374870140082	0.05159975396026916	3.548847686271891	0.059518967105430774	0.9608653986500744	-28.618160359573157	21	5187.0	5186.979780171092	0.9516074699142685	0.9541587530836091	1.0	0.9928915142895803	False
8	2033-04-01	FGA	south	0.0672359938695636	0.005118626938821349	1.6435760002357471	0.04090835705797576	-0.5898401266966729	-8.002834117184149	6	80.0	79.97009536389157	0.028458673456956126	0.026305046013558698	0.04892966360856269	0.04180493383930463	False
9	2033-04-01	FGA	south	0.22158343506822578	0.05171088881294877	3.1738507943017713	0.06981532826497373	-0.11322329283638724	-20.07594144053997	26	5308.0	5307.9809754856815	0.9602144250006853	0.9584865163598951	1.0	1.0	False
11	2034-10-01	FGA	south	0.04577055265666099	0.0040323140824120906	0.7454411372645319	0.06140062624477695	0.7322130699056695	-6.610530176382853	10	255.0	254.69622682905555	0.2198741692726717	0.2260414778087339	0.44	0.35441028776886996	False
12	2034-10-01	FGA	south	0.13651796854108725	0.019071555394446587	2.3000997026952628	0.05935306560020643	-0.8801290326039999	-55.532489222447616	9	458.0	457.96811218157137	0.3283403983818047	0.31102472110685503	0.3968253968253968	0.3606300700985307	False
13	2034-10-01	FGA	south	0.1929509364486802	0.03784710903628267	3.3686181032534495	0.05727895847330571	-0.9973562374203337	-115.72108311877766	10	678.0	678.1767463645207	0.4421933500529904	0.44474234060020673	0.5348837209302325	0.5151482293201979	False
11	2035-04-01	FGA	south	0.1719713295054834	0.02962831633562064	3.7751578724120036	0.04555341400745405	0.994171425320417	-41.93221809276745	17	418.0	417.9819580225522	0.18204429258838858	0.1722648371407753	0.44	0.31944859717559776	False
12	2035-04-01	FGA	south	0.23832197920526518	0.05692783928342654	3.8141450692473793	0.06248372174587783	0.9887497474587311	-44.293508978628765	20	983.0	982.9557425311322	0.35421744723540677	0.3401159535119529	0.5555555555555556	0.37349751951599186	False
13	2035-04-01	FGA	south	0.23546120997811332	0.05556547777010233	3.986653067645688	0.05906237788510766	0.9928768406672581	-38.807820647307274	23	1425.0	1425.0539315145315	0.47144327874684755	0.4777336327001617	0.5564516129032258	0.5257090120783929	False
11	2035-10-01	FGA	south	0.008933258369917362	9.90008025147481e-05	0.2530916107136378	0.03529654082459872	0.9576420860045225	-0.6308534198628963	5	95.0	95.11065138944385	0.12020790597269189	0.11931214570023434	0.13709677419354838	0.1290653536065398	True
12	2035-10-01	FGA	south	0.002415547285739518	1.3906528688856005e-05	0.0631114136604294	0.03827433336759586	0.9715864139470769	0.855293647706592	9	356.0	355.9454892474154	0.3773321878579986	0.3650964987651624	0.5555555555555556	0.37907438510169295	True
13	2035-10-01	FGA	south	0.003449654000306596	2.9177522336515456e-05	0.07471997270503278	0.04616776312171008	0.9793314400641365	0.8049587363187631	11	530.0	529.8634392454545	0.4981270458061751	0.5147689636909022	0.5564516129032258	0.5219340279706605	True
14	2035-10-01	FGA	south	0.0028876717174075813	1.3455353492780126e-05	0.05183715449030824	0.05570660167983326	0.9969524295327428	0.9903371875199944	20	4471.0	4471.003553688168	0.9794503476463549	0.9573024052870587	1.0	0.999123142574521	True
14	2036-04-01	FGA	south	0.25559027672748796	0.06635396217339481	4.170026654494117	0.06129224053089288	0.9329152121598954	-33.403661358698095	25	4673.0	4672.978341339579	0.9815341551479855	0.9736270730719478	1.0	0.9984973861414923	False
15	2040-10-01	FGA	south	0.03192762138375564	0.0010193730072244505	1.1130744182754715	0.02868417498375564			1	10.0	10.072640272718132	0.03968253968253968	0.014151987996136635	0.03968253968253968	0.014151987996136635	True
16	2040-10-01	FGA	south	0.012227482807700977	0.000232827099629255	0.24522372093399494	0.04986256126091553	0.8512548584727443	0.46189410543132947	13	459.0	458.67701220837904	0.3359979707963525	0.31885178479457166	0.7857142857142857	0.5033626429640174	True
17	2040-10-01	FGA	south	0.011279896573989126	0.0002049052319589889	0.1684668246281614	0.06695618914220068	0.9256149142360599	0.6137331684482674	12	1524.0	1523.8602641070638	0.6457064510643556	0.6491787373470804	0.8375796178343949	0.848609635075038	True
16	2041-04-01	FGA	south	0.005050055208342617	2.9339605798175958e-05	0.09605363293812785	0.052575369133571116	0.9977160082076519	0.9763848112594017	18	576.0	575.7523133017089	0.27557145427186475	0.2576938797849906	0.7857142857142857	0.47899482780004443	True
17	2041-04-01	FGA	south	0.006535104698708746	5.734999082127574e-05	0.10018927186976287	0.06522758950882286	0.9966898430538471	0.9690169580274329	24	2779.0	2778.9694625392417	0.7787685744968625	0.7754402840202096	1.0	0.9530940898748396	True
16	2041-10-01	FGA	south	0.04263340940728782	0.0018509714735018806	0.8647182109921357	0.049303239905601516	-0.9986866441708244	-73.82797983689396	3	62.0	62.01236606137179	0.1330391272602328	0.09656895538105646	0.18461538461538463	0.10762652780832102	False
17	2041-10-01	FGA	south	0.28279136840407837	0.08014105921668582	5.664451773100754	0.04992387255320858	-0.8188040336781737	-817.7112820795705	10	745.0	745.0000121931356	0.9152546785297812	0.9282055237065506	1.0	0.9519275163365964	False
18	2043-10-01	FGA	south	0.05861135429724095	0.012492360902168768	1.4647507591112972	0.04001455806228904	-0.4721761237444693	-35.93874682476508	13	314.0	313.66516782687495	0.2916033807691517	0.28702999120107997	1.0	1.0	False
19	2043-10-01	FGA	south	0.03504902299001484	0.0018064660411608133	0.6094056920880734	0.057513448668197596	-0.8913798336505276	-3.393158647715735	14	1940.0	1940.0240329975522	0.8143650052135382	0.8056567917387929	0.9137931034482759	0.9115249746256376	False
18	2044-04-01	FGA	south	0.0077371278496106005	9.041353584676871e-05	0.196714254266402	0.03933181089730553	0.9635831531882051	0.7897449770400677	14	339.0	338.9115692473095	0.14983005257707274	0.1392807716551022	0.38596491228070173	0.2767324190348631	True
19	2044-04-01	FGA	south	0.0023052175872524446	7.311365309726896e-06	0.03978661799159766	0.05793952096504589	0.9980845742075599	0.9958973075181556	26	2978.0	2977.9815256402385	0.8707813096261692	0.8683529506780254	1.0	1.0	True
19	2044-10-01	FGA	south	0.27025597582376176	0.07330273046483234	4.783595112764178	0.056496415238537115	-0.9939481481347634	-1618.8121679199955	9	454.0	454.1621695198559	0.9421460107449159	0.9097663200100823	1.0	0.9285053316459665	False
20	2045-10-01	FGA	south	0.017331690846065992	0.00048644311383062345	0.3237713173340119	0.05353065549097456	0.9399779447499941	0.476315532093598	21	3696.0	3696.0154509276176	0.9778306482951319	0.9782522670262975	1.0	0.9946088891151662	True
21	2045-10-01	FGA	south	0.0028394951707371094	8.062732824639365e-06	0.08814020091734603	0.03221566482926289			1	11.0	10.55784559568569	0.03151862464183381	0.01614927669143802	0.03151862464183381	0.01614927669143802	True
20	2046-04-01	FGA	south	0.11428510080707112	0.015909803939309887	1.7843954458124274	0.06404695835515183	-0.7745350538264312	-7.4373698127845795	28	4061.0	4060.801549421957	0.9648187721659541	0.9632500568856149	1.0	0.9902713940443533	False
21	2046-04-01	FGA	south	0.15563516695861418	0.02422230519423571	7.209643223229242	0.021587083041385822			1	11.0	10.835420887518879	0.03151862464183381	0.021592562321634343	0.03151862464183381	0.021592562321634343	False
20	2046-10-01	FGA	south	0.3536720189273499	0.12510384203875052	5.2507417508401675	0.06735658230968207	0.7617661943144292	-3248.2408507131045	5	157.0	156.97479202056792	0.916862358736598	0.8796791559684756	1.0	0.9856879744543549	False
22	2048-10-01	FGA	south	0.02383303128499633	0.0006282731675504854	0.6754420489929376	0.03528508673768625		-9.426076750419105	8	189.0	189.1002951469934	0.41277988651177056	0.40073987696014435	0.5061728395061729	0.48569562478997097	False
23	2048-10-01	FGA	south	0.01741240861267941	0.00042965794101898236	0.48199738845438117	0.03612552480526026		-1.3352219524584035	12	273.0	272.9994592851526	0.5539160644545452	0.5469192502021268	0.7777777777777778	0.6675376179415113	False
22	2049-04-01	FGA	south	0.2087255545324903	0.04429921998222096	5.6146004940187675	0.03717549534554517	0.8682447921337721	-92.38165498931801	16	356.0	355.9520450833246	0.4052590828296089	0.3888926720050977	0.5128205128205128	0.4308142062925386	False
23	2049-04-01	FGA	south	0.18370591471968956	0.03375431762906046	4.625863453838123	0.03971278368955465	0.9973810642086376	-76.62086530652108	21	477.0	476.911101699476	0.5064948354627983	0.49708008836573303	0.7777777777777778	0.6979770941113445	False
22	2049-10-01	FGA	south	0.16839148398137613	0.028731405289571552	5.249113164634005	0.03207998736165888	0.7014523706936084	-75.81581788103517	7	126.0	125.75611320650545	0.35045783243697387	0.3323174688356926	0.5128205128205128	0.3922526947494863	False
23	2049-10-01	FGA	south	0.171043715426151	0.0296850918200992	4.191981671075273	0.04080259143458446	-0.9759511928242586	-422.08147102723404	7	137.0	136.9944580151069	0.4344420553537095	0.40998931603148936	0.4666666666666667	0.45157586612386524	False
24	2049-10-01	FGA	south	0.032473022794040685	0.001223551420538619	0.6733633831680345	0.04822510936258796		-0.1550577375751252	23	4061.0	4061.0152697223816	0.9653181292122265	0.9530793679869324	1.0	0.9909359364206316	False
22	2050-04-01	FGA	south	0.26262704037629875	0.06897296233681405	26.3183420029801	0.009978859623701248			1	11.0	10.70463992339343	0.02729528535980149	0.02353998860031808	0.02729528535980149	0.02353998860031808	False
24	2050-04-01	FGA	south	0.22193696362167317	0.05003677688589349	3.4303663096192585	0.0646977446692293	0.926852572105686	-30.348136549832752	28	4191.0	4191.190055469511	0.9603511038293296	0.9429399211885956	1.0	0.9776987987600665	False
25	2052-10-01	FGA	south	0.11482428478880263	0.018509791417451838	3.3428386314375644	0.034349335235312646	0.9335201734135166	-99.19969270296276	13	499.0	498.8845276283256	0.5088959705741561	0.4995757378472106	0.9166666666666666	0.6677286278247366	False
26	2052-10-01	FGA	south	0.13077712279291012	0.017398387223978358	2.755418632445547	0.0474617980923066	-0.922799263460694	-120.89368255496346	11	583.0	583.0152902170762	0.49907959970223686	0.48093190944882436	0.6012658227848101	0.6552341145633732	False
25	2053-04-01	FGA	south	0.004530782987397843	2.428228403041132e-05	0.0961755274251179	0.04710952056827037	0.998070885358264	0.9650922329606457	21	731.0	730.8572370059363	0.41203703364438987	0.4072105439856332	0.9166666666666666	0.6584855007735335	True
26	2053-04-01	FGA	south	0.0051892215385896225	3.299475753251897e-05	0.10817013981454188	0.04797277277709507	0.9991034118587853	0.9633720287842855	24	1305.0	1304.9985788416807	0.6239448233381427	0.6219946595723079	0.8181818181818182	0.8158731221541506	True
27	2053-04-01	FGA	south	0.0068711772113536525	4.721307626982576e-05	0.4247713858210545	0.016176177211353653			1	10.0	10.06087185944179	0.06896551724137931	0.026606055427541957	0.06896551724137931	0.026606055427541957	True
25	2053-10-01	FGA	south	0.20632686008301912	0.04268153266661389	4.408476688765432	0.046802302620499905	-0.7199986295335166	-598.4269884474229	6	148.0	147.98100925505577	0.24585844819295402	0.23163533431635783	0.31932773109243695	0.27733796894968593	False
26	2053-10-01	FGA	south	0.16794733961760785	0.030520015723354787	4.716597280521883	0.0356077336327143	-0.79910502156085	-68.16821204017945	24	759.0	758.6548753747742	0.577530891230872	0.5708514759961764	0.8181818181818182	0.8401221345070877	False
28	2053-10-01	FGA	south	0.024322124302958388	0.0006711544922463469	0.7065971169773655	0.03442148816995173		-7.432779684408246	10	305.0	305.00096580682236	0.5098814707305273	0.4927899302864393	0.6309523809523809	0.6261340877754781	False
29	2053-10-01	FGA	south	0.05703858919049075	0.003253400656841568	6.034820030645468	0.009451580809509252			1	13.0	13.014248519299382	0.15476190476190477	0.12871914431945725	0.15476190476190477	0.12871914431945725	False
26	2054-04-01	FGA	south	0.1713573090820899	0.029370712291723063	7.007087577569671	0.024454854771705774	0.9903706403429482	-120.54805039542597	16	270.0	269.9442813699602	0.3925610842631129	0.35690477845566493	0.7333333333333333	0.5891325533693467	False
28	2054-04-01	FGA	south	0.20037278999441882	0.04015838093818932	5.305662188540065	0.03776584012966617	0.9919422312644284	-72.92316182397876	21	608.0	608.0030932991555	0.552085285220393	0.5452358310842839	0.7352941176470589	0.6021460616149044	False
29	2054-04-01	FGA	south	0.22139351706389793	0.04902151105996758	11.90808256536034	0.018591869501133118	0.9848166944359296	-377.5006779099385	9	117.0	116.96877479615137	0.29032473977112333	0.24128921111313575	0.52	0.35211041924276404	False
26	2054-10-01	FGA	south	0.195182297805725	0.03809612937672272	6.96469532542319	0.028024527805724984			1	11.0	10.855543210709858	0.18032786885245902	0.14690903819501838	0.18032786885245902	0.14690903819501838	False
28	2054-10-01	FGA	south	0.1815990327013665	0.03496858341989736	5.269996079257544	0.03445904512455554	-0.8008214445865504	-116.01492700272932	15	329.0	328.9792257390148	0.40678337722058283	0.4039118263894074	0.7352941176470589	0.6483324818539904	False
29	2054-10-01	FGA	south	0.17121490075389598	0.03156430344682105	3.9057708201947694	0.04383639200452575	-0.48660333170382064	-83.92027280316913	21	1133.0	1132.5395296950055	0.6979594942531236	0.6828225088737083	0.900709219858156	0.8758419934929804	False
0	2025-04-01	FGA	tropics	0.10876180387326274	0.012440559529567062	4.527027849674302	0.02402499111665232	-0.9055413932767494	-292.3093228294391	11	1182.0	1181.9657452271167	0.9794981828670832	0.980118317586138	1.0	0.9950381703850232	False
1	2025-04-01	FGA	tropics	0.37592909409062214	0.14132268378379584	7.730163266983947	0.04863145590937786			1	10.0	10.000158907165531	0.0641025641025641	0.05783918606449548	0.0641025641025641	0.05783918606449548	False
0	2025-10-01	FGA	tropics	0.22032437941646468	0.04862793638450929	8.834168775700185	0.02494002378837301	0.9343385117891301	-165.15564811941726	33	2918.0	2917.939537314004	0.8406291585350871	0.8397039679490242	1.0	0.9977245726360271	False
1	2025-10-01	FGA	tropics	0.07425455930742904	0.006513344059148909	3.6617596302384783	0.02027838165406643	0.7956630267353617	-132.39706234191493	13	191.0	190.71777666526646	0.24003062801893013	0.22593219595153796	0.5405405405405406	0.4069522163049332	False
0	2026-04-01	FGA	tropics	0.2561588400234135	0.06572115142589546	10.315549799279717	0.024832301235296228	-0.25870900396281155	-1620.7893854775555	20	1380.0	1379.9854485399937	0.7528808793162217	0.736590478073437	0.9444444444444444	0.9663324218929946	False
1	2026-04-01	FGA	tropics	0.12355311733983225	0.01644918952427874	7.509774741017174	0.01645230670701814	-0.2871231073149984	-286.4223405530959	13	192.0	191.5890527688891	0.30080521928132625	0.29010092428233725	0.8571428571428571	0.5497669533440271	False
1	2026-10-01	FGA	tropics	0.005242920390380648	2.7488214219869164e-05	0.3416653409746265	0.015345192390380649			1	12.0	11.827858897434288	0.8571428571428571	0.6460220791149821	0.8571428571428571	0.6460220791149821	True
2	2026-10-01	FGA	tropics	0.0012203653192643898	1.4892915124632762e-06	5.555122525605932	0.00021968288073561024			1	11.0	10.876509772707443	0.8461538461538461	0.7429127127914522	0.8461538461538461	0.7429127127914522	True
2	2027-04-01	FGA	tropics	0.14086139619473081	0.02503457776875169	6.211447636264143	0.022677708071197955	-0.6282025686422518	-251.59961661537997	9	109.0	108.11476813404808	0.6792115616677019	0.5913483231353351	0.8571428571428571	0.7541859298866452	False
3	2027-04-01	FGA	tropics	0.09106947841247681	0.012508828204858578	5.7644197166030375	0.01579855091921445	0.9686286317762893	-91.48432808430245	5	62.0	61.71617786955042	0.5595704948646125	0.5200495648515753	0.6470588235294118	0.5634114818186529	False
2	2027-10-01	FGA	tropics	0.19487727307129032	0.03855172512996056	30.088453965299195	0.006476812444269849	0.8944435093813621	-4045.858558152631	20	248.0	246.57290777769978	0.5224362687500841	0.4557836189031906	0.8571428571428571	0.6161466907860463	False
3	2027-10-01	FGA	tropics	0.049122540855399084	0.0059689266439371304	5.411714743066508	0.009077075046931274	-0.7241118606081489	-624.9121130099246	29	498.0	497.77976601840186	0.592391883870897	0.5715850643269896	0.8571428571428571	0.6281213005565507	False
4	2027-10-01	FGA	tropics	0.05824426881891597	0.003392394850250147	4.087247933475698	0.014250241181084025			1	10.0	10.000009403687727	0.2857142857142857	0.18894214082806168	0.2857142857142857	0.18894214082806168	False
2	2028-04-01	FGA	tropics	0.23157683436530566	0.05389872298489595	42.90565913564699	0.005397349418014333	-0.5918964160281619	-23113.534304149503	10	129.0	128.58201874087754	0.42274297116007553	0.38703832558091167	0.7	0.49946678279477025	False
3	2028-04-01	FGA	tropics	0.17612823237228936	0.031217920092603768	13.471963420220321	0.013073686951074645	-0.7049035842281668	-1011.7938810377227	45	790.0	789.9200421419829	0.5456671825917054	0.5388292972720697	0.8571428571428571	0.6334933706645232	False
4	2028-04-01	FGA	tropics	0.020724236354823518	0.0025955806042732327	1.612338617757113	0.012853526006622928	-0.6306713070923667	-340.5822943577633	20	359.0	359.2474768036508	0.5142961061736122	0.4946273619525992	0.8260869565217391	0.7429081172481695	False
3	2028-10-01	FGA	tropics	0.11401203383462988	0.013032772753111554	11.691159203310818	0.00975198710854462	-0.28295541779551786	-2873.8892372791656	20	318.0	317.89567347421786	0.46839777515691206	0.44946026922035937	0.6410256410256411	0.6107798902341339	False
4	2028-10-01	FGA	tropics	0.19797118953783968	0.04780264670144196	9.81314445906243	0.020174082870553636	0.6570331957299078	-1354.0833846280239	45	874.0	874.0045487065528	0.6364172228747103	0.6282891011450299	0.95	0.820895230543808	False
5	2028-10-01	FGA	tropics	0.051714888589416044	0.0027454221305856404	1.848855239077365	0.027971302185466587	-0.4769006188521952	-135.78768483270449	5	89.0	88.66819372687726	0.4661783413708959	0.42468159357137064	0.6097560975609756	0.5343420303807482	False
3	2029-04-01	FGA	tropics	0.19234406242304983	0.03699623834940209	65.21535800632395	0.0029493675769501743			1	10.0	10.02070097960055	0.23809523809523808	0.12087272368241818	0.23809523809523808	0.12087272368241818	False
4	2029-04-01	FGA	tropics	0.23361597323941447	0.05482811528161113	14.3224689128769	0.016311152403994913	0.0421551227369127	-2597.0340587790697	31	586.0	586.0070571631412	0.6097645541920649	0.606599165617547	0.9230769230769231	0.8321337718216569	False
5	2029-04-01	FGA	tropics	0.19050129757109674	0.03883782118465247	6.022907205889969	0.031629459172938974	0.7877132311711431	-220.29456648392457	31	2097.0	2096.9999332524676	0.7800686193584899	0.7678396367258763	0.9532710280373832	0.9616967801490034	False
6	2029-04-01	FGA	tropics	0.06466366436243352	0.004181389488777455	7.336800286005063	0.00881360563756647			1	13.0	13.020286910523941	0.14942528735632185	0.10055662574821249	0.14942528735632185	0.10055662574821249	False
4	2029-10-01	FGA	tropics	0.20721748577764793	0.0429910073358048	10.97603936491725	0.018879076403459143	0.10230274990860128	-819.3881511470198	4	62.0	61.8422921038299	0.26345968201368897	0.21590741975683497	0.38461538461538464	0.269723672860959	False
5	2029-10-01	FGA	tropics	0.2232066594396099	0.0500866420058206	9.018131966655377	0.024750875266066025	0.7025355460970865	-299.856346411774	38	2418.0	2417.6142515369047	0.7307756487291482	0.7180034188730579	0.9532710280373832	0.9480473559357852	False
6	2029-10-01	FGA	tropics	0.17391766594957175	0.03482808552372978	13.010298449930108	0.013367692264623341	0.8474841584910912	-2140.895173300589	27	1324.0	1324.0021765232827	0.6720025393271842	0.6698236151780516	0.975	0.9904825150924885	False
5	2030-04-01	FGA	tropics	0.21300742790830243	0.045871054724309565	10.481167076058753	0.02032287305054581	0.9045123160169686	-9038.22577200153	13	390.0	389.9193315193457	0.4802327294796352	0.45921013198209987	0.7945205479452054	0.7851731587804185	False
6	2030-04-01	FGA	tropics	0.10439857577144131	0.025879897218688254	2.066863659151571	0.050510625269929985	-0.8420854418052696	-115.97038168418486	47	2253.0	2253.0959192313576	0.8073867014574123	0.8065693013218445	0.9868421052631579	1.0	False
6	2030-10-01	FGA	tropics	0.21684500436803122	0.047280606527932555	11.333704810358174	0.019132755616667448	-0.9538251420959664	-1755.5809385323294	20	807.0	806.9426266536124	0.9087423490180203	0.9204661851735303	0.9868421052631579	0.9930651955177175	False
7	2030-10-01	FGA	tropics	0.014628915971569527	0.00021886196543595204	0.7206844199524449	0.020298643298733765		-44.06315568726277	17	473.0	473.01173324451815	0.9301527134745721	0.9197042479815947	1.0	1.0	False
7	2031-04-01	FGA	tropics	0.14758153732947388	0.022128928850456645	7.413027683732875	0.019908402291998226	-0.7585499590771688	-217.4400101331835	43	2191.0	2190.8601599613826	0.9689310251780611	0.9628994251030332	1.0	1.0	False
7	2031-10-01	FGA	tropics	0.08204992161402681	0.007700077383916413	4.410228154010863	0.018604461889212436	-0.728227390164744	-102.70783885592708	35	1775.0	1775.0216104878398	0.9552448739706685	0.9417044170524623	1.0	0.9997116412580338	False
8	2031-10-01	FGA	tropics	0.01681678063714583	0.0002998342418425901	0.7423762845668103	0.0226526371959184		-16.606103239998056	3	42.0	42.00004215369263	0.9111111111111111	0.8102471789517195	1.0	0.9419285692215252	False
7	2032-04-01	FGA	tropics	0.17471900482973518	0.0305417361805906	8.26185093245034	0.021147683038371667	0.21832671824508731	-14258.076509920083	9	147.0	146.89322328286488	0.8510353299568986	0.8030826908574962	1.0	0.9532195773940545	False
8	2032-04-01	FGA	tropics	0.014442435997608137	0.00032627818195013995	0.5803886396006949	0.024884077688950765	0.41405733658603916	-2.3004508313568555	29	1131.0	1130.9097970266196	0.7353022035583623	0.7155440077997841	1.0	0.8693243857053851	False
9	2032-04-01	FGA	tropics	0.31345563740897575	0.09828012565342618	10.247230887119205	0.030589301720818085	-0.005079866077815409	-8450.954731325388	13	624.0	623.9711776926256	0.4123936504511051	0.4053255337543295	0.6293706293706294	0.6631468385570135	False
8	2032-10-01	FGA	tropics	0.21688323394508982	0.048065498777964226	3.701553887577797	0.058592483192784935	0.9617951257507229	-137.3824710366547	34	1330.0	1329.971397136229	0.5343380456565319	0.5350662229112614	0.9629629629629629	0.862823898193013	False
9	2032-10-01	FGA	tropics	0.1775110711237184	0.04545348711924342	5.512316106993503	0.03220262910875325	0.9432561054556252	-142.18375672340585	39	2612.0	2611.956232605031	0.7383666975879744	0.7339923506217657	1.0	0.9954149879530689	False
8	2033-04-01	FGA	tropics	0.30312180496217883	0.09196179036994642	9.317179373027551	0.03253364487536763	-0.9154103126921452	-2215.850494523954	8	150.0	149.7755795063668	0.13639302218967597	0.14931439304259314	0.2152777777777778	0.21749199012861972	False
9	2033-04-01	FGA	tropics	0.29205335587549863	0.08548673375676816	12.638972079495272	0.02310736617175608	0.5497333589639091	-1258.3280847821118	26	1715.0	1715.0819872783582	0.9329512274829069	0.9262760593523031	1.0	0.9920052834263196	False
10	2033-04-01	FGA	tropics	0.015949882454906635	0.00033266830074813955	0.43958635876468405	0.03628384306494097	-0.8395908501484657	-4.467520825201386	7	141.0	140.89109963819038	0.833579860999216	0.7913184875967694	0.9166666666666666	0.8674609733746631	False
10	2033-10-01	FGA	tropics	0.003878331588410197	2.99094592068362e-05	0.13100128185828283	0.029605294951279757	0.9115894102450163	0.8074462900894264	33	1428.0	1427.9842888039543	0.7244627522742365	0.6928375800689649	0.9574468085106383	0.8189504607099013	True
11	2033-10-01	FGA	tropics	0.0026150315980184168	1.0163303992321838e-05	0.1456484326754585	0.017954409463817354	0.861166180613876	0.6808544200245904	20	584.0	583.80448337114	0.3477062818985169	0.3304922047946402	0.5445544554455446	0.5007652585950956	True
10	2034-04-01	FGA	tropics	0.20364005372220745	0.041741093211895126	12.955869597864424	0.015717976488106546	0.8382620908018485	-584.2716055929632	37	1440.0	1439.9236405965603	0.5729322689911162	0.5640111915903537	0.8727272727272727	0.854608079221383	False
11	2034-04-01	FGA	tropics	0.21686240372294732	0.0474927054433908	9.664248854445743	0.02243965433725213	0.8984185911885441	-334.3908137662551	42	1049.0	1048.6997921975906	0.4572534236122499	0.45252529737448055	0.7058823529411765	0.5905174824663881	False
10	2034-10-01	FGA	tropics	0.2525998502656794	0.06383785839254912	15.909452054958527	0.015877344448638704	-0.5473377504192343	-26310.581794601003	11	190.0	189.7860243007961	0.41000617312011606	0.38414465001920084	0.52	0.4302873109202525	False
11	2034-10-01	FGA	tropics	0.10759269601799873	0.01162213980369386	7.019557519500716	0.015327560992142355	-0.5229843201738963	-1402.334183053754	20	377.0	376.7743645616764	0.5614157275447693	0.5535037699971126	0.7058823529411765	0.5856868708290632	False
12	2034-10-01	FGA	tropics	0.05313940493046157	0.006500626949056759	3.90878578065662	0.013594862423372536	0.5562091559614294	-2691.6034720881958	6	83.0	82.97415817189376	0.4905306046610394	0.4371949904145061	0.5652173913043478	0.4428140820324666	False
13	2034-10-01	FGA	tropics	0.06539039220784622	0.00430829161713884	4.6683127729042955	0.014007286012921736	-0.41801807682728215	-2197.5721809664306	6	85.0	84.84531930729933	0.5628850316350316	0.4541053203494534	0.6875	0.4736496299270272	False
12	2035-04-01	FGA	tropics	0.0008202227977172858	9.800737676941678e-07	0.06227652836681438	0.013170657055353172	0.9892744826006096	0.9769380754295252	32	746.0	745.9579738744816	0.43621279629939846	0.42407244238441144	0.5652173913043478	0.4653389791446029	True
13	2035-04-01	FGA	tropics	0.001993288743851236	4.993237680829463e-06	0.14553039789912858	0.013696717473643158	0.9535136879631407	0.8216312545712992	32	796.0	795.7042228076045	0.4770659174523761	0.45495522799956467	0.6875	0.5023501413563529	True
14	2035-04-01	FGA	tropics	0.012683429293496926	0.00016118992823043474	0.6614652883200449	0.019174746607958277	0.9747682114985621	-152.65083280111398	5	96.0	96.26583795760257	0.30348418606483124	0.2752200154741416	0.3968253968253968	0.33575586306336874	True
12	2035-10-01	FGA	tropics	0.2009652109301075	0.04063838099991002	14.112543581819374	0.014240183547705954	0.590579020062088	-1054.4423714760524	33	756.0	755.952713016002	0.35757708088223844	0.3536064747981457	0.5625	0.4702891003033097	False
13	2035-10-01	FGA	tropics	0.23626687491385867	0.056015454337931474	8.381388741317712	0.028189466233577067	0.6942715411057889	-983.2883835406705	31	753.0	752.6750902382255	0.38340664052844636	0.3762699385434027	0.5555555555555556	0.5055017920119468	False
14	2035-10-01	FGA	tropics	0.20113558026990624	0.041857614975414834	8.241126411136467	0.024406321446314192	0.8390103638805149	-248.39869189072655	32	2499.0	2499.0116843398782	0.7426520062542323	0.7418935316923336	1.0	0.989287698943574	False
12	2036-04-01	FGA	tropics	0.09576598962453241	0.00936573795800365	9.457053632374762	0.01012640864134389	-0.9266328924916202	-5464.073665051734	7	89.0	88.98941198159714	0.13910577027444898	0.16214226278355404	0.18309859154929578	0.22710981789097417	False
13	2036-04-01	FGA	tropics	0.1599979118503901	0.026029374825004354	10.105388274851137	0.01583293066022711	-0.9029098806644689	-2580.667245636492	6	68.0	67.28695116802558	0.12315105612837152	0.111807028729273	0.15492957746478872	0.15797417120490395	False
14	2036-04-01	FGA	tropics	0.20418800621256766	0.0426092164812693	9.238928444937812	0.02210083208561337	-0.7210641588588516	-203.40135880295244	37	2736.0	2736.2971473468006	0.9110719776367968	0.9052047636757742	1.0	0.9796433110249589	False
14	2036-10-01	FGA	tropics	0.2458997209858739	0.060558756689603595	11.322300290017033	0.021718176932887547	0.5395126824904927	-5686.71172618498	12	286.0	286.10670868803186	0.9668153646223822	0.9581306721296935	1.0	0.9761513823761653	False
15	2040-04-01	FGA	tropics	0.001306190628487363	2.531309735747265e-06	0.09051917628725784	0.01442998800985811	0.9384135070241091	0.8700604341418661	34	1031.0	1031.0917141881355	0.947430950937918	0.9483718497343281	1.0	0.9997369924075957	True
16	2040-04-01	FGA	tropics	0.004129225711461747	1.7050504976196774e-05	0.24712533592047478	0.016709034288538253			1	17.0	16.999999715388483	0.30357142857142855	0.2079573248919203	0.30357142857142855	0.2079573248919203	True
15	2040-10-01	FGA	tropics	0.2118135447261008	0.04867534784485101	8.292071957347742	0.025544103550429194	0.6490514770432204	-539.8008270867894	44	1401.0	1400.7475764368921	0.7142266377267356	0.7110898218409234	1.0	0.994381876593956	False
16	2040-10-01	FGA	tropics	0.16628558587948505	0.02790809419016787	9.846359619655866	0.016888026875185043	-0.8175820453636709	-1003.4424997155478	27	657.0	656.9999918883523	0.4504849517435627	0.4484875302238746	0.6808510638297872	0.5355399187707378	False
17	2040-10-01	FGA	tropics	0.1458308746941342	0.021435110790998194	6.727761309988713	0.021675988189060597	-0.2222800673701999	-7024.981631649116	8	152.0	152.1161857481501	0.35215336824004484	0.3439696173268488	0.5882352941176471	0.4911851539008147	False
15	2041-04-01	FGA	tropics	0.23890811200899162	0.05711730068341481	16.14097647023755	0.014801341941704444	0.06853855100679444	-9523.408895692715	18	449.0	448.7615771444409	0.4274832799128878	0.40970711116525116	0.6964285714285714	0.6903284518253261	False
16	2041-04-01	FGA	tropics	0.10957738394107541	0.014294539027261865	4.14462595349958	0.02643842536587699	-0.5983012747180233	-184.4206878795499	33	787.0	786.764684591093	0.4207502369614913	0.42102699236263685	0.6808510638297872	0.5438355017757106	False
17	2041-04-01	FGA	tropics	0.18958775082062362	0.04066690488368701	6.756040432053274	0.028061962140005243	0.8626324567051362	-385.1939039099992	34	1605.0	1605.207098697177	0.7322539697042681	0.7287431344302229	0.9833333333333333	0.9745447838136073	False
16	2041-10-01	FGA	tropics	0.11920152861128087	0.01423782299834062	6.881911843365549	0.01732099034750004	-0.8007449895840941	-1209.886042976749	7	131.0	130.74362191648214	0.2498740172888125	0.23366022091781077	0.32857142857142857	0.31262788556609244	False
17	2041-10-01	FGA	tropics	0.2549835216999874	0.0654179550491904	14.163934889553762	0.01800230823484255	0.825586329732171	-839.745058908049	39	1736.0	1736.034823302323	0.8942706310895289	0.8942153070599499	1.0	0.9863146015103361	False
17	2042-04-01	FGA	tropics	0.22205726464823902	0.04951636151634257	12.141299870152876	0.01828941439739294	-0.8827190152762384	-5224.51493599339	13	288.0	287.68777136121025	0.9316890582220435	0.9443711754936752	1.0	0.975730618949994	False
18	2042-10-01	FGA	tropics	0.0017313314692580385	4.679605721127878e-06	0.17705961875612516	0.009778240128499911	0.5830588982506749	0.021405252921530726	16	246.0	245.77791975836138	0.9925881410256411	0.9810470970081409	1.0	1.0	True
18	2043-04-01	FGA	tropics	0.17887086050752699	0.03743913779805577	17.96908987689635	0.009954363951259941	0.71153288441814	-2981.4931140957433	42	810.0	809.8586545383228	0.9877524578185014	0.9850669080689188	1.0	0.9905851284166747	False
18	2043-10-01	FGA	tropics	0.17572172827173477	0.031003591164792357	28.85529682805718	0.006089756390960892	-0.2660206896961834	-6021.529637862012	49	974.0	973.7957371268257	0.9340961890160818	0.9303678947625352	1.0	0.9898974643413379	False
18	2044-04-01	FGA	tropics	0.1948100874689415	0.04935282805179545	43.332895532824764	0.004495662823209504	0.38068959755513637	-13402.957336492911	48	785.0	784.6629016196564	0.6206016752523308	0.6179867554488508	1.0	0.9669042919847475	False
19	2044-04-01	FGA	tropics	0.15540619184390222	0.024399692682581825	9.346203331341188	0.016627734956585982	-0.9501550058077818	-926.2884101921047	24	678.0	678.1027152951068	0.6358737687683967	0.6254323030074272	0.8245614035087719	0.7554290825886502	False
18	2044-10-01	FGA	tropics	0.21852808681935273	0.04789525659866937	18.65426078676346	0.011714647356834109	-0.25658806907773374	-3006.4035195377737	24	355.0	354.95030724755753	0.35066178904487355	0.33868447327060247	0.5925925925925926	0.5322378489517183	False
19	2044-10-01	FGA	tropics	0.18297891026635782	0.03370595585082444	15.02818737608931	0.01217571392259106	-0.6542351697383866	-710.5174235124676	48	1500.0	1500.2342714495749	0.7648020881019829	0.7631929103489284	0.9705882352941176	0.8892889625309086	False
18	2045-04-01	FGA	tropics	0.02727558510899693	0.0007439575430381351	1.9655482554815067	0.013876833108996931			1	13.0	12.813487851151196	0.24528301886792453	0.149777871811527	0.24528301886792453	0.149777871811527	False
19	2045-04-01	FGA	tropics	0.21440362554384118	0.04607986989960182	19.643972343202677	0.01091447400749525	-0.6241150151424364	-7309.9075190978665	36	880.0	879.7011668141326	0.8098758211163756	0.8057498500322056	0.9705882352941176	0.8845169351135085	False
20	2045-04-01	FGA	tropics	0.014381732314455371	0.00021644349357336512	0.7682596480657493	0.018719885068367605		-21.524448932813524	8	113.0	112.42599491399096	0.7146458953845968	0.6796049705528854	0.9047619047619048	0.8500911609432329	False
19	2045-10-01	FGA	tropics	0.24621295137413762	0.06072724996624777	21.806613902347713	0.01129074658159698	0.35167282824763757	-15301.638202488559	10	130.0	129.75677898846857	0.6986206199313616	0.6557539774073917	0.875	0.7744130651283951	False
20	2045-10-01	FGA	tropics	0.16868877760510206	0.0287426187029005	9.33460053656246	0.01807134402210028	-0.9155467440086231	-547.1943599163715	35	1924.0	1923.8254153799096	0.9016165895270778	0.8788458116946606	1.0	0.9953222119152445	False
20	2046-04-01	FGA	tropics	0.1020009327190053	0.014579178356243047	5.261421789827747	0.019386572069969837	0.9615999403512645	-106.04997940516562	46	2650.0	2649.958278560075	0.9260928691413398	0.9225105564188224	1.0	0.9791909182919573	False
20	2046-10-01	FGA	tropics	0.2055885645712636	0.042428114240715666	10.517506407335453	0.019547272576689423	-0.10846549992228052	-5668.8886989095145	22	764.0	764.1602720691167	0.8616849875497791	0.8471893129151613	0.9714285714285714	0.9513029516949513	False
20	2047-04-01	FGA	tropics	0.007869952963122772	6.19361596417649e-05	0.3818760531231729	0.02060865796312277			1	11.0	11.091503766840777	0.6470588235294118	0.6213556908886786	0.6470588235294118	0.6213556908886786	True
22	2047-10-01	FGA	tropics	0.006489351604124338	8.713900267404665e-05	0.5130768664487324	0.012647913068153827	0.42701792656735954	-12.808394318115155	8	113.0	112.27048873482464	0.4547776207301836	0.41840566478362895	0.53125	0.4541581575565626	False
23	2047-10-01	FGA	tropics	0.0410339195805218	0.0017209676024623607	3.9399652494212707	0.010414792259030494	-0.8573337411733168	-309.9083453158276	6	78.0	77.70243291102778	0.42544412501842843	0.39470456403691156	0.6190476190476191	0.40856934508877446	False
22	2048-04-01	FGA	tropics	0.001267033881623516	2.6208977379883938e-06	0.08318311315105305	0.015231864180446055	0.9545782439611727	0.8968111434040792	30	474.0	473.4566537195124	0.42025504356224563	0.40559289795036235	0.53125	0.4242488032055803	True
23	2048-04-01	FGA	tropics	0.0017074406310715288	5.594781405415609e-06	0.18028306895827045	0.009470887315917307	0.962028195697629	0.8416514351809729	31	532.0	531.7613818697405	0.46142081421758147	0.45137151746027415	0.6190476190476191	0.49307879311161995	True
22	2048-10-01	FGA	tropics	0.19385546719142246	0.03809861649396317	27.357136557496638	0.007086102260154143	-0.8030401763856111	-4237.969435101842	23	363.0	362.7867809973402	0.412239287031404	0.39223763329318867	0.5	0.4208180560447656	False
23	2048-10-01	FGA	tropics	0.14294252448051084	0.029819827828840188	15.119196602132117	0.009454373022727478	-0.8918390409577214	-1658.3718813611295	30	508.0	507.7622227562361	0.5005915243627485	0.48337438530127536	0.75	0.522618793982016	False
22	2049-04-01	FGA	tropics	0.21415132716870103	0.04588568055182049	27.684599966496446	0.007735395397725243	-0.5238891400898076	-4930.395102221889	4	43.0	43.07180930519705	0.4855999263894001	0.3940083270100785	0.5263157894736842	0.4278558170414745	False
23	2049-04-01	FGA	tropics	0.25315657414757986	0.06409010005110626	20.984235139117267	0.012064131595421555	0.5676134586592367	-28440.71930382017	5	58.0	58.02711193542764	0.6036541889483066	0.549759003327544	0.75	0.5692913745634385	False
24	2049-04-01	FGA	tropics	0.04423741900428564	0.002023590799919986	2.176395844969043	0.020325998648887733	-0.3698258674446599	-114.64715644111389	20	833.0	833.0011173743496	0.8301548455581116	0.8226641787654984	0.9545454545454546	0.9193337440967193	False
24	2049-10-01	FGA	tropics	0.08069172594113781	0.015053626301852365	4.1768674094475	0.019318718558943054	-0.8566368373108737	-94.48280870562049	46	2483.0	2482.9001045931695	0.9068834297316218	0.9031790590648753	1.0	0.9706749868140228	False
24	2050-04-01	FGA	tropics	0.23937597471294328	0.05741125235460309	11.675631028851816	0.020502187344000333	0.6602463151273632	-1440.2001330688508	28	1508.0	1507.9047226619357	0.968898883187968	0.9681363799200062	1.0	0.9802353731513186	False
25	2051-04-01	FGA	tropics	0.0025457716906317628	9.103926714300137e-06	0.1322209263006674	0.019253924184759796	0.47938045533317863	-0.2717281674995542	19	526.0	525.6958162682537	1.0	0.9984820139307022	1.0	1.0	True
25	2051-10-01	FGA	tropics	0.0011156156094229435	2.3021791892405014e-06	0.05835354888141797	0.01911821355869923	0.9880773244380372	0.9762517217037311	46	1952.0	1951.8341265653273	0.998641304347826	0.9986295624666137	1.0	1.0	True
25	2052-04-01	FGA	tropics	0.2576289676758492	0.06684931517904719	16.579345965547326	0.015539151436444751	0.6688667655443084	-1671.1643248634832	33	1413.0	1412.7958747557002	0.9917052469135804	0.9804121511764647	1.0	0.9973715612457552	False
25	2052-10-01	FGA	tropics	0.26754158339548956	0.07158949048226293	18.04170212709112	0.014829065545525972	-0.372940125145947	-27887.35890173976	7	122.0	121.19079330760921	0.9781746031746031	0.9659302294501766	1.0	0.9753507471306074	False
26	2052-10-01	FGA	tropics	0.01597332290668736	0.0002570391708948067	0.8957030299078341	0.01783327997487178		-134.8467363648292	7	98.0	97.82253460937042	0.7793367346938774	0.749896780279084	0.8666666666666667	0.7740423486754724	False
26	2053-04-01	FGA	tropics	0.0692952515657343	0.008543032413946043	3.8129102704541684	0.018173847966655745	-0.8469384855567028	-189.62258737014818	33	1338.0	1337.9999889790265	0.8181222372514029	0.8135789981907203	0.9130434782608695	0.8442275077138631	False
26	2053-10-01	FGA	tropics	0.16109970205472582	0.02679950722013752	10.137381747201667	0.015891647969081952	-0.7863517250543894	-297.3023485677138	45	1726.0	1725.981498311125	0.754372134150174	0.7478671547092475	0.9130434782608695	0.8427497439687787	False
28	2053-10-01	FGA	tropics	0.0026095278662766636	1.083071716919534e-05	0.33256176356576495	0.007846746536032916		-0.045694774261420434	9	110.0	109.52941682011344	0.4286825722627008	0.3334462274351739	0.7272727272727273	0.4829685479077648	False
26	2054-04-01	FGA	tropics	0.04269266046025968	0.0022964193256829724	2.6673797971939504	0.01600546742731268	-0.8770507024081473	-497.4221732058382	19	441.0	440.98881116858405	0.6539856770701281	0.6375918374259647	0.7966101694915254	0.7507489463174732	False
28	2054-04-01	FGA	tropics	0.06173340120742539	0.01592976972539035	11.111958588242354	0.005555582368057596	0.18868898384601407	-3333.645377940513	22	275.0	275.23269956978	0.6730335763119755	0.6141578847815914	0.9230769230769231	0.8177452772974564	False
28	2054-10-01	FGA	tropics	0.0016579717572537754	4.386359268122732e-06	0.3393139444747566	0.0048862470412769045	0.19139451446913894	-0.0707999910119057	25	318.0	316.52668000738925	0.7769553730545788	0.709137899321023	0.9333333333333333	0.788776640859167	True
0	2025-04-01	GARW	north	0.3144113653038289	0.11639632779567323	5.837900747194535	0.05385692202028659	-0.07794524581230294	-127.60387000142035	11	3573.0	3573.055321452788	0.8291641673255513	0.8287894832232471	0.9343434343434344	0.9338422672494322	False
1	2025-04-01	GARW	north	0.6881254004869578	0.5282290957222311	7.701810093448817	0.08934593194816363	-0.6546801559489791	-304.6272050439299	11	510.0	510.0773454337293	0.14222321240035993	0.1428173684045546	0.25	0.2331417463089042	False
2	2025-04-01	GARW	north	0.2624161560846504	0.08680411416376514	3.715392112459055	0.0706294647083612	-0.7460841589993847	-73.57706020156871	7	92.0	91.54348242180323	0.028789281965348103	0.02785656456712537	0.0410958904109589	0.03596323947976635	False
0	2025-10-01	GARW	north	0.30092986720422643	0.10183510589234437	4.134146731179797	0.07279128845007092	0.878429308815385	-82.65732919298166	15	3687.0	3687.0272532090016	0.7918454153758155	0.7818093485154533	0.9343434343434344	0.9248991460299045	False
1	2025-10-01	GARW	north	0.2960779200722302	0.0996543171161432	3.695592339941091	0.08011649901757016	0.7754233183473216	-71.9747122723194	13	539.0	539.0246429884172	0.16090722614073225	0.15502299451266907	0.29545454545454547	0.27251744798778715	False
2	2025-10-01	GARW	north	0.22199951601876933	0.05005375624406049	3.5882539082202545	0.06186839663441747	0.9898979970268982	-106.60376185836245	3	36.0	36.08867828839517	0.033035315960741087	0.023606183746159897	0.0410958904109589	0.03224061262983023	False
3	2028-04-01	GARW	north	0.01412413136088809	0.00023628971780882438	0.39934706828361316	0.03536806072370423	0.9625280815352852	0.2595659498679578	5	61.0	60.93972471592949	0.3111206896551724	0.3015149531556342	0.36666666666666664	0.3234474661187964	True
4	2028-04-01	GARW	north	0.009064584141816339	0.00010253619404044156	0.22886126322219458	0.03960733246943501	0.5335528148463229	-2.288941939541702	9	229.0	228.94594372566894	0.6978720978518139	0.6939161476590555	0.8076923076923077	0.8094850829757929	True
3	2028-10-01	GARW	north	0.0049818801918978545	3.61348697281813e-05	0.3680842835713404	0.013534618059649617	0.6659078557610115	0.40224358568672025	7	85.0	84.90028322421816	0.27204591385625865	0.2125044577036382	0.36666666666666664	0.25858700053272726	True
4	2028-10-01	GARW	north	0.041373301943805	0.003533689522626176	0.8655155266789241	0.04780191766467645	-0.5808208155435525	-4.860774680745088	24	660.0	660.1196186580372	0.6586389711872931	0.656278009317477	0.8076923076923077	0.7546974101734988	True
5	2028-10-01	GARW	north	0.06829206010832606	0.006665598856211012	2.635271357629006	0.025914621623546758	-0.6534125880701054	-28.969530490427246	5	72.0	71.49839906448148	0.6345317725752508	0.5462219299085695	0.9130434782608695	0.900239740794446	True
3	2029-04-01	GARW	north	0.005483310456809895	3.0195946749836414e-05	0.8855607593922575	0.00619190766828126	1.0	-12.581341714773515	2	24.0	23.914653673490918	0.17435897435897435	0.16479882263038945	0.2153846153846154	0.16571772346276006	True
4	2029-04-01	GARW	north	0.008787024290158015	8.691023846301261e-05	0.27974631146552525	0.03141068864902939	0.7021128984781709	-0.2676439105244226	13	342.0	342.003265251983	0.6141933375856171	0.5980790186027419	0.7866666666666666	0.7736646178724914	True
5	2029-04-01	GARW	north	0.01458384599028667	0.00040097955403892757	0.16903509520018245	0.0862770300629909	0.8773996917724579	0.7455338764545705	30	5050.0	5049.845915880433	0.9339434560724025	0.9130415953017007	1.0	0.9983906149524048	True
5	2029-10-01	GARW	north	0.12428072086822331	0.025916535789943334	1.4439697458425405	0.08606878449223108	0.8468937258980689	-14.347111870782124	25	4946.0	4946.060336377774	0.977192864296799	0.9629615518175296	1.0	1.0	False
7	2031-04-01	GARW	north	0.003441877941742028	1.5754339563977365e-05	0.062393428822204396	0.05516410953387358	0.9962432717991749	0.9893871555943665	25	5310.0	5309.972176594362	0.9996856544989537	0.9950466383605954	1.0	0.9999645277152828	True
7	2031-10-01	GARW	north	0.06616162160503512	0.006604285555588719	1.0322204553404648	0.06409640621122215	0.7047301672148978	-2.5146668794500893	26	5329.0	5329.115858030296	0.9996977447105325	0.9996520010145284	1.0	0.9999768488024414	False
9	2033-04-01	GARW	north	0.20221828563243066	0.04234180733549389	1.3644049735338366	0.14820987137615102	0.7388856442028514	-12.300026009641964	16	458.0	458.0059004966346	0.18589004771502832	0.23900384834383898	0.6153846153846154	0.5179902260822343	False
10	2033-04-01	GARW	north	0.11186749828754217	0.013777066906406985	1.5323770645636363	0.07300259242616493	0.9046125443309025	-3.557870151003904	20	6434.0	6433.993300760993	0.90334850586986	0.857625782511359	1.0	0.9996362744307381	False
9	2033-10-01	GARW	north	0.09877655799727299	0.010539572149151051	0.8518884056976358	0.1159501142833163	0.8960659751022293	-4.632610809350934	14	427.0	427.00519980735646	0.20820155352542472	0.21094156283637422	0.6153846153846154	0.5433344407108925	False
10	2033-10-01	GARW	north	0.07957080775589655	0.008937048312760225	1.0406747498595181	0.07646078447337931	0.7376129171913799	-1.5889766165732824	22	6466.0	6465.831519032649	0.9121350053362364	0.902169280301509	1.0	0.9999521920575339	False
13	2035-04-01	GARW	north	0.0396246068358563	0.0021647254999732383	2.412566027128936	0.0164242579851841	0.9859146683208435	-36.533150438986304	4	64.0	63.04601231802776	0.5384963571837876	0.42915926747653577	0.6551724137931034	0.49664832441264606	False
14	2035-04-01	GARW	north	0.1254282463572289	0.01811212252281954	3.3821523198103076	0.03708533339038489	0.9745149014022414	-901.7590570390772	4	86.0	85.38560870508661	0.6229545454545454	0.5588212492597637	0.696969696969697	0.6581481482093762	False
13	2035-10-01	GARW	north	0.0015373647864201133	3.109671032114094e-06	0.09700402079262979	0.015848464567325644	0.9887101918584651	0.9721212213814192	6	89.0	88.99672873999863	0.4570965009501368	0.3635392054088494	0.6551724137931034	0.4814021709726261	True
14	2035-10-01	GARW	north	0.0015408552212803613	3.2747970508524883e-06	0.04587031254132165	0.03359155706410988	0.9957974245457389	0.9864302617523797	26	550.0	549.5379195487445	0.8532655405509357	0.8288794833218558	1.0	0.9812569147002588	True
13	2036-04-01	GARW	north	0.009031656649822169	8.1570821840277e-05	0.977020463980277	0.00924408135017783			1	12.0	11.99972468133358	0.27906976744186046	0.19351953809000144	0.27906976744186046	0.19351953809000144	True
14	2036-04-01	GARW	north	0.002183770961550654	8.994367908454513e-06	0.05765260645421389	0.037878095993542714	0.9892884873256177	0.9775983186314643	45	3628.0	3627.957386844892	0.9464404216907951	0.9451993800385423	1.0	0.9914896154434534	True
14	2036-10-01	GARW	north	0.26456000409662384	0.08580151333939717	4.912627597193587	0.053853054981769385	0.8359215909901866	-85.78084574696263	29	3364.0	3363.8014758499658	0.9768228737989352	0.9594100355012491	1.0	1.0	False
16	2041-04-01	GARW	north	0.010332677009331095	0.00011631623223459417	0.40144890614092044	0.025738460987869822	0.952841229222047	0.16397594774034818	7	133.0	132.93619216373148	0.050079387581719134	0.03989482723749773	0.09401709401709402	0.07907885934663647	True
17	2041-04-01	GARW	north	0.006936947740603189	6.527073195981707e-05	0.10726241050176127	0.06467268177316678	0.9954063535609085	0.971166933368011	25	5588.0	5588.045169496536	0.9301776331452258	0.921642765169902	1.0	0.9676292174132312	True
16	2041-10-01	GARW	north	0.14985305144302	0.0236001811725319	4.279684803158211	0.03501497384396985	0.9831834833411289	-69.83373338406248	7	133.0	132.8869139470326	0.050079387581719134	0.04766549271234743	0.09401709401709402	0.08573390582293618	False
17	2041-10-01	GARW	north	0.12477740577331661	0.017769175916105648	1.8492084753256266	0.06747611609953529	0.7816610362979625	-6.494561347919334	26	5601.0	5600.99385792426	0.933206515386893	0.9382580069120207	1.0	0.9805419121210488	False
19	2044-04-01	GARW	north	0.0014162988884065082	3.3345718706703466e-06	0.0501878828319912	0.028219936934731953	0.9845115733344354	0.963493592906502	14	502.0	502.00138429474987	0.9530757901818907	0.9630565358463528	1.0	1.0	True
19	2044-10-01	GARW	north	0.03155676774389369	0.0017372944708393956	0.8412072611535897	0.037513665420122876	0.44305366035584703	-2.6632851220867955	23	729.0	729.1214876596744	0.9575634472255053	0.9583725014154889	1.0	0.9805152867674825	True
19	2045-04-01	GARW	north	0.006503964170110627	6.611251743551107e-05	0.17671095297048856	0.03680566518814946	0.9026748961088893	0.6254925329213339	7	133.0	132.47564992416898	0.8586141636141637	0.8306734594503441	1.0	0.9526603953440248	True
20	2045-04-01	GARW	north	0.006173330812331766	7.233276842452938e-05	0.12696611023763815	0.04862187871060516	0.9817687875124412	0.022527771643887973	10	503.0	502.9729938355724	0.8484326939638157	0.8482900218775903	0.94	0.9780040447795446	True
19	2045-10-01	GARW	north	0.0036047276037188946	1.7457532993559514e-05	0.22081795670761284	0.016324431479510286	0.9994015589028002	0.8499167891593576	3	35.0	34.91337044094398	0.1399038580056699	0.08139784729520327	0.24	0.12193537064224523	True
20	2045-10-01	GARW	north	0.0037618087766885197	2.0041457146478722e-05	0.07920919232318686	0.047492073411627596	0.9954176766438181	0.9756241924716201	30	1804.0	1804.282278644699	0.9370437615387054	0.9376857261453249	1.0	0.9908355285686002	True
20	2046-04-01	GARW	north	0.17978500502368583	0.03647730052243942	5.6328826393264855	0.031917051452217446	0.6069670899241213	-78.28424952214819	42	2580.0	2580.1883754125856	0.8938103299059337	0.8921017073906305	1.0	0.9981450892207846	False
21	2046-04-01	GARW	north	0.04573179404068635	0.003019423796756471	1.0478077657424634	0.04364521387974385	0.9882327567736306	-8.123647265947213	13	456.0	456.01859391671627	0.24488332943839322	0.2465588638915302	0.40789473684210525	0.3733875734506493	False
20	2046-10-01	GARW	north	0.09504004873330359	0.012851300167857497	2.248503005640282	0.04226814395840225	0.0035246960949871023	-20.8836125162777	30	1862.0	1862.2148655411177	0.7796579728452433	0.7722137804804141	1.0	0.9762773871147574	False
21	2046-10-01	GARW	north	0.0798141812395716	0.011741303880272554	1.6177481532126845	0.04933659239917455	-0.8372362305313267	-12.631080974019078	19	581.0	580.9086156299851	0.2874926966779423	0.3050011686599591	0.4827586206896552	0.41625357172224436	False
20	2047-04-01	GARW	north	0.0057419018782384965	3.627105144542491e-05	0.11010931312992497	0.052147286319580086	0.9967676525447771	-0.5749391649652187	4	105.0	104.76146063367946	0.5673179893569699	0.5546349806197883	0.6153846153846154	0.6125554568331649	True
21	2047-04-01	GARW	north	0.0067791249126204515	5.171181775126573e-05	0.2280404533986254	0.029727729495302415	0.61083774411474	-17.698192057928896	4	73.0	72.83562096018908	0.412013910627104	0.38918537368791084	0.4827586206896552	0.43749425573291784	True
22	2048-04-01	GARW	north	0.026182687894489562	0.001130207034460067	0.42762937530296286	0.06122752412866842	0.9335962515718716	-0.2769881716511218	4	56.0	56.031069139037676	0.24105741028295374	0.18731863236824436	0.3	0.29086466919581155	True
23	2048-04-01	GARW	north	0.0018044795597807952	5.254588045614499e-06	0.04134125187072966	0.04364840149067665	0.9929810431398534	0.9591268186557528	12	329.0	329.1013058484669	0.6870515302585929	0.669868077242589	0.9117647058823529	0.8007337976129305	True
22	2048-10-01	GARW	north	0.1618911060226638	0.0328520694262285	6.65487580518357	0.02432669079963366	-0.9955699951421122	-259.1629154508957	8	122.0	122.15189325424004	0.2739319547391883	0.24982620077654832	0.3333333333333333	0.26032514430757075	False
23	2048-10-01	GARW	north	0.1766179771131997	0.0424325644514153	4.3950817620976945	0.040185367798232514	-0.9171465497189882	-75.46925301006338	21	563.0	562.9590283583316	0.6596712244174414	0.6656752688057344	0.9117647058823529	0.718767420862339	False
22	2049-04-01	GARW	north	0.012007501145182545	0.00016341705862251248	0.42220294879456194	0.028440116724587888	0.9601543852063062	-0.06261583878921151	3	39.0	38.962645135694835	0.20885103964496687	0.17856857721391986	0.3137254901960784	0.2629247207734779	True
23	2049-04-01	GARW	north	0.005583017016045801	5.505133277476266e-05	0.18571026587489844	0.0300630500405763	0.8309658083113666	0.34088020845575817	8	176.0	175.97978494854087	0.6503385148617404	0.663601655764348	0.782608695652174	0.7019769791305682	True
24	2049-04-01	GARW	north	0.019430311659466355	0.0005856203091709381	0.25850377633940347	0.0751645176508186	0.9959471706384835	0.14404843586817273	13	2134.0	2133.9515147362245	0.8850664180315058	0.8787350352763514	0.96996996996997	0.9587425298666629	True
24	2049-10-01	GARW	north	0.006279372887943573	4.760711976221296e-05	0.10071337469698835	0.06234894726580288	0.9984073721851906	0.9742613768725434	25	3153.0	3152.9605976118687	0.9223673282280045	0.9159835029186822	1.0	0.9659574432723425	True
24	2050-04-01	GARW	north	0.450468866749324	0.21408175247690986	8.506313010497657	0.05295700571956376	-0.9126161626292847	-4758.778152782556	10	564.0	564.0883621293012	0.9678915414585296	0.9611511640353794	1.0	0.965930340532772	False
25	2052-04-01	GARW	north	0.11523504891835336	0.017081179770354466	2.977430180576054	0.03870285512322523	0.16447553778941224	-38.25301153290211	25	1478.0	1477.9117084774384	0.9731634741707116	0.9762479712770107	1.0	1.0	False
25	2052-10-01	GARW	north	0.018716231652792372	0.001437451314622635	0.4096689485741239	0.04568623450211514	0.2625615427076673	-0.536077264360268	29	1895.0	1895.0393172071635	0.9543989367716152	0.9561413164012827	1.0	0.9760217032009117	True
25	2053-04-01	GARW	north	0.004874167323753915	3.320740192969493e-05	0.10664024384600301	0.04570664083244783	0.9252036349210535	0.08741956048027888	9	345.0	345.03389060844813	0.9425668108130907	0.9436727882815268	1.0	0.9673039798872337	True
26	2053-04-01	GARW	north	0.009023638907788527	0.00021363861728049936	0.23863245206925107	0.037813963815658526	0.9327519502216398	0.3051811801067459	17	1120.0	1119.9350068887336	0.80015345282005	0.7842737581310198	0.95	0.8020518119844776	True
28	2053-04-01	GARW	north	0.014252092652140958	0.00028815071731456694	0.35407442553653873	0.04025168615480875	0.9970768123881502	-0.7943784083913281	9	230.0	229.99003897694212	0.19258123802480306	0.19250718382566834	0.25757575757575757	0.25035865996301987	True
26	2053-10-01	GARW	north	0.0036063504171719293	1.7478973731008017e-05	0.07833637146592749	0.04603673044443367	0.9980626305342601	0.9813807205174004	26	1516.0	1515.7923668797107	0.7554024468156696	0.7470847251845444	0.95	0.8471850100105397	True
28	2053-10-01	GARW	north	0.0033431475419906974	2.278169390762154e-05	0.0739692787430088	0.04519643288135582	0.9964664322940233	0.9628827561275609	16	372.0	371.9982293606208	0.2347794185007719	0.23912151956859862	0.375	0.38002433395840907	True
26	2054-04-01	GARW	north	0.010000307677563255	0.00011701997243592349	0.22863507208449232	0.0437391673394169	0.896183283567215	-3.003867083977654	7	225.0	225.15331430861548	0.6613114786144342	0.6671699121120288	0.8051948051948052	0.7426629282092058	True
28	2054-04-01	GARW	north	0.012280464966868307	0.00022044118099946	0.3576873473622312	0.03433295881845057	0.861040603747927	0.31405750322063675	14	229.0	228.91246579182578	0.46980420863650724	0.4701698158964365	0.7142857142857143	0.6684424153079109	True
29	2054-04-01	GARW	north	0.006479914411122796	6.882854646488529e-05	0.18671376517499527	0.034705070646770864	0.9732309859664017	-0.3141004542936794	6	100.0	99.73994302251046	0.4486141482562142	0.4459210670475103	0.5897435897435898	0.5503218538661658	True
28	2054-10-01	GARW	north	0.0030466792312669358	1.2927865682529179e-05	0.13307104082120727	0.022895133399913954	0.9929420387469975	0.9289916182621738	14	235.0	234.63145154403824	0.5306407881307222	0.5192521401167355	0.6666666666666666	0.620793046641616	True
29	2054-10-01	GARW	north	0.004043536284365475	1.991092997867706e-05	0.1142836858686745	0.0353815704632766	0.9969849101865573	0.934281501338255	12	200.0	199.90973827661654	0.48753320517033005	0.48026474161825305	0.5925925925925926	0.5130156046222444	True
0	2025-10-01	GARW	south	0.0199469028847416	0.0005464912086372095	0.34665831233074834	0.05754052960861981	0.8990804279345966	0.12825305566096012	23	743.0	742.8797710816277	0.5032145593243332	0.48442026609345257	1.0	0.9968548269280403	True
1	2025-10-01	GARW	south	0.01699327081704421	0.0003776174265955135	0.38548759880979944	0.044082535649684375	0.9570200476612881	0.14343504553988895	16	1496.0	1495.9989732920208	0.5996383445637302	0.581301289772052	0.7445652173913043	0.7795966991601011	True
2	2025-10-01	GARW	south	0.015963476464343613	0.0003830020910825023	0.442893801034122	0.036043576196077155	0.9933891228498359	-0.3215440143151753	10	170.0	170.07859677097377	0.08626038054455556	0.08615747123867103	0.10328638497652583	0.10644143906439603	True
0	2026-04-01	GARW	south	0.06627566239221133	0.006468037317054498	1.3876862825086809	0.047759831042213055	0.36596775422240585	-9.463908539617268	22	729.0	728.76732514615	0.4036939070459976	0.3845239403840001	0.9	0.784413585407523	False
1	2026-04-01	GARW	south	0.090699087035557	0.013168658016544736	1.7634821855705802	0.05143181358886879	-0.4054180013750036	-10.00855049915582	24	1850.0	1849.953026703291	0.662846482709667	0.6419032706862634	0.8888888888888888	0.7665219407747901	False
2	2026-04-01	GARW	south	0.06112928804387432	0.004436331798156292	1.4444744623510546	0.04231939687211853	-0.7441590903187725	-9.250894764972916	11	186.0	185.9423720100603	0.09024410056896034	0.10128398383698743	0.13008130081300814	0.13252634139214362	False
1	2026-10-01	GARW	south	0.5189828899824106	0.2859678880949514	10.49225932188072	0.049463406694506266	-0.9749300260218268	-6006.198714875021	6	192.0	191.95608163335572	0.7941501771268079	0.8085262670274527	0.8888888888888888	0.8413143686333263	False
3	2028-10-01	GARW	south	0.050122276386546885	0.002984503925888704	0.6495113637936766	0.07716920623804313	0.8528932421718778	-0.7228795370204626	5	59.0	58.8441598978423	0.040889080322971214	0.04253780963893568	0.07006369426751592	0.06941461642823853	True
4	2028-10-01	GARW	south	0.048727256507801395	0.0042689728038165856	0.5138940081645309	0.09481966268071496	0.8216222593609921	-1.3151686004980325	18	1200.0	1200.0176904371988	0.34478745436114333	0.3473540949145113	0.6818181818181818	0.6437797737265648	True
5	2028-10-01	GARW	south	0.03901370547748269	0.0032973320410510792	0.3157173989219319	0.12357160425969964	0.7934979477908939	-0.6367656572901268	15	3760.0	3760.0046065934284	0.6774796769898208	0.6654995704527674	0.8829268292682927	0.8632210290254654	True
3	2029-04-01	GARW	south	0.0576892515066622	0.004063804155994975	0.5655151060251293	0.1020118665125432	0.7175712328989536	-1.6892182806142388	8	102.0	101.9619002172704	0.03538350431450457	0.056729503235116455	0.07006369426751592	0.06895950017186316	False
4	2029-04-01	GARW	south	0.08602181288405181	0.01063331566215593	0.8986843706842181	0.0957197161652635	0.2966152486182418	-5.300426517281307	20	1229.0	1228.91450174177	0.3501488915734308	0.36252601150539754	0.6818181818181818	0.7258207078459539	False
5	2029-04-01	GARW	south	0.07608465426629925	0.00919188095442051	0.6352243851341149	0.11977602882835724	-0.2654785670104557	-2.05305564553622	21	4118.0	4117.9644647935365	0.7401172296646583	0.7121073582083433	0.9545454545454546	0.9354640104577461	False
5	2029-10-01	GARW	south	0.023497416183294796	0.000710285016230508	0.3704403982736688	0.06343103045131622	-0.17943625362666482	-0.0064785376616351975	4	140.0	139.5852442183756	0.9038677043996193	0.8956791634981871	0.9545454545454546	0.9096045404112664	True
7	2030-10-01	GARW	south	0.060780635858656555	0.004760315120391246	0.8818114097307342	0.06892702361065643	0.9929445490754889	-7.740226386573793	13	2726.0	2725.825086182691	0.964956778981573	0.9665298270479169	0.9975186104218362	1.0	False
7	2031-04-01	GARW	south	0.09819484526620813	0.015773427723331346	1.4425095546593565	0.06807223213810636	-0.4895813805304954	-5.965065790394329	24	4064.0	4063.7996700902154	0.9799284605009745	0.9819939826279455	1.0	1.0	False
7	2031-10-01	GARW	south	0.002449441413463512	1.0203221265371204e-05	0.041411554803626474	0.05914874302785199	0.9791040353295789	0.7953675879927137	8	498.0	497.8386750576666	0.9981222003714629	0.9981413760480519	1.0	0.999258546829259	True
8	2032-10-01	GARW	south	0.05593471511432733	0.0031941256016805486	0.8691870395717249	0.06435290975103365	0.9994833055979533	-2.0423138032685446	7	93.0	92.93867356726187	0.02816017272839067	0.029856001251620554	0.04892966360856269	0.051938536266229116	True
9	2032-10-01	GARW	south	0.03973868045491097	0.002270340211138187	0.6676641478760648	0.059518967105430774	0.9921228950792829	-0.303170951087365	21	5187.0	5186.979780171092	0.9516074699142685	0.9541587530836091	1.0	0.9928915142895803	True
8	2033-04-01	GARW	south	0.008686977174604862	0.00014504634706613074	0.21235214023123894	0.04090835705797576	0.9973360736931888	0.7448870141255921	6	80.0	79.97009536389157	0.028458673456956126	0.026305046013558698	0.04892966360856269	0.04180493383930463	True
9	2033-04-01	GARW	south	0.004396983522880151	2.8017639870075663e-05	0.06298020265968028	0.06981532826497373	0.995842228763161	0.9885807776513021	26	5308.0	5307.9809754856815	0.9602144250006853	0.9584865163598951	1.0	1.0	True
11	2034-10-01	GARW	south	0.18665336195110563	0.04179555944171447	3.0399260295326926	0.06140062624477695	0.3717928453327721	-77.88432296417126	10	255.0	254.69622682905555	0.2198741692726717	0.2260414778087339	0.44	0.35441028776886996	False
12	2034-10-01	GARW	south	0.05645840970655932	0.004288452637119176	0.951229884010624	0.05935306560020643	0.9790618577641665	-11.71196278828478	9	458.0	457.96811218157137	0.3283403983818047	0.31102472110685503	0.3968253968253968	0.3606300700985307	False
13	2034-10-01	GARW	south	0.09421093164868019	0.010712958283814557	1.6447738254980013	0.05727895847330571	0.9658045877954522	-32.03893285731219	10	678.0	678.1767463645207	0.4421933500529904	0.44474234060020673	0.5348837209302325	0.5151482293201979	False
11	2035-04-01	GARW	south	0.003588729999604939	2.506071971849283e-05	0.0787807034400913	0.04555341400745405	0.9973277806298504	0.9636863508432797	17	418.0	417.9819580225522	0.18204429258838858	0.1722648371407753	0.44	0.31944859717559776	True
12	2035-04-01	GARW	south	0.0017387356499312394	7.04178183190934e-06	0.02782701800322813	0.06248372174587783	0.9993056235433818	0.9943973456107971	20	983.0	982.9557425311322	0.35421744723540677	0.3401159535119529	0.5555555555555556	0.37349751951599186	True
13	2035-04-01	GARW	south	0.001521460420292243	4.338594000859876e-06	0.0257602296888875	0.05906237788510766	0.9992731142072637	0.9968917756351833	23	1425.0	1425.0539315145315	0.47144327874684755	0.4777336327001617	0.5564516129032258	0.5257090120783929	True
11	2035-10-01	GARW	south	0.005265712969917361	4.3965484532429685e-05	0.1491849582678539	0.03529654082459872	0.968134814150899	0.2757507112635684	5	95.0	95.11065138944385	0.12020790597269189	0.11931214570023434	0.13709677419354838	0.1290653536065398	True
12	2035-10-01	GARW	south	0.002078476507961742	1.0732734964591689e-05	0.05430470827537494	0.03827433336759586	0.9710863760892342	0.8883190074527689	9	356.0	355.9454892474154	0.3773321878579986	0.3650964987651624	0.5555555555555556	0.37907438510169295	True
13	2035-10-01	GARW	south	0.0027822781356832203	2.1894562208721598e-05	0.06026452111938845	0.04616776312171008	0.9783986091305825	0.8536427105877935	11	530.0	529.8634392454545	0.4981270458061751	0.5147689636909022	0.5564516129032258	0.5219340279706605	True
14	2035-10-01	GARW	south	0.00222401806746054	8.211007652806164e-06	0.03992377923612728	0.05570660167983326	0.9981311944039293	0.9941033561649993	20	4471.0	4471.003553688168	0.9794503476463549	0.9573024052870587	1.0	0.999123142574521	True
14	2036-04-01	GARW	south	0.09151777630896932	0.0127489583869276	1.4931380467784006	0.06129224053089288	0.2816747570575061	-5.610168144500884	25	4673.0	4672.978341339579	0.9815341551479855	0.9736270730719478	1.0	0.9984973861414923	False
15	2040-10-01	GARW	south	0.03294090028375564	0.0010851029115043324	1.1483997814966147	0.02868417498375564			1	10.0	10.072640272718132	0.03968253968253968	0.014151987996136635	0.03968253968253968	0.014151987996136635	True
16	2040-10-01	GARW	south	0.01498363846154713	0.0002779403727239868	0.3004987726792118	0.04986256126091553	0.8784001235979492	0.3576291027137888	13	459.0	458.67701220837904	0.3359979707963525	0.31885178479457166	0.7857142857142857	0.5033626429640174	True
17	2040-10-01	GARW	south	0.013702824907322463	0.00027034837604598256	0.20465359637210806	0.06695618914220068	0.9199045937878929	0.49036630430530626	12	1524.0	1523.8602641070638	0.6457064510643556	0.6491787373470804	0.8375796178343949	0.848609635075038	True
16	2041-04-01	GARW	south	0.00456568511038668	2.728152345670755e-05	0.08684076185537114	0.052575369133571116	0.9974197479022743	0.9780413435002162	18	576.0	575.7523133017089	0.27557145427186475	0.2576938797849906	0.7857142857142857	0.47899482780004443	True
17	2041-04-01	GARW	south	0.0058717225571172	5.309669229701346e-05	0.09001900271545332	0.06522758950882286	0.9980872635907202	0.9713147810054653	24	2779.0	2778.9694625392417	0.7787685744968625	0.7754402840202096	1.0	0.9530940898748396	True
16	2041-10-01	GARW	south	0.4111514539260455	0.1726767221386595	8.339238044259504	0.049303239905601516	-0.9988548264480929	-6979.685800655278	3	62.0	62.01236606137179	0.1330391272602328	0.09656895538105646	0.18461538461538463	0.10762652780832102	False
17	2041-10-01	GARW	south	0.4454620994040783	0.20360461013653688	8.922827429488915	0.04992387255320858	-0.6860991046848434	-2078.999853152536	10	745.0	745.0000121931356	0.9152546785297812	0.9282055237065506	1.0	0.9519275163365964	False
18	2043-10-01	GARW	south	0.11589903186098663	0.029159611604185377	2.896421639358638	0.04001455806228904	0.7173144401564853	-85.22225366291568	13	314.0	313.66516782687495	0.2916033807691517	0.28702999120107997	1.0	1.0	False
19	2043-10-01	GARW	south	0.07089567898944311	0.006374476297124375	1.232680018867401	0.057513448668197596	0.9874977729888368	-14.50213789315178	14	1940.0	1940.0240329975522	0.8143650052135382	0.8056567917387929	0.9137931034482759	0.9115249746256376	False
18	2044-04-01	GARW	south	0.049283464930177504	0.002931779656240703	1.2530179466909246	0.03933181089730553	-0.5438079868669321	-5.817799936295508	14	339.0	338.9115692473095	0.14983005257707274	0.1392807716551022	0.38596491228070173	0.2767324190348631	False
19	2044-04-01	GARW	south	0.10019423295716444	0.016915367020400498	1.7292899783829803	0.05793952096504589	-0.4642115190723507	-8.491872743646066	26	2978.0	2977.9815256402385	0.8707813096261692	0.8683529506780254	1.0	1.0	False
19	2044-10-01	GARW	south	0.03088063437931733	0.000993615566446146	0.5465945803629175	0.056496415238537115	0.9442413636132019	-20.956488858710994	9	454.0	454.1621695198559	0.9421460107449159	0.9097663200100823	1.0	0.9285053316459665	True
20	2045-10-01	GARW	south	0.017386050346065992	0.00048361353406777013	0.3247868008826706	0.05353065549097456	0.942406756349189	0.47936174023259226	21	3696.0	3696.0154509276176	0.9778306482951319	0.9782522670262975	1.0	0.9946088891151662	True
21	2045-10-01	GARW	south	0.0020522371707371104	4.21167740495506e-06	0.06370308300677917	0.03221566482926289			1	11.0	10.55784559568569	0.03151862464183381	0.01614927669143802	0.03151862464183381	0.01614927669143802	True
20	2046-04-01	GARW	south	0.10459377974924526	0.016206234493867315	1.6330795784126713	0.06404695835515183	0.05633467860303262	-7.594574403246574	28	4061.0	4060.801549421957	0.9648187721659541	0.9632500568856149	1.0	0.9902713940443533	False
21	2046-04-01	GARW	south	0.06728989804138583	0.0045279303784201	3.117137128364242	0.021587083041385822			1	11.0	10.835420887518879	0.03151862464183381	0.021592562321634343	0.03151862464183381	0.021592562321634343	False
20	2046-10-01	GARW	south	0.0054481903273498385	3.7151580924729474e-05	0.08088578933979992	0.06735658230968207	0.9095409525962657	0.03508611372771553	5	157.0	156.97479202056792	0.916862358736598	0.8796791559684756	1.0	0.9856879744543549	True
22	2048-10-01	GARW	south	0.034599358684996334	0.0014048213992999545	0.9805660658343366	0.03528508673768625	0.9941210158726784	-22.31275070497983	8	189.0	189.1002951469934	0.41277988651177056	0.40073987696014435	0.5061728395061729	0.48569562478997097	True
23	2048-10-01	GARW	south	0.014334757048879562	0.0003318691009380347	0.39680411914160674	0.03612552480526026	0.995160634136413	-0.8037325413215006	12	273.0	272.9994592851526	0.5539160644545452	0.5469192502021268	0.7777777777777778	0.6675376179415113	True
22	2049-04-01	GARW	south	0.006484420229419001	5.689952254749745e-05	0.17442727175916553	0.03717549534554517	0.9676048511650472	0.880057220291468	16	356.0	355.9520450833246	0.4052590828296089	0.3888926720050977	0.5128205128205128	0.4308142062925386	True
23	2049-04-01	GARW	south	0.0034542353592421295	1.7562251613996655e-05	0.08698043900031793	0.03971278368955465	0.9822004358638146	0.9596141393824049	21	477.0	476.911101699476	0.5064948354627983	0.49708008836573303	0.7777777777777778	0.6979770941113445	True
22	2049-10-01	GARW	south	0.007472367360666807	0.00014024254227338036	0.23292924889358202	0.03207998736165888	0.9842698221400574	0.6250498199489216	7	126.0	125.75611320650545	0.35045783243697387	0.3323174688356926	0.5128205128205128	0.3922526947494863	True
23	2049-10-01	GARW	south	0.0046518951772831	2.8894178715150312e-05	0.11400979726351726	0.04080259143458446	0.9329965956216248	0.5881908767870963	7	137.0	136.9944580151069	0.4344420553537095	0.40998931603148936	0.4666666666666667	0.45157586612386524	True
24	2049-10-01	GARW	south	0.012437632911275637	0.00023015131471411775	0.25790782178971056	0.04822510936258796	0.9913905772819851	0.7827324194053038	23	4061.0	4061.0152697223816	0.9653181292122265	0.9530793679869324	1.0	0.9909359364206316	True
22	2050-04-01	GARW	south	0.04465142037629875	0.0019937493416209476	4.47460151360834	0.009978859623701248			1	11.0	10.70463992339343	0.02729528535980149	0.02353998860031808	0.02729528535980149	0.02353998860031808	False
24	2050-04-01	GARW	south	0.13401203622881608	0.02221361297618448	2.0713556077411943	0.0646977446692293	0.44306677187889126	-12.91687107326224	28	4191.0	4191.190055469511	0.9603511038293296	0.9429399211885956	1.0	0.9776987987600665	False
25	2052-10-01	GARW	south	0.14458075966963854	0.02781899846529949	4.20912831876301	0.034349335235312646	0.9781079482090209	-149.59354450094276	13	499.0	498.8845276283256	0.5088959705741561	0.4995757378472106	0.9166666666666666	0.6677286278247366	True
26	2052-10-01	GARW	south	0.14667687315969227	0.030039074827157553	3.0904196439086893	0.0474617980923066	0.9797360635179004	-209.45476250695103	11	583.0	583.0152902170762	0.49907959970223686	0.48093190944882436	0.6012658227848101	0.6552341145633732	True
25	2053-04-01	GARW	south	0.0031127107465543343	1.3622196858243007e-05	0.06607392113115317	0.04710952056827037	0.9991273583661018	0.9804169791484102	21	731.0	730.8572370059363	0.41203703364438987	0.4072105439856332	0.9166666666666666	0.6584855007735335	True
26	2053-04-01	GARW	south	0.005061243815784125	3.1768218847450874e-05	0.10550242403750842	0.04797277277709507	0.9993841170136346	0.9647336276263851	24	1305.0	1304.9985788416807	0.6239448233381427	0.6219946595723079	0.8181818181818182	0.8158731221541506	True
27	2053-04-01	GARW	south	0.010063601711353653	0.00010127607940476018	0.6221248432101908	0.016176177211353653			1	10.0	10.06087185944179	0.06896551724137931	0.026606055427541957	0.06896551724137931	0.026606055427541957	True
25	2053-10-01	GARW	south	0.004593003684674409	2.6162860140191034e-05	0.09813627594174447	0.046802302620499905	0.9832853850488608	0.6325641680793462	6	148.0	147.98100925505577	0.24585844819295402	0.23163533431635783	0.31932773109243695	0.27733796894968593	True
26	2053-10-01	GARW	south	0.007868376385839322	8.443648773507168e-05	0.22097380493237342	0.0356077336327143	0.9139902058909984	0.8086396501061345	24	759.0	758.6548753747742	0.577530891230872	0.5708514759961764	0.8181818181818182	0.8401221345070877	True
28	2053-10-01	GARW	south	0.004830626139260725	4.520781625455093e-05	0.14033751578113418	0.03442148816995173	0.9514911231314308	0.43198241404617066	10	305.0	305.00096580682236	0.5098814707305273	0.4927899302864393	0.6309523809523809	0.6261340877754781	True
29	2053-10-01	GARW	south	0.009065913190490747	8.219078197751411e-05	0.9591954375896057	0.009451580809509252			1	13.0	13.014248519299382	0.15476190476190477	0.12871914431945725	0.15476190476190477	0.12871914431945725	True
26	2054-04-01	GARW	south	0.02362745375541008	0.0006057005802424134	0.9661661856502622	0.024454854771705774	0.9655212716471202	-1.5066373576711278	16	270.0	269.9442813699602	0.3925610842631129	0.35690477845566493	0.7333333333333333	0.5891325533693467	True
28	2054-04-01	GARW	south	0.0167864011252813	0.0003956964590751018	0.44448636830655575	0.03776584012966617	0.8949344867488773	0.27160575964437705	21	608.0	608.0030932991555	0.552085285220393	0.5452358310842839	0.7352941176470589	0.6021460616149044	True
29	2054-04-01	GARW	south	0.013693981269687228	0.00028574525544292014	0.7365575188042612	0.018591869501133118	0.9328347796827426	-1.2062717071774678	9	117.0	116.96877479615137	0.29032473977112333	0.24128921111313575	0.52	0.35211041924276404	True
26	2054-10-01	GARW	south	0.004001762194275015	1.6014100659528784e-05	0.14279499094566425	0.028024527805724984			1	11.0	10.855543210709858	0.18032786885245902	0.14690903819501838	0.18032786885245902	0.14690903819501838	True
28	2054-10-01	GARW	south	0.004752432872275504	2.943447295874204e-05	0.13791539652643817	0.03445904512455554	0.9769894677724263	0.9015037966144435	15	329.0	328.9792257390148	0.40678337722058283	0.4039118263894074	0.7352941176470589	0.6483324818539904	True
29	2054-10-01	GARW	south	0.0035949185813216687	1.671663897868521e-05	0.08200762920795404	0.04383639200452575	0.9797254752101947	0.9550257288327707	21	1133.0	1132.5395296950055	0.6979594942531236	0.6828225088737083	0.900709219858156	0.8758419934929804	True
0	2025-04-01	GARW	tropics	0.08378116585744977	0.009090745591402393	3.4872506487371377	0.02402499111665232	0.34308874631900405	-213.33123060838219	11	1182.0	1181.9657452271167	0.9794981828670832	0.980118317586138	1.0	0.9950381703850232	True
1	2025-04-01	GARW	tropics	0.03309228690937786	0.0010950994528925815	0.68047082470744	0.04863145590937786			1	10.0	10.000158907165531	0.0641025641025641	0.05783918606449548	0.0641025641025641	0.05783918606449548	True
0	2025-10-01	GARW	tropics	0.003242664698463476	1.771435501312919e-05	0.13001850864212888	0.02494002378837301	0.9878558174623658	0.9394722384484827	33	2918.0	2917.939537314004	0.8406291585350871	0.8397039679490242	1.0	0.9977245726360271	True
1	2025-10-01	GARW	tropics	0.002854284194671629	9.565403917833389e-06	0.14075502884616328	0.02027838165406643	0.9012388802431464	0.8040949823676978	13	191.0	190.71777666526646	0.24003062801893013	0.22593219595153796	0.5405405405405406	0.4069522163049332	True
0	2026-04-01	GARW	tropics	0.04842836089171641	0.003632378586218908	1.9502163908547119	0.024832301235296228	0.8186808550517768	-88.63557252657385	20	1380.0	1379.9854485399937	0.7528808793162217	0.736590478073437	0.9444444444444444	0.9663324218929946	True
1	2026-04-01	GARW	tropics	0.04723918954928964	0.0034520864372669024	2.8712806289429675	0.01645230670701814	0.7700986242847119	-59.3194924665662	13	192.0	191.5890527688891	0.30080521928132625	0.29010092428233725	0.8571428571428571	0.5497669533440271	True
1	2026-10-01	GARW	tropics	0.006016827390380649	3.620221184563481e-05	0.3920985307523666	0.015345192390380649			1	12.0	11.827858897434288	0.8571428571428571	0.6460220791149821	0.8571428571428571	0.6460220791149821	True
2	2026-10-01	GARW	tropics	0.0017591913192643897	3.0947540977751836e-06	8.007867128170027	0.00021968288073561024			1	11.0	10.876509772707443	0.8461538461538461	0.7429127127914522	0.8461538461538461	0.7429127127914522	True
2	2027-04-01	GARW	tropics	0.00812628574013894	0.0001008247771906831	0.35833805226815707	0.022677708071197955	-0.09846369105253461	-0.017324929501600916	9	109.0	108.11476813404808	0.6792115616677019	0.5913483231353351	0.8571428571428571	0.7541859298866452	True
3	2027-04-01	GARW	tropics	0.010327567836647645	0.00019566639029798067	0.6537034877095653	0.01579855091921445	0.9888168491061251	-0.4466642549588209	5	62.0	61.71617786955042	0.5595704948646125	0.5200495648515753	0.6470588235294118	0.5634114818186529	True
2	2027-10-01	GARW	tropics	0.0011476202357267842	1.9063318279210926e-06	0.1771890487182633	0.006476812444269849	0.9214144859034904	0.799888195755324	20	248.0	246.57290777769978	0.5224362687500841	0.4557836189031906	0.8571428571428571	0.6161466907860463	True
3	2027-10-01	GARW	tropics	0.0010994116622920146	1.7175217814599294e-06	0.12111959597201938	0.009077075046931274	0.9211810014399406	0.8198976547205366	29	498.0	497.77976601840186	0.592391883870897	0.5715850643269896	0.8571428571428571	0.6281213005565507	True
4	2027-10-01	GARW	tropics	0.0006117451810840249	3.7423216657952634e-07	0.042928759823101396	0.014250241181084025			1	10.0	10.000009403687727	0.2857142857142857	0.18894214082806168	0.2857142857142857	0.18894214082806168	True
2	2028-04-01	GARW	tropics	0.0019138366749582299	5.354776844196081e-06	0.35458824818170176	0.005397349418014333	0.5677411340619377	-1.2964027012462003	10	129.0	128.58201874087754	0.42274297116007553	0.38703832558091167	0.7	0.49946678279477025	True
3	2028-04-01	GARW	tropics	0.0013216951985843646	3.0615464198006945e-06	0.10109582733092155	0.013073686951074645	0.9611264276898047	0.9006751419925083	45	790.0	789.9200421419829	0.5456671825917054	0.5388292972720697	0.8571428571428571	0.6334933706645232	True
4	2028-04-01	GARW	tropics	0.0010809963041830079	2.396514661351077e-06	0.0841011488696574	0.012853526006622928	0.8643531668820833	0.6846150818284719	20	359.0	359.2474768036508	0.5142961061736122	0.4946273619525992	0.8260869565217391	0.7429081172481695	True
3	2028-10-01	GARW	tropics	0.003612175865829749	2.6313759487200087e-05	0.37040408540581304	0.00975198710854462	0.6767626610409999	-4.804531804181344	20	318.0	317.89567347421786	0.46839777515691206	0.44946026922035937	0.6410256410256411	0.6107798902341339	True
4	2028-10-01	GARW	tropics	0.03803647635370421	0.003742425849314849	1.8854129130808106	0.020174082870553636	-0.26840092026994644	-105.08824901019545	45	874.0	874.0045487065528	0.6364172228747103	0.6282891011450299	0.95	0.820895230543808	True
5	2028-10-01	GARW	tropics	0.03744827174463232	0.0019620352461480473	1.338810452810803	0.027971302185466587	-0.4885899429300914	-96.75628158993052	5	89.0	88.66819372687726	0.4661783413708959	0.42468159357137064	0.6097560975609756	0.5343420303807482	True
3	2029-04-01	GARW	tropics	0.0014060630230498254	1.977013224788014e-06	0.4767337357467597	0.0029493675769501743			1	10.0	10.02070097960055	0.23809523809523808	0.12087272368241818	0.23809523809523808	0.12087272368241818	True
4	2029-04-01	GARW	tropics	0.0048130127684872445	3.202830052477911e-05	0.2950749676833653	0.016311152403994913	0.12593240501566538	-0.5176632496082862	31	586.0	586.0070571631412	0.6097645541920649	0.606599165617547	0.9230769230769231	0.8321337718216569	True
5	2029-04-01	GARW	tropics	0.0068691308437658725	8.294503017585658e-05	0.2171750963621551	0.031629459172938974	0.8981662157013534	0.5273863482842422	31	2097.0	2096.9999332524676	0.7800686193584899	0.7678396367258763	0.9532710280373832	0.9616967801490034	True
6	2029-04-01	GARW	tropics	0.033725991362433524	0.0011374424933789408	3.8265827573090307	0.00881360563756647			1	13.0	13.020286910523941	0.14942528735632185	0.10055662574821249	0.14942528735632185	0.10055662574821249	True
4	2029-10-01	GARW	tropics	0.00810186017408167	7.737329026223568e-05	0.4291449433721872	0.018879076403459143	-0.33980799627515584	-0.4764978650205187	4	62.0	61.8422921038299	0.26345968201368897	0.21590741975683497	0.38461538461538464	0.269723672860959	True
5	2029-10-01	GARW	tropics	0.005200059997556811	4.2665664179407814e-05	0.21009600434964026	0.024750875266066025	0.9199041850909263	0.7437193765004924	38	2418.0	2417.6142515369047	0.7307756487291482	0.7180034188730579	0.9532710280373832	0.9480473559357852	True
6	2029-10-01	GARW	tropics	0.0049364821083385454	3.5079688610379974e-05	0.36928454146140083	0.013367692264623341	0.3927724111564286	-1.157368531332755	27	1324.0	1324.0021765232827	0.6720025393271842	0.6698236151780516	0.975	0.9904825150924885	True
5	2030-04-01	GARW	tropics	0.023474297674894194	0.001127026112466456	1.1550678694154293	0.02032287305054581	-0.8129002309288631	-221.0887124299456	13	390.0	389.9193315193457	0.4802327294796352	0.45921013198209987	0.7945205479452054	0.7851731587804185	True
6	2030-04-01	GARW	tropics	0.021337381043275136	0.001198304759093314	0.42243351629974213	0.050510625269929985	-0.003729873303959662	-4.416024795643472	47	2253.0	2253.0959192313576	0.8073867014574123	0.8065693013218445	0.9868421052631579	1.0	True
6	2030-10-01	GARW	tropics	0.003182746449088608	2.0812774712367764e-05	0.16635065606106247	0.019132755616667448	0.8503497006536048	0.2267585798394044	20	807.0	806.9426266536124	0.9087423490180203	0.9204661851735303	0.9868421052631579	0.9930651955177175	True
7	2030-10-01	GARW	tropics	0.0015505715486230963	5.078324169777072e-06	0.07638794011025463	0.020298643298733765	0.3845617346080929	-0.04561481131367784	17	473.0	473.01173324451815	0.9301527134745721	0.9197042479815947	1.0	1.0	True
7	2031-04-01	GARW	tropics	0.000929430325605889	1.5407221834027197e-06	0.0466853297403707	0.019908402291998226	0.9932195590987808	0.9847911585947385	43	2191.0	2190.8601599613826	0.9689310251780611	0.9628994251030332	1.0	1.0	True
7	2031-10-01	GARW	tropics	0.0011403134814560283	1.8680753791452241e-06	0.061292473184468975	0.018604461889212436	0.9904378865950664	0.9748399852713453	35	1775.0	1775.0216104878398	0.9552448739706685	0.9417044170524623	1.0	0.9997116412580338	True
8	2031-10-01	GARW	tropics	0.002950193160133103	2.5024240837651694e-05	0.1302361899242652	0.0226526371959184	-0.826948114960125	-0.46940978116025445	3	42.0	42.00004215369263	0.9111111111111111	0.8102471789517195	1.0	0.9419285692215252	True
7	2032-04-01	GARW	tropics	0.1334551870519574	0.018060446505496597	6.310629245284604	0.021147683038371667	-0.2932873739312124	-8430.913857236877	9	147.0	146.89322328286488	0.8510353299568986	0.8030826908574962	1.0	0.9532195773940545	False
8	2032-04-01	GARW	tropics	0.20261918965452952	0.04526679759655045	8.142523592284803	0.024884077688950765	0.8219759769308261	-456.8940549056635	29	1131.0	1130.9097970266196	0.7353022035583623	0.7155440077997841	1.0	0.8693243857053851	False
9	2032-04-01	GARW	tropics	0.05702990786473641	0.004165082005682954	1.8643742961260117	0.030589301720818085	0.9827734348039774	-357.19128567692314	13	624.0	623.9711776926256	0.4123936504511051	0.4053255337543295	0.6293706293706294	0.6631468385570135	False
8	2032-10-01	GARW	tropics	0.027329363823011224	0.003089062102583066	0.4664312269048286	0.058592483192784935	-0.7587102655027915	-7.893531905615108	34	1330.0	1329.971397136229	0.5343380456565319	0.5350662229112614	0.9629629629629629	0.862823898193013	True
9	2032-10-01	GARW	tropics	0.046402505478809884	0.004949474466384843	1.4409539457819254	0.03220262910875325	-0.10170502747680057	-14.59141867475167	39	2612.0	2611.956232605031	0.7383666975879744	0.7339923506217657	1.0	0.9954149879530689	True
8	2033-04-01	GARW	tropics	0.007403995392014906	7.200849628456502e-05	0.22757964625170946	0.03253364487536763	0.9545726564308408	-0.7358521398527795	8	150.0	149.7755795063668	0.13639302218967597	0.14931439304259314	0.2152777777777778	0.21749199012861972	True
9	2033-04-01	GARW	tropics	0.005749845300476427	3.998029175692009e-05	0.24883170404355343	0.02310736617175608	0.9289341845904162	0.4110395609390556	26	1715.0	1715.0819872783582	0.9329512274829069	0.9262760593523031	1.0	0.9920052834263196	True
10	2033-04-01	GARW	tropics	0.007342770255829077	9.099098838668555e-05	0.20237024624670977	0.03628384306494097	-0.8212050002572278	-0.49546897853219307	7	141.0	140.89109963819038	0.833579860999216	0.7913184875967694	0.9166666666666666	0.8674609733746631	True
10	2033-10-01	GARW	tropics	0.003847780378571995	2.7861610424305056e-05	0.12996933098974803	0.029605294951279757	0.9212978960974559	0.8206301085491763	33	1428.0	1427.9842888039543	0.7244627522742365	0.6928375800689649	0.9574468085106383	0.8189504607099013	True
11	2033-10-01	GARW	tropics	0.0029586040293592	1.1080678570854379e-05	0.16478425733363888	0.017954409463817354	0.8637406288554746	0.6520472484451856	20	584.0	583.80448337114	0.3477062818985169	0.3304922047946402	0.5445544554455446	0.5007652585950956	True
10	2034-04-01	GARW	tropics	0.05205165886413818	0.005183779770834836	3.3116005042713064	0.015717976488106546	0.03263874441527176	-71.6842273659531	37	1440.0	1439.9236405965603	0.5729322689911162	0.5640111915903537	0.8727272727272727	0.854608079221383	True
11	2034-04-01	GARW	tropics	0.04186166888998143	0.004171506873671809	1.8655220022924668	0.02243965433725213	-0.2851025574605409	-28.458946841004078	42	1049.0	1048.6997921975906	0.4572534236122499	0.45252529737448055	0.7058823529411765	0.5905174824663881	True
10	2034-10-01	GARW	tropics	0.0012684441352202606	2.584741919328545e-06	0.0798901944417421	0.015877344448638704	-0.23840000998156702	-0.06533411584942339	11	190.0	189.7860243007961	0.41000617312011606	0.38414465001920084	0.52	0.4302873109202525	True
11	2034-10-01	GARW	tropics	0.0023399309507824775	8.36265432863198e-06	0.15266166299922335	0.015327560992142355	-0.25653292999914357	-0.00976230527719002	20	377.0	376.7743645616764	0.5614157275447693	0.5535037699971126	0.7058823529411765	0.5856868708290632	True
12	2034-10-01	GARW	tropics	0.002896272906366862	1.0342469896009634e-05	0.2130417223926839	0.013594862423372536	0.22683998391461824	-3.283920700295524	6	83.0	82.97415817189376	0.4905306046610394	0.4371949904145061	0.5652173913043478	0.4428140820324666	True
13	2034-10-01	GARW	tropics	0.002757418878820127	9.252096144698567e-06	0.19685604165406528	0.014007286012921736	0.6156887416160348	-3.721454118481857	6	85.0	84.84531930729933	0.5628850316350316	0.4541053203494534	0.6875	0.4736496299270272	True
12	2035-04-01	GARW	tropics	0.0008092226277975193	8.958145641382083e-07	0.061441325546367734	0.013170657055353172	0.989770935855348	0.978920762305583	32	746.0	745.9579738744816	0.43621279629939846	0.42407244238441144	0.5652173913043478	0.4653389791446029	True
13	2035-04-01	GARW	tropics	0.0018682233513512359	4.953724759841165e-06	0.13639934932923103	0.013696717473643158	0.9496467951069522	0.823042737580002	32	796.0	795.7042228076045	0.4770659174523761	0.45495522799956467	0.6875	0.5023501413563529	True
14	2035-04-01	GARW	tropics	0.010611094693496925	0.00011273747245603861	0.5533890439570608	0.019174746607958277	0.9662715223748178	-106.46457127271259	5	96.0	96.26583795760257	0.30348418606483124	0.2752200154741416	0.3968253968253968	0.33575586306336874	True
12	2035-10-01	GARW	tropics	0.0023077304011524234	8.367873198359603e-06	0.1620576303262742	0.014240183547705954	0.9107183343771544	0.7826732336431632	33	756.0	755.952713016002	0.35757708088223844	0.3536064747981457	0.5625	0.4702891003033097	True
13	2035-10-01	GARW	tropics	0.0019088285287371803	6.217364641644251e-06	0.06771424875237739	0.028189466233577067	0.943815240315209	0.89075015341145	31	753.0	752.6750902382255	0.38340664052844636	0.3762699385434027	0.5555555555555556	0.5055017920119468	True
14	2035-10-01	GARW	tropics	0.002805094033419101	1.3622683211577225e-05	0.11493309385395817	0.024406321446314192	0.976786772463684	0.9188324663265062	32	2499.0	2499.0116843398782	0.7426520062542323	0.7418935316923336	1.0	0.989287698943574	True
12	2036-04-01	GARW	tropics	0.005213643624532407	3.0856224455282415e-05	0.5148561359894417	0.01012640864134389	-0.648865984978372	-17.005152442833644	7	89.0	88.98941198159714	0.13910577027444898	0.16214226278355404	0.18309859154929578	0.22710981789097417	True
13	2036-04-01	GARW	tropics	0.007131169399609903	5.594171024946947e-05	0.450401100885489	0.01583293066022711	0.7559934373699873	-4.548457540255902	6	68.0	67.28695116802558	0.12315105612837152	0.111807028729273	0.15492957746478872	0.15797417120490395	True
14	2036-04-01	GARW	tropics	0.0012746268178723315	3.6701878809084074e-06	0.057673250171519794	0.02210083208561337	0.9926999930225398	0.982393682590958	37	2736.0	2736.2971473468006	0.9110719776367968	0.9052047636757742	1.0	0.9796433110249589	True
14	2036-10-01	GARW	tropics	0.2874355134025406	0.09961877607133278	13.234790115706296	0.021718176932887547	-0.7843226700889061	-9355.250223452596	12	286.0	286.10670868803186	0.9668153646223822	0.9581306721296935	1.0	0.9761513823761653	False
15	2040-04-01	GARW	tropics	0.1903735425410147	0.05396502214099522	13.19291065321451	0.01442998800985811	0.4846753881093818	-2769.1831385938417	34	1031.0	1031.0917141881355	0.947430950937918	0.9483718497343281	1.0	0.9997369924075957	False
16	2040-04-01	GARW	tropics	0.005995457288538253	3.5945508098686466e-05	0.3588153082342349	0.016709034288538253			1	17.0	16.999999715388483	0.30357142857142855	0.2079573248919203	0.30357142857142855	0.2079573248919203	False
15	2040-10-01	GARW	tropics	0.030756640548109716	0.002990873806476588	1.2040602829294802	0.025544103550429194	-0.2275209932224222	-32.22969634259845	44	1401.0	1400.7475764368921	0.7142266377267356	0.7110898218409234	1.0	0.994381876593956	True
16	2040-10-01	GARW	tropics	0.051999884997365936	0.005272003192210566	3.079097717079881	0.016888026875185043	0.35108119874811344	-188.74509792065726	27	657.0	656.9999918883523	0.4504849517435627	0.4484875302238746	0.6808510638297872	0.5355399187707378	True
17	2040-10-01	GARW	tropics	0.013773167184369058	0.0002957954362048747	0.6354112700301284	0.021675988189060597	0.6490276744580415	-95.95556611603159	8	152.0	152.1161857481501	0.35215336824004484	0.3439696173268488	0.5882352941176471	0.4911851539008147	True
15	2041-04-01	GARW	tropics	0.003819322194600441	1.6986702164513768e-05	0.2580389136095202	0.014801341941704444	0.8651808182907177	-1.8325620305645192	18	449.0	448.7615771444409	0.4274832799128878	0.40970711116525116	0.6964285714285714	0.6903284518253261	True
16	2041-04-01	GARW	tropics	0.004070007471079024	2.686137740629365e-05	0.15394288482596316	0.02643842536587699	0.8481057363179778	0.6515693813862553	33	787.0	786.764684591093	0.4207502369614913	0.42102699236263685	0.6808510638297872	0.5438355017757106	True
17	2041-04-01	GARW	tropics	0.003907606068123942	2.4176761367415708e-05	0.1392492103235092	0.028061962140005243	0.9614323805083289	0.7704050041898294	34	1605.0	1605.207098697177	0.7322539697042681	0.7287431344302229	0.9833333333333333	0.9745447838136073	True
16	2041-10-01	GARW	tropics	0.004483321281995177	2.6850623054384987e-05	0.2588374678381055	0.01732099034750004	0.7704501174579335	-1.2835685417337896	7	131.0	130.74362191648214	0.2498740172888125	0.23366022091781077	0.32857142857142857	0.31262788556609244	True
17	2041-10-01	GARW	tropics	0.0019764593542140837	6.781630020213723e-06	0.10978921860635335	0.01800230823484255	0.9826842310466706	0.9128431647465913	39	1736.0	1736.034823302323	0.8942706310895289	0.8942153070599499	1.0	0.9863146015103361	True
17	2042-04-01	GARW	tropics	0.010127439736376361	0.00010991133386994062	0.5537323129285088	0.01828941439739294	0.6824108765916259	-10.599061384645003	13	288.0	287.68777136121025	0.9316890582220435	0.9443711754936752	1.0	0.975730618949994	True
18	2042-10-01	GARW	tropics	0.0017878045045991906	4.8654587070601475e-06	0.18283499700405284	0.009778240128499911	0.2339069683173044	-0.017460148695751743	16	246.0	245.77791975836138	0.9925881410256411	0.9810470970081409	1.0	1.0	True
18	2043-04-01	GARW	tropics	0.0014885814486988358	3.6045694509525674e-06	0.14954058903084647	0.009954363951259941	0.8581672247453909	0.7128511979967608	42	810.0	809.8586545383228	0.9877524578185014	0.9850669080689188	1.0	0.9905851284166747	True
18	2043-10-01	GARW	tropics	0.001517596819337934	3.7923636389895203e-06	0.24920484858647607	0.006089756390960892	0.5741179150005349	0.26332332625708	49	974.0	973.7957371268257	0.9340961890160818	0.9303678947625352	1.0	0.9898974643413379	True
18	2044-04-01	GARW	tropics	0.002418803682385469	1.176881077688421e-05	0.5380304923888082	0.004495662823209504	0.41372058754858554	-2.196344440263035	48	785.0	784.6629016196564	0.6206016752523308	0.6179867554488508	1.0	0.9669042919847475	True
19	2044-04-01	GARW	tropics	0.0015696116392834095	3.7160336096245537e-06	0.09439720102476803	0.016627734956585982	0.9772096678008287	0.8587754795555661	24	678.0	678.1027152951068	0.6358737687683967	0.6254323030074272	0.8245614035087719	0.7554290825886502	True
18	2044-10-01	GARW	tropics	0.004762634322236587	3.285079396966075e-05	0.4065537934830069	0.011714647356834109	0.9195951874385113	-1.0627427519975483	24	355.0	354.95030724755753	0.35066178904487355	0.33868447327060247	0.5925925925925926	0.5322378489517183	True
19	2044-10-01	GARW	tropics	0.009391968083024504	0.00011061630985995364	0.7713689844172884	0.01217571392259106	0.9512143327522153	-1.3350600747934545	48	1500.0	1500.2342714495749	0.7648020881019829	0.7631929103489284	0.9705882352941176	0.8892889625309086	True
18	2045-04-01	GARW	tropics	0.007913670891003068	6.262618697110928e-05	0.5702793158096211	0.013876833108996931			1	13.0	12.813487851151196	0.24528301886792453	0.149777871811527	0.24528301886792453	0.149777871811527	True
19	2045-04-01	GARW	tropics	0.002751103275759003	1.057662440255773e-05	0.2520600877211077	0.01091447400749525	-0.1822449091127229	-0.6780586195188338	36	880.0	879.7011668141326	0.8098758211163756	0.8057498500322056	0.9705882352941176	0.8845169351135085	True
20	2045-04-01	GARW	tropics	0.0037733532335151865	1.7666912910020846e-05	0.20156925214734916	0.018719885068367605	0.7946535582683381	-0.838528250826559	8	113.0	112.42599491399096	0.7146458953845968	0.6796049705528854	0.9047619047619048	0.8500911609432329	True
19	2045-10-01	GARW	tropics	0.002035542513514785	6.093569487304904e-06	0.18028413788265849	0.01129074658159698	-0.3534948815991875	-0.5355164160698491	10	130.0	129.75677898846857	0.6986206199313616	0.6557539774073917	0.875	0.7744130651283951	True
20	2045-10-01	GARW	tropics	0.005954056188958945	5.1899963971678555e-05	0.3294750064896919	0.01807134402210028	0.5671042547522951	0.010136556337298264	35	1924.0	1923.8254153799096	0.9016165895270778	0.8788458116946606	1.0	0.9953222119152445	True
20	2046-04-01	GARW	tropics	0.032920870151277086	0.002700952958002756	1.6981274478262267	0.019386572069969837	-0.5197758899479783	-18.832184740692394	46	2650.0	2649.958278560075	0.9260928691413398	0.9225105564188224	1.0	0.9791909182919573	True
20	2046-10-01	GARW	tropics	0.0021368968785326005	7.558023595768867e-06	0.10931943933093252	0.019547272576689423	-0.3849136673077724	-0.010017846388699514	22	764.0	764.1602720691167	0.8616849875497791	0.8471893129151613	0.9714285714285714	0.9513029516949513	True
20	2047-04-01	GARW	tropics	0.007830852963122772	6.13222581300487e-05	0.3799787922695081	0.02060865796312277			1	11.0	11.091503766840777	0.6470588235294118	0.6213556908886786	0.6470588235294118	0.6213556908886786	True
22	2047-10-01	GARW	tropics	0.0021317147710719704	5.730791536363586e-06	0.16854280698998586	0.012647913068153827	0.7906484483490206	0.09187588954820303	8	113.0	112.27048873482464	0.4547776207301836	0.41840566478362895	0.53125	0.4541581575565626	True
23	2047-10-01	GARW	tropics	0.0017525226698625336	4.67874218343876e-06	0.16827245577970604	0.010414792259030494	0.6142980588775008	0.15474295487551337	6	78.0	77.70243291102778	0.42544412501842843	0.39470456403691156	0.6190476190476191	0.40856934508877446	True
22	2048-04-01	GARW	tropics	0.0012891198488211746	2.5300285067881872e-06	0.08463309766614684	0.015231864180446055	0.9503351744548426	0.9003888076262997	30	474.0	473.4566537195124	0.42025504356224563	0.40559289795036235	0.53125	0.4242488032055803	True
23	2048-04-01	GARW	tropics	0.001380573328903974	3.352722133432772e-06	0.14577022013383104	0.009470887315917307	0.9735029175213803	0.9051082250412554	31	532.0	531.7613818697405	0.46142081421758147	0.45137151746027415	0.6190476190476191	0.49307879311161995	True
22	2048-10-01	GARW	tropics	0.013592673330374816	0.0010576868415073909	1.918215802050694	0.007086102260154143	-0.17718958929626977	-116.68149622361378	23	363.0	362.7867809973402	0.412239287031404	0.39223763329318867	0.5	0.4208180560447656	True
23	2048-10-01	GARW	tropics	0.019562807353140158	0.0014132803676296256	2.069180823108301	0.009454373022727478	-0.39658397228190545	-77.6442402010184	30	508.0	507.7622227562361	0.5005915243627485	0.48337438530127536	0.75	0.522618793982016	True
22	2049-04-01	GARW	tropics	0.003777210803701049	1.9556192789053057e-05	0.48830222755152475	0.007735395397725243	0.8427575817110865	-1.1017300425375756	4	43.0	43.07180930519705	0.4855999263894001	0.3940083270100785	0.5263157894736842	0.4278558170414745	True
23	2049-04-01	GARW	tropics	0.005135379907579852	2.751168549401484e-05	0.42567339944540844	0.012064131595421555	0.7230966968153179	-11.20905624693661	5	58.0	58.02711193542764	0.6036541889483066	0.549759003327544	0.75	0.5692913745634385	True
24	2049-04-01	GARW	tropics	0.003677749448531345	2.6943289142884155e-05	0.18093819211842743	0.020325998648887733	-0.016647876367962347	-0.539794890680712	20	833.0	833.0011173743496	0.8301548455581116	0.8226641787654984	0.9545454545454546	0.9193337440967193	True
24	2049-10-01	GARW	tropics	0.0021053914887161906	5.869107125563612e-06	0.1089819432014842	0.019318718558943054	0.9866363191040928	0.9627731669628317	46	2483.0	2482.9001045931695	0.9068834297316218	0.9031790590648753	1.0	0.9706749868140228	True
24	2050-04-01	GARW	tropics	0.009042554841553252	0.00012691088608110813	0.4410531759285394	0.020502187344000333	0.8976686588458453	-2.185856054458879	28	1508.0	1507.9047226619357	0.968898883187968	0.9681363799200062	1.0	0.9802353731513186	True
25	2051-04-01	GARW	tropics	0.0015179536670450649	4.655346630970501e-06	0.07883866439271545	0.019253924184759796	0.6349879753520721	0.34969429940820174	19	526.0	525.6958162682537	1.0	0.9984820139307022	1.0	1.0	True
25	2051-10-01	GARW	tropics	0.1830554939286629	0.053904888487493745	9.574926724540557	0.01911821355869923	0.43086714779379237	-555.0593629345894	46	1952.0	1951.8341265653273	0.998641304347826	0.9986295624666137	1.0	1.0	False
25	2052-04-01	GARW	tropics	0.0009994895001022685	1.4361549672531728e-06	0.06432072588971079	0.015539151436444751	0.9840785180915128	0.9640761151436754	33	1413.0	1412.7958747557002	0.9917052469135804	0.9804121511764647	1.0	0.9973715612457552	True
25	2052-10-01	GARW	tropics	0.001648907202406305	4.361386993370777e-06	0.11119427568406637	0.014829065545525972	-0.4251914250452377	-0.6990192968427333	7	122.0	121.19079330760921	0.9781746031746031	0.9659302294501766	1.0	0.9753507471306074	True
26	2052-10-01	GARW	tropics	0.18438908600864679	0.04495524785459694	10.33960585312756	0.01783327997487178	-0.4462267169749404	-23758.11687801967	7	98.0	97.82253460937042	0.7793367346938774	0.749896780279084	0.8666666666666667	0.7740423486754724	True
26	2053-04-01	GARW	tropics	0.0053213485639712465	4.557319767704466e-05	0.29280252447002575	0.018173847966655745	0.9582365526280304	-0.016884922705895145	33	1338.0	1337.9999889790265	0.8181222372514029	0.8135789981907203	0.9130434782608695	0.8442275077138631	True
26	2053-10-01	GARW	tropics	0.0012942848961356624	2.546007349783674e-06	0.08144434728567877	0.015891647969081952	0.9938727742933382	0.9716606739940186	45	1726.0	1725.981498311125	0.754372134150174	0.7478671547092475	0.9130434782608695	0.8427497439687787	True
28	2053-10-01	GARW	tropics	0.0008772907671160352	1.1990894033668348e-06	0.11180312287231946	0.007846746536032916	0.953860648839794	0.8842291324401651	9	110.0	109.52941682011344	0.4286825722627008	0.3334462274351739	0.7272727272727273	0.4829685479077648	True
26	2054-04-01	GARW	tropics	0.010199934753434656	0.00010563741768352139	0.6372781550902338	0.01600546742731268	0.8325571614808128	-21.9278819877613	19	441.0	440.98881116858405	0.6539856770701281	0.6375918374259647	0.7966101694915254	0.7507489463174732	True
28	2054-04-01	GARW	tropics	0.005712944937189657	4.274468413645638e-05	1.0283251257396224	0.005555582368057596	0.5693139785949239	-7.94792365767664	22	275.0	275.23269956978	0.6730335763119755	0.6141578847815914	0.9230769230769231	0.8177452772974564	True
28	2054-10-01	GARW	tropics	0.001360046538244494	2.8646385820569164e-06	0.27834174710271675	0.0048862470412769045	0.5875494907377617	0.30068314508316374	25	318.0	316.52668000738925	0.7769553730545788	0.709137899321023	0.9333333333333333	0.788776640859167	True
