variant	pivot_date	model	location	mae	mse	normalized_mae	max_r_data	correlation	r2	n_points	total_sequences	total_smoothed_sequences	mean_variant_frequency	mean_smoothed_variant_frequency	max_variant_frequency	max_smoothed_variant_frequency	converged
0	2025-04-01	FGA	north	0.3336444226103806	0.11301493321315456	5.174125647602932	0.06448324709025018	-0.9379470479741593	-158.20361142791967	11	621.0	620.8223552409099	0.262619972586092	0.258262248544556	0.38620689655172413	0.36528229513880184	False
1	2025-04-01	FGA	north	0.31626137038490815	0.10131208992123346	6.361093805174513	0.04971807995153935	-0.7270598481144273	-194.6901751479219	11	1795.0	1794.8981432304176	0.7354631457258577	0.7397621618597803	0.8192090395480226	0.854364283758895	False
0	2025-10-01	FGA	north	0.10440350265419941	0.011751490194267291	2.3581464539462	0.0442735447917101	-0.8158364451256312	-23.24169123842893	13	670.0	669.8651373752313	0.25200178936207024	0.24256114791211006	0.38620689655172413	0.4222676250390438	False
1	2025-10-01	FGA	north	0.2675532308531741	0.07303780815665264	4.945921333395286	0.05409573117280126	-0.33102443683394006	-59.327870768051056	19	2198.0	2197.9752530903697	0.7849775799563143	0.7788250930411053	0.927536231884058	0.8665648465879872	False
1	2026-04-01	FGA	north	0.23832486555126822	0.05693858551013279	4.348295410343552	0.05480880277461152	-0.9773771805453555	-2146.661362513485	6	193.0	193.12370869508086	0.8686138299075733	0.846135542629459	0.927536231884058	0.8529152498136027	False
2	2026-04-01	FGA	north	0.01256414363902739	0.000213857404711736	0.5620180383497516	0.022355409936519775		-1.8332469012628212	9	225.0	224.88727841897628	0.9857282687632218	0.9771440476437766	1.0	0.9893917932185743	False
2	2026-10-01	FGA	north	0.0010515718063106652	1.89635216786712e-06	0.04157605083663161	0.02529272947165419	0.9978656562844332	0.9927028678006738	16	370.0	370.14041490527643	0.9892547598749645	0.968175323343587	1.0	0.9955372413872486	True
2	2027-04-01	FGA	north	0.13922650059315336	0.019931937725909045	0.4070815227709758	0.342011348600271	0.9405547331316996	-0.10338169691694343	6	115.0	114.72985022375255	0.8408862034239678	0.8307809843268738	1.0	0.99662805391478	False
3	2027-04-01	FGA	north	0.06494828736811538	0.00878446408246829	1.3111988260163951	0.04953351549698785	-0.4479739855970142	-6.280227687573347	20	3278.0	3278.0237802253596	0.9630878053830451	0.9721163133766852	1.0	0.9989356743807837	False
2	2027-10-01	FGA	north	0.03688599643376735	0.0013959892790613698	1.2662738327261929	0.029129557509969674	0.9988475371633266	-4.0903489026637745	3	38.0	37.99452490940647	0.04620770976491386	0.03274375216276211	0.05759162303664921	0.03575163360876438	True
3	2027-10-01	FGA	north	0.01232800623719065	0.00021597750119834474	0.20012829657167816	0.06160051551118479	0.9520577816848985	0.8772026630274842	27	3485.0	3485.032678475796	0.9612178839559811	0.95984433453674	1.0	0.9791284303387737	True
4	2029-04-01	FGA	north	0.08337407146658256	0.00735412136939413	1.4617266078377673	0.05703807471214617	-0.528502875557164	-24.484564390914784	15	598.0	597.8311531467239	0.9352695555791531	0.9068367879052458	1.0	0.9444226449801731	False
4	2029-10-01	FGA	north	0.19328198832911236	0.03747392546366807	3.386008652841608	0.05708254412371515	0.900985801965224	-60.94018123378476	25	825.0	824.7664169158604	0.9042994056156707	0.8949077489735474	1.0	0.9744238537679979	False
4	2030-04-01	FGA	north	0.2732396476953799	0.07477388373600566	7.009754422704713	0.03897991730071913	-0.6226250410363553	-1373.5704459400256	9	189.0	188.97648771315457	0.8549689862746568	0.8220584379283928	0.9047619047619048	0.8582152000364159	False
5	2030-04-01	FGA	north	0.02904141649330718	0.0010755901943857653	0.6190131107932055	0.04691567268436917		-3.531102627460683	10	337.0	337.00259492092897	0.3191756600742125	0.3139551282983139	0.40458015267175573	0.3453132715373482	False
6	2030-04-01	FGA	north	0.09278756470769385	0.012024381751557919	2.553959492617776	0.036330867805811504	0.8075938831057716	-60.83181095368102	10	141.0	140.99613496713488	0.19895456716199644	0.17201062973280426	0.5384615384615384	0.3041192298122212	False
7	2030-04-01	FGA	north	0.037049323389670055	0.001745261460506793	0.8410312657677762	0.044052254532829745	-0.8242823685046381	-6.538058946796438	11	589.0	589.0173293404799	0.5261089540860214	0.5168391662024762	0.6125	0.5695573211998718	False
5	2030-10-01	FGA	north	0.1950367986434346	0.03819679068326803	4.379513739874786	0.04453389353883175	0.9815542870900956	-42.710714903527126	20	612.0	612.13420299765	0.3373925252518397	0.33288673701669313	0.4074074074074074	0.36165390845565293	False
6	2030-10-01	FGA	north	0.2536264822387343	0.06438208289691409	6.828608594909365	0.03714175131194507	0.8968123272666286	-236.72021345451992	13	182.0	181.67176486339022	0.17837283939913925	0.1578048621149694	0.5384615384615384	0.30737154857615145	False
7	2030-10-01	FGA	north	0.16902597872677358	0.028724729768317657	3.843051787191644	0.0439822276894924	0.9893567767883091	-30.927855100500487	21	1013.0	1012.9828200293352	0.5328912918581188	0.5296704909991929	0.65625	0.5661724513231922	False
5	2031-04-01	FGA	north	0.004081783215821545	2.7510300302371063e-05	0.10912423242056463	0.03740492029387532	0.754674812782957	0.5009711416849647	8	185.0	185.17633309053707	0.36187360152545767	0.3412727192294965	0.4074074074074074	0.38790492875896543	True
6	2031-04-01	FGA	north	0.03876767358684675	0.0015301185319562937	1.1563750835893167	0.033525172011242485	0.7520976849294719	-31.04562860841485	4	50.0	49.73209021759834	0.06726049054147526	0.03867830480203684	0.14414414414414414	0.08386360645658583	True
7	2031-04-01	FGA	north	0.0066833691506913194	6.586183012242261e-05	0.15643412328247738	0.04272321799396016	0.9901167501251467	0.16490679043999756	8	269.0	269.01569601158735	0.5330644229754254	0.5216177294969788	0.65625	0.5329061580111952	True
8	2031-04-01	FGA	north	0.00205843534968946	6.722813174003316e-06	0.04791239348223951	0.04296248214885142	0.9987127191562909	0.988092284410047	17	1830.0	1829.8843492880324	0.7132056939547463	0.7276463026453622	0.896551724137931	0.866684293922913	True
9	2031-04-01	FGA	north	0.004652577160492733	2.3485598563840894e-05	0.07105824990888426	0.06547553825852148	0.9980731705655816	0.9508345049531677	10	745.0	744.8549695007428	0.3011612520235164	0.29339086175103724	0.5277777777777778	0.47409771093880376	True
6	2031-10-01	FGA	north	0.0065606851045361125	4.31082389440019e-05	0.35749476201688674	0.018351835611583617	0.9996263848385807	-0.08661762748477786	3	34.0	33.82752896455435	0.0416326060072523	0.04308541839807706	0.04838709677419355	0.04589250238545287	True
8	2031-10-01	FGA	north	0.0026050365594972747	1.0523762534628897e-05	0.04622554625257059	0.056354911313836756	0.9997597858268832	0.9911919057174212	23	2060.0	2059.5392562147313	0.6164331872827745	0.5983801648587825	0.896551724137931	0.8070069555350985	True
9	2031-10-01	FGA	north	0.0022924962037722202	1.0255024780726818e-05	0.03026488464920171	0.07574772646069507	0.9979494793557853	0.9928603579478579	20	1229.0	1228.9616289989037	0.5209016487336413	0.4982145441603497	0.9166666666666666	0.795833677228854	True
8	2032-04-01	FGA	north	0.0023799853593274253	1.070285820208829e-05	0.04455871042527717	0.05341234826170625	0.9115054873244037	-2.1891954772377398	3	54.0	53.73297852648526	0.28634330925352597	0.2511822581353168	0.2982456140350877	0.28315422192781914	True
9	2032-04-01	FGA	north	0.0014871529731231362	3.494867638579055e-06	0.03371991937534278	0.04410309990867286	0.9858654689914178	0.9007895932976475	7	237.0	236.79942232561848	0.8121602388961965	0.7632079323384131	0.9166666666666666	0.8161138229176318	True
10	2032-04-01	FGA	north	0.004214840188838524	5.09126478119372e-05	0.04503831242928783	0.0935834395539578	0.9865791203478633	0.9695927472358202	26	2915.0	2914.9586915372292	0.6976933085794264	0.6816487145198783	1.0	0.9267304110088112	True
11	2032-04-01	FGA	north	0.00401936806919624	1.935693192870887e-05	0.05670868844434929	0.07087746480225197	0.9986761028034756	0.9847297908183171	16	2036.0	2035.9864558182662	0.4441635637225958	0.4404875363177312	0.7543859649122807	0.8403112387517522	True
10	2032-10-01	FGA	north	0.2214494491789103	0.05083642140116562	3.3248610978218025	0.0666041204921274	-0.3007594714905036	-35.73549843666063	24	2892.0	2892.030257794927	0.6467559960492903	0.6500259243611737	1.0	0.9735431059315356	False
11	2032-10-01	FGA	north	0.1241049750497852	0.017162419017298553	1.6576935954139305	0.07486605208171529	0.3466671418686049	-8.242677370626026	21	2166.0	2166.1961597363133	0.5405581253453237	0.5334977912094044	0.9473684210526315	0.8966003667459969	False
12	2035-04-01	FGA	north	0.047212926035964164	0.0025371763247668483	1.050275527076535	0.04495289552007594	-0.8983911175138528	-14.104400914223152	15	780.0	779.9960571305564	0.9988700564971751	0.9964355662470783	1.0	1.0	False
12	2035-10-01	FGA	north	0.0014615663550214164	3.501256296735356e-06	0.0324684981996395	0.04501490478662313	0.9987420359077003	0.9961269004463914	27	1325.0	1324.9603991073095	0.9993722536095417	0.9855842653533069	1.0	1.0	True
12	2036-04-01	FGA	north	0.21811160948105035	0.04789890983372307	5.273545030879337	0.041359580358922496	0.3867664698647523	-147.4548645861215	13	416.0	415.81215672989106	0.7863806507342355	0.7813753068337272	1.0	1.0	False
13	2036-04-01	FGA	north	0.17839910006008453	0.03313263929845332	3.4422312501368095	0.05182658778459296	-0.8697200062749834	-51.758072083627034	18	2437.0	2436.9715608742663	0.9167240885615081	0.915963222789943	0.9873417721518988	0.9863687300967163	False
12	2036-10-01	FGA	north	0.008063844843381855	7.758772317981982e-05	0.36062077432577655	0.022361010284163946	0.9956333565375796	0.443506961009726	4	46.0	45.8100126984121	0.06646672862017106	0.04991298588942913	0.1	0.06886230109329772	True
13	2036-10-01	FGA	north	0.025464688562233245	0.0010579064834742938	0.460180574168388	0.05533629620992058	0.9360316718969556	0.28563837789904656	25	2827.0	2826.894233715881	0.9351720229211945	0.9435724287144773	1.0	0.9837641536063941	True
13	2037-04-01	FGA	north	0.26530301130327266	0.07046746587323786	4.727950884409522	0.05611374098197862	-0.9364332113446562	-3643.408792834598	5	188.0	187.86727700638212	0.9805714285714286	0.9499412892352381	1.0	0.9943968104530034	False
14	2038-04-01	FGA	north	0.09788183180760346	0.01356373835708056	3.47911411958695	0.028134125079870693	0.9371098597604917	-89.47999189876471	16	549.0	549.0925749046954	0.8166998625517645	0.8095133559636568	1.0	0.9677791673742161	False
15	2038-04-01	FGA	north	0.07989713302169424	0.006408114214038233	3.8962867067907063	0.02050596863994742	-1.0	-1094.5179718906184	2	28.0	28.022955127114315	0.16140109890109888	0.1452187264475961	0.1978021978021978	0.1534781435076933	False
16	2038-04-01	FGA	north	0.08632761813003907	0.007758503375518676	2.234202130077231	0.038639126231186136	-0.9792342480696627	-95.0129402261776	5	86.0	85.6599496224506	0.22400758259453912	0.20840647020166436	0.3375	0.26630259475202966	False
14	2038-10-01	FGA	north	0.22203518997400754	0.049324470866569804	4.756008865023071	0.046685192621677425	0.9933121709044378	-92.85020172192912	23	728.0	728.1391764566246	0.7016134330001323	0.6876708909921746	1.0	0.9751580627612398	False
15	2038-10-01	FGA	north	0.10272857918675944	0.010562882214370083	6.3337049606434945	0.016219350257881664	0.9958731826033378	-211.5712302581978	5	73.0	72.9637949146581	0.19462326370706157	0.15560898541422002	0.31746031746031744	0.17708278993003404	False
16	2038-10-01	FGA	north	0.2812630243064267	0.0808395969624812	8.521762997363886	0.033005262454897225	0.9050737906414956	-287.06511348693084	14	269.0	268.72065954717897	0.3877529080597033	0.371083317324524	0.6666666666666666	0.5819859508515564	False
14	2039-04-01	FGA	north	0.2675531979603831	0.07164699516676944	6.923879329768009	0.03864209429677449	-0.9052199208359504	-1383.8350481528578	4	84.0	83.64634182573283	0.43800709939148075	0.3906292368619987	0.5098039215686274	0.42773529104992974	False
15	2039-04-01	FGA	north	0.02340200300598248	0.0007494328260723802	0.4870619381416611	0.04804728346310659		-2.7141254729951325	6	84.0	83.93902132580355	0.18136133915378658	0.17145845637890955	0.2558139534883721	0.20849065867662656	False
16	2039-04-01	FGA	north	0.15331711207246046	0.03839865314505506	5.188563581139753	0.0295490475687265	-0.6174657035203264	-79.53585964359227	18	452.0	451.6752807330771	0.5550852949226558	0.5357277313744522	0.7727272727272727	0.7115064672340726	False
17	2039-04-01	FGA	north	0.040137968527230575	0.0017903473064297016	0.7643407069231153	0.052513189685798115	-0.9976747584768468	-25.928464254768468	5	158.0	157.9508734667665	0.35913955631809324	0.32117113918435664	0.4567901234567901	0.39774937884491496	False
15	2039-10-01	FGA	north	0.006072001004851354	4.487696070463543e-05	0.2329202336081568	0.0260690147471959	0.9895341266766372	0.8069538248457151	11	158.0	157.92036739625922	0.15560241708400713	0.14710989185219103	0.2558139534883721	0.16629184945759015	True
16	2039-10-01	FGA	north	0.0010984136901241984	1.801655006991832e-06	0.030118498972424513	0.03646973546490046	0.9994328519923079	0.9961656394515672	17	481.0	480.7923140549889	0.4570677815666093	0.44962393882290735	0.7727272727272727	0.711770586975303	True
17	2039-10-01	FGA	north	0.0014546118670856684	3.174563893947937e-06	0.028201435446466316	0.0515793555915585	0.9992867016930086	0.9943135883810799	29	1267.0	1266.9536171515265	0.7878374874983003	0.782764984696482	1.0	0.9884405194456509	True
15	2040-04-01	FGA	north	0.2416784817787513	0.05846318263781642	8.994422460712352	0.026869816581820923	-1.0	-1170.9928766201886	2	26.0	25.600945352779362	0.10487972508591065	0.09410295251389271	0.10666666666666667	0.1101030448685196	False
16	2040-04-01	FGA	north	0.1332780113207365	0.017789324480856534	5.103523488835757	0.026114901129051255	-0.7431365211871792	-800.0733797373435	3	64.0	63.96222747287599	0.16725032725032726	0.15992259799060493	0.18666666666666668	0.18045906572651563	False
17	2040-04-01	FGA	north	0.2032484572281006	0.05014532817110712	7.801708301712411	0.026051788834951597	-0.020442412924357833	-165.02297207083006	45	2533.0	2532.8821233392423	0.9598630053271341	0.9541471945701133	1.0	1.0	False
17	2040-10-01	FGA	north	0.18267786992295285	0.0337421825013161	3.839272544104525	0.04758137585295102	0.665270076965565	-49.709636207262236	30	1799.0	1798.9716279799984	0.9989795918367347	0.9885242405197908	1.0	1.0	False
17	2041-04-01	FGA	north	0.30917915982315614	0.09560170488095394	6.606072048402381	0.04680226881538907	0.050061969588853686	-9613.316559581659	5	96.0	96.01667873042183	1.0	0.9970171215668149	1.0	1.0	False
18	2041-04-01	FGA	north	0.07945923860567602	0.006518141354331996	1.973630313438247	0.0402604469867767	-0.9898456604466517	-98.58508743035759	8	191.0	190.93408007695723	0.950495582848524	0.9528808137669411	1.0	1.0	False
18	2041-10-01	FGA	north	0.10415057950637659	0.011220846052062253	2.397199975414652	0.04344676312970565	0.8941606110815977	-21.32431821449296	20	553.0	552.9910350514039	0.9786357331394097	0.9911334070894808	1.0	1.0	False
18	2042-04-01	FGA	north	0.1608300513766178	0.03599268235703027	4.62497049726772	0.03477428698661557	-0.008514853640406182	-79.50282655672414	31	1693.0	1692.9709886796782	0.9703050010604257	0.9679700296757497	1.0	0.9964401136055278	False
19	2042-04-01	FGA	north	0.011812921750625347	0.0001438456801689995	0.8506643767763314	0.01388670088124704	-0.0	-32.44812863807054	2	21.0	20.916227704745136	0.086455525606469	0.061791955759203654	0.09433962264150944	0.06379384287681687	False
18	2042-10-01	FGA	north	0.24035775478718072	0.05838324547412074	4.986616555197525	0.04820056888806842	0.6692716452345298	-67.93433023259297	29	1695.0	1694.9832404963897	0.9231891404850002	0.9198515137395462	1.0	0.9952472277422586	False
19	2042-10-01	FGA	north	0.16811573247399225	0.028266757938058842	8.205816251537422	0.020487386911996048	1.0	-3379.33079048253	2	21.0	20.877481143940773	0.086455525606469	0.08836112634692711	0.09433962264150944	0.09275657785416319	False
18	2043-04-01	FGA	north	0.07538873409173588	0.005794119299805038	1.5915174558768233	0.04736909030645948	-0.9042296162897703	-393.2564547272677	7	171.0	170.74022724330248	0.8315147958005102	0.8353314868893428	0.8888888888888888	0.8500245188156267	False
19	2044-10-01	FGA	north	0.08168123294070363	0.006728033055161192	2.519326568633122	0.03242185191776085	0.9441896752922097	-25.418929790980204	12	175.0	174.02559891156375	0.7708369883040934	0.735130494202346	1.0	0.8546107455720814	False
20	2044-10-01	FGA	north	0.12603717596063826	0.015885369724132892	15.215331874267699	0.008283564039361733			1	12.0	11.63516233732669	0.4	0.286067294662464	0.4	0.286067294662464	False
19	2045-04-01	FGA	north	0.20141312302815337	0.05193410952293041	6.505852102100035	0.03095876141468677	-0.9134624520831378	-119.66578272159438	5	65.0	64.26404677281754	0.4528933272695116	0.43418492800211944	0.8	0.7397328693160551	False
20	2045-04-01	FGA	north	0.043114530682375175	0.0022264217672538136	0.7395736820399852	0.058296464205501816	-0.23390780242859532	-0.585014525099546	17	640.0	639.9668716999136	0.24607283057842888	0.26196209604114423	0.5641025641025641	0.6129871105890452	False
21	2045-04-01	FGA	north	0.17455335699686164	0.0319851315282261	2.452200700591314	0.07118232898097229	0.2361349824859724	-19.332434311638337	16	3752.0	3751.9955213453186	0.7386473029005913	0.7228474881097884	0.9360730593607306	0.9503624364826937	False
19	2045-10-01	FGA	north	0.04399345162389707	0.0019354237857841716	1.6694598452524123	0.02635190762389707			1	16.0	15.833114189233727	0.06751054852320675	0.013810792378056966	0.06751054852320675	0.013810792378056966	True
20	2045-10-01	FGA	north	0.011995583135702221	0.00018457881459679005	0.19130989256053707	0.0627023672176618	0.9849787004537276	0.854081579760735	16	630.0	629.9551777163819	0.2585985012110419	0.28693614309977933	0.5641025641025641	0.48084274994757664	True
21	2045-10-01	FGA	north	0.003621176634049658	2.0939886796389692e-05	0.056035468289166494	0.06462293873164171	0.9982839774241943	0.991653615283696	22	4126.0	4126.029966591878	0.7961842842656011	0.779385913111941	0.975	0.9837915686442685	True
21	2046-04-01	FGA	north	0.0988496275651617	0.009797433611371224	1.5765887849682425	0.06269842111502325	-0.9878521834221456	-257328.31958081253	3	76.0	76.18334953462076	0.9532051282051283	0.9110995772895115	0.975	0.9174134634724863	False
22	2046-04-01	FGA	north	0.1647534735308187	0.027288874026205466	5.377605951733998	0.03063695536815863	-0.9226810760821771	-393.77966800711556	8	142.0	142.00834776583403	1.0	0.9743819348614075	1.0	1.0	False
22	2046-10-01	FGA	north	0.0010350577251806456	2.0494935729439085e-06	0.03430562718296797	0.030171660167009864	0.996488898180026	0.9914026386408049	14	250.0	249.97730275442504	0.9852163087457206	0.9756768085171358	1.0	0.9871440440803059	True
22	2047-04-01	FGA	north	0.2190653038182903	0.057249559466478195	8.06745597793814	0.027154198847488282	-0.9879641789913356	-194.9566447905593	5	77.0	76.7388820078798	0.7756784994047184	0.7701228470955482	1.0	0.9630386488374717	False
23	2047-04-01	FGA	north	0.14976852735797783	0.024329225865721744	2.5601130371900607	0.058500747889773407	-0.9493107020660193	-20.285199402020552	17	3127.0	3126.980419581427	0.9085329394861303	0.9090479302140236	0.9696969696969697	0.9473936899522911	False
24	2047-04-01	FGA	north	0.14432739231638056	0.021941800703799186	2.9193649404038724	0.049437941217590264	-0.9363367651956849	-31.051391671270757	10	211.0	210.9930699095704	0.07825632301189797	0.07801771485983434	0.10434782608695652	0.10618910927806705	False
23	2047-10-01	FGA	north	0.1859418049060969	0.03618039664155901	2.796527217667124	0.06649025395905513	0.773528735921824	-17.941798595646457	23	3407.0	3406.896380587369	0.898485854817024	0.9020494574097316	0.9696969696969697	0.9692885490635845	False
24	2047-10-01	FGA	north	0.1565191216424513	0.024925150384259766	3.344845605902714	0.046794124478044354	0.9067068626771253	-43.47348844370312	11	222.0	221.95240376224666	0.08114211182899815	0.06584048500194342	0.11	0.1282215274621503	False
23	2048-04-01	FGA	north	0.12765111485435598	0.016482270685350107	1.7572920899830982	0.07264080660351903	-0.9710465460592432	-171.76107893948134	4	114.0	113.53857300981178	0.8506009615384615	0.8918391839168592	0.90625	0.9499672232862918	False
25	2049-10-01	FGA	north	0.00377366885087634	2.342574526495174e-05	0.09096223584628917	0.04148610481885256	0.9944382936530918	0.9475229186099284	20	357.0	357.04216472572205	0.8310915898649547	0.8497903115550309	0.9375	0.9292135173792577	True
24	2050-04-01	FGA	north	0.016749280179539586	0.0003994230777769166	0.5449265555193415	0.030736766285094523		-0.2771775756119754	5	70.0	69.9995096074178	0.0807799063478424	0.07034902967377352	0.10084033613445378	0.08798474242372833	False
25	2050-04-01	FGA	north	0.1707891175075913	0.04010947541963636	4.705474157641072	0.03629583582565259	-0.007880877412327708	-81.05880789108356	26	1156.0	1155.9428642479847	0.6733302259652265	0.6705401135067978	0.9375	0.9481290605114937	False
26	2050-04-01	FGA	north	0.04616239707948439	0.002668312326135611	0.8450775488298851	0.054625042569645794	-0.6125624721171145	-5.678689543037889	13	969.0	968.9610918556922	0.4418667547589459	0.42723200155951313	0.6133333333333333	0.6425842265077334	False
24	2050-10-01	FGA	north	0.18029935950401507	0.03255333931113103	6.623015862351789	0.027223150789796233	0.9983325882264145	-150.50896823252654	6	80.0	79.98036920690335	0.07485806675291543	0.0497593457927307	0.10084033613445378	0.06106166489878429	False
25	2050-10-01	FGA	north	0.20101861134547938	0.04070758970603763	3.462374065003251	0.05805802826948181	0.9940894815154564	-34.395721693054604	23	1185.0	1185.0530930776324	0.4628306727526724	0.46430122505545174	0.7741935483870968	0.7111734382448157	False
26	2050-10-01	FGA	north	0.21482250342489617	0.04642757352499581	3.9789758209403856	0.05398939654127512	0.9874000384411603	-34.904234617878096	23	1491.0	1491.0448142216603	0.556846875256544	0.5568051867607804	0.8461538461538461	0.8288042076955527	False
25	2051-04-01	FGA	north	0.0036449521405067984	2.6339298739892412e-05	0.08425432524171665	0.043261305933550834	0.8294644136479596	-6.9922737301032285	5	105.0	104.92030950214108	0.27841658178066214	0.2628532220758194	0.2982456140350877	0.2698931548915534	True
26	2051-04-01	FGA	north	0.003462018210141184	1.5350478964056083e-05	0.07298606175428672	0.04743396378607656	0.9708230772025138	0.7023799512157152	8	313.0	312.9898117426727	0.7159794378459599	0.7104309963124775	0.8461538461538461	0.7490991412566074	True
27	2051-04-01	FGA	north	0.002822656871638112	1.5165295095117934e-05	0.08051519062169783	0.035057445059037615	-0.33632830452547785	-5.967967651278533	4	64.0	63.80287247822645	0.9027941176470589	0.8687324524049637	1.0	0.983374906694522	True
27	2051-10-01	FGA	north	0.07343517715234257	0.005645289911745933	1.9917013543689184	0.036870576500466816	0.9959982608175327	-16.071475528922125	17	307.0	306.96137319731713	0.9664217688935608	0.9497768359015394	1.0	1.0	False
27	2052-04-01	FGA	north	0.08353075658445501	0.008840698041460588	2.0500367837277165	0.04074597941241111	-0.8774938725797098	-14.27749230690747	34	2894.0	2892.884920151527	0.9543346436868537	0.94774546878114	1.0	1.0	False
28	2052-04-01	FGA	north	0.08589453805392945	0.007944982852589797	2.3286213601531562	0.03688643397494218	-0.8320130040241505	-22.0865926823532	9	226.0	226.00007500391976	0.15041848378936606	0.15059552624617095	0.2824427480916031	0.237863784763057	False
27	2052-10-01	FGA	north	0.20407675731295707	0.042224894741167314	2.5644736306091747	0.07957841908652417	0.8222900290192532	-33.29094678086958	28	2855.0	2854.948328027975	0.8909233532164944	0.8875482546851188	1.0	0.9954615246415857	False
28	2052-10-01	FGA	north	0.1806379200099375	0.033092011173131854	3.276084792219356	0.05513835308504511	0.9857144667631734	-26.831917589896058	12	274.0	273.8871424398	0.1866078196978165	0.18602421230329044	0.359375	0.2955075301732594	False
27	2053-04-01	FGA	north	0.017554507284209885	0.000490185444282031	0.21890020055172862	0.08019411238529932	0.8969844934790288	-1.2150116525642414	3	63.0	62.79229760157186	0.6885170353419782	0.6519641772206763	0.7291666666666666	0.7678766794195688	True
28	2053-04-01	FGA	north	0.016442813419833367	0.00027036611315945226	0.4163663761107786	0.03949121341983337			1	13.0	12.892171652158506	0.2708333333333333	0.23212332058043128	0.2708333333333333	0.23212332058043128	True
28	2054-10-01	FGA	north	0.1565974114503178	0.02462368697740216	3.8467283008837367	0.04070924671605779	0.9852915541181274	-36.12018834573817	22	1081.0	1080.99137637884	0.9867187242984851	0.9887661662556511	1.0	1.0	False
1	2025-10-01	FGA	south	0.010340530656489426	0.0001608771446526249	0.5912653012337408	0.01748881700805503	0.9691304291316525	-0.15357123636235315	10	166.0	165.94170412991812	0.43511093681314017	0.41764618702916084	0.8571428571428571	0.6481458813736256	True
2	2025-10-01	FGA	south	0.006315558101344965	6.711411295824886e-05	0.13233908560211102	0.047722546008314125	0.9550513692144289	-0.3340187975501012	7	229.0	228.95680867786467	0.5602061104400987	0.542156877671564	0.7361111111111112	0.7396321213123739	True
0	2026-04-01	FGA	south	0.20427575574322063	0.04172858438446393	14.820713352607674	0.013783125743220635			1	11.0	10.738400701103199	0.09090909090909091	0.07391431896760503	0.09090909090909091	0.07391431896760503	False
1	2026-04-01	FGA	south	0.20478354654550238	0.04210774331725278	6.39282048119785	0.032033364169664784	0.8493609865644697	-147.4485615407223	15	256.0	255.8726620823411	0.3532311931129231	0.3589314001831316	0.8571428571428571	0.5790549674928254	False
2	2026-04-01	FGA	south	0.10609067454496264	0.015049697593255867	2.557603972056109	0.04148049334615094	-0.8006787540528104	-25.5178631267525	24	996.0	995.9216904045749	0.7854221525456246	0.7619659748403546	1.0	0.9886108805871823	False
0	2026-10-01	FGA	south	0.23560180167901681	0.05550820895439877	19.089261854563386	0.012342111679016807			1	11.0	10.761297036741224	0.09090909090909091	0.0620826463192496	0.09090909090909091	0.0620826463192496	False
1	2026-10-01	FGA	south	0.1183176931755003	0.014043081669439317	4.341168131801933	0.027254805523136687	-0.9281434609317799	-847.2275997400216	3	42.0	41.719276738013164	0.15083772257923408	0.15228564140717402	0.1794871794871795	0.1704753429205652	False
2	2026-10-01	FGA	south	0.19959125865295618	0.049142967316744654	2.4014036942067265	0.08311441309699852	0.2635199730831534	-61.27515241757799	33	1592.0	1592.2132031541373	0.685623605813643	0.6741559612191872	1.0	0.9648426257306537	False
3	2026-10-01	FGA	south	0.05354734741543601	0.0035562362420562643	0.9836663129963248	0.05443649610438176	-0.5991132528425542	-5.599149731210219	14	1574.0	1573.9882184084968	0.5815712455135967	0.5643665551489448	0.8698224852071006	0.8930787127581656	False
2	2027-04-01	FGA	south	0.20034507065529125	0.04047206785502726	3.6715945527948493	0.05456622940645417	0.9857295086711342	-46.875732797322634	21	1022.0	1022.2579888234617	0.4547690770315926	0.4546049808471152	0.896551724137931	0.7697645781325687	False
3	2027-04-01	FGA	south	0.23018662535752366	0.05334280520062707	4.4329138071489105	0.05192670901615643	0.9831789551138193	-38.71043663671954	22	2082.0	2082.096802312903	0.6891382115625103	0.6600630763333664	0.9545454545454546	0.9013742863142246	False
2	2027-10-01	FGA	south	0.029601641751397692	0.0008762571943780911	0.4541275583421037	0.06518353975139769			1	12.0	12.120244898674438	0.13333333333333333	0.1210535399294309	0.13333333333333333	0.1210535399294309	False
3	2027-10-01	FGA	south	0.2600948730172303	0.06776409938205966	4.6778169020547695	0.0556017643407508	-0.7434596072059098	-1326.7041542575214	6	256.0	256.08226133734536	0.892195033551976	0.8848314502593723	0.9545454545454546	0.8925087409832622	False
4	2028-10-01	FGA	south	0.2571579221284215	0.06690598766416476	2.5776765891604545	0.09976345489182467	0.13585564867717964	-85.40843040896196	12	683.0	682.9983998254174	0.9470846176944493	0.9354916062607677	1.0	0.9922897052643845	False
4	2029-04-01	FGA	south	0.173094865278804	0.030664924521966175	1.7024864692636243	0.1016718008652795	0.8256839393725719	-23.058265430128877	24	1382.0	1381.9181653097503	0.9388845733769547	0.9479726234996745	1.0	0.9776214235265014	False
4	2029-10-01	FGA	south	0.20196840748720538	0.04955316363594476	1.9782171618745374	0.10209617598091317	0.21536949271766948	-63.64231676034511	15	548.0	545.9177916849221	0.7120772968763128	0.7118318139406994	1.0	0.9447848316445618	False
5	2029-10-01	FGA	south	0.02892266626597254	0.0008540175400733026	0.8519885648478492	0.03394724701632309		-47.80960354480087	4	70.0	70.00149155465654	0.32121790103601244	0.3091304885662679	0.39215686274509803	0.3542828521677349	False
6	2029-10-01	FGA	south	0.20241461679367806	0.041054961355128136	7.590882170821033	0.026665493184935687	-0.9961805496231237	-2524.025220524692	4	51.0	50.919708098812414	0.2339185195609344	0.26944057731840915	0.27450980392156865	0.28826748451868395	False
7	2029-10-01	FGA	south	0.052476142960064524	0.002807035282184923	1.7608670080308817	0.029801309650719636	-0.9983427792406987	-232.49194229436802	3	47.0	46.88826745772813	0.27971823498139287	0.27807546058141686	0.2982456140350877	0.300919447720599	False
4	2030-04-01	FGA	south	0.03512464785549099	0.0017644923300682565	1.4813442870039866	0.0237113331206282	-0.8812687117848597	-8.232387613142288	7	88.0	87.09425813185119	0.2596595097369091	0.2703833377177843	0.3939393939393939	0.42807394222032674	True
5	2030-04-01	FGA	south	0.01513871599750667	0.0004363874848751423	0.5271146273280531	0.0287199694575825	0.23886955961477724	-0.6480203846240198	13	227.0	226.60691341202624	0.3687995881085314	0.3440154308274756	0.5714285714285714	0.42022645668629494	True
6	2030-04-01	FGA	south	0.025328588007426815	0.0008026286336444289	1.240707261500247	0.02041463671035488	-0.7657092564548101	-7.805222382910392	7	96.0	95.70889843795602	0.2338759318839931	0.21531553970716866	0.27941176470588236	0.2177895950458719	True
7	2030-04-01	FGA	south	0.01185990979230553	0.0002581454943395066	0.47440816961777826	0.02499937933585932	0.4807939965776683	-0.44079611293568166	11	180.0	179.66970278535527	0.34344035332856904	0.29225613180603094	0.64	0.3647559699080814	True
5	2030-10-01	FGA	south	0.1730018127622008	0.031012189115584638	3.4160293151442294	0.05064412415761029	0.7751274039315299	-45.846698458310065	20	571.0	570.8846632092451	0.2880523790540192	0.26655152336816784	0.5714285714285714	0.4426485564377367	False
6	2030-10-01	FGA	south	0.1895214481441157	0.03675932471257665	6.009721886351164	0.03153581009706003	0.16943872837676313	-111.22714693252811	10	132.0	132.00006265836328	0.08596879691011422	0.07882821997378464	0.2641509433962264	0.19419643152604218	False
7	2030-10-01	FGA	south	0.07250423216015972	0.012253901644206217	1.8251869348759249	0.039724277428650624	0.34880997111659884	-27.90394174606567	22	785.0	784.6976747125836	0.3801312463635554	0.36551420858902445	0.64	0.5055658367305728	False
8	2030-10-01	FGA	south	0.04627034155921154	0.002834144304337625	0.8107113666214704	0.05707375456204211	-0.9845652822819583	-9.085038780574637	12	931.0	930.9960337128061	0.3948851458150993	0.39127798311330436	0.6310679611650486	0.662969235055511	False
5	2031-04-01	FGA	south	0.1778867010018426	0.031743788680988344	4.70833880349397	0.037781202336126744	0.9975362541319415	-50.38404300702345	18	562.0	561.9427734483733	0.20683375178297742	0.19540419757167543	0.3055555555555556	0.26267319489831825	False
6	2031-04-01	FGA	south	0.2213850717512116	0.04903180907562333	8.919338325551072	0.02482079540777298	0.9932482509610994	-314.87525646780114	8	108.0	108.00664253706881	0.06837416704806593	0.07421503373141741	0.10897435897435898	0.08911301596558464	False
7	2031-04-01	FGA	south	0.19610740401676266	0.03860431780397096	3.9504870290235887	0.04964132335481507	0.9871178882607058	-56.807727459463955	19	748.0	747.7775374717295	0.3349862682295267	0.3302231611481471	0.6363636363636364	0.5098401237282271	False
8	2031-04-01	FGA	south	0.24269886566993204	0.0591074558046663	4.1308922469923015	0.05875216567235343	0.9927368193699948	-48.116603829982694	22	1489.0	1488.9642280867022	0.5474903756411493	0.5375069125105153	0.875	0.8298937739886268	False
5	2031-10-01	FGA	south	0.2253394165956733	0.050788365385226755	6.506314293641011	0.034633958094509865	-1.0	-6535.940399631712	2	33.0	32.8125425524177	0.16710526315789473	0.142898898398429	0.18421052631578946	0.14377237582337135	False
7	2031-10-01	FGA	south	0.023310892399313395	0.000543397704452367	0.514273093323767	0.04532784760068661			1	12.0	11.863885268790991	0.10526315789473684	0.1043501195395342	0.10526315789473684	0.1043501195395342	False
8	2031-10-01	FGA	south	0.24316993193847786	0.05919241135069025	5.183144310981166	0.04691552411984569	-0.7098831259769688	-1144.72387221061	7	250.0	249.73244326434096	0.7442113347885844	0.7332593968692864	0.875	0.7494830835900215	False
9	2031-10-01	FGA	south	0.10241982346689948	0.011824026647560557	1.7827459031734882	0.057450600943511176	-0.8580216938579356	-10.04265276061256	19	1399.0	1398.8592354829486	0.5349478732921638	0.5253467829194962	1.0	0.8863409376008999	False
10	2031-10-01	FGA	south	0.20190726530395936	0.04219438361003486	2.7362995786870097	0.07378843562181991	-0.8788339806542349	-37.00583348058361	14	2752.0	2752.0356812675814	0.5719840328422858	0.5562531098736305	0.8506944444444444	0.854949515131327	False
9	2032-04-01	FGA	south	0.005394727661166055	3.6486626775256305e-05	0.07268494959402998	0.0742206975625275	0.9938463394281771	0.9760143629197602	22	1457.0	1456.5883234805826	0.478885618861516	0.4745862570431203	1.0	0.8130389757017923	True
10	2032-04-01	FGA	south	0.0027651564797048192	1.296058251895554e-05	0.033384272034919234	0.08282811968499791	0.998907757230052	0.9949144341566871	22	3328.0	3327.979514760234	0.6955527469464863	0.6782914469687994	1.0	0.9653156803510299	True
10	2032-10-01	FGA	south	0.25365214520586743	0.0644159657977543	4.254404332052995	0.05962107157865404	-0.8725513433833145	-5357.771942701536	5	176.0	175.94579901821805	0.9344215990865878	0.9137277367119729	1.0	0.9367939700851139	False
11	2032-10-01	FGA	south	0.020802274696412822	0.000471865931987627	0.7084427666500288	0.029363380749554833		-11.058529583963017	11	203.0	203.05222640930702	0.993006993006993	0.9924124316845971	1.0	1.0	False
11	2033-04-01	FGA	south	0.0030180494104139273	1.672229261257444e-05	0.10309038167122653	0.02927576134152865	0.9911877325020376	0.953424704055889	22	427.0	426.8211766878196	0.9965034965034966	0.9960728767732099	1.0	1.0	True
11	2033-10-01	FGA	south	0.174368057350207	0.0312610195432143	4.739916167982464	0.03678716061014775	-0.4095640183976062	-61.47522559614651	22	870.0	870.0103994467138	0.9945541733889375	0.9935173807189529	1.0	1.0	False
11	2034-04-01	FGA	south	0.05314078264668858	0.005157955689126639	1.439932658636802	0.03690504714088329	-0.7830197979729997	-7.199850017660788	23	1130.0	1130.0441480756308	0.9713195288786859	0.9597394204484775	1.0	1.0	True
11	2034-10-01	FGA	south	0.29125535167957955	0.08484941335237965	8.130602765428195	0.03582211062112327	-0.5030908035353558	-4748.58826932497	6	179.0	179.14005833945677	0.9266852195423625	0.8849016820920556	1.0	0.9235840624770243	False
12	2034-10-01	FGA	south	0.09591315847769534	0.009388979899531831	2.414923065422393	0.03971685883124364	-0.8965350242380602	-135.91918713318086	11	246.0	245.97937133361472	0.9380805071812977	0.9421789241396479	1.0	1.0	False
12	2035-04-01	FGA	south	0.0014895910960403772	3.4817981840817307e-06	0.03547157006690862	0.04199394312771102	0.996523832629323	0.9928703718183777	21	464.0	463.9169952117976	0.9618325829143635	0.984213088927009	1.0	1.0	True
12	2035-10-01	FGA	south	0.15339869123425856	0.02402641127507445	4.557898852324674	0.03365557161410467	0.33020053692287255	-49.835721202071866	25	1288.0	1287.7637435284157	0.8648222692937437	0.8588109643126586	1.0	0.9857147563048386	False
13	2035-10-01	FGA	south	0.17447969909704777	0.03082376949730322	3.0547944423414455	0.05711667426084231	-0.9911938542075193	-137.83745302179673	10	425.0	425.02960094904086	0.2915159362540581	0.28704728446085864	0.47282608695652173	0.4578697035802569	False
12	2036-04-01	FGA	south	0.0028129081826468922	9.37430547123822e-06	0.0568783100487869	0.04945484808240863	0.998474408326579	0.988151586488933	24	1368.0	1367.9914140704282	0.6685851719543208	0.6656322300471219	1.0	0.9985581090947288	True
13	2036-04-01	FGA	south	0.001591309350838147	3.839997486057286e-06	0.02567771332159484	0.061972393371175424	0.9982655798538538	0.9962686610113874	23	989.0	988.9840675513367	0.556800173657577	0.550955525844846	0.9411764705882353	0.9090698402683564	True
12	2036-10-01	FGA	south	0.0347603963777254	0.0013213709433716448	0.7439180690422595	0.04672610845771885	-0.9993136718690101	-43.73713815257344	5	132.0	132.0400065308501	0.3027414349559772	0.2827935512614187	0.368	0.34172214412373453	False
13	2036-10-01	FGA	south	0.1837854127602827	0.04008558801200478	4.658395212669076	0.03945251623573195	-0.01881977733859566	-79.49665749498811	26	705.0	704.9551219272311	0.9021931474912559	0.8855380750223214	1.0	0.9918452714614845	False
13	2037-04-01	FGA	south	0.24079733363845354	0.058128888378215726	8.361570866273066	0.0287980975691691	0.9039785260038413	-199.50822912488775	20	370.0	370.1341319262848	0.9681286360698126	0.968082435389487	1.0	0.9849140715680583	False
13	2037-10-01	FGA	south	0.2513460645023535	0.06319186480253661	7.998806755930163	0.03142294496813669	-1.0	-5758.602907407307	2	32.0	31.986531888177037	1.0	0.9433161830892662	1.0	0.9622718845901908	False
14	2037-10-01	FGA	south	0.09167855276896586	0.010529733927190359	1.803933800420431	0.0508214618228224	0.9603207257172162	-14.774046203485012	16	2175.0	2174.955913371108	0.9826442227731664	0.9709192697230266	1.0	1.0	False
14	2038-04-01	FGA	south	0.22491446959962397	0.05111915842457751	4.015667793184192	0.056009232133537576	0.985906286784241	-31.511937775409592	25	2720.0	2719.99040711638	0.9765306057668061	0.9751879470920362	1.0	0.9855294571859361	False
14	2038-10-01	FGA	south	0.08825015300983981	0.007820400187427261	1.5963177433590938	0.05528357582753988	-0.7979549681452303	-319.0306691905806	6	199.0	198.8941466925094	0.9551851851851851	0.9776679167206047	1.0	0.9822393757045522	False
17	2039-10-01	FGA	south	0.0440526458412684	0.002225143461840817	0.7204177889485232	0.06114874801407234		-0.10152307163362018	21	4730.0	4729.958744308375	0.979661038802822	0.9710434127548856	1.0	0.9984263745691081	True
17	2040-04-01	FGA	south	0.033383675689507376	0.001816015252367672	0.5161624246133398	0.06467668721626778	0.8758321652237475	0.2228730103777271	23	4785.0	4784.89147569358	0.9814296441243158	0.9783700108351203	1.0	1.0	True
18	2042-10-01	FGA	south	0.15649588686619004	0.024766667680853012	4.59804759773952	0.03403529074886613	-0.8187603515634776	-149.34495224465127	9	128.0	127.88767251416516	0.5045086409927886	0.4913336169753365	0.7647058823529411	0.6384961072656883	False
19	2042-10-01	FGA	south	0.10097471515406176	0.010470476028955176	2.608148218286015	0.03871509849253079	-0.99455533251088	-88.83772638273328	6	126.0	125.5115365708111	0.5854442771374929	0.5644772662822324	0.6756756756756757	0.659699024708783	False
18	2043-04-01	FGA	south	0.0071201450945901955	6.462021477680873e-05	0.2082380295969069	0.034192338010366745	0.9239465608012718	0.799637110553404	12	164.0	163.57167173255925	0.4594279923724985	0.43141122366351703	0.7647058823529411	0.6329133492950715	True
19	2043-04-01	FGA	south	0.004581902464758034	3.391947685038271e-05	0.12635179911293035	0.03626305677422792	0.9894530474837621	0.9309723288518308	16	333.0	332.7221864632667	0.7049828388582189	0.6897595737570246	0.9333333333333333	0.7976435563112428	True
18	2043-10-01	FGA	south	0.2545396170388149	0.06479041664226655	8.316807681848227	0.03060544703881491			1	11.0	10.591183686785996	0.44	0.17844555592555233	0.44	0.17844555592555233	False
19	2043-10-01	FGA	south	0.1737936867852221	0.03041193708758716	5.511623604531032	0.03153221251218038	0.7333873761369514	-67.09111571718208	20	439.0	438.7782636037113	0.8951269993701189	0.8986672616277476	1.0	0.9854620649811701	False
19	2044-04-01	FGA	south	0.0013172985372291322	2.4639426534074845e-06	0.040496851545810966	0.03252841855468626	0.9974549133316539	0.9946131637187099	22	580.0	579.8051515987715	0.9638031245765096	0.9601407235820584	1.0	0.9705504801292906	True
19	2044-10-01	FGA	south	0.13621047068616274	0.036009264828495625	4.08423205618416	0.033350326037405	-0.7008389207547894	-61.269935286529936	18	370.0	370.01646590582453	0.571573638138265	0.5579536396853687	1.0	0.9612776314612106	False
20	2044-10-01	FGA	south	0.08207454791729098	0.006960376192882239	1.8814843761740416	0.04362223197632277	-0.706888085836062	-63.174873262548374	13	540.0	540.065996691305	0.6670651725835623	0.6674715905831937	0.7631578947368421	0.7650990847538851	False
19	2045-04-01	FGA	south	0.005584746247869578	3.9109149105330385e-05	0.1803233890212405	0.03097072586192213	0.992562625074018	0.9003162918065201	17	322.0	321.9643836646154	0.277878952236962	0.2461030572807544	0.4666666666666667	0.3730920235468063	True
20	2045-04-01	FGA	south	0.00807832698501995	8.201826234342768e-05	0.18195066730450246	0.04439844659377101	0.9945925266306637	0.9063453489996176	24	1025.0	1025.0623353855244	0.6309067677376364	0.6168329757561856	0.7631578947368421	0.7110826378051511	True
21	2045-04-01	FGA	south	0.01625413970926605	0.0003084696720226006	0.7908380826882442	0.020553056390524866	0.9118445007733	-0.7552222567518456	16	228.0	227.10824785307312	0.5403807869550445	0.5695316212499709	1.0	0.9654992075997415	True
19	2045-10-01	FGA	south	0.26868770960682403	0.07220596676841824	8.142014991332456	0.03300014921279981	-0.7837760353874439	-7222.279606250378	3	40.0	39.859875422870914	0.18167609768777523	0.1712022533104621	0.22950819672131148	0.18519316688147852	False
20	2045-10-01	FGA	south	0.07376350987864927	0.005478482388004221	1.8621069251685385	0.03961292924785883	-0.6261059308714667	-213.72791210142455	8	245.0	245.16414455989823	0.5387861267365834	0.5052457409604664	0.7534246575342466	0.6598599658375423	False
21	2045-10-01	FGA	south	0.1905275785934121	0.04155977540342761	3.153337250605009	0.060420932951861364	0.6546308047236736	-50.95042057164829	43	4223.0	4219.016918847674	0.8077962256869112	0.8194335410858781	1.0	1.0	False
21	2046-04-01	FGA	south	0.20174376724706589	0.04133152979036202	3.904851911800909	0.05166489582802696	0.8140724860207601	-31.66710400053043	26	3957.0	3956.903462334274	0.9440004483457533	0.9232562282350547	1.0	0.9997937295540731	False
21	2046-10-01	FGA	south	0.008956571040101849	8.022016479639112e-05	0.15357960209408836	0.058318754040101846			1	11.0	10.77956368319135	0.6111111111111112	0.6077893389059669	0.6111111111111112	0.6077893389059669	True
22	2046-10-01	FGA	south	0.0038375889662569294	2.0950146762900333e-05	0.14542838642513992	0.026388169879285224	0.9696376312235606	0.8575371737230233	12	182.0	181.9999676714794	0.4847457246927586	0.4802440901163491	0.7857142857142857	0.7294086757436182	True
23	2046-10-01	FGA	south	0.0028976330945539594	1.4573485560043034e-05	0.06797624836517152	0.042627140571038016	0.9916342758905337	0.871188320377229	7	234.0	234.04317550872435	0.6062965928341232	0.6034096292355875	0.7142857142857143	0.7091070789394106	True
22	2047-04-01	FGA	south	0.024948143846311697	0.0007758767875708861	0.8441085889862434	0.029555609517341708	0.7931871691229422	-1.3607796671583965	17	265.0	264.7749021651205	0.40439587715960684	0.4190830924593252	0.7857142857142857	0.6704837169956085	False
23	2047-04-01	FGA	south	0.22386080947658252	0.050713994540670736	6.157903295890162	0.03635341425806234	-0.4009093408481361	-98.73866394820561	21	772.0	771.9419133197546	0.7420181723994229	0.7293076609245224	0.8653846153846154	0.9238157205928437	False
22	2047-10-01	FGA	south	0.26644617028308903	0.07102784091375296	10.815376501218678	0.02463586637534679	-0.828869308100958	-4373.277282251498	3	43.0	42.9127181095167	0.19097164031804556	0.1812397532446961	0.22058823529411764	0.19748124208978296	False
23	2047-10-01	FGA	south	0.15402346364780645	0.024600384141969408	3.4243697666839865	0.04497863085532267	-0.07176212781111256	-39.19899292642524	33	1620.0	1620.019365667484	0.644886269008264	0.659241800614832	0.9230769230769231	0.9155973436622546	False
24	2047-10-01	FGA	south	0.03107180586591201	0.0012491909477949487	0.6378285204172027	0.04871498352815579		-1.5908763778105381	16	1552.0	1552.0559807890654	0.5234991458506693	0.5100091472694386	0.6896551724137931	0.764323466115609	False
23	2048-04-01	FGA	south	0.24680009921047022	0.061917862214379296	4.146098328483504	0.05952586737149116	0.2815504223550096	-55.82000871925494	26	1322.0	1321.845341636685	0.4835343914584183	0.4750770992701984	0.9230769230769231	0.8665229517033114	False
24	2048-04-01	FGA	south	0.17978296024940651	0.0336098929391397	3.1654528178161536	0.0567953372223816	0.8888906434895936	-20.038332534336643	25	2014.0	2013.9934080483818	0.6252679478284303	0.6511705287946034	0.9411764705882353	0.8955895819834314	False
23	2048-10-01	FGA	south	0.10743996311418602	0.012044165802222477	1.5016256269261352	0.07154910064642296	-0.9995662422463747	-40.473369244081354	3	48.0	47.54991366531189	0.2269465329991646	0.2361174992241802	0.26785714285714285	0.2618047266573808	False
24	2048-10-01	FGA	south	0.2627630081898414	0.0691365098050661	5.406811577898872	0.04859851400480153	-0.9225984309645784	-7442.596838296055	7	233.0	232.99206425349385	0.8178547623196009	0.8226586216670037	0.9411764705882353	0.9465859397333702	False
25	2050-04-01	FGA	south	0.028302252636629777	0.0009181650360177011	1.0834494437434696	0.0261223565160932	0.7406513908336207	-2.9328533094885647	14	240.0	240.07923444322668	0.9233808597809834	0.9304269214439328	1.0	0.9662134532096903	True
25	2050-10-01	FGA	south	0.15631446232124424	0.025676847198067763	4.69535690255832	0.03329128446786963	-0.4258300624904091	-54.05148338565483	19	594.0	593.9722686793375	0.3471976498186513	0.34716390810843367	1.0	0.9190051994605668	False
26	2050-10-01	FGA	south	0.1045484223526894	0.01518855261636311	2.31501859297203	0.04516094284083901	0.9345906094392292	-20.714769746208454	20	2205.0	2205.0063073840365	0.7758700691705679	0.7738601418010763	0.8367346938775511	0.8049714188515181	False
25	2051-04-01	FGA	south	0.18545817476988113	0.03484586270445778	3.335636564570775	0.05559903520057067	0.9932330397906507	-28.276871290182672	19	595.0	594.898661916426	0.21388058806909527	0.2035307622914153	0.3287671232876712	0.22749564437280614	False
26	2051-04-01	FGA	south	0.19809577565186873	0.0397485520907274	3.2749865682841692	0.06048750781767482	0.9371967554193443	-28.18953065111246	27	2427.0	2427.1072281442657	0.771548982382219	0.7595773975463997	0.8461538461538461	0.7942601998612945	False
25	2051-10-01	FGA	south	0.3457287713861885	0.11953693037188687	5.568136718540929	0.06209056796952771	1.0	-12334.556940747894	2	26.0	25.896972890609	0.3005434782608696	0.21150541447677576	0.32608695652173914	0.22250849637600592	False
26	2051-10-01	FGA	south	0.020152827105313978	0.0005355000809309815	0.29628382573230144	0.06801865425999486	-0.6194124382698494	-3.42300895203244	5	99.0	98.8409934894891	0.7642943339396429	0.768837298409149	0.8461538461538461	0.809347298276009	False
27	2051-10-01	FGA	south	0.08908728121551	0.008123850625961306	2.744334965415271	0.03246224762582121	-0.3633275555165719	-57.53900213498675	11	257.0	257.03643226300215	1.0	0.9735648046908048	1.0	0.9965656436191238	False
27	2052-04-01	FGA	south	0.0015634415505710107	3.6245875636625906e-06	0.047440565854834076	0.032955794738095436	0.9980890201514769	0.9913336202473798	20	421.0	420.97855870585397	0.9976190476190476	0.9957543494379324	1.0	1.0	True
27	2052-10-01	FGA	south	0.1522155364461994	0.023776405775280007	4.94967844875962	0.03075261110837297	0.09360114960240706	-73.06144149388464	16	297.0	296.9847183525509	0.48760691896870634	0.4732506312356656	1.0	0.9981926190314603	False
28	2052-10-01	FGA	south	0.11880725337276138	0.022878403564615374	2.0084381441007633	0.05915405148110991	-0.9001277539955237	-17.44024272130935	17	3005.0	3005.004792952794	0.9012162101631018	0.889487483681715	0.968609865470852	0.971332150344992	False
27	2053-04-01	FGA	south	0.008128408029295344	8.622612843285234e-05	0.21409248169768097	0.03796680745087271	0.97088309560418	0.8051789552049335	10	190.0	189.81040097173224	0.09137107034993018	0.06981393206766533	0.18055555555555555	0.13399551899678652	True
28	2053-04-01	FGA	south	0.005205662558646703	3.2577787598131275e-05	0.08580343095062117	0.06066963174983643	0.9963927841253664	0.9836471024783237	23	3310.0	3310.024790408228	0.9128127990813725	0.9128994334082898	1.0	0.9577122143757111	True
28	2053-10-01	FGA	south	0.018772307888232233	0.000374950444860013	0.31547501303296954	0.05950489614932002	0.9461467061816458	-28.795901653262966	4	127.0	127.41487996359156	0.9605892085669638	0.9340859424703576	1.0	0.941751854217581	True
29	2054-10-01	FGA	south	0.0035765224817764936	1.9575484351227272e-05	0.0696374054564747	0.051359215041575874	0.9358964896078978	0.8409110011848977	10	331.0	330.9774193006689	0.9282236078907907	0.9219957071177282	1.0	0.9686203251742059	True
0	2025-04-01	FGA	tropics	0.37279903900994604	0.13897912348673927	22.3476653965396	0.016681789009946053			1	12.0	12.337444124845115	0.41379310344827586	0.281250147910461	0.41379310344827586	0.281250147910461	False
1	2025-04-01	FGA	tropics	0.40068413236166284	0.16721069256180077	37.92148049332404	0.010566152142509364	0.25179006054153175	-8702.089758194592	11	218.0	217.95211513249433	0.7672503667218631	0.7688919939249033	0.9473684210526315	0.9808987451474881	False
0	2025-10-01	FGA	tropics	0.18465984914751696	0.03409925988718372	6.8518791101614145	0.026950249147516963			1	12.0	12.18098352629546	0.41379310344827586	0.3123138276824374	0.41379310344827586	0.3123138276824374	False
1	2025-10-01	FGA	tropics	0.23072670465776182	0.05338170251394931	20.546153965871035	0.011229678558868932	-0.2988128368455139	-2530.20323146851	35	613.0	612.8075686835421	0.8617686013211554	0.8524961020136222	1.0	0.9604640149696883	False
1	2026-04-01	FGA	tropics	0.15549182923755328	0.024905130684981878	16.331826946263625	0.009520785993457181	0.30100278313294215	-2206.7292922848774	24	377.0	376.84687957621577	0.8729191559518439	0.8472124437880755	1.0	0.9533564294710907	False
2	2026-04-01	FGA	tropics	0.060210334344682495	0.009638875979596954	2.3964990409479423	0.0251242889381112	0.5380039792386735	-156.53433705097902	21	1294.0	1294.0314602130488	0.863210510918253	0.8413078042911378	0.9767441860465116	0.9807448996006889	False
1	2026-10-01	FGA	tropics	0.0979511905398035	0.009596795818623195	16.03549567651645	0.006108398051159115	-1.0	-10438.08470370496	2	23.0	22.484682881530343	0.5057692307692307	0.3966892528777013	0.55	0.4398553378790362	False
2	2026-10-01	FGA	tropics	0.2341855485784247	0.056481947979840394	9.210505353261121	0.02542591742759345	0.7220876174175033	-199.44506505649883	42	2437.0	2436.9928263809643	0.9158400096794601	0.8972096631437049	1.0	1.0	False
2	2027-04-01	FGA	tropics	0.0029698347339329493	1.488628133923317e-05	0.14557700225842574	0.0204004388595731	0.9502280618848208	0.4306784299444062	20	964.0	963.9460177408454	0.9635626826700585	0.9496373112012657	1.0	0.9883015719856356	True
3	2027-04-01	FGA	tropics	0.00458743086311142	2.8295135236270522e-05	0.24338060226036162	0.018848794113032547	-0.7219103852065848	-0.08393665794305072	7	95.0	94.63348328949483	0.989010989010989	0.9769252343512581	1.0	1.0	True
3	2027-10-01	FGA	tropics	0.001689781286920391	5.172481392469108e-06	0.0988229366942993	0.01709907986389427	0.8084358004291152	0.5178363137977642	33	895.0	894.9186681743785	0.9771555303890224	0.9763919136821084	1.0	0.9953706285456376	True
3	2028-04-01	FGA	tropics	0.06589215462882639	0.00465020632631316	5.88121945489428	0.011203825181866276	0.9674116559838181	-110.40662276198461	50	1684.0	1683.972713224438	0.9431763003290052	0.9432045824795486	1.0	0.9809461173740482	False
3	2028-10-01	FGA	tropics	0.104326214431305	0.010940554716679065	7.862611959903386	0.013268645961842296	0.33097615612950276	-470.27033715068984	30	915.0	915.0156717534127	0.8504872871771223	0.8462616628080409	1.0	0.9866439915747159	False
4	2028-10-01	FGA	tropics	0.06345811038925603	0.004079550925150862	3.547528316168515	0.017887978539884792	-0.3663073077681831	-304.58358737684966	18	379.0	378.80097642396197	0.7670030127371851	0.7567964946102712	0.9545454545454546	0.9333683583056246	False
3	2029-04-01	FGA	tropics	0.233089543470143	0.054344810905930165	15.298199340381025	0.015236403859301362	0.8768919075614099	-115100.9230236976	4	48.0	47.92192758602221	0.5645383490778227	0.5574368159225314	0.7222222222222222	0.6496034440433236	False
4	2029-04-01	FGA	tropics	0.06812166851106174	0.009044672594370152	4.023508067123135	0.01693091386287929	-0.8567187305875335	-158.7825797185333	44	1173.0	1172.999955856749	0.8176611783984352	0.8169310808522181	0.9743589743589743	0.9176036480519324	False
4	2029-10-01	FGA	tropics	0.09409395782229883	0.009297339055169836	6.775739016980152	0.01388689227647306	0.6537979620937832	-383.8664443170791	31	834.0	833.9685781652807	0.8222945656776744	0.8059826749788637	0.9743589743589743	0.9123165079086373	False
6	2029-10-01	FGA	tropics	0.056912698182801216	0.003243470102222086	12.840781452260586	0.004432183383417205	1.0	-2476.499372550648	2	23.0	22.81662813002523	0.848901098901099	0.6740824726034109	0.9285714285714286	0.7418853711543009	False
4	2030-04-01	FGA	tropics	0.25125173858702105	0.06315175229356072	19.21074500793878	0.013078708737385878	0.16195510806247126	-29000.79084858642	6	82.0	81.73235896215422	0.7228956228956229	0.6332939878378961	0.9333333333333333	0.7286244957887873	False
6	2030-04-01	FGA	tropics	0.15959327900268364	0.03165632425707018	26.059055101245328	0.0061242926262148655	0.6883756401114186	-4711.527211911696	17	202.0	202.08583378065515	0.7981174868793343	0.7451090661590145	1.0	0.8123610294318585	False
5	2030-10-01	FGA	tropics	0.12354304734795772	0.015262884548019722	12.141294641679485	0.010175442652042272			1	12.0	11.905394957674245	0.3157894736842105	0.21537432344695628	0.3157894736842105	0.21537432344695628	False
6	2030-10-01	FGA	tropics	0.1933549904852744	0.03954629720193672	28.914636332221498	0.006687097436179964	-0.5650711864916171	-10444.239478067779	38	522.0	521.7750352221764	0.6520282592612667	0.6265531097764873	1.0	0.7941554013331821	False
7	2030-10-01	FGA	tropics	0.032253614847178855	0.004458160798584815	5.710409943829139	0.0056482135546211	0.9173882154220755	-3402.255021941144	5	60.0	59.767863541943626	0.3665846722798892	0.277271859728751	0.4230769230769231	0.28125210812191614	False
5	2031-04-01	FGA	tropics	0.1114980793208144	0.0124467535653647	24.34664193136193	0.004579608129743308	0.689191724526459	-1159.0545833087824	4	45.0	44.75394966265482	0.19632931080299504	0.12179131066107879	0.3157894736842105	0.1670729243771058	False
6	2031-04-01	FGA	tropics	0.08841722680218393	0.01183433642200737	1.2579738786059775	0.07028542349397858	-0.444567599441287	-65.78687249124421	48	948.0	948.0601511097964	0.44237959363346074	0.43125296223878956	0.875	0.6855105088438425	False
7	2031-04-01	FGA	tropics	0.09631990211252234	0.010791760673117129	11.109324836708582	0.008670185049792778	-0.9571680276877699	-658.8168354316324	8	96.0	95.65507092686332	0.316924085528665	0.22925414482315778	0.4230769230769231	0.2804981687923887	False
8	2031-04-01	FGA	tropics	0.019233568561609234	0.0004212289138237285	1.0708372772428412	0.017961243010825356	-0.6075610042931285	-36.158192435851866	19	833.0	832.7322069629092	0.47116516350477483	0.452466341246951	0.6422018348623854	0.5607240810899963	False
9	2031-04-01	FGA	tropics	0.31606340381860604	0.09996394524541742	10.897352608523388	0.029003686966263383	-0.8705973184957211	-19358.92348478229	7	193.0	193.05338761953	0.2341560977043553	0.2306637089810469	0.40336134453781514	0.3253627937210406	False
5	2031-10-01	FGA	tropics	0.055976982481696476	0.003179685901242247	31.623067662772332	0.0017701313192835602	-0.40321158177543315	-1322.4422549201138	3	33.0	32.4638377807394	0.1565092565092565	0.09793880634988351	0.2	0.12323201804302955	False
6	2031-10-01	FGA	tropics	0.16164689323977843	0.02635102948052478	10.960677108474526	0.014747893003325225	-0.7152784676972115	-1235.0060350574215	25	575.0	574.9760534898769	0.30917233431112623	0.29935979177225075	0.5333333333333333	0.5074388990402745	False
7	2031-10-01	FGA	tropics	0.14829287126493593	0.021990775667998858	22.903651822585957	0.006474638735064074			1	11.0	10.820639732721121	0.13414634146341464	0.08657559417168992	0.13414634146341464	0.08657559417168992	False
8	2031-10-01	FGA	tropics	0.008392984216584298	0.00010262117559190136	0.3235004108537232	0.025944276838582882	0.8168339770995537	0.09850276845730421	30	1221.0	1220.7854744879164	0.39505895573533917	0.3823302350621987	0.6422018348623854	0.4918214680939028	False
9	2031-10-01	FGA	tropics	0.110583962435108	0.012873194195208437	0.9281698903058034	0.11914194113609307	0.48480034715792364	-14.286956604220917	31	1794.0	1794.2045868559085	0.3968920354437634	0.40268042855855013	0.7083333333333334	0.562603790938143	False
10	2031-10-01	FGA	tropics	0.2673085324594665	0.071667762706446	8.699805138830172	0.030725806865073122	-0.6193682610450022	-801.0991227342917	20	1710.0	1709.9636878224462	0.5373382492722777	0.5174970699013658	0.9586776859504132	0.967074941248533	False
8	2032-04-01	FGA	tropics	0.1895489193851138	0.035963182567744535	8.112017725714383	0.02336643308658713	-0.8556745830804244	-1750.7185765071524	8	229.0	229.0294366530912	0.20523599570483864	0.20908390727804632	0.3767123287671233	0.32015712278629355	False
9	2032-04-01	FGA	tropics	0.04997234804236575	0.002553476333698151	1.8961414465519373	0.026354757517293135	0.6373764410042774	-30.898491350408417	22	1446.0	1445.990920582578	0.430206497449028	0.41355174054526633	0.7083333333333334	0.5654335935671074	False
10	2032-04-01	FGA	tropics	0.06911483027240714	0.005066509051879675	0.8480645219345542	0.08149713669750801	0.8245526200616382	-8.78999086483366	38	2512.0	2511.830184632566	0.711290809760199	0.6938275411845451	1.0	0.9716651533487504	False
11	2032-04-01	FGA	tropics	0.06250145775138803	0.003906548451905721	4.783417922979097	0.013066275779738337	1.0	-1536.3536721049556	2	23.0	23.091844414635283	0.8500000000000001	0.6425364619936116	0.8666666666666667	0.6727446230470885	False
10	2032-10-01	FGA	tropics	0.20701558881492216	0.043394219734569014	7.911447196100175	0.026166589207214486	-0.6658645004909711	-4954.461030058492	15	502.0	501.7879898397067	0.8996803550652982	0.862541443493939	1.0	0.9649307125104447	False
11	2032-10-01	FGA	tropics	0.18118456741227182	0.03742988609927637	15.342953798602776	0.011808975624287652	0.7534975078983259	-5708.493613818642	24	508.0	507.6980179679458	0.9705152486402486	0.9205919951522583	1.0	0.9997179953719104	False
11	2033-04-01	FGA	tropics	0.17904306843960563	0.03228290316183639	17.377184156069905	0.010303341832115263	-0.7805123834674956	-1106.7962654647877	47	1873.0	1873.0014856497087	0.994251461246578	0.9801140612048932	1.0	1.0	False
11	2033-10-01	FGA	tropics	0.1578060194070973	0.025228009015488606	9.820803515646112	0.016068544611007343	0.7655728195177326	-503.91459488011975	40	1648.0	1647.6907460568768	0.9912562362969044	0.9905135926771909	1.0	0.9997468145794655	False
11	2034-04-01	FGA	tropics	0.286169606522984	0.08192145426464771	18.784618110453835	0.01523425202686062	-0.1482007805034079	-46377.508347987896	14	266.0	265.2236104231091	0.9779309384572542	0.9738615846880325	1.0	0.9816227911110406	False
12	2035-04-01	FGA	tropics	0.06355471165363301	0.011163429653076535	6.919722412965338	0.00918457531396807	0.09648401135561158	-3245.2558898407055	19	368.0	367.6797591514819	0.9686027092663249	0.9678582814207478	1.0	0.9904804601240195	False
12	2035-10-01	FGA	tropics	0.17197245441390802	0.02974533067625186	16.85864139653418	0.010200848951521227	-0.7065823848584347	-1533.8296051841369	45	1174.0	1173.7823914820644	0.9704967980037508	0.9705958065364775	1.0	0.9830353040975851	False
12	2036-04-01	FGA	tropics	0.1982205664310415	0.043635051805704185	2.2658154755286395	0.08748310203186094	0.565991991406486	-248.8675235076163	45	1134.0	1133.7094245917576	0.8061890833307553	0.7984018625991021	1.0	0.9935952214079599	False
13	2036-04-01	FGA	tropics	0.04642068655759775	0.004838816923201026	2.373063377389261	0.019561503076528756	0.49167420736520717	-2410.241889238103	16	445.0	444.99886475076386	0.6725749303600853	0.6557206314609137	0.9473684210526315	0.995688234466073	False
12	2036-10-01	FGA	tropics	0.2626868348326436	0.06909145263181216	24.306967961516776	0.010807058916131953	0.7625168541551031	-11357.67481281523	19	333.0	332.92643211941584	0.5747630091009599	0.5547219081419817	0.9523809523809523	0.937924324858367	False
13	2036-10-01	FGA	tropics	0.17401067898888595	0.030606622355120534	10.409727227211839	0.016716161258674336	-0.6843501848634171	-252.32715820719886	42	1680.0	1679.999042271105	0.8397341201543467	0.8377104552879631	1.0	0.989981356533981	False
13	2037-04-01	FGA	tropics	0.08164025059323163	0.0067539893430952095	4.645653221542612	0.0175734706617044	0.5103231721544061	-121.19154828350297	31	1247.0	1246.8814282486735	0.9066577289135077	0.8680761948935429	1.0	0.9738367256126463	False
14	2037-04-01	FGA	tropics	0.18463875230652468	0.03411083082385675	13.653851341318166	0.013522833059401052	-0.33883476815498814	-8553.695320447225	15	282.0	282.0005683126552	0.8071469214518415	0.7478754663288084	0.9565217391304348	0.9415973584010473	False
13	2037-10-01	FGA	tropics	0.2526761940325164	0.06384603823593457	14.175304230660554	0.01782509848966691	0.7985427712889621	-49950.20139801422	4	59.0	58.63719541665839	0.7531542531542531	0.603387089883984	0.7777777777777778	0.7022357816098549	False
14	2037-10-01	FGA	tropics	0.1969104004188536	0.04174684822244319	16.618087791342024	0.01184916116049425	0.8406275375661881	-1189.6605672357678	42	1195.0	1195.029242994884	0.8971989797385579	0.8874070304829674	1.0	0.973038859203899	False
14	2038-04-01	FGA	tropics	0.2160084171103458	0.04706512989582484	15.206672455939861	0.014204844467861934	0.8567917656632549	-1411.4922026659874	38	1093.0	1092.9579447550982	0.9493875020059179	0.9482029152383995	1.0	0.9666934438512244	False
14	2038-10-01	FGA	tropics	0.21332344100811573	0.04553285474680415	15.860181142377824	0.013450252496683237	-0.5154067634595021	-17456.449736337374	11	185.0	184.63649975457488	0.9034466105976403	0.8996949073919631	0.9666666666666667	0.9491813573611515	False
15	2039-04-01	FGA	tropics	0.005307487568495733	4.12062744585951e-05	0.262936002561674	0.02018547295458641	-0.9276788979165886	-1.2879488050629782	10	167.0	166.83647423955944	0.37566019505523285	0.34438643170206124	0.4878048780487805	0.3756315315925218	True
16	2039-04-01	FGA	tropics	0.003516707080778402	2.737408253074227e-05	0.3212236369763123	0.01094784653421296	0.8688204766205266	-0.3959989242858448	20	338.0	337.74074651905056	0.5559390565045821	0.5357307676727678	0.7894736842105263	0.6332290046239178	True
17	2039-04-01	FGA	tropics	0.007515094163358983	5.8164765153928465e-05	0.23169180578984033	0.032435735643476606	0.9553167503578166	-32.35035442865377	4	71.0	70.86368944725118	0.29975141241898484	0.2616141976052043	0.34285714285714286	0.3104615112451744	True
15	2039-10-01	FGA	tropics	0.1962311247128854	0.03874707515963723	11.532614463964293	0.017015319928195334	0.6714591048384422	-697.5649883893036	22	420.0	419.8872965326831	0.25192513270773104	0.2255575357742555	0.4878048780487805	0.3585984176550609	False
16	2039-10-01	FGA	tropics	0.024307782811264587	0.0006822274194703795	0.9019584402004439	0.026950003157421114	0.8366179299683307	-8.194156631934877	29	481.0	480.96760042399825	0.42675853172975786	0.4227562590625879	0.7894736842105263	0.625720007322756	False
17	2039-10-01	FGA	tropics	0.21003630041786372	0.044180428459544285	6.0181284242811595	0.03490060125178397	0.9333310574047075	-91.05000196068049	30	2723.0	2722.914939838246	0.7721220389828602	0.7592527450145501	1.0	0.9877150422188536	False
15	2040-04-01	FGA	tropics	0.23551195157268978	0.05557879832969086	11.235760965360534	0.02096092577073908	-0.9735657849352191	-1031.304844650169	10	195.0	194.92489206728825	0.12678930800383925	0.1300784758470161	0.25384615384615383	0.20667669340852907	False
16	2040-04-01	FGA	tropics	0.12264727235394488	0.015126605422231624	5.608471560542582	0.021868216862649042	-0.9349748209860398	-318.3772044132955	7	99.0	98.96935097802803	0.09786772869229667	0.10420105803178221	0.16923076923076924	0.15373623084376967	False
17	2040-04-01	FGA	tropics	0.2717763477168181	0.07410498465757936	8.597644304868314	0.03161055959978804	0.58337723666527	-203.0694071832604	29	2617.0	2616.8023440529073	0.9093951138446381	0.9063552109171208	1.0	0.9999008889700048	False
18	2041-10-01	FGA	tropics	0.19182884611963832	0.036900617890827436	11.647190025079096	0.01646996792415908	0.561143107726213	-1060.497724358453	37	1194.0	1194.0955814640786	0.9792371707639997	0.976918370408538	1.0	0.9872669146989534	False
18	2042-04-01	FGA	tropics	0.13019224132239693	0.017135422877230248	9.509350302980598	0.013690971220356627	-0.388398034572223	-329.81065253816325	44	1457.0	1456.5629928002097	0.9219870790804809	0.9211934801524443	1.0	0.984024377104543	False
18	2042-10-01	FGA	tropics	0.029076714369278864	0.0009825719026265048	2.066553033457873	0.014070151551168308	-0.2875370924575788	-310.0248704404656	18	400.0	399.39446815978897	0.8522334231010347	0.8431131980859216	1.0	0.9512064855969344	False
18	2043-04-01	FGA	tropics	0.2365427411502165	0.05595246839085833	46.03609984016476	0.005138201150216507			1	10.0	10.018611259682903	0.625	0.5680025816799765	0.625	0.5680025816799765	False
19	2043-10-01	FGA	tropics	0.0034893185500722147	1.6787340593735385e-05	0.4177508029480623	0.008352631581909924	0.29891867430393104	-2.635632701180828	4	45.0	44.541477928181465	0.9214743589743589	0.8598075101685559	1.0	0.9021969858031631	True
19	2044-04-01	FGA	tropics	0.004441158530587447	2.562341400539578e-05	0.49555642674864725	0.008961963342350237	-0.24893904742701775	-0.020837308121392173	8	95.0	94.87521662570032	0.7596151034637877	0.6920152958544252	1.0	0.8519779878029498	True
20	2044-04-01	FGA	tropics	0.004349260934042698	2.654389327271549e-05	0.24851670099427023	0.017500879887114604	-0.9794125040392938	-0.12457363183498305	4	53.0	52.37779645185883	0.6045833333333334	0.5472363879410207	0.8	0.5724346290017014	True
19	2044-10-01	FGA	tropics	0.008297652872249981	7.516960225806422e-05	1.3320271780634683	0.006229342020118013	-0.689115360360905	-12.108056420775812	8	97.0	96.30337277470043	0.5132401790461001	0.45932262622105613	0.7777777777777778	0.7070254855774531	True
20	2044-10-01	FGA	tropics	0.011046576304392763	0.00015425194347544618	0.6621052352605422	0.016684018968745766	0.1635369157530473	-3.7645520345594523	29	1025.0	1024.427163262576	0.8003496864975301	0.7849994246930203	0.984375	0.9240345121929355	True
19	2045-04-01	FGA	tropics	0.13547483122237214	0.01850234127259298	65.25743112666012	0.0020760061939831026	-1.0	-100542.18875897322	2	26.0	25.878198007862437	0.33238636363636365	0.22993749851369638	0.3939393939393939	0.29200637617868114	False
20	2045-04-01	FGA	tropics	0.19804033883138433	0.03951667336248923	8.559282861471582	0.023137492011490273	-0.4885429256391734	-366.91551973528203	46	1687.0	1686.8030714520926	0.8329486330952917	0.8157501151863226	0.984375	0.9580279672739339	False
21	2045-04-01	FGA	tropics	0.13917129994373892	0.01938479345012833	5.085663852253143	0.027365414621747113	0.21188741550034235	-12882.146931198153	6	118.0	117.93102874145953	0.6220994252784808	0.6002185203726209	0.8378378378378378	0.7821667274386829	False
20	2045-10-01	FGA	tropics	0.02930219015517143	0.0010154812191527566	1.8034257532914766	0.016248071261980863	-0.6457816705544122	-51.54910705021806	21	578.0	577.6721468512865	0.7676550081278373	0.7344534559949932	0.9777777777777777	0.9590536446374306	False
21	2045-10-01	FGA	tropics	0.1822990689915602	0.033934057226716614	8.415720496937514	0.021661730455271058	0.9463556012562566	-195.19378439813315	33	1861.0	1860.9686158323784	0.8628288312382586	0.8287945984071606	1.0	0.9949704869305005	False
21	2046-04-01	FGA	tropics	0.06700183047335494	0.004783397945050426	3.2331764570419415	0.02072322106868718	-0.6279325066469753	-40.37526087290193	35	1932.0	1931.9794629819053	0.7737487061434536	0.7524628850362142	1.0	0.9963409991533161	False
22	2046-04-01	FGA	tropics	0.18079449470018522	0.03284302895423734	9.208264121841419	0.01963393885187895	-0.06256397842088682	-309.5944248968817	26	2003.0	2002.9999998844528	0.7978920568854974	0.7833327827768432	0.9894736842105263	0.9949232396551403	False
21	2046-10-01	FGA	tropics	0.21823360036570894	0.047633214997278725	12.584226408245176	0.017341836779313065	-0.04270550269533855	-13028.939429923377	9	195.0	194.76446235204162	0.35694671306413606	0.36749684225726215	0.6153846153846154	0.5846179839748452	False
22	2046-10-01	FGA	tropics	0.21903616716515734	0.048480322689723944	8.376505987837016	0.026148870123558154	0.9460736791778295	-164.1619434910551	38	2558.0	2557.9549414903645	0.8725265520494795	0.857613035854264	1.0	0.9992216146444372	False
22	2047-04-01	FGA	tropics	0.06840654576062448	0.004684651852072556	2.866027320776255	0.023868071760773293	0.5674365534892257	-672.0683640591759	11	417.0	416.88442145861035	0.9298967644555881	0.9049573690812397	1.0	0.9786841184198434	False
23	2047-04-01	FGA	tropics	0.0996936422719798	0.009950189670274487	12.120204255465657	0.008225409421381866	-1.0	-3322.5348991531837	2	22.0	21.793741882486806	0.8846153846153846	0.8373038499597572	1.0	0.8563139677283637	False
23	2047-10-01	FGA	tropics	0.0013668694522654882	3.153919107939918e-06	0.11406059062600853	0.01198371361013985	0.2810706241517346	-0.07072514414475317	27	653.0	652.8928422198567	0.8726838770626364	0.8659990237180698	1.0	0.8931817690502692	True
24	2047-10-01	FGA	tropics	0.004837779061564035	2.632482448867834e-05	0.295984448687962	0.01634470690270692	-0.9619869421142964	-8.323848726781485	3	34.0	33.92684297620115	0.21238260282596985	0.16873768421619442	0.23529411764705882	0.17952927969680127	True
23	2048-04-01	FGA	tropics	0.1577699954212535	0.025087267189234687	12.726561283646697	0.012396906902415492	0.9815361556609875	-448.53132046033625	49	1577.0	1576.8106875244532	0.7708590708591893	0.7674296156759293	1.0	0.9036824256086324	False
24	2048-04-01	FGA	tropics	0.16350982005281903	0.03101117433153544	9.04629679015826	0.01807477953085801	0.7894430078135247	-370.59387925152345	27	432.0	432.08130160007175	0.289672135745829	0.2862485670387509	0.47058823529411764	0.3520362309915609	False
23	2048-10-01	FGA	tropics	0.22306862030837488	0.05020117365716001	22.113820337811212	0.010087294592285443	0.2903461655509456	-5260.85017203336	36	1044.0	1043.8802614920207	0.6308844705711133	0.6181406924529891	0.84375	0.7725508882269654	False
24	2048-10-01	FGA	tropics	0.11465669631142636	0.014121853189157917	11.44864556364444	0.01001486994020695	-0.3240911543111702	-453.17077123988605	29	465.0	464.9854736694934	0.33938489086844215	0.3285539034753336	0.5806451612903226	0.3832005585255051	False
23	2049-04-01	FGA	tropics	0.23976926897452203	0.05751439906848903	24.52122902010675	0.009778028204781972	-0.36519473058217333	-9270.755387706315	11	155.0	155.1236107788697	0.5794425248127407	0.5209334012738509	0.7647058823529411	0.5477447617104193	False
24	2049-04-01	FGA	tropics	0.1241645570153825	0.015421403614605861	10.251372843604246	0.012111993087135429	0.5510576590513069	-7007.048033806287	5	67.0	66.84884014213209	0.45794445152790175	0.40270997142851445	0.5	0.4325332639170466	False
25	2049-04-01	FGA	tropics	0.1762667931998751	0.031069982384967533	59.87594044417934	0.0029438668001248963			1	11.0	10.748236260036052	0.6470588235294118	0.513615381147811	0.6470588235294118	0.513615381147811	False
25	2049-10-01	FGA	tropics	0.0016491313862979395	3.883703262259409e-06	0.19742020046208952	0.008353407515735054	0.09735871634633744	-0.326144384013884	19	269.0	268.7189623149122	0.7865805832951833	0.7767849228760385	0.9473684210526315	0.8119392298061331	True
25	2050-04-01	FGA	tropics	0.027702084025918318	0.0010939130258723789	1.1560575954676413	0.023962546619238672	0.4853912122699695	-23.36395602999592	44	653.0	652.8896017665278	0.5717672155199011	0.5679508407125602	0.9473684210526315	0.8188161471269214	False
26	2050-04-01	FGA	tropics	0.0666074965798693	0.00449305463436044	4.329726505811988	0.015383765346485287	0.4903969028374487	-442.0929037613195	21	645.0	644.9998101040032	0.6445301477421238	0.6169725987544122	0.8493150684931506	0.8502454307613196	False
25	2050-10-01	FGA	tropics	0.12058886368067133	0.015031279603207914	8.796668526119124	0.013708469669241044	-0.552631457527325	-1341.1691717767183	25	376.0	375.85405638983815	0.3782176411991479	0.37565454570211465	0.7142857142857143	0.6803563473539751	False
26	2050-10-01	FGA	tropics	0.2064143783394918	0.048857075019008704	9.495795833007927	0.0217374490742507	0.6809949069262381	-496.38446646737896	47	1586.0	1585.955922209472	0.7890714492331035	0.7814788514594754	1.0	0.9296780023717528	False
25	2051-04-01	FGA	tropics	0.23690253792624372	0.056122812475895345	37.65894251259996	0.006290737926243699			1	11.0	10.797797012162505	0.1746031746031746	0.10666329326028048	0.1746031746031746	0.10666329326028048	False
26	2051-04-01	FGA	tropics	0.11232590033116222	0.013365331903971357	8.522785992336622	0.013179481501959753	-0.37231115958605365	-1392.6942410131476	29	883.0	882.9807863743048	0.8972984881656005	0.8929350312619626	1.0	0.9135648949813618	False
27	2051-04-01	FGA	tropics	0.046768616751427815	0.0022248559079563837	1.600135467097748	0.029227910831983856	-0.5114111335189702	-336.38299002091935	6	92.0	92.23979493642243	0.8081163758583115	0.8431811856985433	0.9285714285714286	0.9680544864845733	False
26	2051-10-01	FGA	tropics	0.07178089583997431	0.0051624866067482315	4.579901153636932	0.015673022939146315	0.997053151317745	-481.3910811172354	3	36.0	35.83981387925435	0.8801587301587301	0.8565272812178822	0.9166666666666666	0.8811019948193712	False
27	2051-10-01	FGA	tropics	0.2017929084940334	0.040958882156907614	8.335635062419078	0.024208462460623994	0.9316529803734578	-220.67697079348346	33	1941.0	1941.0015414745715	0.9379852537986371	0.9183921018114876	1.0	0.9911085560036113	False
27	2052-04-01	FGA	tropics	0.07011394487469871	0.00503460733479539	3.387147081165246	0.02070000008696939	0.7862178341056844	-26.67583225245271	41	2147.0	2146.792980220917	0.9793649256902208	0.9724837097244553	1.0	0.995284100694133	False
27	2052-10-01	FGA	tropics	0.07729776369640233	0.0060995543871654335	3.834714495277234	0.020157371244091542	-0.05331442705451353	-1222.2795127800316	15	274.0	273.8212579069616	0.9817979945601428	0.9803868369537094	1.0	0.995429109621445	False
28	2052-10-01	FGA	tropics	0.017712479786205867	0.00033435281958867617	0.7511650671996998	0.023580009986669075		-15.214285186854156	3	38.0	37.93539864399061	0.9278846153846154	0.9685799346544695	1.0	0.9762426374859503	False
28	2053-04-01	FGA	tropics	0.006314685485748809	4.756625219991331e-05	0.2691057596364057	0.023465441595455667	0.7935576002275115	-0.8064142500018989	29	665.0	664.5720051285891	0.9818057393792541	0.9822879887459132	1.0	1.0	True
28	2053-10-01	FGA	tropics	0.18358880521191556	0.03552474895872487	19.692205567553746	0.009322917363528305	0.41770665505361315	-3605.7005209549866	50	1426.0	1426.0126112638263	0.9912874794301181	0.9910089195320312	1.0	1.0	False
28	2054-04-01	FGA	tropics	0.20219781783420174	0.042623932944147354	26.497695537792797	0.007630769911512252	0.25182872816079954	-5931.891825248471	50	1481.0	1481.039673860449	0.9645526286112098	0.9593425439389047	1.0	1.0	False
28	2054-10-01	FGA	tropics	0.26389623291819697	0.07010510235816007	27.41892511288287	0.009624601687766545	0.34803064025224084	-6840.937298452965	34	805.0	804.7915028584724	0.7915944178150958	0.7799903165496997	1.0	1.0	False
29	2054-10-01	FGA	tropics	0.07522673144665704	0.005730551811193741	4.391301847067981	0.01713084959005608	-0.12902905968263298	-193.22172600584688	26	987.0	986.9401661545812	0.7600367593378935	0.7513195109580728	1.0	0.9769190913887749	False
0	2025-04-01	GARW	north	0.0397553757251889	0.0032417826971921472	0.6165225468492247	0.06448324709025018	0.4888051150390813	-3.566684226447512	11	621.0	620.8223552409099	0.262619972586092	0.258262248544556	0.38620689655172413	0.36528229513880184	True
1	2025-04-01	GARW	north	0.03823243864539831	0.002928342919525129	0.7689846165150345	0.04971807995153935	0.6286400204577782	-4.6562641167561925	11	1795.0	1794.8981432304176	0.7354631457258577	0.7397621618597803	0.8192090395480226	0.854364283758895	True
0	2025-10-01	GARW	north	0.16773696542272365	0.03455767035661862	3.7886499988167017	0.0442735447917101	0.9850910379638205	-70.28767167871428	13	670.0	669.8651373752313	0.25200178936207024	0.24256114791211006	0.38620689655172413	0.4222676250390438	False
1	2025-10-01	GARW	north	0.4597206474655967	0.3422469456883589	8.498279577682078	0.05409573117280126	0.4908338621293817	-281.6896100984223	19	2198.0	2197.9752530903697	0.7849775799563143	0.7788250930411053	0.927536231884058	0.8665648465879872	False
1	2026-04-01	GARW	north	0.006546135448731759	6.424940725214465e-05	0.119435840911381	0.05480880277461152	0.4690381765469823	-1.4234175872751313	6	193.0	193.12370869508086	0.8686138299075733	0.846135542629459	0.927536231884058	0.8529152498136027	True
2	2026-04-01	GARW	north	0.010661099480580537	0.00014908975722884488	0.47689125410152183	0.022355409936519775	0.9850160207358238	-0.9751857236275074	9	225.0	224.88727841897628	0.9857282687632218	0.9771440476437766	1.0	0.9893917932185743	True
2	2026-10-01	GARW	north	0.0012042832102579551	2.248619859908404e-06	0.04761380979492969	0.02529272947165419	0.9981364111036322	0.9913473474696227	16	370.0	370.14041490527643	0.9892547598749645	0.968175323343587	1.0	0.9955372413872486	True
2	2027-04-01	GARW	north	0.06074537760074261	0.021705594122331525	0.1776121694480359	0.342011348600271	-0.07510096392707735	-0.20156683231842232	6	115.0	114.72985022375255	0.8408862034239678	0.8307809843268738	1.0	0.99662805391478	True
3	2027-04-01	GARW	north	0.0040517457854346624	2.0269816911367912e-05	0.08179806631493884	0.04953351549698785	0.9967189571776441	0.9832011513833046	20	3278.0	3278.0237802253596	0.9630878053830451	0.9721163133766852	1.0	0.9989356743807837	True
2	2027-10-01	GARW	north	0.07056881843376735	0.005421541458795862	2.4225846345113538	0.029129557509969674	0.893167868022877	-18.769161575569985	3	38.0	37.99452490940647	0.04620770976491386	0.03274375216276211	0.05759162303664921	0.03575163360876438	False
3	2027-10-01	GARW	north	0.10588182394163599	0.016930430596404127	1.7188463937840106	0.06160051551118479	0.9433299581465533	-8.626057249024061	27	3485.0	3485.032678475796	0.9612178839559811	0.95984433453674	1.0	0.9791284303387737	False
4	2029-04-01	GARW	north	0.13610366235464955	0.022169147162675613	2.3861896293225775	0.05703807471214617	0.5623718878270091	-75.82373324842445	15	598.0	597.8311531467239	0.9352695555791531	0.9068367879052458	1.0	0.9444226449801731	False
4	2029-10-01	GARW	north	0.008477699142283919	0.00013907512337887803	0.14851649085419494	0.05708254412371515	0.8948179402373065	0.7701244734675446	25	825.0	824.7664169158604	0.9042994056156707	0.8949077489735474	1.0	0.9744238537679979	True
4	2030-04-01	GARW	north	0.17948712947315762	0.033417241145925286	4.60460518908916	0.03897991730071913	-0.8129639842370218	-613.3101009199185	9	189.0	188.97648771315457	0.8549689862746568	0.8220584379283928	0.9047619047619048	0.8582152000364159	False
5	2030-04-01	GARW	north	0.1003493231292508	0.017875982651201557	2.138929645203276	0.04691567268436917	0.879034340947327	-74.30555074049951	10	337.0	337.00259492092897	0.3191756600742125	0.3139551282983139	0.40458015267175573	0.3453132715373482	False
6	2030-04-01	GARW	north	0.08268861849690866	0.029077206575374187	2.275987981869284	0.036330867805811504	0.7940080946063327	-148.52089655642595	10	141.0	140.99613496713488	0.19895456716199644	0.17201062973280426	0.5384615384615384	0.3041192298122212	False
7	2030-04-01	GARW	north	0.06286904424883262	0.005107614382015626	1.4271470306242726	0.044052254532829745	0.9927279629684848	-21.060590438958585	11	589.0	589.0173293404799	0.5261089540860214	0.5168391662024762	0.6125	0.5695573211998718	False
5	2030-10-01	GARW	north	0.0036278011053895165	1.9372822819138786e-05	0.08146157492890715	0.04453389353883175	0.9960213611068323	0.977830599901817	20	612.0	612.13420299765	0.3373925252518397	0.33288673701669313	0.4074074074074074	0.36165390845565293	True
6	2030-10-01	GARW	north	0.010744990234942105	0.00014719432326843596	0.2892968116849793	0.03714175131194507	0.815770465895041	0.4565092589083761	13	182.0	181.67176486339022	0.17837283939913925	0.1578048621149694	0.5384615384615384	0.30737154857615145	True
7	2030-10-01	GARW	north	0.002349323834603974	7.908990473584972e-06	0.05341529881546315	0.0439822276894924	0.9986338700569635	0.9912090695415218	21	1013.0	1012.9828200293352	0.5328912918581188	0.5296704909991929	0.65625	0.5661724513231922	True
5	2031-04-01	GARW	north	0.25834101607545723	0.06733270626429336	6.906605175088636	0.03740492029387532	-0.9439655591500342	-1220.3957377788395	8	185.0	185.17633309053707	0.36187360152545767	0.3412727192294965	0.4074074074074074	0.38790492875896543	False
6	2031-04-01	GARW	north	0.06675446169219626	0.007867385935476779	1.9911743232759704	0.033525172011242485	-0.9967767518875363	-163.76849508189392	4	50.0	49.73209021759834	0.06726049054147526	0.03867830480203684	0.14414414414414414	0.08386360645658583	False
7	2031-04-01	GARW	north	0.17396306684085036	0.030726752176751106	4.071862444103433	0.04272321799396016	-0.5863322452931746	-388.5989839174245	8	269.0	269.01569601158735	0.5330644229754254	0.5216177294969788	0.65625	0.5329061580111952	False
8	2031-04-01	GARW	north	0.02800479049483081	0.0009591105529048662	0.651842935838834	0.04296248214885142		-0.6988149733919731	17	1830.0	1829.8843492880324	0.7132056939547463	0.7276463026453622	0.896551724137931	0.866684293922913	False
9	2031-04-01	GARW	north	0.15745769513950725	0.02805314066106136	2.4048323897362462	0.06547553825852148	0.9956007857971104	-57.7273321763674	10	745.0	744.8549695007428	0.3011612520235164	0.29339086175103724	0.5277777777777778	0.47409771093880376	False
6	2031-10-01	GARW	north	0.007699213204536113	5.9313430560308374e-05	0.419533684122388	0.018351835611583617	0.9996148110524744	-0.49509747492000367	3	34.0	33.82752896455435	0.0416326060072523	0.04308541839807706	0.04838709677419355	0.04589250238545287	True
8	2031-10-01	GARW	north	0.0026914749471945794	1.2334279859630078e-05	0.047759367984911455	0.056354911313836756	0.9996233949666866	0.9896765534613836	23	2060.0	2059.5392562147313	0.6164331872827745	0.5983801648587825	0.896551724137931	0.8070069555350985	True
9	2031-10-01	GARW	north	0.002428180183498281	1.0379776593759152e-05	0.032056146064769954	0.07574772646069507	0.9966505182047274	0.9927735045945553	20	1229.0	1228.9616289989037	0.5209016487336413	0.4982145441603497	0.9166666666666666	0.795833677228854	True
8	2032-04-01	GARW	north	0.0017581493446805184	8.180143118613789e-06	0.03291653338411664	0.05341234826170625	0.9324077618893449	-1.437486785721438	3	54.0	53.73297852648526	0.28634330925352597	0.2511822581353168	0.2982456140350877	0.28315422192781914	True
9	2032-04-01	GARW	north	0.0011622341345014439	1.933385849766484e-06	0.026352663121371453	0.04410309990867286	0.9899596645803669	0.9451160912789551	7	237.0	236.79942232561848	0.8121602388961965	0.7632079323384131	0.9166666666666666	0.8161138229176318	True
10	2032-04-01	GARW	north	0.0036835101940627924	5.057683039205056e-05	0.039360705394237784	0.0935834395539578	0.9876966182641024	0.9697933120386336	26	2915.0	2914.9586915372292	0.6976933085794264	0.6816487145198783	1.0	0.9267304110088112	True
11	2032-04-01	GARW	north	0.0032606603816962396	1.2621137648340673e-05	0.046004190341647766	0.07087746480225197	0.999160577128269	0.9900434938392724	16	2036.0	2035.9864558182662	0.4441635637225958	0.4404875363177312	0.7543859649122807	0.8403112387517522	True
10	2032-10-01	GARW	north	0.042985730293623244	0.002270410525155528	0.6453914559040556	0.0666041204921274	0.7032371663841253	-0.6406477875233831	24	2892.0	2892.030257794927	0.6467559960492903	0.6500259243611737	1.0	0.9735431059315356	False
11	2032-10-01	GARW	north	0.06105996150746956	0.0050509483482980445	0.8155894402021284	0.07486605208171529	0.05782683628340214	-1.720146032558735	21	2166.0	2166.1961597363133	0.5405581253453237	0.5334977912094044	0.9473684210526315	0.8966003667459969	False
12	2035-04-01	GARW	north	0.0017193592287887852	4.351760261587087e-06	0.03824801959688937	0.04495289552007594	0.9878161378527494	0.9740929587620851	15	780.0	779.9960571305564	0.9988700564971751	0.9964355662470783	1.0	1.0	True
12	2035-10-01	GARW	north	0.0010587687757267945	1.7948741907687867e-06	0.023520404646983146	0.04501490478662313	0.9993506146340045	0.9980145051267649	27	1325.0	1324.9603991073095	0.9993722536095417	0.9855842653533069	1.0	1.0	True
12	2036-04-01	GARW	north	0.1885794417887427	0.03807978827892889	4.559510520953834	0.041359580358922496	-0.6884642129063866	-117.02209762269987	13	416.0	415.81215672989106	0.7863806507342355	0.7813753068337272	1.0	1.0	False
12	2036-10-01	GARW	north	0.048428166428876734	0.002393787927802888	2.165741431780188	0.022361010284163946	0.9110602445543516	-16.169292563900616	4	46.0	45.8100126984121	0.06646672862017106	0.04991298588942913	0.1	0.06886230109329772	False
13	2036-10-01	GARW	north	0.08187969067307302	0.009765423702146564	1.4796742153189824	0.05533629620992058	-0.504857551103362	-5.594197148181132	25	2827.0	2826.894233715881	0.9351720229211945	0.9435724287144773	1.0	0.9837641536063941	False
13	2037-04-01	GARW	north	0.40548860530327263	0.16966027108357076	7.226190915225177	0.05611374098197862	-0.9878001189821586	-8773.42343171431	5	188.0	187.86727700638212	0.9805714285714286	0.9499412892352381	1.0	0.9943968104530034	False
14	2038-04-01	GARW	north	0.010759145816637563	0.0001556137320162966	0.3824233306027163	0.028134125079870693	-0.13155960819877335	-0.03805668035619658	16	549.0	549.0925749046954	0.8166998625517645	0.8095133559636568	1.0	0.9677791673742161	True
15	2038-04-01	GARW	north	0.026048392021694247	0.0006837958394181222	1.2702834223080641	0.02050596863994742	1.0	-115.90032452066947	2	28.0	28.022955127114315	0.16140109890109888	0.1452187264475961	0.1978021978021978	0.1534781435076933	True
16	2038-04-01	GARW	north	0.01745241406996093	0.00037379630288263447	0.4516772446027742	0.038639126231186136	0.9966408348101561	-3.6257996353629567	5	86.0	85.6599496224506	0.22400758259453912	0.20840647020166436	0.3375	0.26630259475202966	True
14	2038-10-01	GARW	north	0.0007643732424474934	9.98132044523576e-07	0.01637292682161004	0.046685192621677425	0.9993578891407245	0.9981008434134638	23	728.0	728.1391764566246	0.7016134330001323	0.6876708909921746	1.0	0.9751580627612398	True
15	2038-10-01	GARW	north	0.0015109807052405676	2.6884862216026797e-06	0.09315913900474025	0.016219350257881664	0.9975249537444342	0.9458959390003596	5	73.0	72.9637949146581	0.19462326370706157	0.15560898541422002	0.31746031746031744	0.17708278993003404	True
16	2038-10-01	GARW	north	0.0010125526625528436	1.6122506926422186e-06	0.03067852176411353	0.033005262454897225	0.9984449465499593	0.9942548800810955	14	269.0	268.72065954717897	0.3877529080597033	0.371083317324524	0.6666666666666666	0.5819859508515564	True
14	2039-04-01	GARW	north	0.003891776039616852	2.2789904116032866e-05	0.1007133829167666	0.03864209429677449	0.9871742561860637	0.5595033973097683	4	84.0	83.64634182573283	0.43800709939148075	0.3906292368619987	0.5098039215686274	0.42773529104992974	True
15	2039-04-01	GARW	north	0.016115969409434435	0.0004194291275650674	0.33541895083015844	0.04804728346310659	-0.932353020527845	-1.078655154418187	6	84.0	83.93902132580355	0.18136133915378658	0.17145845637890955	0.2558139534883721	0.20849065867662656	True
16	2039-04-01	GARW	north	0.005899921548733918	6.445908222087498e-05	0.19966537110922497	0.0295490475687265	0.9360689067624313	0.8648059977811048	18	452.0	451.6752807330771	0.5550852949226558	0.5357277313744522	0.7727272727272727	0.7115064672340726	True
17	2039-04-01	GARW	north	0.003559279823258254	1.6174144085014358e-05	0.06777877795187216	0.052513189685798115	0.9991315328939864	0.7567260501464688	5	158.0	157.9508734667665	0.35913955631809324	0.32117113918435664	0.4567901234567901	0.39774937884491496	True
15	2039-10-01	GARW	north	0.005934541913942263	4.397339273611815e-05	0.2276473419303508	0.0260690147471959	0.9920051839951656	0.8108406821010945	11	158.0	157.92036739625922	0.15560241708400713	0.14710989185219103	0.2558139534883721	0.16629184945759015	True
16	2039-10-01	GARW	north	0.0014163921321108063	2.932829471141011e-06	0.03883746657482568	0.03646973546490046	0.9987578189763847	0.9937582247568028	17	481.0	480.7923140549889	0.4570677815666093	0.44962393882290735	0.7727272727272727	0.711770586975303	True
17	2039-10-01	GARW	north	0.001395616320824273	3.3345577773065694e-06	0.027057653295937654	0.0515793555915585	0.9992981711762621	0.9940270006456681	29	1267.0	1266.9536171515265	0.7878374874983003	0.782764984696482	1.0	0.9884405194456509	True
15	2040-04-01	GARW	north	0.007184619221248727	6.505190783691622e-05	0.2673862398491236	0.026869816581820923	1.0	-0.3040749606078301	2	26.0	25.600945352779362	0.10487972508591065	0.09410295251389271	0.10666666666666667	0.1101030448685196	True
16	2040-04-01	GARW	north	0.010473927987403172	0.00011921578740975056	0.4010709416683013	0.026114901129051255	0.9996872718218237	-4.368421596961016	3	64.0	63.96222747287599	0.16725032725032726	0.15992259799060493	0.18666666666666668	0.18045906572651563	True
17	2040-04-01	GARW	north	0.0018292112936950748	5.829213195447088e-06	0.07021442194560432	0.026051788834951597	0.9905710668343514	0.9807004294350147	45	2533.0	2532.8821233392423	0.9598630053271341	0.9541471945701133	1.0	1.0	True
17	2040-10-01	GARW	north	0.2597611144562862	0.08854953951464245	5.459302296324323	0.04758137585295102	-0.6766693877560505	-132.0771930633997	30	1799.0	1798.9716279799984	0.9989795918367347	0.9885242405197908	1.0	1.0	False
17	2041-04-01	GARW	north	0.0026625074095718943	1.184433959368651e-05	0.05688842607340511	0.04680226881538907	0.971516769685942	-0.19114225457265333	5	96.0	96.01667873042183	1.0	0.9970171215668149	1.0	1.0	True
18	2041-04-01	GARW	north	0.008334089105676012	0.00011610216614102851	0.20700438592778897	0.0402604469867767	0.9287670964625598	-0.7738253495107195	8	191.0	190.93408007695723	0.950495582848524	0.9528808137669411	1.0	1.0	True
18	2041-10-01	GARW	north	0.10215370975143315	0.01343991381570885	2.351238674477641	0.04344676312970565	-0.7794164719930854	-25.73924153358307	20	553.0	552.9910350514039	0.9786357331394097	0.9911334070894808	1.0	1.0	False
18	2042-04-01	GARW	north	0.010873296990889495	0.00016255875409748423	0.3126820974093464	0.03477428698661557	0.8403647225077387	0.6364138950085549	31	1693.0	1692.9709886796782	0.9703050010604257	0.9679700296757497	1.0	0.9964401136055278	True
19	2042-04-01	GARW	north	0.014138702249374652	0.00020121096958452202	1.01814695731424	0.01388670088124704	1.0	-45.78715680684318	2	21.0	20.916227704745136	0.086455525606469	0.061791955759203654	0.09433962264150944	0.06379384287681687	True
18	2042-10-01	GARW	north	0.06768570821929489	0.006906302512729296	1.4042512314839053	0.04820056888806842	0.4092359066283324	-7.154417148832504	29	1695.0	1694.9832404963897	0.9231891404850002	0.9198515137395462	1.0	0.9952472277422586	False
19	2042-10-01	GARW	north	0.008776858385988316	9.940266695876371e-05	0.4284030180954494	0.020487386911996048	-1.0	-10.887245665495108	2	21.0	20.877481143940773	0.086455525606469	0.08836112634692711	0.09433962264150944	0.09275657785416319	False
18	2043-04-01	GARW	north	0.35338155305112123	0.12837999109391515	7.460171828609772	0.04736909030645948	-0.8018340043058714	-8734.519157900026	7	171.0	170.74022724330248	0.8315147958005102	0.8353314868893428	0.8888888888888888	0.8500245188156267	False
19	2044-10-01	GARW	north	0.17560487977403702	0.03854646678023587	5.4162507502490875	0.03242185191776085	-0.8822323304802813	-150.3601956482962	12	175.0	174.02559891156375	0.7708369883040934	0.735130494202346	1.0	0.8546107455720814	False
20	2044-10-01	GARW	north	0.19920568596063826	0.03968290531904843	24.04830638286313	0.008283564039361733			1	12.0	11.63516233732669	0.4	0.286067294662464	0.4	0.286067294662464	False
19	2045-04-01	GARW	north	0.11400024686227865	0.016591224016397253	3.6823258312975398	0.03095876141468677	-0.9911491842743851	-37.54871202449233	5	65.0	64.26404677281754	0.4528933272695116	0.43418492800211944	0.8	0.7397328693160551	False
20	2045-04-01	GARW	north	0.15198946050217046	0.02408800616344657	2.607181457290273	0.058296464205501816	0.9450153718920908	-16.148520649276275	17	640.0	639.9668716999136	0.24607283057842888	0.26196209604114423	0.5641025641025641	0.6129871105890452	False
21	2045-04-01	GARW	north	0.02317153840888484	0.0008962250537453711	0.32552374642137394	0.07118232898097229	0.9741082393032177	0.4302841300608241	16	3752.0	3751.9955213453186	0.7386473029005913	0.7228474881097884	0.9360730593607306	0.9503624364826937	False
19	2045-10-01	GARW	north	0.04596517362389707	0.002112797186275003	1.7442825878083235	0.02635190762389707			1	16.0	15.833114189233727	0.06751054852320675	0.013810792378056966	0.06751054852320675	0.013810792378056966	False
20	2045-10-01	GARW	north	0.06244457087770158	0.006537008571825551	0.9958885708562595	0.0627023672176618	0.5003220799317946	-4.167819318674436	16	630.0	629.9551777163819	0.2585985012110419	0.28693614309977933	0.5641025641025641	0.48084274994757664	False
21	2045-10-01	GARW	north	0.07144557218586332	0.0075933348164692075	1.1055760321045414	0.06462293873164171	-0.16023049711005247	-2.026611092705846	22	4126.0	4126.029966591878	0.7961842842656011	0.779385913111941	0.975	0.9837915686442685	False
21	2046-04-01	GARW	north	0.01170109648283985	0.00020076652626317584	0.18662505809155275	0.06269842111502325	-0.9869809387711597	-5272.127193017614	3	76.0	76.18334953462076	0.9532051282051283	0.9110995772895115	0.975	0.9174134634724863	True
22	2046-04-01	GARW	north	0.006879911702117769	5.642310949275888e-05	0.22456251345615588	0.03063695536815863	0.9393660255924507	0.18374439296798684	8	142.0	142.00834776583403	1.0	0.9743819348614075	1.0	1.0	True
22	2046-10-01	GARW	north	0.0012277542030358578	2.343060737974143e-06	0.0406922985424018	0.030171660167009864	0.9961337866710922	0.9901711622242508	14	250.0	249.97730275442504	0.9852163087457206	0.9756768085171358	1.0	0.9871440440803059	True
22	2047-04-01	GARW	north	0.15090439227929503	0.02462301092252479	5.557313368987627	0.027154198847488282	-0.8917100350159627	-83.28086870859677	5	77.0	76.7388820078798	0.7756784994047184	0.7701228470955482	1.0	0.9630386488374717	False
23	2047-04-01	GARW	north	0.05365743940871239	0.005441018452890353	0.9172094604638776	0.058500747889773407	-0.5648461948093294	-3.7602485734253293	17	3127.0	3126.980419581427	0.9085329394861303	0.9090479302140236	0.9696969696969697	0.9473936899522911	False
24	2047-04-01	GARW	north	0.049895290972862515	0.00472926192949611	1.0092509870760864	0.049437941217590264	0.9641165843326136	-5.908249166262081	10	211.0	210.9930699095704	0.07825632301189797	0.07801771485983434	0.10434782608695652	0.10618910927806705	False
23	2047-10-01	GARW	north	0.06569376426359932	0.007179463679728869	0.9880209557336587	0.06649025395905513	-0.06376770339169852	-2.7587192974544226	23	3407.0	3406.896380587369	0.898485854817024	0.9020494574097316	0.9696969696969697	0.9692885490635845	False
24	2047-10-01	GARW	north	0.05212157222360905	0.003287605990165188	1.1138486467048725	0.046794124478044354	-0.759391522297407	-4.866015039307168	11	222.0	221.95240376224666	0.08114211182899815	0.06584048500194342	0.11	0.1282215274621503	False
23	2048-04-01	GARW	north	0.00658689744740352	5.011436550009388e-05	0.09067764739116241	0.07264080660351903	0.9503209018853964	0.474719714325585	4	114.0	113.53857300981178	0.8506009615384615	0.8918391839168592	0.90625	0.9499672232862918	True
25	2049-10-01	GARW	north	0.00410471639281645	2.5412118758871213e-05	0.09894195684891441	0.04148610481885256	0.9945009723444045	0.9430731526651306	20	357.0	357.04216472572205	0.8310915898649547	0.8497903115550309	0.9375	0.9292135173792577	True
24	2050-04-01	GARW	north	0.015275384028304268	0.0003625639980709059	0.49697433642236816	0.030736766285094523	0.9959717322336734	-0.15931861182795548	5	70.0	69.9995096074178	0.0807799063478424	0.07034902967377352	0.10084033613445378	0.08798474242372833	True
25	2050-04-01	GARW	north	0.007372298733962085	0.00011179803097958315	0.20311692970441553	0.03629583582565259	0.8858436610885286	0.7712756636487021	26	1156.0	1155.9428642479847	0.6733302259652265	0.6705401135067978	0.9375	0.9481290605114937	True
26	2050-04-01	GARW	north	0.009215345053495435	0.0001685309973032762	0.1687018374721825	0.054625042569645794	0.9896893502910116	0.578172990342086	13	969.0	968.9610918556922	0.4418667547589459	0.42723200155951313	0.6133333333333333	0.6425842265077334	True
24	2050-10-01	GARW	north	0.002710498337348407	9.148384909423503e-06	0.09956593041994076	0.027223150789796233	0.9990116261349304	0.9574218071647467	6	80.0	79.98036920690335	0.07485806675291543	0.0497593457927307	0.10084033613445378	0.06106166489878429	True
25	2050-10-01	GARW	north	0.0015827161974478702	3.3134914774706962e-06	0.027260936077635013	0.05805802826948181	0.9994684073038176	0.9971188807046597	23	1185.0	1185.0530930776324	0.4628306727526724	0.46430122505545174	0.7741935483870968	0.7111734382448157	True
26	2050-10-01	GARW	north	0.0017388743214217055	3.929419584183807e-06	0.03220770063788968	0.05398939654127512	0.9987339750432472	0.9969612281678545	23	1491.0	1491.0448142216603	0.556846875256544	0.5568051867607804	0.8461538461538461	0.8288042076955527	True
25	2051-04-01	GARW	north	0.004313766549952211	3.434327916863694e-05	0.09971420087452136	0.043261305933550834	0.8190455276849999	-9.420964150020481	5	105.0	104.92030950214108	0.27841658178066214	0.2628532220758194	0.2982456140350877	0.2698931548915534	True
26	2051-04-01	GARW	north	0.0021174236098825457	6.560062186423161e-06	0.04463939845786364	0.04743396378607656	0.9617250781630037	0.8728113935387385	8	313.0	312.9898117426727	0.7159794378459599	0.7104309963124775	0.8461538461538461	0.7490991412566074	True
27	2051-04-01	GARW	north	0.0033149916216381123	2.292870299843348e-05	0.094558848086493	0.035057445059037615	-0.41101979509497777	-9.535005074203283	4	64.0	63.80287247822645	0.9027941176470589	0.8687324524049637	1.0	0.983374906694522	True
27	2051-10-01	GARW	north	0.013434100866380368	0.00023664005187918892	0.3643583079372323	0.036870576500466816	0.9953363808399583	0.28439550174155026	17	307.0	306.96137319731713	0.9664217688935608	0.9497768359015394	1.0	1.0	True
27	2052-04-01	GARW	north	0.0018181384142834927	5.039238369516147e-06	0.04462129615001212	0.04074597941241111	0.9960552982445083	0.9912917594219476	34	2894.0	2892.884920151527	0.9543346436868537	0.94774546878114	1.0	1.0	True
28	2052-04-01	GARW	north	0.006155815053929446	4.274266790484097e-05	0.1668856105231326	0.03688643397494218	0.9993880332076712	0.875798024692464	9	226.0	226.00007500391976	0.15041848378936606	0.15059552624617095	0.2824427480916031	0.237863784763057	True
27	2052-10-01	GARW	north	0.005155469715544675	6.784503280671601e-05	0.06478477173489997	0.07957841908652417	0.9727539006151239	0.944902872497791	28	2855.0	2854.948328027975	0.8909233532164944	0.8875482546851188	1.0	0.9954615246415857	True
28	2052-10-01	GARW	north	0.011160598364033	0.00019983578680198618	0.20241080372529355	0.05513835308504511	0.9911607493811015	0.8319288265470949	12	274.0	273.8871424398	0.1866078196978165	0.18602421230329044	0.359375	0.2955075301732594	True
27	2053-04-01	GARW	north	0.01779453546773134	0.0005022852920466039	0.22189329039812805	0.08019411238529932	0.9189111759708231	-1.2696874984209825	3	63.0	62.79229760157186	0.6885170353419782	0.6519641772206763	0.7291666666666666	0.7678766794195688	True
28	2053-04-01	GARW	north	0.018317736419833367	0.00033553946754648974	0.4638433421909946	0.03949121341983337			1	13.0	12.892171652158506	0.2708333333333333	0.23212332058043128	0.2708333333333333	0.23212332058043128	True
28	2054-10-01	GARW	north	0.27355379599577234	0.10114729302673447	6.719696827204343	0.04070924671605779	-0.9430390796016858	-151.47946301703962	22	1081.0	1080.99137637884	0.9867187242984851	0.9887661662556511	1.0	1.0	False
1	2025-10-01	GARW	south	0.010570032356489427	0.00017112742908206627	0.6043880699089631	0.01748881700805503	0.9111401279119549	-0.22707100730786856	10	166.0	165.94170412991812	0.43511093681314017	0.41764618702916084	0.8571428571428571	0.6481458813736256	True
2	2025-10-01	GARW	south	0.006830678672773536	7.825635009057317e-05	0.1431331570529265	0.047722546008314125	0.8992489541992006	-0.5554916461971231	7	229.0	228.95680867786467	0.5602061104400987	0.542156877671564	0.7361111111111112	0.7396321213123739	True
0	2026-04-01	GARW	south	0.008984713443220636	8.072507565678961e-05	0.6518632718445491	0.013783125743220635			1	11.0	10.738400701103199	0.09090909090909091	0.07391431896760503	0.09090909090909091	0.07391431896760503	True
1	2026-04-01	GARW	south	0.05304517399690381	0.00483004942312577	1.6559351592280451	0.032033364169664784	-0.8545706162500497	-16.028076846375054	15	256.0	255.8726620823411	0.3532311931129231	0.3589314001831316	0.8571428571428571	0.5790549674928254	True
2	2026-04-01	GARW	south	0.020265339735346572	0.0012367346879618025	0.48855107788217844	0.04148049334615094	-0.0892887110042696	-1.1791508418198728	24	996.0	995.9216904045749	0.7854221525456246	0.7619659748403546	1.0	0.9886108805871823	True
0	2026-10-01	GARW	south	0.007736818379016807	5.985835862989225e-05	0.6268634233937781	0.012342111679016807			1	11.0	10.761297036741224	0.09090909090909091	0.0620826463192496	0.09090909090909091	0.0620826463192496	True
1	2026-10-01	GARW	south	0.00630415550883364	4.1318755625453714e-05	0.23130436588446845	0.027254805523136687	0.9796897993201078	-1.495727770685423	3	42.0	41.719276738013164	0.15083772257923408	0.15228564140717402	0.1794871794871795	0.1704753429205652	True
2	2026-10-01	GARW	south	0.004073018394445975	7.646447698611305e-05	0.049004958859452774	0.08311441309699852	0.9656051114441662	0.9031023721431234	33	1592.0	1592.2132031541373	0.685623605813643	0.6741559612191872	1.0	0.9648426257306537	True
3	2026-10-01	GARW	south	0.0014656975939511313	2.6832593435956346e-06	0.026924906980432064	0.05443649610438176	0.9997359214362633	0.9950207947473653	14	1574.0	1573.9882184084968	0.5815712455135967	0.5643665551489448	0.8698224852071006	0.8930787127581656	True
2	2027-04-01	GARW	south	0.002294778634705081	5.9541573450317555e-06	0.0420549240742233	0.05456622940645417	0.9982139135825648	0.9929566325322182	21	1022.0	1022.2579888234617	0.4547690770315926	0.4546049808471152	0.896551724137931	0.7697645781325687	True
3	2027-04-01	GARW	south	0.003617028185101294	1.5368234953920227e-05	0.069656410999894	0.05192670901615643	0.99899844244467	0.988559294584142	22	2082.0	2082.096802312903	0.6891382115625103	0.6600630763333664	0.9545454545454546	0.9013742863142246	True
2	2027-10-01	GARW	south	0.028280159751397693	0.000799767435564574	0.4338543113684049	0.06518353975139769			1	12.0	12.120244898674438	0.13333333333333333	0.1210535399294309	0.13333333333333333	0.1210535399294309	True
3	2027-10-01	GARW	south	0.001170813637126281	1.7251150852448014e-06	0.021057131028271812	0.0556017643407508	0.9851933293312776	0.9661997652719011	6	256.0	256.08226133734536	0.892195033551976	0.8848314502593723	0.9545454545454546	0.8925087409832622	True
4	2028-10-01	GARW	south	0.34231953046175484	0.11836010945729857	3.4313119050752414	0.09976345489182467	0.3972235659301891	-151.86092677645217	12	683.0	682.9983998254174	0.9470846176944493	0.9354916062607677	1.0	0.9922897052643845	False
4	2029-04-01	GARW	south	0.013819295812410154	0.00042201749327250364	0.1359206357593828	0.1016718008652795	0.8219696403502985	0.668904814618584	24	1382.0	1381.9181653097503	0.9388845733769547	0.9479726234996745	1.0	0.9776214235265014	True
4	2029-10-01	GARW	south	0.02157907071737943	0.0012405614939376144	0.2113602249061084	0.10209617598091317	0.039508323645916	-0.6183178462824153	15	548.0	545.9177916849221	0.7120772968763128	0.7118318139406994	1.0	0.9447848316445618	True
5	2029-10-01	GARW	south	0.004371410685704009	2.5963692272640978e-05	0.1287706977712235	0.03394724701632309	0.9811175375487834	-0.4839010522875704	4	70.0	70.00149155465654	0.32121790103601244	0.3091304885662679	0.39215686274509803	0.3542828521677349	True
6	2029-10-01	GARW	south	0.004553062293678076	3.4363780672929956e-05	0.17074734984651502	0.026665493184935687	0.9659108560801555	-1.113493960478149	4	51.0	50.919708098812414	0.2339185195609344	0.26944057731840915	0.27450980392156865	0.28826748451868395	True
7	2029-10-01	GARW	south	0.006128682960064529	4.8853109521085555e-05	0.20565146404284063	0.029801309650719636	0.8649418903164747	-3.0636494673194807	3	47.0	46.88826745772813	0.27971823498139287	0.27807546058141686	0.2982456140350877	0.300919447720599	True
4	2030-04-01	GARW	south	0.03446402442691956	0.0017053888067052655	1.4534832036473233	0.0237113331206282	-0.8465924642976278	-7.923139095769342	7	88.0	87.09425813185119	0.2596595097369091	0.2703833377177843	0.3939393939393939	0.42807394222032674	True
5	2030-04-01	GARW	south	0.01380452754612514	0.00036614828358521245	0.4806595482809798	0.0287199694575825	0.507055631582408	-0.3827615503597104	13	227.0	226.60691341202624	0.3687995881085314	0.3440154308274756	0.5714285714285714	0.42022645668629494	True
6	2030-04-01	GARW	south	0.02442559472171252	0.0007413102427962562	1.196474621041048	0.02041463671035488	-0.6303552907622783	-7.13253012531076	7	96.0	95.70889843795602	0.2338759318839931	0.21531553970716866	0.27941176470588236	0.2177895950458719	True
7	2030-04-01	GARW	south	0.010867667654571526	0.0002201743756459963	0.4347174987253724	0.02499937933585932	0.7120726410489029	-0.228866633564341	11	180.0	179.66970278535527	0.34344035332856904	0.29225613180603094	0.64	0.3647559699080814	True
5	2030-10-01	GARW	south	0.009068059624142605	0.00011768715340680772	0.17905452557382115	0.05064412415761029	0.9191094871253292	0.822222979244796	20	571.0	570.8846632092451	0.2880523790540192	0.26655152336816784	0.5714285714285714	0.4426485564377367	True
6	2030-10-01	GARW	south	0.0032379153530708417	1.1945947675373781e-05	0.10267424058888219	0.03153581009706003	0.992868914310022	0.9635287199779875	10	132.0	132.00006265836328	0.08596879691011422	0.07882821997378464	0.2641509433962264	0.19419643152604218	True
7	2030-10-01	GARW	south	0.006595689607560043	8.432552203554204e-05	0.166036742125937	0.039724277428650624	0.9122740083130033	0.8010968222701309	22	785.0	784.6976747125836	0.3801312463635554	0.36551420858902445	0.64	0.5055658367305728	True
8	2030-10-01	GARW	south	0.0022925437862262106	7.3996517755736545e-06	0.040168091337570884	0.05707375456204211	0.9994232346605587	0.9736690277184565	12	931.0	930.9960337128061	0.3948851458150993	0.39127798311330436	0.6310679611650486	0.662969235055511	True
5	2031-04-01	GARW	south	0.0037210652588438526	2.3290374814024604e-05	0.09848985815058973	0.037781202336126744	0.9992828388352732	0.9622995971551978	18	562.0	561.9427734483733	0.20683375178297742	0.19540419757167543	0.3055555555555556	0.26267319489831825	True
6	2031-04-01	GARW	south	0.0009467455933108765	1.7002122668515384e-06	0.038143241493960735	0.02482079540777298	0.9979756158512096	0.9890468045955002	8	108.0	108.00664253706881	0.06837416704806593	0.07421503373141741	0.10897435897435898	0.08911301596558464	True
7	2031-04-01	GARW	south	0.0030832558688861744	1.281769640032112e-05	0.06211067031489819	0.04964132335481507	0.9965887725987042	0.9808062428682084	19	748.0	747.7775374717295	0.3349862682295267	0.3302231611481471	0.6363636363636364	0.5098401237282271	True
8	2031-04-01	GARW	south	0.0015755808558768154	3.588194222685373e-06	0.026817408989882132	0.05875216567235343	0.9994910222748057	0.9970183133125693	22	1489.0	1488.9642280867022	0.5474903756411493	0.5375069125105153	0.875	0.8298937739886268	True
5	2031-10-01	GARW	south	0.21459085159567332	0.04617907953376479	6.195966715963949	0.034633958094509865	-1.0	-5942.681950234226	2	33.0	32.8125425524177	0.16710526315789473	0.142898898398429	0.18421052631578946	0.14377237582337135	False
7	2031-10-01	GARW	south	0.0998975676006866	0.00997952401253375	2.2038895047638087	0.04532784760068661			1	12.0	11.863885268790991	0.10526315789473684	0.1043501195395342	0.10526315789473684	0.1043501195395342	False
8	2031-10-01	GARW	south	0.1524846333670493	0.024438758449470816	3.250195670361208	0.04691552411984569	-0.9667510645297288	-472.03477462438184	7	250.0	249.73244326434096	0.7442113347885844	0.7332593968692864	0.875	0.7494830835900215	False
9	2031-10-01	GARW	south	0.10490810870758267	0.015118898655301138	1.8260576388179912	0.057450600943511176	0.934280557637779	-13.119787864976358	19	1399.0	1398.8592354829486	0.5349478732921638	0.5253467829194962	1.0	0.8863409376008999	False
10	2031-10-01	GARW	south	0.07080948927461204	0.006853331176061399	0.959628547182169	0.07378843562181991	0.9874520298061177	-5.173015012423038	14	2752.0	2752.0356812675814	0.5719840328422858	0.5562531098736305	0.8506944444444444	0.854949515131327	False
9	2032-04-01	GARW	south	0.11746132667337879	0.015790901687544226	1.582595293912767	0.0742206975625275	0.37434540134695976	-9.380648213389708	22	1457.0	1456.5883234805826	0.478885618861516	0.4745862570431203	1.0	0.8130389757017923	False
10	2032-04-01	GARW	south	0.13714508380213153	0.020989066349011654	1.6557792730742344	0.08282811968499791	0.382320217791054	-7.235839612258733	22	3328.0	3327.979514760234	0.6955527469464863	0.6782914469687994	1.0	0.9653156803510299	False
10	2032-10-01	GARW	south	0.016205263805867447	0.00028036523226346094	0.2718043030221109	0.05962107157865404	-0.8344872724226261	-22.323617394475395	5	176.0	175.94579901821805	0.9344215990865878	0.9137277367119729	1.0	0.9367939700851139	True
11	2032-10-01	GARW	south	0.024644598121769	0.0006483652088423894	0.8392970255014872	0.029363380749554833	0.4687808947692421	-15.56896699260611	11	203.0	203.05222640930702	0.993006993006993	0.9924124316845971	1.0	1.0	True
11	2033-04-01	GARW	south	0.0033322803720155325	1.890001814468768e-05	0.1138238672306903	0.02927576134152865	0.9907169649643781	0.947359255167203	22	427.0	426.8211766878196	0.9965034965034966	0.9960728767732099	1.0	1.0	True
11	2033-10-01	GARW	south	0.12402624480475248	0.017303590935425002	3.3714546800477936	0.03678716061014775	0.5224442813016771	-33.58126968059079	22	870.0	870.0103994467138	0.9945541733889375	0.9935173807189529	1.0	1.0	False
11	2034-04-01	GARW	south	0.056090735377543055	0.0066094399470499705	1.5198662438614237	0.03690504714088329	-0.6334443874067044	-9.507344291614556	23	1130.0	1130.0441480756308	0.9713195288786859	0.9597394204484775	1.0	1.0	True
11	2034-10-01	GARW	south	0.0008244248262305893	1.5357496283516614e-06	0.02301441238206801	0.03582211062112327	0.9576568310796918	0.914033837934194	6	179.0	179.14005833945677	0.9266852195423625	0.8849016820920556	1.0	0.9235840624770243	True
12	2034-10-01	GARW	south	0.001804229138701631	5.045132023634583e-06	0.045427286844807506	0.03971685883124364	0.9695443180050332	0.9264270045257982	11	246.0	245.97937133361472	0.9380805071812977	0.9421789241396479	1.0	1.0	True
12	2035-04-01	GARW	south	0.0012612122771290225	2.629956121861345e-06	0.030033194865589367	0.04199394312771102	0.9973909738555465	0.9946146765862025	21	464.0	463.9169952117976	0.9618325829143635	0.984213088927009	1.0	1.0	True
12	2035-10-01	GARW	south	0.0013141104672384678	3.224384160079014e-06	0.039045851970843926	0.03365557161410467	0.9971246701026689	0.9931777620746798	25	1288.0	1287.7637435284157	0.8648222692937437	0.8588109643126586	1.0	0.9857147563048386	True
13	2035-10-01	GARW	south	0.0009020896551206862	1.243706794793109e-06	0.015793805693255062	0.05711667426084231	0.9988446765209713	0.9943980542772328	10	425.0	425.02960094904086	0.2915159362540581	0.28704728446085864	0.47282608695652173	0.4578697035802569	True
12	2036-04-01	GARW	south	0.0022753140259802254	7.451252898911286e-06	0.04600790648853631	0.04945484808240863	0.9995954712076938	0.9905821795766405	24	1368.0	1367.9914140704282	0.6685851719543208	0.6656322300471219	1.0	0.9985581090947288	True
13	2036-04-01	GARW	south	0.0018425119059236395	5.200438520667253e-06	0.0297311723122933	0.061972393371175424	0.9975739516522341	0.9949467156995533	23	989.0	988.9840675513367	0.556800173657577	0.550955525844846	0.9411764705882353	0.9090698402683564	True
12	2036-10-01	GARW	south	0.2582485758222746	0.06808307406336175	5.526858202967117	0.04672610845771885	-0.9893959184843741	-2304.061955163517	5	132.0	132.0400065308501	0.3027414349559772	0.2827935512614187	0.368	0.34172214412373453	False
13	2036-10-01	GARW	south	0.16159760247803867	0.05690715537559045	4.096002432708729	0.03945251623573195	-0.9130713277668933	-113.27637768245071	26	705.0	704.9551219272311	0.9021931474912559	0.8855380750223214	1.0	0.9918452714614845	False
13	2037-04-01	GARW	south	0.002843233043921659	1.2463804784857038e-05	0.0987298913441279	0.0287980975691691	0.9934728402032127	0.9570076859321717	20	370.0	370.1341319262848	0.9681286360698126	0.968082435389487	1.0	0.9849140715680583	True
13	2037-10-01	GARW	south	0.003032908465783229	1.0544225397919616e-05	0.09651891217893933	0.03142294496813669	1.0	0.03894984824410541	2	32.0	31.986531888177037	1.0	0.9433161830892662	1.0	0.9622718845901908	True
14	2037-10-01	GARW	south	0.012426981808171344	0.00024173707499006302	0.24452232113069125	0.0508214618228224	0.975451844474341	0.6378662731313629	16	2175.0	2174.955913371108	0.9826442227731664	0.9709192697230266	1.0	1.0	True
14	2038-04-01	GARW	south	0.298706162799624	0.1229279145646686	5.333159399283439	0.056009232133537576	-0.35849281549982864	-77.18252162903057	25	2720.0	2719.99040711638	0.9765306057668061	0.9751879470920362	1.0	0.9855294571859361	False
14	2038-10-01	GARW	south	0.0014517490477046295	3.9094399588243245e-06	0.026260042444313653	0.05528357582753988	0.9622568355048249	0.8400157720580099	6	199.0	198.8941466925094	0.9551851851851851	0.9776679167206047	1.0	0.9822393757045522	True
17	2039-10-01	GARW	south	0.0025949158018568064	9.072936522458585e-06	0.04243612316084756	0.06114874801407234	0.9978173865068756	0.9955085822202728	21	4730.0	4729.958744308375	0.979661038802822	0.9710434127548856	1.0	0.9984263745691081	True
17	2040-04-01	GARW	south	0.05227961744915429	0.0035650842726886412	0.8083224373310927	0.06467668721626778	0.7025721945394334	-0.5256056935491595	23	4785.0	4784.89147569358	0.9814296441243158	0.9783700108351203	1.0	1.0	False
18	2042-10-01	GARW	south	0.00737022375482695	6.343025645570278e-05	0.21654651958783355	0.03403529074886613	0.9295821274903189	0.6149494554299215	9	128.0	127.88767251416516	0.5045086409927886	0.4913336169753365	0.7647058823529411	0.6384961072656883	True
19	2042-10-01	GARW	south	0.009319789410777794	0.00011708043838040947	0.2407275139071605	0.03871509849253079	0.44293997482920433	-0.004561813512816926	6	126.0	125.5115365708111	0.5854442771374929	0.5644772662822324	0.6756756756756757	0.659699024708783	True
18	2043-04-01	GARW	south	0.007236771357090197	6.593193178925456e-05	0.21164891838914573	0.034192338010366745	0.915071350342745	0.7955699713206166	12	164.0	163.57167173255925	0.4594279923724985	0.43141122366351703	0.7647058823529411	0.6329133492950715	True
19	2043-04-01	GARW	south	0.003991707224409023	2.5691970981055506e-05	0.11007641328366784	0.03626305677422792	0.9927461882281152	0.9477156758091746	16	333.0	332.7221864632667	0.7049828388582189	0.6897595737570246	0.9333333333333333	0.7976435563112428	True
18	2043-10-01	GARW	south	0.00028883296118508914	8.342447946694721e-08	0.009437305745568132	0.03060544703881491			1	11.0	10.591183686785996	0.44	0.17844555592555233	0.44	0.17844555592555233	True
19	2043-10-01	GARW	south	0.0028252243644644455	1.5498718386797887e-05	0.08959803766935502	0.03153221251218038	0.983817702305397	0.9652989869042505	20	439.0	438.7782636037113	0.8951269993701189	0.8986672616277476	1.0	0.9854620649811701	True
19	2044-04-01	GARW	south	0.0009350839014567781	1.2451026906700447e-06	0.028746675768596925	0.03252841855468626	0.9986524868174999	0.9972778731928855	22	580.0	579.8051515987715	0.9638031245765096	0.9601407235820584	1.0	0.9705504801292906	True
19	2044-10-01	GARW	south	0.010026852855150406	0.00022317883096028833	0.3006523187780685	0.033350326037405	0.8853841327117346	0.614062341249938	18	370.0	370.01646590582453	0.571573638138265	0.5579536396853687	1.0	0.9612776314612106	True
20	2044-10-01	GARW	south	0.01660906969809364	0.00031932996027848225	0.380747819302522	0.04362223197632277	0.8663404765934	-1.9442316279919676	13	540.0	540.065996691305	0.6670651725835623	0.6674715905831937	0.7631578947368421	0.7650990847538851	True
19	2045-04-01	GARW	south	0.0029913177409073115	1.286722597990903e-05	0.09658532881158834	0.03097072586192213	0.9913811313186938	0.9672032547579513	17	322.0	321.9643836646154	0.277878952236962	0.2461030572807544	0.4666666666666667	0.3730920235468063	True
20	2045-04-01	GARW	south	0.004408806858964624	2.2884187046471597e-05	0.09930092598291869	0.04439844659377101	0.9940059706316527	0.9738691056110077	24	1025.0	1025.0623353855244	0.6309067677376364	0.6168329757561856	0.7631578947368421	0.7110826378051511	True
21	2045-04-01	GARW	south	0.01077039202211225	0.00012560380983607137	0.5240287292296582	0.020553056390524866	0.7410531122245136	0.2853021786175912	16	228.0	227.10824785307312	0.5403807869550445	0.5695316212499709	1.0	0.9654992075997415	True
19	2045-10-01	GARW	south	0.0029052458846768082	1.1379243003588457e-05	0.08803735601140696	0.03300014921279981	0.9832305863102292	-0.13834711452598114	3	40.0	39.859875422870914	0.18167609768777523	0.1712022533104621	0.22950819672131148	0.18519316688147852	True
20	2045-10-01	GARW	south	0.006753678311750887	5.620529232439492e-05	0.17049176720794865	0.03961292924785883	0.9719946796770793	-1.2029540692315988	8	245.0	245.16414455989823	0.5387861267365834	0.5052457409604664	0.7534246575342466	0.6598599658375423	True
21	2045-10-01	GARW	south	0.012511895492217566	0.0002320034423602723	0.20707881988823407	0.060420932951861364	0.9265211770271053	0.7099917820130406	43	4223.0	4219.016918847674	0.8077962256869112	0.8194335410858781	1.0	1.0	True
21	2046-04-01	GARW	south	0.09025925275860436	0.011762664917504438	1.7470131568452885	0.05166489582802696	0.849076982690674	-8.29682980844108	26	3957.0	3956.903462334274	0.9440004483457533	0.9232562282350547	1.0	0.9997937295540731	False
21	2046-10-01	GARW	south	0.005467554040101845	2.9894147181434008e-05	0.09375292956948598	0.058318754040101846			1	11.0	10.77956368319135	0.6111111111111112	0.6077893389059669	0.6111111111111112	0.6077893389059669	True
22	2046-10-01	GARW	south	0.003251187970918993	1.34199167660372e-05	0.12320626954395891	0.026388169879285224	0.9688199737487441	0.9087433948540622	12	182.0	181.9999676714794	0.4847457246927586	0.4802440901163491	0.7857142857142857	0.7294086757436182	True
23	2046-10-01	GARW	south	0.002401620783275183	7.951625091975952e-06	0.05634018024908071	0.042627140571038016	0.9919841144521517	0.929717418691087	7	234.0	234.04317550872435	0.6062965928341232	0.6034096292355875	0.7142857142857143	0.7091070789394106	True
22	2047-04-01	GARW	south	0.0011487532787650267	2.2506744008587485e-06	0.03886752117532875	0.029555609517341708	0.9977249203351877	0.9931518168244519	17	265.0	264.7749021651205	0.40439587715960684	0.4190830924593252	0.7857142857142857	0.6704837169956085	True
23	2047-04-01	GARW	south	0.0012592529847843968	2.5464432701395118e-06	0.034639194432889445	0.03635341425806234	0.9992060286153933	0.9949919375926909	21	772.0	771.9419133197546	0.7420181723994229	0.7293076609245224	0.8653846153846154	0.9238157205928437	True
22	2047-10-01	GARW	south	0.07177883128308903	0.005220664388570734	2.9135907050915972	0.02463586637534679	-0.9613246526130466	-320.51665233516286	3	43.0	42.9127181095167	0.19097164031804556	0.1812397532446961	0.22058823529411764	0.19748124208978296	True
23	2047-10-01	GARW	south	0.021360328274167013	0.0007146260310035498	0.4748994771066776	0.04497863085532267	0.4667890079671283	-0.1677560236281439	33	1620.0	1620.019365667484	0.644886269008264	0.659241800614832	0.9230769230769231	0.9155973436622546	True
24	2047-10-01	GARW	south	0.013198558496387746	0.00021454712708978015	0.2709342699204522	0.04871498352815579	0.9929551265306851	0.5550199235071063	16	1552.0	1552.0559807890654	0.5234991458506693	0.5100091472694386	0.6896551724137931	0.764323466115609	True
23	2048-04-01	GARW	south	0.15392233463354715	0.031177067828898855	2.5858058257755934	0.05952586737149116	-0.37938275861847515	-27.610181335805898	26	1322.0	1321.845341636685	0.4835343914584183	0.4750770992701984	0.9230769230769231	0.8665229517033114	False
24	2048-04-01	GARW	south	0.2436036470494065	0.07524077211315408	4.289148704154687	0.0567953372223816	0.8483161140395031	-46.0974539170102	25	2014.0	2013.9934080483818	0.6252679478284303	0.6511705287946034	0.9411764705882353	0.8955895819834314	False
23	2048-10-01	GARW	south	0.40634595355248065	0.17744237873799093	5.679260114820123	0.07154910064642296	-0.9995696489617875	-610.0122870934629	3	48.0	47.54991366531189	0.2269465329991646	0.2361174992241802	0.26785714285714285	0.2618047266573808	False
24	2048-10-01	GARW	south	0.3856393096184128	0.1600048598004607	7.935207845661941	0.04859851400480153	-0.8160323533885705	-17225.95681168793	7	233.0	232.99206425349385	0.8178547623196009	0.8226586216670037	0.9411764705882353	0.9465859397333702	False
25	2050-04-01	GARW	south	0.027268810272344065	0.0008610237824758749	1.043887838202674	0.0261223565160932	0.7420712971789867	-2.6880953854937726	14	240.0	240.07923444322668	0.9233808597809834	0.9304269214439328	1.0	0.9662134532096903	True
25	2050-10-01	GARW	south	0.002765588440514298	1.1352047224961504e-05	0.08307244627894866	0.03329128446786963	0.9923649895637255	0.9756610679505401	19	594.0	593.9722686793375	0.3471976498186513	0.34716390810843367	1.0	0.9190051994605668	True
26	2050-10-01	GARW	south	0.0027111897412872574	9.080326902205614e-06	0.060033949044029485	0.04516094284083901	0.9975742892552313	0.9870180383291248	20	2205.0	2205.0063073840365	0.7758700691705679	0.7738601418010763	0.8367346938775511	0.8049714188515181	True
25	2051-04-01	GARW	south	0.10737759603303902	0.016712197795618566	1.9312852398549696	0.05559903520057067	-0.31526981228602424	-13.041290008750632	19	595.0	594.898661916426	0.21388058806909527	0.2035307622914153	0.3287671232876712	0.22749564437280614	False
26	2051-04-01	GARW	south	0.08601158214513684	0.010378625064430071	1.4219726559804424	0.06048750781767482	0.5130261038910751	-6.621590686953791	27	2427.0	2427.1072281442657	0.771548982382219	0.7595773975463997	0.8461538461538461	0.7942601998612945	False
25	2051-10-01	GARW	south	0.017326372886188466	0.00030020342554975415	0.2790499982975153	0.06209056796952771	1.0	-29.97935038281266	2	26.0	25.896972890609	0.3005434782608696	0.21150541447677576	0.32608695652173914	0.22250849637600592	True
26	2051-10-01	GARW	south	0.005870539976392075	4.1260769400239044e-05	0.08630779365249557	0.06801865425999486	0.9672853482065373	0.6592031282091911	5	99.0	98.8409934894891	0.7642943339396429	0.768837298409149	0.8461538461538461	0.809347298276009	True
27	2051-10-01	GARW	south	0.0022246680582868623	6.6019356520201895e-06	0.06853093118904406	0.03246224762582121	0.9883154450353384	0.9524276426263163	11	257.0	257.03643226300215	1.0	0.9735648046908048	1.0	0.9965656436191238	True
27	2052-04-01	GARW	south	0.0009743324530945834	1.4737695035387593e-06	0.02956482951898891	0.032955794738095436	0.9985696641207179	0.9964762208220481	20	421.0	420.97855870585397	0.9976190476190476	0.9957543494379324	1.0	1.0	True
27	2052-10-01	GARW	south	0.06958524589682914	0.010564557133921473	2.262742687169197	0.03075261110837297	0.8378454021509436	-31.90767904441656	16	297.0	296.9847183525509	0.48760691896870634	0.4732506312356656	1.0	0.9981926190314603	True
28	2052-10-01	GARW	south	0.15329376600510358	0.030590574288189135	2.5914330830586643	0.05915405148110991	0.9902675725667135	-23.656336411991084	17	3005.0	3005.004792952794	0.9012162101631018	0.889487483681715	0.968609865470852	0.971332150344992	True
27	2053-04-01	GARW	south	0.05129035967256945	0.0038590236487991134	1.3509263252891832	0.03796680745087271	0.8455323385403317	-7.71915546728256	10	190.0	189.81040097173224	0.09137107034993018	0.06981393206766533	0.18055555555555555	0.13399551899678652	False
28	2053-04-01	GARW	south	0.13786729176457807	0.0300544588940695	2.272426711489802	0.06066963174983643	-0.502094530514092	-14.086275729550943	23	3310.0	3310.024790408228	0.9128127990813725	0.9128994334082898	1.0	0.9577122143757111	False
28	2053-10-01	GARW	south	0.3753570773882322	0.15289650040187022	6.308003234663598	0.05950489614932002	-0.965875079423223	-12149.109838656315	4	127.0	127.41487996359156	0.9605892085669638	0.9340859424703576	1.0	0.941751854217581	False
29	2054-10-01	GARW	south	0.0044537601317764935	2.7327170555789965e-05	0.08671783881765179	0.051359215041575874	0.9398257980073824	0.777913428543207	10	331.0	330.9774193006689	0.9282236078907907	0.9219957071177282	1.0	0.9686203251742059	True
0	2025-04-01	GARW	tropics	0.5127021090099461	0.2628634525832466	30.734240116828097	0.016681789009946053			1	12.0	12.337444124845115	0.41379310344827586	0.281250147910461	0.41379310344827586	0.281250147910461	False
1	2025-04-01	GARW	tropics	0.34141476599802645	0.1386757080477881	32.31211905651622	0.010566152142509364	-0.8752771544750597	-7216.882516544314	11	218.0	217.95211513249433	0.7672503667218631	0.7688919939249033	0.9473684210526315	0.9808987451474881	False
0	2025-10-01	GARW	tropics	0.015043148147516963	0.00022629630618814305	0.5581821550211141	0.026950249147516963			1	12.0	12.18098352629546	0.41379310344827586	0.3123138276824374	0.41379310344827586	0.3123138276824374	True
1	2025-10-01	GARW	tropics	0.002482469719227505	9.377631669265366e-06	0.2210632927927318	0.011229678558868932	0.9023775320648321	0.555340304506713	35	613.0	612.8075686835421	0.8617686013211554	0.8524961020136222	1.0	0.9604640149696883	True
1	2026-04-01	GARW	tropics	0.16478934527921996	0.031247537593430946	17.308376156387247	0.009520785993457181	0.4740866835929896	-2768.955513559699	24	377.0	376.84687957621577	0.8729191559518439	0.8472124437880755	1.0	0.9533564294710907	False
2	2026-04-01	GARW	tropics	0.19351207397022052	0.047253854786501605	7.702191072825976	0.0251242889381112	0.9800628034859463	-771.3000796619892	21	1294.0	1294.0314602130488	0.863210510918253	0.8413078042911378	0.9767441860465116	0.9807448996006889	False
1	2026-10-01	GARW	tropics	0.0018859043398034982	6.472810911929674e-06	0.3087395949001119	0.006108398051159115	-1.0	-6.040914765486131	2	23.0	22.484682881530343	0.5057692307692307	0.3966892528777013	0.55	0.4398553378790362	True
2	2026-10-01	GARW	tropics	0.000983060726906238	1.5020912683386049e-06	0.03866372687261905	0.02542591742759345	0.9984869293689633	0.9946693272315892	42	2437.0	2436.9928263809643	0.9158400096794601	0.8972096631437049	1.0	1.0	True
2	2027-04-01	GARW	tropics	0.0014975274118277917	4.736108708801283e-06	0.07340662728562149	0.0204004388595731	0.9674614032804717	0.8188688776865738	20	964.0	963.9460177408454	0.9635626826700585	0.9496373112012657	1.0	0.9883015719856356	True
3	2027-04-01	GARW	tropics	0.0038642350078249657	2.122121975751364e-05	0.20501231986788657	0.018848794113032547	0.8280567938531334	0.18705255057596115	7	95.0	94.63348328949483	0.989010989010989	0.9769252343512581	1.0	1.0	True
3	2027-10-01	GARW	tropics	0.0015590818809938876	4.591262079186159e-06	0.09117928528341354	0.01709907986389427	0.7792958324475143	0.5720158893864671	33	895.0	894.9186681743785	0.9771555303890224	0.9763919136821084	1.0	0.9953706285456376	True
3	2028-04-01	GARW	tropics	0.0009148038051610013	1.2632941322504132e-06	0.08165102456629174	0.011203825181866276	0.9854465371863809	0.9697348197148419	50	1684.0	1683.972713224438	0.9431763003290052	0.9432045824795486	1.0	0.9809461173740482	True
3	2028-10-01	GARW	tropics	0.007848404615921607	0.0002606320745920972	0.5915000399054953	0.013268645961842296	0.24548037477420614	-10.226868184119377	30	915.0	915.0156717534127	0.8504872871771223	0.8462616628080409	1.0	0.9866439915747159	True
4	2028-10-01	GARW	tropics	0.06364486398404677	0.00631662146388087	3.5579684894040953	0.017887978539884792	0.0817349334680251	-472.15400210697044	18	379.0	378.80097642396197	0.7670030127371851	0.7567964946102712	0.9545454545454546	0.9333683583056246	True
3	2029-04-01	GARW	tropics	0.005804754470142993	3.6442865273628695e-05	0.3809792995608584	0.015236403859301362	-0.7754770152816696	-76.18572948480842	4	48.0	47.92192758602221	0.5645383490778227	0.5574368159225314	0.7222222222222222	0.6496034440433236	True
4	2029-04-01	GARW	tropics	0.005716739688092989	4.257820146585759e-05	0.3376509817716829	0.01693091386287929	0.9042930804932535	0.24781634724679347	44	1173.0	1172.999955856749	0.8176611783984352	0.8169310808522181	0.9743589743589743	0.9176036480519324	True
4	2029-10-01	GARW	tropics	0.002750745976198426	1.2032370937951028e-05	0.19808218580759743	0.01388689227647306	0.8770700456978079	0.5019160006842649	31	834.0	833.9685781652807	0.8222945656776744	0.8059826749788637	0.9743589743589743	0.9123165079086373	True
6	2029-10-01	GARW	tropics	0.001331825566218417	2.134782684409988e-06	0.30048972504192323	0.004432183383417205	-1.0	-0.6306371245828093	2	23.0	22.81662813002523	0.848901098901099	0.6740824726034109	0.9285714285714286	0.7418853711543009	True
4	2030-04-01	GARW	tropics	0.01262353709420626	0.00021303595086784508	0.9651975089957852	0.013078708737385878	0.6535905632823518	-96.83456303126144	6	82.0	81.73235896215422	0.7228956228956229	0.6332939878378961	0.9333333333333333	0.7286244957887873	True
6	2030-04-01	GARW	tropics	0.010103039813630543	0.0006225610815539596	1.6496664072491833	0.0061242926262148655	0.01104169533888551	-91.67772259582424	17	202.0	202.08583378065515	0.7981174868793343	0.7451090661590145	1.0	0.8123610294318585	True
5	2030-10-01	GARW	tropics	0.004255032652042272	1.8105302869945893e-05	0.41816683534531657	0.010175442652042272			1	12.0	11.905394957674245	0.3157894736842105	0.21537432344695628	0.3157894736842105	0.21537432344695628	True
6	2030-10-01	GARW	tropics	0.0016195491997332881	4.2962006105500386e-06	0.24219016025859844	0.006687097436179964	0.17540382005042776	-0.1347419960425138	38	522.0	521.7750352221764	0.6520282592612667	0.6265531097764873	1.0	0.7941554013331821	True
7	2030-10-01	GARW	tropics	0.005428791430972699	3.077207254542857e-05	0.9611519427290633	0.0056482135546211	0.8876363115268312	-22.490675899131016	5	60.0	59.767863541943626	0.3665846722798892	0.277271859728751	0.4230769230769231	0.28125210812191614	True
5	2031-04-01	GARW	tropics	0.0017536173809427503	3.959936492298436e-06	0.3829186540117882	0.004579608129743308	0.9952478894055039	0.6309284623192504	4	45.0	44.75394966265482	0.19632931080299504	0.12179131066107879	0.3157894736842105	0.1670729243771058	True
6	2031-04-01	GARW	tropics	0.004002714129421435	9.320289445219697e-05	0.056949420383934246	0.07028542349397858	0.8084109267824491	0.4740110805014687	48	948.0	948.0601511097964	0.44237959363346074	0.43125296223878956	0.875	0.6855105088438425	True
7	2031-04-01	GARW	tropics	0.0022423943004025097	9.072922517510167e-06	0.25863280743426625	0.008670185049792778	0.8724836157472567	0.44527429722078826	8	96.0	95.65507092686332	0.316924085528665	0.22925414482315778	0.4230769230769231	0.2804981687923887	True
8	2031-04-01	GARW	tropics	0.0027185353666709495	9.775589173038059e-06	0.1513556364129404	0.017961243010825356	0.9782720624829736	0.13765838064576819	19	833.0	832.7322069629092	0.47116516350477483	0.452466341246951	0.6422018348623854	0.5607240810899963	True
9	2031-04-01	GARW	tropics	0.00938333867574888	8.855531549252798e-05	0.32352227103621095	0.029003686966263383	0.9639669449692473	-16.150424864655797	7	193.0	193.05338761953	0.2341560977043553	0.2306637089810469	0.40336134453781514	0.3253627937210406	True
5	2031-10-01	GARW	tropics	0.0019774553449671676	6.032629104165425e-06	1.1171235283083514	0.0017701313192835602	0.9308749393661006	-1.5108883432776343	3	33.0	32.4638377807394	0.1565092565092565	0.09793880634988351	0.2	0.12323201804302955	True
6	2031-10-01	GARW	tropics	0.002494534349374589	8.688620789760277e-06	0.16914513475329276	0.014747893003325225	0.9774715516083241	0.592456615768804	25	575.0	574.9760534898769	0.30917233431112623	0.29935979177225075	0.5333333333333333	0.5074388990402745	True
7	2031-10-01	GARW	tropics	0.0010159962649359255	1.0322484103637514e-06	0.1569193751975215	0.006474638735064074			1	11.0	10.820639732721121	0.13414634146341464	0.08657559417168992	0.13414634146341464	0.08657559417168992	True
8	2031-10-01	GARW	tropics	0.003947999772680735	2.2109194770480456e-05	0.15217228050887469	0.025944276838582882	0.9609315729020729	0.8057771433403915	30	1221.0	1220.7854744879164	0.39505895573533917	0.3823302350621987	0.6422018348623854	0.4918214680939028	True
9	2031-10-01	GARW	tropics	0.00912112585155841	0.0002892436835382047	0.07655680077546798	0.11914194113609307	0.8350882775515727	0.6565222608123679	31	1794.0	1794.2045868559085	0.3968920354437634	0.40268042855855013	0.7083333333333334	0.562603790938143	True
10	2031-10-01	GARW	tropics	0.008600554666316448	0.0001031604618707856	0.2799130614888079	0.030725806865073122	0.9330469882405587	-0.154562565408215	20	1710.0	1709.9636878224462	0.5373382492722777	0.5174970699013658	0.9586776859504132	0.967074941248533	True
8	2032-04-01	GARW	tropics	0.0030786192601137945	1.720249043267367e-05	0.1317539244738639	0.02336643308658713	0.8925046656992967	0.16208967333919388	8	229.0	229.0294366530912	0.20523599570483864	0.20908390727804632	0.3767123287671233	0.32015712278629355	True
9	2032-04-01	GARW	tropics	0.008141591615356998	7.799142168791619e-05	0.30892303258775006	0.026354757517293135	0.9405704064310907	0.025716957981355426	22	1446.0	1445.990920582578	0.430206497449028	0.41355174054526633	0.7083333333333334	0.5654335935671074	True
10	2032-04-01	GARW	tropics	0.005920345067304413	8.237720260099925e-05	0.07264482296204947	0.08149713669750801	0.9309326236199464	0.8408229310011529	38	2512.0	2511.830184632566	0.711290809760199	0.6938275411845451	1.0	0.9716651533487504	True
11	2032-04-01	GARW	tropics	0.004584817251388028	2.402162397079047e-05	0.3508893680705584	0.013066275779738337	-1.0	-8.45328908013513	2	23.0	23.091844414635283	0.8500000000000001	0.6425364619936116	0.8666666666666667	0.6727446230470885	True
10	2032-10-01	GARW	tropics	0.005968801367990824	4.539673193718511e-05	0.2281077339015642	0.026166589207214486	-0.25142511339386897	-4.184140592520481	15	502.0	501.7879898397067	0.8996803550652982	0.862541443493939	1.0	0.9649307125104447	True
11	2032-10-01	GARW	tropics	0.04392665771186841	0.0020861008400374207	3.7197686835362727	0.011808975624287652	0.31973566053570557	-317.21041058967114	24	508.0	507.6980179679458	0.9705152486402486	0.9205919951522583	1.0	0.9997179953719104	True
11	2033-04-01	GARW	tropics	0.003457227281292689	2.420261169478564e-05	0.33554426686267913	0.010303341832115263	0.8323876744097658	0.16948104959551702	47	1873.0	1873.0014856497087	0.994251461246578	0.9801140612048932	1.0	1.0	True
11	2033-10-01	GARW	tropics	0.0035033799242097886	2.180768968726218e-05	0.21802720837641315	0.016068544611007343	0.9678023033357075	0.5635398418894179	40	1648.0	1647.6907460568768	0.9912562362969044	0.9905135926771909	1.0	0.9997468145794655	True
11	2034-04-01	GARW	tropics	0.06595154032186087	0.005373531125512225	4.329161694684905	0.01523425202686062	0.08711025256245977	-3041.1378672996534	14	266.0	265.2236104231091	0.9779309384572542	0.9738615846880325	1.0	0.9816227911110406	True
12	2035-04-01	GARW	tropics	0.0014433539665982813	3.991044396014605e-06	0.1571497774538581	0.00918457531396807	0.2800356802142749	-0.16057088007963705	19	368.0	367.6797591514819	0.9686027092663249	0.9678582814207478	1.0	0.9904804601240195	True
12	2035-10-01	GARW	tropics	0.0008044288279835551	1.134142275170988e-06	0.07885900789302372	0.010200848951521227	0.970397703974759	0.9414793817769496	45	1174.0	1173.7823914820644	0.9704967980037508	0.9705958065364775	1.0	0.9830353040975851	True
12	2036-04-01	GARW	tropics	0.003501935371519943	0.00012634498177501986	0.04002984908153525	0.08748310203186094	0.6408423196097074	0.27651036500861415	45	1134.0	1133.7094245917576	0.8061890833307553	0.7984018625991021	1.0	0.9935952214079599	True
13	2036-04-01	GARW	tropics	0.002689758481465371	9.392869524232933e-06	0.13750264848986626	0.019561503076528756	-0.17404131537871356	-3.68058222008444	16	445.0	444.99886475076386	0.6725749303600853	0.6557206314609137	0.9473684210526315	0.995688234466073	True
12	2036-10-01	GARW	tropics	0.0027194723458549134	1.2105231492107027e-05	0.2516385232059291	0.010807058916131953	0.22061715428078357	-0.9901070655646371	19	333.0	332.92643211941584	0.5747630091009599	0.5547219081419817	0.9523809523809523	0.937924324858367	True
13	2036-10-01	GARW	tropics	0.013224936224600218	0.0002001668436065352	0.7911467244154244	0.016716161258674336	0.9360668201783988	-0.6567557527191465	42	1680.0	1679.999042271105	0.8397341201543467	0.8377104552879631	1.0	0.989981356533981	True
13	2037-04-01	GARW	tropics	0.004778514151447932	3.342065319603815e-05	0.2719163586656295	0.0175734706617044	0.8892113398096064	0.39536159279777305	31	1247.0	1246.8814282486735	0.9066577289135077	0.8680761948935429	1.0	0.9738367256126463	True
14	2037-04-01	GARW	tropics	0.004231133173191391	2.2118235292503814e-05	0.3128880726845854	0.013522833059401052	-0.022767877075714565	-4.547058203607233	15	282.0	282.0005683126552	0.8071469214518415	0.7478754663288084	0.9565217391304348	0.9415973584010473	True
13	2037-10-01	GARW	tropics	0.0034477174075163613	1.356006783572851e-05	0.1934192627050549	0.01782509848966691	-0.6404333799700608	-9.608985273764102	4	59.0	58.63719541665839	0.7531542531542531	0.603387089883984	0.7777777777777778	0.7022357816098549	True
14	2037-10-01	GARW	tropics	0.001985213530898229	5.983507109762945e-06	0.16754042788421505	0.01184916116049425	0.9443609173233861	0.8293445787473952	42	1195.0	1195.029242994884	0.8971989797385579	0.8874070304829674	1.0	0.973038859203899	True
14	2038-04-01	GARW	tropics	0.008380362145939062	9.548993173952338e-05	0.5899650759921657	0.014204844467861934	0.8261447718721139	-1.8657901149689438	38	1093.0	1092.9579447550982	0.9493875020059179	0.9482029152383995	1.0	0.9666934438512244	True
14	2038-10-01	GARW	tropics	0.0012863275216109717	2.7078464830120786e-06	0.095635938576482	0.013450252496683237	-0.42573201497520863	-0.0381974539872052	11	185.0	184.63649975457488	0.9034466105976403	0.8996949073919631	0.9666666666666667	0.9491813573611515	True
15	2039-04-01	GARW	tropics	0.005533188359329033	4.52112399636844e-05	0.2741173502239797	0.02018547295458641	-0.20022594170179855	-1.5103216393480778	10	167.0	166.83647423955944	0.37566019505523285	0.34438643170206124	0.4878048780487805	0.3756315315925218	True
16	2039-04-01	GARW	tropics	0.0034305869955033484	2.5165167004196764e-05	0.31335724197288206	0.01094784653421296	0.3640972770504902	-0.28335063021305684	20	338.0	337.74074651905056	0.5559390565045821	0.5357307676727678	0.7894736842105263	0.6332290046239178	True
17	2039-04-01	GARW	tropics	0.0012575426018560836	2.098062435723161e-06	0.038770281509215514	0.032435735643476606	-0.9074910823649135	-0.20298131797900298	4	71.0	70.86368944725118	0.29975141241898484	0.2616141976052043	0.34285714285714286	0.3104615112451744	True
15	2039-10-01	GARW	tropics	0.005267624316302078	3.8939899192278214e-05	0.3095812678534084	0.017015319928195334	0.9195689097111943	0.29795861713271155	22	420.0	419.8872965326831	0.25192513270773104	0.2255575357742555	0.4878048780487805	0.3585984176550609	True
16	2039-10-01	GARW	tropics	0.0019904870727811092	8.485239538601656e-06	0.07385850981739113	0.026950003157421114	0.9735790292278033	0.885647191609575	29	481.0	480.96760042399825	0.42675853172975786	0.4227562590625879	0.7894736842105263	0.625720007322756	True
17	2039-10-01	GARW	tropics	0.0020786757854589855	7.5229984693981615e-06	0.05955988466968695	0.03490060125178397	0.9948816961430531	0.9843258191918078	30	2723.0	2722.914939838246	0.7721220389828602	0.7592527450145501	1.0	0.9877150422188536	True
15	2040-04-01	GARW	tropics	0.0006785929888464333	6.85723893846741e-07	0.03237418977904745	0.02096092577073908	0.996410225037133	0.9872635587852893	10	195.0	194.92489206728825	0.12678930800383925	0.1300784758470161	0.25384615384615383	0.20667669340852907	True
16	2040-04-01	GARW	tropics	0.0026215343004160193	8.76021831864138e-06	0.11987874077166324	0.021868216862649042	0.9947169595386577	0.8150401918631482	7	99.0	98.96935097802803	0.09786772869229667	0.10420105803178221	0.16923076923076924	0.15373623084376967	True
17	2040-04-01	GARW	tropics	0.0010669471239159129	2.197718495881756e-06	0.03375287047822675	0.03161055959978804	0.9972405603770533	0.9939479494843346	29	2617.0	2616.8023440529073	0.9093951138446381	0.9063552109171208	1.0	0.9999008889700048	True
18	2041-10-01	GARW	tropics	0.0037738958181675864	2.075765622492727e-05	0.22913801869837416	0.01646996792415908	0.9312353201987134	0.4028770761789189	37	1194.0	1194.0955814640786	0.9792371707639997	0.976918370408538	1.0	0.9872669146989534	True
18	2042-04-01	GARW	tropics	0.007981974848057637	7.572245859960095e-05	0.5830101254021715	0.013690971220356627	0.9374311925643856	-0.46187206003620207	44	1457.0	1456.5629928002097	0.9219870790804809	0.9211934801524443	1.0	0.984024377104543	True
18	2042-10-01	GARW	tropics	0.0014283910785656297	3.212415044421041e-06	0.1015192390338556	0.014070151551168308	0.11727893550551016	-0.01686295966866269	18	400.0	399.39446815978897	0.8522334231010347	0.8431131980859216	1.0	0.9512064855969344	True
18	2043-04-01	GARW	tropics	0.007772641849783493	6.041396132500576e-05	1.51271653688684	0.005138201150216507			1	10.0	10.018611259682903	0.625	0.5680025816799765	0.625	0.5680025816799765	True
19	2043-10-01	GARW	tropics	0.004284444507572214	2.2979014436008908e-05	0.512945467013227	0.008352631581909924	-0.4643144853940361	-3.9765628961883666	4	45.0	44.541477928181465	0.9214743589743589	0.8598075101685559	1.0	0.9021969858031631	True
19	2044-04-01	GARW	tropics	0.004461245300462447	2.5535493498398984e-05	0.4977977626153183	0.008961963342350237	-0.2123338015337099	-0.017334553427096777	8	95.0	94.87521662570032	0.7596151034637877	0.6920152958544252	1.0	0.8519779878029498	True
20	2044-04-01	GARW	tropics	0.004146366684042698	2.5429547024367847e-05	0.2369233267577334	0.017500879887114604	-0.9748637689114321	-0.07736260688280949	4	53.0	52.37779645185883	0.6045833333333334	0.5472363879410207	0.8	0.5724346290017014	True
19	2044-10-01	GARW	tropics	0.007705242384749981	6.505574939232248e-05	1.2369271682090122	0.006229342020118013	0.17077528737033554	-10.344405290356995	8	97.0	96.30337277470043	0.5132401790461001	0.45932262622105613	0.7777777777777778	0.7070254855774531	True
20	2044-10-01	GARW	tropics	0.010404539752668624	0.00014070642554670987	0.6236231073675645	0.016684018968745766	-0.08710220173659142	-3.346156495725964	29	1025.0	1024.427163262576	0.8003496864975301	0.7849994246930203	0.984375	0.9240345121929355	True
19	2045-04-01	GARW	tropics	0.0030486890973721323	9.31180855055393e-06	1.4685356460920784	0.0020760061939831026	1.0	-49.60110561102826	2	26.0	25.878198007862437	0.33238636363636365	0.22993749851369638	0.3939393939393939	0.29200637617868114	True
20	2045-04-01	GARW	tropics	0.0030808633547828625	1.617791183187163e-05	0.1331545939919884	0.023137492011490273	0.9745851049837133	0.8493773809031053	46	1687.0	1686.8030714520926	0.8329486330952917	0.8157501151863226	0.984375	0.9580279672739339	True
21	2045-04-01	GARW	tropics	0.00850063705626108	7.40056680161689e-05	0.31063432342463687	0.027365414621747113	-0.13926305199862155	-48.18421737361684	6	118.0	117.93102874145953	0.6220994252784808	0.6002185203726209	0.8378378378378378	0.7821667274386829	True
20	2045-10-01	GARW	tropics	0.14140940106337807	0.0246279096314286	8.703149979054087	0.016248071261980863	-0.13540187312891355	-1273.4447019165978	21	578.0	577.6721468512865	0.7676550081278373	0.7344534559949932	0.9777777777777777	0.9590536446374306	False
21	2045-10-01	GARW	tropics	0.15755558402186326	0.03084017135950137	7.273453261141677	0.021661730455271058	0.14241004750179737	-177.3061155959788	33	1861.0	1860.9686158323784	0.8628288312382586	0.8287945984071606	1.0	0.9949704869305005	False
21	2046-04-01	GARW	tropics	0.07098603727529927	0.00680599010627234	3.425434542246875	0.02072322106868718	-0.3573251037834133	-57.87020469137219	35	1932.0	1931.9794629819053	0.7737487061434536	0.7524628850362142	1.0	0.9963409991533161	False
22	2046-04-01	GARW	tropics	0.1546668623924929	0.024808670111518737	7.877525928919322	0.01963393885187895	-0.9549766650197002	-233.61400702353558	26	2003.0	2002.9999998844528	0.7978920568854974	0.7833327827768432	0.9894736842105263	0.9949232396551403	False
21	2046-10-01	GARW	tropics	0.002042504083720083	5.534617142801884e-06	0.11777899363904575	0.017341836779313065	0.2617302169548383	-0.5139798172901846	9	195.0	194.76446235204162	0.35694671306413606	0.36749684225726215	0.6153846153846154	0.5846179839748452	True
22	2046-10-01	GARW	tropics	0.0012164805823867582	2.1095380927281366e-06	0.04652134400601888	0.026148870123558154	0.9973854781846981	0.9928132612999863	38	2558.0	2557.9549414903645	0.8725265520494795	0.857613035854264	1.0	0.9992216146444372	True
22	2047-04-01	GARW	tropics	0.0020474163502276896	5.315604761546382e-06	0.08578055113746466	0.023868071760773293	0.570410786454665	0.23627934074624235	11	417.0	416.88442145861035	0.9298967644555881	0.9049573690812397	1.0	0.9786841184198434	True
23	2047-04-01	GARW	tropics	0.007126435771979794	5.360998958183032e-05	0.8663928330977299	0.008225409421381866	1.0	-16.90666079971685	2	22.0	21.793741882486806	0.8846153846153846	0.8373038499597572	1.0	0.8563139677283637	True
23	2047-10-01	GARW	tropics	0.0014203765334202879	3.4186243130215623e-06	0.11852557392713861	0.01198371361013985	0.23433711537285046	-0.16059001041649434	27	653.0	652.8928422198567	0.8726838770626364	0.8659990237180698	1.0	0.8931817690502692	True
24	2047-10-01	GARW	tropics	0.004184830394897369	2.0157385354603134e-05	0.2560358175773895	0.01634470690270692	0.9291587782394342	-6.139436460614976	3	34.0	33.92684297620115	0.21238260282596985	0.16873768421619442	0.23529411764705882	0.17952927969680127	True
23	2048-04-01	GARW	tropics	0.001630407170340151	5.158440331907358e-06	0.13151725532620334	0.012396906902415492	0.9615151683610381	0.9075674334543208	49	1577.0	1576.8106875244532	0.7708590708591893	0.7674296156759293	1.0	0.9036824256086324	True
24	2048-04-01	GARW	tropics	0.0029657515810149904	1.1951012648727886e-05	0.1640823101577387	0.01807477953085801	0.9901828544733703	0.8567960341118454	27	432.0	432.08130160007175	0.289672135745829	0.2862485670387509	0.47058823529411764	0.3520362309915609	True
23	2048-10-01	GARW	tropics	0.17968298155837492	0.037331452184053995	17.812802026798423	0.010087294592285443	-0.06975045936048083	-3911.9066869715152	36	1044.0	1043.8802614920207	0.6308844705711133	0.6181406924529891	0.84375	0.7725508882269654	False
24	2048-10-01	GARW	tropics	0.1650588198082165	0.031341092077392385	16.481374275820666	0.01001486994020695	-0.02387965729126327	-1006.956092562832	29	465.0	464.9854736694934	0.33938489086844215	0.3285539034753336	0.5806451612903226	0.3832005585255051	False
23	2049-04-01	GARW	tropics	0.004171203992703872	2.4888374822678767e-05	0.42658948259772184	0.009778028204781972	-0.2869651632750015	-3.0121939390974912	11	155.0	155.1236107788697	0.5794425248127407	0.5209334012738509	0.7647058823529411	0.5477447617104193	True
24	2049-04-01	GARW	tropics	0.002887111071882798	1.0531882773593931e-05	0.23836795902313546	0.012111993087135429	0.27618879075774183	-3.7860715021983182	5	67.0	66.84884014213209	0.45794445152790175	0.40270997142851445	0.5	0.4325332639170466	True
25	2049-04-01	GARW	tropics	0.0032249754998751033	1.0400466974794672e-05	1.0954896124166627	0.0029438668001248963			1	11.0	10.748236260036052	0.6470588235294118	0.513615381147811	0.6470588235294118	0.513615381147811	True
25	2049-10-01	GARW	tropics	0.0013656565174559442	3.050643756309518e-06	0.16348496285898892	0.008353407515735054	0.0728177022300116	-0.04168465298847179	19	269.0	268.7189623149122	0.7865805832951833	0.7767849228760385	0.9473684210526315	0.8119392298061331	True
25	2050-04-01	GARW	tropics	0.010855074704750405	0.00017113243662726725	0.4530017146022057	0.023962546619238672	-0.39143777518629935	-2.811512490188806	44	653.0	652.8896017665278	0.5717672155199011	0.5679508407125602	0.9473684210526315	0.8188161471269214	True
26	2050-04-01	GARW	tropics	0.004521484129082209	3.503265739219075e-05	0.2939127077958991	0.015383765346485287	-0.5514583218022652	-2.4548259822330927	21	645.0	644.9998101040032	0.6445301477421238	0.6169725987544122	0.8493150684931506	0.8502454307613196	True
25	2050-10-01	GARW	tropics	0.0017289086942210363	4.267547671719357e-06	0.12611974464956857	0.013708469669241044	0.9477414557215922	0.6189432253760462	25	376.0	375.85405638983815	0.3782176411991479	0.37565454570211465	0.7142857142857143	0.6803563473539751	True
26	2050-10-01	GARW	tropics	0.001589445712524782	5.85644074766743e-06	0.07312015807814243	0.0217374490742507	0.9756548377526635	0.9403791026060593	47	1586.0	1585.955922209472	0.7890714492331035	0.7814788514594754	1.0	0.9296780023717528	True
25	2051-04-01	GARW	tropics	0.002483543073756301	6.167986199202895e-06	0.3947936001904413	0.006290737926243699			1	11.0	10.797797012162505	0.1746031746031746	0.10666329326028048	0.1746031746031746	0.10666329326028048	True
26	2051-04-01	GARW	tropics	0.0011721895264198486	2.1025331361663637e-06	0.08894048876244086	0.013179481501959753	0.9084414025097455	0.7807545413411192	29	883.0	882.9807863743048	0.8972984881656005	0.8929350312619626	1.0	0.9135648949813618	True
27	2051-04-01	GARW	tropics	0.004009499692271948	1.8486458894863978e-05	0.13718050925091732	0.029227910831983856	0.13171383501005862	-1.8033351528715271	6	92.0	92.23979493642243	0.8081163758583115	0.8431811856985433	0.9285714285714286	0.9680544864845733	True
26	2051-10-01	GARW	tropics	0.0026184756327385108	1.0216343741982054e-05	0.1670689593772224	0.015673022939146315	0.8604448385472778	0.045368350918731815	3	36.0	35.83981387925435	0.8801587301587301	0.8565272812178822	0.9166666666666666	0.8811019948193712	True
27	2051-10-01	GARW	tropics	0.001486771509020407	3.948551362643659e-06	0.06141536297229527	0.024208462460623994	0.9934247301657108	0.9786297169502779	33	1941.0	1941.0015414745715	0.9379852537986371	0.9183921018114876	1.0	0.9911085560036113	True
27	2052-04-01	GARW	tropics	0.0011149841277666621	2.631986365084738e-06	0.053863967298654385	0.02070000008696939	0.9931965413229341	0.9855316595144578	41	2147.0	2146.792980220917	0.9793649256902208	0.9724837097244553	1.0	0.995284100694133	True
27	2052-10-01	GARW	tropics	0.004648263285777406	2.428497625243393e-05	0.23059868419796498	0.020157371244091542	0.5758559122261776	-3.870407251464399	15	274.0	273.8212579069616	0.9817979945601428	0.9803868369537094	1.0	0.995429109621445	True
28	2052-10-01	GARW	tropics	0.24377668645287254	0.06420598871181678	10.338277489733521	0.023580009986669075	0.9917445409379633	-3112.6396964082737	3	38.0	37.93539864399061	0.9278846153846154	0.9685799346544695	1.0	0.9762426374859503	True
28	2053-04-01	GARW	tropics	0.005265610865059154	3.357394955850731e-05	0.2243985413033478	0.023465441595455667	0.8901136579327537	-0.2750313112001517	29	665.0	664.5720051285891	0.9818057393792541	0.9822879887459132	1.0	1.0	True
28	2053-10-01	GARW	tropics	0.0631038047576331	0.005060216664855753	6.768675758566538	0.009322917363528305	0.022398148129205996	-512.7456735439642	50	1426.0	1426.0126112638263	0.9912874794301181	0.9910089195320312	1.0	1.0	True
28	2054-04-01	GARW	tropics	0.008179159515798272	7.660762913430067e-05	1.0718655667311743	0.007630769911512252	-0.6690323332167892	-9.663135596570202	50	1481.0	1481.039673860449	0.9645526286112098	0.9593425439389047	1.0	1.0	True
28	2054-10-01	GARW	tropics	0.0017482626393499714	4.592024531004847e-06	0.18164519385483968	0.009624601687766545	0.7617221852632072	0.551839411722419	34	805.0	804.7915028584724	0.7915944178150958	0.7799903165496997	1.0	1.0	True
29	2054-10-01	GARW	tropics	0.0016638967561704342	4.349443160371241e-06	0.09712867697678426	0.01713084959005608	0.9656824117639338	0.8525872576317122	26	987.0	986.9401661545812	0.7600367593378935	0.7513195109580728	1.0	0.9769190913887749	True
