variant	pivot_date	model	location	mae	mse	normalized_mae	max_r_data	correlation	r2	n_points	total_sequences	total_smoothed_sequences	mean_variant_frequency	mean_smoothed_variant_frequency	max_variant_frequency	max_smoothed_variant_frequency	converged
1	2025-04-01	FGA	north	0.03802943081696439	0.002015853099291222	0.5463692638404741	0.06960389856056766	-0.5612157261762017	-0.6980456617408122	11	4279.0	4278.842125865159	0.9803869657887394	0.9793748991867305	0.991869918699187	0.9849213441798644	False
1	2025-10-01	FGA	north	0.11246679328647098	0.014496192667431778	1.5648633464456427	0.07187004126713223	-0.9727838269983404	-11.372409489339589	13	4330.0	4329.8302485865925	0.9834043556673949	0.9832817804516665	1.0	0.999102174040034	False
3	2027-04-01	FGA	north	0.16856860431137596	0.028722022638483866	6.004351680095978	0.028074405579901245	-0.9205704397209616	-173.62428979527493	13	349.0	348.89836284820734	0.6337261392276446	0.6320210728145853	1.0	0.8684068576386896	False
4	2027-04-01	FGA	north	0.23252783648704953	0.05430760822808937	5.0345925754935275	0.04618602856145821	-0.9846183964233015	-603.6880484056558	7	180.0	179.8806965771414	0.3481190452128845	0.34357919444574625	0.4533333333333333	0.4450298718455948	False
5	2027-04-01	FGA	north	0.18535122337249757	0.03452559174331416	4.477409273652629	0.04139698027231934	-0.9861086591601202	-544.573769810255	5	67.0	66.82028247127349	0.18021415789225587	0.16280754545132198	0.25	0.1961501403386787	False
3	2027-10-01	FGA	north	0.059663647055686594	0.003579987047592257	1.4297558923087659	0.041729953607214654	0.9920149505147686	-6.228111257645373	19	459.0	459.07911034654234	0.49362749670016465	0.5079713162849834	1.0	0.8335607717865273	False
4	2027-10-01	FGA	north	0.06329732037719264	0.004020846390102088	1.4912502757848582	0.04244580631770794	0.9874158276089408	-6.509320623243137	20	591.0	590.9426973226409	0.47707584497306055	0.45644256295792845	0.7692307692307693	0.6283732817871358	False
5	2027-10-01	FGA	north	0.10176722400791438	0.01037285933206501	2.5629231664158763	0.03970748141866106	0.9847045467561343	-21.8841271800671	16	306.0	305.34686584179383	0.27868306521162145	0.26034285508525534	0.4782608695652174	0.3430605137372082	False
3	2028-04-01	FGA	north	0.19157932028922114	0.03677121970810473	6.311651642744124	0.030353278528839716	-0.7414931328176749	-1077.1998526957207	4	68.0	67.95738195865458	0.18699794621322618	0.1660677721851791	0.24271844660194175	0.18375579197352848	False
4	2028-04-01	FGA	north	0.16372290204579537	0.02880320962219878	4.003447775241232	0.040895475909119385	-0.5063668996381786	-56.1958258474569	27	620.0	620.0933804488262	0.3462644451878129	0.33807926699177	0.7692307692307693	0.5660599576100909	False
5	2028-04-01	FGA	north	0.19848394629211358	0.041522410632741445	5.385769843996894	0.036853402956561254	-0.2894701197453905	-105.93311797475056	20	376.0	375.8719744053639	0.22505959724281835	0.21408156123529679	0.4782608695652174	0.35560185628552426	False
6	2028-04-01	FGA	north	0.05526456574938805	0.00619761649770131	1.0802022230605488	0.05116131458497313	0.7162409076851493	-12.488904004282098	13	790.0	789.9098439673901	0.36296443668467676	0.3496492678672919	0.4611872146118721	0.44506682131541975	False
7	2028-04-01	FGA	north	0.028430159836102375	0.0014349213895486583	0.5615623932164964	0.050626894143073135	-0.7441379925280576	-2.2567507969373928	12	786.0	786.094625824086	0.36150277950159265	0.3586094863033121	0.5	0.4507212792045843	False
4	2028-10-01	FGA	north	0.16446962828139233	0.02717861842775915	5.144230636593283	0.03197166688278789	0.9910381867843598	-63.944507374751694	16	313.0	312.9152318056832	0.20208026724548533	0.2123508706939504	0.4642857142857143	0.33875338395260474	False
5	2028-10-01	FGA	north	0.19090112193695516	0.036517274930766494	7.290939303666896	0.026183337151215014	0.9991945390550857	-120.52401595355403	12	210.0	209.8806871788078	0.14251359648009745	0.13374845886720746	0.2826086956521739	0.21260138572554546	False
6	2028-10-01	FGA	north	0.25492273071678057	0.06525288148045667	5.059077870043479	0.050389169185606875	0.9962977569429807	-56.1200475727021	21	1096.0	1095.9851374628738	0.388073240222013	0.37162412067125633	0.5177304964539007	0.427203711944416	False
7	2028-10-01	FGA	north	0.22139970240441867	0.04929145805606401	4.189150344026969	0.05285074161162484	0.9897836923907167	-43.28897102047455	20	1121.0	1121.0965128569842	0.41918147367373376	0.4042721418991494	0.5853658536585366	0.5458600953172243	False
6	2029-04-01	FGA	north	0.016618914335763204	0.00027837220583840013	0.3252586143947169	0.05109446329865795	0.9905279143146823	-7.707138829701499	5	150.0	150.10582449746477	0.39839148877951724	0.4335425984130968	0.4528301886792453	0.4658528212598666	True
7	2029-04-01	FGA	north	0.005131198301908451	2.737483477562209e-05	0.12234841702707652	0.041939229183266695	0.9844164213691902	0.0380902772921754	6	200.0	200.0118901020061	0.5276218407015112	0.5085371921172964	0.5853658536585366	0.5651846045978005	True
8	2029-04-01	FGA	north	0.019869522447973274	0.000695737569075211	0.1856009089518193	0.10705509234941982	0.8592994827043988	0.6959467761325668	24	4842.0	4842.003336895786	0.9963090561487397	0.9846844128745388	1.0	0.9997791335165883	True
8	2029-10-01	FGA	north	0.216421202989009	0.048534272953395345	2.0319476039020223	0.1065092439260774	0.7115583254704918	-19.9744380752499	24	4863.0	4863.037329509572	0.9963090561487397	0.9760844950256727	1.0	0.9987848151420663	False
10	2031-04-01	FGA	north	0.09890059156930232	0.012188422623083625	1.5554642282671298	0.0635826846879551	-0.9680520846733742	-5.816594454753611	28	5376.0	5375.986088271685	0.9954608129956537	0.977158385809438	1.0	0.9995295392166279	False
10	2031-10-01	FGA	north	0.11569584380244934	0.016468495207714314	1.8194451019930016	0.06358853239139631	-0.8300596579586642	-7.467857118952754	23	5269.0	5269.297373916698	0.9944740332121	0.9946096259384103	1.0	0.998790369800306	False
12	2034-10-01	FGA	north	0.0015589567538880137	3.5665603998132638e-06	0.03729892692594791	0.04179628966224997	0.9987038740075936	0.9952302663896665	25	1677.0	1676.7856885734427	1.0	0.9932446841616175	1.0	1.0	True
12	2035-04-01	FGA	north	0.1789897241810277	0.03209071514725968	4.122436738988714	0.043418428350445994	-0.950789088725664	-1782.727612442781	5	152.0	152.18664930551915	1.0	0.9648590503007582	1.0	0.9963534263662541	False
13	2038-04-01	FGA	north	0.07410853825482967	0.006589766969028905	2.1844886759602566	0.03392489009916844	0.46739769897216704	-12.378483874804184	30	1312.0	1312.181080330708	0.998348051948052	0.9981931376508524	1.0	1.0	False
13	2038-10-01	FGA	north	0.03953353690283418	0.0021861152644202094	0.9362890565346372	0.04222364517337672	0.24667342972981485	-1.9117063402147254	28	1403.0	1403.0274852346092	0.9923907172255036	0.9927964881779185	1.0	0.999639472954159	False
13	2039-04-01	FGA	north	0.28474362968084577	0.08124546824639642	6.66510148452592	0.04272157450894376	-0.967830513451023	-2375.828284129111	7	174.0	173.91424264946232	0.9796821599453179	0.9786278749626158	1.0	1.0	False
14	2039-04-01	FGA	north	0.12920439507194026	0.017341861280293212	3.3493622997931256	0.03857581936714359	-0.8492504604655235	-57.065132832364164	16	1361.0	1360.9999965723562	0.9707396298060968	0.9733055687119367	1.0	0.9994482849881322	False
14	2039-10-01	FGA	north	0.1793521697519804	0.032418286831018495	3.6505895171842067	0.04912964574837199	0.9867890380101055	-28.27493801525195	26	1880.0	1879.8927415563503	0.9774758636188666	0.9767887073010494	1.0	0.9996703465168001	False
14	2040-04-01	FGA	north	0.07932255843899573	0.006422753373757792	1.619147553867367	0.048990321017706	-0.9889408352900082	-231.7295280512886	7	209.0	208.90849794327468	0.9843358395989975	0.9546785907457129	1.0	0.9602732157443206	False
15	2041-04-01	FGA	north	0.04519525688379762	0.004345223723843019	1.2904211963052514	0.035023647327865656	0.2709016132583786	-9.05241629193966	8	161.0	160.98703253160818	0.21173783575099364	0.18562861485096455	0.4	0.20299126416280738	False
16	2041-04-01	FGA	north	0.02398749224790572	0.0009037297959831996	0.4956509265013959	0.04839593949157717		-1.6576314949600839	15	697.0	696.8988827959822	0.6500531794391444	0.634252599379302	0.8333333333333334	0.735139197035299	False
17	2041-04-01	FGA	north	0.05354791107616938	0.0030936170910104647	1.3255045916282058	0.04039813321988791	-0.9929276896501238	-38.43088912703371	6	178.0	177.8219375466042	0.2396286380935504	0.2361358018440655	0.32592592592592595	0.31452758156074573	False
15	2041-10-01	FGA	north	0.20908722195165597	0.04381065714168656	6.37378607357813	0.03280424217850759	0.9920030690658067	-141.38222336979928	12	213.0	212.73778842386773	0.18460241871719507	0.1624216968366773	0.4	0.2526437316289356	False
16	2041-10-01	FGA	north	0.18451698577895304	0.03463112889098386	4.213225345581025	0.043794710855539876	0.8535219830766893	-44.4882169393975	23	914.0	913.8809887344751	0.5373285084980554	0.5258114699747249	0.8333333333333334	0.7022614707701028	False
17	2041-10-01	FGA	north	0.1297633206053774	0.018692763741086305	3.013096391615556	0.04306643523468599	-0.4445030105269633	-33.86773975328449	20	638.0	637.9247508835203	0.5407811249323897	0.5411996140436702	0.9333333333333333	0.8594194695488047	False
15	2042-04-01	FGA	north	0.25137098896619026	0.06320835335302497	7.050248813774991	0.035654201093591756	-1.0	-4159.750456551979	2	23.0	22.40138600131693	0.13515709642470206	0.11204561709355433	0.15492957746478872	0.12298951616545603	False
16	2042-04-01	FGA	north	0.2769010842518001	0.07671267639037023	6.4382732666125735	0.043008594507435154	-0.49866403098646717	-2238.5532893663826	6	132.0	131.8839375404121	0.31200675083211876	0.2810761825666887	0.3557692307692308	0.3482725767192514	False
17	2042-04-01	FGA	north	0.18191065698118553	0.04295262804294531	5.77694982937042	0.03148904912698721	-0.28173995177861344	-91.46456245060669	30	1280.0	1279.8724471598407	0.8242848128544599	0.8252784016523765	1.0	0.9694410087951729	False
18	2042-04-01	FGA	north	0.21271410455807116	0.04546485554811876	9.11745555287973	0.02333042407767876	-0.9887399299998328	-633.4931308424899	5	73.0	73.00047344993357	0.16213243361704519	0.15297097905622764	0.22972972972972974	0.17867790875513756	False
17	2042-10-01	FGA	north	0.1984009223444366	0.039769249377083114	5.344351547544013	0.037123478981395105	0.6879472035654408	-70.76679601841077	25	1156.0	1155.8225876982467	0.8770920575907505	0.8628553358735016	1.0	0.9462073351416185	False
18	2042-10-01	FGA	north	0.20304378074125895	0.04127547082030439	8.811613527114988	0.023042746951674076	0.9172303897062757	-502.56949595012617	6	89.0	88.5087956056573	0.180308101460532	0.15756987079149667	0.2711864406779661	0.19366794771513965	False
17	2043-04-01	FGA	north	0.08997110144373341	0.008324257219059411	1.8973081935110485	0.04742039366690243	-0.9910244629417995	-69.09151332687973	5	137.0	136.9509516586271	0.804404761904762	0.7970927970020498	0.85	0.8416383703916201	False
19	2043-04-01	FGA	north	0.022821767979641396	0.0005286861092991116	0.900967643676838	0.02533028587631187		-66.32268690202184	5	67.0	66.84167826776788	0.7275208054236187	0.6998173854944354	0.7857142857142857	0.7502494752974141	False
19	2043-10-01	FGA	north	0.009343240410115704	0.00018873702454756252	0.3945939683359264	0.023678112591324765	0.8925161175327515	-0.24299340768456235	10	151.0	150.85610546775106	0.7634398898912965	0.7322119807129941	0.875	0.7617704756943345	False
18	2044-04-01	FGA	north	0.018479964696727757	0.00046137173171451447	0.5578983300642056	0.03312425167969403		-0.9804632057128668	12	272.0	271.9187516660179	0.21125538262792007	0.19250424588727685	0.3125	0.1986267169254738	False
19	2044-04-01	FGA	north	0.12973190571489437	0.017476500691997375	3.658762553586794	0.035457864186270935	-0.16557962284778346	-50.14141319838394	22	1322.0	1321.9059401479228	0.7917198337781421	0.7865159684915973	0.9230769230769231	0.7973826021625927	False
18	2044-10-01	FGA	north	0.014804944766289005	0.000349780125279228	0.4294879645667534	0.03447115166829765	0.9715737968344534	0.1534904796704294	14	304.0	303.66307785557177	0.21172650468466678	0.20256510298267263	0.3125	0.21502228086724157	True
19	2044-10-01	FGA	north	0.015546566551300739	0.0004033615154330318	0.3353017208104782	0.046365901474415896	0.8956051828843401	0.501353951683733	26	1520.0	1519.9668369417168	0.7900976528103361	0.7785324089918524	0.9230769230769231	0.7875398161081351	True
19	2045-04-01	FGA	north	0.18099065088235416	0.032985158011569635	3.8221117206300885	0.047353574178757185	0.9419863856107321	-37.71301997384541	13	374.0	373.90289038069614	0.8435655453636696	0.8227532933101034	1.0	0.8550356148840332	False
20	2045-04-01	FGA	north	0.02117778262301075	0.0004484984768274961	1.0	0.02117778262301075			1	10.0	10.073370518711794	0.18867924528301888	0.14330788271809888	0.18867924528301888	0.14330788271809888	False
19	2045-10-01	FGA	north	0.13587071082533866	0.018523320492445015	3.598992247151266	0.03775243220734507	0.9738644386787149	-31.84204189820779	21	637.0	636.9876024577765	0.8458052832982865	0.8332833657659914	1.0	0.868107176239625	False
20	2045-10-01	FGA	north	0.13381600924871673	0.017906724331252642	15.823217069176135	0.008456940751283273			1	10.0	10.016204975565707	0.18867924528301888	0.13875186781478074	0.18867924528301888	0.13875186781478074	False
19	2046-04-01	FGA	north	0.26072400298838566	0.07704813404198219	7.789264072833376	0.033472225431117816	-0.44822548619618025	-502.72277932216497	11	245.0	244.98024482416176	0.6728014365430153	0.6748516784015065	0.9444444444444444	0.8493051065977912	False
20	2046-04-01	FGA	north	0.07773443734398114	0.008499990106466977	0.7705093456478007	0.1008870791549276	-0.44098716184474074	-3.6088019610159217	9	186.0	185.87378769705668	0.06539212568386904	0.057502202791055744	0.1223021582733813	0.07954437075659596	False
21	2046-04-01	FGA	north	0.10540917105129474	0.012971981303455947	1.5342292784704945	0.06870496641569725	0.3161415774162925	-5.579810344300061	19	4245.0	4245.216508614171	0.8818227811177618	0.8661068955796849	0.9774436090225563	0.9798069881596376	False
19	2046-10-01	FGA	north	0.0026182476730899316	9.206507403807665e-06	0.10921416568838656	0.02397351714026184	1.0	0.9217381902147226	2	26.0	25.749656339273535	0.04133738601823708	0.045680871970029756	0.05714285714285714	0.055590842937542934	True
20	2046-10-01	FGA	north	0.00393175986328391	1.8502151768739696e-05	0.07347617054187199	0.05351068018771216	0.9989864721373111	0.9806709903953609	9	186.0	185.74580534594736	0.06539212568386904	0.0668013128374163	0.1223021582733813	0.10780080690856506	True
21	2046-10-01	FGA	north	0.001697303041516548	5.356511551025468e-06	0.025084494302553568	0.06766343467182294	0.9989860574366279	0.9979466539577729	24	4407.0	4406.927241599367	0.899183995071933	0.8930032674212972	1.0	0.9927891109754758	True
23	2051-04-01	FGA	north	0.1969808463158505	0.03912672161104797	4.470693577760006	0.04406046688052052	-0.9283477331944954	-153.53130782466164	14	1200.0	1199.9632829046634	0.9038610648962456	0.8936051524689258	0.9682539682539683	0.9291238456442041	False
24	2051-04-01	FGA	north	0.04408856117390686	0.0021535554617256258	1.4304670088350129	0.030821096118681574	-0.9991010658861004	-16.48312907752656	3	34.0	34.078609332185664	0.06517549121498557	0.04537955330015799	0.0755813953488372	0.05349479100496435	False
25	2051-04-01	FGA	north	0.07679450431692271	0.0058973958932818605	7.519627013535242	0.010212541683077296			1	11.0	11.055967712683588	0.0763888888888889	0.044225933528253644	0.0763888888888889	0.044225933528253644	False
23	2051-10-01	FGA	north	0.17514196487587072	0.030897458702958333	3.858278719108982	0.04539380838622188	0.9760152636408114	-27.62487922979423	24	1800.0	1799.929526257105	0.837614918192517	0.8190663560798597	0.9682539682539683	0.9294621206777766	False
24	2051-10-01	FGA	north	0.14145611224975163	0.020009993785508558	11.042291117798973	0.01281039512006161	1.0	-1813.467204819861	2	24.0	23.992471767699435	0.0681774380059103	0.054773492318096306	0.0755813953488372	0.05478423019899225	False
25	2051-10-01	FGA	north	0.08475074653385378	0.007239592062531543	3.5965147868925396	0.02356468735864148	0.954376576117737	-29.458613312435183	8	97.0	96.76485542468379	0.15812079232364884	0.19869495028466952	0.34285714285714286	0.31086744052690873	False
23	2052-04-01	FGA	north	0.001732477841684821	5.946439223674794e-06	0.036293726131127725	0.04773491251423044	0.9210413537479121	0.6736218083305759	7	283.0	282.9405236318579	0.7092353042326403	0.6582777269032267	0.8169014084507042	0.7971780965223455	True
25	2052-04-01	FGA	north	0.00485528753619208	0.00016101797421880692	0.08767452635028848	0.05537854309920779	0.8551236603582324	0.7217149174555562	26	2330.0	2330.00116108171	0.835207380342645	0.8371806235204124	1.0	0.9883279939653743	True
27	2052-04-01	FGA	north	0.0035835149107718866	2.072589954260228e-05	0.14690604378733543	0.024393243588803366	0.9993086716039836	0.9103631174420074	5	69.0	68.62672009087251	0.08780983984182908	0.07110090816531649	0.10679611650485436	0.09124763955354773	True
25	2052-10-01	FGA	north	0.18647978115336145	0.035183700503861305	3.781825714578884	0.049309459300169375	0.9046118926406432	-36.45178034942828	28	2440.0	2440.0840477672136	0.9229798583511865	0.9128247299472597	1.0	0.9905684070477665	False
27	2052-10-01	FGA	north	0.2578293471640673	0.06678594961766791	4.711590516325228	0.05472235888724037	0.9904067684814064	-95.50786354024763	6	84.0	83.54882442122359	0.11105365441364544	0.11370298218209986	0.22727272727272727	0.18637498463800822	False
28	2054-04-01	FGA	north	0.012164219361605824	0.0004087547680279352	0.11483224222039225	0.1059303478395867	0.897275983901095	0.7989294345752518	24	3268.0	3268.0142305754503	0.6729004738423651	0.6602620288272015	1.0	1.0	True
29	2054-04-01	FGA	north	0.01145286377103285	0.0001384548350323122	0.1563806265536511	0.0732371011897922	0.9995330749852092	0.9222223887943815	16	3557.0	3557.2357134742797	0.5795408574265692	0.5563985634932309	0.9108910891089109	0.9937609297263488	True
28	2054-10-01	FGA	north	0.20222809627696983	0.042511881619774025	2.6843137882496024	0.07533698078153504	0.3626428356548702	-23.122009088749518	22	3243.0	3243.060030548997	0.6499074100258366	0.6487793049124431	1.0	0.9912615874441344	False
29	2054-10-01	FGA	north	0.03721483121919413	0.002758581974872087	0.41113286852690145	0.09051777191285078	0.8845803241861632	-0.048946302177794054	19	3669.0	3668.9726629419292	0.6348011326577763	0.6243942260625963	0.9629629629629629	0.9300987363040554	False
1	2025-10-01	FGA	south	0.017062880773970404	0.00037947235899516834	0.4934442470868932	0.034579146225137185	0.8380178485022793	-0.002751161590072826	17	834.0	833.9281263122278	0.5879621514179957	0.5689784952443288	1.0	0.8851896691058881	True
2	2025-10-01	FGA	south	0.015060520623953843	0.000323810619157106	0.268011851025734	0.05619348758763566	0.8920977007410984	0.010860566745179101	13	1054.0	1053.922565619734	0.5233444557483516	0.4886468441452481	0.7461928934010152	0.7789431220972065	True
1	2026-04-01	FGA	south	0.0426134626063563	0.0024811322316071246	0.6678719203429629	0.06380484237827158	0.4240948531320043	-1.7497492377394792	22	937.0	936.8741500559928	0.49080072477348724	0.49567241942602785	1.0	0.8735309687451128	True
2	2026-04-01	FGA	south	0.0331465164645515	0.0018404536945688824	0.5956633074066948	0.055646396298707046	0.4048631082282269	-0.5533736716861082	24	1796.0	1795.7995643716165	0.6879540489345791	0.6729159425348049	1.0	1.0	True
1	2026-10-01	FGA	south	0.11346680918151557	0.012970536714763432	2.211925132570256	0.05129776207645292	-0.9589514381586297	-847.1546635560106	3	52.0	51.66469602476196	0.15607934769380552	0.13696758957359265	0.18072289156626506	0.15406270406628358	False
2	2026-10-01	FGA	south	0.25139125217754565	0.06358655654719864	5.71928878376514	0.043954984908464265	-0.9835057163128389	-966.5524627108362	9	488.0	487.8440606724474	0.893493397503412	0.9011018559284911	1.0	0.9560604723407269	False
3	2026-10-01	FGA	south	0.12686320041384852	0.016175744533425327	4.198195762118515	0.03021850518705449	-1.0	-379.9329790121883	2	22.0	21.999271572083877	1.0	0.9967374328486054	1.0	1.0	False
3	2027-10-01	FGA	south	0.017768406135795202	0.000494842848401944	0.6971542505485576	0.02548705128286041	0.2728374410508886	-2.216553040054199	14	303.0	302.8586024153985	0.32805908985236726	0.3166774220664891	1.0	0.9797694737441316	True
4	2027-10-01	FGA	south	0.005061569852313389	4.05479441810839e-05	0.07841053592760532	0.06455216499204422	0.9919617673948401	0.982995626287712	21	4356.0	4355.972129469561	0.7397409840516153	0.735962394729526	0.8056537102473498	0.7923365786043867	True
5	2027-10-01	FGA	south	0.004471426550198195	3.3067250420126435e-05	0.06581887495307118	0.06793532331548237	0.9943795934116246	0.985165080266227	17	971.0	971.012930156148	0.18714270159114577	0.18229883058160917	0.2857142857142857	0.2162914442493059	True
3	2028-04-01	FGA	south	0.20400098758687957	0.043157900491600856	2.4657388133961398	0.08273422411106982	-0.5977210451697063	-29.498373749206518	8	204.0	203.87700930251958	0.07764160961675035	0.06751416527545973	0.14035087719298245	0.14036838686601577	False
4	2028-04-01	FGA	south	0.20442608269691642	0.04384946221972672	2.8689361465978593	0.07125501309582509	0.710058747777866	-15.11201659658121	23	4385.0	4384.51756093319	0.7354196157748468	0.7391006176425676	0.8056537102473498	0.794457847076466	False
5	2028-04-01	FGA	south	0.23327732039745583	0.056092757342183164	3.5516545095241097	0.06568130987175128	0.7002949660581713	-25.75803554639081	17	971.0	970.9949173913246	0.18714270159114577	0.17994390816762998	0.2857142857142857	0.25255447245670226	False
8	2029-04-01	FGA	south	0.012518231909983106	0.00028032072002212637	0.15501560320956742	0.08075465727833578	0.7722085914719923	0.43413964787714565	31	952.0	951.9353785454322	0.9857092306807678	0.9768468296954566	1.0	0.9930749680587817	True
8	2029-10-01	FGA	south	0.08015078601917114	0.0085552768171087	1.0364273502093817	0.07733372339409884	0.1009903679177775	-13.72137865029414	50	3505.0	3504.980306255855	0.8547659528075852	0.8521556167918152	1.0	0.9948025679419495	False
9	2029-10-01	FGA	south	0.05517344787382682	0.003914766299061052	0.9048154091757334	0.06097757323130537	-0.22384852446328976	-3.8824476350128423	16	1696.0	1695.9749551163645	0.41187488714950354	0.41173479065358104	0.7700534759358288	0.8000723952884089	False
8	2030-04-01	FGA	south	0.0357642724329119	0.001617533762581329	0.5829989542704851	0.06134534576938349	-0.1918676699343001	-0.7233843843021948	27	2804.0	2803.967208586824	0.6889807802662921	0.6894978012186664	1.0	0.9900219386616909	False
9	2030-04-01	FGA	south	0.2215266182077599	0.050330573938344524	3.3251353342051067	0.06662183518636157	0.7953226492600182	-32.30672725240026	22	1916.0	1915.9813379650602	0.5194461476985978	0.5164211637749815	0.9285714285714286	0.8839809342058293	False
9	2030-10-01	FGA	south	0.18483105374911518	0.03423001612843797	3.6495368231536545	0.05064507160922359	-0.9542111045308348	-1411.8443123614088	4	98.0	97.93845093727538	0.8368054817522903	0.8503634787793818	0.9285714285714286	0.864100412821439	False
10	2030-10-01	FGA	south	0.18047908919880673	0.03297752191400174	2.768505330771696	0.06519008188021072	-0.9849603141075951	-141.63249378079178	11	404.0	404.0316672697103	1.0	0.9787860634760054	1.0	1.0	False
10	2031-04-01	FGA	south	0.002666157327595157	1.011337132010701e-05	0.0413133449834103	0.06453501474319674	0.9949087796014996	0.9887134704646948	26	1143.0	1143.2608169660632	0.9992877492877492	0.9892742464850592	1.0	0.999895003879378	True
10	2031-10-01	FGA	south	0.18533977503043952	0.03528780052846648	6.495550551947483	0.028533343486160895	-0.8894777877982153	-82.35918634135705	27	1058.0	1057.9159588427635	0.8427695876159441	0.8444149135198219	1.0	1.0	False
11	2031-10-01	FGA	south	0.11076223846657601	0.012514251694544128	2.9000203980614607	0.038193606686565316	-0.9557946669526902	-116.55747834900241	9	229.0	228.73932482995775	0.33395220684218785	0.3314466269181044	0.41975308641975306	0.4183135544541665	False
10	2032-04-01	FGA	south	0.001961570562421496	5.191667268626196e-06	0.04833822947526713	0.040580107788704974	0.9974788460237234	0.9893300212400974	22	753.0	753.0025216415872	0.6334924382051023	0.6535757478869398	0.8888888888888888	0.8290793995385436	True
11	2032-04-01	FGA	south	0.0013504515617229198	2.223539758721753e-06	0.03623700321387876	0.037267197669527415	0.9992754069220012	0.9945377329904936	17	456.0	455.8197794664085	0.44168825128724226	0.40933326729950736	0.6666666666666666	0.5935497041266378	True
10	2032-10-01	FGA	south	0.002645466760646851	1.1046292218207659e-05	0.0634578175281294	0.04168858721739329	0.995050537092019	0.6627059364256296	4	73.0	73.20861437325038	0.39942596679277004	0.4388638653139676	0.4791666666666667	0.48884989341875595	True
11	2032-10-01	FGA	south	0.010275484379509241	0.00016084995115091393	0.40351930454777	0.025464666160210418	0.9720085873844226	0.15122228653527148	8	158.0	157.73762275717243	0.7586203499369484	0.7065116586904335	1.0	0.9756450827720341	True
12	2033-10-01	FGA	south	0.145860597417271	0.02175792316929731	1.979215124644644	0.07369618168386793	-0.8238665099235974	-46.79556850439799	12	1979.0	1978.9355787844418	0.958321959347611	0.9519660944206888	0.9859154929577465	0.9987061929886448	False
12	2034-04-01	FGA	south	0.09655081725615534	0.01065275166548108	1.3235625375337987	0.0729476806105883	0.9618325722131333	-3.9561644007716454	22	3482.0	3481.9215591939915	0.9745141018065211	0.9750102281803557	1.0	0.9993429513098095	False
12	2034-10-01	FGA	south	0.27441309425095295	0.07559406966918154	5.134681802199681	0.05344305739323423	-0.99469939269545	-1135.5471331045908	7	648.0	647.898108432683	0.9936871948479664	0.992602487876412	1.0	0.9947267243475649	False
13	2038-04-01	FGA	south	0.15115584613876354	0.022925964266234722	3.633589083786026	0.04159959826312181	0.9893542227550414	-33.44816885271654	24	880.0	880.0260542807926	0.9989316239316239	0.9990469710634722	1.0	0.9999513635787571	False
13	2038-10-01	FGA	south	0.14424981040454019	0.034606248106560863	2.6918941907049807	0.05358673119568737	-0.2949897721254804	-49.72506066709536	21	577.0	577.0004041260205	0.6092912685289831	0.626123165455046	1.0	0.9999037985447152	False
14	2038-10-01	FGA	south	0.039310918207535975	0.001700136621693173	0.7743511011904407	0.05076627145890506		-9.983622645235487	12	792.0	792.0472427951798	0.6427217038409996	0.6213990658797143	0.7924528301886793	0.8877571251414679	False
13	2039-04-01	FGA	south	0.19503313825063184	0.03817389235882505	4.092281227016782	0.04765878184594082	0.9716655593838844	-62.07337871083174	17	434.0	434.15048728470714	0.31725836813983926	0.3389999737261617	0.5454545454545454	0.586591441717865	False
14	2039-04-01	FGA	south	0.2621100760637027	0.06885106922721164	5.384567435180358	0.048678019027339606	0.9337819999635815	-59.74099620487843	24	1590.0	1589.6049720691453	0.7679550001560801	0.7615954864544513	0.9642857142857143	0.9882427300784407	False
13	2039-10-01	FGA	south	0.29446976810085174	0.0867262861162387	7.216263635775877	0.040806403834938464	-1.0	-9725.755960892637	2	23.0	22.801609844842403	0.11827122153209109	0.11083544598551348	0.14130434782608695	0.1170894594070929	False
14	2039-10-01	FGA	south	0.07777200890517674	0.006777656381843793	1.7453557485907205	0.04455940226969395	0.7671709293663403	-35.40958450228677	10	450.0	449.57740488703206	0.914958980345544	0.8980338094479994	1.0	0.9493362285835137	False
15	2040-10-01	FGA	south	0.026468951804358987	0.0010451454828475336	0.3825170107664056	0.06919679663742581		-2.03345115435036	10	336.0	335.89683167191436	0.37772942581566993	0.37715185902059883	0.4742268041237113	0.418795985462351	False
16	2040-10-01	FGA	south	0.06556874882237818	0.007639288810958825	0.5686314298136111	0.11530975142170849	0.6319733669571125	-7.89591876133016	13	591.0	591.0235792502854	0.6440004018263933	0.6437888435907771	0.7647058823529411	0.7745152305080666	False
15	2041-04-01	FGA	south	0.263027950344701	0.06943714170024251	6.377400952237108	0.04124375310798583	0.9775890412263287	-89.7689068452133	17	530.0	529.9413472066094	0.37976772128193576	0.3675005129133137	0.4742268041237113	0.4147858284524334	False
16	2041-04-01	FGA	south	0.16580711168999593	0.027616920268159293	2.896824676742465	0.05723753771541646	0.9823308996722524	-30.00501232159517	23	947.0	947.0936522928818	0.647693561904809	0.639126567569413	0.7857142857142857	0.7012747716327824	False
15	2041-10-01	FGA	south	0.114440661650824	0.013453977211831156	2.9344896250566497	0.03899848909795166	-0.9475259787869958	-154.68210639553695	5	110.0	109.89927792389388	0.3809433816990392	0.3697376427276777	0.46296296296296297	0.3800296600262497	False
16	2041-10-01	FGA	south	0.20126086574132135	0.041073354593300186	5.219452314492512	0.038559767120104435	-0.9381601906983392	-572.5007902379756	8	225.0	224.91067711086833	0.6646881642158783	0.652156698605835	0.7857142857142857	0.7382830371301597	False
17	2041-10-01	FGA	south	0.031395856025557514	0.001280532180104296	0.6011407189253171	0.05222713257835058		-2.8230517325899647	16	1510.0	1509.999914695889	0.9359944263981024	0.9244086454289142	1.0	0.9769228134024139	False
17	2042-04-01	FGA	south	0.1667957649675437	0.027879357103473612	3.425860680894683	0.04868725862021454	0.9755197074791792	-22.22458295162593	26	2122.0	2121.9697838366164	0.945637750042909	0.9363700337682861	1.0	0.9732918206887664	False
17	2042-10-01	FGA	south	0.23783702473848511	0.05661370105306558	5.094948088359366	0.04668095152566539	-0.4367022688966036	-1384.9017572988623	8	358.0	357.87829593466176	0.956299526428659	0.935946154390229	1.0	0.9634617339077345	False
18	2043-10-01	FGA	south	0.010466611548572277	0.000181386494478515	0.3946539026054383	0.02652098833806907	0.6185396333718269	-0.8319148613364367	10	202.0	201.9850036701216	0.20418759531471692	0.20114215995022003	0.30158730158730157	0.28226490844368257	True
19	2043-10-01	FGA	south	0.029630831822308745	0.0012132623936899633	0.45474626183662614	0.0651590443044786		-2.346200323840008	14	881.0	880.9732175884865	0.7799468748560736	0.7792939432246965	0.8461538461538461	0.8985939376626688	True
18	2044-04-01	FGA	south	0.00937509891281302	0.00011159531836181588	0.18091313151272528	0.05182099737272848	0.9064282556472575	0.7450856413797851	16	323.0	322.93296085886925	0.20138822078976548	0.19818741379859814	0.30158730158730157	0.25933501358042116	True
19	2044-04-01	FGA	south	0.0036528827250720173	2.2038868973936744e-05	0.05828050381229459	0.06267761062665045	0.9922821441614024	0.9813613879349684	24	1467.0	1466.9810418887432	0.789856632427179	0.7766230885073936	0.9375	0.8452835052804095	True
18	2044-10-01	FGA	south	0.09445498696776984	0.008929214440803112	2.9392206509357175	0.03213606536742982	-0.9159999111308446	-1992.2722510485971	3	38.0	38.249958222219455	0.19686274509803922	0.18488137140758623	0.22058823529411764	0.1874934366328699	False
19	2044-10-01	FGA	south	0.30931174617828544	0.09575261011394617	6.558790763377658	0.04715987402821119	-0.6870202710690638	-1435.3442315345937	7	251.0	251.09660245472665	0.8047742430305455	0.7823351352495242	0.9375	0.8100137628070178	False
19	2045-10-01	FGA	south	0.0412891111995516	0.002713536971803355	0.8023866237440646	0.051457875764291776	0.42034441078332463	-1.7313742871552704	20	2287.0	2287.151307100055	0.6787758581113913	0.6781873253828884	0.8181818181818182	0.7505539627245571	False
20	2045-10-01	FGA	south	0.05027788905036078	0.0047379391581908415	1.04067223160185	0.048312895764472126	0.5420964423847473	-4.3498866340848865	17	1134.0	1133.9965662078735	0.3287879004108778	0.32462628756803635	0.4825174825174825	0.42335994773714014	False
19	2046-04-01	FGA	south	0.10369412244814752	0.013026243450552108	1.5026079588851904	0.06900943245707276	-0.798013706081621	-7.46362797868813	24	2405.0	2404.9739586647474	0.6535292660374955	0.6453021717129442	0.8181818181818182	0.7268051157883682	False
20	2046-04-01	FGA	south	0.22158296885330475	0.05014536668136637	4.642998022533831	0.04772411441441449	0.6702618070865194	-40.0902258512186	22	1247.0	1246.797276140386	0.3680256214866782	0.37328923623318383	0.6875	0.6661112570528914	False
19	2046-10-01	FGA	south	0.46760012301171816	0.2186692304847694	6.649640895666255	0.07031960527619852	-1.0	-13266.615902804353	2	39.0	38.931550592980386	0.5504807692307692	0.4609244848578013	0.5625	0.4893204035067271	False
20	2046-10-01	FGA	south	0.30653727346511106	0.09396727416996441	7.715982459132087	0.03972757521011668	0.8357783385485159	-32290.374894332468	3	42.0	41.56718541260258	0.5202991452991453	0.5971777161121493	0.6875	0.7151617805619885	False
21	2046-10-01	FGA	south	0.015319624878740699	0.00029933630922799985	0.5803793441998146	0.026395882334272765		-1.2928511340980906	15	380.0	379.99740464406983	0.9790151409270906	0.9789342870365535	1.0	0.9860334786566263	False
21	2047-04-01	FGA	south	0.07571022044963785	0.005981236022917629	2.4492168071081726	0.030912012456353364	0.8522166433149139	-14.800088407469621	21	486.0	486.11171507655575	0.9691601736161204	0.9679312203902759	1.0	1.0	False
22	2048-10-01	FGA	south	0.017440242028939804	0.0004313825818775328	0.415816903312905	0.041942118971089314	0.9827079985888523	-1.8091416382524401	12	571.0	571.0131049299646	0.9982817869415808	0.9935753771655015	1.0	1.0	True
22	2049-04-01	FGA	south	0.016795873570764907	0.0004833914507843144	0.39916165534152515	0.04207787332777307	0.9869176484047739	0.31142937887765454	23	1123.0	1122.975542921949	0.9991035410129987	0.9991872456356233	1.0	0.9995018696983307	True
22	2049-10-01	FGA	south	0.032686080692508696	0.0014851824579241895	0.9350069876046949	0.03495811381714274	0.6226151837313844	-4.301385255250812	11	412.0	412.0089525222392	0.9783549783549784	0.9873091500468192	1.0	1.0	False
22	2050-10-01	FGA	south	0.016465401779606228	0.0003698031639156734	0.5893160078552712	0.027939851556942483		-2.156428160073514	5	76.0	75.92528841408986	0.19381169926250347	0.17983590372574124	0.2804878048780488	0.19412852195092856	False
23	2050-10-01	FGA	south	0.04381690179476597	0.002237524527283646	0.8065076814935829	0.05432918098637428	-0.6977690779769068	-9.605127518035184	8	395.0	394.29832903587885	0.7246320801732151	0.7013164245124511	0.8378378378378378	0.7396302201310233	False
24	2050-10-01	FGA	south	0.0985357648956511	0.010180626078219386	1.7837407203670534	0.05524108059571274	1.0	-16.452233167186247	2	26.0	22.443379746665833	0.1461309523809524	0.09474051884201856	0.1875	0.11855206577625745	False
22	2051-04-01	FGA	south	0.23951022686441073	0.05741532683480948	11.828112523518664	0.020249234726857374	0.6995210250804845	-614.396852849997	7	106.0	105.51987543112321	0.17645608307507857	0.14087223996547202	0.2804878048780488	0.15303095852528245	False
23	2051-04-01	FGA	south	0.2023683309218061	0.041006143539212565	3.4135381764943786	0.05928403915776137	0.978602549238275	-48.49794012176011	22	1101.0	1100.8300600609239	0.7975235729023905	0.7922063268656264	0.9473684210526315	0.9037812592952865	False
24	2051-04-01	FGA	south	0.18810102509092166	0.03539611645807084	12.77731679370254	0.014721480896805314	0.9996612548909065	-410.2030004799792	3	38.0	37.89518563069949	0.13313492063492063	0.09379650749196577	0.1875	0.11419016314258443	False
22	2051-10-01	FGA	south	0.0009579384613901051	9.176460958104419e-07	0.06228302692365662	0.015380409538609894			1	11.0	11.218464439839043	0.09649122807017543	0.0974330530349113	0.09649122807017543	0.0974330530349113	False
23	2051-10-01	FGA	south	0.08961385061075648	0.009151896112951733	2.5654398083913432	0.03493118424280972	0.33612776247529963	-22.506995504829266	20	658.0	658.0061163466837	0.5423799063259428	0.540115607205	0.9473684210526315	0.8841468802510783	False
24	2051-10-01	FGA	south	0.21384664573585865	0.04613015726135639	6.416389256958157	0.03332819085188073	-0.7594085110885952	-131.83560362247385	4	45.0	44.83244615124251	0.034645013270002335	0.03096660100472761	0.047619047619047616	0.03695878410368852	False
25	2051-10-01	FGA	south	0.04777859543202881	0.002889092508626867	0.8036934782505076	0.059448778327819696	-0.9413456117506287	-1.4720088168961807	16	3384.0	3383.991551283839	0.8978917719324688	0.8883701706625157	0.9844961240310077	0.980147466210333	False
23	2052-04-01	FGA	south	0.17107108170973498	0.02946391661623785	4.901904705482528	0.034898899915047465	0.996764047572862	-79.97293579992156	8	119.0	118.68888043283414	0.08318596308352916	0.09817617321440279	0.22641509433962265	0.1761611681967904	False
24	2052-04-01	FGA	south	0.2149085531087776	0.046320849316484225	6.5380370126758045	0.03287050114462759	0.9998637531151737	-170.52235490445935	4	45.0	44.827353070140234	0.034645013270002335	0.03258200338737607	0.047619047619047616	0.03807376122196806	False
25	2052-04-01	FGA	south	0.22784472263457398	0.05250160874615781	3.7690065922968428	0.06045219530797498	0.962696558185494	-24.943640338062405	24	3781.0	3781.095309332184	0.9087224333388266	0.897675375361581	1.0	0.9961862755846893	False
25	2052-10-01	FGA	south	0.29164306290352515	0.08506231100194328	4.794801272166042	0.0608248489038579	0.7899915289616688	-9163.754219202416	5	180.0	179.94078935589556	0.9608500175623462	0.956875967426984	1.0	0.9619726500212155	False
28	2053-10-01	FGA	south	0.009589697971700372	0.0001213809132321747	0.14552119154675636	0.06589897917802011	0.9718058624104577	0.7768550474682285	14	1777.0	1776.8418708896652	0.9797072416819628	0.9747549612817251	1.0	0.9879752056044908	True
28	2054-04-01	FGA	south	0.1023573334446032	0.010881938520445954	1.6244219481007018	0.06301154300720999	0.9831352072705992	-5.222446004288435	25	2816.0	2815.957328260798	0.9722635614478172	0.965253764082236	1.0	0.9999779149736222	False
29	2054-04-01	FGA	south	0.19176562066015002	0.036774053267172556	8.314250708398733	0.023064690660150027			1	11.0	11.00416198839052	1.0	0.9997734529596628	1.0	0.9997734529596628	False
28	2054-10-01	FGA	south	0.2955245843405435	0.08779400766427063	5.180875896124845	0.05704143281285466	-0.9871625913991127	-802.8273529151429	9	637.0	637.0993768215658	0.9550965555331342	0.9730242799099101	0.9939024390243902	0.998561160306546	False
29	2054-10-01	FGA	south	0.05064396114271678	0.004686934958595984	0.8922441858187526	0.056760203033706755	-0.20214708634212752	-2.6526051424387833	27	4630.0	4630.014548057174	0.9968972499836697	0.991198465238826	1.0	1.0	False
1	2025-04-01	FGA	tropics	0.10184998422959106	0.010862997047995152	4.152011849060522	0.02453027301755815	-0.7129659072385783	-202.67215482880192	11	1553.0	1553.0266775019088	0.9963607655678245	0.9963290878953266	1.0	0.9986246880290746	False
1	2025-10-01	FGA	tropics	0.09335776617771781	0.008951087848423373	3.3109330737941525	0.028196814643170903	-0.6993040923212936	-154.96433898194246	21	1823.0	1822.9328432889781	0.9948057524856405	0.9775202811321841	1.0	1.0	False
1	2026-04-01	FGA	tropics	0.04110418838737461	0.0017771511233036913	1.4587500270917042	0.028177677891340736	-0.10011338162573981	-3315.1063064772893	8	176.0	176.02015240943422	0.9913690476190476	0.988659664557944	1.0	0.9964351812043722	False
3	2026-10-01	FGA	tropics	0.13586578827471615	0.018563739122925034	4.701989750926667	0.028895381630285297	-0.835683137831243	-891.2842222995133	15	766.0	765.9911193526686	0.9619720434174986	0.9591925037694614	1.0	0.991530300811081	False
3	2027-04-01	FGA	tropics	0.1378324478855293	0.027636199340385893	4.540607555426288	0.030355507760368234	0.9891853038198656	-64.38889402619608	41	2975.0	2974.977514460403	0.855804572065729	0.8564828212885587	1.0	1.0	False
4	2027-04-01	FGA	tropics	0.17573555319815673	0.030924300443604925	9.482697745088277	0.018532231852394738	0.18728254845462908	-819.318502122476	16	255.0	254.74640364248773	0.30396115966327597	0.2992132639073953	0.6388888888888888	0.5847690632989602	False
3	2027-10-01	FGA	tropics	0.0031964749752796825	1.4201765498707296e-05	0.1216481470366422	0.02627639674870557	0.9303490979955711	0.8653940416614184	24	1926.0	1926.0065054119152	0.7785238063640295	0.7685794089470187	0.9931972789115646	0.9901841030610846	True
4	2027-10-01	FGA	tropics	0.0031931931644295893	1.6839786907270088e-05	0.10337500098388526	0.030889413630355023	0.890186828233703	0.7167181497117838	40	628.0	627.8669409522147	0.607255978674554	0.602818505421455	1.0	0.8878341072082665	True
4	2028-04-01	FGA	tropics	0.0021008824715685113	6.327945744439819e-06	0.3186573986352269	0.006592919168255155	0.4728945418575625	0.0640645456527481	29	427.0	426.9469955655978	0.7517409977707906	0.7435143382685903	1.0	0.8637855977101152	True
7	2028-04-01	FGA	tropics	0.002223932594070219	7.741370032615066e-06	0.11110151199838214	0.02001712266618481	0.43877847724099855	0.11932089428616655	19	654.0	653.9998618335138	0.7355568771472588	0.715479204135239	0.9322033898305084	0.9488470802341749	True
4	2028-10-01	FGA	tropics	0.004761870190337934	2.5960424650366383e-05	0.525518056982063	0.009061287480175904	0.7799247267426818	-6.2671930448427755	6	77.0	76.60051782914412	0.5374850657108722	0.4867948991363657	0.75	0.6322065681555504	True
7	2028-10-01	FGA	tropics	0.03634113886343177	0.0029114748603896994	0.28630153055644325	0.126933093207014	0.1505271126569367	-4.166436932353833	44	2055.0	2055.108661406654	0.6764117927299359	0.674756389328715	0.9397590361445783	0.9087743148543169	True
8	2028-10-01	FGA	tropics	0.0631296211678494	0.006473014659229042	1.3198891942257804	0.047829485568960904	-0.0817251063415056	-74.73997910583637	16	1432.0	1432.091990580935	0.5939817347925582	0.5706236449784934	0.9346938775510204	0.9808195416097882	True
7	2029-04-01	FGA	tropics	0.010129319993130395	0.00014081615540453187	0.46996673572913367	0.02155327009988309	0.13058286756386206	-1.4187387598766272	25	1287.0	1286.8935655800667	0.5666116529267474	0.5616719530937435	0.9397590361445783	0.9188528498669088	True
8	2029-04-01	FGA	tropics	0.011498193356083045	0.0002121102247379833	0.21887747655312806	0.052532556282885015	0.8534113138036228	0.598701699394283	40	3772.0	3771.1869441448516	0.8242514660168878	0.803928774981625	1.0	0.992138791689853	True
7	2029-10-01	FGA	tropics	0.2569561848199992	0.0660264809172496	12.441961887673605	0.02065238481999922			1	10.0	10.0129600989801	0.03968253968253968	0.03271524523576828	0.03968253968253968	0.03271524523576828	False
8	2029-10-01	FGA	tropics	0.11396692178998497	0.013241395178412383	2.18490381488433	0.05216107043870873	-0.09168524152453367	-60.421462714895625	22	1932.0	1931.953235949814	0.9798003717465584	0.974468177266343	1.0	0.9831625782507706	False
9	2030-04-01	FGA	tropics	0.0032735579167592647	1.2500854037005418e-05	0.26481693683285995	0.012361588182048118	0.163180506031895	-1.1248279797191456	11	148.0	147.63662270789874	0.9512957630604689	0.9368354948196426	1.0	0.9744030646070687	True
9	2030-10-01	FGA	tropics	0.09781049589487147	0.010656612636113737	3.1978981293581725	0.030585869823971632	0.1585229813824886	-119.77083707472009	26	381.0	380.60252280144437	0.5646870583036478	0.5533328353785734	1.0	0.9886457960117778	False
10	2030-10-01	FGA	tropics	0.17985409588700366	0.03312016547683317	4.146622010922634	0.043373641343061715	-0.49184247136531944	-56.79649563730768	22	4401.0	4400.877973837942	0.8644795483110186	0.8321904460454608	0.9921259842519685	0.9984734000262814	False
9	2031-04-01	FGA	tropics	0.20554805863410522	0.04245859771849013	11.386284643083645	0.01805225014807275	-0.03707476129628959	-661.2006000587775	15	233.0	232.96736773959913	0.2811740081486456	0.2804681821133607	0.7272727272727273	0.6116337945671197	False
10	2031-04-01	FGA	tropics	0.18850417161739055	0.036610210885390924	4.457072865761962	0.042293266745856685	0.0835129831809887	-33.38797711014683	33	4986.0	4985.955185980319	0.9039091251973885	0.8993653590677828	1.0	1.0	False
10	2031-10-01	FGA	tropics	0.2716377336242607	0.07386541530466537	7.108299447832876	0.038214165795600455	0.38058481649809894	-32195.663366579818	8	249.0	248.9417322181568	0.9810997702368328	0.9799316977306012	1.0	0.9893725127208223	False
12	2034-04-01	FGA	tropics	0.10993861260271905	0.012343244599894958	2.818566444906645	0.03900515199894831	-0.15332393551911994	-57.60924059411692	27	2487.0	2487.011375988816	0.997768038254695	0.9975445389294421	1.0	0.999847939894269	False
12	2034-10-01	FGA	tropics	0.19979739586915646	0.04023034354402419	6.536312627339061	0.030567294935293532	0.7981664513169174	-116.42748137335789	39	3078.0	3078.194651804773	0.9879003259127463	0.9851187386851626	1.0	1.0	False
12	2035-04-01	FGA	tropics	0.2957939924201874	0.08756125726121804	11.177671089724674	0.026462935798146958	-0.6837191817977099	-12571.0198086628	13	417.0	416.86141551206055	0.9700824175824176	0.9657118796616312	1.0	1.0	False
13	2038-04-01	FGA	tropics	0.14234943807392825	0.02060987120115512	9.742696393812398	0.014610887204114726	-0.7959165769946809	-1304.652382805576	37	962.0	961.8886372874913	0.9926832362580935	0.9928809896137154	1.0	0.9972970691168755	False
13	2038-10-01	FGA	tropics	0.19774309839781973	0.04136212888570225	17.39331200727856	0.011368915725485198	0.6258749875290469	-1375.513163588337	43	1214.0	188591.49899158403	0.9314625779875273	0.9271694822739365	1.0	1.0	False
13	2039-04-01	FGA	tropics	0.2553480364964275	0.06533997602603213	20.94312440258624	0.012192451880049708	-0.7903390900344636	-11103.262494476092	24	504.0	503.86600967750144	0.8404940408975693	0.827009685104905	1.0	0.9820623294485499	False
14	2039-04-01	FGA	tropics	0.16794641183378198	0.028344397280572108	12.497274405749677	0.01343864320979574	-0.8309885447412382	-4445.239700892404	22	628.0	627.9476498137839	0.8487415517774253	0.8387576325544327	1.0	0.9560736344455391	False
14	2039-10-01	FGA	tropics	0.04841111428878642	0.002548443797210704	3.6963731862456957	0.01309692280772014	0.9446557037869473	-37.716133894179904	48	1786.0	1785.9787941869847	0.9207477433450703	0.9172418766150862	1.0	0.9858377899457366	False
14	2040-04-01	FGA	tropics	0.0963390372970469	0.00933000423776467	7.15698189039096	0.013460846872673063	0.5057118597521203	-507.23034409549945	31	1112.0	1112.1848790331103	0.9756349901669634	0.9702183044470979	1.0	0.9889489244599048	False
14	2040-10-01	FGA	tropics	0.24663907315428218	0.060834433310567614	18.787594142019717	0.013127762463351138	-0.4065244848999383	-65230.217401869726	5	71.0	71.00613965964396	0.9723809523809525	0.934535680043856	1.0	0.9520863761854925	False
16	2040-10-01	FGA	tropics	0.010582094356852506	0.00011756518276519461	0.8560104210845494	0.012362109264330203		-20.052195758714845	3	32.0	31.919527458746447	0.7291666666666666	0.6663246339983019	0.7857142857142857	0.6715168413236695	False
15	2041-04-01	FGA	tropics	0.012411302553681074	0.00015404043107901036	1.0	0.012411302553681074			1	13.0	12.764751912255702	0.24074074074074073	0.14919265879646185	0.24074074074074073	0.14919265879646185	False
16	2041-04-01	FGA	tropics	0.15266214316912624	0.031283330252836854	9.832911193914432	0.015525630218607946	0.8591090514898108	-894.6536317341158	28	768.0	767.8242166592611	0.8247709295500758	0.8121196655160113	0.9545454545454546	0.868372819028086	False
15	2041-10-01	FGA	tropics	0.20506722316777073	0.04205256601774029	105.6428479244634	0.0019411368322292638			1	13.0	12.770405687427113	0.24074074074074073	0.1475875613067477	0.24074074074074073	0.1475875613067477	False
16	2041-10-01	FGA	tropics	0.2167838399240356	0.047717722778001105	9.11100507787888	0.02379362518964864	0.9086890151051967	-725.1590909527519	46	1260.0	1259.8432379874787	0.7324414965315104	0.7227764290211937	0.9545454545454546	0.8512587112708481	False
17	2041-10-01	FGA	tropics	0.17525922741089323	0.030899821811858425	8.482243491644812	0.020661895356284838	-0.7167193309715896	-7823.185945053241	14	361.0	360.9935203088476	0.5874673074593862	0.5687506481209806	0.8983050847457628	0.9056259901331367	False
16	2042-04-01	FGA	tropics	0.11790066832560972	0.013943317776381445	12.610229924943972	0.009349604965758271	-0.5018171183996265	-3074.4711933020767	20	478.0	477.54831558448467	0.6012305014847723	0.5758673262404531	0.8275862068965517	0.8370882485915848	False
17	2042-04-01	FGA	tropics	0.19153509395394913	0.04400149478861452	11.861826395774772	0.016147184047658518	0.8842428680447867	-382.07982143857225	40	1876.0	1875.9936185072565	0.8157402291533973	0.8050715712089419	1.0	0.9815740204217465	False
17	2042-10-01	FGA	tropics	0.250618942456134	0.06323384708993089	15.149800299511174	0.016542722511280923	0.7314220300647308	-1193.4199719839614	35	1606.0	1605.8970512213955	0.9310687114669903	0.9391443427496776	1.0	0.9834352360654706	False
17	2043-04-01	FGA	tropics	0.10248099514985436	0.01050705941708667	5.631987666987947	0.018196239269228087	0.6508038185537315	-3816.672054838083	9	152.0	151.70110066555227	0.8786219046022967	0.8833385354173472	0.95	0.9287135349654899	False
18	2043-10-01	FGA	tropics	0.0018057390306460673	4.651105930419856e-06	0.1375809566508296	0.013124919862484319	0.7661273955358592	0.4501978621111057	20	408.0	408.18165714361544	0.781743834188687	0.7650427729156118	1.0	0.8215935653168371	True
19	2043-10-01	FGA	tropics	0.0016698888336243323	2.8217730220500685e-06	0.09637402392617662	0.01732716727594027	0.8356790082746808	0.21935212272998472	4	60.0	59.78465601987098	0.3451923076923077	0.3015216251502205	0.4166666666666667	0.32350347225803167	True
18	2044-04-01	FGA	tropics	0.18429485481212995	0.0346280701673396	13.777976142419575	0.013376046881422863	0.9616588372710818	-653.8318845894153	46	1190.0	1190.2391214876986	0.6813619955756668	0.6749260406262296	1.0	0.8310856849123388	False
19	2044-04-01	FGA	tropics	0.06744295313928353	0.0076826368677051565	4.260052609578403	0.015831483627137186	-0.8539653952596286	-128.6490109706823	29	524.0	523.6289418203384	0.3681967809583395	0.35585022232518976	0.5	0.39718694921802555	False
18	2044-10-01	FGA	tropics	0.2665796525582327	0.07123021612715441	17.928142848287283	0.014869340054577915	0.6614108939884771	-2865.9460158838046	26	709.0	708.8127876327536	0.5821636993290084	0.5765318097218066	0.7586206896551724	0.6578421806662222	False
19	2044-10-01	FGA	tropics	0.07877908523187578	0.007608676648100316	5.794068534106552	0.013596505593288353	0.7117879786652178	-150.87812955883513	33	556.0	555.0247540650759	0.446998849048604	0.4142755508094818	0.7222222222222222	0.6550895061381955	False
18	2045-04-01	FGA	tropics	0.25551633156458897	0.06528859569622497	19.053635489064114	0.013410371564588987			1	18.0	17.973918987898493	0.5806451612903226	0.4379911826460079	0.5806451612903226	0.4379911826460079	False
19	2045-04-01	FGA	tropics	0.08240765555996726	0.008108475150937874	5.264068724482598	0.01565474538291995	-0.7637345690619378	-153.29317552919633	35	1177.0	1176.4797135638214	0.6947514139070136	0.6750696352522674	0.9	0.789603807535845	False
20	2045-04-01	FGA	tropics	0.1307893483933343	0.022319165508039637	16.92452732833176	0.007727799179028898	0.8419221235459402	-2772.478222675585	15	221.0	220.65349467592344	0.24437353860014008	0.21670992916969264	0.42424242424242425	0.29237953223378305	False
19	2045-10-01	FGA	tropics	0.015490437867537355	0.0003053596632918971	0.9733697849639243	0.015914237432499995	0.9523968687654369	-1.982241324668398	47	1685.0	1684.776267085574	0.7522696028911455	0.7506463059162715	0.967741935483871	0.7967826658125263	False
20	2045-10-01	FGA	tropics	0.25151665897835745	0.06361765386928625	23.3922675992112	0.010752128151391307	0.9484575359979881	-3268.197355277507	18	271.0	270.8619646979357	0.2349254797739886	0.20389260443009788	0.35135135135135137	0.25895394760026874	False
19	2046-04-01	FGA	tropics	0.2819065807109416	0.07955385032410459	15.291350921196019	0.018435688394292122	0.3840462726036391	-5994.815663705006	21	498.0	497.93036544535084	0.7492157981692611	0.7481016615822649	0.967741935483871	0.8035583041508213	False
20	2046-04-01	FGA	tropics	0.09601099920682596	0.009236197706420604	10.665289119065005	0.009002193764742776	-1.0	-421677.729327753	2	26.0	26.10987716138267	0.2647058823529412	0.20668643809794807	0.29411764705882354	0.21647394100657857	False
21	2046-04-01	FGA	tropics	0.1118900381865728	0.012660093861706564	4.037538049570386	0.027712441793205755	0.8392756138335675	-1567.3052232021796	10	238.0	237.94810511634068	0.8724246668364316	0.8576962716528026	0.9714285714285714	0.9986349516217343	False
21	2046-10-01	FGA	tropics	0.17646297744220274	0.033592235933636166	6.9147724066269465	0.025519708685290205	0.7267230788542959	-194.33642561699037	36	2125.0	2124.977881526275	0.9525674591963571	0.9404693704983659	1.0	0.9988057500401709	False
21	2047-04-01	FGA	tropics	0.23125171395681324	0.05379421054845211	11.462084912731605	0.020175362136773956	-0.5827761067357223	-502.3716289208039	38	2073.0	2072.9226457411273	0.985383440831406	0.9838773678011036	1.0	0.9974965946853226	False
21	2047-10-01	FGA	tropics	0.20027149488135274	0.04022718778658329	9.736096798285253	0.02056999832999042	-0.6181343835503528	-11223.143228419201	12	222.0	221.8969530460004	0.9795138888888889	0.9805517017358943	1.0	1.0	False
22	2049-10-01	FGA	tropics	0.10825308512630284	0.022833733770286305	10.339380563216128	0.010469977815830589	0.5265992708523781	-5031.060809956439	22	409.0	409.07759962273195	0.9265811003581902	0.9241093788227157	1.0	0.937978915871819	False
22	2050-04-01	FGA	tropics	0.18616078505047967	0.03962685892048932	19.217946762366942	0.009686819687471728	0.8450920899108627	-2462.3812920712057	46	1124.0	1124.0023509830914	0.9519444155130631	0.9489293321268681	1.0	0.9802754606656902	False
22	2050-10-01	FGA	tropics	0.01470393250838193	0.0003315107490640909	1.4414735076402632	0.010200626255318923	0.8912501856861005	-18.809128471353258	41	945.0	944.8540520034745	0.9397991412517362	0.9338201913678942	1.0	0.973510179368195	False
22	2051-04-01	FGA	tropics	0.18961078549921345	0.03598010478615577	18.521927187683787	0.010237098093404435	-0.8304311998004558	-11179.926960506002	14	225.0	225.0029120829635	0.9036261113757246	0.890216585880239	1.0	0.9324397183955245	False
23	2051-04-01	FGA	tropics	0.12630898821251077	0.015971277846584787	11.89231658425937	0.010621058337758425	0.5889646878175057	-5766.419375502571	10	122.0	121.8480618524222	0.5504326103351039	0.5142895603628606	0.7083333333333334	0.5291363583694921	False
24	2051-04-01	FGA	tropics	0.016236474609283697	0.00026396721284776365	0.9517788344387162	0.017059083499013385		-766.1121564083213	3	40.0	39.910520589058635	0.4953442028985507	0.4145417557801288	0.53125	0.4735353502230467	False
23	2051-10-01	FGA	tropics	0.1830059657532428	0.036109063390197406	6.726915527601343	0.027205034016310643	0.9707905157485346	-584.4453302852231	34	574.0	572.4697742325299	0.3743589422733827	0.3631315753586119	0.7083333333333334	0.5348993076195793	False
24	2051-10-01	FGA	tropics	0.17905210498901633	0.03270226365607392	2.085151543138704	0.08587006809082835	0.9638937879264521	-84.01920546265104	27	621.0	620.9304731628891	0.3653158880343116	0.35894246381136613	0.53125	0.451575948706662	False
25	2051-10-01	FGA	tropics	0.15457828461580428	0.023961684395443536	5.332539726280332	0.02898774177977462	-0.3900764735504302	-798.9690256869293	18	1149.0	1148.9802500243622	0.546610220277402	0.5310645712553353	0.8652482269503546	0.9558795010635486	False
23	2052-04-01	FGA	tropics	0.0033819235069542895	1.6897861894964868e-05	0.2275470214859256	0.01486252592923292	0.8984906168792337	0.14763785346417135	21	407.0	406.698838124802	0.27638835711979304	0.26598278239865136	0.48484848484848486	0.4675890754164928	True
24	2052-04-01	FGA	tropics	0.00360391658787644	1.639340527157332e-05	0.22322913022389776	0.0161444726513145	0.9357599908284657	0.5557900094185402	23	567.0	566.8860211801646	0.3288139005504899	0.31993859665260943	0.5230769230769231	0.4876425800917447	True
25	2052-04-01	FGA	tropics	0.0024376252415145463	1.1853825099871815e-05	0.07300991159469451	0.033387593386590045	0.9939097829949758	0.9635984994429694	42	2632.0	2631.9781333156084	0.767107755758185	0.7652859867968479	1.0	0.9665959328373253	True
25	2052-10-01	FGA	tropics	0.2575865985449953	0.06642208312655123	11.799212462862776	0.02183082975713267	-0.07292443095278274	-3490.8929289853895	22	1241.0	1240.891441006304	0.9348553162139386	0.9343727628318059	1.0	0.946299557676666	False
26	2053-10-01	FGA	tropics	0.12015377220652194	0.014504528160651673	6.0915365952193525	0.019724706620135684	0.9675323110408218	-62.05411291967053	3	36.0	35.784839642339136	0.21436888393410128	0.11945503487501603	0.4444444444444444	0.23847371607170725	False
28	2053-10-01	FGA	tropics	0.16773875943477476	0.03457876165940237	4.6692711902521555	0.03592397027291026	0.881005938929415	-112.87082736164511	24	2957.0	2957.0059658075957	0.9079078533435992	0.9059642578818954	0.9883720930232558	0.9907388154632017	False
26	2054-04-01	FGA	tropics	0.21266532688372772	0.0453313499764367	14.071434107357138	0.015113266015475801	-1.0	-1337.3721039268169	2	26.0	25.874040751746072	0.2830917874396135	0.13759464038924712	0.4444444444444444	0.20717697846130884	False
28	2054-04-01	FGA	tropics	0.24656200400193234	0.061048771618226055	7.069175761898167	0.034878465652370086	0.8208042501043471	-109.15888498226303	38	3763.0	3762.8280053753065	0.9002048596763293	0.8811929309695838	0.9883720930232558	0.9912022778252412	False
29	2054-04-01	FGA	tropics	0.035896930363571986	0.0013693053032682759	1.1852395735224779	0.030286645135285135	-0.8605431787399325	-46.72360925288002	10	294.0	293.93024078976106	0.836077534783977	0.7716327894332838	0.9787234042553191	1.0	False
28	2054-10-01	FGA	tropics	0.09206319787558104	0.008514750206677116	2.780352510110661	0.033112059546692815	0.3988837551104164	-184.78259103888266	12	569.0	569.0025484018773	0.8729256880349712	0.7729376024306611	0.9795918367346939	0.9793505275269465	False
29	2054-10-01	FGA	tropics	0.18846068489655057	0.03965650156241977	7.883729384009887	0.023905016993454202	0.8515007018630587	-193.9590240977924	36	2345.0	2344.986437833771	0.9513447063364742	0.9084797189157404	1.0	1.0	False
1	2025-04-01	GARW	north	0.13811058048485397	0.02471832987139032	1.9842362761429724	0.06960389856056766	0.04252881913880559	-19.821384662578044	11	4279.0	4278.842125865159	0.9803869657887394	0.9793748991867305	0.991869918699187	0.9849213441798644	False
1	2025-10-01	GARW	north	0.3178185851750675	0.1141008523666133	4.4221288811255075	0.07187004126713223	0.8782565567211864	-96.38436160096417	13	4330.0	4329.8302485865925	0.9834043556673949	0.9832817804516665	1.0	0.999102174040034	False
3	2027-04-01	GARW	north	0.1667446644344529	0.0324250406455391	5.939383612589365	0.028074405579901245	0.9959166635982675	-196.1379162804349	13	349.0	348.89836284820734	0.6337261392276446	0.6320210728145853	1.0	0.8684068576386896	False
4	2027-04-01	GARW	north	0.19364789362990667	0.040835390592716896	4.19278079673436	0.04618602856145821	0.9940076363918064	-453.68164496739774	7	180.0	179.8806965771414	0.3481190452128845	0.34357919444574625	0.4533333333333333	0.4450298718455948	False
5	2027-04-01	GARW	north	0.04955667338734758	0.0032103646812255463	1.1971084137381955	0.04139698027231934	0.9825749731439832	-49.73021701188056	5	67.0	66.82028247127349	0.18021415789225587	0.16280754545132198	0.25	0.1961501403386787	False
3	2027-10-01	GARW	north	0.001363425868253571	2.782905735323898e-06	0.03267259487242395	0.041729953607214654	0.9987802335039809	0.9943812220527476	19	459.0	459.07911034654234	0.49362749670016465	0.5079713162849834	1.0	0.8335607717865273	True
4	2027-10-01	GARW	north	0.002273502018955405	6.937736217427016e-06	0.053562465086378255	0.04244580631770794	0.998441732094781	0.9870431047093986	20	591.0	590.9426973226409	0.47707584497306055	0.45644256295792845	0.7692307692307693	0.6283732817871358	True
5	2027-10-01	GARW	north	0.0013764804275727296	2.3709406131682727e-06	0.0346655183958818	0.03970748141866106	0.9980981446985104	0.9947693394086231	16	306.0	305.34686584179383	0.27868306521162145	0.26034285508525534	0.4782608695652174	0.3430605137372082	True
3	2028-04-01	GARW	north	0.0039693439607788265	2.0116599295134167e-05	0.13077150651147662	0.030353278528839716	0.9831265445234414	0.4101442767216157	4	68.0	67.95738195865458	0.18699794621322618	0.1660677721851791	0.24271844660194175	0.18375579197352848	True
4	2028-04-01	GARW	north	0.003491959456936888	1.8768377744355087e-05	0.08538742683168549	0.040895475909119385	0.9886117318552083	0.9627307901103463	27	620.0	620.0933804488262	0.3462644451878129	0.33807926699177	0.7692307692307693	0.5660599576100909	True
5	2028-04-01	GARW	north	0.004384731818818705	3.7564884995925123e-05	0.11897766466741064	0.036853402956561254	0.9754587856697174	0.9032587410565766	20	376.0	375.8719744053639	0.22505959724281835	0.21408156123529679	0.4782608695652174	0.35560185628552426	True
6	2028-04-01	GARW	north	0.0013776869970741875	2.8460722201782837e-06	0.026928295495339663	0.05116131458497313	0.9999016400195728	0.9938056194697626	13	790.0	789.9098439673901	0.36296443668467676	0.3496492678672919	0.4611872146118721	0.44506682131541975	True
7	2028-04-01	GARW	north	0.003213758881935705	1.2702379904522637e-05	0.06347928183888835	0.050626894143073135	0.9998818653042114	0.9711702075260947	12	786.0	786.094625824086	0.36150277950159265	0.3586094863033121	0.5	0.4507212792045843	True
4	2028-10-01	GARW	north	0.0052042020186076725	3.2828630947643834e-05	0.16277543606615585	0.03197166688278789	0.9940410825632278	0.9215545385300131	16	313.0	312.9152318056832	0.20208026724548533	0.2123508706939504	0.4642857142857143	0.33875338395260474	True
5	2028-10-01	GARW	north	0.0025187876089993342	9.941336568570225e-06	0.09619811235110083	0.026183337151215014	0.9957203312713672	0.9669167223992193	12	210.0	209.8806871788078	0.14251359648009745	0.13374845886720746	0.2826086956521739	0.21260138572554546	True
6	2028-10-01	GARW	north	0.011055616653143944	0.0004427627092392074	0.21940462269621747	0.050389169185606875	0.8063476255194979	0.6124212993914059	21	1096.0	1095.9851374628738	0.388073240222013	0.37162412067125633	0.5177304964539007	0.427203711944416	True
7	2028-10-01	GARW	north	0.010596664390168181	0.00039738683824894796	0.2005017160977242	0.05285074161162484	0.820056112892546	0.6429431212380121	20	1121.0	1121.0965128569842	0.41918147367373376	0.4042721418991494	0.5853658536585366	0.5458600953172243	True
6	2029-04-01	GARW	north	0.007766623735763206	7.218876321562797e-05	0.1520051926246029	0.05109446329865795	0.9659369399640958	-1.2579753656434005	5	150.0	150.10582449746477	0.39839148877951724	0.4335425984130968	0.4528301886792453	0.4658528212598666	True
7	2029-04-01	GARW	north	0.002698112590266125	9.254509005711037e-06	0.06433386218129739	0.041939229183266695	0.9556755238855964	0.6748107426238056	6	200.0	200.0118901020061	0.5276218407015112	0.5085371921172964	0.5853658536585366	0.5651846045978005	True
8	2029-04-01	GARW	north	0.02971224903310668	0.0013384283315838825	0.27754166925687307	0.10705509234941982	0.860340241479623	0.41507621950828344	24	4842.0	4842.003336895786	0.9963090561487397	0.9846844128745388	1.0	0.9997791335165883	True
8	2029-10-01	GARW	north	0.05411788202860701	0.004130014503766581	0.5081050248198875	0.1065092439260774	0.7618777082279988	-0.7848157227433246	24	4863.0	4863.037329509572	0.9963090561487397	0.9760844950256727	1.0	0.9987848151420663	True
10	2031-04-01	GARW	north	0.1513515700201627	0.02579435779510464	2.380389736025636	0.0635826846879551	0.8177481487811686	-13.425958284137396	28	5376.0	5375.986088271685	0.9954608129956537	0.977158385809438	1.0	0.9995295392166279	False
10	2031-10-01	GARW	north	0.0027655668494455353	1.106462875482751e-05	0.04349159739091138	0.06358853239139631	0.9979376353175551	0.9943107312363156	23	5269.0	5269.297373916698	0.9944740332121	0.9946096259384103	1.0	0.998790369800306	True
12	2034-10-01	GARW	north	0.0011657376922880134	2.2016424006283916e-06	0.027890937250846386	0.04179628966224997	0.9989006124677553	0.9970556372025097	25	1677.0	1676.7856885734427	1.0	0.9932446841616175	1.0	1.0	True
12	2035-04-01	GARW	north	0.0016401897883305595	3.2805886585605564e-06	0.03777635097917383	0.043418428350445994	0.9296061271592791	0.8176520358462382	5	152.0	152.18664930551915	1.0	0.9648590503007582	1.0	0.9963534263662541	True
13	2038-04-01	GARW	north	0.005276683956823188	4.832294897980039e-05	0.15554019309711867	0.03392489009916844	0.9565943359696134	0.9018951964845406	30	1312.0	1312.181080330708	0.998348051948052	0.9981931376508524	1.0	1.0	True
13	2038-10-01	GARW	north	0.15692744868741196	0.03258671972290827	3.7165774779283964	0.04222364517337672	-0.5770945489130004	-42.40254147082067	28	1403.0	1403.0274852346092	0.9923907172255036	0.9927964881779185	1.0	0.999639472954159	False
13	2039-04-01	GARW	north	0.0022211811788524264	8.536206290971609e-06	0.051992025209356973	0.04272157450894376	0.9821703792169227	0.750274113874135	7	174.0	173.91424264946232	0.9796821599453179	0.9786278749626158	1.0	1.0	True
14	2039-04-01	GARW	north	0.0026574138339232655	1.3668974221630914e-05	0.06888807230849593	0.03857581936714359	0.985722667829923	0.9542326633206848	16	1361.0	1360.9999965723562	0.9707396298060968	0.9733055687119367	1.0	0.9994482849881322	True
14	2039-10-01	GARW	north	0.07155648621425474	0.007783915118072791	1.4564828450167668	0.04912964574837199	-0.13370549503541354	-6.029169486511214	26	1880.0	1879.8927415563503	0.9774758636188666	0.9767887073010494	1.0	0.9996703465168001	False
14	2040-04-01	GARW	north	0.001163799984996848	1.7098115476847715e-06	0.023755712573841462	0.048990321017706	0.9913273062144665	0.9380446965042806	7	209.0	208.90849794327468	0.9843358395989975	0.9546785907457129	1.0	0.9602732157443206	True
15	2041-04-01	GARW	north	0.016946115385598568	0.0005343152327223239	0.48384781935934557	0.035023647327865656	0.5922080177266364	-0.23610646811507285	8	161.0	160.98703253160818	0.21173783575099364	0.18562861485096455	0.4	0.20299126416280738	True
16	2041-04-01	GARW	north	0.013442160474895838	0.00021558457622094737	0.2777538904319713	0.04839593949157717	0.9743067404047072	0.3660224968359197	15	697.0	696.8988827959822	0.6500531794391444	0.634252599379302	0.8333333333333334	0.735139197035299	True
17	2041-04-01	GARW	north	0.01864406624283605	0.00039759953404627416	0.4615081132921662	0.04039813321988791	0.9909355740467172	-4.067758123491006	6	178.0	177.8219375466042	0.2396286380935504	0.2361358018440655	0.32592592592592595	0.31452758156074573	True
15	2041-10-01	GARW	north	0.002339218867582723	6.7715859429930866e-06	0.07130842574730512	0.03280424217850759	0.9942421906089295	0.9779927185482542	12	213.0	212.73778842386773	0.18460241871719507	0.1624216968366773	0.4	0.2526437316289356	True
16	2041-10-01	GARW	north	0.0026152258296593405	1.1300005276717743e-05	0.059715563331057445	0.043794710855539876	0.9952673992306912	0.9851573683011674	23	914.0	913.8809887344751	0.5373285084980554	0.5258114699747249	0.8333333333333334	0.7022614707701028	True
17	2041-10-01	GARW	north	0.0036340753733352105	1.6331109857678462e-05	0.08438300856645553	0.04306643523468599	0.997390309286879	0.9695374693497977	20	638.0	637.9247508835203	0.5407811249323897	0.5411996140436702	0.9333333333333333	0.8594194695488047	True
15	2042-04-01	GARW	north	0.011698559033809753	0.00013796071658170938	0.3281116579530476	0.035654201093591756	1.0	-8.081396430272845	2	23.0	22.40138600131693	0.13515709642470206	0.11204561709355433	0.15492957746478872	0.12298951616545603	True
16	2042-04-01	GARW	north	0.0088059929148666	8.241539875228166e-05	0.20474960913554743	0.043008594507435154	0.9892902113807178	-1.406038819853821	6	132.0	131.8839375404121	0.31200675083211876	0.2810761825666887	0.3557692307692308	0.3482725767192514	True
17	2042-04-01	GARW	north	0.007934941778247606	0.00010833255061264207	0.25199051728262845	0.03148904912698721	0.8865672280871908	0.766791408396689	30	1280.0	1279.8724471598407	0.8242848128544599	0.8252784016523765	1.0	0.9694410087951729	True
18	2042-04-01	GARW	north	0.019889071958071124	0.00044091615903099076	0.8524950893241529	0.02333042407767876	0.9951588284442392	-5.153286330944789	5	73.0	73.00047344993357	0.16213243361704519	0.15297097905622764	0.22972972972972974	0.17867790875513756	True
17	2042-10-01	GARW	north	0.05485137697142456	0.0038836846493802446	1.477538702633824	0.037123478981395105	0.08936096146567016	-6.0084200330046045	25	1156.0	1155.8225876982467	0.8770920575907505	0.8628553358735016	1.0	0.9462073351416185	False
18	2042-10-01	GARW	north	0.033630289052330196	0.0014995771669868718	1.4594739560721917	0.023042746951674076	-0.9882842282988349	-17.295159403643318	6	89.0	88.5087956056573	0.180308101460532	0.15756987079149667	0.2711864406779661	0.19366794771513965	False
17	2043-04-01	GARW	north	0.007570681941383178	9.281094743145097e-05	0.15965033935741485	0.04742039366690243	0.9858730448572817	0.21851769021777845	5	137.0	136.9509516586271	0.804404761904762	0.7970927970020498	0.85	0.8416383703916201	True
19	2043-04-01	GARW	north	0.0017097322210336322	3.630609103137692e-06	0.06749754935188168	0.02533028587631187	0.8590267112695851	0.5376796257457868	5	67.0	66.84167826776788	0.7275208054236187	0.6998173854944354	0.7857142857142857	0.7502494752974141	True
19	2043-10-01	GARW	north	0.15532605851287307	0.030158216138620374	6.5599003262524285	0.023678112591324765	-0.8780133973085907	-197.61743575587926	10	151.0	150.85610546775106	0.7634398898912965	0.7322119807129941	0.875	0.7617704756943345	False
18	2044-04-01	GARW	north	0.0005165356254882709	5.94528474082709e-07	0.015593880594891137	0.03312425167969403	0.9989021961139324	0.9974479542487489	12	272.0	271.9187516660179	0.21125538262792007	0.19250424588727685	0.3125	0.1986267169254738	True
19	2044-04-01	GARW	north	0.0017251324250694637	6.543198422736331e-06	0.04865302704096386	0.035457864186270935	0.9907857117606086	0.9808526649542948	22	1322.0	1321.9059401479228	0.7917198337781421	0.7865159684915973	0.9230769230769231	0.7973826021625927	True
18	2044-10-01	GARW	north	0.027177542504851125	0.0016108539097165764	0.7884141141082242	0.03447115166829765	-0.7315678947502866	-2.898458122360822	14	304.0	303.66307785557177	0.21172650468466678	0.20256510298267263	0.3125	0.21502228086724157	True
19	2044-10-01	GARW	north	0.0302619955418092	0.0021721614316898264	0.6526778209738331	0.046365901474415896	-0.072033754946181	-1.685282737135505	26	1520.0	1519.9668369417168	0.7900976528103361	0.7785324089918524	0.9230769230769231	0.7875398161081351	True
19	2045-04-01	GARW	north	0.011483734036200288	0.0002311648344087328	0.2425103962131731	0.047353574178757185	0.94900791634502	0.7286934672686114	13	374.0	373.90289038069614	0.8435655453636696	0.8227532933101034	1.0	0.8550356148840332	True
20	2045-04-01	GARW	north	0.02129171737698925	0.000453337228861586	1.0053799189465051	0.02117778262301075			1	10.0	10.073370518711794	0.18867924528301888	0.14330788271809888	0.18867924528301888	0.14330788271809888	True
19	2045-10-01	GARW	north	0.13876674744438627	0.028436000804224232	3.6757035065250174	0.03775243220734507	-0.8650399387952321	-49.417328265237586	21	637.0	636.9876024577765	0.8458052832982865	0.8332833657659914	1.0	0.868107176239625	False
20	2045-10-01	GARW	north	0.10832238924871673	0.011733740012550502	12.808696718406082	0.008456940751283273			1	10.0	10.016204975565707	0.18867924528301888	0.13875186781478074	0.18867924528301888	0.13875186781478074	False
19	2046-04-01	GARW	north	0.03517721537148587	0.0019942627712446308	1.0509374539161351	0.033472225431117816	0.9217173692553798	-12.038026141979032	11	245.0	244.98024482416176	0.6728014365430153	0.6748516784015065	0.9444444444444444	0.8493051065977912	True
20	2046-04-01	GARW	north	0.022337267977987282	0.0009700034862932364	0.2214086101519995	0.1008870791549276	0.8582427039560168	0.47405186196402105	9	186.0	185.87378769705668	0.06539212568386904	0.057502202791055744	0.1223021582733813	0.07954437075659596	True
21	2046-04-01	GARW	north	0.018406007427808607	0.00045001369509470155	0.26789922749461276	0.06870496641569725	0.9942056660211213	0.7717384340299696	19	4245.0	4245.216508614171	0.8818227811177618	0.8661068955796849	0.9774436090225563	0.9798069881596376	True
19	2046-10-01	GARW	north	0.008662343882828091	0.00014635572937229716	0.36132970528051106	0.02397351714026184	1.0	-0.24412698005141942	2	26.0	25.749656339273535	0.04133738601823708	0.045680871970029756	0.05714285714285714	0.055590842937542934	False
20	2046-10-01	GARW	north	0.04398902468997994	0.0025502291194648263	0.8220606528578811	0.05351068018771216	0.7435308325065192	-1.6641984002882135	9	186.0	185.74580534594736	0.06539212568386904	0.0668013128374163	0.1223021582733813	0.10780080690856506	False
21	2046-10-01	GARW	north	0.07565801940858098	0.009149185020777035	1.1181522158242911	0.06766343467182294	0.06716280295080033	-2.5072159693968827	24	4407.0	4406.927241599367	0.899183995071933	0.8930032674212972	1.0	0.9927891109754758	False
23	2051-04-01	GARW	north	0.0014760967471695433	2.753116168663967e-06	0.03350161384291044	0.04406046688052052	0.9957651528331646	0.9891265451175256	14	1200.0	1199.9632829046634	0.9038610648962456	0.8936051524689258	0.9682539682539683	0.9291238456442041	True
24	2051-04-01	GARW	north	0.020518341673906853	0.0004549108743872319	0.6657239442392862	0.030821096118681574	0.9979863834074791	-2.693086004532041	3	34.0	34.078609332185664	0.06517549121498557	0.04537955330015799	0.0755813953488372	0.05349479100496435	True
25	2051-04-01	GARW	north	0.019826532683077297	0.0003930913982331322	1.9413906252084998	0.010212541683077296			1	11.0	11.055967712683588	0.0763888888888889	0.044225933528253644	0.0763888888888889	0.044225933528253644	True
23	2051-10-01	GARW	north	0.002462955781740403	7.642421792796293e-06	0.054257526946956264	0.04539380838622188	0.996949778423424	0.9929196959871333	24	1800.0	1799.929526257105	0.837614918192517	0.8190663560798597	0.9682539682539683	0.9294621206777766	True
24	2051-10-01	GARW	north	0.001488197249751617	2.244910515941801e-06	0.116171065435838	0.01281039512006161	1.0	0.7964358933543713	2	24.0	23.992471767699435	0.0681774380059103	0.054773492318096306	0.0755813953488372	0.05478423019899225	True
25	2051-10-01	GARW	north	0.009361838883853784	9.351928391076723e-05	0.3972825415152676	0.02356468735864148	0.9952050544739068	0.6065430646795522	8	97.0	96.76485542468379	0.15812079232364884	0.19869495028466952	0.34285714285714286	0.31086744052690873	True
23	2052-04-01	GARW	north	0.002516537198921411	8.841393547199156e-06	0.05271900725011691	0.04773491251423044	0.9381159713843621	0.514728406491759	7	283.0	282.9405236318579	0.7092353042326403	0.6582777269032267	0.8169014084507042	0.7971780965223455	True
25	2052-04-01	GARW	north	0.004346581767457438	0.00014672933119435876	0.07848855394535682	0.05537854309920779	0.8712694681669556	0.7464097766648966	26	2330.0	2330.00116108171	0.835207380342645	0.8371806235204124	1.0	0.9883279939653743	True
27	2052-04-01	GARW	north	0.0018021922631411926	3.683415203226535e-06	0.07388079640086934	0.024393243588803366	0.999731174171486	0.9840696971774241	5	69.0	68.62672009087251	0.08780983984182908	0.07110090816531649	0.10679611650485436	0.09124763955354773	True
25	2052-10-01	GARW	north	0.14292990797479005	0.024532036671791952	2.898630607663124	0.049309459300169375	0.15283126838076713	-25.113468333305068	28	2440.0	2440.0840477672136	0.9229798583511865	0.9128247299472597	1.0	0.9905684070477665	False
27	2052-10-01	GARW	north	0.13241537133073392	0.022273432105511956	2.419767239997566	0.05472235888724037	-0.8716690509463176	-31.18583187807308	6	84.0	83.54882442122359	0.11105365441364544	0.11370298218209986	0.22727272727272727	0.18637498463800822	False
28	2054-04-01	GARW	north	0.00870253695157547	0.0002449268674837595	0.08215338785400729	0.1059303478395867	0.9430782525939149	0.8795180201315567	24	3268.0	3268.0142305754503	0.6729004738423651	0.6602620288272015	1.0	1.0	True
29	2054-04-01	GARW	north	0.012040744702282852	0.00015939915961571977	0.1644077183104169	0.0732371011897922	0.9995625825918188	0.9104568225428858	16	3557.0	3557.2357134742797	0.5795408574265692	0.5563985634932309	0.9108910891089109	0.9937609297263488	True
28	2054-10-01	GARW	north	0.11097949688878805	0.014794376864506962	1.4731078381095533	0.07533698078153504	0.902558568457367	-7.39459651256715	22	3243.0	3243.060030548997	0.6499074100258366	0.6487793049124431	1.0	0.9912615874441344	False
29	2054-10-01	GARW	north	0.11227585648888345	0.01651863129290952	1.240373620740257	0.09051777191285078	0.46135282935444927	-5.281182640055232	19	3669.0	3668.9726629419292	0.6348011326577763	0.6243942260625963	0.9629629629629629	0.9300987363040554	False
1	2025-10-01	GARW	south	0.016838627056323344	0.0003803563418854098	0.4869590170529591	0.034579146225137185	0.6207920643254441	-0.005087075785147777	17	834.0	833.9281263122278	0.5879621514179957	0.5689784952443288	1.0	0.8851896691058881	True
2	2025-10-01	GARW	south	0.015173751239338458	0.0003382112315070559	0.27002686415706934	0.05619348758763566	0.5771321251902111	-0.03312876743857962	13	1054.0	1053.922565619734	0.5233444557483516	0.4886468441452481	0.7461928934010152	0.7789431220972065	True
1	2026-04-01	GARW	south	0.053303616326247784	0.0035945697194455107	0.8354164721579198	0.06380484237827158	-0.056300394015872515	-2.983731789919296	22	937.0	936.8741500559928	0.49080072477348724	0.49567241942602785	1.0	0.8735309687451128	False
2	2026-04-01	GARW	south	0.0817268235113447	0.010517382250437699	1.468681333336291	0.055646396298707046	-0.6143593837306145	-7.876846361905169	24	1796.0	1795.7995643716165	0.6879540489345791	0.6729159425348049	1.0	1.0	False
1	2026-10-01	GARW	south	0.3292402074851511	0.11288047712953014	6.418217757617956	0.05129776207645292	-0.9875147745308401	-7380.3524611409875	3	52.0	51.66469602476196	0.15607934769380552	0.13696758957359265	0.18072289156626506	0.15406270406628358	False
2	2026-10-01	GARW	south	0.3703211299553234	0.14797665473140767	8.42500869301884	0.043954984908464265	-0.9465050430208175	-2250.657968029915	9	488.0	487.8440606724474	0.893493397503412	0.9011018559284911	1.0	0.9560604723407269	False
3	2026-10-01	GARW	south	0.16521425641384851	0.03556874904743808	5.467320616660607	0.03021850518705449	1.0	-836.6312760367489	2	22.0	21.999271572083877	1.0	0.9967374328486054	1.0	1.0	False
3	2027-10-01	GARW	south	0.018513804882938058	0.0005339697520276285	0.7264004249635683	0.02548705128286041	0.29514439639868767	-2.4708838062995593	14	303.0	302.8586024153985	0.32805908985236726	0.3166774220664891	1.0	0.9797694737441316	True
4	2027-10-01	GARW	south	0.0038551323022022904	2.7136291189999375e-05	0.05972119297125695	0.06455216499204422	0.9949008654487226	0.9886199992162492	21	4356.0	4355.972129469561	0.7397409840516153	0.735962394729526	0.8056537102473498	0.7923365786043867	True
5	2027-10-01	GARW	south	0.00329058160078643	1.831094938751346e-05	0.04843697564381078	0.06793532331548237	0.9967087192980717	0.9917851813815276	17	971.0	971.012930156148	0.18714270159114577	0.18229883058160917	0.2857142857142857	0.2162914442493059	True
3	2028-04-01	GARW	south	0.15283740321187955	0.023858254531724042	1.8473298668601397	0.08273422411106982	0.9746198126781123	-15.85990178910183	8	204.0	203.87700930251958	0.07764160961675035	0.06751416527545973	0.14035087719298245	0.14036838686601577	False
4	2028-04-01	GARW	south	0.05403266269159856	0.005332468273599495	0.7582998071859788	0.07125501309582509	0.9861828143925344	-0.9593585183429252	23	4385.0	4384.51756093319	0.7354196157748468	0.7391006176425676	0.8056537102473498	0.794457847076466	False
5	2028-04-01	GARW	south	0.084709980608397	0.009339860577888695	1.2897121079619291	0.06568130987175128	0.9697385786128253	-3.455411592924789	17	971.0	970.9949173913246	0.18714270159114577	0.17994390816762998	0.2857142857142857	0.25255447245670226	False
8	2029-04-01	GARW	south	0.01165454854459892	0.00023913168175282608	0.14432045082464254	0.08075465727833578	0.7542038414701023	0.5172845673708895	31	952.0	951.9353785454322	0.9857092306807678	0.9768468296954566	1.0	0.9930749680587817	True
8	2029-10-01	GARW	south	0.009275544958786516	0.00018321055646731385	0.11994178673536247	0.07733372339409884	0.8999603306086746	0.6847428748193415	50	3505.0	3504.980306255855	0.8547659528075852	0.8521556167918152	1.0	0.9948025679419495	True
9	2029-10-01	GARW	south	0.01201717522151422	0.00020654293400965465	0.1970753276115079	0.06097757323130537	0.996230213081584	0.7424022323054322	16	1696.0	1695.9749551163645	0.41187488714950354	0.41173479065358104	0.7700534759358288	0.8000723952884089	True
8	2030-04-01	GARW	south	0.08445906765096274	0.010433880049206826	1.3767803668182266	0.06134534576938349	0.41972671387263666	-10.116668078562688	27	2804.0	2803.967208586824	0.6889807802662921	0.6894978012186664	1.0	0.9900219386616909	False
9	2030-04-01	GARW	south	0.08475551167008022	0.010651834199414966	1.2721881862454438	0.06662183518636157	0.15808432385223933	-6.048950740206339	22	1916.0	1915.9813379650602	0.5194461476985978	0.5164211637749815	0.9285714285714286	0.8839809342058293	False
9	2030-10-01	GARW	south	0.011039108000884824	0.00014418754545644717	0.2179700344006298	0.05064507160922359	0.4815233544394945	-4.951342609571527	4	98.0	97.93845093727538	0.8368054817522903	0.8503634787793818	0.9285714285714286	0.864100412821439	True
10	2030-10-01	GARW	south	0.0029277201409767663	1.3039441671022941e-05	0.044910514859554315	0.06519008188021072	0.9838632695345528	0.943602551826142	11	404.0	404.0316672697103	1.0	0.9787860634760054	1.0	1.0	True
10	2031-04-01	GARW	south	0.001955172731315227	5.51686852691695e-06	0.03029630874178022	0.06453501474319674	0.9972826747197957	0.9938431708279465	26	1143.0	1143.2608169660632	0.9992877492877492	0.9892742464850592	1.0	0.999895003879378	True
10	2031-10-01	GARW	south	0.00223402927699314	7.138267578547183e-06	0.07829539072687637	0.028533343486160895	0.9936728641631927	0.9831375101784945	27	1058.0	1057.9159588427635	0.8427695876159441	0.8444149135198219	1.0	1.0	True
11	2031-10-01	GARW	south	0.0012134154270094244	2.2838042066470644e-06	0.03177011893554022	0.038193606686565316	0.9985625529201847	0.9785461991552142	9	229.0	228.73932482995775	0.33395220684218785	0.3314466269181044	0.41975308641975306	0.4183135544541665	True
10	2032-04-01	GARW	south	0.0025579672410848634	7.2656810308564915e-06	0.06303500361319507	0.040580107788704974	0.9983067244956557	0.9850674825129963	22	753.0	753.0025216415872	0.6334924382051023	0.6535757478869398	0.8888888888888888	0.8290793995385436	True
11	2032-04-01	GARW	south	0.0010809776170632693	1.6811139677769582e-06	0.029006141718757712	0.037267197669527415	0.9995814173493456	0.9958702364869395	17	456.0	455.8197794664085	0.44168825128724226	0.40933326729950736	0.6666666666666666	0.5935497041266378	True
10	2032-10-01	GARW	south	0.0031048904320045267	1.53251245165542e-05	0.07447818789860804	0.04168858721739329	0.9972492452590322	0.532053523402942	4	73.0	73.20861437325038	0.39942596679277004	0.4388638653139676	0.4791666666666667	0.48884989341875595	True
11	2032-10-01	GARW	south	0.005510201175074916	5.555924602363308e-05	0.21638615406962727	0.025464666160210418	0.9706235243693285	0.7068233501823127	8	158.0	157.73762275717243	0.7586203499369484	0.7065116586904335	1.0	0.9756450827720341	True
12	2033-10-01	GARW	south	0.08154277914776398	0.008923168345375161	1.1064722389221646	0.07369618168386793	0.993904157099684	-18.601498755610688	12	1979.0	1978.9355787844418	0.958321959347611	0.9519660944206888	0.9859154929577465	0.9987061929886448	False
12	2034-04-01	GARW	south	0.12459732310216412	0.02517965038300507	1.7080368019826926	0.0729476806105883	-0.9428565698181698	-10.714765421267343	22	3482.0	3481.9215591939915	0.9745141018065211	0.9750102281803557	1.0	0.9993429513098095	False
12	2034-10-01	GARW	south	0.001512364015978552	3.5634149234114053e-06	0.02829860583855769	0.05344305739323423	0.9906895264753915	0.9464245140790923	7	648.0	647.898108432683	0.9936871948479664	0.992602487876412	1.0	0.9947267243475649	True
13	2038-04-01	GARW	south	0.2631694419304302	0.09303600797932576	6.326249601398935	0.04159959826312181	-0.9101749544357769	-138.7943430006428	24	880.0	880.0260542807926	0.9989316239316239	0.9990469710634722	1.0	0.9999513635787571	False
13	2038-10-01	GARW	south	0.12188949023681897	0.02214051464426365	2.274620741311957	0.05358673119568737	0.014698484297512249	-31.453068736973734	21	577.0	577.0004041260205	0.6092912685289831	0.626123165455046	1.0	0.9999037985447152	False
14	2038-10-01	GARW	south	0.0761905553296983	0.007573869749255817	1.5008105409390569	0.05076627145890506	0.9878402722524391	-47.93049548402905	12	792.0	792.0472427951798	0.6427217038409996	0.6213990658797143	0.7924528301886793	0.8877571251414679	False
13	2039-04-01	GARW	south	0.1085870493682789	0.019288173266203294	2.278426874595567	0.04765878184594082	-0.8456607108003449	-30.869169788187286	17	434.0	434.15048728470714	0.31725836813983926	0.3389999737261617	0.5454545454545454	0.586591441717865	False
14	2039-04-01	GARW	south	0.17741276939703599	0.044911031767911315	3.64461769279053	0.048678019027339606	-0.8612454727867185	-38.62089246819898	24	1590.0	1589.6049720691453	0.7679550001560801	0.7615954864544513	0.9642857142857143	0.9882427300784407	False
13	2039-10-01	GARW	south	0.0027992193991482305	9.88829645569493e-06	0.06859755175856828	0.040806403834938464	1.0	-0.1090183933922102	2	23.0	22.801609844842403	0.11827122153209109	0.11083544598551348	0.14130434782608695	0.1170894594070929	True
14	2039-10-01	GARW	south	0.0017240829183864047	7.196627425963098e-06	0.03869178737971986	0.04455940226969395	0.9877168335515647	0.9613397021573707	10	450.0	449.57740488703206	0.914958980345544	0.8980338094479994	1.0	0.9493362285835137	True
15	2040-10-01	GARW	south	0.007964261904853557	0.00010094657793209807	0.11509581789724067	0.06919679663742581	0.8543543649642164	0.7070106330828274	10	336.0	335.89683167191436	0.37772942581566993	0.37715185902059883	0.4742268041237113	0.418795985462351	True
16	2040-10-01	GARW	south	0.012623158230026986	0.00027812170783807113	0.1094717322203031	0.11530975142170849	0.8642585423442628	0.6761284747945868	13	591.0	591.0235792502854	0.6440004018263933	0.6437888435907771	0.7647058823529411	0.7745152305080666	True
15	2041-04-01	GARW	south	0.006093322710833543	5.533860488098587e-05	0.14773928781116968	0.04124375310798583	0.996020521002378	0.9276608375806931	17	530.0	529.9413472066094	0.37976772128193576	0.3675005129133137	0.4742268041237113	0.4147858284524334	True
16	2041-04-01	GARW	south	0.005553687670657861	5.41555585970086e-05	0.09702876630142007	0.05723753771541646	0.9813739543337284	0.939200542809293	23	947.0	947.0936522928818	0.647693561904809	0.639126567569413	0.7857142857142857	0.7012747716327824	True
15	2041-10-01	GARW	south	0.16003291154917595	0.02637492107701151	4.103566965048947	0.03899848909795166	-0.9479837847805672	-304.19624083162347	5	110.0	109.89927792389388	0.3809433816990392	0.3697376427276777	0.46296296296296297	0.3800296600262497	False
16	2041-10-01	GARW	south	0.17645460449132133	0.03176418346309602	4.5761325254301335	0.038559767120104435	-0.8821059845435749	-442.51829787774614	8	225.0	224.91067711086833	0.6646881642158783	0.652156698605835	0.7857142857142857	0.7382830371301597	False
17	2041-10-01	GARW	south	0.13633070649160695	0.030336694429554993	2.6103425511076086	0.05222713257835058	0.8970330703499423	-89.57074394687713	16	1510.0	1509.999914695889	0.9359944263981024	0.9244086454289142	1.0	0.9769228134024139	False
17	2042-04-01	GARW	south	0.0669937054506969	0.006660124185430887	1.3760007720558265	0.04868725862021454	-0.0363832295648089	-4.548141086560335	26	2122.0	2121.9697838366164	0.945637750042909	0.9363700337682861	1.0	0.9732918206887664	False
17	2042-10-01	GARW	south	0.4008897359884851	0.1666055741228612	8.587865561567959	0.04668095152566539	-0.9444108365275596	-4077.4996150707625	8	358.0	357.87829593466176	0.956299526428659	0.935946154390229	1.0	0.9634617339077345	False
18	2043-10-01	GARW	south	0.009627362289699648	0.00012271659451950948	0.3630091822739587	0.02652098833806907	0.6082882148805165	-0.23937757262029757	10	202.0	201.9850036701216	0.20418759531471692	0.20114215995022003	0.30158730158730157	0.28226490844368257	True
19	2043-10-01	GARW	south	0.007232598849823452	0.00010680280662433602	0.11099915486830324	0.0651590443044786	0.8440947796233423	0.7054358661637536	14	881.0	880.9732175884865	0.7799468748560736	0.7792939432246965	0.8461538461538461	0.8985939376626688	True
18	2044-04-01	GARW	south	0.00973081931406302	0.00011896886378340273	0.18777753820662663	0.05182099737272848	0.8954833730726741	0.7282424383718713	16	323.0	322.93296085886925	0.20138822078976548	0.19818741379859814	0.30158730158730157	0.25933501358042116	True
19	2044-04-01	GARW	south	0.0033412300542386836	2.0269191194845992e-05	0.053308191247769046	0.06267761062665045	0.9937888097636954	0.9828580317801487	24	1467.0	1466.9810418887432	0.789856632427179	0.7766230885073936	0.9375	0.8452835052804095	True
18	2044-10-01	GARW	south	0.0014912399049342602	2.3885436986949922e-06	0.04640393551245526	0.03213606536742982	0.9614996791633776	0.4668043973420921	3	38.0	38.249958222219455	0.19686274509803922	0.18488137140758623	0.22058823529411764	0.1874934366328699	True
19	2044-10-01	GARW	south	0.007288148959380058	7.008994054486005e-05	0.15454131525076306	0.04715987402821119	0.9945816260060785	-0.051389426047087294	7	251.0	251.09660245472665	0.8047742430305455	0.7823351352495242	0.9375	0.8100137628070178	True
19	2045-10-01	GARW	south	0.12619433815054312	0.01810531666417994	2.452381414432838	0.051457875764291776	0.9694418416520532	-17.22433116305763	20	2287.0	2287.151307100055	0.6787758581113913	0.6781873253828884	0.8181818181818182	0.7505539627245571	False
20	2045-10-01	GARW	south	0.20907851655417742	0.049617082040370755	4.327592317658747	0.048312895764472126	0.9047141063676243	-55.02557465753357	17	1134.0	1133.9965662078735	0.3287879004108778	0.32462628756803635	0.4825174825174825	0.42335994773714014	False
19	2046-04-01	GARW	south	0.05270182388950595	0.004381611465037282	0.7636901509411639	0.06900943245707276	-0.25567824264981076	-1.8468936211735265	24	2405.0	2404.9739586647474	0.6535292660374955	0.6453021717129442	0.8181818181818182	0.7268051157883682	True
20	2046-04-01	GARW	south	0.04686208614459561	0.003988123420206687	0.9819372600121311	0.04772411441441449	-0.716620171692684	-2.2679568004778603	22	1247.0	1246.797276140386	0.3680256214866782	0.37328923623318383	0.6875	0.6661112570528914	True
19	2046-10-01	GARW	south	0.0035964872644803567	1.4746065135071352e-05	0.051144872761361766	0.07031960527619852	1.0	0.10529191575726327	2	39.0	38.931550592980386	0.5504807692307692	0.4609244848578013	0.5625	0.4893204035067271	True
20	2046-10-01	GARW	south	0.01429307653488895	0.00020541154010593032	0.359777219205898	0.03972757521011668	0.9931514823095472	-69.5886289431494	3	42.0	41.56718541260258	0.5202991452991453	0.5971777161121493	0.6875	0.7151617805619885	True
21	2046-10-01	GARW	south	0.0014714943973741922	4.317738594176183e-06	0.05574711914303332	0.026395882334272765	0.9950878144130021	0.9669270598748001	15	380.0	379.99740464406983	0.9790151409270906	0.9789342870365535	1.0	0.9860334786566263	True
21	2047-04-01	GARW	south	0.001815716046923699	5.047346040426306e-06	0.05873820248640958	0.030912012456353364	0.9959026416279424	0.9866668840092142	21	486.0	486.11171507655575	0.9691601736161204	0.9679312203902759	1.0	1.0	True
22	2048-10-01	GARW	south	0.06980681549267746	0.006305420740520106	1.6643607239013192	0.041942118971089314	0.9919210302453201	-40.06058216769665	12	571.0	571.0131049299646	0.9982817869415808	0.9935753771655015	1.0	1.0	False
22	2049-04-01	GARW	south	0.006183872661213162	4.491582801046114e-05	0.1469625761036635	0.04207787332777307	0.9951476392192246	0.936019307869002	23	1123.0	1122.975542921949	0.9991035410129987	0.9991872456356233	1.0	0.9995018696983307	True
22	2049-10-01	GARW	south	0.004753743824346599	3.314356185468438e-05	0.135983990704197	0.03495811381714274	0.9441262603838079	0.881693465213359	11	412.0	412.0089525222392	0.9783549783549784	0.9873091500468192	1.0	1.0	True
22	2050-10-01	GARW	south	0.004168439059606229	1.883513977358138e-05	0.14919331447093737	0.027939851556942483	0.9703346925211904	0.8392340266893721	5	76.0	75.92528841408986	0.19381169926250347	0.17983590372574124	0.2804878048780488	0.19412852195092856	True
23	2050-10-01	GARW	south	0.004144252528403771	2.5263875828918936e-05	0.07628041603357036	0.05432918098637428	0.9987410375744257	0.8802575696943287	8	395.0	394.29832903587885	0.7246320801732151	0.7013164245124511	0.8378378378378378	0.7396302201310233	True
24	2050-10-01	GARW	south	0.030755244991363857	0.0012087989509633086	0.5567458974318249	0.05524108059571274	-1.0	-1.0721948711578233	2	26.0	22.443379746665833	0.1461309523809524	0.09474051884201856	0.1875	0.11855206577625745	True
22	2051-04-01	GARW	south	0.010310630746420022	0.00012831117752799777	0.5091861932315209	0.020249234726857374	0.7933381792050004	-0.3752825105984454	7	106.0	105.51987543112321	0.17645608307507857	0.14087223996547202	0.2804878048780488	0.15303095852528245	True
23	2051-04-01	GARW	south	0.0029207479581024294	1.5930258883982887e-05	0.04926702025700369	0.05928403915776137	0.9915976804115475	0.9807708081690371	22	1101.0	1100.8300600609239	0.7975235729023905	0.7922063268656264	0.9473684210526315	0.9037812592952865	True
24	2051-04-01	GARW	south	0.009130686957588336	8.389751779240349e-05	0.6202288357803577	0.014721480896805314	0.9973206300128865	0.02534756630928392	3	38.0	37.89518563069949	0.13313492063492063	0.09379650749196577	0.1875	0.11419016314258443	True
22	2051-10-01	GARW	south	0.006293746461390106	3.961124452026048e-05	0.4092053885555342	0.015380409538609894			1	11.0	11.218464439839043	0.09649122807017543	0.0974330530349113	0.09649122807017543	0.0974330530349113	True
23	2051-10-01	GARW	south	0.004011791234074602	3.077259365742464e-05	0.1148484175683335	0.03493118424280972	0.9732802726502713	0.9209594152021343	20	658.0	658.0061163466837	0.5423799063259428	0.540115607205	0.9473684210526315	0.8841468802510783	True
24	2051-10-01	GARW	south	0.005942252049714495	4.8337067959769493e-05	0.17829506786382224	0.03332819085188073	0.9992678673724862	0.8608094144704912	4	45.0	44.83244615124251	0.034645013270002335	0.03096660100472761	0.047619047619047616	0.03695878410368852	True
25	2051-10-01	GARW	south	0.0017669926586204475	4.64494883776854e-06	0.029722943150768906	0.059448778327819696	0.9993385157141872	0.9960256189628026	16	3384.0	3383.991551283839	0.8978917719324688	0.8883701706625157	0.9844961240310077	0.980147466210333	True
23	2052-04-01	GARW	south	0.03241386958473498	0.0015209583751911507	0.9287934480352773	0.034898899915047465	0.7803390959161185	-3.179908138921128	8	119.0	118.68888043283414	0.08318596308352916	0.09817617321440279	0.22641509433962265	0.1761611681967904	False
24	2052-04-01	GARW	south	0.0094722742044349	0.00016958938041954246	0.28816944903753205	0.03287050114462759	0.7780517429523028	0.3720242541840346	4	45.0	44.827353070140234	0.034645013270002335	0.03258200338737607	0.047619047619047616	0.03807376122196806	False
25	2052-04-01	GARW	south	0.0775063104458131	0.009138861748980319	1.2821091120174475	0.06045219530797498	-0.2291147892166783	-3.5159633766874343	24	3781.0	3781.095309332184	0.9087224333388266	0.897675375361581	1.0	0.9961862755846893	False
25	2052-10-01	GARW	south	0.4200646969035252	0.18395281930574187	6.906136299121691	0.0608248489038579	-0.9287848946690611	-19818.38131010763	5	180.0	179.94078935589556	0.9608500175623462	0.956875967426984	1.0	0.9619726500212155	False
28	2053-10-01	GARW	south	0.008250025199225746	0.00012249068913970033	0.12519200300415964	0.06589897917802011	0.9707959316991112	0.774814851150608	14	1777.0	1776.8418708896652	0.9797072416819628	0.9747549612817251	1.0	0.9879752056044908	True
28	2054-04-01	GARW	south	0.12204792736252086	0.024527627978858466	1.936913802421181	0.06301154300720999	-0.7672748872715119	-13.02524379502435	25	2816.0	2815.957328260798	0.9722635614478172	0.965253764082236	1.0	0.9999779149736222	False
29	2054-04-01	GARW	south	0.25717226066015003	0.06613757165305215	11.150041613368737	0.023064690660150027			1	11.0	11.00416198839052	1.0	0.9997734529596628	1.0	0.9997734529596628	False
28	2054-10-01	GARW	south	0.0022480483622118706	8.196733887718475e-06	0.03941079757914598	0.05704143281285466	0.9866071705929302	0.9249520658777717	9	637.0	637.0993768215658	0.9550965555331342	0.9730242799099101	0.9939024390243902	0.998561160306546	True
29	2054-10-01	GARW	south	0.0027572116551259347	1.1950805475484755e-05	0.048576493877031744	0.056760203033706755	0.9958009818853861	0.9906865416478667	27	4630.0	4630.014548057174	0.9968972499836697	0.991198465238826	1.0	1.0	True
1	2025-04-01	GARW	tropics	0.04283401102494451	0.0031177478536273586	1.7461693554851592	0.02453027301755815	0.4247575459767994	-57.45517777051683	11	1553.0	1553.0266775019088	0.9963607655678245	0.9963290878953266	1.0	0.9986246880290746	True
1	2025-10-01	GARW	tropics	0.3557679921079965	0.1518867758540076	12.617311444935194	0.028196814643170903	0.11375209388321704	-2645.4850973774405	21	1823.0	1822.9328432889781	0.9948057524856405	0.9775202811321841	1.0	1.0	False
1	2026-04-01	GARW	tropics	0.007166546095629077	9.588913028898787e-05	0.2543341620720075	0.028177677891340736	0.4971066899782776	-177.9260043809999	8	176.0	176.02015240943422	0.9913690476190476	0.988659664557944	1.0	0.9964351812043722	True
3	2026-10-01	GARW	tropics	0.002124222199972259	6.930177738561715e-06	0.07351424622631937	0.028895381630285297	0.8818090010282315	0.6668942494341844	15	766.0	765.9911193526686	0.9619720434174986	0.9591925037694614	1.0	0.991530300811081	True
3	2027-04-01	GARW	tropics	0.0012726892219686403	2.1029086350420674e-06	0.04192613847923332	0.030355507760368234	0.9979420692358985	0.995024392891732	41	2975.0	2974.977514460403	0.855804572065729	0.8564828212885587	1.0	1.0	True
4	2027-04-01	GARW	tropics	0.001911234827260593	5.2172319487939215e-06	0.1031303106114347	0.018532231852394738	0.957012149460276	0.8616042453324047	16	255.0	254.74640364248773	0.30396115966327597	0.2992132639073953	0.6388888888888888	0.5847690632989602	True
3	2027-10-01	GARW	tropics	0.0021739625088033256	6.10667317637559e-06	0.08273442243980501	0.02627639674870557	0.9727848631467251	0.9421202529191622	24	1926.0	1926.0065054119152	0.7785238063640295	0.7685794089470187	0.9931972789115646	0.9901841030610846	True
4	2027-10-01	GARW	tropics	0.0028389261058265293	1.4311420977284554e-05	0.09190611838085255	0.030889413630355023	0.9178157377952836	0.7592507650468848	40	628.0	627.8669409522147	0.607255978674554	0.602818505421455	1.0	0.8878341072082665	True
4	2028-04-01	GARW	tropics	0.0021213766478501424	6.367181973633281e-06	0.32176591183834796	0.006592919168255155	0.5082791342323083	0.058261307211691093	29	427.0	426.9469955655978	0.7517409977707906	0.7435143382685903	1.0	0.8637855977101152	True
7	2028-04-01	GARW	tropics	0.0020120087155721706	5.992540858214973e-06	0.10051438206806233	0.02001712266618481	0.5667234878021219	0.31827241150703545	19	654.0	653.9998618335138	0.7355568771472588	0.715479204135239	0.9322033898305084	0.9488470802341749	True
4	2028-10-01	GARW	tropics	0.0066854501905925885	4.6137957547384885e-05	0.7378035632595122	0.009061287480175904	0.7722020437959782	-11.915560847224995	6	77.0	76.60051782914412	0.5374850657108722	0.4867948991363657	0.75	0.6322065681555504	True
7	2028-10-01	GARW	tropics	0.03958261367063538	0.002688172381302499	0.31183840770413174	0.126933093207014	-0.31112630420553106	-3.7701847816868472	44	2055.0	2055.108661406654	0.6764117927299359	0.674756389328715	0.9397590361445783	0.9087743148543169	True
8	2028-10-01	GARW	tropics	0.08071738815050708	0.0070479252716779545	1.6876072822093844	0.047829485568960904	-0.4263949150774266	-81.46694020000304	16	1432.0	1432.091990580935	0.5939817347925582	0.5706236449784934	0.9346938775510204	0.9808195416097882	True
7	2029-04-01	GARW	tropics	0.008583242244730394	0.0001238816072745244	0.3982338737905461	0.02155327009988309	0.08249992968679988	-1.1278612833159571	25	1287.0	1286.8935655800667	0.5666116529267474	0.5616719530937435	0.9397590361445783	0.9188528498669088	True
8	2029-04-01	GARW	tropics	0.01262662866048408	0.0002603025584756002	0.24035816175573785	0.052532556282885015	0.8359777524514653	0.5075250403953167	40	3772.0	3771.1869441448516	0.8242514660168878	0.803928774981625	1.0	0.992138791689853	True
7	2029-10-01	GARW	tropics	0.3297890148199992	0.10876079429594566	15.968568167519342	0.02065238481999922			1	10.0	10.0129600989801	0.03968253968253968	0.03271524523576828	0.03968253968253968	0.03271524523576828	False
8	2029-10-01	GARW	tropics	0.3152097649827423	0.13053365193362068	6.043007981462456	0.05216107043870873	0.3678891055082209	-604.4926786228078	22	1932.0	1931.953235949814	0.9798003717465584	0.974468177266343	1.0	0.9831625782507706	False
9	2030-04-01	GARW	tropics	0.001723527152924193	5.86873952949811e-06	0.1394260290459403	0.012361588182048118	0.21615711511260843	0.002463198030543068	11	148.0	147.63662270789874	0.9512957630604689	0.9368354948196426	1.0	0.9744030646070687	True
9	2030-10-01	GARW	tropics	0.18105740485640992	0.037858807362883544	5.919642171317503	0.030585869823971632	0.08750525154989337	-428.05189594405965	26	381.0	380.60252280144437	0.5646870583036478	0.5533328353785734	1.0	0.9886457960117778	False
10	2030-10-01	GARW	tropics	0.24065974252336728	0.06985357568991428	5.548525211888038	0.043373641343061715	0.9716738375433945	-120.89830046098257	22	4401.0	4400.877973837942	0.8644795483110186	0.8321904460454608	0.9921259842519685	0.9984734000262814	False
9	2031-04-01	GARW	tropics	0.12818499690077187	0.018044864414332656	7.100776681540546	0.01805225014807275	0.7276638340538638	-280.43463715822634	15	233.0	232.96736773959913	0.2811740081486456	0.2804681821133607	0.7272727272727273	0.6116337945671197	False
10	2031-04-01	GARW	tropics	0.06645232536054166	0.005898715175362396	1.5712270645788255	0.042293266745856685	0.01290378628208872	-4.540664135059156	33	4986.0	4985.955185980319	0.9039091251973885	0.8993653590677828	1.0	1.0	False
10	2031-10-01	GARW	tropics	0.0017601826812225106	4.951994000090127e-06	0.046060999751698306	0.038214165795600455	0.6856311424180976	-1.1584889647828827	8	249.0	248.9417322181568	0.9810997702368328	0.9799316977306012	1.0	0.9893725127208223	True
12	2034-04-01	GARW	tropics	0.23496234856568202	0.058970319085229955	6.023879834438724	0.03900515199894831	0.6597150813274383	-279.0078691795105	27	2487.0	2487.011375988816	0.997768038254695	0.9975445389294421	1.0	0.999847939894269	False
12	2034-10-01	GARW	tropics	0.0008993178655372305	1.5466716913115777e-06	0.0294209175997076	0.030567294935293532	0.9979317140831537	0.9954854533861128	39	3078.0	3078.194651804773	0.9879003259127463	0.9851187386851626	1.0	1.0	True
12	2035-04-01	GARW	tropics	0.0014887366288008365	3.272938157701685e-06	0.05625742510795359	0.026462935798146958	0.8188494736541688	0.5300724928103719	13	417.0	416.86141551206055	0.9700824175824176	0.9657118796616312	1.0	1.0	True
13	2038-04-01	GARW	tropics	0.009384038922982646	0.00013220825806118812	0.6422634568241624	0.014610887204114726	-0.5480916161037669	-7.3755024706069054	37	962.0	961.8886372874913	0.9926832362580935	0.9928809896137154	1.0	0.9972970691168755	True
13	2038-10-01	GARW	tropics	0.0011877683282425396	2.309117519933095e-06	0.10447507545332327	0.011368915725485198	0.9668973719157414	0.9231536009366508	43	1214.0	188591.49899158403	0.9314625779875273	0.9271694822739365	1.0	1.0	True
13	2039-04-01	GARW	tropics	0.0017049788692710692	4.424491492079446e-06	0.13983888442167206	0.012192451880049708	0.6559800285295032	0.2480757122859646	24	504.0	503.86600967750144	0.8404940408975693	0.827009685104905	1.0	0.9820623294485499	True
14	2039-04-01	GARW	tropics	0.001134065964370047	2.0093530648912677e-06	0.08438842721439319	0.01343864320979574	0.8624966515548543	0.6848031276941988	22	628.0	627.9476498137839	0.8487415517774253	0.8387576325544327	1.0	0.9560736344455391	True
14	2039-10-01	GARW	tropics	0.0008373067256417744	1.0906526746850382e-06	0.06393156147703748	0.01309692280772014	0.9925052193109598	0.9834307293606522	48	1786.0	1785.9787941869847	0.9207477433450703	0.9172418766150862	1.0	0.9858377899457366	True
14	2040-04-01	GARW	tropics	0.0008169000371882605	9.67224405868583e-07	0.06068712057386624	0.013460846872673063	0.977060731493115	0.9473126935331458	31	1112.0	1112.1848790331103	0.9756349901669634	0.9702183044470979	1.0	0.9889489244599048	True
14	2040-10-01	GARW	tropics	0.0010753253795574374	1.5082253088634712e-06	0.0819123123654492	0.013127762463351138	0.4486492076380789	-0.617231683760666	5	71.0	71.00613965964396	0.9723809523809525	0.934535680043856	1.0	0.9520863761854925	True
16	2040-10-01	GARW	tropics	0.01064344753018584	0.00014587151119576673	0.8609734231112637	0.012362109264330203	-0.8688066919168939	-25.120961470762886	3	32.0	31.919527458746447	0.7291666666666666	0.6663246339983019	0.7857142857142857	0.6715168413236695	True
15	2041-04-01	GARW	tropics	0.007027334153681074	4.938342530749249e-05	0.5662044030662062	0.012411302553681074			1	13.0	12.764751912255702	0.24074074074074073	0.14919265879646185	0.24074074074074073	0.14919265879646185	True
16	2041-04-01	GARW	tropics	0.004973797562466649	4.030624264948335e-05	0.32036042933093944	0.015525630218607946	0.921383834077611	-0.1539830420481716	28	768.0	767.8242166592611	0.8247709295500758	0.8121196655160113	0.9545454545454546	0.868372819028086	True
15	2041-10-01	GARW	tropics	0.003650598032229264	1.3326865992916175e-05	1.8806495099249652	0.0019411368322292638			1	13.0	12.770405687427113	0.24074074074074073	0.1475875613067477	0.24074074074074073	0.1475875613067477	True
16	2041-10-01	GARW	tropics	0.0027538873437484564	1.3404558281789075e-05	0.11574055326997958	0.02379362518964864	0.9393496858772911	0.7960120204852976	46	1260.0	1259.8432379874787	0.7324414965315104	0.7227764290211937	0.9545454545454546	0.8512587112708481	True
17	2041-10-01	GARW	tropics	0.002082660180820598	6.991304021847115e-06	0.10079715074092195	0.020661895356284838	-0.7847247646417486	-0.7702776086669112	14	361.0	360.9935203088476	0.5874673074593862	0.5687506481209806	0.8983050847457628	0.9056259901331367	True
16	2042-04-01	GARW	tropics	0.007964230925609703	8.816647562484964e-05	0.8518253931345418	0.009349604965758271	-0.2932351695034199	-18.446839005455434	20	478.0	477.54831558448467	0.6012305014847723	0.5758673262404531	0.8275862068965517	0.8370882485915848	True
17	2042-04-01	GARW	tropics	0.007196819042340888	7.469544648805484e-05	0.44570118363049743	0.016147184047658518	0.7234896238083675	0.3496966764337631	40	1876.0	1875.9936185072565	0.8157402291533973	0.8050715712089419	1.0	0.9815740204217465	True
17	2042-10-01	GARW	tropics	0.0011837528124408133	2.3993367652084018e-06	0.07155731540764108	0.016542722511280923	0.9778669918367905	0.954679085904665	35	1606.0	1605.8970512213955	0.9310687114669903	0.9391443427496776	1.0	0.9834352360654706	True
17	2043-04-01	GARW	tropics	0.0017584565624486487	3.7054676430634355e-06	0.09663846119139569	0.018196239269228087	-0.0027487895038868504	-0.3463576924315519	9	152.0	151.70110066555227	0.8786219046022967	0.8833385354173472	0.95	0.9287135349654899	True
18	2043-10-01	GARW	tropics	0.001743138048377705	4.142448406590625e-06	0.1328113288798214	0.013124919862484319	0.7897395932681296	0.510325710893371	20	408.0	408.18165714361544	0.781743834188687	0.7650427729156118	1.0	0.8215935653168371	True
19	2043-10-01	GARW	tropics	0.0015595009586243324	2.5237990658017016e-06	0.09000322636636547	0.01732716727594027	0.8622832282920398	0.3017870792659426	4	60.0	59.78465601987098	0.3451923076923077	0.3015216251502205	0.4166666666666667	0.32350347225803167	True
18	2044-04-01	GARW	tropics	0.00160829942515593	4.063560985424315e-06	0.12023727484011697	0.013376046881422863	0.9737714194767808	0.923156292413339	46	1190.0	1190.2391214876986	0.6813619955756668	0.6749260406262296	1.0	0.8310856849123388	True
19	2044-04-01	GARW	tropics	0.001529555545659844	3.518707521209326e-06	0.09661479503020111	0.015831483627137186	0.9888909042696703	0.9406197432111406	29	524.0	523.6289418203384	0.3681967809583395	0.35585022232518976	0.5	0.39718694921802555	True
18	2044-10-01	GARW	tropics	0.007276812927259389	7.090327065961115e-05	0.48938371848043327	0.014869340054577915	0.8805577597657064	-1.853786782955026	26	709.0	708.8127876327536	0.5821636993290084	0.5765318097218066	0.7586206896551724	0.6578421806662222	True
19	2044-10-01	GARW	tropics	0.00751557916648613	8.082988135860942e-05	0.5527581417828451	0.013596505593288353	0.5556381715271593	-0.6134594438670511	33	556.0	555.0247540650759	0.446998849048604	0.4142755508094818	0.7222222222222222	0.6550895061381955	True
18	2045-04-01	GARW	tropics	0.008085054164588988	6.536810084433774e-05	0.6028956114786657	0.013410371564588987			1	18.0	17.973918987898493	0.5806451612903226	0.4379911826460079	0.5806451612903226	0.4379911826460079	True
19	2045-04-01	GARW	tropics	0.006002042271989981	5.925123410423863e-05	0.3834008235316613	0.01565474538291995	0.48048192270390705	-0.1274698255576907	35	1177.0	1176.4797135638214	0.6947514139070136	0.6750696352522674	0.9	0.789603807535845	True
20	2045-04-01	GARW	tropics	0.004150601294006896	2.2332035162733686e-05	0.5371000459316381	0.007727799179028898	-0.058316981018881026	-1.7750774628897608	15	221.0	220.65349467592344	0.24437353860014008	0.21670992916969264	0.42424242424242425	0.29237953223378305	True
19	2045-10-01	GARW	tropics	0.0014795939051241642	3.1464853338730164e-06	0.0929729691039134	0.015914237432499995	0.989911595487261	0.9692704056292816	47	1685.0	1684.776267085574	0.7522696028911455	0.7506463059162715	0.967741935483871	0.7967826658125263	True
20	2045-10-01	GARW	tropics	0.002385196811285211	7.095860790434143e-06	0.22183485703493688	0.010752128151391307	0.961680183057745	0.6353564157337743	18	271.0	270.8619646979357	0.2349254797739886	0.20389260443009788	0.35135135135135137	0.25895394760026874	True
19	2046-04-01	GARW	tropics	0.022949716751574683	0.0007419244154003948	1.2448527150567457	0.018435688394292122	0.7127371501452443	-54.91736934189597	21	498.0	497.93036544535084	0.7492157981692611	0.7481016615822649	0.967741935483871	0.8035583041508213	True
20	2046-04-01	GARW	tropics	0.04330401182817404	0.0030342535727616565	4.810384330736674	0.009002193764742776	1.0	-138527.8872856079	2	26.0	26.10987716138267	0.2647058823529412	0.20668643809794807	0.29411764705882354	0.21647394100657857	True
21	2046-04-01	GARW	tropics	0.005530180775442486	3.8284636535218315e-05	0.1995558823978592	0.027712441793205755	-0.8129076859995015	-3.7426185068177915	10	238.0	237.94810511634068	0.8724246668364316	0.8576962716528026	0.9714285714285714	0.9986349516217343	True
21	2046-10-01	GARW	tropics	0.0012346713709140962	2.2942413681289495e-06	0.048381091890197486	0.025519708685290205	0.9944120835708757	0.9866591521553286	36	2125.0	2124.977881526275	0.9525674591963571	0.9404693704983659	1.0	0.9988057500401709	True
21	2047-04-01	GARW	tropics	0.0008614543498856016	1.2413853680938294e-06	0.04269833394045577	0.020175362136773956	0.9943491723032979	0.9883839140218812	38	2073.0	2072.9226457411273	0.985383440831406	0.9838773678011036	1.0	0.9974965946853226	True
21	2047-10-01	GARW	tropics	0.3338326315480194	0.11754924623406092	16.22910348326581	0.02056999832999042	-0.40510945018278965	-32797.45419778171	12	222.0	221.8969530460004	0.9795138888888889	0.9805517017358943	1.0	1.0	False
22	2049-10-01	GARW	tropics	0.001724130538077212	4.44082213424194e-06	0.1646737527438052	0.010469977815830589	0.4878853272135305	0.02133889925678234	22	409.0	409.07759962273195	0.9265811003581902	0.9241093788227157	1.0	0.937978915871819	True
22	2050-04-01	GARW	tropics	0.010431356268285029	0.0001695169640795788	1.076860786598127	0.009686819687471728	-0.3117509479021492	-9.537926279754313	46	1124.0	1124.0023509830914	0.9519444155130631	0.9489293321268681	1.0	0.9802754606656902	True
22	2050-10-01	GARW	tropics	0.0010339015903384036	1.6882265284770274e-06	0.10135667795879642	0.010200626255318923	0.9499713568975814	0.8991215329042536	41	945.0	944.8540520034745	0.9397991412517362	0.9338201913678942	1.0	0.973510179368195	True
22	2051-04-01	GARW	tropics	0.001386488106375981	3.3948412638351507e-06	0.13543761071013558	0.010237098093404435	0.2549360405152461	-0.0549572448176352	14	225.0	225.0029120829635	0.9036261113757246	0.890216585880239	1.0	0.9324397183955245	True
23	2051-04-01	GARW	tropics	0.0014535949367938852	3.711318989260961e-06	0.1368597074385966	0.010621058337758425	0.33479072845830143	-0.3402016578098259	10	122.0	121.8480618524222	0.5504326103351039	0.5142895603628606	0.7083333333333334	0.5291363583694921	True
24	2051-04-01	GARW	tropics	0.001765261609283696	3.459267390851045e-06	0.10347927597551124	0.017059083499013385	0.8585258487762132	-9.052938162889022	3	40.0	39.910520589058635	0.4953442028985507	0.4145417557801288	0.53125	0.4735353502230467	True
23	2051-10-01	GARW	tropics	0.001736767465521254	5.0488822280756785e-06	0.06383992993649572	0.027205034016310643	0.9629667012370936	0.9181412020675843	34	574.0	572.4697742325299	0.3743589422733827	0.3631315753586119	0.7083333333333334	0.5348993076195793	True
24	2051-10-01	GARW	tropics	0.004480108573982489	0.0001879693136146641	0.05217311076595038	0.08587006809082835	0.8243608480109275	0.5113181808161955	27	621.0	620.9304731628891	0.3653158880343116	0.35894246381136613	0.53125	0.451575948706662	True
25	2051-10-01	GARW	tropics	0.003568046776894441	1.7011904858558345e-05	0.12308812476672278	0.02898774177977462	0.9629069983913108	0.4320517401786873	18	1149.0	1148.9802500243622	0.546610220277402	0.5310645712553353	0.8652482269503546	0.9558795010635486	True
23	2052-04-01	GARW	tropics	0.00371124747562695	1.8815922839695928e-05	0.24970502950156967	0.01486252592923292	0.8936252357567067	0.05088700094805154	21	407.0	406.698838124802	0.27638835711979304	0.26598278239865136	0.48484848484848486	0.4675890754164928	True
24	2052-04-01	GARW	tropics	0.003711901641180651	1.7275380809506944e-05	0.22991780043545892	0.0161444726513145	0.9337850677249058	0.5318912318974393	23	567.0	566.8860211801646	0.3288139005504899	0.31993859665260943	0.5230769230769231	0.4876425800917447	True
25	2052-04-01	GARW	tropics	0.002042745847271561	7.406559709103039e-06	0.061182781987875155	0.033387593386590045	0.995226985484857	0.9772554525560267	42	2632.0	2631.9781333156084	0.767107755758185	0.7652859867968479	1.0	0.9665959328373253	True
25	2052-10-01	GARW	tropics	0.004088233836289462	2.0904987792319337e-05	0.1872688249494381	0.02183082975713267	0.9295091568802314	-0.09900165150565599	22	1241.0	1240.891441006304	0.9348553162139386	0.9343727628318059	1.0	0.946299557676666	True
26	2053-10-01	GARW	tropics	0.010250500719945725	0.00013555740597752828	0.5196782348834355	0.019724706620135684	0.9978158790052	0.4107045821185361	3	36.0	35.784839642339136	0.21436888393410128	0.11945503487501603	0.4444444444444444	0.23847371607170725	True
28	2053-10-01	GARW	tropics	0.00913605392958697	0.00011475902665423705	0.25431637595124984	0.03592397027291026	0.9670771122662621	0.6220886843476132	24	2957.0	2957.0059658075957	0.9079078533435992	0.9059642578818954	0.9883720930232558	0.9907388154632017	True
26	2054-04-01	GARW	tropics	0.01397739951627227	0.00021654606257337522	0.9248430816978661	0.015113266015475801	1.0	-5.393350507188618	2	26.0	25.874040751746072	0.2830917874396135	0.13759464038924712	0.4444444444444444	0.20717697846130884	True
28	2054-04-01	GARW	tropics	0.009684565282929969	0.000122697951174447	0.2776660355261894	0.034878465652370086	0.9730094110069835	0.7785988295471294	38	3763.0	3762.8280053753065	0.9002048596763293	0.8811929309695838	0.9883720930232558	0.9912022778252412	True
29	2054-04-01	GARW	tropics	0.004055503498407415	2.5654232593553106e-05	0.13390401876114677	0.030286645135285135	0.8839670401610839	0.10588780379728169	10	294.0	293.93024078976106	0.836077534783977	0.7716327894332838	0.9787234042553191	1.0	True
28	2054-10-01	GARW	tropics	0.1861328642077523	0.03544720537584695	5.621301325134364	0.033112059546692815	-0.9657463108583817	-772.4194779604979	12	569.0	569.0025484018773	0.8729256880349712	0.7729376024306611	0.9795918367346939	0.9793505275269465	False
29	2054-10-01	GARW	tropics	0.19629008664655057	0.04813738112954596	8.211250663419305	0.023905016993454202	0.08394575441139761	-235.65266672270528	36	2345.0	2344.986437833771	0.9513447063364742	0.9084797189157404	1.0	1.0	False
