variant	pivot_date	model	location	mae	mse	normalized_mae	max_r_data	correlation	r2	n_points	total_sequences	total_smoothed_sequences	mean_variant_frequency	mean_smoothed_variant_frequency	max_variant_frequency	max_smoothed_variant_frequency	converged
0	2025-10-01	FGA	north	0.19285699308327314	0.03732575448853019	6.385806559137883	0.030200882425306323	0.8476455560157319	-108.36667886014148	19	338.0	338.0664628962034	0.9929172958800804	0.9905295435478911	1.0	0.994093307957335	False
0	2026-04-01	FGA	north	0.15665198201339434	0.025097698826374894	4.015847222650398	0.039008451598914765	0.7934395550042979	-49.52685835215208	23	935.0	934.721957017777	0.8444021643001909	0.8381845981050811	1.0	0.9883314996057149	False
1	2026-04-01	FGA	north	0.11649349205438098	0.013773981056161235	2.75210178666297	0.04232891843569269	-0.9949769399813466	-121.31200987576523	8	313.0	312.99998212931484	0.3267940200241428	0.31217096463474336	0.42953020134228187	0.401373558623471	False
0	2026-10-01	FGA	north	0.0010940476692274858	2.0324202026338344e-06	0.02384239768992942	0.04588664627843159	0.999002745985456	0.9975878521113232	24	1121.0	1120.9755335291961	0.6115245397221117	0.6130142237424736	0.90625	0.8743982436186991	True
1	2026-10-01	FGA	north	0.0017603529429114008	4.024163628387942e-06	0.039826856133452104	0.044200148186761164	0.9992719177081731	0.9937747302142296	21	795.0	795.0271370283485	0.514500081312922	0.5026766846992763	0.8571428571428571	0.8123013271470753	True
0	2027-04-01	FGA	north	0.29324658531809056	0.08613110572798419	6.469685896993456	0.04532624767059649	-0.7927175750935718	-1446.1320850384911	8	229.0	229.00000923608545	0.39900557550479143	0.37832597949164426	0.4778761061946903	0.4770707283629586	False
1	2027-04-01	FGA	north	0.04751463334274755	0.003445492390790306	1.4630617144257787	0.0324761647948638	0.7951908961612403	-5.309728482542654	27	1074.0	1073.6462751169677	0.678191296370071	0.6693964936490021	1.0	0.9050374006368231	False
2	2027-04-01	FGA	north	0.18598301717565174	0.035021636868920424	3.658851206095786	0.05083098674955596	-0.9200097457900878	-227.56439233053317	10	498.0	497.97076814732037	0.4299429168674941	0.41492416581944813	0.5986842105263158	0.6424957856090094	False
1	2027-10-01	FGA	north	0.0014746896633671027	3.920071621733061e-06	0.03302919354973411	0.044648067508719844	0.9974394133865416	0.993749327177638	22	907.0	906.9640601298157	0.5818237614230639	0.5691307389386352	1.0	0.8778957193004576	True
2	2027-10-01	FGA	north	0.002958005790605426	1.1359202062046468e-05	0.0622116344330747	0.047547469497647654	0.9991742466164528	0.9868668593982832	24	1159.0	1158.9918323239995	0.6505584475307625	0.6217037603557802	1.0	0.9193869909589959	True
1	2028-04-01	FGA	north	0.25114042018946664	0.06315182357393512	5.983556319550616	0.04197176508039086	-0.841796409387738	-2664.2935428023993	4	95.0	94.9804600742886	0.25180218642503654	0.24416068748961325	0.3524590163934426	0.28013720967272543	False
2	2028-04-01	FGA	north	0.19014608981782474	0.043889236176022424	5.01169123304296	0.037940503709438085	-0.2710380526516928	-99.00723571243377	24	655.0	654.8240825154214	0.6736173168315341	0.6462142920127868	1.0	0.9078139671290963	False
3	2028-04-01	FGA	north	0.05721353900274391	0.005673304670175134	1.419967913031541	0.04029213510930444	0.8886390693557205	-75.1891776693095	8	268.0	267.89551166437997	0.6293267362703618	0.6125158648198139	0.7796610169491526	0.8061122904779043	False
2	2028-10-01	FGA	north	0.2392439339800544	0.05726181075332565	8.225942899747443	0.029084074238759885	0.9736251318018757	-225.40134534837375	16	245.0	245.07923189407592	0.4375360300751564	0.41442771302539233	1.0	0.7925989281165481	False
3	2028-10-01	FGA	north	0.19223437101361662	0.036969316514984266	5.2559493576415015	0.036574623903887424	0.9875879204148417	-74.63973455163453	22	708.0	707.9156215437612	0.7728480987263295	0.7622717709471499	1.0	0.9690615542320691	False
2	2029-04-01	FGA	north	0.1708253299566132	0.02921381459622974	6.216516354004448	0.027479269775679733	-1.0	-6926.789784746339	2	26.0	25.92927641104807	0.21658615136876005	0.17641068027415274	0.25925925925925924	0.18614749113391935	False
3	2029-04-01	FGA	north	0.16830573928176237	0.05241776112607403	2.6659605065107908	0.06313137005245473	-0.7548158760063757	-90.61464476617516	30	1099.0	1098.9502541658035	0.9030801529715049	0.9122446242485046	1.0	0.9780955434806738	False
4	2029-04-01	FGA	north	0.01787327862100063	0.0005098320094497263	0.3975835324230271	0.04495477594877733	1.0	-0.28135677595072095	2	26.0	25.999469855402964	0.159789156626506	0.09607161042932089	0.175	0.11302421751531683	False
3	2029-10-01	FGA	north	0.021689952096219493	0.0006624860686961412	0.3432734923223557	0.06318563064534923	0.42512595140883397	0.05418503770446348	28	1078.0	1077.923066216623	0.895638088496989	0.8933020810650897	1.0	0.9777763340374248	False
4	2029-10-01	FGA	north	0.22297456445704925	0.05010504725793543	5.0112611819341195	0.04449470030835455	0.8834859436092474	-102.9827086876642	3	37.0	36.36078893051151	0.17085358979778764	0.11621324260115229	0.19298245614035087	0.146014166492419	False
3	2030-04-01	FGA	north	0.03258156950069117	0.001401383178291288	0.6963302869965008	0.04679039546193816	-0.9720637974182949	-12.677443147393497	9	254.0	254.00092787397705	0.8286513942809093	0.835666085946793	0.9142857142857143	0.8552884282956428	False
4	2030-04-01	FGA	north	0.09930869081518696	0.017014627509925172	4.5831193461218485	0.02166836237839195	-0.153950966220895	-203.6244728054951	8	123.0	122.9152293143492	0.7864071259594715	0.7678906004052742	1.0	0.9591079214924152	False
4	2030-10-01	FGA	north	0.003311064137124668	1.25729843335665e-05	0.1309346236101057	0.02528791885471244	0.9963168096290276	0.9419346126248761	15	246.0	245.95603975766713	0.8739272846127067	0.804996402514703	1.0	0.8137340885864458	True
5	2030-10-01	FGA	north	0.024121273843181083	0.0005818358518177319	1.9530494169018904	0.01235057015681892			1	13.0	13.006582296758257	0.8666666666666667	0.7893940608514259	0.8666666666666667	0.7893940608514259	True
4	2031-04-01	FGA	north	0.06707245193553098	0.006933023232541779	2.2048626853893563	0.03042023994509511	0.6109201992732805	-27.175494652706426	13	197.0	196.94801844705708	0.48762212942770017	0.44620457581264455	0.9411764705882353	0.9168253377990307	False
5	2031-04-01	FGA	north	0.16383293559109344	0.029456446962235643	2.2573763288487925	0.07257670486632785	0.8812715649328665	-15.601422315386099	27	4602.0	4601.985853022818	0.7883672153451875	0.7881533092375427	0.9276485788113695	0.9438746971755924	False
6	2031-04-01	FGA	north	0.07300185413399886	0.006717188734115551	0.7654975132454989	0.09536524008352565	-0.27161952917915166	-3.4017951472307795	15	661.0	660.9986156009802	0.26787934241104927	0.280692132402155	0.6666666666666666	0.6150539869339356	False
4	2031-10-01	FGA	north	0.004083595102074609	2.1071672176315238e-05	0.1332428761208172	0.030647755594616806	0.9992120967762635	0.9405804145140014	8	123.0	122.81864760487281	0.047421596310981994	0.043387184134785255	0.08383233532934131	0.06745657474933636	True
5	2031-10-01	FGA	north	0.00463110937128374	2.9084256282717695e-05	0.07786204493458006	0.059478393807596674	0.9937410983389834	0.9831467024796422	23	4528.0	4527.929291311774	0.7806442539616445	0.7648078755703821	0.9276485788113695	0.9397755974562909	True
6	2031-10-01	FGA	north	0.015257496689268431	0.0008971559694655992	0.08269142685678954	0.18451122769585737	0.9220454417923348	0.746631717680345	17	701.0	700.8401083417941	0.33533704815914245	0.34586197032443683	0.9047619047619048	0.7516939478378414	True
7	2033-04-01	FGA	north	0.010455113589184639	0.0001548283268663046	0.18477880327873553	0.056581779964302976	0.9773985277942536	0.8648918459373811	25	3685.0	3684.974128052865	0.792169754450535	0.7801633900153733	1.0	0.978900100456886	True
8	2033-04-01	FGA	north	0.014206801535424942	0.00026901478367997674	0.21097361848989135	0.06733923244581241	0.9996773576655081	0.79419816650462	16	1298.0	1298.0504470592546	0.3052093360569582	0.30074746947189435	0.5	0.5404366017100448	True
7	2033-10-01	FGA	north	0.04908888780966659	0.0035393391733811795	0.7113353878492104	0.06900948363906297	-0.3046027546427915	-1.1127437460954042	26	3706.0	3706.0275187853017	0.7277319940281303	0.7308943178103574	1.0	0.9515817031530296	False
8	2033-10-01	FGA	north	0.22751155479283	0.05325381026692257	3.3173443125692628	0.068582436236962	0.5970359674769647	-30.253227476834642	20	1389.0	1389.0192261225254	0.3725385959879553	0.36242417060117277	0.6842105263157895	0.6903932499020463	False
9	2036-04-01	FGA	north	0.06738480986420808	0.007086670011674113	1.6210119130330738	0.04156959570896949	-0.7573233140193479	-11.203487690964334	18	1156.0	1156.019835579693	0.5407079152226157	0.537067693512894	0.9411764705882353	0.7997067548734822	False
10	2036-04-01	FGA	north	0.18447022725524495	0.034780637679031084	3.404324412028097	0.05418702947447608	-0.834444602656065	-72.99315726775683	15	1446.0	1446.1005997150446	0.5207472686637448	0.496028251564491	0.726027397260274	0.7672573016106029	False
9	2036-10-01	FGA	north	0.19238679246473475	0.03735432287765594	3.5847798469361583	0.05366767296160851	0.9898855261246798	-39.93750774883272	22	1253.0	1252.9177794720774	0.4798761048811795	0.4815946425147412	0.9411764705882353	0.7889516968323671	False
10	2036-10-01	FGA	north	0.19184276493127914	0.037135379234034226	3.553212854945166	0.0539913517042141	0.9554676714322964	-26.445910229948105	24	1934.0	1933.9916062917202	0.637848053591174	0.6217385592464436	0.9523809523809523	0.9058013542884158	False
9	2037-04-01	FGA	north	0.11301967323149081	0.012812678766568738	2.257957562488325	0.05005394038802941	-1.0	-1841.9938907182639	2	32.0	31.939261792739998	0.16165123456790123	0.19481591676335142	0.1875	0.20336891338146543	False
10	2037-04-01	FGA	north	0.26963714149727547	0.07287976229432329	5.576798732772643	0.04834980683680128	-0.9683248102754788	-1979.4144114373717	7	290.0	289.9834683742587	0.8569105172107243	0.8248150247940425	0.9523809523809523	0.8566588664633003	False
11	2038-04-01	FGA	north	0.02005203371166148	0.0004884002465194003	0.30321354176106946	0.06613172220211183	0.984643181735217	0.6008693754075332	23	1782.0	1782.0444769453134	0.5410038709122204	0.535614162521184	1.0	0.8653007557694098	True
12	2038-04-01	FGA	north	0.016878877603550762	0.0003748443868034075	0.2798206567289826	0.0603203416104431	0.9995131313408981	0.685387881215035	17	2639.0	2639.018905680117	0.5671013415442436	0.5537620470806272	0.8174603174603174	0.8321419263423244	True
11	2038-10-01	FGA	north	0.2016466127761207	0.041472699838893824	3.1922259872092194	0.06316802556714	0.8568220848240218	-32.95742849516311	23	1789.0	1788.9456224811975	0.5150250188464117	0.505301926342239	1.0	0.9095045977739624	False
12	2038-10-01	FGA	north	0.24070403063425536	0.05831280746841238	3.71956726044101	0.06471291249233017	0.917203923288229	-29.3133285073479	22	2854.0	2854.017569768618	0.6295041915737069	0.6270625930515328	0.9666666666666667	0.8832449176330599	False
12	2039-04-01	FGA	north	0.0874124885873847	0.007642721641749914	1.6926103414883813	0.05164359831957504	1.0	-2115.257711503712	2	47.0	46.79319912100544	0.8924242424242425	0.8295915344860778	0.9666666666666667	0.850059834783175	False
13	2039-04-01	FGA	north	0.02226054030415422	0.0004955316546328745	1.0	0.02226054030415422			1	12.0	11.992313707858532	0.75	0.6895319766028944	0.75	0.6895319766028944	False
13	2040-04-01	FGA	north	0.13994033933779979	0.019800394647644066	4.6468380130533875	0.030115174866155163	0.7214240106369428	-56.48442369033265	13	192.0	191.88132634344996	0.07803973985670244	0.0731585900756277	0.17567567567567569	0.0982612784094993	False
14	2040-04-01	FGA	north	0.11042966104517976	0.015232390737806668	3.7913096603915566	0.02912704868158273	0.8655758338340962	-50.0046199984113	16	323.0	322.9995830525513	0.15282331336308502	0.15399564722036005	0.45454545454545453	0.3431990574771119	False
15	2040-04-01	FGA	north	0.12593759775140181	0.017226538941640935	2.449685658165693	0.051409697130571023	0.8649553072271888	-25.314673834233155	18	2296.0	2296.0433681659697	0.7303227850411883	0.7102530450417961	0.8415094339622642	0.8243853019074594	False
16	2040-04-01	FGA	north	0.2425700429437059	0.05887878196574542	18.139428624853842	0.013372529419771644	-1.0	-3754.311704771842	2	31.0	31.000000187292883	0.077627229012222	0.05003649904073526	0.08152173913043478	0.05199689333545482	False
13	2040-10-01	FGA	north	0.17119626681870714	0.02938188435834999	5.850217464018664	0.029263231302363937	0.9969823469134342	-81.8152292868953	13	192.0	191.94510825074286	0.07803973985670244	0.06598883055812037	0.17567567567567569	0.0897479791950328	False
14	2040-10-01	FGA	north	0.19846818387983614	0.03957544890651988	4.787899618733758	0.04145203527310467	0.997602983180757	-68.34791544223442	15	313.0	312.67794353065494	0.13270850395092706	0.1463970039441301	0.25	0.2725834238123287	False
15	2040-10-01	FGA	north	0.22064727408059612	0.04917092966230099	3.9284607620806966	0.05616634286140381	0.9858839090209998	-33.256886424050265	24	2671.0	2670.90912818565	0.745834889137757	0.7410623723902515	0.8415094339622642	0.8173055828615824	False
16	2040-10-01	FGA	north	0.2523391286922211	0.0637156346883707	12.85093480247551	0.019635857824413856	0.9861011632426483	-618.3045462918755	4	62.0	61.36125055027847	0.10428564247813896	0.0789644527310944	0.15	0.10310821466518026	False
15	2041-04-01	FGA	north	0.013837160389582664	0.0002234697381615938	0.2391933711516217	0.05784926364372974	0.9689622492472512	-3.0474475651260393	5	179.0	178.9571983097295	0.736502007369521	0.7369542614714168	0.8333333333333334	0.8300856764830782	True
16	2041-04-01	FGA	north	0.011757934481741898	0.00028214130930541035	0.42569307212148344	0.027620685540276874	0.21631053687238813	-0.2904883659231452	8	115.0	114.45609893346386	0.1865804694520798	0.14708438695411474	0.30303030303030304	0.2671009972198224	True
17	2041-04-01	FGA	north	0.010059759077723914	0.00013397721653037782	0.14691438447961208	0.068473615523468	0.9963746263990154	0.38366531130130743	11	677.0	677.0595028495959	0.7684867817009567	0.7543211272134964	0.8833333333333333	0.8272987260341051	True
18	2041-04-01	FGA	north	0.03537685108679278	0.0012522982130421698	0.6737834426208819	0.05250477950182919	1.0	-1509.310408959874	2	30.0	30.29752690518799	0.09762931034482758	0.08185947212857064	0.1125	0.09070331157709387	True
16	2041-10-01	FGA	north	0.007003832390688325	6.171715845216421e-05	0.16790311020820467	0.04171353575287183	0.9976995821757744	0.8742249737975318	10	138.0	137.61483847057008	0.15495590369510664	0.14802453213655392	0.30303030303030304	0.34328691908839265	True
17	2041-10-01	FGA	north	0.00399636909465502	2.8330496509852636e-05	0.06414397119443314	0.06230311314123708	0.9953335669389434	0.9777245540184551	25	1790.0	1789.996367138437	0.6640617180540132	0.6357775591360116	0.8833333333333333	0.7760690501502706	True
18	2041-10-01	FGA	north	0.003146139306948018	1.4937238394582159e-05	0.050585324588919275	0.062194704343899385	0.9821498140922617	0.9643726289994743	29	880.0	880.0377933009565	0.5597036971708925	0.5658704012540817	1.0	0.9499599361078834	True
16	2042-04-01	FGA	north	0.22680043952297788	0.05143843936781595	17.52020442365	0.01294507952297787			1	12.0	12.053572298398473	0.0670391061452514	0.05240671042111597	0.0670391061452514	0.05240671042111597	False
17	2042-04-01	FGA	north	0.2680497181111128	0.07203316284034811	7.068718000228628	0.03792055618889353	-0.7775212138193376	-706.4384644131018	12	826.0	825.9906760667641	0.5509726248922686	0.5142720587081927	0.7430167597765364	0.7624253949686004	False
18	2042-04-01	FGA	north	0.2051012701876066	0.046009678425690474	3.5422497146235354	0.05790141483839584	0.5029724351727816	-89.69379381991722	50	4554.0	4554.001280579753	0.821881381506985	0.8216416414896871	1.0	0.9988392065173672	False
18	2042-10-01	FGA	north	0.042793130525525754	0.0023985417072279135	0.7909256250322634	0.05410512590710427	0.7968494091074605	-1.581495891802788	27	3768.0	3768.054296995246	0.975205756545533	0.9773191461504939	1.0	0.993253515148748	False
20	2045-04-01	FGA	north	0.09684835144367553	0.009552710314239297	2.4789650354128137	0.039068058669713225	-0.9745308206850913	-132.3621055038073	9	302.0	302.0027699522895	0.8708082605724116	0.8741358576375168	0.9807692307692307	0.9379925300230616	False
20	2045-10-01	FGA	north	0.07936811278090922	0.00637817543377783	2.0582406045559005	0.03856114421473781	0.9913634961127576	-10.617626225182953	21	722.0	722.1060958119554	0.9297101086352613	0.9349097364498717	1.0	0.9883913184205031	False
20	2046-04-01	FGA	north	0.15738691901374582	0.0288527325687895	4.741063886315802	0.03319654043642269	0.8947105512054307	-64.74898598002798	20	536.0	535.847442896058	0.9832583621472845	0.9786686115920421	1.0	0.9999342088498734	False
20	2046-10-01	FGA	north	0.04080190430018241	0.0019809026064417437	1.2263444997879325	0.03327116018968417	0.79666124954141	-3.764364422552081	19	433.0	432.7131665913267	0.9892827653518638	0.97575844892242	1.0	1.0	False
20	2047-04-01	FGA	north	0.15890117671576884	0.0406846831877139	4.914670739134277	0.03233200862277081	-0.7412836106447628	-104.60784219342536	12	186.0	185.55486691434223	0.8129214559386972	0.8050850661485772	1.0	0.9943638201079436	False
21	2047-04-01	FGA	north	0.030827247648789934	0.0009503191975998244	0.6777907135467747	0.04548195635121007			1	12.0	11.981172395296552	0.42857142857142855	0.4173790668992732	0.42857142857142855	0.4173790668992732	False
20	2047-10-01	FGA	north	0.003749053146045071	1.7217261667367906e-05	0.1368182806456232	0.02740169755352793	0.9752229267985699	0.8855641517071429	12	177.0	176.87805557805316	0.5902938560481664	0.569139733460029	0.7333333333333333	0.712574113878224	True
21	2047-10-01	FGA	north	0.003365796854757836	2.1514647092475216e-05	0.21956691366444472	0.015329253386061836	1.0	0.22422748172349927	2	23.0	22.851745247869655	0.4107142857142857	0.32775256933524455	0.42857142857142855	0.333837225861565	True
20	2048-04-01	FGA	north	0.24918670301350143	0.06215923099864887	9.744839227994543	0.025571145627282275	0.24541910377068127	-905.7671844126173	4	62.0	61.602714468246916	0.5999743431855501	0.5336249924085864	0.6875	0.548258952833876	False
21	2048-04-01	FGA	north	0.031152774258823002	0.0012056351122714925	0.6536068548019852	0.0476628634322707		-0.34030910388794844	12	193.0	192.77691635034125	0.08584358139901055	0.0881829016480234	0.13924050632911392	0.0979499352925307	False
22	2048-04-01	FGA	north	0.11765862088203957	0.0189325425988493	2.6082234663514896	0.0451106365692761	0.9476072028351851	-24.234574756069815	21	2849.0	2848.9997815110114	0.8794564551832896	0.8999104378806331	1.0	0.9351767681133505	False
21	2048-10-01	FGA	north	0.015610050419651036	0.00032978730252300215	0.4531307966618534	0.03444932574578452	0.9856060140385394	-0.21845121341075502	12	193.0	192.72341391686018	0.08584358139901055	0.06862410038704672	0.13924050632911392	0.075720314802451	False
22	2048-10-01	FGA	north	0.2595547807021553	0.06799672039023139	4.374879572171025	0.059328440113690206	0.948228435439634	-45.901571096415395	26	3070.0	3069.9739472524384	0.8912137718280124	0.8795365883128722	1.0	0.9128281774247783	False
22	2049-04-01	FGA	north	0.3282874714256596	0.10778257038599395	5.505175924042999	0.059632512376564605	0.5587489646934176	-8596.318209238392	4	102.0	101.88545343061006	0.9308415800530738	0.8932413639865994	0.9473684210526315	0.9017618943533832	False
23	2049-04-01	FGA	north	0.05847198855165705	0.003418973445185113	4.896105225468394	0.01194255144834295			1	14.0	13.874645613625239	1.0	0.9993089972275079	1.0	0.9993089972275079	False
23	2050-04-01	FGA	north	0.012116456548447646	0.00023794902259798958	0.4164012465303291	0.029098031404584494		-1.6107933790423385	6	86.0	85.56453095244537	0.2826275586859111	0.23578647154980914	0.5238095238095238	0.3488519811578986	False
24	2050-04-01	FGA	north	0.11963695745913125	0.01530471732430248	3.538460381595956	0.03381045555331928	-0.9720288064976919	-458.0158809113525	7	154.0	153.95045349603078	0.3412033754629374	0.3411631449268038	0.4421052631578947	0.3770436965504938	False
25	2050-04-01	FGA	north	0.0806825611698045	0.006509675676919246	3.0876903265139646	0.0261303928301955			1	15.0	14.93221894633576	0.17045454545454544	0.11508100097220858	0.17045454545454544	0.11508100097220858	False
26	2050-04-01	FGA	north	0.19621986157420682	0.03887494546140779	4.877201876950246	0.0402320565202654	-0.9710703142088798	-376.0362365216498	7	151.0	150.88881414442292	0.34794510273424956	0.3409504981406414	0.43636363636363634	0.3503378274794093	False
23	2050-10-01	FGA	north	0.0041378183235896765	2.9174595182863422e-05	0.1288112579164966	0.03212311090286895	0.9956843794400267	0.8534871582447991	6	86.0	85.03469452800475	0.2826275586859111	0.22263201271630537	0.5238095238095238	0.3007654986509697	True
24	2050-10-01	FGA	north	0.0015792429371236675	4.6128789582457976e-06	0.049892530016613576	0.031652893461161416	0.9949959954693635	0.988248839838007	16	333.0	332.9439077072011	0.29499167292899264	0.2863829547035911	0.4421052631578947	0.3280891226715372	True
25	2050-10-01	FGA	north	0.0025763773909264044	1.0329639033804846e-05	0.07402855749498766	0.03480247999025034	0.9902057792450083	0.9534096603355379	19	372.0	371.82547610887326	0.47755231710137663	0.4715681113508019	0.9090909090909091	0.8251175346869486	True
26	2050-10-01	FGA	north	0.002644972691675367	8.800290546958627e-06	0.07281495046685077	0.03632458272260308	0.998286552315919	0.9794753135182904	19	432.0	432.1444927415944	0.3538760125204627	0.33122379229478716	0.46511627906976744	0.34400071349156036	True
24	2051-04-01	FGA	north	0.16700888296250946	0.028257308311657268	5.6155910210674636	0.02974021475851047	-0.9976396167111082	-666.7901241223526	7	119.0	118.9936678397606	0.24227984293490576	0.23606004263661212	0.3	0.28552522078339404	False
25	2051-04-01	FGA	north	0.16828613722625657	0.029607738337477974	4.120233813030724	0.040843831894692935	-0.15874978523214556	-56.58808550429092	40	3753.0	3752.8451654425107	0.7522091632915917	0.7532055996219512	1.0	0.9290956480898813	False
26	2051-04-01	FGA	north	0.09365038585341383	0.016776623574008106	2.766688812384059	0.03384926610980697	0.694140973761459	-34.39833643408509	24	534.0	534.1824793672821	0.20619346454359652	0.18734462882052036	0.46511627906976744	0.3752844027861407	False
25	2051-10-01	FGA	north	0.08352789624823202	0.007624677085798138	1.3850964117755251	0.060304752462075485	0.8966699631352227	-5.696139707860702	30	3622.0	3622.0206354647266	0.883897075115188	0.8836420381294636	1.0	0.9359358121898057	False
26	2051-10-01	FGA	north	0.26074443957769966	0.06832854896371851	6.180119577562255	0.04219084053395455	0.938227967151547	-82.8997172259606	17	357.0	356.6497297800218	0.11168661901809813	0.10250733557867427	0.2413793103448276	0.15914344460143132	False
27	2054-04-01	FGA	north	0.013569091369633714	0.0002321758213343042	0.446190445155882	0.030410985974594747	0.9851383449903044	-1.9063860565823108	7	87.0	86.74450919200913	0.3583053321328599	0.34782805763266156	0.55	0.3946430979433702	True
28	2054-04-01	FGA	north	0.0064411384424659995	7.718214998033496e-05	0.20491013669911246	0.03143396684139686	0.9657364708187091	-0.14968839172763593	7	178.0	178.0001713063718	0.6653433360988881	0.6327126535603125	0.7446808510638298	0.6863353908363161	True
27	2054-10-01	FGA	north	0.24089512111244385	0.05812109009050544	9.916264004823004	0.024292931389813636	0.7225072498636244	-404.26482227712046	10	129.0	128.9900201162913	0.3424130137149247	0.32665068759741794	0.55	0.42706848490797017	False
28	2054-10-01	FGA	north	0.23691522682518576	0.05620514629218085	7.024591309529842	0.03372654954371183	0.919460221392477	-117.63758791860849	19	459.0	459.2281397943349	0.7284162450851666	0.7158535176740412	0.8648648648648649	0.8421711455297634	False
1	2026-10-01	FGA	south	0.003620809025004461	2.4377486951866356e-05	0.10105715245698808	0.03582931971634119	0.9764863847054819	0.8611958594745479	11	430.0	429.97266453252365	0.9440896941411292	0.9362664268011482	1.0	1.0	True
1	2027-04-01	FGA	south	0.002676057618192144	1.0094472528259934e-05	0.07266367343899871	0.03682799797396287	0.9979015177358345	0.9851594328965219	25	872.0	872.1563681575053	0.9672964828363557	0.9558319897301177	1.0	0.9998297777518387	True
1	2027-10-01	FGA	south	0.22137326572555302	0.06140326337656817	5.998498357349127	0.03690478058635043	-0.7507316376590096	-377.6616811867207	16	365.0	365.07694564558335	0.7544019496939297	0.749505420779206	1.0	0.9976079469935413	False
2	2027-10-01	FGA	south	0.19183522961782476	0.03787213733722937	3.863763493260141	0.049649837510100624	-0.7655504174972794	-49.29399600041815	18	2802.0	2801.935239294755	0.9214546480153215	0.9295690022477169	0.996078431372549	0.9763857135653663	False
1	2028-04-01	FGA	south	0.3174385654099788	0.1008780686491669	12.483170043600362	0.02542932318483615	0.999742754733753	-402.3455016097726	4	45.0	44.92649416009317	0.04121382238174241	0.05659012725672064	0.043824701195219126	0.07404492097266212	False
2	2028-04-01	FGA	south	0.17916411587081718	0.03272333374115136	3.0362230522842024	0.05900887806514378	0.9566420387314079	-19.37202833315861	26	3289.0	3289.00767057606	0.9406370218663717	0.9221179147056563	1.0	0.99851898965295	False
2	2028-10-01	FGA	south	0.3343588717363068	0.11186457704253576	5.709769635873661	0.058559082600386905	-0.6190991104125865	-7453.471575628486	6	239.0	239.26974652747833	0.9830261136712749	0.9790357736064919	1.0	0.9961885128122756	False
3	2029-10-01	FGA	south	0.1727269999311309	0.030064421020122016	5.694627773492115	0.03033156982360755	-0.9622358536490905	-152.32657294092726	5	62.0	61.914387242040746	0.5255450310559006	0.4990085000055181	0.7857142857142857	0.60679245745716	False
4	2029-10-01	FGA	south	0.17725450258192366	0.03171907297533482	4.084074914739545	0.043401383736181486	-0.5169227493467968	-122.16182973336082	8	125.0	124.69281538116755	0.5874735090292156	0.5609539957943044	0.7407407407407407	0.6796552469989567	False
3	2030-04-01	FGA	south	0.01651301950931952	0.000388570557510277	0.5559077460432927	0.02970460409456775	0.9669634833434273	-0.7346246670484553	7	84.0	83.93046425561184	0.45957298136645963	0.4312202672749525	0.7857142857142857	0.5343531329921103	False
4	2030-04-01	FGA	south	0.01722256148263334	0.00034625485177643416	0.5754562994455577	0.02992853062730738	0.9785370017372098	0.12838633789456122	16	273.0	272.74068183390955	0.6410423290288483	0.6235476852145607	0.8888888888888888	0.7344310330276296	False
4	2030-10-01	FGA	south	0.15333818191629228	0.02559545004495499	3.824522804626714	0.040093415505534837	-0.40324020752864814	-42.575839434671416	23	1045.0	1044.8335128139831	0.5076502017526692	0.5015207018442465	1.0	0.7962238543155198	False
5	2030-10-01	FGA	south	0.12625018771995836	0.016470529815489587	1.7822207802540688	0.07083869132193625	0.8409559389010997	-20.04251826830317	14	2339.0	2339.0075354621404	0.6349407790209405	0.6199388858481123	0.846875	0.8355940215026365	False
4	2031-04-01	FGA	south	0.1743074922832985	0.03087951094761525	2.983840933620887	0.05841715297865312	0.9923507755341534	-24.34908862244735	22	1050.0	1049.9052311090036	0.3725018225473159	0.36433823950375915	1.0	0.7282255658907926	False
5	2031-04-01	FGA	south	0.23009348958444703	0.05384504118134352	3.172871004173951	0.07251901803816045	0.9813367521037385	-23.794835998358348	22	3069.0	3069.026932543731	0.7133194186272775	0.7036868973178957	0.8888888888888888	0.9134524968796099	False
4	2031-10-01	FGA	south	0.003541045511093025	1.7863839598525346e-05	0.056341895802744756	0.06284924319001206	1.0	0.12321857899559419	2	25.0	24.685521140693552	0.1367337164750958	0.1287940956195114	0.1527777777777778	0.1357200617416779	True
5	2031-10-01	FGA	south	0.004819968273636522	3.640033602995377e-05	0.0898359971118166	0.05365297240077638	0.9766814326499791	-0.14293403556656648	5	253.0	252.85101010764626	0.8462510586811858	0.8893856324190139	0.88	0.9138201956087979	True
6	2031-10-01	FGA	south	0.0025858925512704605	1.030835954183189e-05	0.06693728596853836	0.038631571535270685	0.9781728462502506	0.9154858883894326	12	500.0	499.9994569698299	1.0	0.9923863203557289	1.0	0.9998807061426486	True
6	2032-04-01	FGA	south	0.0024247920420018953	7.872965860355032e-06	0.0621892783141111	0.03899051585314339	0.9974911052045681	0.9860989503300512	23	907.0	906.883928604683	1.0	0.9926824046211773	1.0	1.0	True
6	2032-10-01	FGA	south	0.18369863600448758	0.03518897983726873	5.4113374484903565	0.033946993280882055	-0.8464346518202385	-82.52096051829622	17	330.0	329.72632710634247	0.5191051806952529	0.5043174648217749	1.0	0.9998805974344095	False
7	2032-10-01	FGA	south	0.04298745792413937	0.002280355861344693	0.5906555263062168	0.07277923596680809	0.3384721738559333	-0.3188289166670759	17	4682.0	4681.99541283243	0.9202783522276814	0.9207236217579069	0.9810017271157168	0.9823959695133782	False
6	2033-04-01	FGA	south	0.01747387045284011	0.0007700366236827957	0.22935408789152265	0.07618730764068486	0.9897807684447643	0.429005031132326	8	89.0	89.1122319332763	0.10083327009767604	0.08566085512214086	0.34375	0.21685834950748023	True
7	2033-04-01	FGA	south	0.003211618189586662	1.477433048009497e-05	0.045536989269859954	0.07052767960907705	0.9977754307155534	0.9947064865853317	22	4994.0	4994.0043700027545	0.9244720136577395	0.9050661580533093	0.9810017271157168	0.9851664332095126	True
7	2033-10-01	FGA	south	0.2891002462772264	0.08360800226101596	3.965372643570408	0.07290619880226983	-1.0	-6377.834371722604	2	54.0	54.016859065927676	0.9019138755980861	0.9098465658340853	0.9090909090909091	0.9331965583014508	False
8	2035-10-01	FGA	south	0.1498553142229829	0.02407098238200296	2.1992584933556887	0.0681390180716454	-0.9674159097847121	-18.471272483215962	8	99.0	99.00305917926393	0.06199428334748966	0.06881668381296056	0.09259259259259259	0.08432276924756603	False
9	2035-10-01	FGA	south	0.17867717440725078	0.03406039692157395	3.544955474155913	0.05040322105873431	0.5077212050886516	-96.53846006260723	17	1995.0	1995.0039575271362	0.906293586068784	0.9068178163281149	1.0	0.9520220180993908	False
10	2035-10-01	FGA	south	0.11258532028640027	0.012675454343991331	7.13134910567681	0.01578738028640027			1	11.0	10.618056182731191	0.04119850187265917	0.032677026769548194	0.04119850187265917	0.032677026769548194	False
8	2036-04-01	FGA	south	0.005227489683503894	3.298730254542617e-05	0.3265116818804921	0.016010115330015142	0.984296628778236	0.5731603608387561	7	89.0	89.00165957729438	0.06461230635845357	0.028607773587684175	0.09259259259259259	0.044285485859410154	True
9	2036-04-01	FGA	south	0.0018188472691491172	5.775437062538758e-06	0.034988311468508705	0.05198442544980126	0.998839337429935	0.9959241218991128	27	2612.0	2611.830716165738	0.905425510322835	0.9182531390448638	1.0	0.9407116807559596	True
10	2036-04-01	FGA	south	0.0045995815168413355	2.115615013006844e-05	0.3078650665302518	0.014940251483158664			1	11.0	10.845487584045763	0.04119850187265917	0.04355300880761788	0.04119850187265917	0.04355300880761788	True
9	2036-10-01	FGA	south	0.09871940370879534	0.009827320882127413	1.8723564957076861	0.05272468353922249	-0.7695925776580615	-192.0942154891097	8	333.0	332.5533730389954	0.903901326585213	0.9021285377616246	0.96	0.9216634987495712	False
10	2036-10-01	FGA	south	0.005941329347876183	4.358930236501702e-05	0.5873587233575781	0.010115333460807665		-4.258116574246817	4	52.0	51.55553172327933	0.9130608974358975	0.9380652484113993	0.9375	0.9510832758186619	False
10	2037-10-01	FGA	south	0.011135631377105304	0.00013916017347334817	0.4711015499621501	0.023637433113943222	0.7978008894033944	0.5503316409039551	3	41.0	40.78440073433481	0.35706705477479117	0.37704146364167473	1.0	0.9876997025361287	True
11	2037-10-01	FGA	south	0.012060849306308212	0.00020237077190635356	0.18667345007111943	0.06460934483030785	0.9836266516042657	0.6475082774761911	15	2779.0	2779.0180651945166	0.9559855535423434	0.9589006212042418	1.0	0.9985893330306127	True
11	2038-04-01	FGA	south	0.18559858323680298	0.03610192857225149	2.9334030112284	0.0632707413629746	0.9268428637610332	-16.94576927278626	24	3636.0	3636.002599062057	0.96785233425204	0.9654354049144711	1.0	1.0	False
11	2038-10-01	FGA	south	0.29269784717103214	0.0857011035312647	5.166618891507413	0.05665172007406077	-0.799260136301764	-3621.2407958096233	6	318.0	317.71724007091086	0.9912521216869042	0.9806891416016877	1.0	0.9815213463927885	False
12	2038-10-01	FGA	south	0.05805772987475762	0.007156124542552066	4.036816266394211	0.014382059039465846	0.6816559501909778	-75.04171539743444	5	66.0	65.92572186831524	0.3914678905054845	0.3460487513947744	0.5909090909090909	0.5076400124129852	False
13	2038-10-01	FGA	south	0.1852271691814498	0.034414402140563925	4.28673574226416	0.04320937429271459	-0.9364060021421543	-1852.5826368772916	6	145.0	144.9664962252885	0.6628582178174244	0.6236757695644781	0.7872340425531915	0.7447488639689593	False
12	2039-04-01	FGA	south	0.17167958267625696	0.02947852974206705	9.271658337431603	0.018516599342660305	0.9876956649834687	-599.7123298110612	5	66.0	65.96023938411278	0.3914678905054845	0.368700527422212	0.5909090909090909	0.5168670026685568	False
13	2039-04-01	FGA	south	0.1979687629838286	0.03926565860465204	4.83506743403562	0.040944364413671205	0.9347620727463598	-77.11994747548877	23	667.0	666.6210263457134	0.7097242979354381	0.6889233720078131	0.8333333333333334	0.7638378292055338	False
14	2039-04-01	FGA	south	0.22553814452478824	0.05086889611636448	9.424188479349347	0.023931837210068148	0.9959701267474195	-283.16254366577806	4	49.0	49.00008458314866	0.22582468341743578	0.17892637382009213	0.24444444444444444	0.1972051625976231	False
13	2039-10-01	FGA	south	0.17713094892741804	0.03641098763092762	5.419794159509872	0.032682228091008625	0.1361123293351491	-76.9375663302444	34	1656.0	1655.7892680666603	0.49657163428898654	0.5013900187414375	0.7966101694915254	0.7546036631712957	False
14	2039-10-01	FGA	south	0.1457853473762655	0.026335862503716636	3.5967315942722737	0.040532729105620745	0.6860841784199748	-37.22862338502289	24	2246.0	2245.9587417333514	0.5218055411517263	0.5134226880902767	0.6415094339622641	0.5962256468303433	False
15	2039-10-01	FGA	south	0.16667506240619498	0.02843832326126147	3.2932667101888353	0.05061086060552863	-0.4859360665407613	-52.180323054534846	11	338.0	337.954570329031	0.1230770317856118	0.1217765134567236	0.2033898305084746	0.1972685468323438	False
13	2040-04-01	FGA	south	0.21764763243964913	0.04781161063964449	3.58229460632576	0.060756486095620996	0.9299953429431933	-47.41861611856345	26	1366.0	1365.9712871211113	0.3491891003240789	0.3454409389500765	0.53125	0.4711082070082507	False
14	2040-04-01	FGA	south	0.13508071271789635	0.018747992246932084	2.6793645763215452	0.05041520437780304	0.8910787243529461	-14.790375341093373	26	2337.0	2336.843307481587	0.5382261135165222	0.5358640746836559	0.6415094339622641	0.5931352498703414	False
15	2040-04-01	FGA	south	0.24678444351064283	0.06120785932790503	4.676821993207729	0.05276755109966861	0.9883256471156789	-66.43662688540937	15	411.0	410.4249440417798	0.18085617930965475	0.16136040325273332	0.55	0.31170387710569747	False
13	2040-10-01	FGA	south	0.04127738516661908	0.0017679996294172784	0.4413620997761549	0.09352272247108141	1.0	-19.087059864456343	2	28.0	27.99018898588473	0.3643410852713178	0.25973658118187026	0.3953488372093023	0.2997950948646143	True
14	2040-10-01	FGA	south	0.007794184223386132	6.077945737893518e-05	0.1771120178564453	0.044007088382356736	1.0	-39.53017864456539	2	30.0	30.008077174502827	0.40169133192389006	0.4460219319922273	0.45454545454545453	0.4539766387914592	True
15	2040-10-01	FGA	south	0.007509802659265723	0.00010265511786992632	0.20973703599844123	0.0358058014099214	1.0	-0.25395275921102645	2	22.0	21.452465724856303	0.4029069767441861	0.31170121118608896	0.55	0.3612647424297875	True
16	2041-10-01	FGA	south	0.04303745477753927	0.0018522225137287379	0.8461474708696676	0.050862829777539274			1	10.0	10.27307553808112	0.0398406374501992	0.01832170592062314	0.0398406374501992	0.01832170592062314	True
17	2041-10-01	FGA	south	0.03564931102297121	0.0014492524832955321	0.3813477135243682	0.09348243023015586	0.9762001146000225	0.6289393412960864	15	1167.0	1166.9580242419497	0.2049919896840643	0.2430351731637365	0.48717948717948717	0.4391496324710594	True
18	2041-10-01	FGA	south	0.03019865888067566	0.000996781970862437	0.3508633429884226	0.08606957518976875	0.9721140267845509	0.763403734080039	19	6486.0	6486.025354003975	0.8015067527608604	0.765050760277836	0.9473684210526315	0.9438053308488802	True
16	2042-04-01	FGA	south	0.18147128992717723	0.03302562631769629	7.692565158356143	0.023590478103399853	-1.0	-498.282093277187	2	23.0	22.984487150824215	0.036980686179167846	0.03855860475313576	0.0398406374501992	0.04715934402148652	False
17	2042-04-01	FGA	south	0.2144797458225484	0.04944712287672865	2.5384572223715023	0.08449216474176982	-0.43694598877033985	-14.857008868323026	15	1167.0	1166.9635185808188	0.2049919896840643	0.21495387694369805	0.48717948717948717	0.38742993831782135	False
18	2042-04-01	FGA	south	0.13531749144579952	0.02270665292029091	1.579168887562685	0.08568905613043754	-0.09506879083578365	-4.311970738419534	21	6515.0	6515.02513336828	0.798422076027333	0.7903900310400935	0.95	0.970109276452971	False
20	2046-10-01	FGA	south	0.07581045014395947	0.016658852046208532	2.6811486304109553	0.028275362762093335	-0.599119060513323	-67.50520301697718	13	216.0	215.99309649676542	0.986336032388664	0.975329857000545	1.0	0.9898116454054593	False
20	2047-04-01	FGA	south	0.001322630289437804	2.481982088459643e-06	0.046534097554649725	0.028422820231648518	0.9964556722653825	0.9923818392372548	19	318.0	317.9891021804428	0.9795907101850737	0.9774229983392333	1.0	0.9874949783638631	True
20	2047-10-01	FGA	south	0.1440691797133997	0.028770218548833087	4.434345535371275	0.03248938959857967	-0.4874995398084681	-65.54866256710991	18	367.0	367.0945503216428	0.46534296880206366	0.4562673533630172	1.0	0.9879959615504246	False
21	2047-10-01	FGA	south	0.07126279673882294	0.006210723666304524	1.3129572164503442	0.054276556650860286	-0.8336256873457215	-6.372450560742937	10	240.0	240.00888396695137	0.18116237982823247	0.18700519495904386	0.25	0.26824308925420437	False
22	2047-10-01	FGA	south	0.08376525153817747	0.010347379919848592	1.703914175686614	0.04916048750191493	0.9309381299463502	-39.35092170714733	13	994.0	994.0429152879703	0.6025670677191909	0.5963432277321892	0.7411167512690355	0.7246072820501324	False
20	2048-04-01	FGA	south	0.24215820382350653	0.0588097971702887	6.412360861469493	0.03776428199457449	0.9896703924647006	-98.06610342586508	15	315.0	315.2317348399876	0.18679512052416733	0.20637085195463414	0.3181818181818182	0.28961490042643445	False
21	2048-04-01	FGA	south	0.17455611256838477	0.03057967072781732	5.50829583231128	0.03168967642305098	0.981732266487461	-67.44263408286844	14	311.0	310.9872849762527	0.164359475093541	0.15385839507087723	0.25	0.21739546271198107	False
22	2048-04-01	FGA	south	0.16667295381774494	0.02799939009301371	3.1795393898679882	0.052420471452207754	0.9674490509647797	-23.202458954928964	24	1712.0	1712.295508259442	0.6983889328707708	0.6865010765394368	0.926829268292683	0.8782515094574879	False
20	2048-10-01	FGA	south	0.24174022884497287	0.058438338242019855	8.374923428048671	0.028864768844972893			1	15.0	15.01649841025837	0.1079136690647482	0.0899807830864866	0.1079136690647482	0.0899807830864866	False
21	2048-10-01	FGA	south	0.28296033801785747	0.08008089555715975	5.963471514753053	0.047448929255022164	-1.0	-11621.76894279411	2	31.0	30.95536251156865	0.11552945143884892	0.09465889873274491	0.12949640287769784	0.0998422635051867	False
22	2048-10-01	FGA	south	0.2991203939137501	0.08958255442008592	6.354541749377313	0.04707190631693641	-0.31730341123141526	-958.003098422832	9	477.0	477.094631724699	0.8210272585290049	0.8212676761121389	0.926829268292683	0.832052223749815	False
23	2048-10-01	FGA	south	0.15319640915128893	0.02353574441663128	3.2376141451314315	0.047317685889672285	0.8557044469689965	-224.22625608791535	9	345.0	345.00205867009976	0.8475220021489749	0.8418887964485653	0.9285714285714286	0.929399502566645	False
23	2049-04-01	FGA	south	0.1845927523903557	0.0341331495105505	4.089861087737771	0.04513423522960279	0.9946755193829783	-46.68827601215821	25	946.0	945.9223037916119	0.9298636169104012	0.9157660292259214	1.0	0.9907602446061141	False
23	2049-10-01	FGA	south	0.05090569614651351	0.003943594107541996	1.5771472638602402	0.03227707222591013	0.8608333040042836	-6.978033663032634	30	1059.0	1059.0031579142656	0.9646618050286749	0.9677497686105867	1.0	0.9966838446929781	False
23	2050-04-01	FGA	south	0.017381506529961652	0.000389009768535003	0.4526741883226916	0.038397388184128446	0.9120703702620715	0.30891406157274637	25	865.0	864.9430202783672	0.9193075880301714	0.9209210190713428	1.0	0.9727331423696748	True
23	2050-10-01	FGA	south	0.26819827076548564	0.07194726173878586	7.762071412248281	0.03455240959807172	-0.3417370835518381	-5753.498446725822	7	155.0	154.95592053631918	0.83747964997965	0.8128920339420563	0.9583333333333334	0.8980458711403437	False
24	2050-10-01	FGA	south	0.02994527739395579	0.0011595068367748894	0.4880340384014737	0.06135899350799333		-0.09217668510070576	8	123.0	122.86732606155005	0.05421839028640311	0.05159030250205793	0.09937888198757763	0.05985119934738634	False
25	2050-10-01	FGA	south	0.04550279426585092	0.0028503914705687535	0.6923080942489737	0.06572622022455629	-0.21640017864968583	-2.905672477421419	15	2760.0	2760.0163366275947	0.8462553242768102	0.8516486407028108	0.9338842975206612	0.9739965679172691	False
26	2050-10-01	FGA	south	0.07332260266021412	0.008010104753896113	0.45394826355825985	0.16152193663100967	0.6199303826126292	-0.7052192394436732	8	115.0	114.841296871476	0.05327990010555903	0.046670586332750924	0.0811965811965812	0.05956820328529317	False
24	2051-04-01	FGA	south	0.18263264297886062	0.033482145283433636	3.598538021297353	0.050751900326738104	0.9973298490687361	-49.747967755025016	9	133.0	132.80726944414275	0.05358786795684591	0.06685662207941977	0.09937888198757763	0.09953869844800692	False
25	2051-04-01	FGA	south	0.23882671584956475	0.05766696500191577	3.9839318106000285	0.05994749087173622	0.9754208050091698	-31.156764438044995	24	3543.0	3542.9284495386864	0.8868662003327579	0.8767596854625602	1.0	0.9769633513824698	False
26	2051-04-01	FGA	south	0.17257081777582836	0.030098987605052908	4.579251452145339	0.0376853770925771	0.9999094595901771	-45.3339737125969	8	115.0	114.70622794044932	0.05327990010555903	0.05885259247596024	0.0811965811965812	0.07404233675097147	False
25	2051-10-01	FGA	south	0.05431595883757189	0.0033264782376130823	0.8924210191905616	0.06086360324282504	-0.9988446335046983	-68.5617772630648	7	411.0	411.04290875390933	0.9595016759884617	0.9514026445679674	1.0	0.9539771821852681	False
27	2054-04-01	FGA	south	0.14952258279365957	0.022640946872579164	3.4987535245796937	0.042735957747015565	0.5742288607836101	-64.81363126521316	15	284.0	283.98252407093804	0.8620051766819501	0.842964792185196	1.0	0.8823067908681063	False
27	2054-10-01	FGA	south	0.14257060849121145	0.02147517559241185	4.484205522890347	0.031793950514408156	-0.3022634207801584	-72.78232876190398	21	590.0	589.9212448222163	0.35817995986653145	0.34627597529065246	0.9642857142857143	0.8613417727293852	False
28	2054-10-01	FGA	south	0.1533398811437882	0.02393290311595821	3.2637805927577572	0.046982288418543	0.9703114302925835	-23.898273369846937	18	1934.0	1934.0000909045416	0.591493442941357	0.5931877298085048	0.7333333333333333	0.656536868549054	False
29	2054-10-01	FGA	south	0.030357189670063456	0.0016625250534822668	0.5252004042035574	0.057801154429990884	-0.5996035549331489	-1.3886370763716815	13	949.0	948.9576247210164	0.28415457248516796	0.28535566435943377	0.484304932735426	0.4669574419720568	False
0	2026-04-01	FGA	tropics	0.009275691088553858	0.0002510776311976172	0.9763208731626389	0.009500658383454106	-0.0689657670837327	-46.89045065286512	28	521.0	521.482385655739	0.995980870980871	0.995111353895753	1.0	1.0	True
0	2026-10-01	FGA	tropics	0.0023672493755894654	2.0574552748614244e-05	0.0691034831202046	0.03425658546721395	0.843187579051567	0.6441300162109636	50	1076.0	1076.014286869205	0.8534621504382923	0.8524291789724415	1.0	1.0	True
1	2026-10-01	FGA	tropics	0.0017481290818164956	4.214204764605618e-06	0.0755416061942625	0.023141274985880145	-0.19785117965616741	-1.5485570012793617	11	251.0	251.00089488432482	0.5359978671332118	0.5206164066797636	0.7818181818181819	0.8010982567881233	True
0	2027-04-01	FGA	tropics	0.26862908170825	0.07238920223209014	9.689500304723955	0.02772372911503851	0.5639286386910924	-1969.8506825170673	29	604.0	603.7312336028706	0.6113943237558648	0.6073761860373665	0.9714285714285714	1.0	False
1	2027-04-01	FGA	tropics	0.16573834833372905	0.02787867872519207	8.990963700458014	0.018433880266393032	-0.8510119766383871	-226.09163244086562	37	1812.0	1812.0367772796985	0.7931642600751164	0.7822883620845679	0.9841269841269841	0.9859562782753006	False
0	2027-10-01	FGA	tropics	0.24902380931005363	0.062022998967458734	22.23723377545409	0.011198506604941625	-0.8357932959690304	-9486.538106751797	4	48.0	47.549860743386105	0.17585323603125463	0.13541387534756222	0.18571428571428572	0.17083970736720833	False
1	2027-10-01	FGA	tropics	0.07067447373746569	0.0050775050898472125	4.143873459193385	0.017055171793595898	0.7464984221262969	-62.102783098178115	36	1771.0	1770.9360528056698	0.8761939055463575	0.8732935015142905	0.9841269841269841	0.9498367762403795	False
2	2027-10-01	FGA	tropics	0.1720086003244488	0.02970728507184733	10.899002124187716	0.015782050353281157	-0.5771287094801688	-8518.31349611282	7	87.0	86.77905907035314	0.6688008536748032	0.6296180578156866	0.8333333333333334	0.7918754628294535	False
1	2028-04-01	FGA	tropics	0.2597270376491536	0.06748400064353652	13.97546944020443	0.01858449469339288	0.3686654338257733	-14758.166393911184	10	219.0	218.64257127991002	0.7884280883381237	0.7610264989462454	0.9459459459459459	0.9114056894690664	False
2	2028-04-01	FGA	tropics	0.04982997073481498	0.006311861308976444	2.387871336756266	0.02086794626150379	-0.5834503812811396	-115.78303620446567	32	580.0	580.0520830112372	0.6448393845329694	0.6209624186578331	0.9166666666666666	0.7490167429376082	False
3	2028-04-01	FGA	tropics	0.06974483053933142	0.0048995277248502925	4.569346203192729	0.015263634541545303	-0.8240905648670889	-1484.810445153757	14	247.0	247.00160490403653	0.45998215923027946	0.4377380886142772	0.6590909090909091	0.607384200392969	False
2	2028-10-01	FGA	tropics	0.16589785151918174	0.02767533996621335	13.09810932326492	0.012665786139417332	-0.25891273827828915	-984.3049185239652	31	585.0	584.9785137388656	0.5503797257481068	0.5473819578439172	0.9166666666666666	0.7834830031049839	False
3	2028-10-01	FGA	tropics	0.07642542815873368	0.011780772255809466	4.844677723649189	0.01577513149856483	-0.8490198145524819	-195.20212732884443	40	1338.0	1337.9703684963506	0.7426921436897997	0.7418259632239291	1.0	0.9701300824642956	False
2	2029-04-01	FGA	tropics	0.23476865980413414	0.05514080118870699	19.759363993614556	0.011881387471783102	-0.30277120189598433	-18689.02452343576	5	75.0	74.93624468693916	0.2806538063738525	0.2373960254546267	0.34375	0.28038181471387025	False
3	2029-04-01	FGA	tropics	0.07985294719799958	0.009652439608274499	4.142907464028851	0.019274615204739578	-0.5096258891029949	-241.9891921386836	47	1402.0	1401.4930449386372	0.9325745835113365	0.9201776009968125	1.0	0.9925214367189175	False
3	2029-10-01	FGA	tropics	0.026538506962810293	0.0008422623267876773	1.4791055408510014	0.017942267289149223	-0.08909276609753095	-36.95145691294578	20	320.0	319.76070698426514	0.9762844611528821	0.9538813728193569	1.0	0.9816607188843651	False
4	2030-04-01	FGA	tropics	0.1740680304230607	0.030388508006955684	18.54020635790019	0.009388678155078267	-0.30051049107933797	-15732.48182197336	19	379.0	378.6842142698867	0.8916125405322081	0.8886791314610631	1.0	0.903379221407602	False
4	2030-10-01	FGA	tropics	0.034843122209998634	0.001558116641815712	1.4444197924112874	0.024122573224943267	0.4534245597110463	-28.830788101572654	45	1319.0	1318.8620057721091	0.6750600398829479	0.6714338368645455	1.0	0.9129303678503177	False
5	2030-10-01	FGA	tropics	0.18651302855957128	0.03488147604537158	7.320878872274462	0.025476863067073956	-0.2688891917552282	-890.0935925992169	22	1161.0	1161.0019947074188	0.5218564240107001	0.5124167622813499	0.832	0.8149770457663095	False
4	2031-04-01	FGA	tropics	0.10887278244711229	0.012174206566011606	3.7739786782899287	0.02884827703807932	-0.29199618173443415	-97.37304601606287	32	1015.0	1014.9393469743311	0.4103173135284096	0.407228022775296	0.90625	0.7934143430013174	False
5	2031-04-01	FGA	tropics	0.21455281089641465	0.050957749486313604	7.167329338727401	0.02993483357003233	0.684764847656187	-167.83588368848442	47	2249.0	2249.337397246236	0.6147178143886732	0.6120265425292486	0.8860759493670886	0.8359766631017915	False
6	2031-04-01	FGA	tropics	0.05999655409982646	0.0036078491768374446	3.666790163814662	0.016362145478597663	0.8253781293121728	-391.73378046570576	7	116.0	115.81790379184433	0.5423337722185648	0.5006119994025698	0.7142857142857143	0.7102853944195087	False
4	2031-10-01	FGA	tropics	0.002324041312688631	5.957178540458196e-06	0.0895381551995548	0.02595587665960965	0.9733445620468344	0.3397662194451819	5	63.0	62.92131033076881	0.15035249587239058	0.139045449721822	0.17647058823529413	0.15942425319141884	True
5	2031-10-01	FGA	tropics	0.002015654952324205	6.869275397024694e-06	0.10089039727944382	0.01997866007744317	0.7495792708736472	0.34704305744095443	21	796.0	795.9546491888598	0.7043871357018374	0.6857192031315277	0.8860759493670886	0.8482660021314617	True
6	2031-10-01	FGA	tropics	0.0025527630430206743	1.1569988986659562e-05	0.1521316273269864	0.01677996277219762	0.9010195551337601	0.7668445051692555	33	1478.0	1477.5733511466576	0.8584059820869708	0.8334228132409508	1.0	0.9980150444110725	True
6	2032-04-01	FGA	tropics	0.21337364448717644	0.04666424997076217	15.435467208735453	0.013823594815868034	0.0071736250869363916	-655.644074424892	46	1964.0	1963.7301243738966	0.965144328521567	0.9617403923717971	1.0	0.9839909626462411	False
6	2032-10-01	FGA	tropics	0.305953994138392	0.0938487781573962	21.425395782828733	0.014279969305565743	0.5055829395058584	-39722.86540549234	21	521.0	520.9012459561272	0.9735457510870847	0.9603875307234098	1.0	0.9666647014023468	False
7	2032-10-01	FGA	tropics	0.10224549901779723	0.010465267445196585	2.248350500297296	0.045475782803560856	0.8984895680183846	-547.6953622367996	5	103.0	102.95973988611645	0.8007346326836581	0.8118628047313301	0.8275862068965517	0.9502238407365124	False
7	2033-04-01	FGA	tropics	0.18583072635415332	0.03682114910918976	3.2189813872269886	0.057729667866839814	0.9288972441392497	-63.55550647816824	31	2355.0	2354.997217139072	0.7392434177689681	0.7099643493474368	0.94	0.8879925096670527	False
8	2033-04-01	FGA	tropics	0.04840403787062129	0.0024730528578368154	1.2881077182498206	0.03757763204492624	0.23180627483385385	-17.415800834138217	19	864.0	863.9950118467416	0.32209791569594304	0.31498865467125375	0.6451612903225806	0.643515717268024	False
7	2033-10-01	FGA	tropics	0.11869240267817811	0.01467263223352942	3.3237583061076768	0.035710298928797304	-0.31868688632305925	-45.26677764467599	29	2266.0	2265.940830363744	0.6156297550766505	0.6163596614529602	0.94	0.8918845390317734	False
8	2033-10-01	FGA	tropics	0.21954900845663156	0.05299031965736423	4.98848805723594	0.04401113241880366	0.5833965251086222	-156.09021794091407	42	1602.0	1601.9930243456947	0.6259193676026701	0.6262595079037903	1.0	0.9823314610520022	False
7	2034-04-01	FGA	tropics	0.11403339607359146	0.013065025732070043	3.806515302759231	0.029957424837076578	-0.989870556491269	-13394.962828224614	3	37.0	36.993379699300235	0.18181308673111954	0.20445156563578112	0.19672131147540983	0.2384942181502297	False
8	2034-04-01	FGA	tropics	0.23983265120952177	0.05770290292447002	13.87310990733242	0.017287591088913805	-0.7729432949447748	-10192.817256433254	20	562.0	561.886112692376	0.9080355557320612	0.8940226546021302	1.0	0.9553344665630025	False
8	2035-04-01	FGA	tropics	0.11769610466038256	0.026682959326761947	18.426507093092464	0.006387325827177699	0.8363730271067347	-3041.121948238669	23	306.0	305.42994404369205	0.5574327130874647	0.5460816862640481	0.9444444444444444	0.8724579213440989	False
9	2035-04-01	FGA	tropics	0.07062038143120743	0.005028236466084165	4.574043785535687	0.015439375909458366	-0.7164034105176371	-1781.2794093919765	15	310.0	310.0100289866466	0.595474481065988	0.5810639453605838	0.7105263157894737	0.7207331906103752	False
8	2035-10-01	FGA	tropics	0.21366199747758652	0.04596387796220395	17.66903897683182	0.012092451533880626	0.7840223870042691	-2811.6948620007606	29	385.0	384.0454502590933	0.4200158409588159	0.40461091995026094	0.8235294117647058	0.7301448341109104	False
9	2035-10-01	FGA	tropics	0.17676581376228795	0.03144166846241382	11.303739679243382	0.01563781710993187	-0.7044147304887804	-649.6356184005816	41	1377.0	1376.8989123341612	0.7360389859667478	0.7322213527693224	0.9523809523809523	0.8625796158708516	False
8	2036-04-01	FGA	tropics	0.05991178936172992	0.003771419267384603	4.453866388577185	0.013451635979782748	-0.9300663387736725	-436.57572174096737	7	88.0	87.89325608842078	0.22147973872456034	0.2203031395486668	0.3064516129032258	0.28134690549317837	False
9	2036-04-01	FGA	tropics	0.20914328876392904	0.04391524987071727	17.03827613617852	0.012274908980952657	-0.5111899152460773	-1105.008616372845	37	1245.0	1244.9351626718671	0.8262064356310708	0.8129961005482783	0.9565217391304348	0.886600748660787	False
10	2036-04-01	FGA	tropics	0.010242904636494339	0.00010491709539231723	1.0	0.010242904636494339			1	11.0	10.680882092627684	0.6875	0.5577185466257921	0.6875	0.5577185466257921	False
9	2036-10-01	FGA	tropics	0.1902730635901694	0.03633994415571819	14.327189180260786	0.013280557769999797	-0.5975677730224873	-21018.167583954677	11	195.0	194.9624238652818	0.7934996993428246	0.7639865610525536	0.875	0.9033984428982558	False
10	2036-10-01	FGA	tropics	0.021784434943739904	0.0026872776906259996	2.5504408994181604	0.00854143883463822	-0.6289356774490034	-418.47456404058903	22	312.0	311.94254529450524	0.8676018195614311	0.8608147016652048	1.0	0.9518028770468927	False
10	2037-04-01	FGA	tropics	0.1795023440577344	0.03232629924694662	35.01652054616354	0.005126218746408284	-0.08982112511612425	-7349.232936601363	42	600.0	599.3161164642975	0.9294342111154362	0.9210467759570042	1.0	0.9634963711846172	False
10	2037-10-01	FGA	tropics	0.1922825753031914	0.040585546944346546	3.45844723394632	0.055597949685583056	0.7518445384300185	-390.79404936249074	44	630.0	629.2812426968981	0.6875927106410173	0.6747293677769235	1.0	0.9758484060412338	False
11	2037-10-01	FGA	tropics	0.18382300578344846	0.033798082656051706	8.471706286228393	0.021698463045428187	-0.07149577805391868	-23647.863912331853	17	688.0	688.0223420867915	0.6301436686130915	0.6086817826073881	0.7647058823529411	0.7890320002438157	False
12	2037-10-01	FGA	tropics	0.06669861327943453	0.004484217330775485	2.0165307685591087	0.033075921438626664	-0.9990482357388673	-1958.1249072709952	3	53.0	53.14135343533117	0.15975190370916237	0.140374858207158	0.211864406779661	0.15633203765142076	False
10	2038-04-01	FGA	tropics	0.21734393346139616	0.04728736473754052	15.92911795175821	0.013644442468166065	0.8041298159603619	-2744.6214487874154	24	345.0	344.9321511207954	0.4006899946727694	0.38118205788298504	0.8666666666666667	0.8033987354133707	False
11	2038-04-01	FGA	tropics	0.08976608026424696	0.009480145933059087	1.9093303268456543	0.04701443171048706	-0.7909438900888678	-27.597328609241014	37	2001.0	2001.0377878155145	0.5429748313026868	0.5387871723566444	0.7647058823529411	0.6813198566334285	False
12	2038-04-01	FGA	tropics	0.07545182951555339	0.005726795120850657	2.0068317726219225	0.03759748601995457	0.9349608082150799	-23.18659592810121	29	1577.0	1577.0113000468027	0.533815737155414	0.5349675398004087	0.9473684210526315	0.9635215597988893	False
11	2038-10-01	FGA	tropics	0.04117682228424269	0.002116174097363701	1.3946968075507569	0.029523852109874533	-0.911641320913181	-28.912511417120996	18	1046.0	1046.0813640480605	0.42585997833662437	0.40131747304519627	0.7313432835820896	0.6800909461243142	False
12	2038-10-01	FGA	tropics	0.08699208700326973	0.008059432691245481	2.526406560840119	0.034433130578295286	-0.6168397359930174	-36.369828425666746	35	1670.0	1669.9138927451381	0.7318354912494129	0.7250224638035312	1.0	0.9414753557717622	False
12	2039-04-01	FGA	tropics	0.08756691575855571	0.007678809893439502	4.648731029741512	0.01883673527212539	0.09224601919130793	-9361.908150245843	9	131.0	130.9255865138938	0.9224001441392746	0.931079712364654	1.0	0.9337356605129719	False
13	2039-04-01	FGA	tropics	0.17357416332912845	0.030245823612395913	9.772828224377305	0.017760893708963974	-0.9562029987743789	-1767.7012641263725	8	130.0	129.97179458579748	0.5945871462602874	0.5819700834443262	0.8125	0.6482294158637079	False
14	2039-04-01	FGA	tropics	0.07566890976611236	0.005804289028588353	3.0995377277735248	0.02441296619430641	-0.9259015394923635	-1568.975068192942	5	71.0	70.8208506823625	0.4389946673660285	0.4114900762929038	0.5	0.45039470880226234	False
13	2039-10-01	FGA	tropics	0.1643261472932564	0.031720018318806976	8.784338933814531	0.018706717549421676	0.8828901653499034	-314.5578390933521	34	1062.0	1061.9094076904883	0.45246414587674577	0.4493717740505439	0.8125	0.631635110125285	False
14	2039-10-01	FGA	tropics	0.17661669118760231	0.03162206947765273	6.789986525632428	0.026011346343747275	0.9823037480958783	-218.26410836054853	31	1463.0	1462.7596096525315	0.5614765398316898	0.5571514675325528	0.7215189873417721	0.6603294604023712	False
13	2040-04-01	FGA	tropics	0.19378122568526926	0.03765881019518274	10.564069260558194	0.018343426278807837	0.7197886074290544	-410.55219963767695	30	984.0	983.9495591410548	0.3878954926448919	0.3789665136338955	0.5555555555555556	0.5050766243548352	False
14	2040-04-01	FGA	tropics	0.22017031297314713	0.048667056767731746	11.268959786227725	0.019537767207424648	0.7774466743802821	-314.2559402078234	35	1615.0	1615.0150313463714	0.6134776095500337	0.6088993281063287	0.7894736842105263	0.6554364819332763	False
13	2040-10-01	FGA	tropics	0.2565288764459454	0.0658093360167448	12.3708153856773	0.020736618278448304	-0.44353556240249425	-41604.504022165194	4	51.0	50.85673482149991	0.32111708482676227	0.3309671548388451	0.3548387096774194	0.35115061018589633	False
14	2040-10-01	FGA	tropics	0.11511415294555727	0.01326840957389319	5.998380513963989	0.019190872049143288	-0.6258692693553586	-2596.2272866668673	9	193.0	192.9787061913349	0.6721618999821225	0.6361442914363717	0.7894736842105263	0.6460036251381315	False
15	2040-10-01	FGA	tropics	0.19045253116461325	0.03656391580712215	31.42094552425795	0.006061323998591257	0.9995031625906408	-3016.228269911152	3	35.0	34.29806604176525	0.8584401709401709	0.6380961237367576	0.9166666666666666	0.670729831286222	False
16	2040-10-01	FGA	tropics	0.06325152884467805	0.00400075590118914	2.8543699709904513	0.022159541155321958			1	11.0	10.948358180056701	0.7333333333333333	0.6572411142695542	0.7333333333333333	0.6572411142695542	False
15	2041-04-01	FGA	tropics	0.001793485791068439	5.898602056893996e-06	0.47872199339388954	0.003746403582491707	0.9121949608400889	0.15343606362971396	3	35.0	34.491895299539664	0.8584401709401709	0.6151553786012797	0.9166666666666666	0.6639655125468437	True
16	2041-04-01	FGA	tropics	0.004896950610568788	5.265404453446331e-05	0.2337883959714715	0.020946080707813865	0.7892141608325209	-0.24215021850445662	27	1341.0	1340.997068640731	0.8707253246691856	0.8528531129232694	0.9743589743589743	0.9524426038936012	True
16	2041-10-01	FGA	tropics	0.005023345130795126	5.276910557165922e-05	0.25416646921347896	0.019763996196429545	0.9017083762687036	0.519121972802697	44	2298.0	2297.9528242083015	0.7312314775895586	0.7308177223147706	0.9743589743589743	0.9202551667222161	True
17	2041-10-01	FGA	tropics	0.013243347170324419	0.0005776271885828366	0.14462596368044234	0.09156963821230743	0.4841290786861091	0.04426024453293387	21	391.0	390.8322690470741	0.1644033461992078	0.14896407321857122	0.28703703703703703	0.18665046541396396	True
18	2041-10-01	FGA	tropics	0.009612733079289896	0.00014589970760884045	0.2987737743619312	0.0321739520137572	0.3881495283089715	-1.3246334136800564	16	1806.0	1806.0013393490199	0.6328885191717326	0.5947334130588708	0.9294117647058824	0.9632558307728685	True
16	2042-04-01	FGA	tropics	0.00943019468602922	0.00016445785392289777	0.627065100549979	0.015038621472887417	-0.35243814569720744	-5.867411569102339	18	830.0	829.9786797519627	0.5126921020566587	0.48728483533507677	0.8839285714285714	0.8698501621973563	True
17	2042-04-01	FGA	tropics	0.011021643990698786	0.0002264255892771586	0.4712888210416207	0.02338617743221505	0.7630220145070079	-2.614459395709674	21	391.0	391.0720195937575	0.1644033461992078	0.15530395228525654	0.28703703703703703	0.18450956300077137	True
18	2042-04-01	FGA	tropics	0.008397847371646271	0.00010996994884828297	0.2701617112064073	0.031084520949122205	0.9008924263111501	0.7659053529601966	37	3715.0	3714.996426881254	0.8102672916887788	0.7916069877190974	1.0	0.9813439991304941	True
18	2042-10-01	FGA	tropics	0.24431596268763664	0.06052037135334644	7.972645288592905	0.030644278510320637	-0.9754872066674108	-1536.902878580258	19	1483.0	1482.9570868070302	0.9448536678562417	0.9422990954055095	1.0	0.9664896541866153	False
19	2044-04-01	FGA	tropics	0.0013973785725182233	2.929759350963626e-06	0.11455426928497416	0.012198398027767914	0.8649956994635996	0.727757813247517	31	719.0	718.9829180756935	0.9912862789614947	0.9886453491833815	1.0	1.0	True
19	2044-10-01	FGA	tropics	0.007696772442213867	8.384681503421019e-05	0.7414703827447872	0.01038041791193578	-0.5729667569043744	-2.2972961571004484	48	1171.0	1172.2464292851282	0.9615183138216151	0.9618875018855936	1.0	1.0	True
19	2045-04-01	FGA	tropics	0.0027642848787316323	1.2602845248106698e-05	0.2562363680247077	0.010788027086245171	-0.7412431764066799	-1.3202890224216728	25	508.0	508.0719086519745	0.9199717729595761	0.9129309088818731	1.0	0.9690669488564598	True
19	2045-10-01	FGA	tropics	0.0036371200705082327	1.6388019623679028e-05	0.33672910785505944	0.01080132363274571	-1.0	-5.249170692773499	2	25.0	24.500151319605106	0.8438914027149321	0.7280656759275669	0.9230769230769231	0.7956110820426583	True
20	2045-10-01	FGA	tropics	0.0011596291189579595	1.701550662190503e-06	0.3100108409558725	0.0037406082812536973	1.0	-3.3394957739334803	2	22.0	21.63114783860204	0.9166666666666666	0.9219876439465458	0.9166666666666666	0.9497113979261504	True
20	2046-04-01	FGA	tropics	0.1845697227151688	0.038260167463698785	38.74267551883738	0.004763990102475698	0.4267089170379088	-9790.917901693441	9	114.0	113.68424115463239	0.9735449735449736	0.9683937324962115	1.0	0.993676416699422	False
20	2046-10-01	FGA	tropics	0.07985028896391294	0.006437836401014988	13.31577259386241	0.0059966696187585865	0.04942406058704017	-1379.3760224658977	22	298.0	296.5657999533403	0.9582306582306582	0.9418432788720181	1.0	0.9961171738764428	False
20	2047-04-01	FGA	tropics	0.1311614758305716	0.01932980557512107	18.6892099587099	0.007018032122296601	0.34810970921376816	-3087.1303238348733	21	281.0	280.19756851927974	0.8588210070352928	0.8094679973529095	1.0	0.9909720787432891	False
21	2047-04-01	FGA	tropics	0.18600340051389322	0.03464606925180526	19.069571743132972	0.00975393695355921	0.8673540319138237	-33549.0649605833	3	34.0	33.681294749845556	0.6126984126984126	0.48476102299581686	0.6666666666666666	0.5984664675563678	False
20	2047-10-01	FGA	tropics	0.09128211566833205	0.00920548370727098	16.40429071086021	0.005564526822723285	-0.5035232337460644	-2060.280985303348	10	121.0	120.05505957576976	0.6152187810608114	0.49533763582874374	0.9285714285714286	0.7395919574864769	False
21	2047-10-01	FGA	tropics	0.1566090761695308	0.030460611785960334	19.390692326293046	0.008076507714847025	0.24528995504442094	-10020.756453093712	23	371.0	371.5699725723649	0.5802150714726473	0.5605141305884654	0.7777777777777778	0.5878766273440232	False
22	2047-10-01	FGA	tropics	0.06092380554307324	0.003711710081850201	16.104651020971023	0.003782994456926758			1	11.0	10.896912790508892	0.3333333333333333	0.2606495687412136	0.3333333333333333	0.2606495687412136	False
20	2048-04-01	FGA	tropics	0.2242040763028752	0.050307814391099326	45.314789114623295	0.0049477020788015426	-0.8131925758227723	-10684.85474452528	3	36.0	35.686030906018615	0.42314990512333966	0.2680165425678342	0.5	0.3160286486768425	False
21	2048-04-01	FGA	tropics	0.07824102593375251	0.009819660085750042	7.441319249299999	0.010514402528975302	-0.8113338310642535	-451.05092010068836	42	672.0	672.4427745599846	0.5089626173993251	0.4976359945319875	0.7241379310344828	0.5649850139142851	False
22	2048-04-01	FGA	tropics	0.15118330188478077	0.03200488385971163	20.26153996027855	0.007461589897962639	0.4682429321950393	-8705.548788621829	25	431.0	430.6491029836792	0.5187198925839883	0.5049732178383622	0.7435897435897436	0.6969204277073832	False
21	2048-10-01	FGA	tropics	0.12330415605108484	0.015246865824513683	14.436124637449467	0.008541361282737572	-0.2021690082921127	-1464.885127753068	20	314.0	313.8903554200914	0.45769461252431026	0.43288992349355615	0.6388888888888888	0.4933697094132496	False
22	2048-10-01	FGA	tropics	0.21554979082969677	0.05393423785165372	32.67590596796014	0.00659659723103166	0.659519880809272	-5039.321298519596	47	774.0	773.6381801607502	0.6319899047178728	0.6324555664277656	0.9333333333333333	0.7764362504080091	False
22	2049-04-01	FGA	tropics	0.0025513599715510293	8.8067001697315e-06	0.32083726269076834	0.007952193427139724	0.44500606663286196	-0.28656920902383387	22	328.0	328.1258006708085	0.7096117103000288	0.7010410322856602	0.9333333333333333	0.8052209002410619	True
23	2049-04-01	FGA	tropics	0.005119790612525522	3.803972432605025e-05	0.26006630341554593	0.019686482044330385	0.6916197110273135	-1.9535030939921545	19	731.0	730.9999748511749	0.8368991293779339	0.816091281525063	0.9777777777777777	0.9717694843985634	True
22	2049-10-01	FGA	tropics	0.00470837739939523	2.3655452944660135e-05	0.608946446231005	0.007732005710086857	1.0	-14.179207632543669	2	21.0	21.09213051968912	0.5744047619047619	0.5021828381834679	0.625	0.5228482357522267	True
23	2049-10-01	FGA	tropics	0.001611815146002639	3.91067158331993e-06	0.07078092858582366	0.022771884718187505	0.9958840148246253	0.9776992795379141	46	2357.0	2356.946491052395	0.858762889940614	0.8535597354961915	0.9777777777777777	0.9660684095939852	True
24	2049-10-01	FGA	tropics	0.00035601165830972514	1.2674430085244047e-07	0.058335282679791045	0.006102853058309725			1	11.0	10.932236441049781	0.125	0.06853120370596466	0.125	0.06853120370596466	True
23	2050-04-01	FGA	tropics	0.036197499001759406	0.0015087045541541813	2.0270751202231163	0.017857009165883904	-0.9399128614101949	-25.901996149573332	29	1510.0	1509.8354649488676	0.8467840623192101	0.8465153056040625	0.967741935483871	0.9645631954494611	False
24	2050-04-01	FGA	tropics	0.20986475470880925	0.044150349148878935	7.727828499522287	0.0271570150297438	1.0	-280.18164102681874	2	22.0	21.775417766745317	0.2662037037037037	0.16520997924047803	0.4074074074074074	0.28279180109307583	False
23	2050-10-01	FGA	tropics	0.19208476836750596	0.03690049856544473	8.821330484965339	0.021775033674895892	0.19431470826071573	-9047.282435342318	3	43.0	42.76806402691402	0.6175308641975309	0.6448451378296488	0.76	0.6892913146191619	False
24	2050-10-01	FGA	tropics	0.17448181096937235	0.030443902359151783	10.16511265942691	0.017164769030627674			1	11.0	10.779513200523667	0.4074074074074074	0.24815804865964833	0.4074074074074074	0.24815804865964833	False
25	2050-10-01	FGA	tropics	0.12988210962324162	0.024898377103686854	5.946686954677557	0.021841087417772798	0.8843896063681137	-750.1604822042532	24	1083.0	1082.7924255303974	0.8200585875626585	0.8207134181146151	1.0	0.964520068018185	False
25	2051-04-01	FGA	tropics	0.0013988344654673902	2.9776016016064653e-06	0.06204894734714454	0.022544048292090224	0.9920169706947003	0.981587650211207	48	2238.0	2238.005910963586	0.8981466840827675	0.8977555837370771	1.0	0.9829461459714198	True
25	2051-10-01	FGA	tropics	0.10790431653361449	0.015188992838190161	7.097537426094856	0.015203064113039082	-0.5684985796577822	-1452.4015677780703	30	1121.0	1120.9744321613684	0.9125987953292056	0.9134119418208247	1.0	0.9769554234058347	False
25	2052-04-01	FGA	tropics	0.20447307157614433	0.041833463074202194	11.432362428298012	0.017885460932380987	-0.6506588159210978	-14111.76356458533	3	37.0	36.79074258387327	0.8465811965811966	0.7747511605355241	0.9230769230769231	0.805233623974162	False
27	2052-04-01	FGA	tropics	0.014078099978089651	0.00019819289899308785	1.0	0.014078099978089651			1	10.0	10.004485012029381	0.8333333333333334	0.8348947520094915	0.8333333333333334	0.8348947520094915	False
27	2052-10-01	FGA	tropics	0.10986464338850171	0.021408866497995907	19.384351904975894	0.0056676975287628705	-0.5128251264253663	-7771.2644855820035	15	181.0	181.4010538669937	0.810592963681199	0.7743935565563888	0.9333333333333333	0.8603938075338297	True
27	2053-04-01	FGA	tropics	0.06418310564531352	0.007848526474930059	7.842304435601787	0.008184215006234754	-0.4791820993137218	-1171.8416568700425	37	500.0	499.7756723205332	0.8207808471218757	0.8067720859983087	1.0	0.8646977423831573	False
27	2053-10-01	FGA	tropics	0.2270883619715111	0.0572075038644169	41.03047230333208	0.00553462705212558	-0.45449116257316213	-12665.008453078059	37	535.0	534.3898348911395	0.8387547705060157	0.8209928224045191	1.0	0.8476391163936985	False
27	2054-04-01	FGA	tropics	0.15811000992838703	0.025605995325224784	30.77607026277059	0.00513743335579951	0.2695231846436064	-3469.9543489121893	40	623.0	623.0504109948022	0.6985617586443957	0.67926556070758	1.0	0.8546534757421929	False
28	2054-04-01	FGA	tropics	0.1407579267681473	0.01982490150201805	14.223747012149262	0.009895980760056997	0.5076382826152064	-10806.806186892121	13	203.0	203.25984286593672	0.488178223652957	0.47256661614026735	0.6333333333333333	0.572794947791533	False
27	2054-10-01	FGA	tropics	0.17945504298943307	0.0324231408144439	22.496502876850688	0.007977019538183226	0.8614491943995176	-2559.152144724274	32	514.0	513.8236412578731	0.5334954796038393	0.5168583253606261	0.8461538461538461	0.7481041612626376	False
28	2054-10-01	FGA	tropics	0.1970212480147071	0.03946667173144943	15.298274321486359	0.012878658329324872	0.9703935873816487	-1209.3051386381426	40	721.0	720.905910639561	0.4793868638239256	0.4745907610801755	0.7142857142857143	0.5590072418909688	False
29	2054-10-01	FGA	tropics	0.03844085770040618	0.0015038028796243088	2.383194728409897	0.01612996925603914	-0.20504650233315075	-777.4218825725533	15	296.0	295.9307199209813	0.44386008089993456	0.4299041975265994	0.6851851851851852	0.677382914103715	False
0	2025-10-01	GARW	north	0.3241319425569574	0.12088126344526735	10.732532182084734	0.030200882425306323	-0.3496065401018924	-353.18928567108264	19	338.0	338.0664628962034	0.9929172958800804	0.9905295435478911	1.0	0.994093307957335	False
0	2026-04-01	GARW	north	0.011813841867552102	0.0002515946458181584	0.3028533915937532	0.039008451598914765	0.8591041753137195	0.49348794407976726	23	935.0	934.721957017777	0.8444021643001909	0.8381845981050811	1.0	0.9883314996057149	True
1	2026-04-01	GARW	north	0.018212227804380976	0.0004086520543379169	0.430254976442394	0.04232891843569269	0.9844252324369391	-2.62880229776221	8	313.0	312.99998212931484	0.3267940200241428	0.31217096463474336	0.42953020134228187	0.401373558623471	True
0	2026-10-01	GARW	north	0.001572062314247145	3.2648707572286976e-06	0.03425969081959411	0.04588664627843159	0.9988333840046828	0.9961251363799444	24	1121.0	1120.9755335291961	0.6115245397221117	0.6130142237424736	0.90625	0.8743982436186991	True
1	2026-10-01	GARW	north	0.0018915213607563122	4.720164551179938e-06	0.042794457447607855	0.044200148186761164	0.9994306981089153	0.9926980360447977	21	795.0	795.0271370283485	0.514500081312922	0.5026766846992763	0.8571428571428571	0.8123013271470753	True
0	2027-04-01	GARW	north	0.0016008195680905918	3.7930230406308673e-06	0.03531771656291453	0.04532624767059649	0.9948553736929535	0.9362715096364566	8	229.0	229.00000923608545	0.39900557550479143	0.37832597949164426	0.4778761061946903	0.4770707283629586	True
1	2027-04-01	GARW	north	0.002058919871788856	9.137504926564287e-06	0.06339787609756434	0.0324761647948638	0.9950271898564829	0.9832664918231638	27	1074.0	1073.6462751169677	0.678191296370071	0.6693964936490021	1.0	0.9050374006368231	True
2	2027-04-01	GARW	north	0.0018303181756517662	4.6112503608597915e-06	0.03600792140175707	0.05083098674955596	0.9979961202602278	0.9699052434196985	10	498.0	497.97076814732037	0.4299429168674941	0.41492416581944813	0.5986842105263158	0.6424957856090094	True
1	2027-10-01	GARW	north	0.0009639112769583235	1.682101672067388e-06	0.021589092893439788	0.044648067508719844	0.9988852822886829	0.9973178379834313	22	907.0	906.9640601298157	0.5818237614230639	0.5691307389386352	1.0	0.8778957193004576	True
2	2027-10-01	GARW	north	0.0022388639795973136	5.923653479103471e-06	0.04708692183309731	0.047547469497647654	0.9990861082487552	0.9931512641828207	24	1159.0	1158.9918323239995	0.6505584475307625	0.6217037603557802	1.0	0.9193869909589959	True
1	2028-04-01	GARW	north	0.0010638998105333463	1.8407023070295255e-06	0.02534798830822577	0.04197176508039086	0.9888442160865237	0.9223140093903456	4	95.0	94.9804600742886	0.25180218642503654	0.24416068748961325	0.3524590163934426	0.28013720967272543	True
2	2028-04-01	GARW	north	0.00450487604008848	6.982587990797038e-05	0.11873527232501782	0.037940503709438085	0.9388719520587743	0.8408928056351208	24	655.0	654.8240825154214	0.6736173168315341	0.6462142920127868	1.0	0.9078139671290963	True
3	2028-04-01	GARW	north	0.0029595469199850703	9.710413539013505e-06	0.07345222366490176	0.04029213510930444	0.9940357468146312	0.8695948013764031	8	268.0	267.89551166437997	0.6293267362703618	0.6125158648198139	0.7796610169491526	0.8061122904779043	True
2	2028-10-01	GARW	north	0.2144135933550544	0.05699660477096551	7.372199355388414	0.029084074238759885	-0.77587482045005	-224.3527757972042	16	245.0	245.07923189407592	0.4375360300751564	0.41442771302539233	1.0	0.7925989281165481	False
3	2028-10-01	GARW	north	0.2963817409681621	0.12327702260387627	8.103480209311474	0.036574623903887424	-0.9630501195510707	-251.22649875860216	22	708.0	707.9156215437612	0.7728480987263295	0.7622717709471499	1.0	0.9690615542320691	False
2	2029-04-01	GARW	north	0.0035559255433868057	1.2832697232501339e-05	0.129403931487799	0.027479269775679733	1.0	-2.0431571510534225	2	26.0	25.92927641104807	0.21658615136876005	0.17641068027415274	0.25925925925925924	0.18614749113391935	True
3	2029-04-01	GARW	north	0.010279374458036417	0.00021058561882904197	0.16282514460711794	0.06313137005245473	0.8448146939039975	0.6319429474394107	30	1099.0	1098.9502541658035	0.9030801529715049	0.9122446242485046	1.0	0.9780955434806738	True
4	2029-04-01	GARW	north	0.017981281069777956	0.00035727693817063353	0.39998600127083955	0.04495477594877733	1.0	0.1020586837809937	2	26.0	25.999469855402964	0.159789156626506	0.09607161042932089	0.175	0.11302421751531683	True
3	2029-10-01	GARW	north	0.007642018348663316	0.0001413104132935528	0.12094551040499595	0.06318563064534923	0.9046557938572475	0.7982546206831854	28	1078.0	1077.923066216623	0.895638088496989	0.8933020810650897	1.0	0.9777763340374248	True
4	2029-10-01	GARW	north	0.009463363876284067	0.00018508979147358496	0.2126851919599777	0.04449470030835455	0.9855217283656428	0.6158842487707628	3	37.0	36.36078893051151	0.17085358979778764	0.11621324260115229	0.19298245614035087	0.146014166492419	True
3	2030-04-01	GARW	north	0.006523527410508679	5.793537885860311e-05	0.13942022387511704	0.04679039546193816	0.8866509432770402	0.4345530452795692	9	254.0	254.00092787397705	0.8286513942809093	0.835666085946793	0.9142857142857143	0.8552884282956428	True
4	2030-04-01	GARW	north	0.0045559423599807886	2.3891280476588873e-05	0.21025780723161847	0.02166836237839195	0.8853886725360237	0.7126742463613466	8	123.0	122.9152293143492	0.7864071259594715	0.7678906004052742	1.0	0.9591079214924152	True
4	2030-10-01	GARW	north	0.0016740832830991093	4.080051126422381e-06	0.06620091169689678	0.02528791885471244	0.995894919394516	0.9811572381798377	15	246.0	245.95603975766713	0.8739272846127067	0.804996402514703	1.0	0.8137340885864458	True
5	2030-10-01	GARW	north	0.024964319843181083	0.0006232172652326448	2.02130909959634	0.01235057015681892			1	13.0	13.006582296758257	0.8666666666666667	0.7893940608514259	0.8666666666666667	0.7893940608514259	True
4	2031-04-01	GARW	north	0.008601293986982577	0.00011906364545239213	0.2827490513719445	0.03042023994509511	0.8552752394943026	0.5161306989381429	13	197.0	196.94801844705708	0.48762212942770017	0.44620457581264455	0.9411764705882353	0.9168253377990307	True
5	2031-04-01	GARW	north	0.0031048864735123733	1.4126207959054355e-05	0.04278075836084001	0.07257670486632785	0.9964375939147287	0.9920385800655493	27	4602.0	4601.985853022818	0.7883672153451875	0.7881533092375427	0.9276485788113695	0.9438746971755924	True
6	2031-04-01	GARW	north	0.00705444782465274	7.307017734649636e-05	0.07397294673063375	0.09536524008352565	0.9853230974966891	0.9521168803226354	15	661.0	660.9986156009802	0.26787934241104927	0.280692132402155	0.6666666666666666	0.6150539869339356	True
4	2031-10-01	GARW	north	0.00159654337818102	3.869983404415856e-06	0.052093321263024184	0.030647755594616806	0.9984023360134655	0.9890871114639609	8	123.0	122.81864760487281	0.047421596310981994	0.043387184134785255	0.08383233532934131	0.06745657474933636	True
5	2031-10-01	GARW	north	0.003070061651692061	1.5275963661960886e-05	0.051616418251360846	0.059478393807596674	0.9977972664238087	0.9911481195185939	23	4528.0	4527.929291311774	0.7806442539616445	0.7648078755703821	0.9276485788113695	0.9397755974562909	True
6	2031-10-01	GARW	north	0.015279478461479661	0.0009055266563981016	0.08281056200366237	0.18451122769585737	0.9337739603570984	0.7442677289848376	17	701.0	700.8401083417941	0.33533704815914245	0.34586197032443683	0.9047619047619048	0.7516939478378414	True
7	2033-04-01	GARW	north	0.009965314070454923	0.00014302372877061362	0.17612231493498376	0.056581779964302976	0.9802439079950963	0.875192916099672	25	3685.0	3684.974128052865	0.792169754450535	0.7801633900153733	1.0	0.978900100456886	True
8	2033-04-01	GARW	north	0.013699297832924943	0.0002461325189778388	0.2034370950685948	0.06733923244581241	0.999320558736331	0.8117035688687843	16	1298.0	1298.0504470592546	0.3052093360569582	0.30074746947189435	0.5	0.5404366017100448	True
7	2033-10-01	GARW	north	0.07793376161661442	0.009208252646316197	1.129319587786335	0.06900948363906297	0.5099928893139981	-4.496697896965234	26	3706.0	3706.0275187853017	0.7277319940281303	0.7308943178103574	1.0	0.9515817031530296	False
8	2033-10-01	GARW	north	0.05501786395704141	0.004235896118528177	0.8022150710270327	0.068582436236962	0.13390739562971576	-1.4859333876214733	20	1389.0	1389.0192261225254	0.3725385959879553	0.36242417060117277	0.6842105263157895	0.6903932499020463	False
9	2036-04-01	GARW	north	0.11678600547239498	0.016649304001093008	2.8094092203835417	0.04156959570896949	0.9860999760610225	-27.670669878201913	18	1156.0	1156.019835579693	0.5407079152226157	0.537067693512894	0.9411764705882353	0.7997067548734822	False
10	2036-04-01	GARW	north	0.047455452414097384	0.003881957126905483	0.8757714322843717	0.05418702947447608	0.9942671434258443	-7.258568081716916	15	1446.0	1446.1005997150446	0.5207472686637448	0.496028251564491	0.726027397260274	0.7672573016106029	False
9	2036-10-01	GARW	north	0.07982382828440765	0.010476620381284453	1.4873726375561338	0.05366767296160851	-0.13500911351010048	-10.481582183810813	22	1253.0	1252.9177794720774	0.4798761048811795	0.4815946425147412	0.9411764705882353	0.7889516968323671	False
10	2036-10-01	GARW	north	0.11408222675204684	0.02027890272960214	2.1129722289049964	0.0539913517042141	-0.5185265930355976	-13.987673624413025	24	1934.0	1933.9916062917202	0.637848053591174	0.6217385592464436	0.9523809523809523	0.9058013542884158	False
9	2037-04-01	GARW	north	0.3871525267685092	0.15212356813532746	7.734706274215689	0.05005394038802941	-1.0	-21880.669853395833	2	32.0	31.939261792739998	0.16165123456790123	0.19481591676335142	0.1875	0.20336891338146543	False
10	2037-04-01	GARW	north	0.41903676292584685	0.1853652693657853	8.666772223935723	0.04834980683680128	-0.9938014723367129	-5036.0643272606485	7	290.0	289.9834683742587	0.8569105172107243	0.8248150247940425	0.9523809523809523	0.8566588664633003	False
11	2038-04-01	GARW	north	0.029927122559198036	0.0011667786890402574	0.45253807949738156	0.06613172220211183	0.9835732136590024	0.046484701355859914	23	1782.0	1782.0444769453134	0.5410038709122204	0.535614162521184	1.0	0.8653007557694098	True
12	2038-04-01	GARW	north	0.02956574704708017	0.0011514785151076744	0.4901455505345071	0.0603203416104431	0.9978343711636917	0.03354803185731581	17	2639.0	2639.018905680117	0.5671013415442436	0.5537620470806272	0.8174603174603174	0.8321419263423244	True
11	2038-10-01	GARW	north	0.11273884299351201	0.015786334616448346	1.7847453989785418	0.06316802556714	0.5317932942810782	-11.925691624156896	23	1789.0	1788.9456224811975	0.5150250188464117	0.505301926342239	1.0	0.9095045977739624	False
12	2038-10-01	GARW	north	0.13469008349789172	0.025785391462485416	2.0813478842241153	0.06471291249233017	-0.12019336727523867	-12.404277311057156	22	2854.0	2854.017569768618	0.6295041915737069	0.6270625930515328	0.9666666666666667	0.8832449176330599	False
12	2039-04-01	GARW	north	0.003917171087384715	2.469643372768927e-05	0.0758500804522745	0.05164359831957504	-1.0	-5.8384040100793415	2	47.0	46.79319912100544	0.8924242424242425	0.8295915344860778	0.9666666666666667	0.850059834783175	True
13	2039-04-01	GARW	north	0.02240025359415422	0.0005017713610824191	1.0062762757817665	0.02226054030415422			1	12.0	11.992313707858532	0.75	0.6895319766028944	0.75	0.6895319766028944	True
13	2040-04-01	GARW	north	0.007280191652022499	6.999260095208809e-05	0.24174495696534432	0.030115174866155163	0.997921429324568	0.7967977709577145	13	192.0	191.88132634344996	0.07803973985670244	0.0731585900756277	0.17567567567567569	0.0982612784094993	True
14	2040-04-01	GARW	north	0.006005475452213594	8.612711793826142e-05	0.2061820789969327	0.02912704868158273	0.9601885602517164	0.7116092281498345	16	323.0	322.9995830525513	0.15282331336308502	0.15399564722036005	0.45454545454545453	0.3431990574771119	True
15	2040-04-01	GARW	north	0.0016905289842878608	3.960797521618457e-06	0.03288346515627651	0.051409697130571023	0.9990238778512279	0.9939496206836484	18	2296.0	2296.0433681659697	0.7303227850411883	0.7102530450417961	0.8415094339622642	0.8243853019074594	True
16	2040-04-01	GARW	north	0.013027547093705903	0.00017139606958325624	0.9742021636119435	0.013372529419771644	1.0	-9.931708244785911	2	31.0	31.000000187292883	0.077627229012222	0.05003649904073526	0.08152173913043478	0.05199689333545482	True
13	2040-10-01	GARW	north	0.037399907549320315	0.002701386763940127	1.2780511886361328	0.029263231302363937	-0.2685363357370024	-6.614078168703577	13	192.0	191.94510825074286	0.07803973985670244	0.06598883055812037	0.17567567567567569	0.0897479791950328	False
14	2040-10-01	GARW	north	0.044635373111559344	0.002625104861709016	1.076795694529386	0.04145203527310467	0.5213953294677942	-3.5999617188626285	15	313.0	312.67794353065494	0.13270850395092706	0.1463970039441301	0.25	0.2725834238123287	False
15	2040-10-01	GARW	north	0.09716784793866891	0.015025643550743475	1.730001331552608	0.05616634286140381	-0.3127616771091784	-9.46821298887753	24	2671.0	2670.90912818565	0.745834889137757	0.7410623723902515	0.8415094339622642	0.8173055828615824	False
16	2040-10-01	GARW	north	0.15659523369222111	0.02591302280509753	7.974962697963799	0.019635857824413856	-0.9984892110029613	-250.8699360031804	4	62.0	61.36125055027847	0.10428564247813896	0.0789644527310944	0.15	0.10310821466518026	False
15	2041-04-01	GARW	north	0.010665989627095144	0.00014637849721883087	0.18437554698678046	0.05784926364372974	0.947721958571083	-1.6511835429222677	5	179.0	178.9571983097295	0.736502007369521	0.7369542614714168	0.8333333333333334	0.8300856764830782	True
16	2041-04-01	GARW	north	0.011891351799168972	0.0003086624583425765	0.430523412673043	0.027620685540276874	0.16307238156963458	-0.4117936592445455	8	115.0	114.45609893346386	0.1865804694520798	0.14708438695411474	0.30303030303030304	0.2671009972198224	True
17	2041-04-01	GARW	north	0.010960039600557808	0.0001574392627007971	0.16006223005416542	0.068473615523468	0.9960458066773232	0.2757329829759093	11	677.0	677.0595028495959	0.7684867817009567	0.7543211272134964	0.8833333333333333	0.8272987260341051	True
18	2041-04-01	GARW	north	0.016386571086792787	0.00026870251148834436	0.3120967508533562	0.05250477950182919	1.0	-323.0635463566224	2	30.0	30.29752690518799	0.09762931034482758	0.08185947212857064	0.1125	0.09070331157709387	True
16	2041-10-01	GARW	north	0.008133936520688324	8.38555281775006e-05	0.1949951346459124	0.04171353575287183	0.9975870495962318	0.8291086058033331	10	138.0	137.61483847057008	0.15495590369510664	0.14802453213655392	0.30303030303030304	0.34328691908839265	True
17	2041-10-01	GARW	north	0.0033766318295995273	2.2764624517137146e-05	0.05419683960165721	0.06230311314123708	0.9953903031616623	0.9821008373945975	25	1790.0	1789.996367138437	0.6640617180540132	0.6357775591360116	0.8833333333333333	0.7760690501502706	True
18	2041-10-01	GARW	north	0.003965443522486257	2.2495417178457693e-05	0.06375853964285665	0.062194704343899385	0.9749255477094618	0.9463453315494245	29	880.0	880.0377933009565	0.5597036971708925	0.5658704012540817	1.0	0.9499599361078834	True
16	2042-04-01	GARW	north	0.03168163347702213	0.0010037258997723695	2.447388092192587	0.01294507952297787			1	12.0	12.053572298398473	0.0670391061452514	0.05240671042111597	0.0670391061452514	0.05240671042111597	True
17	2042-04-01	GARW	north	0.008461882587036167	0.0001425936968662023	0.22314763910331437	0.03792055618889353	0.974819950183229	-0.4004142254532437	12	826.0	825.9906760667641	0.5509726248922686	0.5142720587081927	0.7430167597765364	0.7624253949686004	True
18	2042-04-01	GARW	north	0.016352684606816013	0.00045614997127959466	0.28242288469904797	0.05790141483839584	0.39367631497250827	0.100841977997983	50	4554.0	4554.001280579753	0.821881381506985	0.8216416414896871	1.0	0.9988392065173672	True
18	2042-10-01	GARW	north	0.20928337243743722	0.05267297218900832	3.868087707563347	0.05410512590710427	0.2756330103698059	-55.690722077173746	27	3768.0	3768.054296995246	0.975205756545533	0.9773191461504939	1.0	0.993253515148748	False
20	2045-04-01	GARW	north	0.009483482259167366	0.0001516865297811271	0.24274260309021337	0.039068058669713225	-0.2824800319359937	-1.1176435087771188	9	302.0	302.0027699522895	0.8708082605724116	0.8741358576375168	0.9807692307692307	0.9379925300230616	True
20	2045-10-01	GARW	north	0.14170832517271975	0.030974812165532894	3.6748993853392915	0.03856114421473781	-0.8970003235610775	-55.41955036681507	21	722.0	722.1060958119554	0.9297101086352613	0.9349097364498717	1.0	0.9883913184205031	False
20	2046-04-01	GARW	north	0.08852758024374582	0.010764972730052173	2.666771268328155	0.03319654043642269	0.8706132565163582	-23.530988162598096	20	536.0	535.847442896058	0.9832583621472845	0.9786686115920421	1.0	0.9999342088498734	False
20	2046-10-01	GARW	north	0.0012278500877658499	2.8327941548362477e-06	0.03690433639120732	0.03327116018968417	0.9967342299803124	0.9931867101169811	19	433.0	432.7131665913267	0.9892827653518638	0.97575844892242	1.0	1.0	True
20	2047-04-01	GARW	north	0.004571572294712149	7.287807191239398e-05	0.14139462685570606	0.03233200862277081	0.9215294712362078	0.8108257133925668	12	186.0	185.55486691434223	0.8129214559386972	0.8050850661485772	1.0	0.9943638201079436	True
21	2047-04-01	GARW	north	0.03345040135121007	0.0011189293505570366	0.7354653149241701	0.04548195635121007			1	12.0	11.981172395296552	0.42857142857142855	0.4173790668992732	0.42857142857142855	0.4173790668992732	True
20	2047-10-01	GARW	north	0.0038293206793784044	1.8333349225826756e-05	0.139747571182333	0.02740169755352793	0.9733266457574001	0.8781459902719007	12	177.0	176.87805557805316	0.5902938560481664	0.569139733460029	0.7333333333333333	0.712574113878224	True
21	2047-10-01	GARW	north	0.003249210004757836	1.9750743682654252e-05	0.2119613997451558	0.015329253386061836	1.0	0.28783009553127636	2	23.0	22.851745247869655	0.4107142857142857	0.32775256933524455	0.42857142857142855	0.333837225861565	True
20	2048-04-01	GARW	north	0.00698225998649861	5.7742861812333205e-05	0.27305229449904356	0.025571145627282275	0.9991140076945639	0.15765797960669203	4	62.0	61.602714468246916	0.5999743431855501	0.5336249924085864	0.6875	0.548258952833876	True
21	2048-04-01	GARW	north	0.010892479800489673	0.00014154322990390881	0.22853179637366883	0.0476628634322707	0.9955624733781047	0.8426458571893405	12	193.0	192.77691635034125	0.08584358139901055	0.0881829016480234	0.13924050632911392	0.0979499352925307	True
22	2048-04-01	GARW	north	0.0017295842271469295	3.5284169921797825e-06	0.038340940378680285	0.0451106365692761	0.9983233768279369	0.9952970869129243	21	2849.0	2848.9997815110114	0.8794564551832896	0.8999104378806331	1.0	0.9351767681133505	True
21	2048-10-01	GARW	north	0.07653265018552789	0.007591976584843572	2.2216008159431975	0.03444932574578452	0.6822635818962625	-27.049755133745588	12	193.0	192.72341391686018	0.08584358139901055	0.06862410038704672	0.13924050632911392	0.075720314802451	False
22	2048-10-01	GARW	north	0.10467063494040113	0.016237183147368876	1.7642573231290481	0.059328440113690206	0.09884838645222335	-10.199796040475588	26	3070.0	3069.9739472524384	0.8912137718280124	0.8795365883128722	1.0	0.9128281774247783	False
22	2049-04-01	GARW	north	0.007278289925659577	6.106506567651464e-05	0.12205237773144575	0.059632512376564605	0.8267334988310145	-3.870878465867979	4	102.0	101.88545343061006	0.9308415800530738	0.8932413639865994	0.9473684210526315	0.9017618943533832	True
23	2049-04-01	GARW	north	0.00801928255165705	6.430889264331122e-05	0.671488214754121	0.01194255144834295			1	14.0	13.874645613625239	1.0	0.9993089972275079	1.0	0.9993089972275079	True
23	2050-04-01	GARW	north	0.01030728675308052	0.0001321821849554121	0.35422625708818817	0.029098031404584494	0.8110090522327882	-0.4503122120067722	6	86.0	85.56453095244537	0.2826275586859111	0.23578647154980914	0.5238095238095238	0.3488519811578986	True
24	2050-04-01	GARW	north	0.006467805826583038	6.191688373474038e-05	0.19129602724172914	0.03381045555331928	0.9226593872733925	-0.8569982266616574	7	154.0	153.95045349603078	0.3412033754629374	0.3411631449268038	0.4421052631578947	0.3770436965504938	True
25	2050-04-01	GARW	north	0.024358557169804496	0.0005933393073946341	0.9321925364113346	0.0261303928301955			1	15.0	14.93221894633576	0.17045454545454544	0.11508100097220858	0.17045454545454544	0.11508100097220858	True
26	2050-04-01	GARW	north	0.010958234294282665	0.00017153707933381147	0.2723756934663	0.0402320565202654	0.9905742359694722	-0.6636858019554335	7	151.0	150.88881414442292	0.34794510273424956	0.3409504981406414	0.43636363636363634	0.3503378274794093	True
23	2050-10-01	GARW	north	0.004522069690256344	3.639976618332476e-05	0.14077309336352206	0.03212311090286895	0.9943242316177874	0.8172028386575081	6	86.0	85.03469452800475	0.2826275586859111	0.22263201271630537	0.5238095238095238	0.3007654986509697	True
24	2050-10-01	GARW	north	0.0017121900840472166	5.739978397886472e-06	0.054092687802715415	0.031652893461161416	0.9957206264561852	0.9853775904179384	16	333.0	332.9439077072011	0.29499167292899264	0.2863829547035911	0.4421052631578947	0.3280891226715372	True
25	2050-10-01	GARW	north	0.002524195999723927	9.180101431635887e-06	0.07252919908095808	0.03480247999025034	0.9920467605561872	0.958594483073956	19	372.0	371.82547610887326	0.47755231710137663	0.4715681113508019	0.9090909090909091	0.8251175346869486	True
26	2050-10-01	GARW	north	0.002783456023254315	9.826754693058093e-06	0.07662733649304389	0.03632458272260308	0.998604821832485	0.9770813181529114	19	432.0	432.1444927415944	0.3538760125204627	0.33122379229478716	0.46511627906976744	0.34400071349156036	True
24	2051-04-01	GARW	north	0.0016244933729588297	3.465045158852861e-06	0.05462278554979043	0.02974021475851047	0.9940995697640252	0.9181124079052737	7	119.0	118.9936678397606	0.24227984293490576	0.23606004263661212	0.3	0.28552522078339404	True
25	2051-04-01	GARW	north	0.002456018543153044	1.1628473267706964e-05	0.06013193251518029	0.040843831894692935	0.9893108019519733	0.9773822132176371	40	3753.0	3752.8451654425107	0.7522091632915917	0.7532055996219512	1.0	0.9290956480898813	True
26	2051-04-01	GARW	north	0.003304902187716429	1.9074817785046858e-05	0.0976358594303147	0.03384926610980697	0.9819278050715967	0.9597525202615819	24	534.0	534.1824793672821	0.20619346454359652	0.18734462882052036	0.46511627906976744	0.3752844027861407	True
25	2051-10-01	GARW	north	0.18205102151843464	0.04039179169650509	3.018850324158499	0.060304752462075485	0.039498019333375586	-34.472857041301666	30	3622.0	3622.0206354647266	0.883897075115188	0.8836420381294636	1.0	0.9359358121898057	False
26	2051-10-01	GARW	north	0.08280485863652315	0.010635284320089724	1.9626264276456653	0.04219084053395455	0.1654826100089091	-12.058924279908501	17	357.0	356.6497297800218	0.11168661901809813	0.10250733557867427	0.2413793103448276	0.15914344460143132	False
27	2054-04-01	GARW	north	0.0096126317909465	0.0001184838203101736	0.316090764008009	0.030410985974594747	0.9773990920892103	-0.48318511936803943	7	87.0	86.74450919200913	0.3583053321328599	0.34782805763266156	0.55	0.3946430979433702	True
28	2054-04-01	GARW	north	0.004651873988022544	3.6217544345002236e-05	0.14798876678511583	0.03143396684139686	0.9610976446791841	0.46051139647005146	7	178.0	178.0001713063718	0.6653433360988881	0.6327126535603125	0.7446808510638298	0.6863353908363161	True
27	2054-10-01	GARW	north	0.0057132601095883275	4.378862352584565e-05	0.23518199668501005	0.024292931389813636	0.9886544284880996	0.6946721284248498	10	129.0	128.9900201162913	0.3424130137149247	0.32665068759741794	0.55	0.42706848490797017	True
28	2054-10-01	GARW	north	0.010334198914851395	0.00013149839985557855	0.3064113896815206	0.03372654954371183	0.9008410840662463	0.7224337271017323	19	459.0	459.2281397943349	0.7284162450851666	0.7158535176740412	0.8648648648648649	0.8421711455297634	True
1	2026-10-01	GARW	south	0.004707868025004462	4.09040310846872e-05	0.13139708100171593	0.03582931971634119	0.9701308349775601	0.7670945782907412	11	430.0	429.97266453252365	0.9440896941411292	0.9362664268011482	1.0	1.0	True
1	2027-04-01	GARW	south	0.00232163162320422	7.7777773830206e-06	0.06303985421215666	0.03682799797396287	0.997987393971304	0.9885653631880724	25	872.0	872.1563681575053	0.9672964828363557	0.9558319897301177	1.0	0.9998297777518387	True
1	2027-10-01	GARW	south	0.25155019692980174	0.08641408590772251	6.816195434117819	0.03690478058635043	-0.9101502974091367	-531.8984364781938	16	365.0	365.07694564558335	0.7544019496939297	0.749505420779206	1.0	0.9976079469935413	False
2	2027-10-01	GARW	south	0.0533787085150355	0.004498385378088068	1.0751033878847294	0.049649837510100624	0.9656530463520405	-4.97383174335658	18	2802.0	2801.935239294755	0.9214546480153215	0.9295690022477169	0.996078431372549	0.9763857135653663	False
1	2028-04-01	GARW	south	0.04468628315997879	0.002175930989100827	1.757273791172933	0.02542932318483615	0.5528236105443567	-7.700126677874991	4	45.0	44.92649416009317	0.04121382238174241	0.05659012725672064	0.043824701195219126	0.07404492097266212	False
2	2028-04-01	GARW	south	0.08338200585268456	0.010435069832831153	1.4130417080737188	0.05900887806514378	0.17534880063406694	-5.496390006424975	26	3289.0	3289.00767057606	0.9406370218663717	0.9221179147056563	1.0	0.99851898965295	False
2	2028-10-01	GARW	south	0.0052241655696401365	3.111399398890924e-05	0.08921187521482142	0.058559082600386905	0.8634743463826866	-1.0733854266163854	6	239.0	239.26974652747833	0.9830261136712749	0.9790357736064919	1.0	0.9961885128122756	True
3	2029-10-01	GARW	south	0.013246601260573889	0.0002364344313227064	0.43672653072719786	0.03033156982360755	0.968129983933646	-0.20580007363802122	5	62.0	61.914387242040746	0.5255450310559006	0.4990085000055181	0.7857142857142857	0.60679245745716	True
4	2029-10-01	GARW	south	0.013296897521292988	0.00024140595795512905	0.3063703591138744	0.043401383736181486	0.4950662071959371	0.06264601385392099	8	125.0	124.69281538116755	0.5874735090292156	0.5609539957943044	0.7407407407407407	0.6796552469989567	True
3	2030-04-01	GARW	south	0.05982132183092965	0.007915750169132584	2.0138737294892786	0.02970460409456775	-0.910332508788515	-34.33683969662886	7	84.0	83.93046425561184	0.45957298136645963	0.4312202672749525	0.7857142857142857	0.5343531329921103	False
4	2030-04-01	GARW	south	0.14086027400205337	0.030413728568101324	4.706554951064978	0.02992853062730738	-0.923189318239378	-75.55927765205622	16	273.0	272.74068183390955	0.6410423290288483	0.6235476852145607	0.8888888888888888	0.7344310330276296	False
4	2030-10-01	GARW	south	0.0035087924560344057	1.6985078533811227e-05	0.08751542894992376	0.040093415505534837	0.9925854032933377	0.9710831787026722	23	1045.0	1044.8335128139831	0.5076502017526692	0.5015207018442465	1.0	0.7962238543155198	True
5	2030-10-01	GARW	south	0.0038824538086130672	1.858756631876613e-05	0.05480696687307107	0.07083869132193625	0.9991186241046963	0.9762527855383196	14	2339.0	2339.0075354621404	0.6349407790209405	0.6199388858481123	0.846875	0.8355940215026365	True
4	2031-04-01	GARW	south	0.05384788371758469	0.003583198592412494	0.9217820618074604	0.05841715297865312	0.03408016442278196	-1.9414591061685051	22	1050.0	1049.9052311090036	0.3725018225473159	0.36433823950375915	1.0	0.7282255658907926	False
5	2031-04-01	GARW	south	0.05991232268327364	0.004618919563367036	0.8261601481110376	0.07251901803816045	-0.24592013942727697	-1.1269433647118445	22	3069.0	3069.026932543731	0.7133194186272775	0.7036868973178957	0.8888888888888888	0.9134524968796099	False
4	2031-10-01	GARW	south	0.003877216511093025	1.9897111694882424e-05	0.0616907430272635	0.06284924319001206	1.0	0.02342283306425863	2	25.0	24.685521140693552	0.1367337164750958	0.1287940956195114	0.1527777777777778	0.1357200617416779	True
5	2031-10-01	GARW	south	0.005019763273636525	3.600883185132198e-05	0.09355983553231595	0.05365297240077638	0.9789265804492142	-0.13064119710330102	5	253.0	252.85101010764626	0.8462510586811858	0.8893856324190139	0.88	0.9138201956087979	True
6	2031-10-01	GARW	south	0.0018891934346037947	5.04492042545458e-06	0.04890283670906213	0.038631571535270685	0.9816218946736609	0.9586387178121718	12	500.0	499.9994569698299	1.0	0.9923863203557289	1.0	0.9998807061426486	True
6	2032-04-01	GARW	south	0.00183971290113233	5.047945788776552e-06	0.04718359993136673	0.03899051585314339	0.9977879681943169	0.9910869999456815	23	907.0	906.883928604683	1.0	0.9926824046211773	1.0	1.0	True
6	2032-10-01	GARW	south	0.04071985089180927	0.0034927683741480995	1.199512739018966	0.033946993280882055	0.7111790418104204	-7.290077485219292	17	330.0	329.72632710634247	0.5191051806952529	0.5043174648217749	1.0	0.9998805974344095	True
7	2032-10-01	GARW	south	0.05321202635666816	0.004537808536730448	0.731142964745277	0.07277923596680809	0.9315290887390428	-1.6244119253430016	17	4682.0	4681.99541283243	0.9202783522276814	0.9207236217579069	0.9810017271157168	0.9823959695133782	True
6	2033-04-01	GARW	south	0.01504206042643559	0.0006130725015583687	0.19743525387951844	0.07618730764068486	0.9643003272727636	0.5453965393662238	8	89.0	89.1122319332763	0.10083327009767604	0.08566085512214086	0.34375	0.21685834950748023	True
7	2033-04-01	GARW	south	0.006021362962908849	4.366880195875533e-05	0.08537588357201373	0.07052767960907705	0.995804483651736	0.984353850126569	22	4994.0	4994.0043700027545	0.9244720136577395	0.9050661580533093	0.9810017271157168	0.9851664332095126	True
7	2033-10-01	GARW	south	0.033344701277226385	0.0011261763907944229	0.45736441928156385	0.07290619880226983	-1.0	-84.92111372061242	2	54.0	54.016859065927676	0.9019138755980861	0.9098465658340853	0.9090909090909091	0.9331965583014508	True
8	2035-10-01	GARW	south	0.02002342112992366	0.0006486747164997932	0.2938613102535445	0.0681390180716454	0.9891464561921158	0.475280154440903	8	99.0	99.00305917926393	0.06199428334748966	0.06881668381296056	0.09259259259259259	0.08432276924756603	False
9	2035-10-01	GARW	south	0.10900134234834771	0.018922847719483424	2.1625868358954614	0.05040322105873431	0.9206496093823977	-53.18919312089864	17	1995.0	1995.0039575271362	0.906293586068784	0.9068178163281149	1.0	0.9520220180993908	False
10	2035-10-01	GARW	south	0.10156466028640027	0.010315380219091891	6.433281421230547	0.01578738028640027			1	11.0	10.618056182731191	0.04119850187265917	0.032677026769548194	0.04119850187265917	0.032677026769548194	False
8	2036-04-01	GARW	south	0.013434505668426164	0.0003601275509522695	0.8391261019362974	0.016010115330015142	-0.5348092161402551	-3.659875225893626	7	89.0	89.00165957729438	0.06461230635845357	0.028607773587684175	0.09259259259259259	0.044285485859410154	False
9	2036-04-01	GARW	south	0.06113594814466645	0.005308520611675135	1.176043547960386	0.05198442544980126	-0.3208907655489296	-2.7463628596315317	27	2612.0	2611.830716165738	0.905425510322835	0.9182531390448638	1.0	0.9407116807559596	False
10	2036-04-01	GARW	south	0.03169988548315866	0.0010048827396453733	2.1217772350681128	0.014940251483158664			1	11.0	10.845487584045763	0.04119850187265917	0.04355300880761788	0.04119850187265917	0.04355300880761788	False
9	2036-10-01	GARW	south	0.005398663458352493	3.898338817615547e-05	0.10239347296103476	0.05272468353922249	0.8777278882123605	0.23402656255255672	8	333.0	332.5533730389954	0.903901326585213	0.9021285377616246	0.96	0.9216634987495712	True
10	2036-10-01	GARW	south	0.012430848652123815	0.00015614748703330703	1.2289114046796106	0.010115333460807665	0.9932578464684223	-17.835852951291002	4	52.0	51.55553172327933	0.9130608974358975	0.9380652484113993	0.9375	0.9510832758186619	True
10	2037-10-01	GARW	south	0.08257928393794463	0.0099990135399412	3.4935808613344252	0.023637433113943222	-0.5708137756058407	-31.30981895797659	3	41.0	40.78440073433481	0.35706705477479117	0.37704146364167473	1.0	0.9876997025361287	False
11	2037-10-01	GARW	south	0.10012204995940871	0.014061155395593605	1.5496527665211994	0.06460934483030785	0.9944462908372637	-23.491881111968667	15	2779.0	2779.0180651945166	0.9559855535423434	0.9589006212042418	1.0	0.9985893330306127	False
11	2038-04-01	GARW	south	0.11169524126987625	0.022138926128125805	1.7653537616873758	0.0632707413629746	-0.805039547710438	-10.00495391672721	24	3636.0	3636.002599062057	0.96785233425204	0.9654354049144711	1.0	1.0	False
11	2038-10-01	GARW	south	0.001154904702510526	1.8577865758861967e-06	0.02038604831416804	0.05665172007406077	0.9845503923133492	0.9214788369367086	6	318.0	317.71724007091086	0.9912521216869042	0.9806891416016877	1.0	0.9815213463927885	True
12	2038-10-01	GARW	south	0.009490824254077272	0.00018425195332518075	0.6599071960442852	0.014382059039465846	-0.5189950441830261	-0.9578802063690934	5	66.0	65.92572186831524	0.3914678905054845	0.3460487513947744	0.5909090909090909	0.5076400124129852	True
13	2038-10-01	GARW	south	0.004827056877920211	2.961298409643236e-05	0.11171318624565428	0.04320937429271459	0.2820403496652397	-0.594975060821177	6	145.0	144.9664962252885	0.6628582178174244	0.6236757695644781	0.7872340425531915	0.7447488639689593	True
12	2039-04-01	GARW	south	0.0009224393666022136	1.2834344627989314e-06	0.04981688859449532	0.018516599342660305	0.996162545524913	0.973846222554053	5	66.0	65.96023938411278	0.3914678905054845	0.368700527422212	0.5909090909090909	0.5168670026685568	True
13	2039-04-01	GARW	south	0.0011133378491356022	2.2006767969879827e-06	0.027191479586476663	0.040944364413671205	0.9985175598618835	0.9956217019680689	23	667.0	666.6210263457134	0.7097242979354381	0.6889233720078131	0.8333333333333334	0.7638378292055338	True
14	2039-04-01	GARW	south	0.001107473204716163	1.5200007454091842e-06	0.0462761464987004	0.023931837210068148	0.9965763965849317	0.9915090101974829	4	49.0	49.00008458314866	0.22582468341743578	0.17892637382009213	0.24444444444444444	0.1972051625976231	True
13	2039-10-01	GARW	south	0.002943731374718988	1.7972618680087392e-05	0.09007131847075178	0.032682228091008625	0.9896180075938235	0.9615296850855618	34	1656.0	1655.7892680666603	0.49657163428898654	0.5013900187414375	0.7966101694915254	0.7546036631712957	True
14	2039-10-01	GARW	south	0.0016340259300977246	5.199921572631943e-06	0.04031374067706513	0.040532729105620745	0.9986665057887807	0.992451895456101	24	2246.0	2245.9587417333514	0.5218055411517263	0.5134226880902767	0.6415094339622641	0.5962256468303433	True
15	2039-10-01	GARW	south	0.00196228710619499	4.984183250473947e-06	0.03877205569550488	0.05061086060552863	0.9997522212746282	0.990679461901178	11	338.0	337.954570329031	0.1230770317856118	0.1217765134567236	0.2033898305084746	0.1972685468323438	True
13	2040-04-01	GARW	south	0.07412914627119004	0.008115986901298219	1.2201025937300358	0.060756486095620996	0.41820588221864885	-7.219025649627637	26	1366.0	1365.9712871211113	0.3491891003240789	0.3454409389500765	0.53125	0.4711082070082507	False
14	2040-04-01	GARW	south	0.10476346108712711	0.01561202469136323	2.078013218037309	0.05041520437780304	0.36038622472323617	-12.149126928585284	26	2337.0	2336.843307481587	0.5382261135165222	0.5358640746836559	0.6415094339622641	0.5931352498703414	False
15	2040-04-01	GARW	south	0.05572599845647231	0.004483029249933661	1.056065655789402	0.05276755109966861	-0.640669273030624	-3.9392410413269143	15	411.0	410.4249440417798	0.18085617930965475	0.16136040325273332	0.55	0.31170387710569747	False
13	2040-10-01	GARW	south	0.04390595066661908	0.0020014991099657417	0.46946826938443154	0.09352272247108141	1.0	-21.739955241839617	2	28.0	27.99018898588473	0.3643410852713178	0.25973658118187026	0.3953488372093023	0.2997950948646143	True
14	2040-10-01	GARW	south	0.0005045621057428694	2.61263737466377e-07	0.011465473501881523	0.044007088382356736	1.0	0.8257788665857845	2	30.0	30.008077174502827	0.40169133192389006	0.4460219319922273	0.45454545454545453	0.4539766387914592	True
15	2040-10-01	GARW	south	0.007627919069187123	6.443709777423151e-05	0.21303584248427154	0.0358058014099214	1.0	0.21288798623824245	2	22.0	21.452465724856303	0.4029069767441861	0.31170121118608896	0.55	0.3612647424297875	True
16	2041-10-01	GARW	south	0.06429819377753927	0.00413425772305399	1.264148968092471	0.050862829777539274			1	10.0	10.27307553808112	0.0398406374501992	0.01832170592062314	0.0398406374501992	0.01832170592062314	True
17	2041-10-01	GARW	south	0.02127893303630455	0.000522664858771261	0.22762494496468838	0.09348243023015586	0.9876816398672477	0.8661790343556695	15	1167.0	1166.9580242419497	0.2049919896840643	0.2430351731637365	0.48717948717948717	0.4391496324710594	True
18	2041-10-01	GARW	south	0.01466714608641337	0.0002503137657156364	0.17041034597968924	0.08606957518976875	0.99068428058794	0.9405855001315461	19	6486.0	6486.025354003975	0.8015067527608604	0.765050760277836	0.9473684210526315	0.9438053308488802	True
16	2042-04-01	GARW	south	0.18125289992717722	0.032857074495532865	7.683307609651841	0.023590478103399853	1.0	-495.7339233867542	2	23.0	22.984487150824215	0.036980686179167846	0.03855860475313576	0.0398406374501992	0.04715934402148652	False
17	2042-04-01	GARW	south	0.08277308965696602	0.008066962495702332	0.9796540295770886	0.08449216474176982	0.9414361005632357	-1.5869633740608045	15	1167.0	1166.9635185808188	0.2049919896840643	0.21495387694369805	0.48717948717948717	0.38742993831782135	False
18	2042-04-01	GARW	south	0.06234595018277195	0.00606330525126809	0.7275835794931355	0.08568905613043754	0.7619774107613683	-0.41844331641058785	21	6515.0	6515.02513336828	0.798422076027333	0.7903900310400935	0.95	0.970109276452971	False
20	2046-10-01	GARW	south	0.0012943846231739402	2.18999984056883e-06	0.045777825524814304	0.028275362762093335	0.9961680324685239	0.9909941943617021	13	216.0	215.99309649676542	0.986336032388664	0.975329857000545	1.0	0.9898116454054593	True
20	2047-04-01	GARW	south	0.0011529751520633518	1.8243954276517968e-06	0.040565121359052395	0.028422820231648518	0.9972173964548467	0.9944002264451093	19	318.0	317.9891021804428	0.9795907101850737	0.9774229983392333	1.0	0.9874949783638631	True
20	2047-10-01	GARW	south	0.006631908642664432	8.218074489866174e-05	0.20412536906985648	0.03248938959857967	0.9511754997507146	0.8099069476134861	18	367.0	367.0945503216428	0.46534296880206366	0.4562673533630172	1.0	0.9879959615504246	True
21	2047-10-01	GARW	south	0.013928374018822923	0.0003906794645918147	0.25661860070488013	0.054276556650860286	0.9823948157571586	0.5362432475579006	10	240.0	240.00888396695137	0.18116237982823247	0.18700519495904386	0.25	0.26824308925420437	True
22	2047-10-01	GARW	south	0.0016795895995056602	3.630544385290163e-06	0.034165438238183375	0.04916048750191493	0.9986087482428101	0.9858422312334203	13	994.0	994.0429152879703	0.6025670677191909	0.5963432277321892	0.7411167512690355	0.7246072820501324	True
20	2048-04-01	GARW	south	0.07356813731812932	0.01155208598972947	1.948087807645825	0.03776428199457449	-0.8411337543347809	-18.459685299190237	15	315.0	315.2317348399876	0.18679512052416733	0.20637085195463414	0.3181818181818182	0.28961490042643445	False
21	2048-04-01	GARW	south	0.0982196620683848	0.017674984914897735	3.0994214253617334	0.03168967642305098	-0.9362151705166213	-38.5596975427901	14	311.0	310.9872849762527	0.164359475093541	0.15385839507087723	0.25	0.21739546271198107	False
22	2048-04-01	GARW	south	0.17032719535941165	0.041967971732633925	3.2492495897275666	0.052420471452207754	-0.8552606005238842	-35.27679424110498	24	1712.0	1712.295508259442	0.6983889328707708	0.6865010765394368	0.926829268292683	0.8782515094574879	False
20	2048-10-01	GARW	south	0.0012932741550271062	1.6725580400610757e-06	0.044804590744274876	0.028864768844972893			1	15.0	15.01649841025837	0.1079136690647482	0.0899807830864866	0.1079136690647482	0.0899807830864866	True
21	2048-10-01	GARW	south	0.020364924017857444	0.0004380868133111069	0.42919670343671557	0.047448929255022164	-1.0	-62.58297784476683	2	31.0	30.95536251156865	0.11552945143884892	0.09465889873274491	0.12949640287769784	0.0998422635051867	True
22	2048-10-01	GARW	south	0.00677266275893271	6.327002480793889e-05	0.1438790839132834	0.04707190631693641	0.9822544110879747	0.32267894992623447	9	477.0	477.094631724699	0.8210272585290049	0.8212676761121389	0.926829268292683	0.832052223749815	True
23	2048-10-01	GARW	south	0.043852573959822186	0.002907279360975299	0.9267692013102778	0.047317685889672285	0.9632398287198771	-26.821327181452116	9	345.0	345.00205867009976	0.8475220021489749	0.8418887964485653	0.9285714285714286	0.929399502566645	True
23	2049-04-01	GARW	south	0.007468792205825475	6.843624199933812e-05	0.1654795338356995	0.04513423522960279	0.9984508361106152	0.9043860163946924	25	946.0	945.9223037916119	0.9298636169104012	0.9157660292259214	1.0	0.9907602446061141	True
23	2049-10-01	GARW	south	0.18501757609051367	0.044636380165531724	5.732167242293819	0.03227707222591013	0.11219999759147237	-89.30101319897105	30	1059.0	1059.0031579142656	0.9646618050286749	0.9677497686105867	1.0	0.9966838446929781	False
23	2050-04-01	GARW	south	0.014940854995440105	0.00026375560081208797	0.389111231310673	0.038397388184128446	0.8484533220684732	0.5314313376008073	25	865.0	864.9430202783672	0.9193075880301714	0.9209210190713428	1.0	0.9727331423696748	True
23	2050-10-01	GARW	south	0.0050909136752848765	3.091215244599581e-05	0.14733888995021022	0.03455240959807172	0.471624271073548	-1.4724211726259444	7	155.0	154.95592053631918	0.83747964997965	0.8128920339420563	0.9583333333333334	0.8980458711403437	True
24	2050-10-01	GARW	south	0.02085081597015776	0.000533731856115023	0.33981678606643856	0.06135899350799333	0.8341974624757285	0.4972608432687279	8	123.0	122.86732606155005	0.05421839028640311	0.05159030250205793	0.09937888198757763	0.05985119934738634	True
25	2050-10-01	GARW	south	0.004413402850663843	2.402402494821689e-05	0.06714828322068839	0.06572622022455629	0.9848357167865684	0.9670817240347643	15	2760.0	2760.0163366275947	0.8462553242768102	0.8516486407028108	0.9338842975206612	0.9739965679172691	True
26	2050-10-01	GARW	south	0.03215746756580558	0.002379743950493422	0.1990904036723384	0.16152193663100967	0.9064158381238611	0.4933917477973965	8	115.0	114.841296871476	0.05327990010555903	0.046670586332750924	0.0811965811965812	0.05956820328529317	True
24	2051-04-01	GARW	south	0.0395735418047057	0.0033804404039171282	0.7797450253080829	0.050751900326738104	-0.812131009083523	-4.123640649771932	9	133.0	132.80726944414275	0.05358786795684591	0.06685662207941977	0.09937888198757763	0.09953869844800692	False
25	2051-04-01	GARW	south	0.06116447951038218	0.0050264931329132454	1.0203009103625345	0.05994749087173622	-0.12442107303048372	-1.8029176777236726	24	3543.0	3542.9284495386864	0.8868662003327579	0.8767596854625602	1.0	0.9769633513824698	False
26	2051-04-01	GARW	south	0.03587957624991747	0.0017116989222190223	0.9520821872573138	0.0376853770925771	-0.7293537268481944	-1.6349661293146744	8	115.0	114.70622794044932	0.05327990010555903	0.05885259247596024	0.0811965811965812	0.07404233675097147	False
25	2051-10-01	GARW	south	0.4368857649518576	0.20161297669951544	7.178112068206548	0.06086360324282504	-0.9712610171689581	-4215.037495732575	7	411.0	411.04290875390933	0.9595016759884617	0.9514026445679674	1.0	0.9539771821852681	False
27	2054-04-01	GARW	south	0.022178880319673782	0.0006426468733383785	0.5189746875679329	0.042735957747015565	0.8705334136168378	-0.8680722406914123	15	284.0	283.98252407093804	0.8620051766819501	0.842964792185196	1.0	0.8823067908681063	True
27	2054-10-01	GARW	south	0.12194602815126736	0.024772632069051337	3.835510409315279	0.031793950514408156	0.6363515277263768	-84.1114104166985	21	590.0	589.9212448222163	0.35817995986653145	0.34627597529065246	0.9642857142857143	0.8613417727293852	False
28	2054-10-01	GARW	south	0.13013379462229555	0.035284944111116635	2.7698479363754074	0.046982288418543	0.7290878043965471	-35.708216302123226	18	1934.0	1934.0000909045416	0.591493442941357	0.5931877298085048	0.7333333333333333	0.656536868549054	False
29	2054-10-01	GARW	south	0.10339213970664876	0.010894846866849875	1.788755617880919	0.057801154429990884	0.9775808750093888	-14.653198797239684	13	949.0	948.9576247210164	0.28415457248516796	0.28535566435943377	0.484304932735426	0.4669574419720568	False
0	2026-04-01	GARW	tropics	0.10581876980177089	0.011745327860013652	11.138045968062574	0.009500658383454106	-0.22258944507921713	-2239.2993114069327	28	521.0	521.482385655739	0.995980870980871	0.995111353895753	1.0	1.0	False
0	2026-10-01	GARW	tropics	0.0023049864582509083	2.048202184787272e-05	0.06728593719467309	0.03425658546721395	0.8544224438034673	0.645730486974494	50	1076.0	1076.014286869205	0.8534621504382923	0.8524291789724415	1.0	1.0	True
1	2026-10-01	GARW	tropics	0.0019935268999983135	5.385677692566208e-06	0.08614594058515279	0.023141274985880145	-0.20205929773413678	-2.257009888390698	11	251.0	251.00089488432482	0.5359978671332118	0.5206164066797636	0.7818181818181819	0.8010982567881233	True
0	2027-04-01	GARW	tropics	0.0026578729445697674	1.5583778357107947e-05	0.09586996516742137	0.02772372911503851	0.7874837631080481	0.5757198689270029	29	604.0	603.7312336028706	0.6113943237558648	0.6073761860373665	0.9714285714285714	1.0	True
1	2027-04-01	GARW	tropics	0.001960730339035757	5.857137523196497e-06	0.10636557852718516	0.018433880266393032	0.982437255505555	0.95228945622981	37	1812.0	1812.0367772796985	0.7931642600751164	0.7822883620845679	0.9841269841269841	0.9859562782753006	True
0	2027-10-01	GARW	tropics	0.001787700992417202	6.3949628567361035e-06	0.15963744590982637	0.011198506604941625	0.8512133310944734	0.021774909233608586	4	48.0	47.549860743386105	0.17585323603125463	0.13541387534756222	0.18571428571428572	0.17083970736720833	True
1	2027-10-01	GARW	tropics	0.0010327412152536168	2.0333236674388563e-06	0.06055296468144661	0.017055171793595898	0.9874084787800832	0.9747300337302769	36	1771.0	1770.9360528056698	0.8761939055463575	0.8732935015142905	0.9841269841269841	0.9498367762403795	True
2	2027-10-01	GARW	tropics	0.002774698389836856	9.688611018292487e-06	0.17581355576273294	0.015782050353281157	0.6706660668554782	-1.7784536488979752	7	87.0	86.77905907035314	0.6688008536748032	0.6296180578156866	0.8333333333333334	0.7918754628294535	True
1	2028-04-01	GARW	tropics	0.0015785871541572846	5.057810551833973e-06	0.08494108557702677	0.01858449469339288	-0.0008596297088356852	-0.10617430519136084	10	219.0	218.64257127991002	0.7884280883381237	0.7610264989462454	0.9459459459459459	0.9114056894690664	True
2	2028-04-01	GARW	tropics	0.00240178286319002	2.0230471499644806e-05	0.1150943573024585	0.02086794626150379	0.8786284075575992	0.6256926808235659	32	580.0	580.0520830112372	0.6448393845329694	0.6209624186578331	0.9166666666666666	0.7490167429376082	True
3	2028-04-01	GARW	tropics	0.0014129056184579356	4.647066396895761e-06	0.09256678772098613	0.015263634541545303	0.870445797501441	-0.4092500705344475	14	247.0	247.00160490403653	0.45998215923027946	0.4377380886142772	0.6590909090909091	0.607384200392969	True
2	2028-10-01	GARW	tropics	0.0074052728101045425	0.00018440432120074863	0.5846674441358608	0.012665786139417332	0.050361662014721975	-5.565212383948572	31	585.0	584.9785137388656	0.5503797257481068	0.5473819578439172	0.9166666666666666	0.7834830031049839	True
3	2028-10-01	GARW	tropics	0.042044495513239244	0.004264772311298949	2.6652389881545084	0.01577513149856483	-0.11595917270067084	-70.02738104773866	40	1338.0	1337.9703684963506	0.7426921436897997	0.7418259632239291	1.0	0.9701300824642956	True
2	2029-04-01	GARW	tropics	0.005523510395865851	3.358510929987849e-05	0.4648876580267699	0.011881387471783102	0.25042428552609086	-10.383703227104283	5	75.0	74.93624468693916	0.2806538063738525	0.2373960254546267	0.34375	0.28038181471387025	True
3	2029-04-01	GARW	tropics	0.004403666615050958	3.1402747801016404e-05	0.22846975507807324	0.019274615204739578	0.7658933426826023	0.20947152960557547	47	1402.0	1401.4930449386372	0.9325745835113365	0.9201776009968125	1.0	0.9925214367189175	True
3	2029-10-01	GARW	tropics	0.004186479303858031	2.6685687665664337e-05	0.2333305616503578	0.017942267289149223	0.207342555640296	-0.20242909296249656	20	320.0	319.76070698426514	0.9762844611528821	0.9538813728193569	1.0	0.9816607188843651	True
4	2030-04-01	GARW	tropics	0.001526119383844394	4.260665124697362e-06	0.16254890823144547	0.009388678155078267	0.5018040377329425	-1.2059357857779003	19	379.0	378.6842142698867	0.8916125405322081	0.8886791314610631	1.0	0.903379221407602	True
4	2030-10-01	GARW	tropics	0.001778897714967737	6.924910794052629e-06	0.07374411089478289	0.024122573224943267	0.9485134310283202	0.8674197162293642	45	1319.0	1318.8620057721091	0.6750600398829479	0.6714338368645455	1.0	0.9129303678503177	True
5	2030-10-01	GARW	tropics	0.0013522628325255337	2.55067594114376e-06	0.05307807436753015	0.025476863067073956	0.9792085748134857	0.9348395983875868	22	1161.0	1161.0019947074188	0.5218564240107001	0.5124167622813499	0.832	0.8149770457663095	True
4	2031-04-01	GARW	tropics	0.0013651683380482167	3.211173736827986e-06	0.04732235260519073	0.02884827703807932	0.9888932676819764	0.97405227683088	32	1015.0	1014.9393469743311	0.4103173135284096	0.407228022775296	0.90625	0.7934143430013174	True
5	2031-04-01	GARW	tropics	0.0019266406580980137	1.3759213857604096e-05	0.06436116150740079	0.02993483357003233	0.9828295399716712	0.9544122522300291	47	2249.0	2249.337397246236	0.6147178143886732	0.6120265425292486	0.8860759493670886	0.8359766631017915	True
6	2031-04-01	GARW	tropics	0.0031382901467973063	1.2480842762158785e-05	0.19180187285966346	0.016362145478597663	-0.8512485693255456	-0.35860683779395974	7	116.0	115.81790379184433	0.5423337722185648	0.5006119994025698	0.7142857142857143	0.7102853944195087	True
4	2031-10-01	GARW	tropics	0.002809175512688631	8.811966056712756e-06	0.10822888201884674	0.02595587665960965	0.8258463674764123	0.023370270971145413	5	63.0	62.92131033076881	0.15035249587239058	0.139045449721822	0.17647058823529413	0.15942425319141884	True
5	2031-10-01	GARW	tropics	0.0019877830583567286	6.259660478236515e-06	0.09949531403264765	0.01997866007744317	0.6468113927492957	0.40498982336661804	21	796.0	795.9546491888598	0.7043871357018374	0.6857192031315277	0.8860759493670886	0.8482660021314617	True
6	2031-10-01	GARW	tropics	0.002732200983410587	1.2942657541085351e-05	0.16282521126551694	0.01677996277219762	0.8812561823227623	0.7391828352735653	33	1478.0	1477.5733511466576	0.8584059820869708	0.8334228132409508	1.0	0.9980150444110725	True
6	2032-04-01	GARW	tropics	0.0010338899937880396	1.6826360854744682e-06	0.07479168823736373	0.013823594815868034	0.9901396240154196	0.9763224949370752	46	1964.0	1963.7301243738966	0.965144328521567	0.9617403923717971	1.0	0.9839909626462411	True
6	2032-10-01	GARW	tropics	0.0024692875504525183	1.032728744596639e-05	0.17291966793584718	0.014279969305565743	0.6517943515152785	-3.3712852160885456	21	521.0	520.9012459561272	0.9735457510870847	0.9603875307234098	1.0	0.9666647014023468	True
7	2032-10-01	GARW	tropics	0.04047274016650362	0.0023149977164376064	0.8899844636282876	0.045475782803560856	-0.9497326190453071	-120.37563777035759	5	103.0	102.95973988611645	0.8007346326836581	0.8118628047313301	0.8275862068965517	0.9502238407365124	True
7	2033-04-01	GARW	tropics	0.00696294118365417	0.00017393465061724402	0.12061287447062753	0.057729667866839814	0.9205878159452285	0.6950546157209132	31	2355.0	2354.997217139072	0.7392434177689681	0.7099643493474368	0.94	0.8879925096670527	True
8	2033-04-01	GARW	tropics	0.004920555401666151	4.280498550030693e-05	0.13094373258494152	0.03757763204492624	0.9802837392289655	0.6812489934520267	19	864.0	863.9950118467416	0.32209791569594304	0.31498865467125375	0.6451612903225806	0.643515717268024	True
7	2033-10-01	GARW	tropics	0.18883478614449753	0.037169343558809055	5.28796430746813	0.035710298928797304	-0.2157996357410666	-116.20499268728165	29	2266.0	2265.940830363744	0.6156297550766505	0.6163596614529602	0.94	0.8918845390317734	False
8	2033-10-01	GARW	tropics	0.18337877702806016	0.03959309889640372	4.166645276996144	0.04401113241880366	-0.41031242901246534	-116.37405199305786	42	1602.0	1601.9930243456947	0.6259193676026701	0.6262595079037903	1.0	0.9823314610520022	False
7	2034-04-01	GARW	tropics	0.0640639305930752	0.005058519929984797	2.138499251570748	0.029957424837076578	0.9975820990272265	-5185.652237628095	3	37.0	36.993379699300235	0.18181308673111954	0.20445156563578112	0.19672131147540983	0.2384942181502297	True
8	2034-04-01	GARW	tropics	0.06838727325276747	0.005738232449639215	3.955859026340743	0.017287591088913805	0.7071254006181437	-1012.7183746738638	20	562.0	561.886112692376	0.9080355557320612	0.8940226546021302	1.0	0.9553344665630025	True
8	2035-04-01	GARW	tropics	0.0011661900242659284	2.994606929868732e-06	0.18257875922093372	0.006387325827177699	0.8813835040254111	0.6585851158359199	23	306.0	305.42994404369205	0.5574327130874647	0.5460816862640481	0.9444444444444444	0.8724579213440989	True
9	2035-04-01	GARW	tropics	0.0010808963615189368	1.6364778544284916e-06	0.070009070823696	0.015439375909458366	0.6647858973991091	0.41994359184438557	15	310.0	310.0100289866466	0.595474481065988	0.5810639453605838	0.7105263157894737	0.7207331906103752	True
8	2035-10-01	GARW	tropics	0.0008892267092146841	1.2597337341778906e-06	0.07353568519363084	0.012092451533880626	0.9628230422001482	0.9229123659991266	29	385.0	384.0454502590933	0.4200158409588159	0.40461091995026094	0.8235294117647058	0.7301448341109104	True
9	2035-10-01	GARW	tropics	0.0009715746982036901	1.3722479109634457e-06	0.062129815905483686	0.01563781710993187	0.9857245092407713	0.9716034990568034	41	1377.0	1376.8989123341612	0.7360389859667478	0.7322213527693224	0.9523809523809523	0.8625796158708516	True
8	2036-04-01	GARW	tropics	0.002991861632493726	1.1896272110895786e-05	0.22241619063958987	0.013451635979782748	0.5392589058841283	-0.3802548817549207	7	88.0	87.89325608842078	0.22147973872456034	0.2203031395486668	0.3064516129032258	0.28134690549317837	True
9	2036-04-01	GARW	tropics	0.0016417941318438779	5.689897070918735e-06	0.1337520412079225	0.012274908980952657	0.9527584992273411	0.8566995473044784	37	1245.0	1244.9351626718671	0.8262064356310708	0.8129961005482783	0.9565217391304348	0.886600748660787	True
10	2036-04-01	GARW	tropics	0.003949130936494339	1.5595635153576654e-05	0.3855479550618895	0.010242904636494339			1	11.0	10.680882092627684	0.6875	0.5577185466257921	0.6875	0.5577185466257921	True
9	2036-10-01	GARW	tropics	0.007485961217442119	5.7919688568995596e-05	0.5636782239939184	0.013280557769999797	0.3374396961028894	-32.500977195382326	11	195.0	194.9624238652818	0.7934996993428246	0.7639865610525536	0.875	0.9033984428982558	True
10	2036-10-01	GARW	tropics	0.015757585360190927	0.0002550329527821911	1.8448396886352407	0.00854143883463822	-0.0770175255789627	-38.80974391201561	22	312.0	311.94254529450524	0.8676018195614311	0.8608147016652048	1.0	0.9518028770468927	True
10	2037-04-01	GARW	tropics	0.0019221306135739724	5.9769296322580564e-06	0.37496070859651176	0.005126218746408284	0.02008167088041765	-0.3590118902002497	42	600.0	599.3161164642975	0.9294342111154362	0.9210467759570042	1.0	0.9634963711846172	True
10	2037-10-01	GARW	tropics	0.10972398689708669	0.015862100808135618	1.9735257777957036	0.055597949685583056	0.6914048385898272	-152.12536542965523	44	630.0	629.2812426968981	0.6875927106410173	0.6747293677769235	1.0	0.9758484060412338	False
11	2037-10-01	GARW	tropics	0.15667528619656512	0.03091162766436743	7.2205706859765915	0.021698463045428187	0.3654448174422267	-21628.18184982912	17	688.0	688.0223420867915	0.6301436686130915	0.6086817826073881	0.7647058823529411	0.7890320002438157	False
12	2037-10-01	GARW	tropics	0.15322935538723215	0.024292711947704604	4.632655681915126	0.033075921438626664	0.9995092677560131	-10612.325254170344	3	53.0	53.14135343533117	0.15975190370916237	0.140374858207158	0.211864406779661	0.15633203765142076	False
10	2038-04-01	GARW	tropics	0.015625374240155115	0.000307072062504564	1.145182317021071	0.013644442468166065	0.30068867179052433	-16.829364055607805	24	345.0	344.9321511207954	0.4006899946727694	0.38118205788298504	0.8666666666666667	0.8033987354133707	True
11	2038-04-01	GARW	tropics	0.011684741722382359	0.00020143369466338565	0.24853521136523607	0.04701443171048706	0.8003391199564284	0.392365307460668	37	2001.0	2001.0377878155145	0.5429748313026868	0.5387871723566444	0.7647058823529411	0.6813198566334285	True
12	2038-04-01	GARW	tropics	0.00882501316853777	0.0001330148325393265	0.23472349092314213	0.03759748601995457	0.9717887389914301	0.43822400851056476	29	1577.0	1577.0113000468027	0.533815737155414	0.5349675398004087	0.9473684210526315	0.9635215597988893	True
11	2038-10-01	GARW	tropics	0.0019976841233776805	5.172269139752046e-06	0.06766339690170498	0.029523852109874533	0.9882301533472434	0.9268890211405583	18	1046.0	1046.0813640480605	0.42585997833662437	0.40131747304519627	0.7313432835820896	0.6800909461243142	True
12	2038-10-01	GARW	tropics	0.0018996049128157944	1.088879454547693e-05	0.05516794090204504	0.034433130578295286	0.9821696793179363	0.9495110388639618	35	1670.0	1669.9138927451381	0.7318354912494129	0.7250224638035312	1.0	0.9414753557717622	True
12	2039-04-01	GARW	tropics	0.0008088072653793278	8.673565665514908e-07	0.042937762499439126	0.01883673527212539	0.49208683261894465	-0.057583138380919774	9	131.0	130.9255865138938	0.9224001441392746	0.931079712364654	1.0	0.9337356605129719	True
13	2039-04-01	GARW	tropics	0.004187036006369448	3.4344407926558264e-05	0.23574466887644505	0.017760893708963974	0.18763700570050146	-1.0083763792922391	8	130.0	129.97179458579748	0.5945871462602874	0.5819700834443262	0.8125	0.6482294158637079	True
14	2039-04-01	GARW	tropics	0.0022504915483920695	5.321371633659313e-06	0.09218427332754546	0.02441296619430641	0.5240916697039079	-0.4393529943608141	5	71.0	70.8208506823625	0.4389946673660285	0.4114900762929038	0.5	0.45039470880226234	True
13	2039-10-01	GARW	tropics	0.001545778002206068	4.26008372220189e-06	0.08263224149946372	0.018706717549421676	0.9914939654655505	0.9576197340044489	34	1062.0	1061.9094076904883	0.45246414587674577	0.4493717740505439	0.8125	0.631635110125285	True
14	2039-10-01	GARW	tropics	0.0010061524588784352	1.987520365660733e-06	0.03868129106359382	0.026011346343747275	0.9954188652041149	0.98621874254204	31	1463.0	1462.7596096525315	0.5614765398316898	0.5571514675325528	0.7215189873417721	0.6603294604023712	True
13	2040-04-01	GARW	tropics	0.16814416261860268	0.03445999992503047	9.166453423854607	0.018343426278807837	0.06246112779526423	-375.5941806221648	30	984.0	983.9495591410548	0.3878954926448919	0.3789665136338955	0.5555555555555556	0.5050766243548352	False
14	2040-04-01	GARW	tropics	0.1397385383388614	0.02520355020375555	7.152226600681302	0.019537767207424648	0.07186689144769873	-162.26380602757703	35	1615.0	1615.0150313463714	0.6134776095500337	0.6088993281063287	0.7894736842105263	0.6554364819332763	False
13	2040-10-01	GARW	tropics	0.007779915695945406	6.412246797217003e-05	0.37517764909773743	0.020736618278448304	-0.3330828089033188	-39.539044467010896	4	51.0	50.85673482149991	0.32111708482676227	0.3309671548388451	0.3548387096774194	0.35115061018589633	True
14	2040-10-01	GARW	tropics	0.007574512021109415	6.065774240395932e-05	0.3946934772798693	0.019190872049143288	0.7796129589126704	-10.87346100840535	9	193.0	192.9787061913349	0.6721618999821225	0.6361442914363717	0.7894736842105263	0.6460036251381315	True
15	2040-10-01	GARW	tropics	0.050236496831279905	0.003907905394102291	8.28804017784821	0.006061323998591257	0.9930587114635692	-321.4775675948522	3	35.0	34.29806604176525	0.8584401709401709	0.6380961237367576	0.9166666666666666	0.670729831286222	True
16	2040-10-01	GARW	tropics	0.01925941755532196	0.0003709251645702437	0.8691252864997392	0.022159541155321958			1	11.0	10.948358180056701	0.7333333333333333	0.6572411142695542	0.7333333333333333	0.6572411142695542	True
15	2041-04-01	GARW	tropics	0.0018574826638637772	6.930444796330081e-06	0.49580420874687997	0.003746403582491707	0.9605483423397854	0.005346593822001866	3	35.0	34.491895299539664	0.8584401709401709	0.6151553786012797	0.9166666666666666	0.6639655125468437	True
16	2041-04-01	GARW	tropics	0.004765896904207058	5.082395951058953e-05	0.2275316786318481	0.020946080707813865	0.8451658689091771	-0.19897707706042822	27	1341.0	1340.997068640731	0.8707253246691856	0.8528531129232694	0.9743589743589743	0.9524426038936012	True
16	2041-10-01	GARW	tropics	0.004697437472487586	4.5686124581440226e-05	0.23767650154355927	0.019763996196429545	0.8991541024646829	0.583668261551654	44	2298.0	2297.9528242083015	0.7312314775895586	0.7308177223147706	0.9743589743589743	0.9202551667222161	True
17	2041-10-01	GARW	tropics	0.013520434900324417	0.000582037408654195	0.14765194189122832	0.09156963821230743	0.46434669773297976	0.03696311112947115	21	391.0	390.8322690470741	0.1644033461992078	0.14896407321857122	0.28703703703703703	0.18665046541396396	True
18	2041-10-01	GARW	tropics	0.011132621579289896	0.000179359662875621	0.34601349484607047	0.0321739520137572	0.35404870222063967	-1.8577539476973919	16	1806.0	1806.0013393490199	0.6328885191717326	0.5947334130588708	0.9294117647058824	0.9632558307728685	True
16	2042-04-01	GARW	tropics	0.01640078945401256	0.00032612608485628605	1.0905779817372852	0.015038621472887417	-0.4204262647500645	-12.618334392093637	18	830.0	829.9786797519627	0.5126921020566587	0.48728483533507677	0.8839285714285714	0.8698501621973563	True
17	2042-04-01	GARW	tropics	0.014247502874935031	0.000270281997935337	0.6092275198129958	0.02338617743221505	0.7410909356890456	-3.3145446150644586	21	391.0	391.0720195937575	0.1644033461992078	0.15530395228525654	0.28703703703703703	0.18450956300077137	True
18	2042-04-01	GARW	tropics	0.009301805992056975	0.00011537643880202774	0.2992423787801577	0.031084520949122205	0.8768323018717488	0.7543964783021551	37	3715.0	3714.996426881254	0.8102672916887788	0.7916069877190974	1.0	0.9813439991304941	True
18	2042-10-01	GARW	tropics	0.41087839952974187	0.19820485734635093	13.40799716956504	0.030644278510320637	0.42879554175535617	-5035.6482201812805	19	1483.0	1482.9570868070302	0.9448536678562417	0.9422990954055095	1.0	0.9664896541866153	False
19	2044-04-01	GARW	tropics	0.0012862374503813858	2.4110645431911015e-06	0.10544314486651851	0.012198398027767914	0.8854628983871948	0.775956518946231	31	719.0	718.9829180756935	0.9912862789614947	0.9886453491833815	1.0	1.0	True
19	2044-10-01	GARW	tropics	0.008595504314564446	9.755471820349609e-05	0.8280499289610512	0.01038041791193578	0.8318132617873665	-2.8363627444663475	48	1171.0	1172.2464292851282	0.9615183138216151	0.9618875018855936	1.0	1.0	True
19	2045-04-01	GARW	tropics	0.001833639936403692	4.984694764377617e-06	0.16996990476058396	0.010788027086245171	0.7021842580674541	0.08227608018548815	25	508.0	508.0719086519745	0.9199717729595761	0.9129309088818731	1.0	0.9690669488564598	True
19	2045-10-01	GARW	tropics	0.002125784820508233	7.50532856985947e-06	0.19680780733794714	0.01080132363274571	-1.0	-1.8619735889645073	2	25.0	24.500151319605106	0.8438914027149321	0.7280656759275669	0.9230769230769231	0.7956110820426583	True
20	2045-10-01	GARW	tropics	0.0016586392189579593	3.037936595908146e-06	0.44341430437138746	0.0037406082812536973	1.0	-6.747705262239969	2	22.0	21.63114783860204	0.9166666666666666	0.9219876439465458	0.9166666666666666	0.9497113979261504	True
20	2046-04-01	GARW	tropics	0.016073001271194348	0.0017576432924221587	3.373852784211644	0.004763990102475698	-0.1648122385322298	-448.83333740474177	9	114.0	113.68424115463239	0.9735449735449736	0.9683937324962115	1.0	0.993676416699422	True
20	2046-10-01	GARW	tropics	0.0017189236204272617	5.076780029890033e-06	0.28664637702403695	0.0059966696187585865	-0.12072505648061632	-0.0885435708631932	22	298.0	296.5657999533403	0.9582306582306582	0.9418432788720181	1.0	0.9961171738764428	True
20	2047-04-01	GARW	tropics	0.0017955287789442646	4.901521208770152e-06	0.2558450499592029	0.007018032122296601	0.5760899627419879	0.21693282330761032	21	281.0	280.19756851927974	0.8588210070352928	0.8094679973529095	1.0	0.9909720787432891	True
21	2047-04-01	GARW	tropics	0.000786747419440092	7.407958382329038e-07	0.0806594735219206	0.00975393695355921	0.9655402613949454	0.28263872260346934	3	34.0	33.681294749845556	0.6126984126984126	0.48476102299581686	0.6666666666666666	0.5984664675563678	True
20	2047-10-01	GARW	tropics	0.0016953818624167321	3.925616967307959e-06	0.304676734685414	0.005564526822723285	0.42017677034381895	0.12098050818288253	10	121.0	120.05505957576976	0.6152187810608114	0.49533763582874374	0.9285714285714286	0.7395919574864769	True
21	2047-10-01	GARW	tropics	0.001428828612201975	2.748002931972994e-06	0.17691168790384024	0.008076507714847025	0.36785354660229536	0.09588762333019762	23	371.0	371.5699725723649	0.5802150714726473	0.5605141305884654	0.7777777777777778	0.5878766273440232	True
22	2047-10-01	GARW	tropics	0.003992312243073242	1.5938557046192497e-05	1.0553312431540092	0.003782994456926758			1	11.0	10.896912790508892	0.3333333333333333	0.2606495687412136	0.3333333333333333	0.2606495687412136	True
20	2048-04-01	GARW	tropics	0.0017543618252297954	4.0469294421032745e-06	0.3545811363110096	0.0049477020788015426	0.5578513730293106	0.14039397848876933	3	36.0	35.686030906018615	0.42314990512333966	0.2680165425678342	0.5	0.3160286486768425	True
21	2048-04-01	GARW	tropics	0.0013868999886210303	3.2853423134569592e-06	0.13190478344338152	0.010514402528975302	0.9347758170968796	0.8487583070416937	42	672.0	672.4427745599846	0.5089626173993251	0.4976359945319875	0.7241379310344828	0.5649850139142851	True
22	2048-04-01	GARW	tropics	0.0014909820829150575	2.9021596203194254e-06	0.19982096353515286	0.007461589897962639	0.7347059235967032	0.21050192097441522	25	431.0	430.6491029836792	0.5187198925839883	0.5049732178383622	0.7435897435897436	0.6969204277073832	True
21	2048-10-01	GARW	tropics	0.004280898978402839	3.0632470756177666e-05	0.5011963358878994	0.008541361282737572	0.6432051890048357	-1.945109101413888	20	314.0	313.8903554200914	0.45769461252431026	0.43288992349355615	0.6388888888888888	0.4933697094132496	True
22	2048-10-01	GARW	tropics	0.03523120462117888	0.0028742355245248495	5.340814875803623	0.00659659723103166	-0.2056388944563021	-267.60619725583166	47	774.0	773.6381801607502	0.6319899047178728	0.6324555664277656	0.9333333333333333	0.7764362504080091	True
22	2049-04-01	GARW	tropics	0.001937345244886133	5.821307965848827e-06	0.24362400922923283	0.007952193427139724	0.5186272983515468	0.1495661892921455	22	328.0	328.1258006708085	0.7096117103000288	0.7010410322856602	0.9333333333333333	0.8052209002410619	True
23	2049-04-01	GARW	tropics	0.004313985928314997	3.0766826003127384e-05	0.21913442526707838	0.019686482044330385	0.5489908361027981	-1.3888163598053667	19	731.0	730.9999748511749	0.8368991293779339	0.816091281525063	0.9777777777777777	0.9717694843985634	True
22	2049-10-01	GARW	tropics	0.00386532934939523	1.6646565951126705e-05	0.49991289379839443	0.007732005710086857	-1.0	-9.681751963579424	2	21.0	21.09213051968912	0.5744047619047619	0.5021828381834679	0.625	0.5228482357522267	True
23	2049-10-01	GARW	tropics	0.00199589061506633	5.609594699863989e-06	0.08764714206866887	0.022771884718187505	0.9961546997635917	0.9680111201766873	46	2357.0	2356.946491052395	0.858762889940614	0.8535597354961915	0.9777777777777777	0.9660684095939852	True
24	2049-10-01	GARW	tropics	0.0012715390583097255	1.6168115768071834e-06	0.20835157690358955	0.006102853058309725			1	11.0	10.932236441049781	0.125	0.06853120370596466	0.125	0.06853120370596466	True
23	2050-04-01	GARW	tropics	0.01023096487008498	0.0001573116221056942	0.5729383221481119	0.017857009165883904	0.9408099714247194	-1.80505327601605	29	1510.0	1509.8354649488676	0.8467840623192101	0.8465153056040625	0.967741935483871	0.9645631954494611	True
24	2050-04-01	GARW	tropics	0.023249250141190753	0.0006254343767893101	0.856104771298574	0.0271570150297438	1.0	-2.9832225069655953	2	22.0	21.775417766745317	0.2662037037037037	0.16520997924047803	0.4074074074074074	0.28279180109307583	True
23	2050-10-01	GARW	tropics	0.0031448854715784478	1.4098422300520995e-05	0.14442620473207987	0.021775033674895892	-0.8142211907535537	-2.4570401980232734	3	43.0	42.76806402691402	0.6175308641975309	0.6448451378296488	0.76	0.6892913146191619	True
24	2050-10-01	GARW	tropics	0.017492832990627673	0.0003059992060379919	1.019112634688799	0.017164769030627674			1	11.0	10.779513200523667	0.4074074074074074	0.24815804865964833	0.4074074074074074	0.24815804865964833	True
25	2050-10-01	GARW	tropics	0.0014334541690119065	3.632892055238134e-06	0.06563108061393769	0.021841087417772798	0.9512716878776659	0.8903990835770339	24	1083.0	1082.7924255303974	0.8200585875626585	0.8207134181146151	1.0	0.964520068018185	True
25	2051-04-01	GARW	tropics	0.0012837430539263082	2.560006326621626e-06	0.05694376792018853	0.022544048292090224	0.9936620391593021	0.9841698997200129	48	2238.0	2238.005910963586	0.8981466840827675	0.8977555837370771	1.0	0.9829461459714198	True
25	2051-10-01	GARW	tropics	0.0016501722948973304	4.088141897337011e-06	0.10854208616288352	0.015203064113039082	0.8258738808828963	0.6088146260791305	30	1121.0	1120.9744321613684	0.9125987953292056	0.9134119418208247	1.0	0.9769554234058347	True
25	2052-04-01	GARW	tropics	0.0013008850454430058	2.5919808978740118e-06	0.07273421973083176	0.017885460932380987	0.8062990397103962	0.1255800766306714	3	37.0	36.79074258387327	0.8465811965811966	0.7747511605355241	0.9230769230769231	0.805233623974162	True
27	2052-04-01	GARW	tropics	0.00953717967808965	9.09577962121662e-05	0.6774479292612476	0.014078099978089651			1	10.0	10.004485012029381	0.8333333333333334	0.8348947520094915	0.8333333333333334	0.8348947520094915	True
27	2052-10-01	GARW	tropics	0.1267753550685017	0.027881729193039606	22.368052357263654	0.0056676975287628705	-0.4832359659108213	-10121.169411629638	15	181.0	181.4010538669937	0.810592963681199	0.7743935565563888	0.9333333333333333	0.8603938075338297	True
27	2053-04-01	GARW	tropics	0.0033925512204534465	1.557404121228003e-05	0.41452371643083585	0.008184215006234754	0.6366361124813059	-1.32730110013875	37	500.0	499.7756723205332	0.8207808471218757	0.8067720859983087	1.0	0.8646977423831573	True
27	2053-10-01	GARW	tropics	0.002120993175031316	6.864627953447086e-06	0.3832224204188693	0.00553462705212558	0.11128840042728727	-0.5198606793203939	37	535.0	534.3898348911395	0.8387547705060157	0.8209928224045191	1.0	0.8476391163936985	True
27	2054-04-01	GARW	tropics	0.0079759034473157	7.913295325985385e-05	1.5525074283079345	0.00513743335579951	-0.5092304381973757	-9.726662438658535	40	623.0	623.0504109948022	0.6985617586443957	0.67926556070758	1.0	0.8546534757421929	True
28	2054-04-01	GARW	tropics	0.0016392406306504918	3.931952153636901e-06	0.16564711173115199	0.009895980760056997	-0.8028790260399601	-1.1435555081226956	13	203.0	203.25984286593672	0.488178223652957	0.47256661614026735	0.6333333333333333	0.572794947791533	True
27	2054-10-01	GARW	tropics	0.000852740626136118	1.2562213197841537e-06	0.10689965369325528	0.007977019538183226	0.9594074256359142	0.900807953045035	32	514.0	513.8236412578731	0.5334954796038393	0.5168583253606261	0.8461538461538461	0.7481041612626376	True
28	2054-10-01	GARW	tropics	0.0012184378816984562	3.035130349500951e-06	0.09460906955843819	0.012878658329324872	0.9598559971345434	0.9069231405314989	40	721.0	720.905910639561	0.4793868638239256	0.4745907610801755	0.7142857142857143	0.5590072418909688	True
29	2054-10-01	GARW	tropics	0.0015907194593501692	3.6645202926423586e-06	0.09861887732703496	0.01612996925603914	0.43580441312517776	-0.8968861036072975	15	296.0	295.9307199209813	0.44386008089993456	0.4299041975265994	0.6851851851851852	0.677382914103715	True
