variant	pivot_date	model	location	mae	mse	normalized_mae	max_r_data	correlation	r2	n_points	total_sequences	total_smoothed_sequences	mean_variant_frequency	mean_smoothed_variant_frequency	max_variant_frequency	max_smoothed_variant_frequency	converged
0	2025-10-01	FGA	north	0.006162533810170263	5.971269199956484e-05	0.14245130879673548	0.043260633140012876	0.9704248194433298	0.885452047705283	34	1298.0	1298.0735423556	0.8075289244730363	0.8124815931698925	1.0	0.8342609444740456	True
1	2025-10-01	FGA	north	0.004469586047538528	2.892422455741391e-05	0.13012185128581963	0.034349234992982404	0.9871542514414466	0.9168292484915488	13	194.0	194.07726665311512	0.2073607182489675	0.19740346102252115	0.3333333333333333	0.2093872188683291	True
0	2026-04-01	FGA	north	0.12011128377573123	0.015099533770220419	1.5565643425092184	0.07716435517346427	-0.4478145972374889	-32.65040008528724	50	2363.0	2362.977215103234	0.713498429785757	0.7084567684978111	1.0	0.8263663626746723	False
1	2026-04-01	FGA	north	0.1967591099061237	0.03910551224102067	6.790949645334504	0.028973725352432922	0.2478117418404732	-132.25302832314298	26	553.0	552.9538655016697	0.1751007544848746	0.1715579111578647	0.3333333333333333	0.18779359958378394	False
2	2026-04-01	FGA	north	0.14109030248055593	0.020709951513089134	2.6356820008454105	0.05353085176258	-0.991921482247753	-48.42159132187788	14	904.0	903.9985767421272	0.3853549095662621	0.38314083115722697	0.712	0.7223068220922705	False
0	2026-10-01	FGA	north	0.1970123759082475	0.039549721117099874	3.5803384019231745	0.05502618853078874	-0.024484688683766576	-68.82004005038702	25	1345.0	1345.1385695856825	0.5827464836995834	0.5657964135834653	0.896551724137931	0.8130182369256596	False
1	2026-10-01	FGA	north	0.20079700373776335	0.040671758887763185	5.687788837913051	0.035303174829436755	0.4639448309871025	-96.68047364269314	18	434.0	433.9614332124697	0.1674260067965424	0.15772960886184634	0.22549019607843138	0.18565305399399878	False
2	2026-10-01	FGA	north	0.127394050616904	0.018189797171702306	1.914728354605358	0.06653374631993739	-0.45123802056453677	-13.58915824878928	23	1226.0	1225.7935006472649	0.5618380001636478	0.5608030328644036	0.9375	0.8665839284330175	False
0	2027-04-01	FGA	north	0.23344460456467894	0.05449638340035932	11.048579583407971	0.021128924564678946			1	10.0	10.004269659812369	0.15384615384615385	0.06840200206160549	0.15384615384615385	0.06840200206160549	False
2	2027-04-01	FGA	north	0.3039559674240567	0.09246945217182022	6.333766554002744	0.04798976483147551	-0.7789668357232162	-4012.0735761607793	7	181.0	181.07831024494922	0.8447971113771645	0.8416033036934291	0.9375	0.8609678214149337	False
3	2027-04-01	FGA	north	0.1916838701024497	0.036742706057452806	12.103111231231168	0.0158375698975503			1	13.0	12.614257260281317	0.8666666666666667	0.7824528298560303	0.8666666666666667	0.7824528298560303	False
3	2028-04-01	FGA	north	0.030618005435910894	0.0011279473610205345	0.6586388838014627	0.04648678690087823		-0.015933926487494032	17	725.0	724.9993303207489	0.22987792746484173	0.22514471275863096	0.35714285714285715	0.23744608940962558	False
4	2028-04-01	FGA	north	0.13204773545113524	0.02106480079002843	2.5755920765433618	0.05126888557148896	0.9507829937203924	-15.629713961288871	21	2574.0	2573.8432396459375	0.7793164900622245	0.7687559325247076	0.8846153846153846	0.7832812456237818	False
3	2028-10-01	FGA	north	0.19759273242412165	0.04020503487593505	3.9405727849279164	0.05014315004658292	0.4134447078933199	-30.41044144411635	18	738.0	737.7168505492724	0.24201114605395974	0.23342450911462048	0.4482758620689655	0.2994722092031259	False
4	2028-10-01	FGA	north	0.2498556186394933	0.06392704145830515	3.868136614412313	0.06459327669776574	0.3677830208352789	-36.52492525774222	25	2663.0	2663.0363600023315	0.7824640479387406	0.7488237076767681	1.0	0.7817646036323315	False
5	2030-04-01	FGA	north	0.004940903854407451	3.26061810862027e-05	0.13691286659449475	0.03608794394058888	0.9844830717664128	0.7690215105016102	16	878.0	878.097076610491	0.8906134076687926	0.881100057653921	1.0	1.0	True
6	2030-04-01	FGA	north	0.022407490770862203	0.0005278824468554472	0.4607901448230034	0.04862840714501233	0.9974364681657482	-6.6378328478840505	5	185.0	184.98366598148934	0.2798997550020417	0.25446865817121445	0.4050632911392405	0.33191179497056894	True
5	2030-10-01	FGA	north	0.20095284778166397	0.0408548799119718	4.9323093882842794	0.04074214165457413	0.7986263180491192	-64.50377367501355	22	1198.0	1198.1004025830903	0.7361122532709604	0.7138963541158394	1.0	0.9927649060174486	False
6	2030-10-01	FGA	north	0.19382267891408117	0.038283659435215125	3.9763300402358093	0.048744112524066754	-0.4288446069600772	-61.47493319901945	20	815.0	814.9340181526296	0.6180913133531056	0.6166842179102974	0.9655172413793104	0.959221776058959	False
5	2031-04-01	FGA	north	0.27464997832978544	0.07547725827164395	6.383870546229785	0.043022485550241844	-0.12001222809437767	-1709.2771310049927	5	189.0	189.07658314892	0.3763563619647656	0.3601308793404553	0.49137931034482757	0.45214959626683354	False
6	2031-04-01	FGA	north	0.05919555941630596	0.00562747968133942	1.188167695334865	0.04982087936637823	0.4913968219092702	-10.091159855599201	31	1106.0	1105.8950822831334	0.594446581363883	0.5900119740788573	0.9655172413793104	0.9537533132185796	False
7	2031-04-01	FGA	north	0.17603234475960655	0.031138212239651773	3.918175163666242	0.044927124849337474	0.9490825276565701	-87.32292553780195	14	1048.0	1047.7750450916872	0.615094028676905	0.5993881654415124	0.7972027972027972	0.8482355087075811	False
6	2031-10-01	FGA	north	0.0034259529406822343	1.581614961928514e-05	0.09703676470046842	0.035305720994072844	0.9956967012047941	0.958512693101203	18	602.0	602.13188110439	0.4668135161551027	0.46078731236811443	0.8333333333333334	0.7513917299078118	True
7	2031-10-01	FGA	north	0.0025007149622353403	7.493632077000148e-06	0.05644583534904237	0.04430291352358852	0.9991921800873788	0.9920319031706962	21	1344.0	1344.0014739120152	0.7041025139168504	0.6828653530481141	0.9298245614035088	0.915910992696515	True
7	2032-04-01	FGA	north	0.26542889604999365	0.07045272638162059	5.9722013180602245	0.04444406374033706	0.9824045314441869	-13475.513519496626	4	99.0	98.92970475449474	0.8611266947171575	0.8600461587280566	0.8695652173913043	0.8666701737474193	False
8	2033-04-01	FGA	north	0.08977968238256859	0.015224747034007884	1.678759297409702	0.05347978267110547	0.5374385076046699	-15.272239731226524	22	1787.0	1787.090064682248	0.5742736749259613	0.5841348430860229	0.8461538461538461	0.8040810931989993	False
9	2033-04-01	FGA	north	0.15266705346723633	0.02496338970216457	2.7591834461309186	0.055330519498917194	-0.9350790491013057	-22.7603341116642	14	361.0	360.8847478408247	0.13237994212479556	0.14846596292808686	0.23376623376623376	0.19285064760524726	False
10	2033-04-01	FGA	north	0.16806113392678343	0.02981017411776628	2.5700842991385944	0.06539129241134692	-0.9805418350664812	-28.32329374084068	14	1112.0	1111.9961289620126	0.3787062086313697	0.3754934878203615	0.6052631578947368	0.650455959134983	False
8	2033-10-01	FGA	north	0.04900278732353666	0.0036289420036474548	0.85889123019951	0.05705354252150637	-0.06781859282524139	-2.1653249770599117	21	1779.0	1779.0583887137848	0.539253587407173	0.5378702181944305	0.7111111111111111	0.7613927045831236	False
9	2033-10-01	FGA	north	0.2211030178810744	0.04967529859222484	5.04166647434473	0.04385514571544746	0.25359781219192157	-58.948726374035765	14	361.0	360.95894691874423	0.13237994212479556	0.1512726400896695	0.23376623376623376	0.20878494935916914	False
10	2033-10-01	FGA	north	0.1275615176635961	0.017727879341526986	1.7539759430520205	0.07272706228891122	0.7930699097615925	-9.51384179275726	19	1250.0	1249.98257978369	0.47293163281069883	0.4813402400726279	0.78125	0.8042524482338307	False
11	2036-04-01	FGA	north	0.12241412480257553	0.01700565530820501	1.8280772500346674	0.06696332159937667	0.9419034944522346	-17.004816297076985	18	983.0	983.030165318817	0.595137548869935	0.5919130711136245	0.9230769230769231	0.8917136727822254	False
12	2036-04-01	FGA	north	0.17656907019777565	0.031955582479812186	2.8227069288676137	0.06255310049797126	-0.8530079224816124	-58.88511202789421	13	1127.0	1126.9785862661138	0.5076352110094692	0.4943067131109026	0.7721518987341772	0.8287413452858478	False
11	2036-10-01	FGA	north	0.1946735109295581	0.03822233961436887	3.8060905637819324	0.05114789248107649	0.9915242599965762	-41.73062465585108	22	1066.0	1065.9813612690755	0.5287748178584862	0.5327490045468845	0.9230769230769231	0.840462108876123	False
12	2036-10-01	FGA	north	0.17430947504978905	0.03062328973505778	3.050459794824476	0.05714203325856942	0.9894800613773451	-22.97936129275116	20	1478.0	1478.0127973374679	0.6073934757566912	0.5684288891315382	0.8333333333333334	0.790802094218807	False
11	2037-04-01	FGA	north	0.3274281566849857	0.10745369855317555	4.181910079992475	0.07829631685566392	-1.0	-443.7693999337522	2	29.0	28.943572732625405	0.1951015086608307	0.22754836458026317	0.2033898305084746	0.25759844730523124	False
12	2037-04-01	FGA	north	0.08109358747182456	0.006636877789702407	1.6613870273781877	0.048810774452595344	-0.5675331651219129	-123.92286570216811	5	198.0	197.9877357787885	0.8157957735833863	0.8568842413132536	0.8333333333333334	0.9338681918778862	False
13	2038-04-01	FGA	north	0.12040990456510485	0.01849729736255133	2.819369843285294	0.0427080912608458	0.9503781298498172	-34.32922834201379	20	2007.0	2006.9385357172025	0.9841070918734809	0.9838136145885106	1.0	0.993634422326058	False
13	2038-10-01	FGA	north	0.12469723860845947	0.016732843443729658	2.3595081089409784	0.05284882816716723	0.1270382548267691	-13.115155728827943	26	2249.0	2248.8862430291674	0.9596992114802115	0.9559482691797333	1.0	0.993286695827416	False
13	2039-04-01	FGA	north	0.2975171596966368	0.08857696804502584	5.340989298600553	0.05570450399041097	-0.9843987040096027	-4615.5704695759405	3	64.0	63.87881525482299	0.8384121722130137	0.8403543525682134	0.8709677419354839	0.8902822923657324	False
14	2039-04-01	FGA	north	0.12760344899823567	0.016942846190649997	3.5048076091670883	0.03640811799896783	-0.8399536984445816	-63.58298731343078	19	1238.0	1237.9478392668825	0.9341207213461411	0.9309915469320208	1.0	0.9778284907305311	False
15	2039-04-01	FGA	north	0.16322074753001528	0.026809409004709076	5.299022158489406	0.030802050387451985	-0.984570547221516	-245.21983773914786	6	97.0	96.77381434752661	0.12833154660324642	0.11927927516528546	0.14545454545454545	0.15031528357892562	False
14	2039-10-01	FGA	north	0.15846028541000384	0.025845921359066295	3.4717439579353746	0.045642849049340385	0.3284370105106447	-30.662686148329335	26	1543.0	1542.9180287714514	0.8788769771055011	0.862839407109778	1.0	0.9654212102636275	False
15	2039-10-01	FGA	north	0.21871614407689102	0.048036491358024236	6.324946486492233	0.034579920090073255	0.8491041579478497	-180.7193079480599	11	178.0	177.89741649244428	0.18799222553509418	0.1816546759097226	0.32432432432432434	0.3522230766697702	False
14	2040-04-01	FGA	north	0.24328491991911602	0.05928293352749929	5.1879878873011975	0.046893887419169236	-0.9945516718278868	-2401.155423061978	4	112.0	111.90849081532372	0.6885186694508728	0.6818135899970186	0.8095238095238095	0.7212735676600762	False
15	2040-04-01	FGA	north	0.17819021923502557	0.03184315833302663	5.16446574060036	0.034503127367887486	0.8338637828196956	-109.63637382589374	13	304.0	303.38410369254757	0.6656143610529536	0.6406238241449395	0.9523809523809523	0.8545888149626175	False
16	2040-04-01	FGA	north	0.09710706183616909	0.01317843614234958	2.0275563057265886	0.047893644956690906	-0.9323373171606373	-110.32630661339088	6	113.0	112.3832264120204	0.37869262248851715	0.3636983665353726	0.49122807017543857	0.45300194574287594	False
15	2040-10-01	FGA	north	0.022790553432948633	0.0009434299789385578	0.6299587759464033	0.03617784893735276	-0.8809045339710432	-1.3778238508147407	17	390.0	389.7285526550823	0.6223725626867188	0.5804991684282559	0.9523809523809523	0.8282228827095729	True
16	2040-10-01	FGA	north	0.043120797939686414	0.0024388443059010535	0.9147139180859208	0.04714129422007548	-0.6606363629306693	-4.1588562064257175	18	359.0	358.91935225664076	0.5777475831780045	0.5676251745522783	1.0	0.8024951918097291	True
15	2041-04-01	FGA	north	0.28144919834609794	0.07941001552321092	7.957758151622477	0.03536790047944776	-0.9970655567566096	-1752.7220127072846	4	68.0	67.77798573234132	0.40094942180195636	0.3660189118478936	0.5909090909090909	0.4245719045018495	False
16	2041-04-01	FGA	north	0.15243034109690623	0.02471533866727745	3.005900109410181	0.05071038143274035	-0.39893926449138495	-25.682737985166753	34	3251.0	3250.967130375351	0.8932274086298919	0.880872234722185	1.0	0.999616782446679	False
16	2041-10-01	FGA	north	0.22453825472574135	0.0522883685976236	3.820606655378554	0.05877031450218568	-0.31137013927853324	-35.851598479251926	26	3092.0	3091.953819104295	0.9701886413891112	0.9644316031076527	1.0	0.999766109727802	False
17	2044-04-01	FGA	north	0.0025976858281538296	1.3562223403316601e-05	0.06808054632831098	0.03815606613417545	0.994142404741396	0.9013331274111248	12	689.0	688.9906708323604	0.9571951622043202	0.9554942878830065	1.0	0.976844188890616	True
17	2044-10-01	FGA	north	0.1344308553505093	0.018650644771931114	3.4010078579167624	0.03952676999483705	0.8593236926313155	-23.32568749132702	23	1216.0	1215.9588363639493	0.9201273528372171	0.9370833548811212	1.0	0.9577179590448658	False
17	2045-04-01	FGA	north	0.2548135042312839	0.06515463958923437	6.513796272851942	0.039119047258706886	-0.9559514892650265	-1426.154143429072	8	285.0	284.9898440884348	0.8510681579077806	0.8690519705091612	0.9242424242424242	0.9065095597889601	False
18	2045-04-01	FGA	north	0.18482101289213743	0.03430804665958795	6.6017559808776785	0.027995735290350154	-0.9119470747359001	-300.0454361105682	8	135.0	134.74976534906264	0.16750616567398005	0.16492170851289906	0.2553191489361702	0.27828012313581485	False
19	2045-04-01	FGA	north	0.03741142025729628	0.0017054413051862149	0.7020893612622422	0.05328583841526476		-4.5764914231333	12	851.0	850.9718457969941	0.750776104654821	0.7306819119945777	0.8860759493670886	0.8934265814117746	False
18	2045-10-01	FGA	north	0.14690762188291973	0.021777149051938668	3.770241763729388	0.03896504019880252	0.9998407217460626	-42.249723115555575	10	164.0	163.7461325256534	0.15609300486347683	0.1640360295167461	0.2553191489361702	0.2645595469054161	False
19	2045-10-01	FGA	north	0.16799274218856494	0.028635466937080106	3.4838328178519005	0.04822066699863851	0.9971374698517278	-22.596234347043904	24	1541.0	1540.951997209034	0.8352344930155455	0.8215757537033191	1.0	0.9788736154912051	False
19	2046-04-01	FGA	north	0.06081875412545198	0.003777621656587885	1.3982794184811576	0.0434954225325827	0.9690439620832598	-44.04273507436046	9	345.0	345.0743635608852	0.9312405076916088	0.9365395525117037	1.0	0.959096397527186	True
20	2046-04-01	FGA	north	0.1317231444546131	0.017889653409714296	2.4067294913288686	0.05473117977288032	-0.9774774540715037	-59.752004974112	11	845.0	845.0828564498423	0.9215883967302164	0.9215271733056644	0.9743589743589743	0.9935898765549094	True
20	2046-10-01	FGA	north	0.0014826123180298302	3.3245493920045487e-06	0.02836296320321646	0.05227282873820803	0.9995839794368948	0.9972797093703925	22	1529.0	1528.9461140372753	0.952289451792392	0.9336026015367458	1.0	0.9810572235237602	True
20	2047-04-01	FGA	north	0.18771341134647135	0.035829822077681296	4.159667445265721	0.045127023690347	-0.993089086029671	-432.90509586413344	9	446.0	445.9614091101279	0.9845475710945243	0.9699423892877823	1.0	0.9755067225434967	False
21	2047-04-01	FGA	north	0.04263127410842235	0.0023932020753309265	0.6819573698169009	0.06251310711675195	-0.9144436870043418	-2.230908215375646	15	2049.0	2049.0003954329823	0.9507029717217481	0.9413185396227023	0.9895287958115183	0.9923690028607196	False
21	2047-10-01	FGA	north	0.000846790124973677	1.2108593035924932e-06	0.015275027459783245	0.055436242403042665	0.9997019134783829	0.9992815239109152	23	2522.0	2521.815380115525	0.9663242111533903	0.9603530261917056	1.0	0.9998447478398911	True
21	2048-04-01	FGA	north	0.2862362722815466	0.08195960441555969	4.957639865535594	0.057736398779467075	0.18940210835077093	-2782.8256879566466	6	225.0	224.94492541777032	1.0	0.9927021428357863	1.0	0.9966316793414987	False
22	2048-04-01	FGA	north	0.1257659979954394	0.02078182612942092	3.116895506639561	0.04034976396466762	0.9525051943478428	-28.8931218748832	21	1945.0	1945.0291040975628	0.976395691133108	0.9614790609464282	1.0	0.9996424924831511	False
22	2048-10-01	FGA	north	0.18309285223293917	0.034612228847452915	3.394655955652784	0.05393561368952656	0.16891518910027517	-29.899130989492626	26	2132.0	2131.9533328571465	0.9574761039947869	0.9221715361376049	1.0	1.0	False
22	2049-04-01	FGA	north	0.2945381839108258	0.08678488323231859	5.233466069969622	0.0562797541768596	-0.9980246683308105	-6705.664930379833	3	83.0	82.73562452703042	0.8474833808167141	0.8282709981524968	0.8518518518518519	0.8806122973492709	False
23	2049-04-01	FGA	north	0.16219671638419889	0.02648142178562395	4.390410742500039	0.0369434036806859	-0.8726237687733887	-256.06717152583565	11	329.0	329.03139735804723	0.9938475665748393	0.9937075480408221	1.0	1.0	False
23	2049-10-01	FGA	north	0.05952646570509308	0.004095518355691678	1.6128372146383976	0.0369079192647716	-0.05891503877986344	-6.7764061886070595	23	702.0	701.8817579224451	0.992877122045038	0.9933272169548539	1.0	0.9998430710287183	False
23	2050-04-01	FGA	north	0.18249423794717934	0.04089621199479128	1.8364719803872604	0.09937218748564648	0.2681912502562766	-34.28293820581682	23	645.0	644.4121685239085	0.578442320823306	0.6021446630857384	1.0	0.9997980389387126	False
24	2050-04-01	FGA	north	0.1814107315179458	0.03416195582809458	3.2412060793099227	0.055970131820982365	0.159212697692571	-25.75642076425568	14	1072.0	1071.9980003682147	0.3453213793872013	0.31368137220842257	0.525	0.33045434575051746	False
25	2050-04-01	FGA	north	0.06893737966362241	0.006363185261806225	1.039173554381337	0.06633865861286635	-0.8159058435881541	-4.432234167666021	13	1807.0	1806.9595229482616	0.5191109149751065	0.499118782977875	0.7074468085106383	0.7196185318562424	False
23	2050-10-01	FGA	north	0.24706865829643262	0.06176956265936093	4.859468999097536	0.05084272753716844	0.6129933655273649	-71.25095304195278	15	413.0	412.83062015416186	0.23472012658064872	0.23679572029236468	0.6666666666666666	0.5172210888891865	False
24	2050-10-01	FGA	north	0.18003473129006992	0.03383628110142257	3.1908347446319185	0.05642245546966989	0.9502864095739387	-18.150475131463338	18	1177.0	1176.9824026970546	0.33856949353325166	0.3340158752215429	0.525	0.3492083393837744	False
25	2050-10-01	FGA	north	0.1351687856750335	0.02072353872478457	2.1356001323265743	0.06329311542408332	-0.36345697902149426	-9.462856597303118	20	2095.0	2094.989353486189	0.5791488406045815	0.5408102844652175	0.7941176470588235	0.6865939974228332	False
24	2051-04-01	FGA	north	0.29749457847390337	0.0885037232854963	5.15545466570377	0.057704819024587906	1.0	-93012.625522358	2	39.0	38.84275805969605	0.3312020460358056	0.31710118876669524	0.37254901960784315	0.32270751372052453	False
25	2051-04-01	FGA	north	0.14624349632130526	0.03821885958151865	2.4158396742744075	0.060535265596724334	-0.6801622476720692	-25.124545191334732	15	395.0	394.68774445623563	0.8429902587185676	0.8179163897576397	1.0	0.9564940351886484	False
25	2051-10-01	FGA	north	0.00120471975125357	2.07476105333461e-06	0.031677929901959105	0.038030254975059616	0.9987964691013763	0.9965983329108521	22	639.0	638.8633380532781	0.9025970219640655	0.8946494085991905	1.0	0.9465610061540173	True
25	2052-04-01	FGA	north	0.26582096724025733	0.07078765169140293	7.912774953848312	0.033593899585249484	-0.7241809393338997	-861.4717073107099	9	229.0	228.87799279642718	0.8883860601997857	0.8761017405322455	0.9743589743589743	0.9138143657307556	False
27	2052-04-01	FGA	north	0.14296599506814092	0.022823707346290533	1.4879855820375467	0.09608022872934896	0.944947455811743	-9.218135878773996	22	1540.0	1539.9798195631738	0.4594139370304291	0.4601287239159664	0.7727272727272727	0.6297647756059677	False
28	2052-04-01	FGA	north	0.06573004791807209	0.005976126454140064	1.0717286282941687	0.061330868825154185	0.09584303350253837	-2.576599903306003	19	2326.0	2325.9969601283606	0.6011491872021137	0.5818523564465383	0.8857142857142857	0.9062101819202433	False
27	2052-10-01	FGA	north	0.13766235560416037	0.020331628348266947	1.8595990664621704	0.07402797629171687	0.6606916847957012	-10.158249104616884	22	1540.0	1539.9629466929036	0.4594139370304291	0.46253794348267835	0.7727272727272727	0.6925435321933533	False
28	2052-10-01	FGA	north	0.2508535821721209	0.06434510513440105	3.8902299326703966	0.06448297054768837	0.7964942277152232	-30.094919634858382	21	2369.0	2369.0061326336972	0.6254495047074746	0.6124509925528177	0.9411764705882353	0.9003451035387122	False
29	2054-04-01	FGA	north	0.011235174147941049	0.0002666785751913226	0.25157184302410385	0.04465990316278986	0.978966021301485	0.4215864968425589	17	1908.0	1907.8420344147637	0.9960915202096722	0.9897518588718782	1.0	1.0	True
29	2054-10-01	FGA	north	0.03232957052823412	0.0014446332309351836	0.5923054296198528	0.054582600313124834	0.4906374432059479	-0.037373540875544675	26	2407.0	2406.9159227123323	0.9971773615046148	0.9972896763481545	1.0	0.9995991399041853	False
0	2025-10-01	FGA	south	0.17718582343009456	0.04411400465989723	2.8697194133214263	0.061743257061155986	0.9771344565021376	-25.075699343871797	18	3121.0	3120.9731802074816	0.8219177614349755	0.8134470269563816	0.9	0.8373676904654125	False
1	2025-10-01	FGA	south	0.14770199666623657	0.031042821420955376	2.6921415212214037	0.05486412787067201	0.970444842130413	-28.873963257188283	14	600.0	600.0021337133517	0.17772318110888027	0.18774561522459204	0.29464285714285715	0.25563019753986277	False
0	2026-04-01	FGA	south	0.04456590361904394	0.0023628047813350453	0.678220619061478	0.06571003942745689	0.26911795951191586	0.037467200860675565	22	3224.0	3223.92964415707	0.7792719404710194	0.7712989998322982	0.9	0.8643849379809724	False
1	2026-04-01	FGA	south	0.22426270550414426	0.05091441014213083	4.70179042084315	0.04769729941810726	0.8316553160565349	-61.93785018001965	17	665.0	664.755472182732	0.22139185594067373	0.21522722385083076	0.47368421052631576	0.45760629181431783	False
0	2026-10-01	FGA	south	0.32841752568069826	0.10796953411491603	5.321944961485317	0.0617100567663592	-1.0	-6249.103743269621	2	32.0	31.888799704474202	0.6056034482758621	0.5906473133092895	0.625	0.6049471442844166	False
1	2026-10-01	FGA	south	0.05705676939417835	0.003255474933700447	1.257637641693914	0.04536821060582165			1	12.0	11.770804880560734	0.41379310344827586	0.4219902241979864	0.41379310344827586	0.4219902241979864	False
2	2026-10-01	FGA	south	0.19544850533326094	0.03820011823700573	12.036603460738242	0.01623784533326094			1	10.0	10.01540396407579	0.7142857142857143	0.6734934639974788	0.7142857142857143	0.6734934639974788	False
3	2027-10-01	FGA	south	0.004960814901797154	4.195079036342244e-05	0.10677889909976322	0.0464587567733048	0.999361857733569	0.9558807910907473	15	1212.0	1211.99271900229	0.5342177327451673	0.5382606760775844	0.8125	0.7470770864840798	True
4	2027-10-01	FGA	south	0.0030184828446980184	1.1031055738092659e-05	0.047566534736384176	0.06345811948309	0.9989062172535028	0.9851491857023047	13	1321.0	1320.9604414999126	0.47167452242826574	0.4665294329277059	0.6387665198237885	0.6859438950416791	True
3	2028-04-01	FGA	south	0.22154870263154552	0.05015431223005069	4.478790468977504	0.04946619051864788	0.9078818511768015	-36.393867765117896	20	1360.0	1359.9807344366848	0.4740725790255616	0.468970964770396	0.8125	0.7180951961840839	False
4	2028-04-01	FGA	south	0.1815056739625419	0.03447742024331285	2.899763058534632	0.06259327755360264	0.9696473736857998	-17.02364091759612	21	1717.0	1716.9820652326428	0.5604478694896287	0.5545473162327661	0.8333333333333334	0.7200075022032214	False
3	2028-10-01	FGA	south	0.09253377455694027	0.008659787398650897	1.5781834052469856	0.058633093117880515	-0.9935241551669299	-170.87476534582424	3	62.0	61.896381567156084	0.2936643026004728	0.2921203424816106	0.3404255319148936	0.30804160026160904	False
4	2028-10-01	FGA	south	0.3205614784918425	0.10285075604894983	5.612617019330718	0.057114440088782005	-0.5984797770277548	-3216.877050380592	6	197.0	196.9751626008974	0.711285132650381	0.7222571875139376	0.8333333333333334	0.7503186613499533	False
5	2029-10-01	FGA	south	0.13573500366656255	0.018775816274351313	2.673427374902484	0.05077190610854489	-0.8185561774994297	-53.791431840066664	15	1380.0	1380.0760717328935	0.9994791666666667	0.990401109815464	1.0	0.9995545219423274	False
5	2030-04-01	FGA	south	0.08434276975202554	0.009358944187647478	1.6782344077231754	0.05025684693621051	-0.822519053017795	-6.122713242207213	25	2009.0	2009.0586551847769	0.9910559999048126	0.9949316408242885	1.0	0.9991895708713764	False
5	2030-10-01	FGA	south	0.2918831601310477	0.08529136771848937	5.8670810360126096	0.04974929753644882	-0.6580231497322974	-1161.1621588886755	8	340.0	339.8457516889803	0.9748409576534577	0.9782549990016436	1.0	0.9951241855769904	False
6	2030-10-01	FGA	south	0.03407886056670241	0.0014047235840354763	0.6677268166730556	0.051037130328987095		-0.5480795986233076	18	2351.0	2351.0173637368953	0.9279535530836804	0.9244871475873031	1.0	0.9479353668696346	False
7	2030-10-01	FGA	south	0.08482196725798591	0.008148409681618458	1.5763643522688158	0.05380860531126836	-0.8624862407845191	-12.924635875519934	9	142.0	141.9652965020053	0.07794456807282894	0.07649999798162482	0.11214953271028037	0.11394459361405962	False
6	2031-04-01	FGA	south	0.002827361829289132	1.4889264791618261e-05	0.05456348961492585	0.05181783366941595	0.9965873204423854	0.9908895915807729	23	2546.0	2546.00123418146	0.8905478720082268	0.88913623489195	1.0	0.9684728916363037	True
7	2031-04-01	FGA	south	0.016888463689983913	0.00034812860981194406	0.22138067828114816	0.07628698141639971	0.9908655338285813	0.7649247928270905	12	186.0	185.92381448649007	0.12142200099770756	0.12415270336437217	0.35294117647058826	0.24382137192620928	True
6	2031-10-01	FGA	south	0.004284466080098661	2.136265988137667e-05	0.07253002370523767	0.059071621119424274	1.0	-28.323353420403745	2	41.0	40.837657579147404	0.703529411764706	0.7269014036038071	0.76	0.7423161312786511	True
7	2031-10-01	FGA	south	0.003951227182719192	1.5612196249459045e-05	0.14191177275428363	0.02784284281728081			1	12.0	11.588347235295739	0.35294117647058826	0.2576838687213489	0.35294117647058826	0.2576838687213489	True
8	2032-10-01	FGA	south	0.027942502919160454	0.0012659974575291463	0.4388634320556765	0.06367015540181876	0.914153698745331	-0.6389497432805358	15	1812.0	1811.9593122188944	0.784112465954874	0.7844378885879775	0.8504672897196262	0.8148350107942819	True
9	2032-10-01	FGA	south	0.029180372519523084	0.0014799988005423856	0.7318375293157843	0.0398727468196454	0.7336872806493755	-1.662332726286229	13	407.0	406.9608138531947	0.1972484793942422	0.1893032584723388	0.3125	0.24745127794935612	True
8	2033-04-01	FGA	south	0.007269349621156049	0.00010675065795844968	0.12392901265633247	0.05865736735363721	0.9801445829240778	0.9387897279801952	22	2153.0	2152.793714832313	0.77303241915162	0.7662476736302797	0.8504672897196262	0.8213956721749107	True
9	2033-04-01	FGA	south	0.007107980512174152	7.137291307551563e-05	0.14981045570535842	0.04744649149291596	0.9832806014323261	0.9076305847120175	18	509.0	508.94022900998516	0.21208238419526765	0.20311237073644406	0.3125	0.2747134312705588	True
8	2033-10-01	FGA	south	0.04270936981541151	0.001899465599215945	0.8024404763709101	0.05322434631982605	-0.9187967776407417	-87.80555492871632	4	107.0	106.90567122802358	0.7428367928367928	0.7320587715794694	0.8148148148148148	0.7437050991354971	False
9	2033-10-01	FGA	south	0.24851083042503133	0.06177224638445522	4.807244555853749	0.051695067213175454	-1.0	-30841.349302112303	2	31.0	30.63303378464935	0.29047619047619044	0.25816121042835094	0.3111111111111111	0.26342590306190083	False
10	2035-04-01	FGA	south	0.0021849416633182833	1.0460724861243325e-05	0.09343376142781129	0.023384926710955663	0.9784799163804369	0.9520675136925966	13	210.0	209.65916384625902	0.8730630409658543	0.8682200001025399	1.0	0.9584301387519801	True
10	2035-10-01	FGA	south	0.2895161737135964	0.08383218672142279	13.058045448609322	0.022171478484510083	0.05854233692005287	-6652.8972075647725	5	82.0	81.97741544036714	0.8013973494536156	0.7959278848292642	0.9411764705882353	0.8576128071063475	False
11	2035-10-01	FGA	south	0.053753892904144285	0.0038439851445115623	1.0699421404816798	0.05023999978161875	-0.8467349070333252	-4.34207334512476	19	2232.0	2232.0041814740516	0.9634167654396868	0.9575983513154349	1.0	0.9955497956461699	False
11	2036-04-01	FGA	south	0.23634845486348136	0.05695502990298471	4.191647891762428	0.056385569820394874	0.764490219856871	-38.39542251646522	24	2475.0	2474.982215707519	0.9710382726397521	0.9579704946918103	1.0	0.9820823649013329	False
11	2036-10-01	FGA	south	0.1284330951438919	0.037584792548180375	2.2916344787047915	0.05604431960566458	-0.9050921299846564	-31.749271743587265	11	231.0	230.9438589356436	0.656503393133105	0.6371447145061345	1.0	0.9838636626371986	False
12	2036-10-01	FGA	south	0.15926140406367303	0.025404774215765633	9.236439378752202	0.01724272715198489	0.1576932903213578	-10260.328155512687	11	170.0	169.83581006584524	0.551222926539132	0.5385025320762232	0.8461538461538461	0.6943292449921772	False
11	2037-04-01	FGA	south	0.17534506727799942	0.030986751305591278	5.193074649195347	0.03376517364432046	0.7287906056323197	-98.71251766200699	14	241.0	240.75089035161284	0.512728509708035	0.46398304087106584	0.7333333333333333	0.5174524484065051	False
12	2037-04-01	FGA	south	0.22415695360714993	0.05037087681117942	8.42029018933468	0.026621048511020668	0.8393908624015698	-224.58642472587218	16	247.0	246.93271503450333	0.507861497118971	0.5080565008049538	0.8461538461538461	0.6914739121263219	False
11	2037-10-01	FGA	south	0.2821733107858394	0.07994132486498848	8.616187400424682	0.032749207703157826	-0.9994154289655947	-1097.814279298345	4	63.0	63.01411426325424	0.6197676937584423	0.5103395904963229	0.7333333333333333	0.5122545980044104	False
12	2037-10-01	FGA	south	0.14815289671452375	0.022088210773759116	4.925635964689513	0.03007792248079027	-1.0	-565.8194190178942	2	25.0	24.8324434771591	0.44573170731707323	0.35222663915231345	0.55	0.3855115086465236	False
13	2037-10-01	FGA	south	0.029978925657782707	0.001123661248464793	0.6767733713231192	0.04429684578040164		-2.6263983980610677	16	1380.0	1379.999959385852	0.9059235944695202	0.9288046570983016	0.9769230769230769	0.9600691363949863	False
13	2038-04-01	FGA	south	0.018073116974548574	0.0003767942444924343	0.3615986150579735	0.0499811565142499	0.9289671821249972	0.7091922503401595	27	1929.0	1929.0122930287077	0.9321134921329487	0.9444564230917336	1.0	0.9798693821512521	True
13	2038-10-01	FGA	south	0.3062853051105582	0.09386694977657324	6.172870613748857	0.04961796938176022	-0.8737741134717396	-3184.943156744505	8	236.0	235.93017350300232	0.9703947857464468	0.9687913933719006	1.0	0.9857654009359027	False
14	2038-10-01	FGA	south	0.1677070707017519	0.028558280336593193	3.100628716012217	0.05408808537303474	-0.5371411374860369	-85.18063951055991	14	1175.0	1174.967613827229	0.9638914979715939	0.964403275806616	1.0	0.9981036745543287	False
14	2039-04-01	FGA	south	0.0015780028471918115	4.369915425479213e-06	0.029317053522513403	0.05382542437220091	0.9984675155756078	0.9967796169951577	24	1864.0	1864.004404202593	0.9777937810891121	0.9713770977600708	1.0	1.0	True
14	2039-10-01	FGA	south	0.12343213443491592	0.015430180537356774	2.552774038777132	0.0483521583030687	-0.9970920715071677	-317.10677919778726	7	289.0	288.9186107060775	0.9983388704318937	0.9961186952086102	1.0	0.9998029073617785	False
15	2039-10-01	FGA	south	0.027457853353380815	0.0007743701718808953	0.7571696067080925	0.03626380814829311		-36.891598153779405	8	206.0	205.97290914640624	0.8712687308387694	0.8564122311204956	1.0	0.9616767846149764	False
15	2040-04-01	FGA	south	0.0011093076193981752	2.454648890728599e-06	0.02675512777763997	0.04146149585296526	0.998180054946823	0.9952437039612262	20	553.0	552.8188360247509	0.9227614837228659	0.9190216286430498	1.0	0.9775847444649286	True
15	2040-10-01	FGA	south	0.1528264349063315	0.034955663971111196	0.9775534598254487	0.15633562888071623	0.08334279997805505	-16.65510375550391	23	523.0	522.8107555119892	0.4834135180374657	0.5175056324071229	1.0	0.9790777688708459	False
16	2040-10-01	FGA	south	0.057418637136560195	0.006119785971113783	0.9296993464941339	0.061760436159371324	-0.2973348694648564	-3.412275249171932	17	2997.0	2997.018640534649	0.8421677807698627	0.8078214547475802	0.9672131147540983	0.9956016505039041	False
15	2041-04-01	FGA	south	0.2619614840685636	0.06922730735438769	4.626022812097903	0.05662779772367012	0.9813094121590912	-68.31350449211078	15	311.0	311.14518666371686	0.17279461888165842	0.18984810285796624	0.5135135135135135	0.39461665095377413	False
16	2041-04-01	FGA	south	0.10562106144311954	0.012357025869980448	1.7247128003885888	0.06123979680519704	0.9830980353545111	-4.700251400435115	22	3233.0	3233.0441121803037	0.8701204153858405	0.8623292133943731	1.0	0.9867610521392024	False
17	2043-10-01	FGA	south	0.12837076688736843	0.016776494971680676	3.7319023005604453	0.03439821210434424	-0.9756483461436084	-239.7390673760782	11	329.0	328.9701604576738	0.9981818181818182	0.9978663985112809	1.0	1.0	False
17	2044-04-01	FGA	south	0.16202659705732525	0.026261062403626325	4.711821080338537	0.03438725586025093	0.9909673528388409	-57.61261657557934	21	649.0	648.8030966713551	0.9878997131782994	0.9742808648349337	1.0	0.9993925546302032	False
17	2044-10-01	FGA	south	0.14835320934823787	0.030315357086697303	4.335466144224775	0.03421851409123734	-0.07676413782852191	-55.034490004194076	23	933.0	932.6602087713702	0.7310859955440918	0.7331665227463965	1.0	0.9599371589192784	False
18	2044-10-01	FGA	south	0.025824735909555988	0.0009138692029049236	0.5650409853258902	0.04570418178543534		-2.1334858308496143	12	444.0	444.0063763688635	0.3664721460862433	0.3628857632059501	0.4909090909090909	0.5004936131255516	False
17	2045-04-01	FGA	south	0.2126148872963833	0.04561954067522688	5.425428828678344	0.03918858656342878	0.9051878426821246	-57.2450185046813	22	889.0	888.9961488626917	0.5667960594668237	0.5701374807232349	0.7647058823529411	0.8333993572941066	False
18	2045-04-01	FGA	south	0.18222071362616285	0.033644299443653554	3.944924530852618	0.04619117861470962	0.9141369019136893	-52.70777675120823	17	609.0	608.9398622176934	0.40495852164536567	0.39946391866543746	0.5531914893617021	0.5217504184394627	False
17	2045-10-01	FGA	south	0.29388022306880957	0.08636877182991266	6.046579304101401	0.048602723670467744	-0.9605506194587995	-59483.77132952607	3	49.0	49.10896107607362	0.40919675074210343	0.38996521954437374	0.47619047619047616	0.41834196869445106	False
18	2045-10-01	FGA	south	0.08338187885784451	0.00696214997899644	2.9254782380007627	0.028501965174359562	-1.0	-1176.065166198146	2	55.0	54.809732289238724	0.5309817095931317	0.5018581103030757	0.5531914893617021	0.5176307253140517	False
19	2045-10-01	FGA	south	0.09023452898588952	0.012597974438699285	2.4143477579313632	0.03737428822731127	0.9339010680017956	-55.80501503754024	16	949.0	949.0260920836661	0.9073937982096515	0.9086297298439735	0.9545454545454546	0.9309552268911387	False
19	2046-04-01	FGA	south	0.05666677303230492	0.0036924075842186097	1.3845803546753817	0.040927038175108725	-0.810790318277481	-3.789291041268539	24	1230.0	1230.061423492763	0.8584413045590927	0.8361393965715928	0.9545454545454546	0.9499231732974529	False
20	2046-04-01	FGA	south	0.13519460583343268	0.018278676589107794	7.436043476689217	0.01818098646911435	1.0	-5095.387871036538	2	22.0	21.441586434395	0.45123839009287925	0.40656779372208596	0.5789473684210527	0.44883622739947093	False
19	2046-10-01	FGA	south	0.29357569828589175	0.08619894048538633	6.593567222299443	0.04452456286378924	0.3836228420346975	-6396.857640987988	6	158.0	158.1039825772093	0.7195577785199894	0.6658229449831927	0.8064516129032258	0.8177601015825597	False
20	2046-10-01	FGA	south	0.1469343094787635	0.023905967322961533	3.5626489808992665	0.041242993701185525	0.5991816799802099	-29.527111626919247	24	2455.0	2454.910219652724	0.9319937749313651	0.9264861464216213	1.0	0.9895737041344432	False
20	2047-04-01	FGA	south	0.26117667835033953	0.06864349544946693	4.971815528394641	0.05253144990169645	0.9404425372982268	-56.114320850005534	25	2535.0	2535.0490422508806	0.9583619612736887	0.9258353994707139	1.0	0.9888459746946983	False
20	2047-10-01	FGA	south	0.2979871556118475	0.08879634490963943	4.99654213569845	0.0596386756118475			1	20.0	20.20324966066292	0.7692307692307693	0.7959133186469551	0.7692307692307693	0.7959133186469551	False
21	2047-10-01	FGA	south	0.1561794019239423	0.031369262370316016	0.6272355471130205	0.24899641393538655	-0.6672764889729184	-4.070764439078932	12	408.0	407.5674601391612	0.3325953981400677	0.34545999539299826	0.75	0.6726092086234451	False
22	2047-10-01	FGA	south	0.19957267932461922	0.04074884404158279	3.1076613648317655	0.06421957089118788	-0.883150901674769	-68.18489649584613	13	1942.0	1942.0017562787198	0.7213526399468579	0.6792716923749256	0.9230769230769231	1.0	False
21	2048-04-01	FGA	south	0.05260148828992767	0.0036335858067713307	0.6671679969334304	0.07884294290449338	0.9788242753024363	-1.7863997611956992	16	476.0	475.83833398115735	0.2691753673530099	0.290459483845414	0.75	0.6318064510216953	True
22	2048-04-01	FGA	south	0.09420739286045478	0.010014025084832982	1.3900034994021664	0.06777493215015136	0.9165730903186673	-3.196393544303729	24	2851.0	2850.9741055662507	0.8217884301635507	0.7952413268129623	1.0	0.9954706516132089	True
21	2048-10-01	FGA	south	0.09262929864385888	0.008602264057333275	1.5822735884665549	0.058541897759684956	-1.0	-1813.6947803918333	2	22.0	21.99427564733447	0.08046753246753247	0.06910136625137848	0.096	0.07261206571937504	False
22	2048-10-01	FGA	south	0.26390492133305593	0.06989572980463768	4.483982946890926	0.05885502341529657	-0.9358566856367556	-1357.206357520197	9	477.0	476.9451062844152	0.943119558628926	0.9478815812960126	1.0	0.9756892582530672	False
23	2048-10-01	FGA	south	0.0181496262427567	0.00040404222585820407	0.6180727715074148	0.02936486944489022		-4.413699557407476	4	53.0	52.6562389019936	0.9644607843137254	0.9553383843043113	1.0	0.9779689273217204	False
23	2049-10-01	FGA	south	0.11174888802315235	0.021649695481804246	2.6322301842810805	0.042454071338625506	0.24332556199312505	-34.50480882364131	21	2067.0	2066.460266204101	0.9639779839352611	0.9610402338518831	1.0	0.9940758585797115	False
24	2049-10-01	FGA	south	0.101007252430515	0.01020246504356178	33.25164772968434	0.003037661569484992			1	11.0	10.999997986662493	0.05913978494623656	0.051021614220350356	0.05913978494623656	0.051021614220350356	False
23	2050-04-01	FGA	south	0.05879948830481885	0.003585848907253568	1.0233258601528665	0.05745920297180339	0.9789589758259283	-1.7105758191564124	24	2354.0	2353.993187939048	0.923373599388052	0.9227386666131036	1.0	0.9929886144814953	True
24	2050-04-01	FGA	south	0.14515642419346417	0.02107548384089573	7.9989777709385095	0.01814687180665001	0.9877928822340382	-127.33579880968108	3	35.0	34.710257369426046	0.12288786482334868	0.10127944536304297	0.16666666666666666	0.12960782431488446	True
23	2050-10-01	FGA	south	0.2849516601890182	0.08121626090911724	5.530881331056948	0.05152011824751338	0.15023935330472515	-4227.1931916505555	5	144.0	144.1077475721375	0.7973009446693657	0.7983821186258397	0.8461538461538461	0.8300379746690383	False
24	2050-10-01	FGA	south	0.0978821392123282	0.009580913176781598	2.215002067583549	0.0441905407876718			1	10.0	10.28648717271575	0.17543859649122806	0.20701235446958993	0.17543859649122806	0.20701235446958993	False
25	2050-10-01	FGA	south	0.1117506823759786	0.018416277252363243	3.167330887184078	0.035282288575580675	0.9455091769936858	-86.71940808579451	19	1307.0	1306.9973063105829	0.9379072629171525	0.9338053411210925	1.0	0.9561819972410447	False
25	2051-04-01	FGA	south	0.21426372807028357	0.04598421886174231	5.858094991534218	0.0365756663864149	0.9414791587818432	-68.82850568891176	31	1929.0	1928.8250301305454	0.9297086021292142	0.9292772195708277	1.0	0.9646017131749915	False
25	2051-10-01	FGA	south	0.179074458801279	0.034863132787428794	1.4027594879419076	0.12765870438988255	-0.10661849256296768	-21.687812424336006	29	1243.0	1242.9802199590422	0.5816985604273279	0.5918754757348366	1.0	0.9241855588079391	False
26	2051-10-01	FGA	south	0.15090951391184784	0.02281588627029996	4.552067745820977	0.03315186028379965	0.9979999186203867	-76.0504918815781	7	96.0	95.66524005847378	0.07214901503730799	0.06347155380535573	0.11578947368421053	0.07411074903275752	False
27	2051-10-01	FGA	south	0.14289365686129973	0.022358236787319546	2.5107241000601483	0.05691332506740844	0.8256334086434884	-25.741359204183805	17	1487.0	1486.998505840558	0.5231962904230745	0.4964647587525191	0.7587939698492462	0.785275983146854	False
28	2051-10-01	FGA	south	0.05296138003992473	0.0034533613496826885	1.265759289058614	0.04184158907442332	-0.8983368986038495	-7.939708328516804	8	126.0	126.02871577795685	0.0858587273828292	0.08445501631304263	0.14124293785310735	0.12598814267656974	False
25	2052-04-01	FGA	south	0.005688936782715603	3.9291232456836786e-05	0.11244654415060588	0.05059236658350384	0.9962490583015359	0.9541664805219081	19	836.0	836.0043915816449	0.410066361390273	0.4151256420197834	0.8333333333333334	0.7131506628184978	True
26	2052-04-01	FGA	south	0.004237662419738471	2.3332641580445112e-05	0.13465305009498968	0.03147097237492247	0.9997306012533403	0.916750779728565	7	96.0	95.38888314963636	0.07214901503730799	0.05940421633646325	0.11578947368421053	0.07132380106945689	True
27	2052-04-01	FGA	south	0.009249669700952732	9.998768818306998e-05	0.13488575093478203	0.06857410539549871	0.9950860298093887	0.9465863696865024	22	1637.0	1637.0216123596226	0.5407801186166531	0.5307078757923451	0.7587939698492462	0.663743587493889	True
28	2052-04-01	FGA	south	0.012266115112833919	0.00018043087362387523	0.31404422433234086	0.039058559790143325	0.9373652999135039	0.4946633854560253	11	170.0	169.8186630586227	0.2048804952375294	0.18334236915708377	0.6875	0.6400210917086104	True
27	2052-10-01	FGA	south	0.020796276737742335	0.00043403503791851483	0.3184790792975276	0.06529872161026365	0.9410206597682085	-31.457578084929374	3	51.0	51.29760586710886	0.5340064069203992	0.5473394619389444	0.5789473684210527	0.6055328651356778	True
28	2052-10-01	FGA	south	0.017141358030242828	0.0003306840708759483	0.5593745659146248	0.030643792325836725	0.9924564658734707	-1.6895534113993906	3	40.0	39.82809720778901	0.47812294001318395	0.41047047853378915	0.6875	0.5894139296741027	True
27	2053-10-01	FGA	south	0.08035986004016683	0.012341023819520078	1.6667167359017772	0.04821446758719209	0.6767993988471479	-12.380056854063485	14	538.0	538.1343910414464	0.16408335402474705	0.15536083380598337	0.25	0.20898457079437105	False
28	2053-10-01	FGA	south	0.1538017351231466	0.024068586470185473	7.126442979890883	0.021581837609188526	-0.9987489301001253	-91.82441875783651	5	67.0	66.80328061583154	0.037800520482703874	0.031668266606052736	0.040293040293040296	0.03332130708424467	False
29	2053-10-01	FGA	south	0.05412353082095423	0.005253034831295761	0.9673402891245645	0.05595087006035447	-0.3107163805144396	-1.80577696426008	23	3227.0	3226.9253542448587	0.8041865294409232	0.7911330988240755	0.9074074074074074	0.9113914851941732	False
27	2054-04-01	FGA	south	0.10874593671590094	0.013445928946498497	1.992870709694377	0.054567482068406746	-0.7325986257919992	-9.956754308797755	14	538.0	538.1916261638911	0.16408335402474705	0.1621188477717721	0.25	0.2415645957783653	False
28	2054-04-01	FGA	south	0.24739716350679433	0.061598103953917696	8.083343702427172	0.0306057954003006	-0.7398631647640038	-168.72077897824545	5	67.0	66.74080017384537	0.037800520482703874	0.03409459131366688	0.040293040293040296	0.03744472744767285	False
29	2054-04-01	FGA	south	0.1210330820242507	0.01755122347090871	1.8095583092887215	0.06688542800912829	-0.6208790421655941	-7.316796439743156	26	3270.0	3269.8838593878236	0.8199394063266544	0.8086635045945503	1.0	0.9297258664118984	False
0	2025-10-01	FGA	tropics	0.006778114103798804	5.887131567289408e-05	0.3593636750234208	0.018861433625301873	0.6844888019617598	-0.008638034892568092	23	845.0	845.0549610025948	0.6727111330808971	0.649925851148313	0.8571428571428571	0.7149245549290737	True
1	2025-10-01	FGA	tropics	0.006543930939409801	6.075189635339609e-05	0.22932704248561417	0.02853536533887104	0.9314774680721901	-0.09545785026589426	20	393.0	392.9711837388598	0.35197830118047835	0.34354358045747857	0.55	0.4217305361277199	True
0	2026-04-01	FGA	tropics	0.0690783883905038	0.005106432174216328	3.463097929137122	0.019946992491695324	-0.38093534002145646	-29.64386257308085	39	1349.0	1348.7074725204352	0.635972738674319	0.6194046080565443	0.7857142857142857	0.6586899544455291	False
1	2026-04-01	FGA	tropics	0.20779855668593952	0.04338951754707483	12.225453685202767	0.01699720615991954	-0.24956423663775593	-376.92532606881497	35	689.0	689.0937063448506	0.35750969467263527	0.3450869655821516	0.55	0.3685986943096124	False
2	2026-04-01	FGA	tropics	0.016914628452147255	0.00028837096288151744	0.8883101008792532	0.019041355530467437		-126.24266240211158	3	51.0	50.97873499847125	0.6702218150886606	0.6293623053702869	0.7241379310344828	0.6955951663705275	False
0	2026-10-01	FGA	tropics	0.23311225564796273	0.054411659307764294	12.892458203056174	0.018081288453795658	-0.7997817179479214	-4309.151841643298	16	415.0	414.76603887789406	0.5691818853216579	0.5420733589899858	0.7142857142857143	0.6405258870117703	False
1	2026-10-01	FGA	tropics	0.2507040012811142	0.06293364813408119	15.765478600849473	0.015902086300609092	-0.8057726618255375	-4042.2034740412832	13	252.0	251.90345700912965	0.3768395627364379	0.35679146118414923	0.5294117647058824	0.37522276001373334	False
2	2026-10-01	FGA	tropics	0.18080260233855874	0.034178341150960724	10.938454114935425	0.016529081754951998	0.8420786592977962	-492.89191173177556	30	1149.0	1149.0665253653021	0.8216860187282613	0.7947808149674916	0.9538461538461539	0.9286163195647044	False
3	2026-10-01	FGA	tropics	0.222792761535882	0.04970922824700964	13.599693921685974	0.01638218939476412	-0.9602797322905228	-8036.665349674869	5	66.0	65.85870879740219	0.20752189381499728	0.19550976562045733	0.2413793103448276	0.23088642763058212	False
2	2027-04-01	FGA	tropics	0.2255574593735976	0.05111085817902562	11.955943509636064	0.01886571805828677	0.91610069043418	-467.91511478715944	40	1464.0	1463.9383248233162	0.7293790642967906	0.7275793338225418	0.9538461538461539	0.9078460872918508	False
3	2027-04-01	FGA	tropics	0.16495148550321068	0.036960469476446926	10.829025704045744	0.015232347767129641	0.6936086971082213	-1009.8665303142967	30	566.0	565.8069845887169	0.5199852410334708	0.5141892989362938	0.8846153846153846	0.8197936001751939	False
2	2027-10-01	FGA	tropics	0.25598129930276287	0.06557885957547216	15.353359752371563	0.01667265689278352	-0.7518124271997187	-21408.39700005924	14	329.0	328.9125004545622	0.4980159550697635	0.49125094154446075	0.711864406779661	0.6715682667598092	False
3	2027-10-01	FGA	tropics	0.1124408456344738	0.012720846700371095	7.453118539149956	0.015086415846446195	0.2104971256068399	-288.12476816300335	27	530.0	529.9887888845795	0.617645355164794	0.6043568095461894	0.8846153846153846	0.727005517820505	False
4	2027-10-01	FGA	tropics	0.0693916721649785	0.009909227645442466	4.323650526395936	0.0160493249260877	-0.9564801895867874	-1519.2297324384263	5	67.0	67.13429358242873	0.743573385678649	0.7276445874940857	0.9230769230769231	0.8376294980086725	False
3	2028-04-01	FGA	tropics	0.12693398759952795	0.026650998396708574	7.903556577636563	0.016060362996412638	-0.8462684011283779	-222.26267801795987	3	33.0	32.86843146488903	0.4383626955055526	0.361781108189301	0.8461538461538461	0.7372192769696458	False
4	2028-04-01	FGA	tropics	0.16875693989348878	0.032193062524298335	12.491236713037473	0.013510026570655904	0.8772740023029841	-1826.7304287773943	30	785.0	784.928060038485	0.8141677395089951	0.8034284440049576	0.9230769230769231	0.8426887231261763	False
3	2028-10-01	FGA	tropics	0.23438317758944538	0.054951896712563814	123.42613948958967	0.001898975197301819	1.0	-30148.135883623592	2	22.0	21.71705279386753	0.2344671201814059	0.15214853178314836	0.24444444444444444	0.15679711644997044	False
4	2028-10-01	FGA	tropics	0.17627431325915238	0.03131618701487921	10.343820868446477	0.01704150869403317	-0.551832277185164	-676.1518335466285	45	1186.0	1185.521476196035	0.7143763542213356	0.7122994925115	0.9166666666666666	0.8357509954895539	False
5	2028-10-01	FGA	tropics	0.03325043936857458	0.003917898414006224	3.116431087287978	0.010669396639060682	-0.5850723065728289	-1358.534901185885	16	302.0	302.0075466420885	0.5402408329868041	0.5195343223856872	0.7666666666666667	0.7964412259701675	False
4	2029-04-01	FGA	tropics	0.20322994632172636	0.041510896436184545	14.959255666866325	0.013585565408302105	-0.4084428948309187	-23352.009377530252	19	408.0	407.6088099412619	0.5713032861768932	0.560349497006332	0.7857142857142857	0.8046378935329197	False
5	2029-04-01	FGA	tropics	0.06840993720857046	0.009405714497435519	4.959751992732647	0.013793015721110484	-0.823412023403328	-294.3122137229503	44	950.0	949.9694144139403	0.7576299680696915	0.755892527881386	1.0	0.9787994533588921	False
5	2029-10-01	FGA	tropics	0.07167569590362353	0.009345908434614005	8.100294896141154	0.008848529198334327	0.5568554889668034	-1178.5503029957827	50	1034.0	1034.0015463908974	0.961566115636281	0.9612508251182722	1.0	0.996545827546537	False
5	2030-04-01	FGA	tropics	0.11581337071854556	0.0267213121421146	21.91691169092464	0.005284201184535574	0.22439844054433747	-5355.614149283604	51	965.0	964.9855555625395	0.9827041291232693	0.9810042334556601	1.0	0.9992944996079138	False
5	2030-10-01	FGA	tropics	0.19785875675488873	0.039276686212174644	23.923183647053477	0.008270586376544336	-0.46517158661695773	-4779.445993390033	40	730.0	729.9524594900097	0.8000622115729963	0.788273717607363	1.0	0.999751761126022	False
6	2030-10-01	FGA	tropics	0.18734784411459476	0.035457482785842084	7.392568369257237	0.025342727284565974	-0.7229757866728406	-627.611045848751	20	1363.0	1363.0000002139234	0.7615571406004391	0.7334901730431752	0.9513888888888888	0.9738480803456465	False
5	2031-04-01	FGA	tropics	0.22819926632453955	0.052163363210838386	23.006592146224715	0.009918864335671986	0.8977109720173999	-6202.88801528656	14	227.0	226.89992470083928	0.4997892872381581	0.46674671773677207	0.8181818181818182	0.8126811882075565	False
6	2031-04-01	FGA	tropics	0.17822503440581997	0.03224189368118473	6.044498264151604	0.02948549682987383	-0.16050898256913038	-78.6300973193915	37	2261.0	2260.9985059636942	0.777357634110123	0.7666016505932551	0.9513888888888888	0.9206882800792204	False
7	2031-04-01	FGA	tropics	0.08825447892860373	0.011717561827247345	17.2219463340779	0.00512453570674357	-0.23126832224931804	-1895.6650084233495	9	104.0	103.17404569598676	0.37140194899852047	0.3130864501609271	0.9166666666666666	0.7364504011824733	False
6	2031-10-01	FGA	tropics	0.18197140234192172	0.033137125703239234	6.534286855661885	0.027848701221962053	0.06527913977525626	-2242.5032654309707	14	594.0	594.0007516409296	0.7704718256057771	0.7133773335498537	0.9270833333333334	0.9189505546742072	False
7	2031-10-01	FGA	tropics	0.25621780534918426	0.06603247215738067	16.74251197533699	0.015303426733492134	0.47199258544114486	-1302.820506586293	10	115.0	114.75684543964043	0.418877138714053	0.38383809778451206	0.9166666666666666	0.8281111438784498	False
8	2032-04-01	FGA	tropics	0.0040072718077402095	2.2661156642385168e-05	0.15648179270646537	0.025608549968859355	0.7368925158538253	-0.14178214539465617	7	129.0	129.01382009502922	0.6612439842416744	0.6277614228819723	0.8333333333333334	0.6504443933237722	True
9	2032-04-01	FGA	tropics	0.014776656695015569	0.00021834958308234842	0.38438749647028175	0.03844208469501557			1	15.0	15.040445712258547	0.39473684210526316	0.3017637665531433	0.39473684210526316	0.3017637665531433	True
8	2032-10-01	FGA	tropics	0.10694661928632794	0.011531589207157014	3.297887501371465	0.03242882579889488	0.7058338158623461	-61.28315519486101	33	1536.0	1536.0208003991133	0.7045312979100604	0.698496518348879	0.8333333333333334	0.7345580543540681	False
9	2032-10-01	FGA	tropics	0.19658757647558317	0.03872109272209682	7.156955966957134	0.027468043311039785	0.8692591754435265	-198.33291474373314	26	522.0	521.9719380861062	0.2677205877422961	0.25996243852830436	0.39473684210526316	0.2713334952076738	False
8	2033-04-01	FGA	tropics	0.11385872527120526	0.013291367062536296	5.483882421109127	0.020762430068326867	0.7041923124524667	-80.52526671979128	31	1428.0	1427.9640696215515	0.6865006039300393	0.6901256947954062	0.8333333333333334	0.7227841172616354	False
9	2033-04-01	FGA	tropics	0.2577769934429189	0.06656448986603579	12.504806458125074	0.02061423295963343	0.49377562375562173	-464.3354125510721	23	484.0	483.96863243888265	0.2658593242273721	0.2649422550030606	0.35789473684210527	0.274079000101552	False
10	2033-04-01	FGA	tropics	0.03798860903359439	0.0014431344163072894	3.1943679810281096	0.011892370966405608			1	11.0	10.943993019160573	0.7333333333333333	0.8263930700446268	0.7333333333333333	0.8263930700446268	False
8	2033-10-01	FGA	tropics	0.16231232604200357	0.026419331274098956	7.223124413500112	0.02247120729896882	0.18982222486644473	-12152.10240597643	6	78.0	77.96052461778177	0.5589086533185871	0.5826076112901206	0.6774193548387096	0.6439172802877874	False
10	2033-10-01	FGA	tropics	0.032113197695071545	0.0039019796680813904	3.3910471093203314	0.009469994565043953	-0.4133740105964387	-591.5953266512299	24	429.0	428.7602637496509	0.9482930886959021	0.934979136877248	1.0	0.9988207904649391	False
10	2034-04-01	FGA	tropics	0.18402172652734625	0.0344977080629106	20.704308553157368	0.008888088489160546	0.9567107745572201	-1648.061492631349	46	1022.0	1022.1528813526353	0.9832582863872479	0.9773824455395335	1.0	0.9995122824968612	False
10	2034-10-01	FGA	tropics	0.024517528093803052	0.0007416771249183984	2.2791376030606365	0.010757370709376499	-0.585642573553655	-54.07700189420308	32	656.0	655.8678119719157	0.987219161047286	0.9787280424909381	1.0	0.999538695567834	False
10	2035-04-01	FGA	tropics	0.2768684320848839	0.07666078619251969	26.713206694199464	0.010364477587971623	0.5308455776911535	-47835.80939884242	7	84.0	83.92767821196685	0.976808905380334	0.948438956983481	1.0	0.9637163245709218	False
11	2035-04-01	FGA	tropics	0.09393255024500964	0.008966968839700877	5.8944480340452365	0.01593576696282208	-0.8881718296524792	-482.0183494036141	4	47.0	47.02656128357271	0.8661764705882353	0.8099447704488661	1.0	0.8662964311315661	False
11	2035-10-01	FGA	tropics	0.05162377072818457	0.002920375045253269	4.1884518102314585	0.012325263144267089	0.8072741293498963	-157.52442341850514	29	737.0	736.9059131936012	0.9083702408980711	0.9014046464032364	1.0	0.9334150207446892	False
11	2036-04-01	FGA	tropics	0.0739101843275622	0.00630156677990891	5.037659533167743	0.014671532254401194	-0.127419083736054	-116.72490935326726	47	1153.0	1153.0503223680903	0.7254541362487017	0.7191014487784005	1.0	0.9338246243793548	False
12	2036-04-01	FGA	tropics	0.17987604266817345	0.03431258945644572	14.857151616595209	0.012107034195387405	0.3998692086099937	-29026.071126919545	21	492.0	492.1284917243007	0.5619871846342139	0.5417717671346702	0.813953488372093	0.8073778418492206	False
11	2036-10-01	FGA	tropics	0.1943772679853862	0.03811966701578253	15.653206160843016	0.012417728738003017	0.4593082624795405	-1300.4393805976656	48	941.0	941.0662880174234	0.48273086355258327	0.47255980686114424	0.8055555555555556	0.7984242885789323	False
12	2036-10-01	FGA	tropics	0.07441947979818292	0.012340044077013815	2.289620415425427	0.03250297704231261	-0.8638791900835288	-129.90481646585656	45	1074.0	1074.0637642400736	0.5481458969083685	0.5420974301595447	0.813953488372093	0.6650351177488495	False
11	2037-04-01	FGA	tropics	0.11783726905828043	0.01571452813472552	9.21115950975857	0.012792881171305328	-0.6602460568838939	-800.2033005467861	30	559.0	558.9695461759504	0.5213604708810686	0.5111438673137318	0.8235294117647058	0.6368595491707207	False
12	2037-04-01	FGA	tropics	0.2736115587401114	0.07501187313668349	20.37323104511072	0.013429954145921994	0.40004143544337284	-3710.968738442199	26	556.0	555.4114626898986	0.5173356160625576	0.4973056654140272	0.7368421052631579	0.631755963390108	False
11	2037-10-01	FGA	tropics	0.20931987767263938	0.04381481118888871	19.309118757020883	0.010840467672639369			1	15.0	14.78253568156596	0.5555555555555556	0.6153322708516962	0.5555555555555556	0.6153322708516962	False
12	2037-10-01	FGA	tropics	0.16873288242811335	0.0285515711410763	16.242573752474595	0.010388309451413542	-1.0	-3488.845696436673	2	26.0	25.377427571537595	0.5906432748538011	0.36249303909610414	0.7368421052631579	0.36339598403747975	False
13	2037-10-01	FGA	tropics	0.008478721385845801	8.113961161313656e-05	0.6507659848032993	0.013028833073395165		-7.771000990382117	13	213.0	212.86169560951203	0.8549650769099724	0.8530330779739993	0.9354838709677419	0.8877720561283337	False
13	2038-04-01	FGA	tropics	0.06637255586633879	0.008034153563154123	5.700215406157441	0.011643868018503716	-0.8818172676375469	-297.2831057031243	39	950.0	949.938167903852	0.8902019916634506	0.8812236734832607	1.0	0.94781697071646	False
14	2038-04-01	FGA	tropics	0.05588246890945213	0.003122850331415884	2.447509468584785	0.022832381090547877			1	15.0	15.060048732970415	0.35714285714285715	0.1814587042620781	0.35714285714285715	0.1814587042620781	False
13	2038-10-01	FGA	tropics	0.24051867680474212	0.05814902137411439	14.91580579986783	0.016125087711109338	0.40899617218044143	-2423.7491129830055	32	782.0	782.0675924253179	0.7359999194076573	0.7222607489648335	1.0	0.9512572697025686	False
14	2038-10-01	FGA	tropics	0.2015367193383226	0.04071335625217986	7.375276300181733	0.027325989038994587	0.8246647734906879	-138.6496079751903	27	2184.0	2183.9860929804545	0.8466687005900988	0.8190232004220157	1.0	0.9914195983079321	False
13	2039-04-01	FGA	tropics	0.12682853420713872	0.016103936698119766	10.175331175993469	0.012464315117955442	-0.6665344877562264	-1668.4467408080172	6	74.0	74.02007129317731	0.22000648674487602	0.22434406968221124	0.3617021276595745	0.34473722726572936	False
14	2039-04-01	FGA	tropics	0.26189628894184624	0.0687409208294269	8.791738718684838	0.0297889072141379	0.7836480094494872	-175.09774882313485	32	2403.0	2403.0031118559587	0.9287614345759925	0.9170594881818106	1.0	0.9926535259634517	False
14	2039-10-01	FGA	tropics	0.2815947824500054	0.07930168036144268	10.652111580002192	0.026435583248926826	0.19294160352629264	-13127.703768829588	6	144.0	144.06136063113928	0.9535109819121447	0.9373487807427533	1.0	0.9648552361188123	False
15	2040-04-01	FGA	tropics	0.0018594056191163508	4.673843276402115e-06	0.12231553402134861	0.015201712799551816	0.8068299038353058	0.24486518752406494	16	323.0	322.95103470776115	0.9888020833333333	0.9906898552359692	1.0	1.0	True
15	2040-10-01	FGA	tropics	0.17741133172985105	0.037502012573231554	11.89809339295594	0.014910904282772261	0.7507052109685797	-740.9023828285736	42	1187.0	1186.7672557584535	0.8767139794833535	0.8769121860715892	1.0	0.9939507443088351	False
16	2040-10-01	FGA	tropics	0.08627575661424788	0.011963776627079627	4.001918952934104	0.021558596670477975	-0.6149555922841171	-9768.539203557031	9	185.0	184.93285379742306	0.4135699006785234	0.3980508223077728	0.6949152542372882	0.5839066190042314	False
15	2041-04-01	FGA	tropics	0.17534678636400794	0.030916051751227365	8.335155686484228	0.021037013939444398	-0.5626386746974605	-861.5184254496927	30	899.0	898.9130873087217	0.6866992571407248	0.6892191071979195	1.0	0.9785763043125482	False
16	2041-04-01	FGA	tropics	0.0700213003500512	0.010561240821362804	3.1378787247724826	0.02231485232276726	-0.7639457619138919	-71.52465386544591	35	1782.0	1781.8948660542105	0.7827362497959922	0.7715400269157944	1.0	1.0	False
15	2041-10-01	FGA	tropics	0.1243673383171374	0.015569728891706523	9.342074631133874	0.013312603808865373	-0.9864245097056354	-5154.565338062627	4	52.0	51.91233780506037	0.20100233532712886	0.19879044961860567	0.22641509433962265	0.24680820255699948	False
16	2041-10-01	FGA	tropics	0.22732842094674305	0.052004724068655556	13.018798522884495	0.017461551505474508	-0.5183224491265473	-482.46439011207116	34	1729.0	1728.951495257673	0.9463979683763503	0.9448283114094496	1.0	0.9969472692434359	False
16	2042-04-01	FGA	tropics	0.2382937394935498	0.05690028951307131	13.93297059247846	0.017102866751343728	-0.20484701011376466	-94893.35943052727	8	149.0	148.84099043368556	0.9872122762148338	0.9839512904813884	1.0	0.9924252192089801	False
17	2043-04-01	FGA	tropics	0.0018167642865302928	6.66734792917486e-06	0.10472297462936342	0.017348287641371942	0.8464574022161697	0.5220911182887975	16	486.0	485.37266452341646	0.9787565199848298	0.9619254335401896	1.0	1.0	True
17	2043-10-01	FGA	tropics	0.155025104347934	0.024332832561869123	9.422703233280787	0.016452296173394134	-0.6197516761855881	-245.1675081858316	42	1613.0	1612.9220492359839	0.9873498562624808	0.9804192063352373	1.0	0.9987685767966658	False
17	2044-04-01	FGA	tropics	0.03778072432745414	0.001631941907554271	2.804441718122712	0.013471745225907026	0.5009226172414146	-61.620581726338614	34	1175.0	1174.9315085292799	0.9933103236831111	0.9915267675585245	1.0	0.9952082666198372	False
17	2044-10-01	FGA	tropics	0.18992860498917558	0.03623231418246704	16.646378781864943	0.011409604904346489	-0.28618320315843426	-1853.498507829962	8	107.0	106.92893433948956	0.9435096153846154	0.9422456024726162	1.0	1.0	False
17	2045-04-01	FGA	tropics	0.19318712406402586	0.03732126490412932	88.82305734940233	0.0021749659359741207			1	10.0	10.212736728829158	0.625	0.5336278152522534	0.625	0.5336278152522534	False
18	2045-04-01	FGA	tropics	0.1530123336869141	0.02366375040661764	10.076121015595412	0.01518563874432312	-0.9479829409456346	-905.1829625891968	19	481.0	480.97694381749716	0.5303793004238283	0.5255933691297479	0.6222222222222222	0.5538568302963508	False
19	2045-04-01	FGA	tropics	0.0145968775989871	0.00022089233204257693	0.7714292083876482	0.018921862745508174		-27.234477357782655	15	318.0	318.00468795127836	0.3819332563455887	0.37748373094167315	0.5308641975308642	0.4921630291005649	False
18	2045-10-01	FGA	tropics	0.19813619621914147	0.04038630754205118	12.568724713582293	0.015764224353249392	0.06606450698505673	-384.06289060183553	40	970.0	969.9467961992616	0.48465570714879186	0.467960848105675	0.6222222222222222	0.5368947125036517	False
19	2045-10-01	FGA	tropics	0.0745191265728227	0.010065961596882379	4.09077570098491	0.018216380466638933	-0.9347424648319684	-86.78729671779239	40	1009.0	1008.6886646977615	0.5171132668691774	0.5066179467516225	0.8947368421052632	0.6486288326378454	False
18	2046-04-01	FGA	tropics	0.10292499641962909	0.010655147364660722	5.7074015219701355	0.018033600058350276	-0.18398859019380792	-421.72795430659096	16	367.0	366.85869118605376	0.4210546451157376	0.40837445962101315	0.5789473684210527	0.4841115994550934	False
19	2046-04-01	FGA	tropics	0.27131349878245037	0.07377726692114668	24.155569145163962	0.011231923253473346	0.2678771645373074	-3620.096454829976	23	616.0	615.7894310060622	0.6296856798066702	0.6172636094697616	0.8947368421052632	0.7157079778935312	False
20	2046-04-01	FGA	tropics	0.042960305211998756	0.0018745333558706045	1.3337070247791563	0.032211201121260045	-0.6503810439268679	-1482.4829455876131	4	77.0	76.89488750597673	0.6913814200355962	0.7232167789344096	0.8125	0.8112412523691698	False
19	2046-10-01	FGA	tropics	0.3066721733613863	0.09404782191419618	23.9101151244073	0.012826043361386295			1	10.0	10.032414350284952	0.6666666666666666	0.7030975999755544	0.6666666666666666	0.7030975999755544	False
20	2046-10-01	FGA	tropics	0.1308228551242369	0.027713984287499084	4.824410367397814	0.027116858882549826	0.9775388682638634	-99.95409371775638	30	1984.0	1983.9779757954304	0.8727103167017302	0.8526182049702143	0.963963963963964	0.9431958943532593	False
20	2047-04-01	FGA	tropics	0.13681257941157488	0.035593487213747624	4.801526035797757	0.028493561920016525	-0.9322960125223034	-148.70894471921278	32	2028.0	2028.034390692468	0.8438457989568426	0.8022804092390736	0.963963963963964	0.953584271888904	False
21	2047-04-01	FGA	tropics	0.02074672634001501	0.0005888928269893293	1.28961766584152	0.01608750166001879	-0.5884355415065783	-21.7993453377191	22	918.0	917.8890052824996	0.8484649882485485	0.8049141056860151	1.0	0.9999405618631259	False
20	2047-10-01	FGA	tropics	0.10946033742206392	0.011986526250543065	4.164325557505447	0.02628524977466792	0.23846725078295705	-2284.2859985569658	6	111.0	111.01999346481233	0.5804101377018044	0.5430409964054663	0.71875	0.7243577950202402	False
21	2047-10-01	FGA	tropics	0.22808382310343694	0.05524701681398156	2.885255082584324	0.0790515280538531	0.7643615143976203	-183.4160102644223	44	1674.0	1673.6656555887603	0.80031910558796	0.7778621419228853	1.0	1.0	False
22	2047-10-01	FGA	tropics	0.04804099022066152	0.002340032148928048	1.6679788197680052	0.028801918616294792	-0.030280726756777464	-237.5588019965369	11	427.0	426.8422329578398	0.7098040361572637	0.6625350414522477	0.9253731343283582	0.9962450745024798	False
21	2048-04-01	FGA	tropics	0.12267372659900497	0.01515768376163335	5.853420339251154	0.02095761443551122	-0.6027398709265372	-509.6836135062884	21	650.0	649.5536125736323	0.7014645835305561	0.6617738358575532	1.0	0.9973278661774045	False
22	2048-04-01	FGA	tropics	0.18987979165146798	0.043076814082211076	8.047429301657607	0.02359508664616123	0.7861608736905392	-154.67219185386665	37	2175.0	2174.887235139864	0.8871126348498711	0.8484101737649982	1.0	0.9997739968184822	False
21	2048-10-01	FGA	tropics	0.11491446395540333	0.013205334026157691	21.715670313134304	0.005291776044596678			1	13.0	12.771319124568196	0.13402061855670103	0.054982246433023685	0.13402061855670103	0.054982246433023685	False
22	2048-10-01	FGA	tropics	0.22731832811655406	0.05202105008590683	11.102951111125659	0.02047368540502451	-0.8643259917652669	-627.8592137566783	31	1688.0	1687.8426687681583	0.9175171566307818	0.9022544269241515	1.0	0.9889419104913542	False
23	2048-10-01	FGA	tropics	0.0222474785708307	0.0008550716732262019	1.2475511890516109	0.017832918413346426	0.9005621039711145	-128.2069829039888	9	145.0	144.92504404694583	0.732030650744101	0.6856295185543171	0.8181818181818182	0.8551939393768864	False
22	2049-04-01	FGA	tropics	0.2715029618759713	0.07372922743419986	19.313415745829953	0.014057739213458018	0.34102179203016003	-4238.909965525559	6	73.0	72.77110837902072	0.7257409257409257	0.6870376920689485	0.8461538461538461	0.7876115548740137	False
23	2049-04-01	FGA	tropics	0.07823839319470757	0.0062045540935846645	4.953176064604526	0.01579560107984054	0.5086902028010925	-126.2015882087796	35	1110.0	1109.8831177698103	0.8866412943677684	0.8690294850279098	1.0	1.0	False
23	2049-10-01	FGA	tropics	0.20357533832174637	0.043374869346556065	15.120685755104493	0.013463366782357917	-0.09056694333176095	-1169.0817140308309	50	1517.0	1517.008584330596	0.9687270353554696	0.9656879953460359	1.0	0.9991639508514644	False
23	2050-04-01	FGA	tropics	0.07595165448548742	0.0059157169063573265	7.089232318186212	0.01071366419896361	-0.18358042998936858	-917.2948454662018	31	598.0	598.1231223309674	0.905938903987992	0.8739060540806246	1.0	1.0	False
25	2050-04-01	FGA	tropics	0.19056275787457314	0.03649984301412323	6.793952168001547	0.028048881293585484	-0.860039794668195	-549.8958140729358	19	1258.0	1257.9753599575283	0.8420664556342241	0.8061566386353802	0.9782608695652174	0.9749297908112948	False
23	2050-10-01	FGA	tropics	0.24791068389902196	0.061519130653154036	20.711386589948493	0.011969777244143387	0.9889922365708256	-3921.657032377331	4	51.0	50.86263868010872	0.6365103512669437	0.5538310109287852	0.7647058823529411	0.6999621139799728	False
25	2050-10-01	FGA	tropics	0.1708607569159587	0.02968439490699341	6.389213608211161	0.02674206363931475	-0.19332119007268456	-73.12336837734246	39	2458.0	2458.088061460344	0.9075092754036479	0.9002474558165713	1.0	0.9774455673852589	False
25	2051-04-01	FGA	tropics	0.21389050027414605	0.055517413340929314	8.69975025948628	0.024585820729844294	-0.8712710632851288	-154.8458609625033	27	1111.0	1110.9651897989888	0.9541241735527336	0.9474975187441232	1.0	0.9688048206933129	False
25	2051-10-01	FGA	tropics	0.13481917819198497	0.018276752447408062	3.8723977706091657	0.03481542604306804	0.9211884456002422	-58.75702443062938	34	1322.0	1321.840829156725	0.6674716483845565	0.6641293691097135	1.0	0.94227496334779	False
26	2051-10-01	FGA	tropics	0.14427890149816675	0.02085553112924496	20.356658901942524	0.007087553129084411	1.0	-503.74371511800445	2	22.0	21.830868041041473	0.10704837490551776	0.07048423891717182	0.11224489795918367	0.07442767771387916	False
27	2051-10-01	FGA	tropics	0.27403366801804757	0.09507907777063182	9.820204281460521	0.02790508834275407	0.7173252888518753	-790.8435333969068	20	854.0	854.0292775725762	0.4907691884459447	0.4835007845070479	0.8431372549019608	0.8452662525281991	False
25	2052-04-01	FGA	tropics	0.2190023247855346	0.04809321447469192	9.674328978547846	0.022637469251992264	0.35766743137936796	-338.5912150672585	22	1078.0	1077.8795349661964	0.5415579547084026	0.5275841268403164	0.8695652173913043	0.8224374963428128	False
26	2052-04-01	FGA	tropics	0.24505500730298624	0.06011965356796979	36.60228639295059	0.006695073763211212	-1.0	-1743.863696421317	2	22.0	21.780745848529293	0.10704837490551776	0.06969602458113727	0.11224489795918367	0.07539113000910551	False
27	2052-04-01	FGA	tropics	0.23127218330359967	0.05375587248597928	6.698184954953597	0.03452758991561795	0.7877393363533902	-218.59916795362818	32	1121.0	1121.14684149403	0.6059356561754794	0.6051715201434167	0.8636363636363636	0.8257462926264687	False
27	2052-10-01	FGA	tropics	0.2562893556131992	0.06569738992613802	12.45936436160297	0.020570018515794177	-0.0065251806948005975	-16336.183940979354	10	192.0	191.85415365644405	0.7887627137511038	0.7967040988387101	0.8636363636363636	0.8371699554551532	False
28	2052-10-01	FGA	tropics	0.08671983061399356	0.01748682080374047	8.471307988876232	0.010236887943144828	0.6624521790511216	-2512.46258205788	17	253.0	252.51442948852383	0.9286103422872681	0.9159410727627828	1.0	0.9865912463849563	False
28	2053-04-01	FGA	tropics	0.16130732614413731	0.027343660326800807	0.9774370824063726	0.16503090485068508	-0.568549962104018	-33.03935710802366	43	945.0	944.9126080450573	0.7122328607580447	0.6987561855803185	1.0	0.967658250512615	False
29	2053-04-01	FGA	tropics	0.16961991057837097	0.029010186832612507	5.451597841399401	0.031113797369695613	-0.8667455546651691	-957.070497233866	16	1028.0	1028.1552699575193	0.5953252147456924	0.5753285093859588	0.8535031847133758	0.9461630947550509	False
28	2053-10-01	FGA	tropics	0.18254371946046136	0.03356448094161406	5.180758317077234	0.035234942123963976	0.14697000437813443	-213.06504300364998	30	743.0	742.9676760473099	0.4406841148722653	0.4401322138586126	1.0	0.9827617464909412	False
29	2053-10-01	FGA	tropics	0.1039229323377111	0.014538190461357054	3.2542803975977703	0.0319342280445239	-0.8167128767375854	-29.53716372675892	37	2455.0	2454.9836463628612	0.7739726716452623	0.7726046042315717	1.0	0.9560271905860124	False
28	2054-04-01	FGA	tropics	0.24415907866282555	0.05965233823833324	6.390784360122674	0.038204868902529956	-0.28238301840537783	-55933.69490492785	4	58.0	57.9047418203309	0.10222813258772862	0.07798136368659231	0.12962962962962962	0.10079695218938345	False
29	2054-04-01	FGA	tropics	0.10443387827034968	0.0112835978867449	4.026812566793312	0.025934626093986272	-0.965283324152998	-266.85431058332244	19	1141.0	1140.9729681144636	0.913846120670554	0.9021655778386575	1.0	0.9321406569382701	False
0	2025-10-01	GARW	north	0.006101316277817322	5.691889455803402e-05	0.14103622242583538	0.043260633140012876	0.9743730049438206	0.8908114405803507	34	1298.0	1298.0735423556	0.8075289244730363	0.8124815931698925	1.0	0.8342609444740456	True
1	2025-10-01	GARW	north	0.0046226141352308375	3.237090452984716e-05	0.13457691666714686	0.034349234992982404	0.9877438626261629	0.9069184222584242	13	194.0	194.07726665311512	0.2073607182489675	0.19740346102252115	0.3333333333333333	0.2093872188683291	True
0	2026-04-01	GARW	north	0.030483143807472957	0.0026403021461761976	0.39504177465032037	0.07716435517346427	0.572854656791033	-4.884103768826144	50	2363.0	2362.977215103234	0.713498429785757	0.7084567684978111	1.0	0.8263663626746723	True
1	2026-04-01	GARW	north	0.013863449517919327	0.0006404275439086422	0.47848350011211843	0.028973725352432922	0.6759740639810828	-1.1822731568226557	26	553.0	552.9538655016697	0.1751007544848746	0.1715579111578647	0.3333333333333333	0.18779359958378394	True
2	2026-04-01	GARW	north	0.0024528688173516616	8.810008095337237e-06	0.04582159141107307	0.05353085176258	0.9954687206608392	0.9789760676477196	14	904.0	903.9985767421272	0.3853549095662621	0.38314083115722697	0.712	0.7223068220922705	True
0	2026-10-01	GARW	north	0.11485933766824752	0.015858588478045735	2.0873576879485376	0.05502618853078874	0.5332007349112445	-26.99633603992787	25	1345.0	1345.1385695856825	0.5827464836995834	0.5657964135834653	0.896551724137931	0.8130182369256596	False
1	2026-10-01	GARW	north	0.1511547873412008	0.028283561494765394	4.281620224568692	0.035303174829436755	0.763740109335005	-66.92801095066838	18	434.0	433.9614332124697	0.1674260067965424	0.15772960886184634	0.22549019607843138	0.18565305399399878	False
2	2026-10-01	GARW	north	0.06319572951072121	0.006490285914069338	0.9498297180927581	0.06653374631993739	-0.3038496002961338	-4.205545030900645	23	1226.0	1225.7935006472649	0.5618380001636478	0.5608030328644036	0.9375	0.8665839284330175	False
0	2027-04-01	GARW	north	0.022131649435321057	0.0004898099067279469	1.0474574495058948	0.021128924564678946			1	10.0	10.004269659812369	0.15384615384615385	0.06840200206160549	0.15384615384615385	0.06840200206160549	True
2	2027-04-01	GARW	north	0.0024269759954853036	7.698739757598589e-06	0.05057278367602042	0.04798976483147551	0.9938346191585499	0.6658830741902818	7	181.0	181.07831024494922	0.8447971113771645	0.8416033036934291	0.9375	0.8609678214149337	True
3	2027-04-01	GARW	north	0.0041595501024496995	1.7301857054789307e-05	0.2626381527820808	0.0158375698975503			1	13.0	12.614257260281317	0.8666666666666667	0.7824528298560303	0.8666666666666667	0.7824528298560303	True
3	2028-04-01	GARW	north	0.0026233114684547612	1.0198188457044317e-05	0.05643133551149352	0.04648678690087823	0.9962816132160648	0.9908145663527681	17	725.0	724.9993303207489	0.22987792746484173	0.22514471275863096	0.35714285714285715	0.23744608940962558	True
4	2028-04-01	GARW	north	0.003031622265505779	1.180071448374363e-05	0.059131815168451576	0.05126888557148896	0.9982919287023838	0.9906838660208744	21	2574.0	2573.8432396459375	0.7793164900622245	0.7687559325247076	0.8846153846153846	0.7832812456237818	True
3	2028-10-01	GARW	north	0.0036862035899563736	2.0993792814319085e-05	0.0735136022872894	0.05014315004658292	0.9949984569347684	0.9835984646719264	18	738.0	737.7168505492724	0.24201114605395974	0.23342450911462048	0.4482758620689655	0.2994722092031259	False
4	2028-10-01	GARW	north	0.005154162609990329	4.674994265367258e-05	0.07979410355828272	0.06459327669776574	0.9899481816807969	0.9725579650823198	25	2663.0	2663.0363600023315	0.7824640479387406	0.7488237076767681	1.0	0.7817646036323315	False
5	2030-04-01	GARW	north	0.005149763209336364	3.858708092256897e-05	0.1427003771069461	0.03608794394058888	0.9955410959510409	0.726653494253623	16	878.0	878.097076610491	0.8906134076687926	0.881100057653921	1.0	1.0	True
6	2030-04-01	GARW	north	0.025316579770862196	0.0006621947981835097	0.5206129761842064	0.04862840714501233	0.9943976368696441	-8.58117325437219	5	185.0	184.98366598148934	0.2798997550020417	0.25446865817121445	0.4050632911392405	0.33191179497056894	True
5	2030-10-01	GARW	north	0.0030055928014944733	1.4425625620846491e-05	0.07377110479308922	0.04074214165457413	0.9990656376334476	0.9768709902507507	22	1198.0	1198.1004025830903	0.7361122532709604	0.7138963541158394	1.0	0.9927649060174486	True
6	2030-10-01	GARW	north	0.0030691014996401984	1.568263098821807e-05	0.06296353222401722	0.048744112524066754	0.9983828601456006	0.9744075843890577	20	815.0	814.9340181526296	0.6180913133531056	0.6166842179102974	0.9655172413793104	0.959221776058959	True
5	2031-04-01	GARW	north	0.008710025270214587	8.9267308971659e-05	0.20245286061036574	0.043022485550241844	0.9824207840392238	-1.0227528208711112	5	189.0	189.07658314892	0.3763563619647656	0.3601308793404553	0.49137931034482757	0.45214959626683354	True
6	2031-04-01	GARW	north	0.003422245379402885	2.523980718254319e-05	0.06869098705054968	0.04982087936637823	0.9785010478029569	0.9502550427477584	31	1106.0	1105.8950822831334	0.594446581363883	0.5900119740788573	0.9655172413793104	0.9537533132185796	True
7	2031-04-01	GARW	north	0.0026936807552256797	8.524248554025565e-06	0.05995666903366069	0.044927124849337474	0.9962316623537204	0.9758211369198588	14	1048.0	1047.7750450916872	0.615094028676905	0.5993881654415124	0.7972027972027972	0.8482355087075811	True
6	2031-10-01	GARW	north	0.05103529656173895	0.0035950826362336377	1.4455248363376236	0.035305720994072844	0.46822049549656436	-8.430253269360648	18	602.0	602.13188110439	0.4668135161551027	0.46078731236811443	0.8333333333333334	0.7513917299078118	False
7	2031-10-01	GARW	north	0.07868061875140767	0.00987011528239857	1.775969400060228	0.04430291352358852	-0.6369122133156955	-9.495048793218386	21	1344.0	1344.0014739120152	0.7041025139168504	0.6828653530481141	0.9298245614035088	0.915910992696515	False
7	2032-04-01	GARW	north	0.001241779200006331	2.016075939175573e-06	0.027940271332103743	0.04444406374033706	0.9821498543031801	0.6143559512024878	4	99.0	98.92970475449474	0.8611266947171575	0.8600461587280566	0.8695652173913043	0.8666701737474193	True
8	2033-04-01	GARW	north	0.010724571404272989	0.00020684419800088945	0.2005350595799514	0.05347978267110547	0.987137518569603	0.7789245122191226	22	1787.0	1787.090064682248	0.5742736749259613	0.5841348430860229	0.8461538461538461	0.8040810931989993	True
9	2033-04-01	GARW	north	0.014952786454880369	0.00030750938437198425	0.2702448231156223	0.055330519498917194	0.9942400533900722	0.7073103531882544	14	361.0	360.8847478408247	0.13237994212479556	0.14846596292808686	0.23376623376623376	0.19285064760524726	True
10	2033-04-01	GARW	north	0.015074610440668058	0.0003408963114499046	0.23052932408554538	0.06539129241134692	0.9994601015809101	0.6646714428327636	14	1112.0	1111.9961289620126	0.3787062086313697	0.3754934878203615	0.6052631578947368	0.650455959134983	True
8	2033-10-01	GARW	north	0.06280293744950519	0.006217527640585971	1.100771918340243	0.05705354252150637	0.5654872635801712	-4.4232047567930985	21	1779.0	1779.0583887137848	0.539253587407173	0.5378702181944305	0.7111111111111111	0.7613927045831236	False
9	2033-10-01	GARW	north	0.033956236384970966	0.0014898148141348731	0.7742816910310772	0.04385514571544746	0.7697210757115016	-0.7979257935358566	14	361.0	360.95894691874423	0.13237994212479556	0.1512726400896695	0.23376623376623376	0.20878494935916914	False
10	2033-10-01	GARW	north	0.06875639720490763	0.006025140967391924	0.9454031971176017	0.07272706228891122	-0.32539174843561525	-2.573319610870203	19	1250.0	1249.98257978369	0.47293163281069883	0.4813402400726279	0.78125	0.8042524482338307	False
11	2036-04-01	GARW	north	0.003949673624075795	5.29809173062639e-05	0.05898264198579661	0.06696332159937667	0.985906172693438	0.9439062084899688	18	983.0	983.030165318817	0.595137548869935	0.5919130711136245	0.9230769230769231	0.8917136727822254	True
12	2036-04-01	GARW	north	0.002848438988181768	1.0230464591878644e-05	0.04553633577721938	0.06255310049797126	0.9985736671967356	0.9808279971560807	13	1127.0	1126.9785862661138	0.5076352110094692	0.4943067131109026	0.7721518987341772	0.8287413452858478	True
11	2036-10-01	GARW	north	0.07457254098207132	0.008879608324771705	1.4579787624614522	0.05114789248107649	-0.05640601236854627	-8.92694885360056	22	1066.0	1065.9813612690755	0.5287748178584862	0.5327490045468845	0.9230769230769231	0.840462108876123	False
12	2036-10-01	GARW	north	0.09759925061945682	0.016272309167186354	1.7080115119078327	0.05714203325856942	-0.7250116113140705	-11.741922372259202	20	1478.0	1478.0127973374679	0.6073934757566912	0.5684288891315382	0.8333333333333334	0.790802094218807	False
11	2037-04-01	GARW	north	0.02726536518498568	0.0009423556397956387	0.3482330495219625	0.07829631685566392	1.0	-2.9005726008461057	2	29.0	28.943572732625405	0.1951015086608307	0.22754836458026317	0.2033898305084746	0.25759844730523124	True
12	2037-04-01	GARW	north	0.009203349852862704	9.774420912427975e-05	0.18855160476506938	0.048810774452595344	0.6373923598258378	-0.8397938151795534	5	198.0	197.9877357787885	0.8157957735833863	0.8568842413132536	0.8333333333333334	0.9338681918778862	True
13	2038-04-01	GARW	north	0.011504101759713028	0.00016142167278202082	0.269365860662095	0.0427080912608458	0.9633351303857937	0.6916899250043065	20	2007.0	2006.9385357172025	0.9841070918734809	0.9838136145885106	1.0	0.993634422326058	True
13	2038-10-01	GARW	north	0.1418844302238441	0.028090696588255856	2.6847223513650387	0.05284882816716723	-0.30942654264870895	-22.696185182624795	26	2249.0	2248.8862430291674	0.9596992114802115	0.9559482691797333	1.0	0.993286695827416	False
13	2039-04-01	GARW	north	0.0029694816055631443	1.4969247036029679e-05	0.053307747001468925	0.05570450399041097	0.9452648234632118	0.2198131710356892	3	64.0	63.87881525482299	0.8384121722130137	0.8403543525682134	0.8709677419354839	0.8902822923657324	True
14	2039-04-01	GARW	north	0.0011706555805707103	2.53814318064184e-06	0.03215369661798773	0.03640811799896783	0.9958853677136803	0.9903250689411603	19	1238.0	1237.9478392668825	0.9341207213461411	0.9309915469320208	1.0	0.9778284907305311	True
15	2039-04-01	GARW	north	0.003933244136651397	1.5861187923891976e-05	0.12769423097410768	0.030802050387451985	0.999838157499779	0.854329533475175	6	97.0	96.77381434752661	0.12833154660324642	0.11927927516528546	0.14545454545454545	0.15031528357892562	True
14	2039-10-01	GARW	north	0.0013599592776068004	3.000458421980878e-06	0.02979567020754271	0.045642849049340385	0.9983628727241932	0.9963242721357671	26	1543.0	1542.9180287714514	0.8788769771055011	0.862839407109778	1.0	0.9654212102636275	True
15	2039-10-01	GARW	north	0.0018332224958362215	4.9534530409123045e-06	0.05301407554040238	0.034579920090073255	0.9988392988458243	0.9812613695734164	11	178.0	177.89741649244428	0.18799222553509418	0.1816546759097226	0.32432432432432434	0.3522230766697702	True
14	2040-04-01	GARW	north	0.08522261366911602	0.007312205049592733	1.81735015711832	0.046893887419169236	-0.9380784550187156	-295.2919000334649	4	112.0	111.90849081532372	0.6885186694508728	0.6818135899970186	0.8095238095238095	0.7212735676600762	True
15	2040-04-01	GARW	north	0.01393619492733324	0.0002433826758531605	0.4039110651837271	0.034503127367887486	0.9315169105783172	0.1543873749323147	13	304.0	303.38410369254757	0.6656143610529536	0.6406238241449395	0.9523809523809523	0.8545888149626175	True
16	2040-04-01	GARW	north	0.024474034136169085	0.0006103799819867658	0.5110079668878904	0.047893644956690906	0.9960540568504318	-4.156252858180156	6	113.0	112.3832264120204	0.37869262248851715	0.3636983665353726	0.49122807017543857	0.45300194574287594	True
15	2040-10-01	GARW	north	0.02360463610841724	0.001175055161511523	0.6524610169413919	0.03617784893735276	-0.7682991032948855	-1.9616126807933827	17	390.0	389.7285526550823	0.6223725626867188	0.5804991684282559	0.9523809523809523	0.8282228827095729	True
16	2040-10-01	GARW	north	0.049260496421016396	0.0035112057575285203	1.0449542643239191	0.04714129422007548	-0.8854613926805165	-6.427208686686298	18	359.0	358.91935225664076	0.5777475831780045	0.5676251745522783	1.0	0.8024951918097291	True
15	2041-04-01	GARW	north	0.0037899736241209722	2.6913540382339673e-05	0.10715856957139203	0.03536790047944776	0.9964020091516692	0.4056307898013235	4	68.0	67.77798573234132	0.40094942180195636	0.3660189118478936	0.5909090909090909	0.4245719045018495	True
16	2041-04-01	GARW	north	0.007306905864795843	7.159936510878975e-05	0.14409092691379868	0.05071038143274035	0.9832258607813609	0.9227011563619987	34	3251.0	3250.967130375351	0.8932274086298919	0.880872234722185	1.0	0.999616782446679	True
16	2041-10-01	GARW	north	0.25389631613282726	0.07951066750132613	4.320145608943182	0.05877031450218568	0.9387573297740522	-55.03722724884063	26	3092.0	3091.953819104295	0.9701886413891112	0.9644316031076527	1.0	0.999766109727802	False
17	2044-04-01	GARW	north	0.0015500979162798674	4.452679298164084e-06	0.040625202577984916	0.03815606613417545	0.9953886493383007	0.9676062008473005	12	689.0	688.9906708323604	0.9571951622043202	0.9554942878830065	1.0	0.976844188890616	True
17	2044-10-01	GARW	north	0.17067761143746582	0.03978535802199193	4.318025769870889	0.03952676999483705	-0.8581760868059705	-50.891299084204704	23	1216.0	1215.9588363639493	0.9201273528372171	0.9370833548811212	1.0	0.9577179590448658	False
17	2045-04-01	GARW	north	0.005441294610265403	3.703341611548821e-05	0.13909578559724026	0.039119047258706886	0.9711309327269981	0.18881612134211112	8	285.0	284.9898440884348	0.8510681579077806	0.8690519705091612	0.9242424242424242	0.9065095597889601	True
18	2045-04-01	GARW	north	0.01575730321472496	0.0003343215780625709	0.5628465568524054	0.027995735290350154	0.5840839016915258	-1.9335970732362533	8	135.0	134.74976534906264	0.16750616567398005	0.16492170851289906	0.2553191489361702	0.27828012313581485	True
19	2045-04-01	GARW	north	0.012570650289581672	0.0002908833569172039	0.23590977759637852	0.05328583841526476	0.9950346780455217	0.04886287200373984	12	851.0	850.9718457969941	0.750776104654821	0.7306819119945777	0.8860759493670886	0.8934265814117746	True
18	2045-10-01	GARW	north	0.021369237056494073	0.0005901294301323086	0.5484207624954739	0.03896504019880252	0.44248367573960457	-0.1720053159709083	10	164.0	163.7461325256534	0.15609300486347683	0.1640360295167461	0.2553191489361702	0.2645595469054161	True
19	2045-10-01	GARW	north	0.01769338543581865	0.0004129969617753639	0.36692535663843506	0.04822066699863851	0.8479093534293521	0.6596817116311946	24	1541.0	1540.951997209034	0.8352344930155455	0.8215757537033191	1.0	0.9788736154912051	True
19	2046-04-01	GARW	north	0.034607189523969885	0.0019559409552667773	0.7956513009626569	0.0434954225325827	0.9302667133775177	-22.321798284254236	9	345.0	345.0743635608852	0.9312405076916088	0.9365395525117037	1.0	0.959096397527186	True
20	2046-04-01	GARW	north	0.009522230583670686	0.00012271298228481542	0.1739818257743645	0.05473117977288032	0.9974494308275341	0.5832753413709493	11	845.0	845.0828564498423	0.9215883967302164	0.9215271733056644	0.9743589743589743	0.9935898765549094	True
20	2046-10-01	GARW	north	0.0013612856254288765	2.537902275513341e-06	0.026041935328322215	0.05227282873820803	0.9993626486367456	0.9979233781890737	22	1529.0	1528.9461140372753	0.952289451792392	0.9336026015367458	1.0	0.9810572235237602	True
20	2047-04-01	GARW	north	0.0012984351126968756	2.5049259080484794e-06	0.028772894964367447	0.045127023690347	0.9952521211504559	0.9696649312433687	9	446.0	445.9614091101279	0.9845475710945243	0.9699423892877823	1.0	0.9755067225434967	True
21	2047-04-01	GARW	north	0.0024786769370551973	1.1526821165795275e-05	0.03965051572986002	0.06251310711675195	0.9931937637835174	0.9844383800324993	15	2049.0	2049.0003954329823	0.9507029717217481	0.9413185396227023	0.9895287958115183	0.9923690028607196	True
21	2047-10-01	GARW	north	0.0011589700332038818	2.245640563113212e-06	0.020906359864323536	0.055436242403042665	0.9995093435843081	0.9986675255791578	23	2522.0	2521.815380115525	0.9663242111533903	0.9603530261917056	1.0	0.9998447478398911	True
21	2048-04-01	GARW	north	0.002693276310218881	1.1755079237319578e-05	0.04664780566772545	0.057736398779467075	0.9939557371298936	0.6007290203733153	6	225.0	224.94492541777032	1.0	0.9927021428357863	1.0	0.9966316793414987	True
22	2048-04-01	GARW	north	0.003696200300667903	2.579328910213379e-05	0.09160401294799372	0.04034976396466762	0.9954049234847311	0.9628982588015875	21	1945.0	1945.0291040975628	0.976395691133108	0.9614790609464282	1.0	0.9996424924831511	True
22	2048-10-01	GARW	north	0.06796894583480483	0.005721513340625437	1.2601867520421541	0.05393561368952656	0.27122081912253776	-4.1077262591000325	26	2132.0	2131.9533328571465	0.9574761039947869	0.9221715361376049	1.0	1.0	False
22	2049-04-01	GARW	north	0.008712773244159137	8.40568360853532e-05	0.15481185679630324	0.0562797541768596	0.731241057126677	-5.495843673871395	3	83.0	82.73562452703042	0.8474833808167141	0.8282709981524968	0.8518518518518519	0.8806122973492709	True
23	2049-04-01	GARW	north	0.00933516105341452	0.00015054789721269488	0.2526881695606992	0.0369434036806859	0.9942971984465054	-0.4614367169907547	11	329.0	329.03139735804723	0.9938475665748393	0.9937075480408221	1.0	1.0	True
23	2049-10-01	GARW	north	0.15392310633838518	0.033204079580004556	4.170462854710531	0.0369079192647716	-0.8405188166137922	-62.04657616150296	23	702.0	701.8817579224451	0.992877122045038	0.9933272169548539	1.0	0.9998430710287183	False
23	2050-04-01	GARW	north	0.1580161582113877	0.046230348522598254	1.5901447095970578	0.09937218748564648	-0.40899467017469765	-38.88492944930837	23	645.0	644.4121685239085	0.578442320823306	0.6021446630857384	1.0	0.9997980389387126	False
24	2050-04-01	GARW	north	0.04029926136389839	0.003087455745707716	0.7200136939607992	0.055970131820982365	0.9908776301161676	-1.4181655593394646	14	1072.0	1071.9980003682147	0.3453213793872013	0.31368137220842257	0.525	0.33045434575051746	False
25	2050-04-01	GARW	north	0.06906444939791605	0.007215217720770698	1.0410890247413147	0.06633865861286635	0.9915431774437427	-5.159611989482496	13	1807.0	1806.9595229482616	0.5191109149751065	0.499118782977875	0.7074468085106383	0.7196185318562424	False
23	2050-10-01	GARW	north	0.06868502189643258	0.006534562900611867	1.350931101133797	0.05084272753716844	0.5206831644640267	-6.643382548868438	15	413.0	412.83062015416186	0.23472012658064872	0.23679572029236468	0.6666666666666666	0.5172210888891865	False
24	2050-10-01	GARW	north	0.06696446600482361	0.008697846699291517	1.1868406904201576	0.05642245546966989	-0.4874129831849696	-3.9227601701494237	18	1177.0	1176.9824026970546	0.33856949353325166	0.3340158752215429	0.525	0.3492083393837744	False
25	2050-10-01	GARW	north	0.0686172533830722	0.006839170472207207	1.084118753253265	0.06329311542408332	-0.5340161053601616	-2.4529459879182736	20	2095.0	2094.989353486189	0.5791488406045815	0.5408102844652175	0.7941176470588235	0.6865939974228332	False
24	2051-04-01	GARW	north	0.007375909526096645	6.864773212323027e-05	0.12782137871282095	0.057704819024587906	1.0	-71.14582857799009	2	39.0	38.84275805969605	0.3312020460358056	0.31710118876669524	0.37254901960784315	0.32270751372052453	True
25	2051-04-01	GARW	north	0.003457417333774149	2.130836328560183e-05	0.05711410199811258	0.060535265596724334	0.9968281271288603	0.9854346438982373	15	395.0	394.68774445623563	0.8429902587185676	0.8179163897576397	1.0	0.9564940351886484	True
25	2051-10-01	GARW	north	0.0016116076012340469	3.6880472064256116e-06	0.04237698648854564	0.038030254975059616	0.9984178595248903	0.993953275349391	22	639.0	638.8633380532781	0.9025970219640655	0.8946494085991905	1.0	0.9465610061540173	True
25	2052-04-01	GARW	north	0.002996055913395725	1.4165057076409136e-05	0.08918452309452168	0.033593899585249484	0.9606037308180451	0.8274139532964904	9	229.0	228.87799279642718	0.8883860601997857	0.8761017405322455	0.9743589743589743	0.9138143657307556	True
27	2052-04-01	GARW	north	0.005866144771976319	7.946720244841086e-05	0.06105465036413291	0.09608022872934896	0.995287838504508	0.9644226654239905	22	1540.0	1539.9798195631738	0.4594139370304291	0.4601287239159664	0.7727272727272727	0.6297647756059677	True
28	2052-04-01	GARW	north	0.0027133432804183006	1.0208104329957142e-05	0.04424107031898841	0.061330868825154185	0.9981951239177113	0.9938906404943675	19	2326.0	2325.9969601283606	0.6011491872021137	0.5818523564465383	0.8857142857142857	0.9062101819202433	True
27	2052-10-01	GARW	north	0.17445852987688767	0.03424728951492516	2.356656748111162	0.07402797629171687	0.8288322281439434	-17.795336065546476	22	1540.0	1539.9629466929036	0.4594139370304291	0.46253794348267835	0.7727272727272727	0.6925435321933533	False
28	2052-10-01	GARW	north	0.11739895274354942	0.01882979968184881	1.8206194867639829	0.06448297054768837	0.5656521560021931	-8.099543883323875	21	2369.0	2369.0061326336972	0.6254495047074746	0.6124509925528177	0.9411764705882353	0.9003451035387122	False
29	2054-04-01	GARW	north	0.014256863618529285	0.00032927787836795086	0.3192318524865935	0.04465990316278986	0.9382735257506538	0.28581150172106684	17	1908.0	1907.8420344147637	0.9960915202096722	0.9897518588718782	1.0	1.0	True
29	2054-10-01	GARW	north	0.10065748391237792	0.014759766757518488	1.844131341030559	0.054582600313124834	-0.04303251367219124	-9.59880887125397	26	2407.0	2406.9159227123323	0.9971773615046148	0.9972896763481545	1.0	0.9995991399041853	False
0	2025-10-01	GARW	south	0.06052220384468879	0.005531837208416681	0.9802236993222149	0.061743257061155986	0.14298063862426838	-2.2698578371654117	18	3121.0	3120.9731802074816	0.8219177614349755	0.8134470269563816	0.9	0.8373676904654125	True
1	2025-10-01	GARW	south	0.07237946467332242	0.007117733426103759	1.31924934346789	0.05486412787067201	-0.7935103440951683	-5.849728765386832	14	600.0	600.0021337133517	0.17772318110888027	0.18774561522459204	0.29464285714285715	0.25563019753986277	True
0	2026-04-01	GARW	south	0.03935936940507347	0.0022571116101125755	0.598985630628418	0.06571003942745689	0.8263167577988443	0.08052329451272677	22	3224.0	3223.92964415707	0.7792719404710194	0.7712989998322982	0.9	0.8643849379809724	True
1	2026-04-01	GARW	south	0.0417094723603064	0.002203335101023035	0.8744619269675525	0.04769729941810726	0.6388716194260106	-1.723652775264433	17	665.0	664.755472182732	0.22139185594067373	0.21522722385083076	0.47368421052631576	0.45760629181431783	True
0	2026-10-01	GARW	south	0.003819954319301766	2.4584863965005996e-05	0.061901649738623915	0.0617100567663592	1.0	-0.42316026048528155	2	32.0	31.888799704474202	0.6056034482758621	0.5906473133092895	0.625	0.6049471442844166	True
1	2026-10-01	GARW	south	0.007953629394178353	6.326022053993792e-05	0.1753128300184214	0.04536821060582165			1	12.0	11.770804880560734	0.41379310344827586	0.4219902241979864	0.41379310344827586	0.4219902241979864	True
2	2026-10-01	GARW	south	0.03043185733326094	0.0009260979407519477	1.874131493968942	0.01623784533326094			1	10.0	10.01540396407579	0.7142857142857143	0.6734934639974788	0.7142857142857143	0.6734934639974788	True
3	2027-10-01	GARW	south	0.004200735736680331	2.9914842693989535e-05	0.09041859981699023	0.0464587567733048	0.9995767953775947	0.9685388717859693	15	1212.0	1211.99271900229	0.5342177327451673	0.5382606760775844	0.8125	0.7470770864840798	True
4	2027-10-01	GARW	south	0.003153720683159556	1.0306967076901408e-05	0.049697670035746065	0.06345811948309	0.9998137294609901	0.9861240068343642	13	1321.0	1320.9604414999126	0.47167452242826574	0.4665294329277059	0.6387665198237885	0.6859438950416791	True
3	2028-04-01	GARW	south	0.04290473091662088	0.0023349604694085837	0.8673546611689564	0.04946619051864788	0.19754114573151324	-0.7408912443928841	20	1360.0	1359.9807344366848	0.4740725790255616	0.468970964770396	0.8125	0.7180951961840839	True
4	2028-04-01	GARW	south	0.047147457974602625	0.002849483749918099	0.7532351686525319	0.06259327755360264	-0.002327313010302909	-0.48961469699898297	21	1717.0	1716.9820652326428	0.5604478694896287	0.5545473162327661	0.8333333333333334	0.7200075022032214	True
3	2028-10-01	GARW	south	0.014666314109726407	0.00022390753761120563	0.2501371380875321	0.058633093117880515	0.9997107175681306	-3.4439954140309146	3	62.0	61.896381567156084	0.2936643026004728	0.2921203424816106	0.3404255319148936	0.30804160026160904	True
4	2028-10-01	GARW	south	0.009121380325175838	9.120309616083564e-05	0.15970357603080823	0.057114440088782005	0.8658070096890002	-1.853458363688946	6	197.0	196.9751626008974	0.711285132650381	0.7222571875139376	0.8333333333333334	0.7503186613499533	True
5	2029-10-01	GARW	south	0.012281061406413237	0.00020977349172146738	0.24188694787541848	0.05077190610854489	0.9824457473419215	0.3878407305672963	15	1380.0	1380.0760717328935	0.9994791666666667	0.990401109815464	1.0	0.9995545219423274	True
5	2030-04-01	GARW	south	0.04537621600706841	0.0036379191993913657	0.9028862488063182	0.05025684693621051	-0.385187144411907	-1.7686729118210613	25	2009.0	2009.0586551847769	0.9910559999048126	0.9949316408242885	1.0	0.9991895708713764	True
5	2030-10-01	GARW	south	0.23557155138104774	0.05577828814243689	4.735173420457972	0.04974929753644882	-0.2956630877257901	-759.023171168783	8	340.0	339.8457516889803	0.9748409576534577	0.9782549990016436	1.0	0.9951241855769904	False
6	2030-10-01	GARW	south	0.17200757744967754	0.03641107772745264	3.3702439055822846	0.051037130328987095	0.9729415247788105	-39.12693118729142	18	2351.0	2351.0173637368953	0.9279535530836804	0.9244871475873031	1.0	0.9479353668696346	False
7	2030-10-01	GARW	south	0.04199430911253045	0.002106745585148822	0.7804385352418006	0.05380860531126836	0.9586654636664764	-2.6001706224630814	9	142.0	141.9652965020053	0.07794456807282894	0.07649999798162482	0.11214953271028037	0.11394459361405962	False
6	2031-04-01	GARW	south	0.09016802096832421	0.014844719024221657	1.7400963062943215	0.05181783366941595	-0.5142007966301473	-8.083151859550604	23	2546.0	2546.00123418146	0.8905478720082268	0.88913623489195	1.0	0.9684728916363037	False
7	2031-04-01	GARW	south	0.07672852114154921	0.007950305254384789	1.005787877786636	0.07628698141639971	-0.9496299988160541	-4.368474759290679	12	186.0	185.92381448649007	0.12142200099770756	0.12415270336437217	0.35294117647058826	0.24382137192620928	False
6	2031-10-01	GARW	south	0.005610550580098662	3.148395459959975e-05	0.09497878124515816	0.059071621119424274	1.0	-42.2163004477191	2	41.0	40.837657579147404	0.703529411764706	0.7269014036038071	0.76	0.7423161312786511	True
7	2031-10-01	GARW	south	0.03306182551728081	0.0010930843065351207	1.1874443186081851	0.02784284281728081			1	12.0	11.588347235295739	0.35294117647058826	0.2576838687213489	0.35294117647058826	0.2576838687213489	True
8	2032-10-01	GARW	south	0.027219863263443948	0.0012156726172931223	0.4275136929015003	0.06367015540181876	0.9366200785896678	-0.5737996250911659	15	1812.0	1811.9593122188944	0.784112465954874	0.7844378885879775	0.8504672897196262	0.8148350107942819	True
9	2032-10-01	GARW	south	0.026919833638753856	0.0013180631515940793	0.6751436955301606	0.0398727468196454	0.7769794920350178	-1.3710307484809254	13	407.0	406.9608138531947	0.1972484793942422	0.1893032584723388	0.3125	0.24745127794935612	True
8	2033-04-01	GARW	south	0.0055422405844249	6.0730979747962274e-05	0.09448498687320031	0.05865736735363721	0.9934542542032682	0.9651771720990335	22	2153.0	2152.793714832313	0.77303241915162	0.7662476736302797	0.8504672897196262	0.8213956721749107	True
9	2033-04-01	GARW	south	0.005781221462440056	4.603582362049644e-05	0.12184718575667976	0.04744649149291596	0.9934988579439061	0.9404213457614259	18	509.0	508.94022900998516	0.21208238419526765	0.20311237073644406	0.3125	0.2747134312705588	True
8	2033-10-01	GARW	south	0.006656450434588483	6.80189442482436e-05	0.12506401477605292	0.05322434631982605	-0.9305309601828868	-2.1800839626282524	4	107.0	106.90567122802358	0.7428367928367928	0.7320587715794694	0.8148148148148148	0.7437050991354971	True
9	2033-10-01	GARW	south	0.009340518925031342	8.96616188138907e-05	0.1806849169286066	0.051695067213175454	-1.0	-43.76727217009156	2	31.0	30.63303378464935	0.29047619047619044	0.25816121042835094	0.3111111111111111	0.26342590306190083	True
10	2035-04-01	GARW	south	0.0020521873020786516	9.474180247353162e-06	0.08775684129543229	0.023384926710955663	0.9793177042392713	0.9565879973898719	13	210.0	209.65916384625902	0.8730630409658543	0.8682200001025399	1.0	0.9584301387519801	True
10	2035-10-01	GARW	south	0.0034800641892397703	2.334303333249134e-05	0.15696130466315486	0.022171478484510083	0.2570833132935494	-0.8527745771835382	5	82.0	81.97741544036714	0.8013973494536156	0.7959278848292642	0.9411764705882353	0.8576128071063475	True
11	2035-10-01	GARW	south	0.001564545578579483	3.038857507162728e-06	0.031141432830019668	0.05023999978161875	0.9995095655775923	0.9957768307945142	19	2232.0	2232.0041814740516	0.9634167654396868	0.9575983513154349	1.0	0.9955497956461699	True
11	2036-04-01	GARW	south	0.0022619118051831096	8.212792736242561e-06	0.0401150828552054	0.056385569820394874	0.9977371635157453	0.9943192648579845	24	2475.0	2474.982215707519	0.9710382726397521	0.9579704946918103	1.0	0.9820823649013329	True
11	2036-10-01	GARW	south	0.013981752908953326	0.0004139445978552167	0.2494767178427864	0.05604431960566458	0.9066354424061391	0.6393119875659188	11	231.0	230.9438589356436	0.656503393133105	0.6371447145061345	1.0	0.9838636626371986	True
12	2036-10-01	GARW	south	0.010184249881854875	0.00010496758339853853	0.5906403199497662	0.01724272715198489	0.7303532262219549	-41.39781112776516	11	170.0	169.83581006584524	0.551222926539132	0.5385025320762232	0.8461538461538461	0.6943292449921772	True
11	2037-04-01	GARW	south	0.003097884474847486	1.3060030254880426e-05	0.09174792072685141	0.03376517364432046	0.9905492763545086	0.9579740230070155	14	241.0	240.75089035161284	0.512728509708035	0.46398304087106584	0.7333333333333333	0.5174524484065051	True
12	2037-04-01	GARW	south	0.0019146308342184995	4.9259369522661826e-06	0.07192169134231788	0.026621048511020668	0.9897692854249922	0.9779391470660252	16	247.0	246.93271503450333	0.507861497118971	0.5080565008049538	0.8461538461538461	0.6914739121263219	True
11	2037-10-01	GARW	south	0.006164769315739476	6.0069113149049575e-05	0.18824178501103223	0.032749207703157826	0.9927114853441477	0.1743344336056727	4	63.0	63.01411426325424	0.6197676937584423	0.5103395904963229	0.7333333333333333	0.5122545980044104	True
12	2037-10-01	GARW	south	0.008959543214523736	0.0001142070484816249	0.29787772809926905	0.03007792248079027	1.0	-1.930738642941975	2	25.0	24.8324434771591	0.44573170731707323	0.35222663915231345	0.55	0.3855115086465236	True
13	2037-10-01	GARW	south	0.015534332247805302	0.0002944804356632205	0.3506870968830515	0.04429684578040164	0.9813586929103203	0.04962159938464039	16	1380.0	1379.999959385852	0.9059235944695202	0.9288046570983016	0.9769230769230769	0.9600691363949863	True
13	2038-04-01	GARW	south	0.04989394339810801	0.0034548778361144015	0.9982550800696853	0.0499811565142499	-0.06862745596588962	-1.6664559333263966	27	1929.0	1929.0122930287077	0.9321134921329487	0.9444564230917336	1.0	0.9798693821512521	False
13	2038-10-01	GARW	south	0.0017085618434432718	3.598514652425163e-06	0.03443433628445396	0.04961796938176022	0.9784038779763577	0.8778626219491787	8	236.0	235.93017350300232	0.9703947857464468	0.9687913933719006	1.0	0.9857654009359027	True
14	2038-10-01	GARW	south	0.0022925160860142427	7.025179685080427e-06	0.042384862954627	0.05408808537303474	0.9909285434596101	0.9788000372991279	14	1175.0	1174.967613827229	0.9638914979715939	0.964403275806616	1.0	0.9981036745543287	True
14	2039-04-01	GARW	south	0.053467848451293425	0.004011954334840066	0.9933567468333392	0.05382542437220091	-0.40840415787186957	-1.9565857226414574	24	1864.0	1864.004404202593	0.9777937810891121	0.9713770977600708	1.0	1.0	False
14	2039-10-01	GARW	south	0.0011887182063618476	2.918932915059308e-06	0.024584594526495106	0.0483521583030687	0.9962652218140531	0.9398236238353835	7	289.0	288.9186107060775	0.9983388704318937	0.9961186952086102	1.0	0.9998029073617785	True
15	2039-10-01	GARW	south	0.0032852391549173616	1.474924164278613e-05	0.09059277893493912	0.03626380814829311	0.8908667487064861	0.2782878813062022	8	206.0	205.97290914640624	0.8712687308387694	0.8564122311204956	1.0	0.9616767846149764	True
15	2040-04-01	GARW	south	0.0011331800126008628	3.4068238052081715e-06	0.02733090037608519	0.04146149585296526	0.997786035622678	0.9933987045435642	20	553.0	552.8188360247509	0.9227614837228659	0.9190216286430498	1.0	0.9775847444649286	True
15	2040-10-01	GARW	south	0.02774755299476597	0.002048232013801443	0.17748707184295973	0.15633562888071623	0.7142709743081335	-0.0345032710262565	23	523.0	522.8107555119892	0.4834135180374657	0.5175056324071229	1.0	0.9790777688708459	True
16	2040-10-01	GARW	south	0.027596746852894143	0.001998974862911676	0.4468353620703293	0.061760436159371324	0.8644392319303124	-0.4412313360260902	17	2997.0	2997.018640534649	0.8421677807698627	0.8078214547475802	0.9672131147540983	0.9956016505039041	True
15	2041-04-01	GARW	south	0.005513400511188048	3.961991919285295e-05	0.09736208598632251	0.05662779772367012	0.9899696430140079	0.9603307487767423	15	311.0	311.14518666371686	0.17279461888165842	0.18984810285796624	0.5135135135135135	0.39461665095377413	True
16	2041-04-01	GARW	south	0.003831093180869659	1.8173838636017758e-05	0.0625588813277143	0.06123979680519704	0.9976944287335949	0.9916164738808299	22	3233.0	3233.0441121803037	0.8701204153858405	0.8623292133943731	1.0	0.9867610521392024	True
17	2043-10-01	GARW	south	0.20765803597827756	0.04679308421275272	6.036884572615676	0.03439821210434424	0.9923368859849819	-670.4706183886426	11	329.0	328.9701604576738	0.9981818181818182	0.9978663985112809	1.0	1.0	False
17	2044-04-01	GARW	south	0.19369194639065856	0.05107694629178857	5.632666566294748	0.03438725586025093	-0.911759569770779	-112.99970887844441	21	649.0	648.8030966713551	0.9878997131782994	0.9742808648349337	1.0	0.9993925546302032	False
17	2044-10-01	GARW	south	0.01126536143686934	0.00025138436863723375	0.329218311666963	0.03421851409123734	0.8688253893186827	0.5353445829013546	23	933.0	932.6602087713702	0.7310859955440918	0.7331665227463965	1.0	0.9599371589192784	True
18	2044-10-01	GARW	south	0.015705015732348417	0.00031635277649958435	0.34362316792099695	0.04570418178543534	0.972348427694506	-0.08471424527751936	12	444.0	444.0063763688635	0.3664721460862433	0.3628857632059501	0.4909090909090909	0.5004936131255516	True
17	2045-04-01	GARW	south	0.00397022565670822	2.4889349353708426e-05	0.10131076430333107	0.03918858656342878	0.9851941932691631	0.9682223759332269	22	889.0	888.9961488626917	0.5667960594668237	0.5701374807232349	0.7647058823529411	0.8333993572941066	True
18	2045-04-01	GARW	south	0.0031540422415575874	1.214442740817158e-05	0.06828235035668001	0.04619117861470962	0.9955180149257232	0.9806133518368632	17	609.0	608.9398622176934	0.40495852164536567	0.39946391866543746	0.5531914893617021	0.5217504184394627	True
17	2045-10-01	GARW	south	0.1796718430688096	0.03251041128398465	3.6967443283015595	0.048602723670467744	-0.6583941316066343	-22389.898238834274	3	49.0	49.10896107607362	0.40919675074210343	0.38996521954437374	0.47619047619047616	0.41834196869445106	False
18	2045-10-01	GARW	south	0.2069767861421555	0.04297770075048553	7.261842644041693	0.028501965174359562	-1.0	-7265.082263280456	2	55.0	54.809732289238724	0.5309817095931317	0.5018581103030757	0.5531914893617021	0.5176307253140517	False
19	2045-10-01	GARW	south	0.2607066753987195	0.11982687441974049	6.975562285309504	0.03737428822731127	0.8398396622637795	-539.3064942253994	16	949.0	949.0260920836661	0.9073937982096515	0.9086297298439735	0.9545454545454546	0.9309552268911387	False
19	2046-04-01	GARW	south	0.05258438885154295	0.005556301173624732	1.2848325018428544	0.040927038175108725	-0.5961399546166255	-6.206881371158863	24	1230.0	1230.061423492763	0.8584413045590927	0.8361393965715928	0.9545454545454546	0.9499231732974529	True
20	2046-04-01	GARW	south	0.009842224833432668	9.694052835770335e-05	0.5413471293294523	0.01818098646911435	1.0	-26.02857236548918	2	22.0	21.441586434395	0.45123839009287925	0.40656779372208596	0.5789473684210527	0.44883622739947093	True
19	2046-10-01	GARW	south	0.006069714785891712	3.8336801273804916e-05	0.1363228383501563	0.04452456286378924	0.9434150679669163	-1.8454340108998561	6	158.0	158.1039825772093	0.7195577785199894	0.6658229449831927	0.8064516129032258	0.8177601015825597	True
20	2046-10-01	GARW	south	0.002467175192057979	8.19349813874974e-06	0.05982046817292656	0.041242993701185525	0.9986620754621962	0.9895371800305137	24	2455.0	2454.910219652724	0.9319937749313651	0.9264861464216213	1.0	0.9895737041344432	True
20	2047-04-01	GARW	south	0.002346128971498689	8.287878796192277e-06	0.04466141665400565	0.05253144990169645	0.9984597696452342	0.9931041307609378	25	2535.0	2535.0490422508806	0.9583619612736887	0.9258353994707139	1.0	0.9888459746946983	True
20	2047-10-01	GARW	south	0.005150015611847497	2.652266080227295e-05	0.08635362135413387	0.0596386756118475			1	20.0	20.20324966066292	0.7692307692307693	0.7959133186469551	0.7692307692307693	0.7959133186469551	True
21	2047-10-01	GARW	south	0.031211419793125323	0.004475128209937034	0.1253488726999279	0.24899641393538655	0.9102588847494374	0.2766064844182988	12	408.0	407.5674601391612	0.3325953981400677	0.34545999539299826	0.75	0.6726092086234451	True
22	2047-10-01	GARW	south	0.00272961751966363	1.282659506393176e-05	0.04250444968386085	0.06421957089118788	0.9951460997933884	0.9782225318836852	13	1942.0	1942.0017562787198	0.7213526399468579	0.6792716923749256	0.9230769230769231	1.0	True
21	2048-04-01	GARW	south	0.05663296107902488	0.004189163665437109	0.71830095367733	0.07884294290449338	-0.2698387961979902	-2.2124422699007553	16	476.0	475.83833398115735	0.2691753673530099	0.290459483845414	0.75	0.6318064510216953	False
22	2048-04-01	GARW	south	0.046568228568559904	0.0028813445294263184	0.6871010724937465	0.06777493215015136	0.3543030752727625	-0.20743212442243775	24	2851.0	2850.9741055662507	0.8217884301635507	0.7952413268129623	1.0	0.9954706516132089	False
21	2048-10-01	GARW	south	0.27828181635614113	0.07813304600265325	4.7535496286521255	0.058541897759684956	-1.0	-16481.594560237714	2	22.0	21.99427564733447	0.08046753246753247	0.06910136625137848	0.096	0.07261206571937504	False
22	2048-10-01	GARW	south	0.4191343046663893	0.1815082129057718	7.121470357914347	0.05885502341529657	-0.888828156153315	-3526.0482102383226	9	477.0	476.9451062844152	0.943119558628926	0.9478815812960126	1.0	0.9756892582530672	False
23	2048-10-01	GARW	south	0.1130588179927567	0.01844078137792774	3.8501386224426093	0.02936486944489022	0.9962971324077246	-246.08518960335377	4	53.0	52.6562389019936	0.9644607843137254	0.9553383843043113	1.0	0.9779689273217204	False
23	2049-10-01	GARW	south	0.01332423244425144	0.0002860168665112895	0.3138505218492155	0.042454071338625506	0.7449733001013121	0.5309414779364843	21	2067.0	2066.460266204101	0.9639779839352611	0.9610402338518831	1.0	0.9940758585797115	True
24	2049-10-01	GARW	south	0.03035715243051501	0.0009215567036895235	9.99359268177521	0.003037661569484992			1	11.0	10.999997986662493	0.05913978494623656	0.051021614220350356	0.05913978494623656	0.051021614220350356	True
23	2050-04-01	GARW	south	0.019713498528514492	0.0005035862855470926	0.34308687745265765	0.05745920297180339	0.9598163822185899	0.6193345442688445	24	2354.0	2353.993187939048	0.923373599388052	0.9227386666131036	1.0	0.9929886144814953	True
24	2050-04-01	GARW	south	0.026283381473202496	0.0007375894669091419	1.4483698211595248	0.01814687180665001	0.9974691337366017	-3.491433465727183	3	35.0	34.710257369426046	0.12288786482334868	0.10127944536304297	0.16666666666666666	0.12960782431488446	True
23	2050-10-01	GARW	south	0.007250115565439202	5.806783953468519e-05	0.1407239698210345	0.05152011824751338	0.09604188579617517	-2.0230650983693694	5	144.0	144.1077475721375	0.7973009446693657	0.7983821186258397	0.8461538461538461	0.8300379746690383	True
24	2050-10-01	GARW	south	0.015091552787671804	0.0002277549655430846	0.3415109324003117	0.0441905407876718			1	10.0	10.28648717271575	0.17543859649122806	0.20701235446958993	0.17543859649122806	0.20701235446958993	True
25	2050-10-01	GARW	south	0.00236071962219985	6.793257635125561e-06	0.06690948114498826	0.035282288575580675	0.9927550770980386	0.9676427254780251	19	1307.0	1306.9973063105829	0.9379072629171525	0.9338053411210925	1.0	0.9561819972410447	True
25	2051-04-01	GARW	south	0.0017029394969837967	4.225493854776053e-06	0.04655935667699305	0.0365756663864149	0.9989044118381767	0.9935834525630667	31	1929.0	1928.8250301305454	0.9297086021292142	0.9292772195708277	1.0	0.9646017131749915	True
25	2051-10-01	GARW	south	0.006631577005352387	0.00026372236911245954	0.05194770726404118	0.12765870438988255	0.9425747262408023	0.8283779120193558	29	1243.0	1242.9802199590422	0.5816985604273279	0.5918754757348366	1.0	0.9241855588079391	True
26	2051-10-01	GARW	south	0.0003898460902566839	2.64037929512825e-07	0.011759403150211465	0.03315186028379965	0.999627876616547	0.9991083295164019	7	96.0	95.66524005847378	0.07214901503730799	0.06347155380535573	0.11578947368421053	0.07411074903275752	True
27	2051-10-01	GARW	south	0.002078586069421436	6.08246408960607e-06	0.03652195802932877	0.05691332506740844	0.99929274084269	0.992725125929476	17	1487.0	1486.998505840558	0.5231962904230745	0.4964647587525191	0.7587939698492462	0.785275983146854	True
28	2051-10-01	GARW	south	0.008290524327424735	6.944958927995254e-05	0.19814076163977526	0.04184158907442332	0.9990754456602816	0.8202160130867537	8	126.0	126.02871577795685	0.0858587273828292	0.08445501631304263	0.14124293785310735	0.12598814267656974	True
25	2052-04-01	GARW	south	0.045873387237415256	0.0028117111892805623	0.9067254674022848	0.05059236658350384	0.6233975799794432	-2.2798823427651436	19	836.0	836.0043915816449	0.410066361390273	0.4151256420197834	0.8333333333333334	0.7131506628184978	False
26	2052-04-01	GARW	south	0.02285660492175412	0.0007212695873591591	0.7262757772291563	0.03147097237492247	0.7398742729163992	-1.5734390401587879	7	96.0	95.38888314963636	0.07214901503730799	0.05940421633646325	0.11578947368421053	0.07132380106945689	False
27	2052-04-01	GARW	south	0.05471902303962137	0.004067743989050642	0.7979546028931963	0.06857410539549871	0.15894260814301567	-1.1729972718570338	22	1637.0	1637.0216123596226	0.5407801186166531	0.5307078757923451	0.7587939698492462	0.663743587493889	False
28	2052-04-01	GARW	south	0.05692680269519184	0.0051932176808719656	1.4574731634000924	0.039058559790143325	-0.8082213218854981	-13.544756053846935	11	170.0	169.8186630586227	0.2048804952375294	0.18334236915708377	0.6875	0.6400210917086104	False
27	2052-10-01	GARW	south	0.018872397404409005	0.0003583246641279917	0.2890163381306173	0.06529872161026365	0.9158630641304406	-25.795879939706268	3	51.0	51.29760586710886	0.5340064069203992	0.5473394619389444	0.5789473684210527	0.6055328651356778	True
28	2052-10-01	GARW	south	0.0076855785808006465	6.856331410350806e-05	0.2508037679892739	0.030643792325836725	0.9833347822218534	0.442353861026723	3	40.0	39.82809720778901	0.47812294001318395	0.41047047853378915	0.6875	0.5894139296741027	True
27	2053-10-01	GARW	south	0.007021569067217406	6.931906794934692e-05	0.1456319942664398	0.04821446758719209	0.9883746793232876	0.9248447224641189	14	538.0	538.1343910414464	0.16408335402474705	0.15536083380598337	0.25	0.20898457079437105	True
28	2053-10-01	GARW	south	0.0027831943968533905	1.377917274417974e-05	0.12896002867098016	0.021581837609188526	0.9968996001592776	0.9468583789693383	5	67.0	66.80328061583154	0.037800520482703874	0.031668266606052736	0.040293040293040296	0.03332130708424467	True
29	2053-10-01	GARW	south	0.00889107350461333	9.735627204530322e-05	0.15890858345942585	0.05595087006035447	0.9877717569541616	0.947999586105244	23	3227.0	3226.9253542448587	0.8041865294409232	0.7911330988240755	0.9074074074074074	0.9113914851941732	True
27	2054-04-01	GARW	south	0.004655501794472371	3.1335026257554505e-05	0.08531641222946942	0.054567482068406746	0.9962601570623204	0.9744658635837014	14	538.0	538.1916261638911	0.16408335402474705	0.1621188477717721	0.25	0.2415645957783653	True
28	2054-04-01	GARW	south	0.0032580844829198166	2.1256494317675762e-05	0.10645318771515465	0.0306057954003006	0.9978562736853636	0.9414321457582279	5	67.0	66.74080017384537	0.037800520482703874	0.03409459131366688	0.040293040293040296	0.03744472744767285	True
29	2054-04-01	GARW	south	0.013976087801173782	0.0002723326636379824	0.20895564575390582	0.06688542800912829	0.9922645770602543	0.8709528523111627	26	3270.0	3269.8838593878236	0.8199394063266544	0.8086635045945503	1.0	0.9297258664118984	True
0	2025-10-01	GARW	tropics	0.0054462565966570675	3.8767218514223056e-05	0.28875093510130256	0.018861433625301873	0.7254575749726073	0.3358040218143049	23	845.0	845.0549610025948	0.6727111330808971	0.649925851148313	0.8571428571428571	0.7149245549290737	True
1	2025-10-01	GARW	tropics	0.004191373948617246	3.876812536762287e-05	0.14688348646820135	0.02853536533887104	0.8925155727869277	0.3009461461579416	20	393.0	392.9711837388598	0.35197830118047835	0.34354358045747857	0.55	0.4217305361277199	True
0	2026-04-01	GARW	tropics	0.028680299732407013	0.0015784310022372123	1.4378257646784443	0.019946992491695324	-0.3509139157732229	-8.472214858326307	39	1349.0	1348.7074725204352	0.635972738674319	0.6194046080565443	0.7857142857142857	0.6586899544455291	True
1	2026-04-01	GARW	tropics	0.029151306025479457	0.0016556668080786204	1.7150645671533968	0.01699720615991954	-0.44865633391060866	-13.420958187091214	35	689.0	689.0937063448506	0.35750969467263527	0.3450869655821516	0.55	0.3685986943096124	True
2	2026-04-01	GARW	tropics	0.020081259214519413	0.00040494528375592905	1.0546129020272774	0.019041355530467437	0.9512348487820037	-177.68066714280627	3	51.0	50.97873499847125	0.6702218150886606	0.6293623053702869	0.7241379310344828	0.6955951663705275	True
0	2026-10-01	GARW	tropics	0.0016083034250870772	3.991891053146238e-06	0.0889484966293682	0.018081288453795658	0.8543255640125058	0.6837873207093594	16	415.0	414.76603887789406	0.5691818853216579	0.5420733589899858	0.7142857142857143	0.6405258870117703	True
1	2026-10-01	GARW	tropics	0.0024946419171530568	8.328917585938732e-06	0.15687513386576862	0.015902086300609092	0.8645211341453305	0.4649045539720693	13	252.0	251.90345700912965	0.3768395627364379	0.35679146118414923	0.5294117647058824	0.37522276001373334	True
2	2026-10-01	GARW	tropics	0.0024302122488187835	1.1598251579492266e-05	0.14702645221599855	0.016529081754951998	0.9364699058481476	0.8324002145089331	30	1149.0	1149.0665253653021	0.8216860187282613	0.7947808149674916	0.9538461538461539	0.9286163195647044	True
3	2026-10-01	GARW	tropics	0.001504163493787666	3.2203267088712587e-06	0.09181700061826954	0.01638218939476412	0.9831010913205264	0.4792936982664959	5	66.0	65.85870879740219	0.20752189381499728	0.19550976562045733	0.2413793103448276	0.23088642763058212	True
2	2027-04-01	GARW	tropics	0.0008761245699455283	1.120417018120662e-06	0.04644003303975437	0.01886571805828677	0.9950325842399981	0.9897207659315503	40	1464.0	1463.9383248233162	0.7293790642967906	0.7275793338225418	0.9538461538461539	0.9078460872918508	True
3	2027-04-01	GARW	tropics	0.0012538522851312979	2.2753552448847404e-06	0.0823151036399671	0.015232347767129641	0.9803440397191109	0.9377691762520819	30	566.0	565.8069845887169	0.5199852410334708	0.5141892989362938	0.8846153846153846	0.8197936001751939	True
2	2027-10-01	GARW	tropics	0.00122349946954712	1.8639721796460094e-06	0.07338359311386604	0.01667265689278352	0.8148831588688936	0.39147279093531195	14	329.0	328.9125004545622	0.4980159550697635	0.49125094154446075	0.711864406779661	0.6715682667598092	True
3	2027-10-01	GARW	tropics	0.0022740889939385	1.5077865244560671e-05	0.15073752553852557	0.015086415846446195	0.9208413872509261	0.6573039204143984	27	530.0	529.9887888845795	0.617645355164794	0.6043568095461894	0.8846153846153846	0.727005517820505	True
4	2027-10-01	GARW	tropics	0.001737252500191808	3.937975882967924e-06	0.10824458400539674	0.0160493249260877	0.950665315183879	0.3958532150922256	5	67.0	67.13429358242873	0.743573385678649	0.7276445874940857	0.9230769230769231	0.8376294980086725	True
3	2028-04-01	GARW	tropics	0.006916656529123134	4.796517363407773e-05	0.4306662639361321	0.016060362996412638	0.9979667811472587	0.5981826662650211	3	33.0	32.86843146488903	0.4383626955055526	0.361781108189301	0.8461538461538461	0.7372192769696458	True
4	2028-04-01	GARW	tropics	0.0017229222977080104	5.122195088120283e-06	0.12752915685970878	0.013510026570655904	0.9211515405535307	0.7091922578777523	30	785.0	784.928060038485	0.8141677395089951	0.8034284440049576	0.9230769230769231	0.8426887231261763	True
3	2028-10-01	GARW	tropics	0.00860397691055463	8.197206719808562e-05	4.530852705595992	0.001898975197301819	1.0	-43.97364313999315	2	22.0	21.71705279386753	0.2344671201814059	0.15214853178314836	0.24444444444444444	0.15679711644997044	True
4	2028-10-01	GARW	tropics	0.03433453408087246	0.00354114877092157	2.014759062552612	0.01704150869403317	-0.37345390392764194	-75.57047717691884	45	1186.0	1185.521476196035	0.7143763542213356	0.7122994925115	0.9166666666666666	0.8357509954895539	True
5	2028-10-01	GARW	tropics	0.06669586792549101	0.007112764677105464	6.251137733629407	0.010669396639060682	0.7199828411016901	-2467.1731889416137	16	302.0	302.0075466420885	0.5402408329868041	0.5195343223856872	0.7666666666666667	0.7964412259701675	True
4	2029-04-01	GARW	tropics	0.0028497325912791092	1.0336368930431722e-05	0.2097617953786189	0.013585565408302105	0.6944241593346479	-4.814986938021692	19	408.0	407.6088099412619	0.5713032861768932	0.560349497006332	0.7857142857142857	0.8046378935329197	True
5	2029-04-01	GARW	tropics	0.004020994757347009	2.034327824453781e-05	0.29152397406411973	0.013793015721110484	0.9434189942461526	0.3612799395075854	44	950.0	949.9694144139403	0.7576299680696915	0.755892527881386	1.0	0.9787994533588921	True
5	2029-10-01	GARW	tropics	0.0027097001049846713	1.1095891415344647e-05	0.3062316961664943	0.008848529198334327	0.5908701450045863	-0.40041625408013504	50	1034.0	1034.0015463908974	0.961566115636281	0.9612508251182722	1.0	0.996545827546537	True
5	2030-04-01	GARW	tropics	0.027460435485313676	0.0021672873232431	5.196705145458454	0.005284201184535574	-0.5239227631700389	-433.4592765319298	51	965.0	964.9855555625395	0.9827041291232693	0.9810042334556601	1.0	0.9992944996079138	True
5	2030-10-01	GARW	tropics	0.0028509584685515927	1.4563483588037374e-05	0.3447105608662776	0.008270586376544336	-0.07858918456427699	-0.7725514416400687	40	730.0	729.9524594900097	0.8000622115729963	0.788273717607363	1.0	0.999751761126022	True
6	2030-10-01	GARW	tropics	0.0037763999201009856	1.9674152414355715e-05	0.14901316175236035	0.025342727284565974	0.8671611281393125	0.6512050897670016	20	1363.0	1363.0000002139234	0.7615571406004391	0.7334901730431752	0.9513888888888888	0.9738480803456465	True
5	2031-04-01	GARW	tropics	0.0024944810345261643	8.440437852610318e-06	0.2514885726942617	0.009918864335671986	0.6320793034452231	-0.003837329773633158	14	227.0	226.89992470083928	0.4997892872381581	0.46674671773677207	0.8181818181818182	0.8126811882075565	True
6	2031-04-01	GARW	tropics	0.0014732775434911159	4.7922852342372525e-06	0.04996617665938174	0.02948549682987383	0.9957970399626352	0.9881641524112063	37	2261.0	2260.9985059636942	0.777357634110123	0.7666016505932551	0.9513888888888888	0.9206882800792204	True
7	2031-04-01	GARW	tropics	0.0032448675237710463	1.1568199232168174e-05	0.6332022468886308	0.00512453570674357	0.5968375949063618	-0.8724884082201214	9	104.0	103.17404569598676	0.37140194899852047	0.3130864501609271	0.9166666666666666	0.7364504011824733	True
6	2031-10-01	GARW	tropics	0.002303190075201786	7.25492621685487e-06	0.08270368003321617	0.027848701221962053	0.8415920243060548	0.50881525441467	14	594.0	594.0007516409296	0.7704718256057771	0.7133773335498537	0.9270833333333334	0.9189505546742072	True
7	2031-10-01	GARW	tropics	0.003954282462982831	2.6858878194510343e-05	0.2583919622608924	0.015303426733492134	0.8952929205667783	0.4696676494188806	10	115.0	114.75684543964043	0.418877138714053	0.38383809778451206	0.9166666666666666	0.8281111438784498	True
8	2032-04-01	GARW	tropics	0.003968171379168782	2.206078076425632e-05	0.15495494215776287	0.025608549968859355	0.8700424809343128	-0.11153221292249782	7	129.0	129.01382009502922	0.6612439842416744	0.6277614228819723	0.8333333333333334	0.6504443933237722	True
9	2032-04-01	GARW	tropics	0.013784834695015569	0.00019002166756890496	0.35858707467035267	0.03844208469501557			1	15.0	15.040445712258547	0.39473684210526316	0.3017637665531433	0.39473684210526316	0.3017637665531433	True
8	2032-10-01	GARW	tropics	0.046446353751526885	0.004380434220979702	1.4322551806087809	0.03242882579889488	0.08740917710943089	-22.65912100275218	33	1536.0	1536.0208003991133	0.7045312979100604	0.698496518348879	0.8333333333333334	0.7345580543540681	True
9	2032-10-01	GARW	tropics	0.05581764508716615	0.005405371052045294	2.0320939666180107	0.027468043311039785	0.3211251930783764	-26.82639360951487	26	522.0	521.9719380861062	0.2677205877422961	0.25996243852830436	0.39473684210526316	0.2713334952076738	True
8	2033-04-01	GARW	tropics	0.003618751837986865	1.5372949947169925e-05	0.17429327039647827	0.020762430068326867	0.9864608732647581	0.9057069269988339	31	1428.0	1427.9640696215515	0.6865006039300393	0.6901256947954062	0.8333333333333334	0.7227841172616354	True
9	2033-04-01	GARW	tropics	0.003441805543066075	1.382078171349916e-05	0.1669625811353632	0.02061423295963343	0.980082784592969	0.9033824314830213	23	484.0	483.96863243888265	0.2658593242273721	0.2649422550030606	0.35789473684210527	0.274079000101552	True
10	2033-04-01	GARW	tropics	0.0017853309664056082	3.187406659606783e-06	0.15012405612379018	0.011892370966405608			1	11.0	10.943993019160573	0.7333333333333333	0.8263930700446268	0.7333333333333333	0.8263930700446268	True
8	2033-10-01	GARW	tropics	0.006036695625336898	3.8551781626869915e-05	0.26864135713855997	0.02247120729896882	0.2433635678069428	-16.734126014897395	6	78.0	77.96052461778177	0.5589086533185871	0.5826076112901206	0.6774193548387096	0.6439172802877874	True
10	2033-10-01	GARW	tropics	0.0021859908202812167	7.333029696488427e-06	0.23083337643616386	0.009469994565043953	-0.3777700848204516	-0.11367036683469633	24	429.0	428.7602637496509	0.9482930886959021	0.934979136877248	1.0	0.9988207904649391	True
10	2034-04-01	GARW	tropics	0.15789885544038967	0.029543169337237638	17.765220905817372	0.008888088489160546	-0.8493523096818603	-1411.2243377873658	46	1022.0	1022.1528813526353	0.9832582863872479	0.9773824455395335	1.0	0.9995122824968612	False
10	2034-10-01	GARW	tropics	0.0012496773035930004	2.4355757552168017e-06	0.11616940025165612	0.010757370709376499	0.9124954386656535	0.8191339519898098	32	656.0	655.8678119719157	0.987219161047286	0.9787280424909381	1.0	0.999538695567834	True
10	2035-04-01	GARW	tropics	0.0011993043320095314	2.207033350755655e-06	0.11571295531589267	0.010364477587971623	-0.2593833557069726	-0.3772025957553864	7	84.0	83.92767821196685	0.976808905380334	0.948438956983481	1.0	0.9637163245709218	True
11	2035-04-01	GARW	tropics	0.004721617226420673	2.6385340341696685e-05	0.29629055428810797	0.01593576696282208	-0.8690327796441669	-0.42128335317423304	4	47.0	47.02656128357271	0.8661764705882353	0.8099447704488661	1.0	0.8662964311315661	True
11	2035-10-01	GARW	tropics	0.2028555364523225	0.046174063640101896	16.458515658278476	0.012325263144267089	0.668546455612202	-2505.43040774296	29	737.0	736.9059131936012	0.9083702408980711	0.9014046464032364	1.0	0.9334150207446892	False
11	2036-04-01	GARW	tropics	0.001850684798797256	6.4019694642212315e-06	0.12614120779662152	0.014671532254401194	0.9437961515169908	0.8803993830136442	47	1153.0	1153.0503223680903	0.7254541362487017	0.7191014487784005	1.0	0.9338246243793548	True
12	2036-04-01	GARW	tropics	0.002840861917943558	1.0455263019794208e-05	0.23464556819587434	0.012107034195387405	0.43902944030990165	-7.844732156150561	21	492.0	492.1284917243007	0.5619871846342139	0.5417717671346702	0.813953488372093	0.8073778418492206	True
11	2036-10-01	GARW	tropics	0.012383769622677884	0.00020930499506715744	0.9972652716095171	0.012417728738003017	0.8492357104860473	-6.145858934796547	48	941.0	941.0662880174234	0.48273086355258327	0.47255980686114424	0.8055555555555556	0.7984242885789323	True
12	2036-10-01	GARW	tropics	0.013507838968976343	0.0002156878695398436	0.4155877460514384	0.03250297704231261	0.6011526532761424	-1.2880453910710314	45	1074.0	1074.0637642400736	0.5481458969083685	0.5420974301595447	0.813953488372093	0.6650351177488495	True
11	2037-04-01	GARW	tropics	0.0019616097046028275	6.072646910638997e-06	0.15333603731134116	0.012792881171305328	0.9647997624642796	0.6903868378263468	30	559.0	558.9695461759504	0.5213604708810686	0.5111438673137318	0.8235294117647058	0.6368595491707207	True
12	2037-04-01	GARW	tropics	0.0035382327449680886	1.62531366283873e-05	0.2634582893227877	0.013429954145921994	0.8887942699820811	0.19571219137174944	26	556.0	555.4114626898986	0.5173356160625576	0.4973056654140272	0.7368421052631579	0.631755963390108	True
11	2037-10-01	GARW	tropics	0.0008874456726393684	7.87559821886341e-07	0.08186415009374763	0.010840467672639369			1	15.0	14.78253568156596	0.5555555555555556	0.6153322708516962	0.5555555555555556	0.6153322708516962	True
12	2037-10-01	GARW	tropics	0.0029616300233001685	1.4710491554609816e-05	0.2850925876969499	0.010388309451413542	-1.0	-0.7980567650956889	2	26.0	25.377427571537595	0.5906432748538011	0.36249303909610414	0.7368421052631579	0.36339598403747975	True
13	2037-10-01	GARW	tropics	0.003086302646460616	1.3775079662447792e-05	0.2368825073645955	0.013028833073395165	0.18494835039419183	-0.48905368117834436	13	213.0	212.86169560951203	0.8549650769099724	0.8530330779739993	0.9354838709677419	0.8877720561283337	True
13	2038-04-01	GARW	tropics	0.0075198709858520325	9.009112715715694e-05	0.6458224169066429	0.011643868018503716	-0.06438688025916224	-2.344803032888749	39	950.0	949.938167903852	0.8902019916634506	0.8812236734832607	1.0	0.94781697071646	True
14	2038-04-01	GARW	tropics	0.012271416909452122	0.00015058767296558746	0.5374567313319866	0.022832381090547877			1	15.0	15.060048732970415	0.35714285714285715	0.1814587042620781	0.35714285714285715	0.1814587042620781	True
13	2038-10-01	GARW	tropics	0.003511641232615146	2.365548748918555e-05	0.21777501589624285	0.016125087711109338	0.6554400486069103	0.013592646081624249	32	782.0	782.0675924253179	0.7359999194076573	0.7222607489648335	1.0	0.9512572697025686	True
14	2038-10-01	GARW	tropics	0.003690367240273818	3.18994313305977e-05	0.1350497226287989	0.027325989038994587	0.9642975066279955	0.8905827598108924	27	2184.0	2183.9860929804545	0.8466687005900988	0.8190232004220157	1.0	0.9914195983079321	True
13	2039-04-01	GARW	tropics	0.004838150373805361	2.7030966198930085e-05	0.3881601458258845	0.012464315117955442	0.8113167832557531	-1.80221906404813	6	74.0	74.02007129317731	0.22000648674487602	0.22434406968221124	0.3617021276595745	0.34473722726572936	True
14	2039-04-01	GARW	tropics	0.0010480487634335104	2.354179150701895e-06	0.03518251797219683	0.0297889072141379	0.9971623257095604	0.9939691577627587	32	2403.0	2403.0031118559587	0.9287614345759925	0.9170594881818106	1.0	0.9926535259634517	True
14	2039-10-01	GARW	tropics	0.0024570317737564857	9.663789735257963e-06	0.09294411061863865	0.026435583248926826	-0.575293983375972	-0.5998782388997763	6	144.0	144.06136063113928	0.9535109819121447	0.9373487807427533	1.0	0.9648552361188123	True
15	2040-04-01	GARW	tropics	0.0012987109970871993	2.9239399620263952e-06	0.08543188614413821	0.015201712799551816	0.8035236911754734	0.5275903096572442	16	323.0	322.95103470776115	0.9888020833333333	0.9906898552359692	1.0	1.0	True
15	2040-10-01	GARW	tropics	0.10897224669843379	0.01588121713195532	7.308225217724587	0.014910904282772261	0.3708116218682454	-313.17814735696817	42	1187.0	1186.7672557584535	0.8767139794833535	0.8769121860715892	1.0	0.9939507443088351	False
16	2040-10-01	GARW	tropics	0.07834715695747502	0.010256503239892597	3.6341492053034448	0.021558596670477975	0.3543788054658997	-8374.391284616428	9	185.0	184.93285379742306	0.4135699006785234	0.3980508223077728	0.6949152542372882	0.5839066190042314	False
15	2041-04-01	GARW	tropics	0.002808700709504334	1.1863911028596744e-05	0.13351232820348238	0.021037013939444398	0.9092127476874033	0.6690120089589298	30	899.0	898.9130873087217	0.6866992571407248	0.6892191071979195	1.0	0.9785763043125482	True
16	2041-04-01	GARW	tropics	0.0041683371130000705	2.7600756714394416e-05	0.1867965358994209	0.02231485232276726	0.9663763280636921	0.8104640012481472	35	1782.0	1781.8948660542105	0.7827362497959922	0.7715400269157944	1.0	1.0	True
15	2041-10-01	GARW	tropics	0.008377505817137393	7.131490756165311e-05	0.6292913044973584	0.013312603808865373	0.7954514200035637	-22.614326753489202	4	52.0	51.91233780506037	0.20100233532712886	0.19879044961860567	0.22641509433962265	0.24680820255699948	True
16	2041-10-01	GARW	tropics	0.002805943380438868	1.3060224422622435e-05	0.16069267267339643	0.017461551505474508	0.9829221469543031	0.878585002645642	34	1729.0	1728.951495257673	0.9463979683763503	0.9448283114094496	1.0	0.9969472692434359	True
16	2042-04-01	GARW	tropics	0.36614689324354976	0.1397211070407193	21.408509963090403	0.017102866751343728	-0.8673015065522152	-233016.17908671367	8	149.0	148.84099043368556	0.9872122762148338	0.9839512904813884	1.0	0.9924252192089801	False
17	2043-04-01	GARW	tropics	0.0017052892141752641	5.873455651816233e-06	0.0982972642273071	0.017348287641371942	0.8598876175589145	0.5789965287311436	16	486.0	485.37266452341646	0.9787565199848298	0.9619254335401896	1.0	1.0	True
17	2043-10-01	GARW	tropics	0.000763139555736763	9.012264314969542e-07	0.04638498770590307	0.016452296173394134	0.9957761967760356	0.9908825795604056	42	1613.0	1612.9220492359839	0.9873498562624808	0.9804192063352373	1.0	0.9987685767966658	True
17	2044-04-01	GARW	tropics	0.0011408054102654982	2.525496229318053e-06	0.08468133795105155	0.013471745225907026	0.965578131285235	0.903092112350628	34	1175.0	1174.9315085292799	0.9933103236831111	0.9915267675585245	1.0	0.9952082666198372	True
17	2044-10-01	GARW	tropics	0.00653756860167559	4.5085162743745956e-05	0.5729881671174348	0.011409604904346489	0.9921648920551407	-1.307618735377583	8	107.0	106.92893433948956	0.9435096153846154	0.9422456024726162	1.0	1.0	True
17	2045-04-01	GARW	tropics	0.03719843206402588	0.0013837233480219486	17.102995246390144	0.0021749659359741207			1	10.0	10.212736728829158	0.625	0.5336278152522534	0.625	0.5336278152522534	False
18	2045-04-01	GARW	tropics	0.14235078592542474	0.02558298161176788	9.374040059963894	0.01518563874432312	0.9878524676681963	-978.6782703697554	19	481.0	480.97694381749716	0.5303793004238283	0.5255933691297479	0.6222222222222222	0.5538568302963508	False
19	2045-04-01	GARW	tropics	0.05725979162990223	0.0047779144690412705	3.0261181153264114	0.018921862745508174	0.9586764777001067	-609.7134487020834	15	318.0	318.00468795127836	0.3819332563455887	0.37748373094167315	0.5308641975308642	0.4921630291005649	False
18	2045-10-01	GARW	tropics	0.0021886711363159907	7.480975425592826e-06	0.1388378576244287	0.015764224353249392	0.9743161910668698	0.92867270624083	40	970.0	969.9467961992616	0.48465570714879186	0.467960848105675	0.6222222222222222	0.5368947125036517	True
19	2045-10-01	GARW	tropics	0.0022237943744522377	7.256584587337501e-06	0.12207663199200545	0.018216380466638933	0.9797976192521937	0.9367138511114866	40	1009.0	1008.6886646977615	0.5171132668691774	0.5066179467516225	0.8947368421052632	0.6486288326378454	True
18	2046-04-01	GARW	tropics	0.07935783343559939	0.008536454288580037	4.400554142202657	0.018033600058350276	0.78736210060205	-337.6717926034117	16	367.0	366.85869118605376	0.4210546451157376	0.40837445962101315	0.5789473684210527	0.4841115994550934	True
19	2046-04-01	GARW	tropics	0.06561825307180837	0.006415367445712544	5.842120854192683	0.011231923253473346	0.46433642163448674	-313.87564237003147	23	616.0	615.7894310060622	0.6296856798066702	0.6172636094697616	0.8947368421052632	0.7157079778935312	True
20	2046-04-01	GARW	tropics	0.0012577939619987577	3.924605408725353e-06	0.03904834089432909	0.032211201121260045	-0.8028533823280173	-2.1058850853582	4	77.0	76.89488750597673	0.6913814200355962	0.7232167789344096	0.8125	0.8112412523691698	True
19	2046-10-01	GARW	tropics	0.0032368483613862947	1.0477187314609141e-05	0.25236530629009524	0.012826043361386295			1	10.0	10.032414350284952	0.6666666666666666	0.7030975999755544	0.6666666666666666	0.7030975999755544	True
20	2046-10-01	GARW	tropics	0.0015207711426673892	4.06107237505357e-06	0.056082127699754784	0.027116858882549826	0.9975897554504185	0.9852066784446191	30	1984.0	1983.9779757954304	0.8727103167017302	0.8526182049702143	0.963963963963964	0.9431958943532593	True
20	2047-04-01	GARW	tropics	0.0027049833020684234	1.4698272623916202e-05	0.094933139972514	0.028493561920016525	0.9690007732773536	0.9381779348983855	32	2028.0	2028.034390692468	0.8438457989568426	0.8022804092390736	0.963963963963964	0.953584271888904	True
21	2047-04-01	GARW	tropics	0.004189215605222264	3.9969804729743335e-05	0.2604018755524636	0.01608750166001879	0.5580452920115706	-0.5474553931544646	22	918.0	917.8890052824996	0.8484649882485485	0.8049141056860151	1.0	0.9999405618631259	True
20	2047-10-01	GARW	tropics	0.001953110980205866	7.291002775606021e-06	0.07430444819619528	0.02628524977466792	0.7201219340824885	-0.3900629932527384	6	111.0	111.01999346481233	0.5804101377018044	0.5430409964054663	0.71875	0.7243577950202402	True
21	2047-10-01	GARW	tropics	0.0034964549334068062	9.186721452404326e-05	0.044230073971813416	0.0790515280538531	0.8419715157794574	0.6933447966308594	44	1674.0	1673.6656555887603	0.80031910558796	0.7778621419228853	1.0	1.0	True
22	2047-10-01	GARW	tropics	0.004121937144780724	2.1222534279160733e-05	0.1431132835174641	0.028801918616294792	-0.6526284106794944	-1.1635695711643388	11	427.0	426.8422329578398	0.7098040361572637	0.6625350414522477	0.9253731343283582	0.9962450745024798	True
21	2048-04-01	GARW	tropics	0.004820894763791804	3.486772985498405e-05	0.23003070214056107	0.02095761443551122	0.2112859857570477	-0.17474269533022535	21	650.0	649.5536125736323	0.7014645835305561	0.6617738358575532	1.0	0.9973278661774045	True
22	2048-04-01	GARW	tropics	0.0024571055094170305	1.3156830335109107e-05	0.10413632067830468	0.02359508664616123	0.981046190576574	0.9524534796791836	37	2175.0	2174.887235139864	0.8871126348498711	0.8484101737649982	1.0	0.9997739968184822	True
21	2048-10-01	GARW	tropics	0.010838193955403322	0.0001174664482149411	2.048120302912285	0.005291776044596678			1	13.0	12.771319124568196	0.13402061855670103	0.054982246433023685	0.13402061855670103	0.054982246433023685	True
22	2048-10-01	GARW	tropics	0.022348757004685558	0.0017130347704834576	1.0915844686761125	0.02047368540502451	0.12532937836400826	-19.708111372706067	31	1688.0	1687.8426687681583	0.9175171566307818	0.9022544269241515	1.0	0.9889419104913542	True
23	2048-10-01	GARW	tropics	0.05671563523424355	0.004486386191181421	3.1803899911187115	0.017832918413346426	-0.8779630249368645	-676.922614039539	9	145.0	144.92504404694583	0.732030650744101	0.6856295185543171	0.8181818181818182	0.8551939393768864	True
22	2049-04-01	GARW	tropics	0.006733038429371992	4.829595991589855e-05	0.4789559919368965	0.014057739213458018	-0.3725122920812109	-1.7773317159031667	6	73.0	72.77110837902072	0.7257409257409257	0.6870376920689485	0.8461538461538461	0.7876115548740137	True
23	2049-04-01	GARW	tropics	0.004964507656623729	4.594081640224431e-05	0.3142968495804686	0.01579560107984054	0.8604359569282009	0.05815233104088857	35	1110.0	1109.8831177698103	0.8866412943677684	0.8690294850279098	1.0	1.0	True
23	2049-10-01	GARW	tropics	0.0024027837797510666	9.517682300430866e-06	0.17846827012836183	0.013463366782357917	0.9191392897825845	0.7432507304930182	50	1517.0	1517.008584330596	0.9687270353554696	0.9656879953460359	1.0	0.9991639508514644	True
23	2050-04-01	GARW	tropics	0.012216358506313309	0.00020080090262875101	1.1402596048786988	0.01071366419896361	0.5870249130362556	-30.17025996473618	31	598.0	598.1231223309674	0.905938903987992	0.8739060540806246	1.0	1.0	True
25	2050-04-01	GARW	tropics	0.0053416270054577955	6.340980183975138e-05	0.1904399305465126	0.028048881293585484	0.5314168371182322	0.04294946169503444	19	1258.0	1257.9753599575283	0.8420664556342241	0.8061566386353802	0.9782608695652174	0.9749297908112948	True
23	2050-10-01	GARW	tropics	0.08125016989902197	0.006674146041156701	6.787943354482751	0.011969777244143387	-0.5289444927028859	-424.5649523245402	4	51.0	50.86263868010872	0.6365103512669437	0.5538310109287852	0.7647058823529411	0.6999621139799728	True
25	2050-10-01	GARW	tropics	0.022698081288536953	0.0007410590900062192	0.8487782242492105	0.02674206363931475	0.4644706517186685	-0.850460354338169	39	2458.0	2458.088061460344	0.9075092754036479	0.9002474558165713	1.0	0.9774455673852589	True
25	2051-04-01	GARW	tropics	0.18950231519181845	0.056284262517329306	7.707788862292685	0.024585820729844294	-0.81248947465909	-156.9985237566169	27	1111.0	1110.9651897989888	0.9541241735527336	0.9474975187441232	1.0	0.9688048206933129	False
25	2051-10-01	GARW	tropics	0.0012531632895948256	3.7881745415093517e-06	0.03599448382577923	0.03481542604306804	0.9954006948869739	0.9876143182835216	34	1322.0	1321.840829156725	0.6674716483845565	0.6641293691097135	1.0	0.94227496334779	True
26	2051-10-01	GARW	tropics	0.0008148169981667445	6.648735255704446e-07	0.11496449950026755	0.007087553129084411	1.0	0.9839087898888633	2	22.0	21.830868041041473	0.10704837490551776	0.07048423891717182	0.11224489795918367	0.07442767771387916	True
27	2051-10-01	GARW	tropics	0.0022109846118359856	6.625564820774855e-06	0.07923231006040149	0.02790508834275407	0.9974535891003851	0.9448205558841345	20	854.0	854.0292775725762	0.4907691884459447	0.4835007845070479	0.8431372549019608	0.8452662525281991	True
25	2052-04-01	GARW	tropics	0.001876219264011148	4.623376963621106e-06	0.08288114025140098	0.022637469251992264	0.9949226796995847	0.9673538519323496	22	1078.0	1077.8795349661964	0.5415579547084026	0.5275841268403164	0.8695652173913043	0.8224374963428128	True
26	2052-04-01	GARW	tropics	0.0011013060029862526	1.6169040192140374e-06	0.1644949767451142	0.006695073763211212	1.0	0.9530722990521789	2	22.0	21.780745848529293	0.10704837490551776	0.06969602458113727	0.11224489795918367	0.07539113000910551	True
27	2052-04-01	GARW	tropics	0.0017405934992330485	4.0410448694542985e-06	0.050411670883687185	0.03452758991561795	0.9944548391391554	0.9834918484259204	32	1121.0	1121.14684149403	0.6059356561754794	0.6051715201434167	0.8636363636363636	0.8257462926264687	True
27	2052-10-01	GARW	tropics	0.009200523333199264	8.878481618486322e-05	0.44727832044170845	0.020570018515794177	0.510723703719097	-21.07840942857709	10	192.0	191.85415365644405	0.7887627137511038	0.7967040988387101	0.8636363636363636	0.8371699554551532	True
28	2052-10-01	GARW	tropics	0.15046226363420795	0.03422069907839401	14.698047343085902	0.010236887943144828	0.5178999458137026	-4917.701211086217	17	253.0	252.51442948852383	0.9286103422872681	0.9159410727627828	1.0	0.9865912463849563	True
28	2053-04-01	GARW	tropics	0.009501000851801961	0.0008692082127316744	0.05757104016607178	0.16503090485068508	0.18898854675848523	-0.0820529658716016	43	945.0	944.9126080450573	0.7122328607580447	0.6987561855803185	1.0	0.967658250512615	True
29	2053-04-01	GARW	tropics	0.0065426597341290225	7.270972094065705e-05	0.2102816206067305	0.031113797369695613	0.7050213872719192	-1.4012612844340522	16	1028.0	1028.1552699575193	0.5953252147456924	0.5753285093859588	0.8535031847133758	0.9461630947550509	True
28	2053-10-01	GARW	tropics	0.005043951249038505	3.535128995130796e-05	0.1431519663433196	0.035234942123963976	0.8999327340046146	0.774539179770872	30	743.0	742.9676760473099	0.4406841148722653	0.4401322138586126	1.0	0.9827617464909412	True
29	2053-10-01	GARW	tropics	0.0018586129448378806	4.6525450490129725e-06	0.058201279900880414	0.0319342280445239	0.9972824094479873	0.9902274268392981	37	2455.0	2454.9836463628612	0.7739726716452623	0.7726046042315717	1.0	0.9560271905860124	True
28	2054-04-01	GARW	tropics	0.007563360162825542	5.7624380900400416e-05	0.19796848883637158	0.038204868902529956	0.7892544412857987	-53.03312359477611	4	58.0	57.9047418203309	0.10222813258772862	0.07798136368659231	0.12962962962962962	0.10079695218938345	True
29	2054-04-01	GARW	tropics	0.008829984849297052	0.00010422156253596291	0.3404708753963702	0.025934626093986272	0.6140461453790055	-1.4740508356630433	19	1141.0	1140.9729681144636	0.913846120670554	0.9021655778386575	1.0	0.9321406569382701	True
