variant	pivot_date	model	location	mae	mse	normalized_mae	max_r_data	correlation	r2	n_points	total_sequences	total_smoothed_sequences	mean_variant_frequency	mean_smoothed_variant_frequency	max_variant_frequency	max_smoothed_variant_frequency	converged
0.0	2025-04-01	FGA	north	0.1087072030689888	0.012488061721742931	1.6186749161628637	0.067158143975372	0.5429605797027219	-13.108044853751709	11	2660.0	2659.933210137969	0.8239975760911392	0.8339967791005164	0.8816425120772947	0.8883956231652128	False
1.0	2025-04-01	FGA	north	0.3361078042656051	0.1139028113669018	5.362617502541881	0.06267607266531502	-0.10048190902941256	-144.6448192002972	11	497.0	496.8524617152526	0.17600242390886078	0.16600322089948374	0.29292929292929293	0.24899336213726786	False
0.0	2025-10-01	FGA	north	0.26473616395970556	0.07230266337014844	3.8235570327445068	0.06923818886250034	-0.41638002206254876	-37.41736077863282	20	3214.0	3213.965956207161	0.8039024964361768	0.8059947225394224	0.8816425120772947	0.8942499899596584	False
1.0	2025-10-01	FGA	north	0.09922454278570879	0.010346104999240512	2.295471434341091	0.04322621545242227	-0.2984827976275594	-27.15672548087673	17	611.0	611.0845303984162	0.18231584859501038	0.17755921499252653	0.29292929292929293	0.294641823953953	False
0.0	2026-04-01	FGA	north	0.08790176747460045	0.007864548993519491	1.500805869473005	0.05856971195446243	-0.9427314141386858	-403.76867023753493	7	284.0	283.8745139340806	0.7668753596638468	0.7565630303065173	0.8317757009345794	0.818412728694575	False
1.0	2026-04-01	FGA	north	0.24108725963264338	0.05818008696099373	6.127265868858145	0.039346629441684655	-0.8503688109642042	-22478.544400717532	5	67.0	67.00223452742081	0.22637449647061447	0.22013860658329493	0.3225806451612903	0.26440518412166614	False
2.0	2027-04-01	FGA	north	0.19938521230441186	0.039781560383410686	5.075080067228283	0.03928710673786563	0.8436531520721129	-426.33064291691124	9	283.0	283.06213283437353	0.4253539537076703	0.4076213388205223	0.6666666666666666	0.5131855416828588	False
3.0	2027-04-01	FGA	north	0.13527185503561107	0.01849687137112349	2.7773318884463474	0.04870568605730544	-0.9852991186501219	-261.1296296536387	8	415.0	415.2698041027033	0.5578596266233156	0.5682939802860029	0.6625	0.6786161739585027	False
2.0	2027-10-01	FGA	north	0.14972794005786647	0.022482823856211812	3.5024713973883994	0.04274922563807669	0.9860875067380613	-33.351447031882714	19	693.0	693.0100391814876	0.3625489487574808	0.3471288874227015	0.6666666666666666	0.4440426838936364	False
3.0	2027-10-01	FGA	north	0.1942797621223391	0.037824939483247826	3.936544446564597	0.049352868933535375	0.956830078351665	-43.69144661244249	25	1500.0	1499.9883991262163	0.6686386335086287	0.673883637342824	0.9555555555555556	0.7480956368967516	False
2.0	2028-04-01	FGA	north	0.1750705079979644	0.03377146793980951	1.1537589334379466	0.15173924372251055	-0.19988796359675293	-18.659840733599733	23	627.0	626.9845925451085	0.2025123841884271	0.18923231858482906	0.452991452991453	0.3191260496724307	False
3.0	2028-04-01	FGA	north	0.19786847164096727	0.043864969356987304	5.729985937426963	0.03453210423232202	-0.4232316696113625	-64.89475380121561	33	2481.0	2480.980815363054	0.629827207444791	0.6312261749182732	0.9555555555555556	0.76690995326059	False
4.0	2028-04-01	FGA	north	0.1060047360765247	0.014496172629717296	2.383878971345531	0.04446733133297138	0.9110567763931584	-67.41559321733209	4	67.0	66.99998649755732	0.039302060214127854	0.03230214639053845	0.04573170731707317	0.040710563773145525	False
5.0	2028-04-01	FGA	north	0.019735487724092175	0.0008479896988896293	0.2989186196324794	0.06602294547043261	-0.8293133607577503	-1.5734084081591617	11	1651.0	1650.8004576976343	0.4001820219913313	0.3924467939084868	0.6134453781512605	0.6623966863178368	False
2.0	2028-10-01	FGA	north	0.18779277755472612	0.035629786021588505	2.8758831501488906	0.06529916820334083	0.9626305857352848	-41.32895838820198	17	353.0	352.71620596653673	0.13432923460944113	0.1465504285224118	0.3684210526315789	0.22184418829157726	False
3.0	2028-10-01	FGA	north	0.20592853675311343	0.04282495744331461	3.8514963192688345	0.05346715138292194	0.9766483782681098	-38.46741506905528	27	2145.0	2144.84251740297	0.4533279147104541	0.44657514970190704	0.7857142857142857	0.7539064836906305	False
4.0	2028-10-01	FGA	north	0.08822642672905172	0.007960823030894916	2.194171997279287	0.04020943975150994	0.9914256779408659	-19.77661129658024	6	88.0	87.38354716815434	0.03425839425978289	0.029604865350956633	0.04573170731707317	0.03403099913434401	False
5.0	2028-10-01	FGA	north	0.22057962737171188	0.049200847575109674	3.3770416738502114	0.06531741348640985	0.9788087756400831	-26.828604612190297	24	3069.0	3068.8491987205034	0.5768341270819923	0.561891466439064	0.8571428571428571	0.7694054425546222	False
2.0	2029-04-01	FGA	north	0.1345167414240696	0.018094753723350003	3.138932078088122	0.04285430142406962			1	11.0	10.608506921870156	0.03333333333333333	0.02311076479132658	0.03333333333333333	0.02311076479132658	False
3.0	2029-04-01	FGA	north	0.07992899695926238	0.006632999423459271	1.4383436338606197	0.055570167710707	-0.9416335426942621	-46.54601763458745	7	277.0	276.75020132437595	0.25643193274856696	0.24247459303713165	0.28205128205128205	0.26408380019588057	False
5.0	2029-04-01	FGA	north	0.08085789394490578	0.006766488796289652	1.5188942054479344	0.053234710919882744	-0.8561072367961219	-76.15020553129636	11	859.0	858.7153791270301	0.7355428073411088	0.7243721503685957	0.8571428571428571	0.7661076146060505	False
6.0	2029-04-01	FGA	north	0.2846839168381927	0.08166308463961908	4.324215813121953	0.06583480777585418	-0.6004049532485041	-242.74900903278683	10	486.0	486.03448522409576	0.870007879769101	0.8522499188053452	0.9285714285714286	0.898410400957257	False
6.0	2029-10-01	FGA	north	0.008533687798759999	0.0001359993605267514	0.12794475121308344	0.0666982249592069	0.952908222271816	0.8446503106455379	24	1172.0	1172.0245212056243	0.90086938350836	0.8830739992927263	0.9649122807017544	0.9267774671573595	True
6.0	2030-04-01	FGA	north	0.05941624839809542	0.005650833868202653	1.2524149211332185	0.047441345033109324	0.6241339612464173	-9.25104829193562	30	1125.0	1125.013574824828	0.5925707198719099	0.5899498127472553	0.9649122807017544	0.9277948674843923	False
7.0	2030-04-01	FGA	north	0.023799980350407784	0.0006959664088643958	0.6839083472507298	0.034799955938660886		-2.5155035991119368	14	684.0	683.8567031904735	0.342706720395458	0.3336649846129229	0.46	0.37280401065057805	False
8.0	2030-04-01	FGA	north	0.22190683036278178	0.04950478284915491	3.6762028281289516	0.060363054145117445	-0.9650141142705577	-292.4411790089671	11	736.0	735.9550117617563	0.30563082626470045	0.2979687881856586	0.4927007299270073	0.4979074842770023	False
9.0	2030-04-01	FGA	north	0.1758438448207375	0.03098425859812593	4.149091146760274	0.04238129233628461	0.9535930862162558	-376.0013563613856	7	211.0	210.94879107997872	0.12356203930034163	0.11957423344060676	0.14383561643835616	0.14856105294171493	False
6.0	2030-10-01	FGA	north	0.0036225016152992492	1.954745535269895e-05	0.052693907340179175	0.06874611882381869	0.9899360397379194	0.9769240072659111	24	634.0	633.662986465729	0.2655658424810498	0.2646983494991629	0.6666666666666666	0.5432728341341575	True
7.0	2030-10-01	FGA	north	0.0035214644177456083	1.6448068343930188e-05	0.08151368654036632	0.043200897508196334	0.9951837818639416	0.9750726283861926	20	881.0	880.9817108614659	0.2833891136352341	0.27816037088887335	0.46	0.3748747960905254	True
8.0	2030-10-01	FGA	north	0.0015194817721943643	2.6837605340255154e-06	0.02671563471488032	0.05687612472662045	0.9992692971287299	0.997651590567524	25	1683.0	1682.870202246685	0.46645177894654105	0.44584227849509384	0.75	0.6219506450288496	True
9.0	2030-10-01	FGA	north	0.002176780515440674	5.5729283811312825e-06	0.04848604705189254	0.044894988306861956	0.9992138499179827	0.9908689047323322	16	506.0	505.893001815722	0.16793874099788736	0.17817805233350467	0.25742574257425743	0.2566782250296905	True
6.0	2031-04-01	FGA	north	0.054652391567344874	0.0030590508104009696	1.0963851178372903	0.049847805007743266	-0.6577194973444124	-43.90962744743878	5	60.0	59.50968277735396	0.0802321630561195	0.06414717516525094	0.12643678160919541	0.08009756639941755	False
7.0	2031-04-01	FGA	north	0.2663853168885443	0.07111352922845797	6.248060583353102	0.04263488058971175	-0.8032956352856941	-1889.9151345970456	4	96.0	96.22260440004474	0.1261147955884798	0.13018460508758142	0.1891891891891892	0.1522672373380461	False
8.0	2031-04-01	FGA	north	0.22920967628381758	0.056042425025628374	5.537407441138307	0.04139295847746029	-0.3784395044732732	-501.5124916206693	12	649.0	648.9725565207565	0.6017934319230575	0.5903924024575099	0.75	0.6089580772973934	False
9.0	2031-04-01	FGA	north	0.05268968947800201	0.004694885995597146	1.3635050893398817	0.03864282567768841	0.751794766663277	-7.238909083356079	22	990.0	989.8311393861375	0.3573004329263005	0.3634179819438335	0.47368421052631576	0.4840978811434701	False
10.0	2031-04-01	FGA	north	0.057975134838552156	0.003977816344857592	1.209710083545534	0.04792481738156061	-0.850368349529804	-9.815787609759534	14	901.0	901.0001411893388	0.46426937105039084	0.450498525506776	0.5792682926829268	0.5135629589825287	False
11.0	2031-04-01	FGA	north	0.0844546714853254	0.0074040894832422335	3.747772019436119	0.02253463418995061	-0.9917852566999494	-78.12121801031168	5	75.0	74.93152919133497	0.08265218075027485	0.07871477145491652	0.15432098765432098	0.08828816184255062	False
9.0	2031-10-01	FGA	north	0.003846161569993037	1.8884815894493582e-05	0.0828456043587699	0.046425656493939114	0.9883077616879544	0.9759973089121843	20	950.0	950.1263214956466	0.40381087327000326	0.39826655433466873	0.47368421052631576	0.5012372457154484	True
10.0	2031-10-01	FGA	north	0.004251489723708472	2.3479895102100974e-05	0.0804675184968571	0.05283485564270914	0.9975304924149727	0.9764580547100381	21	1184.0	1184.0161699994947	0.4964690837616845	0.48272246738400276	0.6896551724137931	0.592227131518914	True
11.0	2031-10-01	FGA	north	0.002130047877442815	5.787625905040157e-06	0.10808082005207953	0.019707917430830335	0.9907804437480277	0.9518080712936391	7	107.0	106.89888521364749	0.09442304813715512	0.07783334507558029	0.15432098765432098	0.09882666334284126	True
9.0	2032-04-01	FGA	north	0.014106777456471507	0.00022523612118957711	0.2858399317700189	0.04935201799523777	-1.0	-22.348141929586784	2	40.0	39.88716756024867	0.3095062638172439	0.2711666775487295	0.34782608695652173	0.27739600907695594	True
10.0	2032-04-01	FGA	north	0.006108741068988242	4.964202289631242e-05	0.10975990858303296	0.0556554861228497	0.9960977233580217	0.6201857768810299	4	122.0	122.06072112914087	0.611898102855352	0.5915283909419756	0.6896551724137931	0.6210322839319434	True
11.0	2032-04-01	FGA	north	0.010321259641176408	0.00010652840058057696	0.5023702494024047	0.020545125141176408			1	13.0	12.963782688430276	0.8666666666666667	0.8293026924941197	0.8666666666666667	0.8293026924941197	True
11.0	2033-04-01	FGA	north	0.02682360570495975	0.0008592977228891801	0.7255121936076856	0.03697195711015766	-0.6878918998428933	-3.632071755037777	16	897.0	896.988938303941	0.9423199897609554	0.9416510735642742	0.9770114942528736	0.9734932456133935	False
11.0	2033-10-01	FGA	north	0.002576499615712384	1.4494861399059037e-05	0.05838807873419959	0.04412715183593211	0.9965078962590868	0.9801603830081036	25	1272.0	1271.6347344061253	0.9109355742319589	0.9035239609618226	0.9770114942528736	0.967239207643977	True
11.0	2034-04-01	FGA	north	0.15433499315239085	0.024204081822095762	3.660400360109854	0.042163418743560346	0.6849583204422964	-81.79859021345892	8	191.0	190.4803454692452	0.7829241564357858	0.7634643939839013	0.9230769230769231	0.9173858904536442	False
12.0	2034-04-01	FGA	north	0.141432547786172	0.025294127508168507	3.588691108919204	0.039410621726305904	0.3888431812488021	-1305.9476877182765	7	133.0	132.40320801133407	0.6605919717115458	0.5992837900698466	0.7857142857142857	0.7342834072044988	False
11.0	2034-10-01	FGA	north	0.0023367075076187807	5.460201976161974e-06	0.1231714924236684	0.018971171507618782			1	14.0	13.78982418571098	0.4117647058823529	0.30931543990076127	0.4117647058823529	0.30931543990076127	True
12.0	2034-10-01	FGA	north	0.0027753686996391893	2.2289448686952304e-05	0.05104609452374572	0.054369853865081454	0.9808085736524653	0.9502687975357318	16	328.0	327.5813290533756	0.6834666308043547	0.6498645357597652	0.9473684210526315	0.7138465037243762	True
12.0	2035-04-01	FGA	north	0.15629289153603584	0.027236290977492496	3.9571624056693366	0.039496203469465536	0.5104838024810091	-74.95463073445055	19	430.0	429.67626817303415	0.5239234996753397	0.5169615854475638	0.9473684210526315	0.7311103706208977	False
13.0	2035-04-01	FGA	north	0.1951003289802497	0.03814236409416451	10.851402512555419	0.017979273071339157	0.2815838109224923	-448.7435410823341	7	100.0	100.15190878734326	0.22400326795649383	0.19601082653669194	0.3684210526315789	0.24469397327976694	False
14.0	2035-04-01	FGA	north	0.024180659971947932	0.0008156893309204437	0.6535066114934578	0.03700140066936416	-0.9926540211998482	-6.756263643066275	10	206.0	205.94299387417192	0.31946359700723265	0.315385360795708	0.4533333333333333	0.40614919729900656	False
12.0	2035-10-01	FGA	north	0.16750123398599284	0.028071400159102897	5.502114772849435	0.030443064330925855	0.9954443814937518	-76.20772083679186	18	406.0	405.79019188953424	0.4021770098597779	0.3886132730270838	0.5	0.44969549442509926	False
13.0	2035-10-01	FGA	north	0.19046485637166682	0.036285549138261444	7.17184992864764	0.026557284140994546	0.9847895801583995	-223.17417241068839	8	110.0	110.00036034281047	0.21336397057304324	0.20134625709019904	0.3684210526315789	0.25146834667128476	False
14.0	2035-10-01	FGA	north	0.2122851834143857	0.0450781797969074	5.672107311410838	0.037426157820978086	0.9937055656893641	-106.4382537649311	19	408.0	407.94063474189204	0.4067580592661857	0.40525739715189535	0.631578947368421	0.6193612035737037	False
12.0	2036-04-01	FGA	north	0.06404483535532624	0.0041465067294503615	2.5509742187810085	0.025106030035039036	0.7854649720970857	-2937.349235642305	3	46.0	45.84889809304285	0.29962061747776036	0.2948462252597614	0.3469387755102041	0.2999709620291824	False
14.0	2036-04-01	FGA	north	0.03266763962160913	0.0020446622943452184	0.8092231370660131	0.040369136923162685	0.2614155621839914	-2.1493250007263827	26	2237.0	2236.968477020588	0.8655085653795639	0.8653892774913116	1.0	0.9979079008440678	False
14.0	2036-10-01	FGA	north	0.2192010044126044	0.0484151029630483	4.553860697468844	0.04813520196927458	0.9690374717358347	-45.55159105354658	25	2396.0	2395.9159057495385	0.9929375069146235	0.9735077631133062	1.0	0.9991141542199592	False
14.0	2037-04-01	FGA	north	0.26758474283145	0.07165866335355564	5.560154782310948	0.0481254125663449	-0.9465387260710885	-6184.682665703165	4	138.0	137.9776093541542	0.9943181818181819	0.9976481751650015	1.0	0.998087077197603	False
15.0	2037-04-01	FGA	north	0.050636280054411544	0.005675537862236368	1.2325858333238875	0.0410813419117935	-0.2752140607014285	-6.477939373594144	22	2743.0	2742.992619838338	0.996969696969697	0.9853171267714458	1.0	1.0	False
15.0	2037-10-01	FGA	north	0.28138553923973186	0.07975031937063916	5.252508502961882	0.05357164849539205	0.886369887129344	-65.85495041102013	27	2925.0	2924.8594011455593	0.9975308641975309	0.9957730755214728	1.0	1.0	False
16.0	2039-04-01	FGA	north	0.03223306153987937	0.00146535805276897	0.7436083174951775	0.04334682759931395	-0.9302567466468052	-7.779828880982947	14	905.0	905.0193246903445	0.9661118149674286	0.963883755117695	1.0	0.9847732229611542	False
16.0	2039-10-01	FGA	north	0.0010696800319068662	1.7144473465536513e-06	0.024580108662163626	0.04351811648226901	0.9992293159321781	0.9981319518878966	26	1508.0	1508.0639154159066	0.9696402659032751	0.9700173616841768	1.0	0.9877243875371788	True
16.0	2040-04-01	FGA	north	0.035593299273333184	0.0014877332932141689	0.8567876565261435	0.04154273115656996	-0.9786481813287587	-29.858459075806646	9	300.0	299.85764518751995	0.9715288736243903	0.9761193206108931	1.0	0.9819764659901856	False
16.0	2041-04-01	FGA	north	0.01605934725766518	0.0002633826230508311	0.8660481961065839	0.018543248897534528		-47.06262148674651	3	33.0	32.94991348916587	0.2207070707070707	0.18493041463156187	0.29545454545454547	0.19216629334816387	False
17.0	2041-04-01	FGA	north	0.12824043756014084	0.016661571057718788	3.7868113790506124	0.03386501854029283	-0.9480413331428658	-217.54231574004984	12	322.0	322.0542718938774	0.7358870750574273	0.7385543635499014	0.8571428571428571	0.7828449644786588	False
16.0	2041-10-01	FGA	north	0.00528956148140031	3.932184636807134e-05	0.36691776677437693	0.014416204284413783	0.9957512137453575	0.35349812603752573	6	75.0	74.89643219219164	0.2486379573306797	0.19909050723315527	0.29545454545454547	0.22033989127788917	True
17.0	2041-10-01	FGA	north	0.0019233173808985609	5.067284735372188e-06	0.06252546578223465	0.03076054463308025	0.996470119638964	0.9891310875778105	21	547.0	546.9520382695835	0.6930960647101363	0.6842052846625191	0.8571428571428571	0.834151932238066	True
18.0	2041-10-01	FGA	north	0.0023372996973482093	5.462969875224031e-06	3.5953749560081105	0.0006500851026517905			1	14.0	13.625762334725067	0.2153846153846154	0.13583574370640622	0.2153846153846154	0.13583574370640622	True
16.0	2042-04-01	FGA	north	0.17627363550790323	0.04324817041836646	8.714900621635142	0.020226694848395153	-0.9998077383231503	-206.99083998843744	3	39.0	39.00860271557339	0.27084482695207623	0.2292609509793133	0.2894736842105263	0.2389101215932503	False
17.0	2042-04-01	FGA	north	0.10551229756683282	0.011223604360272907	3.300889232361866	0.03196481012825027	-0.7440996039252833	-179.49043568744045	7	150.0	150.01557483684732	0.634800461064929	0.6105348218795702	0.7222222222222222	0.6718166881454346	False
18.0	2042-04-01	FGA	north	0.015725551764966792	0.00031178321419585034	0.6629198048415907	0.023721650266165333		-0.10645058602547408	5	57.0	56.86444061033458	0.3318723572634708	0.3185052641958235	0.43333333333333335	0.34712660111667093	False
19.0	2042-04-01	FGA	north	0.05551189309771036	0.003081622809248435	1.7959803991486103	0.03090896377489751	1.0	-483.83335304718906	2	26.0	26.020017297543273	0.3267008985879333	0.2892122061783609	0.3902439024390244	0.31222310548413523	False
16.0	2042-10-01	FGA	north	0.006752808405942821	4.560042136737202e-05	0.5414791972130973	0.01247103940594282			1	11.0	11.107747088292783	0.2894736842105263	0.1721447640358531	0.2894736842105263	0.1721447640358531	True
18.0	2042-10-01	FGA	north	0.002410954545739469	7.302604931139529e-06	0.11396062032733931	0.02115603213473451	0.9953300113723685	0.9585734029931472	9	115.0	114.71079715018539	0.3567606684858902	0.33259033826191725	0.45454545454545453	0.3398715724117215	True
19.0	2042-10-01	FGA	north	0.002987749904256935	1.0214056157881114e-05	0.17446484842485682	0.017125225690055146	0.9888075625176002	0.9120671820925559	7	99.0	98.87890260769124	0.3822428240126242	0.32342799192223026	0.46875	0.43392329645426625	True
18.0	2043-04-01	FGA	north	0.12539148283592894	0.015903747994577392	6.364239385552492	0.019702508852916672	-0.996872373419984	-577.6738857505986	3	41.0	40.83389972171135	0.40151515151515155	0.3114027817981068	0.45454545454545453	0.33011498499010283	False
19.0	2043-04-01	FGA	north	0.048626533587103865	0.005078886653134009	1.2872745925361861	0.03777479480217189	0.3134411700487988	-7.9379770626607264	25	2484.0	2483.94333231527	0.8710443816000256	0.86646875569212	1.0	0.9851887382486062	False
19.0	2043-10-01	FGA	north	0.1531523168174097	0.02386681234694334	3.067566763706118	0.0499263190061353	0.9460059539727886	-21.344905127514334	27	2662.0	2661.735460304552	0.9358111154965644	0.9158422623309087	1.0	0.9600497345410466	False
19.0	2044-04-01	FGA	north	0.006955065808083825	6.381485278188811e-05	0.10222870654549428	0.06803437158806906	0.97951119483043	0.47885158010678575	4	95.0	94.61716607594143	0.8480634816855805	0.8424026129062214	0.9565217391304348	0.9438609230138082	True
21.0	2045-04-01	FGA	north	0.014415126091567521	0.00035137792589416065	0.3267749871104089	0.044113309341810236	0.9470136815050906	0.5496330605837735	21	2940.0	2939.989437020677	0.9733788728680381	0.9699036013180521	1.0	0.9992639008715002	True
21.0	2045-10-01	FGA	north	0.06403220063520974	0.005561522086952501	1.1351676909222619	0.05640770182878185	-0.09134967611148452	-3.0876832690187612	27	3171.0	3170.9528775148237	0.9744121020849617	0.9748182380790361	1.0	0.9929683680985362	False
22.0	2047-10-01	FGA	north	0.011228500590927056	0.0001751256117136902	0.5234634938692996	0.02145039859022267	0.9934478809086493	0.01080713115334242	14	273.0	272.7375166692745	0.9872904872904874	0.9924422787007934	1.0	0.9934478163693521	True
22.0	2048-04-01	FGA	north	0.0634288944619695	0.014047527020122526	3.646566731269475	0.017394140608497262	-0.9308218648756336	-135.66277446981158	9	118.0	117.79164678038562	0.29923390251897536	0.27090714269039584	1.0	0.9871698516296756	False
23.0	2048-04-01	FGA	north	0.1537487409918751	0.030188391095218932	2.804949466834152	0.05481337286457639	-0.9181282741340906	-68.88258299586808	14	1391.0	1390.9649501199856	0.8944988852633539	0.8936048664257303	0.9776536312849162	0.9467639029902173	False
22.0	2048-10-01	FGA	north	0.005683837605149593	4.8943904207311194e-05	0.26888074568058373	0.021138879211164103	0.9771707740041431	0.6475757289451461	7	89.0	88.90987230821916	0.09901501752439688	0.06835535527789492	0.17567567567567569	0.10258419246116805	True
23.0	2048-10-01	FGA	north	0.04011749004963176	0.002948437358043892	0.7431410946176192	0.05398367865832273	-0.319487668973739	-1.033675915075793	25	2112.0	2111.9980347427177	0.9280316582871526	0.9353692030443389	1.0	0.9766035413127881	True
23.0	2049-04-01	FGA	north	0.2599188030900567	0.06785968686920622	5.081479879700116	0.051150217897821496	-0.9729318569686317	-1050.6342327300965	9	446.0	446.0394627891547	0.9751080915957139	0.9751480603129106	1.0	0.9882728539336014	False
24.0	2050-04-01	FGA	north	0.00665471042161032	6.556872968486954e-05	0.2469664532817509	0.02694580714579204	-0.14574109612970582	-1.592097337376578	6	96.0	95.8819323091667	0.2597754468741537	0.2161790876189896	0.4375	0.28800300737313184	True
25.0	2050-04-01	FGA	north	0.009595267062641957	0.00018561439833398192	0.19750921315689557	0.04858136442992032	0.9665151951611413	0.24890066133009559	10	403.0	403.04400437382446	0.758085172493181	0.7479916243339552	0.845360824742268	0.8101529602613593	True
24.0	2050-10-01	FGA	north	0.0036655099805496167	1.4898987583664122e-05	0.11213866395186144	0.032687298487193824	0.9972453611894279	0.9435018094265462	10	169.0	168.82279481984708	0.23914004074258283	0.20226756846355265	0.4375	0.27042860887834963	True
25.0	2050-10-01	FGA	north	0.0010698101469469854	1.539563540226744e-06	0.023131927630034712	0.04624820568597724	0.9991908077658517	0.9980397685333406	23	1003.0	1002.9406934971025	0.8117263088115368	0.808594674737611	0.9302325581395349	0.8926851677658734	True
24.0	2051-04-01	FGA	north	0.10531472781264586	0.024991381993816227	3.6827698893977776	0.028596608252889615	-0.7194262614773124	-96.5903626336023	8	132.0	131.8956483823585	0.1268598725171307	0.10016171347451239	0.26136363636363635	0.1620060605819711	False
25.0	2051-04-01	FGA	north	0.1661520924335832	0.02888873114176407	1.662299596314918	0.09995315694109459	-0.01794270214061458	-27.15885247890422	27	1010.0	1009.6930120578609	0.5956183071050026	0.6051095972277956	0.9302325581395349	0.8774519135755624	False
26.0	2051-04-01	FGA	north	0.17724521014640396	0.03197264884562541	3.1193673323318745	0.056820884257290975	-0.9745063220151579	-101.85519090025718	11	1218.0	1217.9955336992555	0.6258275959647349	0.6002637974665036	0.7763157894736842	0.880004799968259	False
24.0	2051-10-01	FGA	north	0.007893665992746938	6.934185878323658e-05	0.21310657713482617	0.037040930875412874	0.99814532283935	0.6986450658699794	7	101.0	100.77658247734088	0.06762377092659803	0.07126786698187226	0.10429447852760736	0.0834286391982114	True
25.0	2051-10-01	FGA	north	0.0015540926105268905	3.790441676362835e-06	0.027341589914264323	0.05683987710298106	0.9980427727494721	0.9948028498040467	19	636.0	635.8847435828485	0.3730401074391264	0.3928952277403421	0.8461538461538461	0.7550585449912877	True
26.0	2051-10-01	FGA	north	0.00209904770749945	5.818695655491608e-06	0.0383923421310687	0.054673603926883425	0.999015622764667	0.9957489250282187	21	2042.0	2041.9580543082286	0.7267502194758476	0.6951990089065501	0.9	0.8604981803761317	True
25.0	2052-04-01	FGA	north	0.25686682552800794	0.06598056605683607	5.14372959775861	0.04993785552800795			1	13.0	12.880723036088307	0.09285714285714286	0.09669468910160714	0.09285714285714286	0.09669468910160714	False
26.0	2052-04-01	FGA	north	0.09511819289362414	0.009235455770026173	1.8733162311267533	0.05077529960673693	-0.9895896088001639	-238.29046888566023	7	364.0	363.85886345815175	0.843443146489365	0.8704453279656139	0.9	0.8986884068397976	False
27.0	2053-04-01	FGA	north	0.01457765439535657	0.0003788223756088087	0.32766540444706493	0.04448945234226466	0.5946365955844776	-0.18760547314631237	15	1206.0	1206.0227909283915	0.9296553832157876	0.9028410271542291	1.0	0.9191209071535897	True
28.0	2053-04-01	FGA	north	0.03100465855116678	0.0011347574716672377	1.1525338348701852	0.026901300086048203	0.44147432907034856	-5.516085115561485	6	75.0	74.94081409239787	0.08589587698525375	0.08065867926577251	0.1032258064516129	0.08156498672793175	True
27.0	2053-10-01	FGA	north	0.005323363785523697	4.064550574360367e-05	0.09190941525842204	0.057919678528646656	0.9970942586631637	0.9679345535849443	25	1779.0	1778.9437066535493	0.8925570401784344	0.8911415274086241	1.0	0.9503393364635578	True
28.0	2053-10-01	FGA	north	0.0065650806227595	5.6079142040294955e-05	0.16221649757476186	0.040471103253439465	0.9980409249610249	0.8933358476334964	11	143.0	142.9230866522569	0.10953247092245463	0.10856797441625486	0.2054794520547945	0.14308103218331641	True
27.0	2054-04-01	FGA	north	0.009745148795669152	0.00015242006436926568	0.20653234704558776	0.04718461265303934	-0.4798297200996301	-2.864978750467167	8	342.0	341.82576377231055	0.8267895876806868	0.8224558545095825	0.8910891089108911	0.8946120310417057	False
28.0	2054-04-01	FGA	north	0.1929271082533089	0.03741771933249645	10.463686008470978	0.01843777690740365	0.4622837719030224	-744.8990792704433	4	49.0	48.99204457213822	0.2661637233521134	0.19858836324405754	0.4074074074074074	0.29401940013921524	False
29.0	2054-04-01	FGA	north	0.14962976992517918	0.02256624021393227	2.658041416348312	0.05629324246224294	-0.9937630755468023	-237.8880913363845	7	174.0	173.8775785854149	0.7153114568528103	0.6953452080265548	0.9107142857142857	0.8484430151667516	False
28.0	2054-10-01	FGA	north	0.0014047206793895489	2.3638060798805757e-06	0.10852692465515772	0.01294352239182141	1.0	0.42270410583793594	2	23.0	22.89716542987249	0.3751322751322751	0.35523618500169285	0.4074074074074074	0.3810632973689658	True
29.0	2054-10-01	FGA	north	0.0015151881612693486	3.0096954188270013e-06	0.030550154003457765	0.049596743803578036	0.9982845434920119	0.9950674975660663	30	1097.0	1096.7209380712761	0.9045234268536203	0.8915131249368502	1.0	0.9982582965791625	True
0.0	2025-10-01	FGA	south	0.013970156070356104	0.0002467453999425497	0.23315669977532313	0.059917455015524625	0.985142207446594	0.8398845636292767	23	3756.0	3755.897096372614	0.7838108569550907	0.7789221358626659	1.0	0.9055992459935424	True
1.0	2025-10-01	FGA	south	0.018921439668391993	0.00045055076344858053	0.513842054426807	0.03682345480558017	0.8504085284548019	-0.2430609004281148	19	793.0	792.9712147921913	0.21508463675531042	0.20817489034372502	0.5555555555555556	0.5541811490151456	True
2.0	2025-10-01	FGA	south	0.003878954265120663	2.104710718072083e-05	0.2803052877112291	0.013838319986017414	1.0	0.7677784957616214	2	23.0	22.715772366617628	0.030004815216082822	0.01946071069136518	0.03418803418803419	0.021097317023716585	True
0.0	2026-04-01	FGA	south	0.217242503476752	0.048227937569192615	3.6128382154987078	0.0601307034853661	0.7299537198017546	-28.53328209265972	24	3773.0	3773.1793471906713	0.7638008807724382	0.7502937158030619	1.0	0.8910815744545582	False
1.0	2026-04-01	FGA	south	0.16995554190245077	0.029192198369558265	4.701150771223348	0.036151901985952355	0.9335690256877471	-41.78380165119538	25	941.0	940.987177498699	0.349932915807279	0.3356154553117963	0.9230769230769231	0.7967787333998168	False
2.0	2026-04-01	FGA	south	0.2313262832979609	0.0535658101059939	19.172965709741568	0.012065232202466549	1.0	-521.7553321652952	2	23.0	22.74129285042006	0.030004815216082822	0.024850627849600397	0.03418803418803419	0.025807801710892635	False
2.0	2027-10-01	FGA	south	0.11468292377043351	0.013314441806621361	3.2292556978605673	0.035513732729933016	0.5071323319162	-62.106344214539284	13	348.0	347.9467685576118	0.13682255771184965	0.14214672288279692	0.18181818181818182	0.23037763415384635	False
3.0	2027-10-01	FGA	south	0.10488408616168526	0.011963841353479018	2.2307825982634846	0.047016722401963564	-0.879268062917508	-15.861684327690647	18	2406.0	2405.869335752207	0.8378174621111891	0.8323104352972428	0.89453125	0.9224982497757878	False
2.0	2028-04-01	FGA	south	0.07881999871742931	0.006281090935955319	2.24205467163285	0.035155252775359865	0.9592376199057054	-11.89036901537569	18	432.0	431.73030226506387	0.15745999726115015	0.15304875712774846	0.2727272727272727	0.2554762891388558	False
3.0	2028-04-01	FGA	south	0.1311156100675355	0.01738418507431803	2.227580334025946	0.058860103972352765	0.9358488934360776	-10.230090085406088	27	2852.0	2851.951231621769	0.808590678315135	0.7904915001188767	0.9014084507042254	0.8812598489479357	False
2.0	2028-10-01	FGA	south	0.048781957822142896	0.0030006857366854708	1.6821882934515744	0.0289991067064498	-0.9869441966552753	-4.341371820098278	3	41.0	40.3760291396726	0.24019179133103183	0.25722826122269393	0.2727272727272727	0.31229523136739457	False
3.0	2028-10-01	FGA	south	0.10201285403242073	0.010446741049028525	1.7612919132180838	0.05791933368162207	-0.8071351880691072	-563.9968780445811	7	239.0	238.98711675113907	0.729923507537423	0.6533401017769664	0.9014084507042254	0.8163366639862311	False
5.0	2028-10-01	FGA	south	0.20598010730285307	0.04523485559519948	2.036128219241661	0.10116264062170341	0.7431142604824296	-18.92665237088517	25	4757.0	4756.991365559927	0.9248098662581796	0.9010268748697742	1.0	0.992307208957966	False
5.0	2029-04-01	FGA	south	0.08054368013194622	0.00736949749281182	0.7720710825990978	0.10432158637622356	0.9073623266608233	-2.210001037819215	26	4768.0	4767.997065969234	0.9115074624952132	0.8449056603270271	1.0	0.9489948126509493	False
6.0	2029-04-01	FGA	south	0.15440574285579356	0.023894425393992006	12.006269544457933	0.012860426153523008	0.5918527888872575	-521.7206637496181	9	109.0	108.78758985960926	0.9245852187028658	0.8357917587919909	1.0	0.9927472514840744	False
6.0	2029-10-01	FGA	south	0.038885978383837394	0.0018605088073852302	0.6799046742208584	0.05719327996737051	-0.03401659345224785	-0.8708229406494095	35	4095.0	4095.0660456617525	0.9805334161636683	0.9548587514593939	1.0	1.0	False
6.0	2030-04-01	FGA	south	0.035999300189940964	0.0021409726952840522	0.5837310140542076	0.06167104252335979	0.8216733706874744	-0.42627964038118593	26	3980.0	3979.9923055005374	0.9966949716949718	0.9746470923006834	1.0	1.0	True
8.0	2030-10-01	FGA	south	0.0029559713923520406	1.1386592324319754e-05	0.06844623943848269	0.0431867611223371	0.9956415786569581	0.9807441168247719	20	2251.0	2250.981744643129	0.9823416938894572	0.964963318941928	1.0	0.9960781836121337	True
8.0	2031-04-01	FGA	south	0.002516225578022512	8.52009151920242e-06	0.050058565704144825	0.050265634714623274	0.9991505844142433	0.9930922342396676	27	2514.0	2513.96819867902	0.9732680452915459	0.9621545019048717	1.0	0.9925694846357999	True
8.0	2031-10-01	FGA	south	0.36654193654646966	0.13439353781615726	6.125891821760748	0.05983486930742364	0.18907662239600814	-4901.719981442072	4	78.0	78.05213803714682	0.9232371794871794	0.8904081553406321	1.0	0.9812262863652994	False
9.0	2031-10-01	FGA	south	0.04646315725271488	0.002190178024326526	2.0588776145281034	0.022567226397944142	-0.9706821210408696	-251.18713067357083	6	96.0	95.93604374816596	0.35126222664476797	0.33758515609872974	0.4	0.3716899372846899	False
10.0	2031-10-01	FGA	south	0.019264916512895032	0.0007448287154313456	0.7334076519097401	0.02626767864056312	0.8570553789053723	-2.6183322940156035	7	92.0	91.69944462282473	0.3543327260590557	0.3298607891238617	0.5	0.456302295031866	False
11.0	2031-10-01	FGA	south	0.060658093507536	0.003822679441184132	1.6565397324615174	0.03661734899494488	-0.8794305333230374	-53.008488562463135	7	111.0	110.98226977324882	0.36106046117372687	0.36141446881284206	0.46	0.42706864223426305	False
9.0	2032-04-01	FGA	south	0.002921606602118274	1.107628937887171e-05	0.13208762440067728	0.022118700486699745	0.9922244610996811	0.9339333195001669	11	173.0	172.67886488602363	0.357078232031902	0.33507904739249206	0.44	0.35007638849195527	True
10.0	2032-04-01	FGA	south	0.0031146293544601533	1.286256165101247e-05	0.14804466895304605	0.021038443170473035	0.9928987657676632	0.919662484310451	11	152.0	151.27044539883522	0.34330798239074545	0.30745703680657904	0.5	0.44187905271157996	True
11.0	2032-04-01	FGA	south	0.0013613620995938899	3.1334337588604036e-06	0.04450048062361222	0.030592076321790174	0.9943354409404654	0.9874969971988785	15	237.0	236.98363539314272	0.4061882395453227	0.4095826589460521	0.6111111111111112	0.538403018368812	True
9.0	2032-10-01	FGA	south	0.22718294511081819	0.051750517993101486	9.680487781841832	0.023468129936278257	-0.991466474282511	-827.0301538014276	3	38.0	38.04004601584506	0.35706542779713507	0.35138604125647216	0.3902439024390244	0.36109890235903797	False
10.0	2032-10-01	FGA	south	0.18319758175419326	0.03365306342973638	6.670014121720958	0.02746584616029654	0.8712096960491235	-90.38567139362947	4	51.0	51.18010238853039	0.1553156552422877	0.11407356633319532	0.34285714285714286	0.2399346159812975	False
11.0	2032-10-01	FGA	south	0.062170555596710295	0.007608448346475068	1.447704457407387	0.04294423166179102	0.7070163844616932	-17.452568470476983	21	1213.0	1212.9505179774715	0.7601533364124942	0.760003996198839	0.9354838709677419	0.8965505645530567	False
10.0	2033-04-01	FGA	south	0.006704270144317039	4.653333562997693e-05	0.22179264545485744	0.030227648579454782	0.9986157968313287	0.8672756748644947	4	50.0	49.60699761407435	0.10313795489385562	0.09750222307667578	0.13414634146341464	0.11431609524413244	True
11.0	2033-04-01	FGA	south	0.0025974629252436985	8.994359131007262e-06	0.061680301199954664	0.042111709487657425	0.9975998211298791	0.9895631732366448	23	1529.0	1529.0590839280446	0.8755770605303251	0.8879168300449243	0.9636363636363636	0.9284493043963319	True
11.0	2033-10-01	FGA	south	0.2797961601906601	0.07830014891588459	6.532758592919616	0.04282971063616386	0.2988844960549477	-5191.313480804686	5	152.0	152.07189984648673	0.848917748917749	0.8462731092346407	0.9636363636363636	0.8791585597778311	False
11.0	2034-10-01	FGA	south	0.004467314085572401	2.313807492152822e-05	0.1854995352032798	0.024082616059802473	0.9698127264166947	0.5546104974671069	6	96.0	95.71686066066843	0.209912279391435	0.1989696152747167	0.2537313432835821	0.20925662357936883	True
12.0	2034-10-01	FGA	south	0.0037531060221473243	3.473533699013885e-05	0.11165779809270997	0.03361257418878262	0.9651343821722074	0.7981687304906366	11	327.0	327.14243331523363	0.4972720199657256	0.4895872316200423	0.625	0.5162254781043415	True
13.0	2034-10-01	FGA	south	0.0030558707689688973	1.1411896239605652e-05	0.11267612157682574	0.027120837371787943	0.9549563368001268	0.7858053677207967	8	131.0	131.01455559890135	0.2322297237209645	0.2234525041811945	0.30434782608695654	0.24757572264317737	True
11.0	2035-04-01	FGA	south	0.14414556006447088	0.020807697496892128	5.783498649871186	0.024923591893236008	0.9865129435986795	-78.29499966146965	9	133.0	132.69649593470874	0.19671542965458502	0.17297004786585324	0.2537313432835821	0.18763135300704006	False
12.0	2035-04-01	FGA	south	0.18587482551817175	0.034590650047038124	5.488269223619155	0.03386765808030085	0.9822646714414345	-71.50585517505336	18	512.0	512.0903420038795	0.47455803510031813	0.47286555873841646	0.625	0.48595332436464006	False
13.0	2035-04-01	FGA	south	0.20682182849355052	0.042793954592774235	7.826455184868536	0.026425990261007875	0.9981946223795818	-159.04864579412	13	237.0	237.04432976084507	0.25842745702781283	0.25247071991183273	0.36619718309859156	0.26151593901401327	False
14.0	2035-04-01	FGA	south	0.08359364710721535	0.006987897836685654	112.78105889894769	0.0007412028927846441			1	11.0	10.861015945978172	0.14864864864864866	0.09052417223010643	0.14864864864864866	0.09052417223010643	False
11.0	2035-10-01	FGA	south	0.18299643391887235	0.03357187348846264	7.7645911113148545	0.023568070912607757	-0.9844422987819279	-3257.7603155243096	3	37.0	37.100158253744524	0.17032173018088512	0.15850790794662611	0.19444444444444445	0.15980236946349302	False
12.0	2035-10-01	FGA	south	0.1574077821095214	0.024843402888343167	6.171455715143454	0.025505778437861233	0.9647718002951506	-77.40062594394564	6	133.0	132.6045874230448	0.383449623134793	0.3648298740817613	0.5	0.4556738068015232	False
13.0	2035-10-01	FGA	south	0.13351441943572018	0.018104975551160286	4.012479176615913	0.03327479435004196	-0.9963932297560232	-171.14174706868567	4	76.0	76.04546713387217	0.30008372305907516	0.29755572428585286	0.36619718309859156	0.3037173363862855	False
14.0	2035-10-01	FGA	south	0.038270449038191046	0.0018626563515053698	0.8118566810357459	0.047139415037351896	-0.9697231112897278	-14.200574500911223	11	623.0	622.992289726783	0.8795263743793985	0.8634420104553123	0.9615384615384616	0.9639226925001944	False
12.0	2036-04-01	FGA	south	0.15872361177836614	0.02519318493596949	7.504712803039507	0.021149858221633875			1	11.0	10.768651709125901	0.12941176470588237	0.10051085470585526	0.12941176470588237	0.10051085470585526	False
14.0	2036-04-01	FGA	south	0.21233628944812963	0.0451670525798154	4.958991266373011	0.042818443921848574	0.9854576926555567	-49.3246394032777	24	1373.0	1372.9266081704639	0.9255627870060009	0.8963018743676159	1.0	0.9853399594417857	False
14.0	2036-10-01	FGA	south	0.2333910074702405	0.05744456932568653	4.06373158006608	0.05743268295945013	-0.4897328957515346	-87.03910343539582	16	601.0	600.807764437935	0.694722243759148	0.7136514283538887	1.0	0.9527348825642057	False
15.0	2036-10-01	FGA	south	0.024008549680651806	0.001012280019127993	0.34181250550077286	0.07023894472637286	-0.8722652641119479	-0.4100769669325284	12	2395.0	2394.5784788999376	0.9037412931300192	0.8158312482631521	0.9877675840978594	1.0	False
14.0	2037-04-01	FGA	south	0.2687526591673363	0.07223707660466983	6.819867463180798	0.03940731408906143	0.9784721761513783	-340.2183625331029	6	71.0	70.56680332851442	0.08703074310397964	0.18171973217055729	0.25	0.3169389421557305	False
15.0	2037-04-01	FGA	south	0.2067914902615702	0.04375682772162809	3.1342021257567745	0.06597898985587568	0.9697833716002224	-18.252200597730155	21	3382.0	3381.6740812303515	0.943694472852103	0.893058987149143	1.0	0.9997667233985177	False
15.0	2037-10-01	FGA	south	0.2637703546449019	0.06963157306653679	4.409646365972625	0.05981666844768009	-0.9680190136338942	-2279.883760573397	6	346.0	345.7257029226723	0.9974358974358974	0.9977224769182916	1.0	0.9989626221277902	False
16.0	2039-04-01	FGA	south	0.04157277548265263	0.0021036842375660903	1.165999036267119	0.03565421084372896	0.14697123994328679	-4.489123189874738	18	365.0	365.0000993585178	0.9715593104849641	0.9568261749587956	1.0	0.9913976969726302	False
16.0	2039-10-01	FGA	south	0.13561027591796468	0.031025178840125307	3.8176825521100985	0.03552162183914704	-0.24020846987034494	-66.04478609089345	28	1649.0	1648.9832776454127	0.9224690967611956	0.9195487674812304	1.0	0.970576812224798	False
18.0	2039-10-01	FGA	south	0.1507483246688781	0.023130389938214795	4.366547700408243	0.03452345766308339	-0.9934689144888752	-94.06708553963837	7	102.0	101.9990247168036	0.10954796344889942	0.10434925856124341	0.14728682170542637	0.13106368082438993	False
16.0	2040-04-01	FGA	south	0.23460050607807137	0.055693065992522314	5.113344170459228	0.04588005388594877	0.595706911621507	-66.36672198373728	26	1717.0	1716.8264412766598	0.8637502009536142	0.8734311402627053	1.0	0.8954884464510211	False
18.0	2040-04-01	FGA	south	0.1774901309436261	0.03169650711527391	5.7375622066713605	0.030934763676679466	0.9753082391720267	-93.7035997778583	8	113.0	112.86172627479728	0.11443554909886808	0.11062194028868477	0.14864864864864866	0.1315323250663752	False
16.0	2040-10-01	FGA	south	0.07331125520070633	0.0053985221976784875	1.6494793283719646	0.04444508878632902	-0.9649307149569835	-2129.0628488276943	4	68.0	68.01745353867155	0.7385531135531136	0.7817802128906868	0.8	0.7904344828887585	False
17.0	2042-04-01	FGA	south	0.09375958752737384	0.008799440113374938	2.701580648050237	0.03470545570980502	0.9886901534213479	-32.17794862146143	15	219.0	218.3708861066276	0.74208989668742	0.742411726386217	0.9473684210526315	0.7860391220606081	False
17.0	2042-10-01	FGA	south	0.2607549211505571	0.0680110121641336	11.117571623141348	0.02345430548950032	0.16106035675811545	-3706.071430485548	4	58.0	55.2564742921099	0.727125718708536	0.7357365018474005	0.9473684210526315	0.7723925638627527	False
18.0	2042-10-01	FGA	south	0.0783952760487657	0.010045452550585324	4.915609042262372	0.015948232533294564	1.0	-142.2284459165843	2	23.0	22.508619270918103	0.07804691369141417	0.04627642314937479	0.09022556390977443	0.05821541066115636	False
19.0	2042-10-01	FGA	south	0.14082712498774624	0.02045126601022245	2.36886840509256	0.05944911278524297	-0.6111629680852835	-44.010749222675365	13	1340.0	1339.975522634535	0.8454543405315644	0.8354186093085474	0.9344262295081968	0.9137942781214416	False
18.0	2043-04-01	FGA	south	0.24463914428318678	0.059855550932406965	8.599863496886096	0.028446863647518077	1.0	-1416.245374509959	2	23.0	22.40094777186708	0.07804691369141417	0.08100176558706502	0.09022556390977443	0.08460540383157561	False
19.0	2043-04-01	FGA	south	0.17275594345418352	0.03011660482593238	3.2037275073826645	0.053923419846439814	0.9917102481177468	-21.17746043187747	24	2026.0	2025.8886970210333	0.8858913983840816	0.8744471978557034	1.0	0.9386054804399221	False
19.0	2043-10-01	FGA	south	0.003171630944930011	2.074078017002673e-05	0.06541759262442133	0.0484828441049357	0.9956312162232348	0.5953260452429148	9	415.0	414.789456848467	0.9338748374696405	0.930712265737482	1.0	0.9514757643894354	True
20.0	2043-10-01	FGA	south	0.010727271143984108	0.00017245648264984986	0.2386130112756168	0.0449567736756537	0.997668806809802	0.36874785907113317	6	91.0	90.5474813798874	0.903792825531956	0.8956591824741594	0.9545454545454546	0.96402279178702	True
20.0	2044-04-01	FGA	south	0.29460160670840885	0.08808587564512255	7.6964066860917715	0.03827781180544752	0.8897565669308476	-282.81206398110737	15	252.0	251.29479521545483	0.9229834416790937	0.9138910582290146	1.0	0.9848019914183065	False
20.0	2044-10-01	FGA	south	0.16156996459887701	0.03468721802881119	2.100408112924787	0.07692312917887811	0.3019489774527323	-43.07346747300586	19	479.0	478.827615067874	0.48106611076241595	0.4565858629541957	1.0	0.9296282975730801	False
21.0	2044-10-01	FGA	south	0.03184376561053572	0.0014952119653557226	0.5650333299355924	0.05635732252142641	-0.17900422755738948	-2.3788227915228846	15	1557.0	1557.1422477929927	0.7482830706677507	0.7339421563791616	0.9067357512953368	0.916104981542458	False
20.0	2045-04-01	FGA	south	0.2593811020579775	0.06757571620846081	5.107312367698348	0.0507862224559548	0.9948086819349125	-83.91604062364657	16	419.0	418.75348470019804	0.2213072448484435	0.20743461452090747	0.5238095238095238	0.45841341452053036	False
21.0	2045-04-01	FGA	south	0.10285912642114664	0.011158500063757045	1.922233582319552	0.053510211957189364	0.985050303483746	-6.0950710373594825	25	2138.0	2138.021702284176	0.8219024041866425	0.8214830296498274	1.0	0.9682980469007081	False
21.0	2045-10-01	FGA	south	0.2722470891915821	0.0742969870916546	5.066001693930437	0.053740031219839626	-0.9628699221030488	-2263.4426245857685	7	210.0	210.01479073919882	0.9451069642162694	0.9182502441484319	1.0	0.9242746390458401	False
22.0	2046-10-01	FGA	south	0.14944581053367706	0.022547974730872646	4.044795048341409	0.03694768430725759	-0.942475186156177	-241.62368100915683	11	340.0	339.92858776009314	0.966848420129151	0.9691354513552501	1.0	1.0	False
22.0	2047-04-01	FGA	south	0.0012937234486223752	3.0613585534033193e-06	0.03283950682657923	0.039395337312900125	0.9988666646864612	0.9949831087959051	22	674.0	673.9999907153729	0.9724884612756213	0.9828819954525865	1.0	1.0	True
22.0	2047-10-01	FGA	south	0.19083150545656777	0.036629458632859165	5.669721977630377	0.033658000552669876	0.7669714708300751	-75.73208115522583	20	474.0	473.9150048658133	0.84107203607575	0.8257282117292055	1.0	0.9854834554711863	False
23.0	2047-10-01	FGA	south	0.1469494184912162	0.02162229292503892	4.61555293502408	0.031837879569341254	-0.9278516440133844	-1874.622436569443	3	69.0	68.99999798897929	0.5021995977878331	0.41018635927520414	0.5384615384615384	0.44969158692001304	False
22.0	2048-04-01	FGA	south	0.0011880093331900626	2.1047971766540916e-06	0.0394361228268885	0.03012490194345498	0.9975633672716432	0.9936608464702271	18	363.0	362.93101866894426	0.6104257630962693	0.5990089065739749	1.0	0.8311985479027836	True
23.0	2048-04-01	FGA	south	0.0016888346379798063	3.797248575690133e-06	0.05829970735607884	0.02896814949112628	0.9959883110916087	0.9860429093568699	16	369.0	368.8574767733993	0.6506278402720778	0.5960170479304683	1.0	0.7947995922753679	True
22.0	2048-10-01	FGA	south	0.2723329671123456	0.07418973084525513	10.558346980892683	0.025793144287186567	0.6735786950294069	-2481.4568917346987	5	75.0	74.99998954247502	0.36372379940024024	0.3838056192783429	0.4230769230769231	0.43902892696380447	False
23.0	2048-10-01	FGA	south	0.06477883441360739	0.00630921101591779	1.7729121191538715	0.03653809667933418	0.17938388810228625	-12.643083764040263	33	2000.0	1999.8739161945584	0.8993672289387828	0.8823179473576878	1.0	0.9841188419526273	False
23.0	2049-04-01	FGA	south	0.22756512088041678	0.0520371394862541	4.4911915579164114	0.05066920837061569	0.9438715712938058	-59.752427713400834	28	1988.0	1988.028279051554	0.9817785595756375	0.9814358158755904	1.0	0.9856754448924108	False
24.0	2050-10-01	FGA	south	0.007339376571165566	6.268003095773288e-05	0.201210632665091	0.036476087142878456	0.9734037856879431	0.3637314689249357	7	127.0	126.69677032588024	0.15525358902921127	0.13619858402747437	0.23214285714285715	0.1552454545851585	True
25.0	2050-10-01	FGA	south	0.0035798478333943654	2.4935764540612894e-05	0.09239597228100481	0.038744630799564916	0.9954432313487398	0.9073890468616302	16	1053.0	1052.865333973221	0.8670508252135226	0.86343583199802	0.9333333333333333	0.9267735287929595	True
24.0	2051-04-01	FGA	south	0.003314592656988273	1.3788321797974834e-05	0.08490055793640901	0.039040881915887074	0.9979854807368649	0.9685811903213323	12	209.0	208.9601663936196	0.17383585496586962	0.15465947021821705	0.2465753424657534	0.17590494712633625	True
25.0	2051-04-01	FGA	south	0.0013127684859397123	2.6278740713237033e-06	0.02717337901699495	0.04831082969544097	0.9995741809846794	0.9973865601640324	26	1521.0	1520.8496008638813	0.8410714653067752	0.8304486503948051	0.9333333333333333	0.8626099529623873	True
24.0	2051-10-01	FGA	south	0.2863215449312298	0.08208132529312409	7.66548603092467	0.037352040532867746	-0.9822815428130743	-2417.347284339343	3	44.0	43.845987525663375	0.21872010756763585	0.17808727602881602	0.2465753424657534	0.18325689471118384	False
25.0	2051-10-01	FGA	south	0.17712751385952363	0.03169287025059892	3.6313285606336163	0.04877760601993485	-0.9957744332638924	-375.91495373664065	9	298.0	298.01242701014985	0.8052478463704169	0.8035756567198412	0.8928571428571429	0.8288559703508128	False
26.0	2051-10-01	FGA	south	0.09541571202996434	0.016310119638533075	2.4590563876581304	0.03880175847485669	-0.7822605031837874	-36.43401878792808	19	1576.0	1576.000000442014	0.9440115716981305	0.958343587640037	0.9895833333333334	0.9914432638448567	False
26.0	2052-04-01	FGA	south	0.19369435949477595	0.037722268801967954	3.1277857150368726	0.06192699153384699	0.9718736960904245	-30.901093743912224	28	1895.0	1894.9775879234332	0.9427454389865753	0.948919101425343	1.0	0.973435744395665	False
26.0	2052-10-01	FGA	south	0.271004782255828	0.07348258687514819	5.073964254576797	0.05341085759746481	-0.7742209931328624	-2186.2965322755063	7	173.0	172.94266416947966	0.935440314948646	0.9013647652826224	1.0	0.9282746324196467	False
27.0	2053-10-01	FGA	south	0.09846008766666878	0.014037912504533873	2.792078856388661	0.035264078391403074	0.93061486407065	-23.688304592471734	18	986.0	985.8716531232208	0.4852677867238918	0.47929586228436133	0.7272727272727273	0.668087159454905	False
28.0	2053-10-01	FGA	south	0.04523456236465128	0.0041997638406849076	0.8890444950494568	0.05087997576784379	-0.548777445594522	-5.229061357532618	16	1271.0	1270.9353374312059	0.54258237484204	0.5393689100687011	0.6583333333333333	0.6572530775841909	False
27.0	2054-04-01	FGA	south	0.18784378311154828	0.03560615414409349	3.5527153021181284	0.052873300317522166	0.9671500454768995	-34.27815379332526	22	1062.0	1061.927398843102	0.45128757520620666	0.44379611362442933	0.7272727272727273	0.6500897829258484	False
28.0	2054-04-01	FGA	south	0.2704600281865723	0.07334440959854746	5.417785319242858	0.04992077246507977	0.9164801584316713	-59.01803366806385	22	1491.0	1491.0084982510118	0.5923364203434496	0.5774418640862721	0.8	0.7128997200126257	False
27.0	2054-10-01	FGA	south	0.29692004784912723	0.08816441963335757	5.016317945879871	0.059190835001398004	1.0	-4008.967240458951	2	23.0	23.18616987398785	0.2515151515151515	0.25679105379809075	0.30303030303030304	0.2614115621608559	False
28.0	2054-10-01	FGA	south	0.16633691990209915	0.027819044895008506	3.095514922328118	0.053734814425316406	-0.9994487515957757	-559.9442561509619	4	120.0	120.04301803977341	0.7601398601398601	0.7406942457691069	0.8	0.7478294545646743	False
29.0	2054-10-01	FGA	south	0.023612793194273254	0.0007019994696363369	0.6103536971650689	0.03868706506399227		-2.3005596096985728	15	911.0	910.9160612824924	0.9951578947368421	0.967160703363931	1.0	0.999565962982699	False
0.0	2025-04-01	FGA	tropics	0.10003416533974566	0.01005466273608747	2.9966919474488836	0.033381531066249845	0.24818047489694456	-612.9132735129492	5	88.0	88.11887736452277	0.25816288396475584	0.24394154895023173	0.31746031746031744	0.31603720897543847	False
1.0	2025-04-01	FGA	tropics	0.3586789488819111	0.1287879084239583	24.168218539957444	0.014840934522704075	0.13004771839858636	-12411.81151583994	11	437.0	437.0489792754485	0.8020117453958673	0.7969203061885369	0.90625	0.8474016349759661	False
0.0	2025-10-01	FGA	tropics	0.19609270067804113	0.03893570475031663	7.402832678584255	0.026488873812496143	-0.7241269451102634	-249.69718892068246	31	1808.0	1807.847155434237	0.5389484130286614	0.536311187449969	0.890625	0.855847760982791	False
1.0	2025-10-01	FGA	tropics	0.2491447452795108	0.06561176944052179	8.085021668049373	0.030815594009362814	0.7870115567057281	-340.91311250494215	35	1664.0	1664.0101143365894	0.5445218866052361	0.5414897163046108	0.90625	0.8580550219133241	False
0.0	2026-04-01	FGA	tropics	0.23764568044747258	0.05671190440549784	9.00556320136756	0.026388763826718176	0.7363502646366695	-274.0603696828307	33	1874.0	1874.0621850391847	0.6497517740229352	0.6437271951199899	0.890625	0.7671562699038481	False
1.0	2026-04-01	FGA	tropics	0.03788552954307969	0.001526722549810696	1.6107149191463084	0.023520940355577835	0.42387868421951747	-20.388964255476935	23	1107.0	1106.9261231345615	0.39654082404371016	0.39233923845856566	0.7	0.6506237716525102	False
0.0	2026-10-01	FGA	tropics	0.26311550965903546	0.0692554976471866	11.015416739091146	0.023886114878005467	-0.5659184365212879	-29703.087002867775	6	139.0	139.04611964681567	0.7559540742449288	0.7155586134714831	0.8275862068965517	0.7843333471712151	False
1.0	2026-10-01	FGA	tropics	0.12685437582096032	0.01609203266492544	7.337859405746567	0.01728765417903969			1	12.0	11.961835119842068	0.21428571428571427	0.19338094228299754	0.21428571428571427	0.19338094228299754	False
2.0	2026-10-01	FGA	tropics	0.12078563614716681	0.02094692200709546	9.874964368704918	0.012231500959127775	0.5448637497635749	-6094.298564141695	16	264.0	264.0000756920497	0.949343487394958	0.9550887728820674	1.0	0.9713095219814293	False
2.0	2027-04-01	FGA	tropics	0.09493466757656169	0.014032717433687931	7.714755778075309	0.0123055959653782	0.7385486827652694	-2464.538292226106	42	1406.0	1406.0773821654795	0.9546231396614671	0.9542270494085558	1.0	0.9720835405415881	False
2.0	2027-10-01	FGA	tropics	0.2030805121603415	0.04315576376474876	8.47944386164615	0.023949744284398937	0.851824253752125	-506.69754084535657	48	1973.0	1972.911644232991	0.809415476843471	0.8067684857580751	1.0	0.973838425051821	False
3.0	2027-10-01	FGA	tropics	0.07008784908661958	0.005084515234633833	4.697131054743973	0.01492141655614075	-0.025431321685794282	-1014.7922676587871	21	408.0	407.8747916069285	0.4381661942404729	0.4324718746382875	0.8823529411764706	0.8189635576797112	False
2.0	2028-04-01	FGA	tropics	0.25648572640139505	0.06592375692926704	16.2271263794256	0.015805985631972014	0.19997589430602078	-15494.462247294237	25	777.0	776.7054473759704	0.5955702477391521	0.5808831799909627	0.8723404255319149	0.8967447952749356	False
3.0	2028-04-01	FGA	tropics	0.07538283253421414	0.006721216173334157	2.1229667253972058	0.03550824967363069	0.09278662763914491	-156.32421055303044	47	1166.0	1165.9348021175572	0.5738055438937326	0.5711324152547104	0.8823529411764706	0.77945358500474	False
5.0	2028-04-01	FGA	tropics	0.18662447655798453	0.03486767462128411	6.341155047822857	0.02943067550793594	0.5942872884311625	-6493.662239441511	8	167.0	166.92310313068512	0.3259951504637282	0.3030067582629356	0.45569620253164556	0.4331178196332532	False
2.0	2028-10-01	FGA	tropics	0.012961866881068583	0.00016866679243161356	0.8382674733033533	0.015462686187727013	1.0	-54.43431382430986	2	26.0	25.71314047915977	0.30537098560354375	0.2346492044506249	0.3488372093023256	0.27856277412274694	True
3.0	2028-10-01	FGA	tropics	0.033347661157469455	0.002867221670136853	2.03398084985456	0.01639526800847411	-0.5449033103338603	-68.69412570472073	51	1653.0	1653.0008618415525	0.4597498669592223	0.45898535821639824	0.8518518518518519	0.7720907778981568	True
4.0	2028-10-01	FGA	tropics	0.05742287054853996	0.005589519710448862	2.31322357882508	0.024823744265007823	0.2877271666610083	-37.41024861704631	26	525.0	524.881924689344	0.1464192671416092	0.1397621875748467	0.30434782608695654	0.19653468981901653	True
5.0	2028-10-01	FGA	tropics	0.04677991477937237	0.004428177794091584	1.2673107661259368	0.03691274155460279	0.10007769718483317	-10.178883961668019	35	2431.0	2430.981468856449	0.5197296489904489	0.5138430056001969	0.695364238410596	0.6616894087999218	True
3.0	2029-04-01	FGA	tropics	0.006897387466539176	6.691801057869135e-05	0.2224742313141405	0.031003084832777108	0.7793840514382708	0.275571945763152	29	909.0	909.0180970006819	0.2641859398410892	0.2544900451285354	0.43478260869565216	0.30846288300392255	True
4.0	2029-04-01	FGA	tropics	0.006441904476025413	5.373386623113874e-05	0.2748953852861305	0.023434021889164214	0.8399359700298455	0.20803227023733106	25	506.0	505.58836266957223	0.15340564049005698	0.14800907259248816	0.3157894736842105	0.23094063205453683	True
5.0	2029-04-01	FGA	tropics	0.007594752780479193	8.408023210497524e-05	0.1872908676750954	0.040550577157100164	0.8825650382075839	0.6785032438373384	30	2233.0	2233.0173819170486	0.5496946592939213	0.5499545578700274	0.695364238410596	0.6438582823912574	True
6.0	2029-04-01	FGA	tropics	0.0030187207125419993	9.927798390636751e-06	0.14414971439107285	0.02094156568602225	0.5634956555643362	-7.9064118071665614	4	50.0	49.88054852542671	0.7480894922071393	0.7145324619524581	0.9230769230769231	0.7863513007420299	True
3.0	2029-10-01	FGA	tropics	0.3225474535427344	0.10406113006875907	17.50346514217142	0.018427634238298043	-1.0	-163692.36858588413	2	24.0	23.967499970405207	0.3923913043478261	0.2964142158614209	0.43478260869565216	0.3003208697079092	False
4.0	2029-10-01	FGA	tropics	0.03936956498285803	0.001549962646939481	2.1181495543389253	0.018586773017141973			1	12.0	11.985393757687842	0.3157894736842105	0.25420101729593214	0.3157894736842105	0.25420101729593214	False
5.0	2029-10-01	FGA	tropics	0.21098719986096218	0.04454547219604316	8.757382436109067	0.024092495834258036	0.8396556442533993	-759.3052494182715	3	38.0	37.842641594965	0.3385448916408669	0.34069741844847284	0.35	0.35917267831999794	False
6.0	2029-10-01	FGA	tropics	0.01129464011658366	0.00015492094261037025	0.6091751822455613	0.01854087370228871		-1.7799352111025595	30	1428.0	1427.8035605241078	0.8229831359134764	0.797147095193622	0.9545454545454546	0.8683561935127337	False
7.0	2029-10-01	FGA	tropics	0.18138041694496826	0.0368647474660038	16.195382767809598	0.011199514055665613	0.8534257797886174	-912.7494480294033	10	121.0	120.45186847992429	0.15327314360486588	0.12633696233203753	0.1875	0.13566371347287615	False
6.0	2030-04-01	FGA	tropics	0.11901868989048464	0.03490826826341999	6.598080081049103	0.018038382139727003	-0.9040722525623109	-267.9552740276221	43	1993.0	1992.7268531482723	0.7146860959567418	0.7127101631534299	0.9545454545454546	0.881083708911122	False
7.0	2030-04-01	FGA	tropics	0.19858648285885253	0.042998413602303595	7.681629428530178	0.025852130033933513	0.5808340077771084	-752.2268009187378	34	516.0	515.8959707571404	0.2154609057285965	0.2009164690555692	0.3673469387755102	0.2695327509017383	False
8.0	2030-04-01	FGA	tropics	0.14607823105022275	0.024464464594903573	5.459114421748541	0.026758594849791453	-0.7302963358123555	-2197.1784034285683	13	679.0	679.0638470081549	0.5844672497007227	0.5524949443473623	0.8378378378378378	0.847263185922236	False
6.0	2030-10-01	FGA	tropics	0.003451825975669725	1.6514925446663792e-05	0.18757325114174506	0.018402549162307023	0.12182633836034383	-0.21497325136816436	16	508.0	507.614844527207	0.5118527398959337	0.4800846053708277	0.8260869565217391	0.7850103994936845	True
7.0	2030-10-01	FGA	tropics	0.004919844422949641	4.148746943226831e-05	0.3676449691517096	0.013382052892771818	0.26733460785962304	-0.7675416774922343	24	398.0	397.7321089636014	0.23578212030918344	0.22687469735031604	0.3673469387755102	0.27982706067359076	True
8.0	2030-10-01	FGA	tropics	0.009663537382953238	0.0008605402954887263	0.053831734962641375	0.1795137643187541	0.6181173101277612	0.3039239263463266	38	2409.0	2409.068564298114	0.6064644431040169	0.5965300052897566	0.9051094890510949	0.8249034111721819	True
9.0	2030-10-01	FGA	tropics	0.003166835041973506	1.6515216588977344e-05	0.21042939479463246	0.01504939481037886	0.5413296870400055	-0.24408737126920865	16	351.0	350.7676614835754	0.27976353280154	0.2662667197237405	0.4788732394366197	0.47424197100643345	True
10.0	2030-10-01	FGA	tropics	0.0038280438409447463	2.1930569984003096e-05	0.24939772114553174	0.015349153245514049	0.6315860442353118	-0.5039659379911523	14	293.0	293.00208496071	0.2841643569975832	0.27064421835598684	0.4745762711864407	0.43651905481173664	True
8.0	2031-04-01	FGA	tropics	0.10916617943387713	0.012007411565165105	6.00640048968171	0.018174975115530807	-0.4781356451593741	-298.8192642074279	23	1488.0	1488.2613826448146	0.5982760502317308	0.5861327125949087	0.9051094890510949	0.9042999490793944	False
9.0	2031-04-01	FGA	tropics	0.01433711722379943	0.00025105277562702515	0.6120514155460766	0.023424694167250237	0.756399940018866	-1.62834356604384	39	961.0	960.4392434736847	0.3715762205160671	0.36500051853576687	0.5698924731182796	0.46351950048917556	False
10.0	2031-04-01	FGA	tropics	0.18262955587930335	0.04228228736694626	10.933920817841878	0.016703025284515505	0.8773336500571496	-623.8290492297442	40	1027.0	1027.0012334804178	0.44258696739255204	0.434109879226507	0.6666666666666666	0.5921905379858649	False
9.0	2031-10-01	FGA	tropics	0.09139657149937686	0.00903845871696279	4.297940486334609	0.021265201737896127	-0.785074051695466	-247.4215181327509	20	478.0	477.8573950544359	0.42445973855074326	0.4264890523159791	0.5443037974683544	0.46033073462795315	False
10.0	2031-10-01	FGA	tropics	0.23487492026873866	0.05582384088772805	15.37517640342799	0.015276242308112436	-0.8790036392480156	-1660.0142544351593	25	666.0	665.8574959705586	0.5553618592387211	0.555386249191672	0.6842105263157895	0.656070259077664	False
11.0	2032-10-01	FGA	tropics	0.033830741399674666	0.0011744768007430496	1.8457563493176028	0.018328931341442915	0.7452273516149672	-53.519416363821804	17	428.0	428.01795190928004	0.9340022732192131	0.9226672032355029	1.0	0.9882236910952066	True
11.0	2033-04-01	FGA	tropics	0.0036027180459305658	1.8561086404663105e-05	0.23502869313913038	0.01532884346081888	0.9741127603032391	0.71737770787292	43	1311.0	1311.019527875608	0.9394968734048604	0.9361749566836565	1.0	0.9619641484804401	True
11.0	2033-10-01	FGA	tropics	0.0946209969604956	0.013108881031185958	8.967369387488207	0.010551700601574001	-0.4284269613302939	-974.6376099163253	37	981.0	981.0310222061935	0.9108418377507903	0.9035693300636888	1.0	0.9544292205303643	False
11.0	2034-04-01	FGA	tropics	0.19436480772284276	0.03880814903122194	22.64626155351465	0.008582644303720752	-0.8994335417580716	-2388.4505277366816	14	184.0	184.03260567763735	0.8337444476625148	0.7966569456494416	1.0	0.8524236825261329	False
11.0	2034-10-01	FGA	tropics	0.18231789472342358	0.03367639441686416	64.05082375366072	0.0028464566736037256	0.3117796413303027	-12717.924318370842	8	90.0	89.84364859375738	0.6667418268361363	0.5831351229838926	0.9090909090909091	0.7916197963730642	False
12.0	2034-10-01	FGA	tropics	0.1572657346703465	0.025057229499534015	18.937870020617225	0.008304298978667341	0.4023164625657656	-12212.839583757768	12	161.0	160.7605075525805	0.5777994727573558	0.5249646549840096	0.6785714285714286	0.6168022231043885	False
11.0	2035-04-01	FGA	tropics	0.18506640540621766	0.034311898436862026	24.9969362994006	0.007403563508327033	-0.41550622798628667	-3993.7323533858807	6	65.0	64.64375239863588	0.4600844019234623	0.3286487316431996	0.6875	0.4381287024390676	False
12.0	2035-04-01	FGA	tropics	0.19238038188111722	0.03724057903753287	19.614158434603823	0.009808240436240925	-0.5662537682689346	-1638.509871803327	23	313.0	313.00647693920024	0.5696655380263853	0.527206482273526	0.7647058823529411	0.567963587704271	False
11.0	2035-10-01	FGA	tropics	0.1476190244800803	0.021791376388450547	25.459959838971997	0.005798085519919687			1	11.0	10.619492011963356	0.3548387096774194	0.24691535928271316	0.3548387096774194	0.24691535928271316	False
12.0	2035-10-01	FGA	tropics	0.16869468513991578	0.02895188050201375	20.910680120754815	0.008067393512106693	-0.858582662535136	-4849.4877450400145	11	148.0	147.66532455732928	0.5377728193576722	0.5304854942998067	0.6666666666666666	0.5565906403024142	False
14.0	2035-10-01	FGA	tropics	0.00744874218368869	6.629933430689794e-05	0.5873751159714016	0.012681405768049865		-5.129987475049802	19	301.0	300.9447702104658	0.7948221347589012	0.7660368799128936	1.0	0.8856164383171319	False
14.0	2036-04-01	FGA	tropics	0.19498016772901977	0.044387228199379805	14.714428920156585	0.013250950396173775	0.8174029059381567	-1149.918341965147	43	1464.0	1464.4256059471215	0.9092480609535936	0.8937114320809221	1.0	0.9937484269246739	False
14.0	2036-10-01	FGA	tropics	0.19919442840345641	0.04032216179643857	12.014474851574551	0.016579536839044704	-0.7950925489952206	-716.2340284141588	40	1472.0	1471.929182509893	0.9751378966795009	0.957252545478504	1.0	0.9886354842515025	False
15.0	2036-10-01	FGA	tropics	0.011824354079152274	0.000139815349389165	0.29298451584449897	0.04035829007915227			1	10.0	10.026887242013789	0.625	0.6812890818540734	0.625	0.6812890818540734	False
14.0	2037-04-01	FGA	tropics	0.2510119584127492	0.06304997089171978	14.441462187615647	0.017381339586791	-0.8021891187481806	-7861.702024389403	14	287.0	286.95698089606503	0.9718944099378882	0.942488701321864	1.0	0.9912907405303288	False
15.0	2037-04-01	FGA	tropics	0.18678011588466073	0.035162041962059486	4.909513539675668	0.03804452607681367	0.7163798048012827	-65.35596049600433	27	2758.0	2758.093603332492	0.9404947959646762	0.9049656128617868	1.0	0.999154086521525	False
15.0	2037-10-01	FGA	tropics	0.2220999552829409	0.05009124842281655	7.0337933544799425	0.03157612743079546	-0.4200204750708604	-102.38334573064259	32	2950.0	2949.9535041706204	0.979682466019556	0.9634856143565826	1.0	1.0	False
15.0	2038-04-01	FGA	tropics	0.12524990822490115	0.016205908448208618	4.038530440094408	0.031013733852646958	-0.9681524430472059	-3624.526425999385	7	156.0	155.5572180211916	1.0	0.9938292363180452	1.0	1.0	False
16.0	2038-10-01	FGA	tropics	0.026188742313168357	0.0007076000497612913	1.6011109371403407	0.016356606969372578	-0.6457894723986836	-279.07234069966574	10	226.0	225.77584157384314	0.9042821739663843	0.8950141316511457	1.0	0.93222307963451	False
16.0	2039-04-01	FGA	tropics	0.0012085319186635288	2.1137088830819385e-06	0.07692392906311263	0.015710740901858804	0.9884444440564116	0.9689291263825986	36	1454.0	1453.9599450053763	0.9410082363910566	0.9401100696640354	1.0	0.9774984698768726	True
16.0	2039-10-01	FGA	tropics	0.1183455487888207	0.014163174999065692	9.052924898415117	0.013072631234302991	-0.26924923618704694	-255.94533774409365	36	1406.0	1405.9660279468528	0.9556369674952686	0.9549516832315488	1.0	0.9723850577743726	False
16.0	2040-04-01	FGA	tropics	0.12355037026736185	0.01537384565678131	9.267754038652503	0.013331209455071555	-0.4233659041176884	-9223.522482094586	10	181.0	180.69028048139228	0.9445877025836458	0.9457304784518221	1.0	0.9731500881041499	False
17.0	2040-10-01	FGA	tropics	0.1742361813487507	0.030510033047914213	8.951294624170192	0.01946491414529916	-0.5545707609774916	-214.52112886370267	8	110.0	109.99995653004012	0.7628472222222222	0.7148893297544904	0.8571428571428571	0.8176802099647501	False
17.0	2041-04-01	FGA	tropics	0.15993621677328648	0.025695837808004284	32.55090843094888	0.004913417919274465	-0.4545566816173055	-5494.450186546659	31	434.0	433.74175215890324	0.7608640879466307	0.7376444005737366	1.0	0.7829264685047822	False
17.0	2041-10-01	FGA	tropics	0.017611128709649395	0.000515772857433657	2.4082156789064797	0.007312936654264389	0.7328458127578835	-74.45672823731765	33	447.0	446.30624776846867	0.7660576695666761	0.7381928194613371	1.0	0.7554535344891607	False
17.0	2042-04-01	FGA	tropics	0.09843838827048998	0.009707128650969475	8.611936734541786	0.011430458827648085	0.7536989796932985	-414.8233542376412	9	109.0	108.70366631856203	0.8000417710944027	0.71023398040565	0.9285714285714286	0.7705331266220936	False
19.0	2042-10-01	FGA	tropics	0.15128252529155867	0.02603537453543185	8.037958087428143	0.01882101444745946	0.8425320669463328	-1795.9209555385314	18	514.0	513.7750349693838	0.8387798895688242	0.827020815344459	0.9736842105263158	0.9178398592384595	False
19.0	2043-04-01	FGA	tropics	0.16265205555905882	0.026727142232703074	8.687089965287822	0.018723422481980685	0.9864234606239483	-268.69396349154584	44	1445.0	1444.620064335245	0.8973075692188078	0.8879194773639885	1.0	0.9574310959402695	False
19.0	2043-10-01	FGA	tropics	0.0019201540498480123	8.693484819398286e-06	0.14311921697188862	0.013416465590537488	0.9038607647166361	0.5411536809782064	26	856.0	855.9379561401685	0.950663350662238	0.9443022273332209	1.0	0.9526669126589947	True
19.0	2044-04-01	FGA	tropics	0.18094341325122587	0.033534231153772666	9.26497739350151	0.019529827819994492	-1.0	-166.1983759312702	2	26.0	25.407048973961757	0.7647058823529411	0.7402990844260264	0.8235294117647058	0.9164038519400237	False
20.0	2044-04-01	FGA	tropics	0.1835040297711875	0.03372288154910629	10.130429494713013	0.01811414114939122	0.8791052296802402	-4090.1899746058234	17	416.0	416.200081632889	0.8462471407948273	0.8452041696186483	0.967741935483871	0.8751963645843878	False
21.0	2044-04-01	FGA	tropics	0.03988585993452322	0.0015908818227164045	1.4145692649435115	0.02819647006547678			1	10.0	10.000066294678277	0.23809523809523808	0.13790009708101977	0.23809523809523808	0.13790009708101977	False
20.0	2044-10-01	FGA	tropics	0.1562070786649413	0.024791926991844276	6.838213290537836	0.022843259200628907	-0.7095130150127595	-159.5502234891018	41	1177.0	1177.007227586761	0.64792910942284	0.6485710054365641	0.967741935483871	0.8963241599746395	False
21.0	2044-10-01	FGA	tropics	0.01293692735643479	0.0007224064002066907	0.60996950522843	0.021209137908607394	-0.34537238596948905	-9.564811413694734	25	798.0	798.001314989893	0.5288691382614698	0.5265624330911289	0.8181818181818182	0.8315320607566735	False
20.0	2045-04-01	FGA	tropics	0.04254384130418788	0.002077741470533572	1.9095115320833016	0.022279960392683255	-0.7041118058675977	-44.612621404812074	21	628.0	627.9994136330357	0.46369001165375334	0.455790680983846	0.8405797101449275	0.7609694307969109	False
21.0	2045-04-01	FGA	tropics	0.20560801848107735	0.044270630064375	6.975933071222164	0.029473909279501647	0.012792858083902972	-355.9660644732655	44	1178.0	1181.9687733572582	0.747040947898309	0.7488319029092145	1.0	1.0	False
21.0	2045-10-01	FGA	tropics	0.22852243628100238	0.05236847526343051	17.20779276008792	0.013280171342546712	0.23530843768144624	-10993.983050008368	16	285.0	284.83586949080757	0.9669951184081619	0.9601561037120179	1.0	0.999135738602702	False
22.0	2046-10-01	FGA	tropics	0.16854410808382173	0.028675711726922192	9.724594544511062	0.0173317362808668	-0.9625369765731082	-816.3787128857969	29	910.0	910.0138445930406	0.8324697774809815	0.8367972169851727	0.9565217391304348	0.8976032403477627	False
22.0	2047-04-01	FGA	tropics	0.20711671831429967	0.04477144360884564	13.92833705607426	0.014870168454458417	0.18397321999508298	-546.3556365184819	48	1491.0	1490.9468334843048	0.8976674918194029	0.9010278273479432	1.0	0.9752334924364756	False
22.0	2047-10-01	FGA	tropics	0.23061044591136853	0.05336275634763593	16.368266995426648	0.014088873670975792	-0.7335337437771193	-6933.843738923825	23	561.0	560.6912674634972	0.9468223277707303	0.9524346243891906	1.0	0.9680805756060508	False
23.0	2048-10-01	FGA	tropics	0.1610098292828546	0.02638910026109687	9.005022035676404	0.017880003918364702	0.9646986782776046	-1025.0707854381692	26	750.0	750.0039134994433	0.9404563861693842	0.9392632132569647	1.0	0.970139696100258	False
23.0	2049-04-01	FGA	tropics	0.20983343531843437	0.04640081648971082	13.841971174606853	0.015159216319087168	0.7490402405300354	-585.735636373911	44	1319.0	1318.9771117664206	0.9040100225996158	0.8882099233886045	1.0	0.9625237619252601	False
24.0	2049-04-01	FGA	tropics	0.18307579604088708	0.03351674709600449	33.922060004191586	0.005396953959112898			1	13.0	12.904690740141323	0.7647058823529411	0.5166206683711803	0.7647058823529411	0.5166206683711803	False
23.0	2049-10-01	FGA	tropics	0.1896034565008022	0.03598777890439385	13.62064756710977	0.013920296782264887	0.11751831537498186	-3740.753747233232	18	509.0	508.9243385981358	0.8496025401633429	0.8050811482978794	0.9591836734693877	0.935249070389109	False
24.0	2049-10-01	FGA	tropics	0.1488549141161036	0.022286815656768565	21.143324598111796	0.007040279470968207	0.5772644106120284	-2788.323449676556	18	222.0	221.56957408575548	0.7837344980727334	0.7208868557676733	0.9166666666666666	0.8083569123927374	False
24.0	2050-04-01	FGA	tropics	0.16740335286834848	0.028163143520924052	26.087123412711836	0.006417087473384494	-0.6866116538054933	-5061.354886721318	27	343.0	341.94793658865075	0.688502009771073	0.6386435834692646	0.9166666666666666	0.7929578003558442	False
25.0	2050-04-01	FGA	tropics	0.010516612209600035	0.00011679353653078454	0.6942093965686005	0.015149049064421303		-17.85468455798574	18	415.0	415.08053484188633	0.6942200497294783	0.6857305433983885	0.9	0.8673517854157894	False
24.0	2050-10-01	FGA	tropics	0.11820767708500057	0.013983236796006356	31.14757409662743	0.003795084545534471	0.18201277479527891	-9474.694165715688	8	105.0	104.32052080129199	0.47358823094117214	0.40431774883971144	0.6363636363636364	0.5721185607504802	False
25.0	2050-10-01	FGA	tropics	0.20865962325683246	0.04947971257150197	12.935944067887126	0.01613021996398548	0.799194808966903	-843.2840565391551	44	1226.0	1226.0280619845012	0.7992642614728777	0.799500566111055	0.972972972972973	0.9017906636675949	False
25.0	2051-04-01	FGA	tropics	0.2140114496048191	0.04598878615121914	16.555484345410285	0.012926921685873236	-0.6390178729327596	-2025.775680001223	32	867.0	866.4958519525061	0.87643416328569	0.8639805556547036	0.972972972972973	0.9163190922700205	False
26.0	2051-04-01	FGA	tropics	0.020703221743571833	0.0004286233905635055	1.0	0.020703221743571833			1	11.0	11.000119471082428	0.55	0.48214017203306575	0.55	0.48214017203306575	False
25.0	2051-10-01	FGA	tropics	0.11802504613624686	0.013940925861368619	8.292073099960142	0.01423347873486718	-0.49647676595637985	-6364.041314891095	7	99.0	98.50394786666033	0.8394491129785246	0.7904546137621618	0.9333333333333333	0.8809226318684736	False
26.0	2051-10-01	FGA	tropics	0.14897461814196863	0.029672741361756152	7.4534663446885405	0.01998729332804063	0.925544014752732	-443.53620291500897	28	1149.0	1148.9979786835872	0.8820684120597635	0.8698697636862718	1.0	0.9992822077251539	False
26.0	2052-04-01	FGA	tropics	0.22104486857219188	0.04925872137602312	12.997561256917916	0.017006641800171658	0.9486896551049012	-344.44291478709584	42	1712.0	1711.6939330657606	0.9380774149843765	0.9283956636755609	1.0	0.9977373742703239	False
26.0	2052-10-01	FGA	tropics	0.21288742143395117	0.04536790924883993	12.140694944997819	0.017535027640379397	-0.6355606467969768	-3029.6092079773525	16	512.0	511.7291848644806	0.9561598821182913	0.939145425120095	1.0	0.9815879205901057	False
27.0	2052-10-01	FGA	tropics	0.17889243774854557	0.03207078887199988	9.337122218776756	0.019159269157770758	0.804265059516013	-13422.96502325008	12	212.0	211.95889978167665	0.8306588420875946	0.8123155189932102	1.0	0.9566765231112085	False
27.0	2053-04-01	FGA	tropics	0.06563580969284995	0.008830629661039447	3.482496328080589	0.018847344981703325	-0.8884854955557959	-98.11317307247454	38	1300.0	1300.2028845591553	0.9013319331670521	0.8937744086040084	1.0	0.9402299782947763	False
27.0	2053-10-01	FGA	tropics	0.20221609010955563	0.04118381164108218	12.087305342268573	0.016729625370049867	0.7007725163503853	-728.5055704343242	36	1219.0	1219.0002575716844	0.9296040044037466	0.9260181462900829	1.0	0.9520799976196016	False
27.0	2054-04-01	FGA	tropics	0.28928573522172746	0.08370677099355431	16.446773815032984	0.01758920858735889	-0.2837881062339422	-16421.751006977185	10	147.0	146.9876952792846	0.905145785586962	0.9058461531732828	0.9523809523809523	0.9211930200212509	False
28.0	2054-04-01	FGA	tropics	0.05790338754774201	0.003353392362557504	2.3253573650214716	0.024900855420649442	1.0	-953.309935339448	2	22.0	21.84834052802711	0.2986111111111111	0.2305468341012359	0.375	0.23203078839157348	False
29.0	2054-04-01	FGA	tropics	0.04236454668971381	0.0018412732673796723	1.3224841008709858	0.03203406881172529	-0.9415918016889552	-261.35225605148275	6	117.0	116.89508323908876	0.7689573158323157	0.7173996176333093	0.8571428571428571	0.7630965710264068	False
28.0	2054-10-01	FGA	tropics	0.005675682191504887	3.271797065229317e-05	0.42895851320912315	0.013231307962730452	0.9889775424846023	-47.27834971800589	3	35.0	34.85615992839624	0.2824074074074074	0.2117506800360219	0.375	0.23300393270085956	True
29.0	2054-10-01	FGA	tropics	0.0014773818757372861	3.3311646428804232e-06	0.04372887537972598	0.03378504164372461	0.9983971606902348	0.993088965295185	32	2835.0	2834.887432458926	0.9178964205197229	0.8969694590619942	1.0	0.9993019715418628	True
0.0	2025-04-01	GARW	north	0.2652663876144433	0.08710279631199894	3.9498766927168343	0.067158143975372	-0.027840226564862264	-97.40199261005671	11	2660.0	2659.933210137969	0.8239975760911392	0.8339967791005164	0.8816425120772947	0.8883956231652128	False
1.0	2025-04-01	GARW	north	0.42843873699287793	0.2047821055882827	6.835762337578248	0.06267607266531502	-0.20825357487560583	-260.85001393677953	11	497.0	496.8524617152526	0.17600242390886078	0.16600322089948374	0.29292929292929293	0.24899336213726786	False
0.0	2025-10-01	GARW	north	0.37608549287266396	0.17325079873145532	5.431763872673354	0.06923818886250034	0.9928848109143369	-91.05523185195155	20	3214.0	3213.965956207161	0.8039024964361768	0.8059947225394224	0.8816425120772947	0.8942499899596584	False
1.0	2025-10-01	GARW	north	0.12926209392017354	0.022588634973880042	2.9903634303226996	0.04322621545242227	0.7290005094604903	-60.47453500558525	17	611.0	611.0845303984162	0.18231584859501038	0.17755921499252653	0.29292929292929293	0.294641823953953	False
0.0	2026-04-01	GARW	north	0.004635046681267428	2.7729962330298573e-05	0.07913726270108938	0.05856971195446243	0.7829117300116633	-0.4271918183001744	7	284.0	283.8745139340806	0.7668753596638468	0.7565630303065173	0.8317757009345794	0.818412728694575	True
1.0	2026-04-01	GARW	north	0.003620256632643381	1.370013287029693e-05	0.09200932034112187	0.039346629441684655	0.9498113432566806	-4.293439065501	5	67.0	67.00223452742081	0.22637449647061447	0.22013860658329493	0.3225806451612903	0.26440518412166614	True
2.0	2027-04-01	GARW	north	0.004051623415522994	2.0653052318421477e-05	0.10312857708144656	0.03928710673786563	0.9811024150954489	0.778146406516823	9	283.0	283.06213283437353	0.4253539537076703	0.4076213388205223	0.6666666666666666	0.5131855416828588	True
3.0	2027-04-01	GARW	north	0.0026190498393889178	1.1070445869976444e-05	0.05377297912008535	0.04870568605730544	0.9900909658317107	0.8431144479640007	8	415.0	415.2698041027033	0.5578596266233156	0.5682939802860029	0.6625	0.6786161739585027	True
2.0	2027-10-01	GARW	north	0.16611954479470856	0.03874769009891907	3.8859076934190373	0.04274922563807669	-0.9237311833745384	-58.202493092213146	19	693.0	693.0100391814876	0.3625489487574808	0.3471288874227015	0.6666666666666666	0.4440426838936364	False
3.0	2027-10-01	GARW	north	0.14343796879353538	0.027134128977624038	2.9063754933215034	0.049352868933535375	-0.6356281396113257	-31.059892048622743	25	1500.0	1499.9883991262163	0.6686386335086287	0.673883637342824	0.9555555555555556	0.7480956368967516	False
2.0	2028-04-01	GARW	north	0.013000083240654506	0.0009453680674693334	0.0856738370492217	0.15173924372251055	0.7759591186476263	0.4496601191809817	23	627.0	626.9845925451085	0.2025123841884271	0.18923231858482906	0.452991452991453	0.3191260496724307	True
3.0	2028-04-01	GARW	north	0.001717288990791936	5.825529532881963e-06	0.049730215663618765	0.03453210423232202	0.9957807951331891	0.9912487837115104	33	2481.0	2480.980815363054	0.629827207444791	0.6312261749182732	0.9555555555555556	0.76690995326059	True
4.0	2028-04-01	GARW	north	0.005176168446800399	2.8086926752719527e-05	0.11640384731076504	0.04446733133297138	0.9973223842480885	0.8674419928264516	4	67.0	66.99998649755732	0.039302060214127854	0.03230214639053845	0.04573170731707317	0.040710563773145525	True
5.0	2028-04-01	GARW	north	0.002550086374512141	7.951515517524835e-06	0.038624244288739874	0.06602294547043261	0.9971730513665771	0.97586940393592	11	1651.0	1650.8004576976343	0.4001820219913313	0.3924467939084868	0.6134453781512605	0.6623966863178368	True
2.0	2028-10-01	GARW	north	0.007680060150213608	9.430248945751952e-05	0.11761344533973223	0.06529916820334083	0.9824603302373709	0.8879665976738517	17	353.0	352.71620596653673	0.13432923460944113	0.1465504285224118	0.3684210526315789	0.22184418829157726	False
3.0	2028-10-01	GARW	north	0.019110666544180258	0.0013836727378292492	0.35742817879548444	0.05346715138292194	0.42044843686338296	-0.275190672073119	27	2145.0	2144.84251740297	0.4533279147104541	0.44657514970190704	0.7857142857142857	0.7539064836906305	False
4.0	2028-10-01	GARW	north	0.00913958912094829	0.00011413720995259991	0.22729958878885104	0.04020943975150994	0.9984680404613151	0.7021181809395456	6	88.0	87.38354716815434	0.03425839425978289	0.029604865350956633	0.04573170731707317	0.03403099913434401	False
5.0	2028-10-01	GARW	north	0.045662324867518	0.0061053250451510764	0.6990834821868543	0.06531741348640985	-0.0508507176754843	-2.4532469476473944	24	3069.0	3068.8491987205034	0.5768341270819923	0.561891466439064	0.8571428571428571	0.7694054425546222	False
2.0	2029-04-01	GARW	north	0.2138423814240696	0.04572856409311727	4.989986403184315	0.04285430142406962			1	11.0	10.608506921870156	0.03333333333333333	0.02311076479132658	0.03333333333333333	0.02311076479132658	False
3.0	2029-04-01	GARW	north	0.2146581438978805	0.047419872663922835	3.862830593122741	0.055570167710707	-0.9865119563931269	-338.9104926701356	7	277.0	276.75020132437595	0.25643193274856696	0.24247459303713165	0.28205128205128205	0.26408380019588057	False
5.0	2029-04-01	GARW	north	0.2047283023085421	0.04276017180167177	3.8457671464893353	0.053234710919882744	-0.4982089919394694	-486.5432654025048	11	859.0	858.7153791270301	0.7355428073411088	0.7243721503685957	0.8571428571428571	0.7661076146060505	False
6.0	2029-10-01	GARW	north	0.15316883820870794	0.026307931125476334	2.2964454946497765	0.0666982249592069	-0.6700194485625323	-29.05108929977229	24	1172.0	1172.0245212056243	0.90086938350836	0.8830739992927263	0.9649122807017544	0.9267774671573595	False
6.0	2030-04-01	GARW	north	0.18017131962686558	0.03495148246063742	3.7977700569223742	0.047441345033109324	0.8656589125946632	-62.40468379274708	30	1125.0	1125.013574824828	0.5925707198719099	0.5899498127472553	0.9649122807017544	0.9277948674843923	False
7.0	2030-04-01	GARW	north	0.111677737594981	0.014818247044432178	3.2091344538431734	0.034799955938660886	0.9916720270940914	-73.85074014165706	14	684.0	683.8567031904735	0.342706720395458	0.3336649846129229	0.46	0.37280401065057805	False
8.0	2030-04-01	GARW	north	0.09095855943776722	0.010308771370768778	1.5068581390712241	0.060363054145117445	0.998475020983938	-60.10557103926204	11	736.0	735.9550117617563	0.30563082626470045	0.2979687881856586	0.4927007299270073	0.4979074842770023	False
9.0	2030-04-01	GARW	north	0.11532776153502322	0.015041198959657765	2.7211950173658512	0.04238129233628461	0.9988475553002557	-182.01397760201436	7	211.0	210.94879107997872	0.12356203930034163	0.11957423344060676	0.14383561643835616	0.14856105294171493	False
6.0	2030-10-01	GARW	north	0.14355239022551944	0.025938062068041664	2.088152650383259	0.06874611882381869	-0.5368396061826466	-29.620176438250976	24	634.0	633.662986465729	0.2655658424810498	0.2646983494991629	0.6666666666666666	0.5432728341341575	False
7.0	2030-10-01	GARW	north	0.10597039134456987	0.019040650438371144	2.452967356163481	0.043200897508196334	-0.9131445778565757	-27.856480853633816	20	881.0	880.9817108614659	0.2833891136352341	0.27816037088887335	0.46	0.3748747960905254	False
8.0	2030-10-01	GARW	north	0.11581142169245631	0.018847123634527233	2.036204510224861	0.05687612472662045	-0.5694340124997241	-15.492068631763377	25	1683.0	1682.870202246685	0.46645177894654105	0.44584227849509384	0.75	0.6219506450288496	False
9.0	2030-10-01	GARW	north	0.13344830379447786	0.023432550094938498	2.972454361327476	0.044894988306861956	-0.8285325957817841	-37.39361151772873	16	506.0	505.893001815722	0.16793874099788736	0.17817805233350467	0.25742574257425743	0.2566782250296905	False
6.0	2031-04-01	GARW	north	0.25560597443265515	0.06599735847413261	5.127727778443801	0.049847805007743266	-0.9599817547677754	-967.9008013567002	5	60.0	59.50968277735396	0.0802321630561195	0.06414717516525094	0.12643678160919541	0.08009756639941755	False
7.0	2031-04-01	GARW	north	0.29492593311145576	0.08820391420420676	6.917479984278987	0.04263488058971175	-0.9911142637270461	-2344.350007361046	4	96.0	96.22260440004474	0.1261147955884798	0.13018460508758142	0.1891891891891892	0.1522672373380461	False
8.0	2031-04-01	GARW	north	0.3246655050952674	0.10682561936925088	7.843496020514155	0.04139295847746029	0.2556022576457031	-956.8673323578504	12	649.0	648.9725565207565	0.6017934319230575	0.5903924024575099	0.75	0.6089580772973934	False
9.0	2031-04-01	GARW	north	0.160382750438838	0.06835671098282166	4.150388788246398	0.03864282567768841	-0.7798450103436755	-118.95706126897844	22	990.0	989.8311393861375	0.3573004329263005	0.3634179819438335	0.47368421052631576	0.4840978811434701	False
10.0	2031-04-01	GARW	north	0.027486209818985353	0.0010046183954708953	0.5735276902601376	0.04792481738156061		-1.731583927527859	14	901.0	901.0001411893388	0.46426937105039084	0.450498525506776	0.5792682926829268	0.5135629589825287	False
11.0	2031-04-01	GARW	north	0.2218308665146746	0.05131429721713872	9.843996784895705	0.02253463418995061	0.9902337705497186	-547.3523269609751	5	75.0	74.93152919133497	0.08265218075027485	0.07871477145491652	0.15432098765432098	0.08828816184255062	False
9.0	2031-10-01	GARW	north	0.06940116339996985	0.007245596173365563	1.4948881424871223	0.046425656493939114	-0.5308501685333705	-8.209187299891166	20	950.0	950.1263214956466	0.40381087327000326	0.39826655433466873	0.47368421052631576	0.5012372457154484	False
10.0	2031-10-01	GARW	north	0.06641998139347441	0.0054740312727266805	1.2571243090476756	0.05283485564270914	-0.44640455461737566	-4.4884974646475655	21	1184.0	1184.0161699994947	0.4964690837616845	0.48272246738400276	0.6896551724137931	0.592227131518914	False
11.0	2031-10-01	GARW	north	0.06161959247409517	0.005453805074240773	3.126641497781991	0.019707917430830335	-0.9976615134192046	-44.4122967912138	7	107.0	106.89888521364749	0.09442304813715512	0.07783334507558029	0.15432098765432098	0.09882666334284126	False
9.0	2032-04-01	GARW	north	0.011177329456471506	0.00014757977100960501	0.22648171058679026	0.04935201799523777	-1.0	-14.298227572334994	2	40.0	39.88716756024867	0.3095062638172439	0.2711666775487295	0.34782608695652173	0.27739600907695594	True
10.0	2032-04-01	GARW	north	0.0072006969123923755	6.695807163747117e-05	0.12937982244011134	0.0556554861228497	0.9998085982610689	0.48769960455379424	4	122.0	122.06072112914087	0.611898102855352	0.5915283909419756	0.6896551724137931	0.6210322839319434	True
11.0	2032-04-01	GARW	north	0.010786176141176409	0.00011634159574848321	0.5249992914162798	0.020545125141176408			1	13.0	12.963782688430276	0.8666666666666667	0.8293026924941197	0.8666666666666667	0.8293026924941197	True
11.0	2033-04-01	GARW	north	0.009082321488776766	0.0001465981548366734	0.2456543336809588	0.03697195711015766	0.564759831721485	0.20975797529585194	16	897.0	896.988938303941	0.9423199897609554	0.9416510735642742	0.9770114942528736	0.9734932456133935	True
11.0	2033-10-01	GARW	north	0.0034768279538213067	2.426575605048342e-05	0.07879112539935504	0.04412715183593211	0.996861141898057	0.9667866223204014	25	1272.0	1271.6347344061253	0.9109355742319589	0.9035239609618226	0.9770114942528736	0.967239207643977	True
11.0	2034-04-01	GARW	north	0.10452640069987992	0.016690896553828834	2.4790779261903264	0.042163418743560346	0.19182056773601217	-56.097092722356585	8	191.0	190.4803454692452	0.7829241564357858	0.7634643939839013	0.9230769230769231	0.9173858904536442	True
12.0	2034-04-01	GARW	north	0.00499891488483553	3.341408835401942e-05	0.12684181740525147	0.039410621726305904	0.7969927195731616	-0.726506102944128	7	133.0	132.40320801133407	0.6605919717115458	0.5992837900698466	0.7857142857142857	0.7342834072044988	True
11.0	2034-10-01	GARW	north	0.0024816655076187813	6.158663691704784e-06	0.13081245439282174	0.018971171507618782			1	14.0	13.78982418571098	0.4117647058823529	0.30931543990076127	0.4117647058823529	0.30931543990076127	True
12.0	2034-10-01	GARW	north	0.0033264561652468667	3.111023521696863e-05	0.06118199569749539	0.054369853865081454	0.9773288394326329	0.9305882604807657	16	328.0	327.5813290533756	0.6834666308043547	0.6498645357597652	0.9473684210526315	0.7138465037243762	True
12.0	2035-04-01	GARW	north	0.003683726409673165	2.3052948750622318e-05	0.09326786085961526	0.039496203469465536	0.9855659921444716	0.9357115764719688	19	430.0	429.67626817303415	0.5239234996753397	0.5169615854475638	0.9473684210526315	0.7311103706208977	True
13.0	2035-04-01	GARW	north	0.004265534794535425	4.008130073224243e-05	0.2372473446290292	0.017979273071339157	0.893732441321895	0.5273941049379645	7	100.0	100.15190878734326	0.22400326795649383	0.19601082653669194	0.3684210526315789	0.24469397327976694	True
14.0	2035-04-01	GARW	north	0.0011646309879123971	1.775917866113643e-06	0.03147532165928708	0.03700140066936416	0.9959826808877028	0.9831130717837566	10	206.0	205.94299387417192	0.31946359700723265	0.315385360795708	0.4533333333333333	0.40614919729900656	True
12.0	2035-10-01	GARW	north	0.002367551983340466	6.291647961647304e-06	0.0777698314993661	0.030443064330925855	0.9995717392791528	0.982695419655841	18	406.0	405.79019188953424	0.4021770098597779	0.3886132730270838	0.5	0.44969549442509926	True
13.0	2035-10-01	GARW	north	0.0005944940845855078	5.889682011996251e-07	0.022385349399030998	0.026557284140994546	0.9988602842291108	0.9963613211811388	8	110.0	110.00036034281047	0.21336397057304324	0.20134625709019904	0.3684210526315789	0.25146834667128476	True
14.0	2035-10-01	GARW	north	0.0014714574242031956	3.0408863440651495e-06	0.039316283312908366	0.037426157820978086	0.9990313537287961	0.9927524243397601	19	408.0	407.94063474189204	0.4067580592661857	0.40525739715189535	0.631578947368421	0.6193612035737037	True
12.0	2036-04-01	GARW	north	0.012288528311340433	0.00016281932052986513	0.48946521191084547	0.025106030035039036	-0.9551317807164832	-114.37905452528842	3	46.0	45.84889809304285	0.29962061747776036	0.2948462252597614	0.3469387755102041	0.2999709620291824	True
14.0	2036-04-01	GARW	north	0.002145149469073572	9.268235206400512e-06	0.053138353518842385	0.040369136923162685	0.9936729804125399	0.9857244470498358	26	2237.0	2236.968477020588	0.8655085653795639	0.8653892774913116	1.0	0.9979079008440678	True
14.0	2036-10-01	GARW	north	0.020235914551635266	0.0007178564228602441	0.4203974165217413	0.04813520196927458	0.910870399786611	0.3097740872789858	25	2396.0	2395.9159057495385	0.9929375069146235	0.9735077631133062	1.0	0.9991141542199592	True
14.0	2037-04-01	GARW	north	0.0030725848098930413	1.2484850874997938e-05	0.0638453707935953	0.0481254125663449	0.6041162208061294	-0.0777109427834699	4	138.0	137.9776093541542	0.9943181818181819	0.9976481751650015	1.0	0.998087077197603	True
15.0	2037-04-01	GARW	north	0.009893437244299207	0.00017135563478266026	0.2408255617730693	0.0410813419117935	0.951097545366195	0.7742263236838736	22	2743.0	2742.992619838338	0.996969696969697	0.9853171267714458	1.0	1.0	True
15.0	2037-10-01	GARW	north	0.18029446775996827	0.04328063543040756	3.3654829153796944	0.05357164849539205	0.9829344510698557	-35.28229652610791	27	2925.0	2924.8594011455593	0.9975308641975309	0.9957730755214728	1.0	1.0	False
16.0	2039-04-01	GARW	north	0.1518934744684508	0.026122154227843787	3.5041428146140694	0.04334682759931395	0.9945178279659773	-155.51331337739128	14	905.0	905.0193246903445	0.9661118149674286	0.963883755117695	1.0	0.9847732229611542	False
16.0	2039-10-01	GARW	north	0.000769612373712012	1.171961715430513e-06	0.01768487324182751	0.04351811648226901	0.9994193418306239	0.998723039891328	26	1508.0	1508.0639154159066	0.9696402659032751	0.9700173616841768	1.0	0.9877243875371788	True
16.0	2040-04-01	GARW	north	0.0010629853327501636	3.011066080859912e-06	0.025587757548820984	0.04154273115656996	0.9884113974289068	0.9375446796448151	9	300.0	299.85764518751995	0.9715288736243903	0.9761193206108931	1.0	0.9819764659901856	True
16.0	2041-04-01	GARW	north	0.0038980360756681563	1.5552072682897847e-05	0.21021322084429506	0.018543248897534528	0.9999291489222699	-1.8379753152820264	3	33.0	32.94991348916587	0.2207070707070707	0.18493041463156187	0.29545454545454547	0.19216629334816387	True
17.0	2041-04-01	GARW	north	0.007513343316856321	8.009675731402237e-05	0.22186148541206008	0.03386501854029283	0.9784458180223432	-0.05059305428259231	12	322.0	322.0542718938774	0.7358870750574273	0.7385543635499014	0.8571428571428571	0.7828449644786588	True
16.0	2041-10-01	GARW	north	0.004745649468066976	2.77853977571965e-05	0.32918855576968903	0.014416204284413783	0.9956675520397074	0.5431722216023365	6	75.0	74.89643219219164	0.2486379573306797	0.19909050723315527	0.29545454545454547	0.22033989127788917	True
17.0	2041-10-01	GARW	north	0.0015242779970244486	3.1873232505449457e-06	0.04955302369338488	0.03076054463308025	0.9980027913401941	0.9931634516155057	21	547.0	546.9520382695835	0.6930960647101363	0.6842052846625191	0.8571428571428571	0.834151932238066	True
18.0	2041-10-01	GARW	north	0.0010541308973482095	1.1111919487441414e-06	1.6215275400839955	0.0006500851026517905			1	14.0	13.625762334725067	0.2153846153846154	0.13583574370640622	0.2153846153846154	0.13583574370640622	True
16.0	2042-04-01	GARW	north	0.006210751825430089	4.8102429439351756e-05	0.30705717725913434	0.020226694848395153	0.9924535851688354	0.7686638623601407	3	39.0	39.00860271557339	0.27084482695207623	0.2292609509793133	0.2894736842105263	0.2389101215932503	True
17.0	2042-04-01	GARW	north	0.004752917566832832	3.6563663873938694e-05	0.14869218830842476	0.03196481012825027	0.8806130734317139	0.4120078175335955	7	150.0	150.01557483684732	0.634800461064929	0.6105348218795702	0.7222222222222222	0.6718166881454346	True
18.0	2042-04-01	GARW	north	0.021822223419415237	0.0007152527943532946	0.9199285536445461	0.023721650266165333	0.9817933977354929	-1.5382760759257503	5	57.0	56.86444061033458	0.3318723572634708	0.3185052641958235	0.43333333333333335	0.34712660111667093	True
19.0	2042-04-01	GARW	north	0.008265676097710362	7.712710074980339e-05	0.2674200325157219	0.03090896377489751	-1.0	-11.134447718621143	2	26.0	26.020017297543273	0.3267008985879333	0.2892122061783609	0.3902439024390244	0.31222310548413523	True
16.0	2042-10-01	GARW	north	0.006716568405942821	4.5112291151709287e-05	0.53857326461034	0.01247103940594282			1	11.0	11.107747088292783	0.2894736842105263	0.1721447640358531	0.2894736842105263	0.1721447640358531	True
18.0	2042-10-01	GARW	north	0.0018164444235172464	4.4191020373828625e-06	0.08585940936131223	0.02115603213473451	0.9963850452023231	0.974931088158119	9	115.0	114.71079715018539	0.3567606684858902	0.33259033826191725	0.45454545454545453	0.3398715724117215	True
19.0	2042-10-01	GARW	north	0.003159002504256935	1.0971822383640262e-05	0.18446486845959706	0.017125225690055146	0.9931143686115532	0.905543572028529	7	99.0	98.87890260769124	0.3822428240126242	0.32342799192223026	0.46875	0.43392329645426625	True
18.0	2043-04-01	GARW	north	0.0026868999974044064	1.4208380101188402e-05	0.13637349524685785	0.019702508852916672	0.9995926289828008	0.4830137822744933	3	41.0	40.83389972171135	0.40151515151515155	0.3114027817981068	0.45454545454545453	0.33011498499010283	True
19.0	2043-04-01	GARW	north	0.001629156916367857	5.122566496075118e-06	0.043128147350629344	0.03777479480217189	0.9968482331687845	0.9909851538396469	25	2484.0	2483.94333231527	0.8710443816000256	0.86646875569212	1.0	0.9851887382486062	True
19.0	2043-10-01	GARW	north	0.1971791342991933	0.0502297106417957	3.9494026041648	0.0499263190061353	0.8243922246867148	-46.02672910641821	27	2662.0	2661.735460304552	0.9358111154965644	0.9158422623309087	1.0	0.9600497345410466	False
19.0	2044-04-01	GARW	north	0.16693033768427581	0.02808740737138177	2.453617690407973	0.06803437158806906	-0.9989853346224291	-228.3777597595131	4	95.0	94.61716607594143	0.8480634816855805	0.8424026129062214	0.9565217391304348	0.9438609230138082	False
21.0	2045-04-01	GARW	north	0.16943239408800673	0.03627272811307223	3.840845237322063	0.044113309341810236	0.938574424339073	-45.49135970334651	21	2940.0	2939.989437020677	0.9733788728680381	0.9699036013180521	1.0	0.9992639008715002	False
21.0	2045-10-01	GARW	north	0.10937059003145694	0.01735228056633018	1.9389300837576569	0.05640770182878185	0.015840758119363155	-11.753815563676834	27	3171.0	3170.9528775148237	0.9744121020849617	0.9748182380790361	1.0	0.9929683680985362	False
22.0	2047-10-01	GARW	north	0.23708244611181722	0.07423751147137728	11.052589308055191	0.02145039859022267	-0.9465015210797305	-418.32882477787604	14	273.0	272.7375166692745	0.9872904872904874	0.9924422787007934	1.0	0.9934478163693521	False
22.0	2048-04-01	GARW	north	0.009811476723441463	0.00014069119528709712	0.5640679205874897	0.017394140608497262	0.9252786964655976	-0.36872839353620757	9	118.0	117.79164678038562	0.29923390251897536	0.27090714269039584	1.0	0.9871698516296756	True
23.0	2048-04-01	GARW	north	0.002778817563091255	9.768345381271999e-06	0.050695978332818296	0.05481337286457639	0.9977735144480857	0.977387426687103	14	1391.0	1390.9649501199856	0.8944988852633539	0.8936048664257303	0.9776536312849162	0.9467639029902173	True
22.0	2048-10-01	GARW	north	0.04627617452045039	0.0024773411740694013	2.1891498625911296	0.021138879211164103	-0.5149820608432838	-16.838281836436856	7	89.0	88.90987230821916	0.09901501752439688	0.06835535527789492	0.17567567567567569	0.10258419246116805	False
23.0	2048-10-01	GARW	north	0.07799803550543921	0.010337601081077109	1.4448447650096212	0.05398367865832273	-0.3245987287173805	-6.130329657807513	25	2112.0	2111.9980347427177	0.9280316582871526	0.9353692030443389	1.0	0.9766035413127881	False
23.0	2049-04-01	GARW	north	0.4112576042011678	0.179530625523823	8.040192615067694	0.051150217897821496	-0.9213222935851285	-2781.219611301728	9	446.0	446.0394627891547	0.9751080915957139	0.9751480603129106	1.0	0.9882728539336014	False
24.0	2050-04-01	GARW	north	0.006950429088276985	6.17310652309755e-05	0.2579410240217054	0.02694580714579204	-0.18942486261446806	-1.440384777738886	6	96.0	95.8819323091667	0.2597754468741537	0.2161790876189896	0.4375	0.28800300737313184	True
25.0	2050-04-01	GARW	north	0.008210182226685802	0.00013027042768525994	0.16899859283551347	0.04858136442992032	0.9792499306330702	0.47285322172805333	10	403.0	403.04400437382446	0.758085172493181	0.7479916243339552	0.845360824742268	0.8101529602613593	True
24.0	2050-10-01	GARW	north	0.005186429950549617	2.715058491043295e-05	0.15866805121816804	0.032687298487193824	0.9995764805983562	0.8970427412039541	10	169.0	168.82279481984708	0.23914004074258283	0.20226756846355265	0.4375	0.27042860887834963	True
25.0	2050-10-01	GARW	north	0.001058806130186705	1.7143265283149486e-06	0.022893993712446707	0.04624820568597724	0.9992410709562256	0.997817253580559	23	1003.0	1002.9406934971025	0.8117263088115368	0.808594674737611	0.9302325581395349	0.8926851677658734	True
24.0	2051-04-01	GARW	north	0.005201706269775346	3.207837039676269e-05	0.1818994135169763	0.028596608252889615	0.9716170839090258	0.874735226707763	8	132.0	131.8956483823585	0.1268598725171307	0.10016171347451239	0.26136363636363635	0.1620060605819711	True
25.0	2051-04-01	GARW	north	0.007241237187588613	0.00029993274666286173	0.07244630794259048	0.09995315694109459	0.8694442398500978	0.7076451047494383	27	1010.0	1009.6930120578609	0.5956183071050026	0.6051095972277956	0.9302325581395349	0.8774519135755624	True
26.0	2051-04-01	GARW	north	0.0013379648750138323	2.553774706345829e-06	0.02354706183302931	0.056820884257290975	0.9991249361303506	0.9917845723009782	11	1218.0	1217.9955336992555	0.6258275959647349	0.6002637974665036	0.7763157894736842	0.880004799968259	True
24.0	2051-10-01	GARW	north	0.04942485474668112	0.003254032656617033	1.3343307951120764	0.037040930875412874	-0.9878069080070504	-13.14180141834944	7	101.0	100.77658247734088	0.06762377092659803	0.07126786698187226	0.10429447852760736	0.0834286391982114	False
25.0	2051-10-01	GARW	north	0.07116069169546085	0.008850341469539433	1.2519501329415914	0.05683987710298106	-0.2576041835198136	-11.134879739610476	19	636.0	635.8847435828485	0.3730401074391264	0.3928952277403421	0.8461538461538461	0.7550585449912877	False
26.0	2051-10-01	GARW	north	0.07193430347507233	0.006530263973535196	1.3157044406890048	0.054673603926883425	-0.6671172211617103	-3.770938949319425	21	2042.0	2041.9580543082286	0.7267502194758476	0.6951990089065501	0.9	0.8604981803761317	False
25.0	2052-04-01	GARW	north	0.01567255447199204	0.00024562896367755774	0.3138411593025254	0.04993785552800795			1	13.0	12.880723036088307	0.09285714285714286	0.09669468910160714	0.09285714285714286	0.09669468910160714	True
26.0	2052-04-01	GARW	north	0.0017047146973745476	3.5849842631110356e-06	0.03357370041295363	0.05077529960673693	0.9877519232700913	0.9071131315411929	7	364.0	363.85886345815175	0.843443146489365	0.8704453279656139	0.9	0.8986884068397976	True
27.0	2053-04-01	GARW	north	0.014730814328689902	0.0003558177762327758	0.331108016690413	0.04448945234226466	-0.519867175951473	-0.11548621650892898	15	1206.0	1206.0227909283915	0.9296553832157876	0.9028410271542291	1.0	0.9191209071535897	True
28.0	2053-04-01	GARW	north	0.02449265255116678	0.000773237649066825	0.9104635267746551	0.026901300086048203	0.7595035687796265	-3.4401402605204483	6	75.0	74.94081409239787	0.08589587698525375	0.08065867926577251	0.1032258064516129	0.08156498672793175	True
27.0	2053-10-01	GARW	north	0.004372986770796953	3.471378918454152e-05	0.07550088125289067	0.057919678528646656	0.9964768481183313	0.9726141149778749	25	1779.0	1778.9437066535493	0.8925570401784344	0.8911415274086241	1.0	0.9503393364635578	True
28.0	2053-10-01	GARW	north	0.0048958471045776825	2.8583299382432098e-05	0.12097142679602156	0.040471103253439465	0.9970587503014181	0.9456337367238172	11	143.0	142.9230866522569	0.10953247092245463	0.10856797441625486	0.2054794520547945	0.14308103218331641	True
27.0	2054-04-01	GARW	north	0.01006594707701758	0.00013415837895093438	0.2133311372297383	0.04718461265303934	0.6499327016012149	-2.4019096238292783	8	342.0	341.82576377231055	0.8267895876806868	0.8224558545095825	0.8910891089108911	0.8946120310417057	True
28.0	2054-04-01	GARW	north	0.023045888677842744	0.0005907848942193778	1.249927732263032	0.01843777690740365	0.016067925197555094	-10.77693126428504	4	49.0	48.99204457213822	0.2661637233521134	0.19858836324405754	0.4074074074074074	0.29401940013921524	True
29.0	2054-04-01	GARW	north	0.010600319349747379	0.00016791264612179053	0.18830536110719215	0.05629324246224294	0.9903029645427885	-0.7775372043815778	7	174.0	173.8775785854149	0.7153114568528103	0.6953452080265548	0.9107142857142857	0.8484430151667516	True
28.0	2054-10-01	GARW	north	0.0005844217124318608	6.072061838638137e-07	0.04515167469414182	0.01294352239182141	1.0	0.8517062631160908	2	23.0	22.89716542987249	0.3751322751322751	0.35523618500169285	0.4074074074074074	0.3810632973689658	True
29.0	2054-10-01	GARW	north	0.0012972651724461068	2.4292156610221295e-06	0.026156256902343633	0.049596743803578036	0.9985587696869709	0.9960188289866183	30	1097.0	1096.7209380712761	0.9045234268536203	0.8915131249368502	1.0	0.9982582965791625	True
0.0	2025-10-01	GARW	south	0.0154312327600992	0.00030387216352919274	0.25754152535519015	0.059917455015524625	0.9742322808613625	0.8028144635088603	23	3756.0	3755.897096372614	0.7838108569550907	0.7789221358626659	1.0	0.9055992459935424	True
1.0	2025-10-01	GARW	south	0.01805417644569782	0.0003800732073228865	0.4902901300548779	0.03682345480558017	0.9159958653369207	-0.04861467708356915	19	793.0	792.9712147921913	0.21508463675531042	0.20817489034372502	0.5555555555555556	0.5541811490151456	True
2.0	2025-10-01	GARW	south	0.00952828226512066	0.00012893812157083672	0.6885432823311122	0.013838319986017414	-1.0	-0.4226280261582802	2	23.0	22.715772366617628	0.030004815216082822	0.01946071069136518	0.03418803418803419	0.021097317023716585	True
0.0	2026-04-01	GARW	south	0.06744465081814024	0.006880714853257339	1.121634155412037	0.0601307034853661	0.8209700565144362	-3.2135347892257933	24	3773.0	3773.1793471906713	0.7638008807724382	0.7502937158030619	1.0	0.8910815744545582	False
1.0	2026-04-01	GARW	south	0.10099906898467935	0.01584521753784678	2.793741502837799	0.036151901985952355	0.07016659660715958	-22.222596519699426	25	941.0	940.987177498699	0.349932915807279	0.3356154553117963	0.9230769230769231	0.7967787333998168	False
2.0	2026-04-01	GARW	south	0.0348327772020391	0.0012683000932101306	2.8870374492185973	0.012065232202466549	1.0	-11.37749667557342	2	23.0	22.74129285042006	0.030004815216082822	0.024850627849600397	0.03418803418803419	0.025807801710892635	False
2.0	2027-10-01	GARW	south	0.11012977662238145	0.01486790568721235	3.1010476274029553	0.035513732729933016	-0.1534126321392854	-69.46928347983213	13	348.0	347.9467685576118	0.13682255771184965	0.14214672288279692	0.18181818181818182	0.23037763415384635	False
3.0	2027-10-01	GARW	south	0.08311106678960635	0.008191829255561264	1.767691632756931	0.047016722401963564	0.9626578433606332	-10.545458928494421	18	2406.0	2405.869335752207	0.8378174621111891	0.8323104352972428	0.89453125	0.9224982497757878	False
2.0	2028-04-01	GARW	south	0.003856547354991533	2.2268759456276835e-05	0.10970045869488292	0.035155252775359865	0.9816184220219274	0.9542989379021964	18	432.0	431.73030226506387	0.15745999726115015	0.15304875712774846	0.2727272727272727	0.2554762891388558	True
3.0	2028-04-01	GARW	south	0.004148951619808054	4.067639302513118e-05	0.07048835016935856	0.058860103972352765	0.9910723293728032	0.973723268817677	27	2852.0	2851.951231621769	0.808590678315135	0.7904915001188767	0.9014084507042254	0.8812598489479357	True
2.0	2028-10-01	GARW	south	0.026440852177857105	0.001279668038019757	0.9117816091892339	0.0289991067064498	-0.875936929895833	-1.2778735919574373	3	41.0	40.3760291396726	0.24019179133103183	0.25722826122269393	0.2727272727272727	0.31229523136739457	True
3.0	2028-10-01	GARW	south	0.011194380603849297	0.00014954948032905733	0.1932753692468893	0.05791933368162207	-0.6761553870840439	-7.088167314816742	7	239.0	238.98711675113907	0.729923507537423	0.6533401017769664	0.9014084507042254	0.8163366639862311	True
5.0	2028-10-01	GARW	south	0.0569330911017312	0.005053100018626319	0.5627877124583163	0.10116264062170341	0.7887612562341134	-1.225968584216412	25	4757.0	4756.991365559927	0.9248098662581796	0.9010268748697742	1.0	0.992307208957966	True
5.0	2029-04-01	GARW	south	0.011826590090306472	0.0003392945952439043	0.11336666265460403	0.10432158637622356	0.9303612293292628	0.8522102756773142	26	4768.0	4767.997065969234	0.9115074624952132	0.8449056603270271	1.0	0.9489948126509493	True
6.0	2029-04-01	GARW	south	0.006138936253553992	5.3124387626732336e-05	0.4773509198116488	0.012860426153523008	0.1542565648849826	-0.16216291890910228	9	109.0	108.78758985960926	0.9245852187028658	0.8357917587919909	1.0	0.9927472514840744	True
6.0	2029-10-01	GARW	south	0.010626316952593624	0.00015228343606236188	0.18579659985676766	0.05719327996737051	0.9854038079050677	0.846872347749443	35	4095.0	4095.0660456617525	0.9805334161636683	0.9548587514593939	1.0	1.0	True
6.0	2030-04-01	GARW	south	0.03704622592750246	0.002295252407357225	0.6007069835647755	0.06167104252335979	0.7772919678761941	-0.5290581637778342	26	3980.0	3979.9923055005374	0.9966949716949718	0.9746470923006834	1.0	1.0	True
8.0	2030-10-01	GARW	south	0.003542273223032443	1.8790061334726416e-05	0.08202220150286531	0.0431867611223371	0.9912752862591148	0.9682240993959114	20	2251.0	2250.981744643129	0.9823416938894572	0.964963318941928	1.0	0.9960781836121337	True
8.0	2031-04-01	GARW	south	0.002505645173171691	9.866314757379601e-06	0.04984807587524104	0.050265634714623274	0.9972955269162377	0.9920007677020741	27	2514.0	2513.96819867902	0.9732680452915459	0.9621545019048717	1.0	0.9925694846357999	True
8.0	2031-10-01	GARW	south	0.16149665154646972	0.026460878204906536	2.699039095693872	0.05983486930742364	-0.5084848828295685	-964.3014453653565	4	78.0	78.05213803714682	0.9232371794871794	0.8904081553406321	1.0	0.9812262863652994	False
9.0	2031-10-01	GARW	south	0.10331155291395179	0.012374426358268782	4.577946402990994	0.022567226397944142	0.9982127838325259	-1423.8481367092552	6	96.0	95.93604374816596	0.35126222664476797	0.33758515609872974	0.4	0.3716899372846899	False
10.0	2031-10-01	GARW	south	0.0719943395990295	0.01607622518777819	2.740795659341373	0.02626767864056312	0.7543324318585493	-77.09731762170037	7	92.0	91.69944462282473	0.3543327260590557	0.3298607891238617	0.5	0.456302295031866	False
11.0	2031-10-01	GARW	south	0.031178462041787862	0.0014387866272822815	0.8514669384201498	0.03661734899494488	0.9994172003087586	-19.327807313952857	7	111.0	110.98226977324882	0.36106046117372687	0.36141446881284206	0.46	0.42706864223426305	False
9.0	2032-04-01	GARW	south	0.002237026376974051	6.676195102376107e-06	0.10113733301462277	0.022118700486699745	0.9953588295879339	0.9601785369002193	11	173.0	172.67886488602363	0.357078232031902	0.33507904739249206	0.44	0.35007638849195527	True
10.0	2032-04-01	GARW	south	0.002522931680536446	8.567914571714705e-06	0.11992007488830361	0.021038443170473035	0.9965327391878831	0.9464861673741587	11	152.0	151.27044539883522	0.34330798239074545	0.30745703680657904	0.5	0.44187905271157996	True
11.0	2032-04-01	GARW	south	0.0017546099089224938	4.284606187331196e-06	0.05735504483141987	0.030592076321790174	0.9946234096274714	0.9829035980063648	15	237.0	236.98363539314272	0.4061882395453227	0.4095826589460521	0.6111111111111112	0.538403018368812	True
9.0	2032-10-01	GARW	south	0.007388267846700652	8.797792811158032e-05	0.314821328617219	0.023468129936278257	0.9828431145526993	-0.4076840227004823	3	38.0	38.04004601584506	0.35706542779713507	0.35138604125647216	0.3902439024390244	0.36109890235903797	True
10.0	2032-10-01	GARW	south	0.007277263955358337	7.798416550453e-05	0.26495684541763875	0.02746584616029654	0.9091270412970871	0.7882321965254971	4	51.0	51.18010238853039	0.1553156552422877	0.11407356633319532	0.34285714285714286	0.2399346159812975	True
11.0	2032-10-01	GARW	south	0.03277119507169758	0.002332827856276087	0.7631105227306991	0.04294423166179102	0.9161462419627289	-4.6577456778968225	21	1213.0	1212.9505179774715	0.7601533364124942	0.760003996198839	0.9354838709677419	0.8965505645530567	True
10.0	2033-04-01	GARW	south	0.0024078496414714646	7.259470566116452e-06	0.07965719315355674	0.030227648579454782	0.9998724208625555	0.9792942345807641	4	50.0	49.60699761407435	0.10313795489385562	0.09750222307667578	0.13414634146341464	0.11431609524413244	True
11.0	2033-04-01	GARW	south	0.0033269321972840948	1.7638653827064748e-05	0.07900254436973615	0.042111709487657425	0.9988021375109252	0.9795325523863919	23	1529.0	1529.0590839280446	0.8755770605303251	0.8879168300449243	0.9636363636363636	0.9284493043963319	True
11.0	2033-10-01	GARW	south	0.003057176821090564	1.1546600512005903e-05	0.07137981498546933	0.04282971063616386	0.9923907062471564	0.2343109135033602	5	152.0	152.07189984648673	0.848917748917749	0.8462731092346407	0.9636363636363636	0.8791585597778311	True
11.0	2034-10-01	GARW	south	0.006239002418905734	4.3212722299305774e-05	0.2590666397459856	0.024082616059802473	0.9692584452978211	0.16818953377696721	6	96.0	95.71686066066843	0.209912279391435	0.1989696152747167	0.2537313432835821	0.20925662357936883	True
12.0	2034-10-01	GARW	south	0.0032932284855667483	1.5979070436428328e-05	0.09797608677843493	0.03361257418878262	0.9652739650009561	0.907152877984761	11	327.0	327.14243331523363	0.4972720199657256	0.4895872316200423	0.625	0.5162254781043415	True
13.0	2034-10-01	GARW	south	0.002922386960179207	1.1903058060423298e-05	0.10775430419486891	0.027120837371787943	0.9542463280509139	0.7765865469927828	8	131.0	131.01455559890135	0.2322297237209645	0.2234525041811945	0.30434782608695654	0.24757572264317737	True
11.0	2035-04-01	GARW	south	0.005269668257751377	3.0322916249186317e-05	0.2114329379298458	0.024923591893236008	0.9955687907970245	0.8844439355160207	9	133.0	132.69649593470874	0.19671542965458502	0.17297004786585324	0.2537313432835821	0.18763135300704006	True
12.0	2035-04-01	GARW	south	0.001778303185839541	5.416204502482035e-06	0.052507415234414816	0.03386765808030085	0.9962203853684798	0.9886470321106596	18	512.0	512.0903420038795	0.47455803510031813	0.47286555873841646	0.625	0.48595332436464006	True
13.0	2035-04-01	GARW	south	0.0015420317536238455	3.599935400281827e-06	0.05835284651183525	0.026425990261007875	0.9978997415429001	0.9865363042223093	13	237.0	237.04432976084507	0.25842745702781283	0.25247071991183273	0.36619718309859156	0.26151593901401327	True
14.0	2035-04-01	GARW	south	0.0025255274927846443	6.378289116811092e-06	3.407336260246402	0.0007412028927846441			1	11.0	10.861015945978172	0.14864864864864866	0.09052417223010643	0.14864864864864866	0.09052417223010643	True
11.0	2035-10-01	GARW	south	0.004741349414460978	2.362661642670064e-05	0.20117681383606964	0.023568070912607757	0.9654916202689834	-1.293392414573065	3	37.0	37.100158253744524	0.17032173018088512	0.15850790794662611	0.19444444444444445	0.15980236946349302	True
12.0	2035-10-01	GARW	south	0.0061086285150026036	4.5791160311744595e-05	0.239499787465214	0.025505778437861233	0.9417504914987596	0.8554925970779617	6	133.0	132.6045874230448	0.383449623134793	0.3648298740817613	0.5	0.4556738068015232	True
13.0	2035-10-01	GARW	south	0.006473619860741164	6.0585034878124996e-05	0.1945502590531563	0.03327479435004196	0.9963478754412574	0.42395869463246416	4	76.0	76.04546713387217	0.30008372305907516	0.29755572428585286	0.36619718309859156	0.3037173363862855	True
14.0	2035-10-01	GARW	south	0.0027426560181910502	8.421162515517222e-06	0.05818180000786708	0.047139415037351896	0.9968230598840835	0.9312774425094851	11	623.0	622.992289726783	0.8795263743793985	0.8634420104553123	0.9615384615384616	0.9639226925001944	True
12.0	2036-04-01	GARW	south	0.011762842221633875	0.00013836445713105255	0.5561664810406076	0.021149858221633875			1	11.0	10.768651709125901	0.12941176470588237	0.10051085470585526	0.12941176470588237	0.10051085470585526	True
14.0	2036-04-01	GARW	south	0.002389309201831282	6.787821972376032e-06	0.055800934900675156	0.042818443921848574	0.9974415225401783	0.9924370824841884	24	1373.0	1372.9266081704639	0.9255627870060009	0.8963018743676159	1.0	0.9853399594417857	True
14.0	2036-10-01	GARW	south	0.011574949994881461	0.00030180492600719624	0.2015394266545733	0.05743268295945013	0.7395573143167287	0.5374561005512076	16	601.0	600.807764437935	0.694722243759148	0.7136514283538887	1.0	0.9527348825642057	True
15.0	2036-10-01	GARW	south	0.014549962742377484	0.00037669462799209264	0.20714950657443973	0.07023894472637286	0.8267699945108723	0.47527521193549715	12	2395.0	2394.5784788999376	0.9037412931300192	0.8158312482631521	0.9877675840978594	1.0	True
14.0	2037-04-01	GARW	south	0.02785253304933033	0.0008115281014165957	0.70678587701722	0.03940731408906143	0.9426412636569936	-2.833326359957757	6	71.0	70.56680332851442	0.08703074310397964	0.18171973217055729	0.25	0.3169389421557305	True
15.0	2037-04-01	GARW	south	0.00806727770449908	8.850496945534714e-05	0.1222704033832773	0.06597898985587568	0.9877159330251584	0.9610594388448294	21	3382.0	3381.6740812303515	0.943694472852103	0.893058987149143	1.0	0.9997667233985177	True
15.0	2037-10-01	GARW	south	0.49863351297823516	0.2587575059538947	8.336029503454801	0.05981666844768009	-0.9784431514008619	-8474.97960615866	6	346.0	345.7257029226723	0.9974358974358974	0.9977224769182916	1.0	0.9989626221277902	False
16.0	2039-04-01	GARW	south	0.19292307498265263	0.045161417563661724	5.41094783525646	0.03565421084372896	-0.8134339656063954	-116.83925553538491	18	365.0	365.0000993585178	0.9715593104849641	0.9568261749587956	1.0	0.9913976969726302	False
16.0	2039-10-01	GARW	south	0.18752116786593867	0.04133586512113423	5.27907111660309	0.03552162183914704	0.6649317418862747	-88.32597130896264	28	1649.0	1648.9832776454127	0.9224690967611956	0.9195487674812304	1.0	0.970576812224798	False
18.0	2039-10-01	GARW	south	0.014571118454053861	0.00035688270080755873	0.4220642844136393	0.03452345766308339		-0.46680615138422943	7	102.0	101.9990247168036	0.10954796344889942	0.10434925856124341	0.14728682170542637	0.13106368082438993	False
16.0	2040-04-01	GARW	south	0.09678678758603391	0.014121009275956971	2.1095613319598967	0.04588005388594877	-0.14624193496412316	-16.080871542444694	26	1717.0	1716.8264412766598	0.8637502009536142	0.8734311402627053	1.0	0.8954884464510211	False
18.0	2040-04-01	GARW	south	0.05155654049450599	0.004477348867545557	1.6666214435435462	0.030934763676679466	-0.9097867347831142	-12.377532536181388	8	113.0	112.86172627479728	0.11443554909886808	0.11062194028868477	0.14864864864864866	0.1315323250663752	False
16.0	2040-10-01	GARW	south	0.005151315049293672	2.6958662632415736e-05	0.11590290828439469	0.04444508878632902	0.9737842869754576	-9.636919442895302	4	68.0	68.01745353867155	0.7385531135531136	0.7817802128906868	0.8	0.7904344828887585	True
17.0	2042-04-01	GARW	south	0.17537926352737385	0.04156438902094937	5.053362935033453	0.03470545570980502	-0.8873611268245201	-155.71692126450347	15	219.0	218.3708861066276	0.74208989668742	0.742411726386217	0.9473684210526315	0.7860391220606081	False
17.0	2042-10-01	GARW	south	0.004080732599442931	3.186004132314683e-05	0.17398650329977725	0.02345430548950032	0.4411674384609005	-0.7365930193494741	4	58.0	55.2564742921099	0.727125718708536	0.7357365018474005	0.9473684210526315	0.7723925638627527	True
18.0	2042-10-01	GARW	south	0.02229157154876571	0.0005009807166162435	1.39774558103717	0.015948232533294564	1.0	-6.143002180717116	2	23.0	22.508619270918103	0.07804691369141417	0.04627642314937479	0.09022556390977443	0.05821541066115636	True
19.0	2042-10-01	GARW	south	0.0022217359227001124	1.1425688251220235e-05	0.0373720618964664	0.05944911278524297	0.9956483703475163	0.9748534497416892	13	1340.0	1339.975522634535	0.8454543405315644	0.8354186093085474	0.9344262295081968	0.9137942781214416	True
18.0	2043-04-01	GARW	south	0.07947800928318677	0.006402583121280775	2.7939111414175546	0.028446863647518077	-1.0	-150.59882704609535	2	23.0	22.40094777186708	0.07804691369141417	0.08100176558706502	0.09022556390977443	0.08460540383157561	False
19.0	2043-04-01	GARW	south	0.1299967250791835	0.02318411326151194	2.41076559033869	0.053923419846439814	-0.7749551343100811	-16.07246741381077	24	2026.0	2025.8886970210333	0.8858913983840816	0.8744471978557034	1.0	0.9386054804399221	False
19.0	2043-10-01	GARW	south	0.21005602564481057	0.04490632004661897	4.332584639427665	0.0484828441049357	-0.9256768420192864	-875.1684940431659	9	415.0	414.789456848467	0.9338748374696405	0.930712265737482	1.0	0.9514757643894354	False
20.0	2043-10-01	GARW	south	0.02186960441939038	0.0006784507107392418	0.48645849404522207	0.0449567736756537		-1.483371208134927	6	91.0	90.5474813798874	0.903792825531956	0.8956591824741594	0.9545454545454546	0.96402279178702	False
20.0	2044-04-01	GARW	south	0.002043800037857841	5.356174269609232e-06	0.05339385773266634	0.03827781180544752	0.995019654915326	0.9827424446499844	15	252.0	251.29479521545483	0.9229834416790937	0.9138910582290146	1.0	0.9848019914183065	True
20.0	2044-10-01	GARW	south	0.014187488167567696	0.0003037271651201641	0.18443722088548833	0.07692312917887811	0.9196447581006196	0.6140852425388172	19	479.0	478.827615067874	0.48106611076241595	0.4565858629541957	1.0	0.9296282975730801	True
21.0	2044-10-01	GARW	south	0.014967084740754616	0.0003192843660655022	0.26557480148323764	0.05635732252142641	0.8921588841656048	0.2784934055939028	15	1557.0	1557.1422477929927	0.7482830706677507	0.7339421563791616	0.9067357512953368	0.916104981542458	True
20.0	2045-04-01	GARW	south	0.0029446299096368505	1.1724207258960772e-05	0.0579808807829846	0.0507862224559548	0.9985080777352004	0.9852672925165784	16	419.0	418.75348470019804	0.2213072448484435	0.20743461452090747	0.5238095238095238	0.45841341452053036	True
21.0	2045-04-01	GARW	south	0.003352670321668656	1.4204865374281014e-05	0.0626547755847229	0.053510211957189364	0.998738753153963	0.9909679142957573	25	2138.0	2138.021702284176	0.8219024041866425	0.8214830296498274	1.0	0.9682980469007081	True
21.0	2045-10-01	GARW	south	0.4598296963344392	0.21550928776401007	8.556558042427788	0.053740031219839626	-0.8531909830429155	-6567.347335604946	7	210.0	210.01479073919882	0.9451069642162694	0.9182502441484319	1.0	0.9242746390458401	False
22.0	2046-10-01	GARW	south	0.0019745133518588687	4.810985150784333e-06	0.05344078766719941	0.03694768430725759	0.9970987626372274	0.9482322053090879	11	340.0	339.92858776009314	0.966848420129151	0.9691354513552501	1.0	1.0	True
22.0	2047-04-01	GARW	south	0.0016367668024930232	3.930590107582054e-06	0.041547221426050815	0.039395337312900125	0.9990940975715843	0.9935586300677819	22	674.0	673.9999907153729	0.9724884612756213	0.9828819954525865	1.0	1.0	True
22.0	2047-10-01	GARW	south	0.0018886197053783916	5.2240938721040575e-06	0.056112058778505766	0.033658000552669876	0.9950340375987282	0.9890564695761784	20	474.0	473.9150048658133	0.84107203607575	0.8257282117292055	1.0	0.9854834554711863	True
23.0	2047-10-01	GARW	south	0.0009527118883446382	1.423904050073294e-06	0.029923848611515758	0.031837879569341254	0.9694697081762003	0.8764836646558027	3	69.0	68.99999798897929	0.5021995977878331	0.41018635927520414	0.5384615384615384	0.44969158692001304	True
22.0	2048-04-01	GARW	south	0.000984821607098932	1.6038379711457238e-06	0.0326912800893912	0.03012490194345498	0.9977562359995696	0.9951696176483218	18	363.0	362.93101866894426	0.6104257630962693	0.5990089065739749	1.0	0.8311985479027836	True
23.0	2048-04-01	GARW	south	0.0015845216487294486	3.5783759645016137e-06	0.05469875282212383	0.02896814949112628	0.9977941623123121	0.986847393133153	16	369.0	368.8574767733993	0.6506278402720778	0.5960170479304683	1.0	0.7947995922753679	True
22.0	2048-10-01	GARW	south	0.1668803831123456	0.027935456216544807	6.469951133303584	0.025793144287186567	-0.8563025122979386	-933.7461571623944	5	75.0	74.99998954247502	0.36372379940024024	0.3838056192783429	0.4230769230769231	0.43902892696380447	False
23.0	2048-10-01	GARW	south	0.19563577096736795	0.05394783433268526	5.354295618743022	0.03653809667933418	0.5095489142599464	-115.65718912118606	33	2000.0	1999.8739161945584	0.8993672289387828	0.8823179473576878	1.0	0.9841188419526273	False
23.0	2049-04-01	GARW	south	0.004859035629837313	2.968633169026849e-05	0.09589720830639986	0.05066920837061569	0.9886940007783322	0.9653417398055578	28	1988.0	1988.028279051554	0.9817785595756375	0.9814358158755904	1.0	0.9856754448924108	True
24.0	2050-10-01	GARW	south	0.0026113913360076525	1.1029246745469638e-05	0.07159187129306706	0.036476087142878456	0.9726216138263684	0.8880414939434768	7	127.0	126.69677032588024	0.15525358902921127	0.13619858402747437	0.23214285714285715	0.1552454545851585	True
25.0	2050-10-01	GARW	south	0.0026357401565193653	1.4062816828473836e-05	0.0680285268468467	0.038744630799564916	0.9966352012735754	0.9477709669509393	16	1053.0	1052.865333973221	0.8670508252135226	0.86343583199802	0.9333333333333333	0.9267735287929595	True
24.0	2051-04-01	GARW	south	0.00289791626365494	1.0086149293212412e-05	0.07422773568226383	0.039040881915887074	0.9983933837698081	0.9770171591817204	12	209.0	208.9601663936196	0.17383585496586962	0.15465947021821705	0.2465753424657534	0.17590494712633625	True
25.0	2051-04-01	GARW	south	0.0016421931510654955	3.82537519080123e-06	0.03399223655271785	0.04831082969544097	0.9989889552268301	0.9961956366097382	26	1521.0	1520.8496008638813	0.8410714653067752	0.8304486503948051	0.9333333333333333	0.8626099529623873	True
24.0	2051-10-01	GARW	south	0.009299261597896456	9.02594844782083e-05	0.2489626126238971	0.037352040532867746	0.9879126160882836	-1.6592989135377572	3	44.0	43.845987525663375	0.21872010756763585	0.17808727602881602	0.2465753424657534	0.18325689471118384	True
25.0	2051-10-01	GARW	south	0.002581015247152397	1.0235478737862835e-05	0.05291393854174733	0.04877760601993485	0.9864141189459918	0.8782721487688218	9	298.0	298.01242701014985	0.8052478463704169	0.8035756567198412	0.8928571428571429	0.8288559703508128	True
26.0	2051-10-01	GARW	south	0.0025303900701305715	8.248321810380601e-06	0.06521328335596567	0.03880175847485669	0.9953193068462317	0.9810689412179913	19	1576.0	1576.000000442014	0.9440115716981305	0.958343587640037	0.9895833333333334	0.9914432638448567	True
26.0	2052-04-01	GARW	south	0.08639014070896914	0.011146379029902268	1.3950320945552717	0.06192699153384699	-0.051851534765564714	-8.426306890627401	28	1895.0	1894.9775879234332	0.9427454389865753	0.948919101425343	1.0	0.973435744395665	False
26.0	2052-10-01	GARW	south	0.006467857398685175	4.3098316471057794e-05	0.12109630306689134	0.05341085759746481	0.9816947563776457	-0.2828726120410816	7	173.0	172.94266416947966	0.935440314948646	0.9013647652826224	1.0	0.9282746324196467	True
27.0	2053-10-01	GARW	south	0.011236043900803254	0.0001896107706464585	0.31862576347784144	0.035264078391403074	0.9892522591604263	0.6665338626222971	18	986.0	985.8716531232208	0.4852677867238918	0.47929586228436133	0.7272727272727273	0.668087159454905	True
28.0	2053-10-01	GARW	south	0.013694739641735457	0.00024402473611145867	0.26915774693412003	0.05087997576784379	0.9973089680135494	0.6380641598775971	16	1271.0	1270.9353374312059	0.54258237484204	0.5393689100687011	0.6583333333333333	0.6572530775841909	True
27.0	2054-04-01	GARW	south	0.06336779421752455	0.00591634930174777	1.1984838063252978	0.052873300317522166	0.1676361868143466	-4.861848480390107	22	1062.0	1061.927398843102	0.45128757520620666	0.44379611362442933	0.7272727272727273	0.6500897829258484	False
28.0	2054-04-01	GARW	south	0.08078037041159283	0.010591289140184175	1.6181714829853595	0.04992077246507977	-0.211893664069566	-7.666895700478335	22	1491.0	1491.0084982510118	0.5923364203434496	0.5774418640862721	0.8	0.7128997200126257	False
27.0	2054-10-01	GARW	south	0.005748965152270771	3.3364133294583095e-05	0.09712593431288793	0.059190835001398004	-1.0	-0.5174951763303395	2	23.0	23.18616987398785	0.2515151515151515	0.25679105379809075	0.30303030303030304	0.2614115621608559	True
28.0	2054-10-01	GARW	south	0.003908612606410386	2.010782391950128e-05	0.07273892444241695	0.053734814425316406	0.9974502030205048	0.5945450904620025	4	120.0	120.04301803977341	0.7601398601398601	0.7406942457691069	0.8	0.7478294545646743	True
29.0	2054-10-01	GARW	south	0.002243449543909311	7.659852254961792e-06	0.05798965468686811	0.03868706506399227	0.9845088311143559	0.9639860141460187	15	911.0	910.9160612824924	0.9951578947368421	0.967160703363931	1.0	0.999565962982699	True
0.0	2025-04-01	GARW	tropics	0.27561161853974564	0.09444836285491329	8.256410348367776	0.033381531066249845	-0.8814675828339222	-5765.787523373597	5	88.0	88.11887736452277	0.25816288396475584	0.24394154895023173	0.31746031746031744	0.31603720897543847	False
1.0	2025-04-01	GARW	tropics	0.4284364561546383	0.20444780281448452	28.868563195882597	0.014840934522704075	-0.31216698180360436	-19704.048961659413	11	437.0	437.0489792754485	0.8020117453958673	0.7969203061885369	0.90625	0.8474016349759661	False
0.0	2025-10-01	GARW	tropics	0.002586781758774687	7.891378677255297e-06	0.09765540721306057	0.026488873812496143	0.9892530930771887	0.9491894017641884	31	1808.0	1807.847155434237	0.5389484130286614	0.536311187449969	0.890625	0.855847760982791	True
1.0	2025-10-01	GARW	tropics	0.003074727118759004	1.170902421862638e-05	0.09977828491071107	0.030815594009362814	0.9738581145377769	0.9389824577339664	35	1664.0	1664.0101143365894	0.5445218866052361	0.5414897163046108	0.90625	0.8580550219133241	True
0.0	2026-04-01	GARW	tropics	0.036030147287208825	0.002573417168177444	1.365359420539772	0.026388763826718176	0.33350597428760603	-11.481419642793906	33	1874.0	1874.0621850391847	0.6497517740229352	0.6437271951199899	0.890625	0.7671562699038481	True
1.0	2026-04-01	GARW	tropics	0.04913478047120484	0.003814340790205223	2.0889802758057185	0.023520940355577835	0.712023360848791	-52.437868478475785	23	1107.0	1106.9261231345615	0.39654082404371016	0.39233923845856566	0.7	0.6506237716525102	True
0.0	2026-10-01	GARW	tropics	0.0028183708257021474	9.48134605747885e-06	0.11799201503034412	0.023886114878005467	0.5843581260177024	-3.0666046417051502	6	139.0	139.04611964681567	0.7559540742449288	0.7155586134714831	0.8275862068965517	0.7843333471712151	True
1.0	2026-10-01	GARW	tropics	0.0004138171790396897	1.712446576683666e-07	0.023937150451645416	0.01728765417903969			1	12.0	11.961835119842068	0.21428571428571427	0.19338094228299754	0.21428571428571427	0.19338094228299754	True
2.0	2026-10-01	GARW	tropics	0.0016672519098339506	3.911415619994832e-06	0.13630803900561048	0.012231500959127775	-0.08063714872252291	-0.13817419114082874	16	264.0	264.0000756920497	0.949343487394958	0.9550887728820674	1.0	0.9713095219814293	True
2.0	2027-04-01	GARW	tropics	0.0010017923754291158	1.9320601116676855e-06	0.08140949680516564	0.0123055959653782	0.8730507646190735	0.6605384373547231	42	1406.0	1406.0773821654795	0.9546231396614671	0.9542270494085558	1.0	0.9720835405415881	True
2.0	2027-10-01	GARW	tropics	0.001474357389747007	6.6347678270781065e-06	0.06156046478990657	0.023949744284398937	0.9753651504491406	0.9219465717661814	48	1973.0	1972.911644232991	0.809415476843471	0.8067684857580751	1.0	0.973838425051821	True
3.0	2027-10-01	GARW	tropics	0.0012647633480895107	2.841015982342469e-06	0.08476161384081264	0.01492141655614075	0.8732019187775195	0.4324174608621576	21	408.0	407.8747916069285	0.4381661942404729	0.4324718746382875	0.8823529411764706	0.8189635576797112	True
2.0	2028-04-01	GARW	tropics	0.0012038230357463437	2.3897952577471987e-06	0.07616247817606996	0.015805985631972014	0.7594165656215296	0.43827560927820075	25	777.0	776.7054473759704	0.5955702477391521	0.5808831799909627	0.8723404255319149	0.8967447952749356	True
3.0	2028-04-01	GARW	tropics	0.0024608278473978043	2.877144049496245e-05	0.06930298930575776	0.03550824967363069	0.7684820308005892	0.3265438805105342	47	1166.0	1165.9348021175572	0.5738055438937326	0.5711324152547104	0.8823529411764706	0.77945358500474	True
5.0	2028-04-01	GARW	tropics	0.0016149091049784733	5.948153749855524e-06	0.05487162890783853	0.02943067550793594	0.9734317303840716	-0.10793879927965166	8	167.0	166.92310313068512	0.3259951504637282	0.3030067582629356	0.45569620253164556	0.4331178196332532	True
2.0	2028-10-01	GARW	tropics	0.011293890546068584	0.0001298547315493038	0.7303964142422246	0.015462686187727013	1.0	-41.67827612358391	2	26.0	25.71314047915977	0.30537098560354375	0.2346492044506249	0.3488372093023256	0.27856277412274694	True
3.0	2028-10-01	GARW	tropics	0.03485986297622495	0.003433519236042892	2.1262148906749907	0.01639526800847411	-0.5790741618370647	-82.45923293573894	51	1653.0	1653.0008618415525	0.4597498669592223	0.45898535821639824	0.8518518518518519	0.7720907778981568	True
4.0	2028-10-01	GARW	tropics	0.06022304658348117	0.006179924843038216	2.426025902481323	0.024823744265007823	0.21359569202862616	-41.467414366930775	26	525.0	524.881924689344	0.1464192671416092	0.1397621875748467	0.30434782608695654	0.19653468981901653	True
5.0	2028-10-01	GARW	tropics	0.047024597030139816	0.004681388082767621	1.2739394325555355	0.03691274155460279	0.1581676816371518	-10.81811042605856	35	2431.0	2430.981468856449	0.5197296489904489	0.5138430056001969	0.695364238410596	0.6616894087999218	True
3.0	2029-04-01	GARW	tropics	0.006452317532056417	6.926162824441195e-05	0.20811856519628952	0.031003084832777108	0.7776719995709238	0.2502008629893061	29	909.0	909.0180970006819	0.2641859398410892	0.2544900451285354	0.43478260869565216	0.30846288300392255	True
4.0	2029-04-01	GARW	tropics	0.0054055465464254125	4.638734166115482e-05	0.23067088406727626	0.023434021889164214	0.8331430874968194	0.31631054599564945	25	506.0	505.58836266957223	0.15340564049005698	0.14800907259248816	0.3157894736842105	0.23094063205453683	True
5.0	2029-04-01	GARW	tropics	0.0070482799456407464	7.28818916213216e-05	0.17381454074832162	0.040550577157100164	0.9055458350595511	0.7213222281546595	30	2233.0	2233.0173819170486	0.5496946592939213	0.5499545578700274	0.695364238410596	0.6438582823912574	True
6.0	2029-04-01	GARW	tropics	0.0024343569625419996	6.999076723883249e-06	0.11624522249388669	0.02094156568602225	0.2723869211048436	-5.279001357607168	4	50.0	49.88054852542671	0.7480894922071393	0.7145324619524581	0.9230769230769231	0.7863513007420299	True
3.0	2029-10-01	GARW	tropics	0.0026893444572656027	7.927780676359905e-06	0.14594084202498192	0.018427634238298043	-1.0	-11.47079599717927	2	24.0	23.967499970405207	0.3923913043478261	0.2964142158614209	0.43478260869565216	0.3003208697079092	True
4.0	2029-10-01	GARW	tropics	0.002837319017141973	8.050379205035493e-06	0.1526525887266825	0.018586773017141973			1	12.0	11.985393757687842	0.3157894736842105	0.25420101729593214	0.3157894736842105	0.25420101729593214	True
5.0	2029-10-01	GARW	tropics	0.008196292255291482	6.72375258617247e-05	0.34020104482645014	0.024092495834258036	0.12796476927457034	-0.14761481583546887	3	38.0	37.842641594965	0.3385448916408669	0.34069741844847284	0.35	0.35917267831999794	True
6.0	2029-10-01	GARW	tropics	0.006108785450776961	5.31630351927517e-05	0.3294766767125373	0.01854087370228871	0.7722138542935322	0.04603089181357645	30	1428.0	1427.8035605241078	0.8229831359134764	0.797147095193622	0.9545454545454546	0.8683561935127337	True
7.0	2029-10-01	GARW	tropics	0.005611074053847476	4.071231278956072e-05	0.5010104925944482	0.011199514055665613	-0.055585391758394	-0.009117270470052175	10	121.0	120.45186847992429	0.15327314360486588	0.12633696233203753	0.1875	0.13566371347287615	True
6.0	2030-04-01	GARW	tropics	0.02116313708269648	0.0010079611022714052	1.1732281154021924	0.018038382139727003	-0.20258466839270356	-6.765966859910635	43	1993.0	1992.7268531482723	0.7146860959567418	0.7127101631534299	0.9545454545454546	0.881083708911122	True
7.0	2030-04-01	GARW	tropics	0.021295622411978157	0.0009099551286293252	0.8237473037628047	0.025852130033933513	-0.7747646476136275	-14.940183208999725	34	516.0	515.8959707571404	0.2154609057285965	0.2009164690555692	0.3673469387755102	0.2695327509017383	True
8.0	2030-04-01	GARW	tropics	0.024350814411315733	0.0006296409154848278	0.9100184276494442	0.026758594849791453	-0.3101491911883143	-55.5744268371223	13	679.0	679.0638470081549	0.5844672497007227	0.5524949443473623	0.8378378378378378	0.847263185922236	True
6.0	2030-10-01	GARW	tropics	0.003351787263420623	1.989184174468587e-05	0.18213711773616198	0.018402549162307023	0.09241575731163516	-0.46340688719997813	16	508.0	507.614844527207	0.5118527398959337	0.4800846053708277	0.8260869565217391	0.7850103994936845	True
7.0	2030-10-01	GARW	tropics	0.005756999049919907	4.522733836737674e-05	0.43020298126526557	0.013382052892771818	0.45713429321780663	-0.9268759126630399	24	398.0	397.7321089636014	0.23578212030918344	0.22687469735031604	0.3673469387755102	0.27982706067359076	True
8.0	2030-10-01	GARW	tropics	0.009534934785378556	0.0007379720186256543	0.05311534088521381	0.1795137643187541	0.674036232563375	0.40306727310255197	38	2409.0	2409.068564298114	0.6064644431040169	0.5965300052897566	0.9051094890510949	0.8249034111721819	True
9.0	2030-10-01	GARW	tropics	0.004071945878859538	2.418009634102747e-05	0.2705720681904968	0.01504939481037886	-0.5022318726067527	-0.8214809555705516	16	351.0	350.7676614835754	0.27976353280154	0.2662667197237405	0.4788732394366197	0.47424197100643345	True
10.0	2030-10-01	GARW	tropics	0.004105196272780112	2.418289290805064e-05	0.2674542502193011	0.015349153245514049	-0.7331324781962565	-0.6584269010028312	14	293.0	293.00208496071	0.2841643569975832	0.27064421835598684	0.4745762711864407	0.43651905481173664	True
8.0	2031-04-01	GARW	tropics	0.14303286834873155	0.026677036943449074	7.869769693742671	0.018174975115530807	0.3990561844980662	-665.1127208151371	23	1488.0	1488.2613826448146	0.5982760502317308	0.5861327125949087	0.9051094890510949	0.9042999490793944	False
9.0	2031-04-01	GARW	tropics	0.1768542417818967	0.05415310183311528	7.549906116988043	0.023424694167250237	0.7977731486987487	-565.9443662946848	39	961.0	960.4392434736847	0.3715762205160671	0.36500051853576687	0.5698924731182796	0.46351950048917556	False
10.0	2031-04-01	GARW	tropics	0.15021152103377466	0.04521418266542076	8.993072720366882	0.016703025284515505	0.8028263940906181	-667.1553086605213	40	1027.0	1027.0012334804178	0.44258696739255204	0.434109879226507	0.6666666666666666	0.5921905379858649	False
9.0	2031-10-01	GARW	tropics	0.0014185627030955988	3.0085216623291275e-06	0.06670817049281115	0.021265201737896127	0.9707588502066915	0.9173109550980819	20	478.0	477.8573950544359	0.42445973855074326	0.4264890523159791	0.5443037974683544	0.46033073462795315	True
10.0	2031-10-01	GARW	tropics	0.0014470944872293384	3.495933998341698e-06	0.09472843242744716	0.015276242308112436	0.9559780453468513	0.895979995079726	25	666.0	665.8574959705586	0.5553618592387211	0.555386249191672	0.6842105263157895	0.656070259077664	True
11.0	2032-10-01	GARW	tropics	0.03629326887026291	0.0013891551961109168	1.980108288594079	0.018328931341442915	0.1346096453335776	-63.48482463239988	17	428.0	428.01795190928004	0.9340022732192131	0.9226672032355029	1.0	0.9882236910952066	True
11.0	2033-04-01	GARW	tropics	0.0035349000401263524	1.8749154520701247e-05	0.23060448423011784	0.01532884346081888	0.9721518584313451	0.7145140693513425	43	1311.0	1311.019527875608	0.9394968734048604	0.9361749566836565	1.0	0.9619641484804401	True
11.0	2033-10-01	GARW	tropics	0.002692131321347073	1.3264758819278302e-05	0.25513719759500064	0.010551700601574001	0.8370639708532913	0.012761077030969403	37	981.0	981.0310222061935	0.9108418377507903	0.9035693300636888	1.0	0.9544292205303643	True
11.0	2034-04-01	GARW	tropics	0.07675777879047212	0.010376073783642109	8.94337177147095	0.008582644303720752	-0.24070197874098143	-637.8636303733997	14	184.0	184.03260567763735	0.8337444476625148	0.7966569456494416	1.0	0.8524236825261329	True
11.0	2034-10-01	GARW	tropics	0.0010345506093711553	1.6131640391921706e-06	0.36345208376608584	0.0028464566736037256	0.7537798967765942	0.390739071599424	8	90.0	89.84364859375738	0.6667418268361363	0.5831351229838926	0.9090909090909091	0.7916197963730642	True
12.0	2034-10-01	GARW	tropics	0.001146419892723218	2.1474314995721957e-06	0.13805137503698034	0.008304298978667341	0.17317219464774833	-0.04673917973936215	12	161.0	160.7605075525805	0.5777994727573558	0.5249646549840096	0.6785714285714286	0.6168022231043885	True
11.0	2035-04-01	GARW	tropics	0.0010906282830509919	2.0804989988203444e-06	0.14731126191114943	0.007403563508327033	0.9474124988172613	0.7577797487053111	6	65.0	64.64375239863588	0.4600844019234623	0.3286487316431996	0.6875	0.4381287024390676	True
12.0	2035-04-01	GARW	tropics	0.0015877116318291488	3.7236934824032574e-06	0.1618752764219196	0.009808240436240925	0.9507554695311553	0.8360650564048185	23	313.0	313.00647693920024	0.5696655380263853	0.527206482273526	0.7647058823529411	0.567963587704271	True
11.0	2035-10-01	GARW	tropics	0.0009362538199196866	8.765712153142048e-07	0.16147637296882356	0.005798085519919687			1	11.0	10.619492011963356	0.3548387096774194	0.24691535928271316	0.3548387096774194	0.24691535928271316	True
12.0	2035-10-01	GARW	tropics	0.0012154764383424332	2.4558391995920454e-06	0.15066532164550722	0.008067393512106693	0.818998840167211	0.5885580578925935	11	148.0	147.66532455732928	0.5377728193576722	0.5304854942998067	0.6666666666666666	0.5565906403024142	True
14.0	2035-10-01	GARW	tropics	0.0012777672376176794	2.36074846719133e-06	0.10075911622013915	0.012681405768049865	0.9207898149536188	0.7817269405958389	19	301.0	300.9447702104658	0.7948221347589012	0.7660368799128936	1.0	0.8856164383171319	True
14.0	2036-04-01	GARW	tropics	0.0012763473596840884	2.4411279521579297e-06	0.09632119368982281	0.013250950396173775	0.9715400358976598	0.9367038887266758	43	1464.0	1464.4256059471215	0.9092480609535936	0.8937114320809221	1.0	0.9937484269246739	True
14.0	2036-10-01	GARW	tropics	0.01011884582094672	0.00014699456035125504	0.6103213810603504	0.016579536839044704	0.3789751943059321	-1.614678776598006	40	1472.0	1471.929182509893	0.9751378966795009	0.957252545478504	1.0	0.9886354842515025	True
15.0	2036-10-01	GARW	tropics	0.02265192592084772	0.0005131097479235729	0.5612707048891781	0.04035829007915227			1	10.0	10.026887242013789	0.625	0.6812890818540734	0.625	0.6812890818540734	True
14.0	2037-04-01	GARW	tropics	0.004492035012749238	2.9886873477563975e-05	0.25844009262456236	0.017381339586791	-0.3029377653099769	-2.727068819718887	14	287.0	286.95698089606503	0.9718944099378882	0.942488701321864	1.0	0.9912907405303288	True
15.0	2037-04-01	GARW	tropics	0.0058579174172463284	6.281647963705521e-05	0.15397530266033332	0.03804452607681367	0.978246702628433	0.8814560358641255	27	2758.0	2758.093603332492	0.9404947959646762	0.9049656128617868	1.0	0.999154086521525	True
15.0	2037-10-01	GARW	tropics	0.19777211641205905	0.0682007895230432	6.263342990539636	0.03157612743079546	0.2905305894118282	-139.75963415501366	32	2950.0	2949.9535041706204	0.979682466019556	0.9634856143565826	1.0	1.0	False
15.0	2038-04-01	GARW	tropics	0.39835137236775825	0.1634553519742994	12.844353867883592	0.031013733852646958	-0.7870016352828926	-36566.63210453406	7	156.0	155.5572180211916	1.0	0.9938292363180452	1.0	1.0	False
16.0	2038-10-01	GARW	tropics	0.08669622871066934	0.010026835378096182	5.300379771489668	0.016356606969372578	0.28349786680968614	-3967.681538534338	10	226.0	225.77584157384314	0.9042821739663843	0.8950141316511457	1.0	0.93222307963451	False
16.0	2039-04-01	GARW	tropics	0.0008500534829310381	1.308713880098884e-06	0.05410651784286409	0.015710740901858804	0.9915546796698981	0.9807623065336216	36	1454.0	1453.9599450053763	0.9410082363910566	0.9401100696640354	1.0	0.9774984698768726	True
16.0	2039-10-01	GARW	tropics	0.0013526315418919386	2.9068417357223312e-06	0.1034704886605071	0.013072631234302991	0.9872749402307831	0.9472646894779544	36	1406.0	1405.9660279468528	0.9556369674952686	0.9549516832315488	1.0	0.9723850577743726	True
16.0	2040-04-01	GARW	tropics	0.001285161969370801	2.37227559751563e-06	0.09640250374146589	0.013331209455071555	-0.3170112685036465	-0.42339854786787146	10	181.0	180.69028048139228	0.9445877025836458	0.9457304784518221	1.0	0.9731500881041499	True
17.0	2040-10-01	GARW	tropics	0.014423500066941231	0.0002604336167534229	0.7409999324566532	0.01946491414529916	-0.03382150361853303	-0.8396881769550166	8	110.0	109.99995653004012	0.7628472222222222	0.7148893297544904	0.8571428571428571	0.8176802099647501	True
17.0	2041-04-01	GARW	tropics	0.0035466582571574284	1.4696121301610203e-05	0.7218311805402342	0.004913417919274465	0.8036438825939161	-2.142991606340569	31	434.0	433.74175215890324	0.7608640879466307	0.7376444005737366	1.0	0.7829264685047822	True
17.0	2041-10-01	GARW	tropics	0.0022019177626485184	6.83038329328119e-06	0.3010989793497685	0.007312936654264389	0.561608803957199	0.0007260589820233809	33	447.0	446.30624776846867	0.7660576695666761	0.7381928194613371	1.0	0.7554535344891607	True
17.0	2042-04-01	GARW	tropics	0.007303415826045541	7.70723563349981e-05	0.6389433649312467	0.011430458827648085	-0.6120980428203178	-2.3015412572096543	9	109.0	108.70366631856203	0.8000417710944027	0.71023398040565	0.9285714285714286	0.7705331266220936	True
19.0	2042-10-01	GARW	tropics	0.001549917817210408	3.8075694851624545e-06	0.08235038666683678	0.01882101444745946	0.9070851243911433	0.7372074909755477	18	514.0	513.7750349693838	0.8387798895688242	0.827020815344459	0.9736842105263158	0.9178398592384595	True
19.0	2043-04-01	GARW	tropics	0.0010463725766035844	3.3823230598457316e-06	0.05588575366552816	0.018723422481980685	0.9848189570523705	0.9658701965261928	44	1445.0	1444.620064335245	0.8973075692188078	0.8879194773639885	1.0	0.9574310959402695	True
19.0	2043-10-01	GARW	tropics	0.0015865523344256217	5.407968038876427e-06	0.11825412018681006	0.013416465590537488	0.9292633669621454	0.7145648402710725	26	856.0	855.9379561401685	0.950663350662238	0.9443022273332209	1.0	0.9526669126589947	True
19.0	2044-04-01	GARW	tropics	0.014564946848774135	0.00031212423058404876	0.7457795830571865	0.019529827819994492	1.0	-0.5562206929136391	2	26.0	25.407048973961757	0.7647058823529411	0.7402990844260264	0.8235294117647058	0.9164038519400237	True
20.0	2044-04-01	GARW	tropics	0.00232431173108177	7.909350922341666e-06	0.12831476314072365	0.01811414114939122	0.9192991314604932	0.040453967375124744	17	416.0	416.200081632889	0.8462471407948273	0.8452041696186483	0.967741935483871	0.8751963645843878	True
21.0	2044-04-01	GARW	tropics	0.0037447370654767817	1.4023055689555658e-05	0.13280871884958984	0.02819647006547678			1	10.0	10.000066294678277	0.23809523809523808	0.13790009708101977	0.23809523809523808	0.13790009708101977	True
20.0	2044-10-01	GARW	tropics	0.010680586743567725	0.00013403276612499644	0.46755967043764374	0.022843259200628907	0.9468638101458869	0.1320162178877935	41	1177.0	1177.007227586761	0.64792910942284	0.6485710054365641	0.967741935483871	0.8963241599746395	True
21.0	2044-10-01	GARW	tropics	0.014413454257112933	0.00021352019076079857	0.679586993079217	0.021209137908607394	0.9574143239113182	-2.122619826954115	25	798.0	798.001314989893	0.5288691382614698	0.5265624330911289	0.8181818181818182	0.8315320607566735	True
20.0	2045-04-01	GARW	tropics	0.0017044952165123906	3.6265521083850778e-06	0.07650351196639232	0.022279960392683255	0.9886548006669699	0.920386366316252	21	628.0	627.9994136330357	0.46369001165375334	0.455790680983846	0.8405797101449275	0.7609694307969109	True
21.0	2045-04-01	GARW	tropics	0.004065635577489833	2.16114911355207e-05	0.1379401537453119	0.029473909279501647	0.9524913322526748	0.8257407015254188	44	1178.0	1181.9687733572582	0.747040947898309	0.7488319029092145	1.0	1.0	True
21.0	2045-10-01	GARW	tropics	0.001960306395085423	5.3323124494628005e-06	0.14761152883660753	0.013280171342546712	-0.06987491768084479	-0.11954156969953167	16	285.0	284.83586949080757	0.9669951184081619	0.9601561037120179	1.0	0.999135738602702	True
22.0	2046-10-01	GARW	tropics	0.0008423019727456553	1.2196836570728862e-06	0.048598822362391145	0.0173317362808668	0.9884965511594905	0.9652338722316665	29	910.0	910.0138445930406	0.8324697774809815	0.8367972169851727	0.9565217391304348	0.8976032403477627	True
22.0	2047-04-01	GARW	tropics	0.0007350734255921207	8.213357526053302e-07	0.04943275712332155	0.014870168454458417	0.9950761620841699	0.9899587165964455	48	1491.0	1490.9468334843048	0.8976674918194029	0.9010278273479432	1.0	0.9752334924364756	True
22.0	2047-10-01	GARW	tropics	0.29979262982441207	0.10092070460540839	21.278679674870595	0.014088873670975792	0.6162369015931286	-13114.314207183055	23	561.0	560.6912674634972	0.9468223277707303	0.9524346243891906	1.0	0.9680805756060508	False
23.0	2048-10-01	GARW	tropics	0.05010438010062697	0.0033032902663988244	2.8022577807807045	0.017880003918364702	0.8794682811519196	-127.43975749983449	26	750.0	750.0039134994433	0.9404563861693842	0.9392632132569647	1.0	0.970139696100258	True
23.0	2049-04-01	GARW	tropics	0.0018307488581640356	5.436030269898309e-06	0.1207680410140276	0.015159216319087168	0.9938234436631094	0.9312617121626753	44	1319.0	1318.9771117664206	0.9040100225996158	0.8882099233886045	1.0	0.9625237619252601	True
24.0	2049-04-01	GARW	tropics	0.004507431040887102	2.0316934588352583e-05	0.8351805620420731	0.005396953959112898			1	13.0	12.904690740141323	0.7647058823529411	0.5166206683711803	0.7647058823529411	0.5166206683711803	True
23.0	2049-10-01	GARW	tropics	0.002788555565440642	1.2784782475293576e-05	0.20032299663275807	0.013920296782264887	0.8215939823078893	-0.329270913372508	18	509.0	508.9243385981358	0.8496025401633429	0.8050811482978794	0.9591836734693877	0.935249070389109	True
24.0	2049-10-01	GARW	tropics	0.002499201352359324	1.2842767563599753e-05	0.3549861000071385	0.007040279470968207	0.5835974437500402	-0.6073463914982762	18	222.0	221.56957408575548	0.7837344980727334	0.7208868557676733	0.9166666666666666	0.8083569123927374	True
24.0	2050-04-01	GARW	tropics	0.008948605776865865	0.00011249816187650872	1.3944964618265052	0.006417087473384494	0.2145724345378244	-19.22166378904367	27	343.0	341.94793658865075	0.688502009771073	0.6386435834692646	0.9166666666666666	0.7929578003558442	True
25.0	2050-04-01	GARW	tropics	0.0030174616915676854	1.4234406162667143e-05	0.19918489132459305	0.015149049064421303	-0.637157260368072	-1.2979459826237556	18	415.0	415.08053484188633	0.6942200497294783	0.6857305433983885	0.9	0.8673517854157894	True
24.0	2050-10-01	GARW	tropics	0.002559350154999427	7.806671829732179e-06	0.6743855437979412	0.003795084545534471	0.3915975900266878	-4.290165345106453	8	105.0	104.32052080129199	0.47358823094117214	0.40431774883971144	0.6363636363636364	0.5721185607504802	True
25.0	2050-10-01	GARW	tropics	0.001197615771644523	2.651785878291091e-06	0.07424671047998618	0.01613021996398548	0.985654339644021	0.954751949394178	44	1226.0	1226.0280619845012	0.7992642614728777	0.799500566111055	0.972972972972973	0.9017906636675949	True
25.0	2051-04-01	GARW	tropics	0.00129469644826133	3.2523236431862893e-06	0.10015504694177862	0.012926921685873236	0.9645511020662332	0.8566665699366757	32	867.0	866.4958519525061	0.87643416328569	0.8639805556547036	0.972972972972973	0.9163190922700205	True
26.0	2051-04-01	GARW	tropics	0.0003343572564281673	1.1179477492617123e-07	0.01615001088089018	0.020703221743571833			1	11.0	11.000119471082428	0.55	0.48214017203306575	0.55	0.48214017203306575	True
25.0	2051-10-01	GARW	tropics	0.0019065549896156665	5.9771509992245314e-06	0.13394863090955098	0.01423347873486718	-0.4293963105260916	-1.7290018922510626	7	99.0	98.50394786666033	0.8394491129785246	0.7904546137621618	0.9333333333333333	0.8809226318684736	True
26.0	2051-10-01	GARW	tropics	0.0014334641488008735	4.069231714280959e-06	0.0717187727859997	0.01998729332804063	0.9800173436499385	0.9390376240269048	28	1149.0	1148.9979786835872	0.8820684120597635	0.8698697636862718	1.0	0.9992822077251539	True
26.0	2052-04-01	GARW	tropics	0.0009384608474190241	1.2416606562575994e-06	0.055182019968783705	0.017006641800171658	0.998174194000523	0.9912924480316928	42	1712.0	1711.6939330657606	0.9380774149843765	0.9283956636755609	1.0	0.9977373742703239	True
26.0	2052-10-01	GARW	tropics	0.0023054118775921	1.1196028159506178e-05	0.13147466458981977	0.017535027640379397	0.821827973285012	0.2520972071499906	16	512.0	511.7291848644806	0.9561598821182913	0.939145425120095	1.0	0.9815879205901057	True
27.0	2052-10-01	GARW	tropics	0.15383360833666482	0.032953205983122555	8.029200230441559	0.019159269157770758	0.796039985837441	-13792.32096528524	12	212.0	211.95889978167665	0.8306588420875946	0.8123155189932102	1.0	0.9566765231112085	True
27.0	2053-04-01	GARW	tropics	0.004106988940577782	2.811997428899442e-05	0.21790808968397277	0.018847344981703325	0.9817794186139499	0.6843871857977367	38	1300.0	1300.2028845591553	0.9013319331670521	0.8937744086040084	1.0	0.9402299782947763	True
27.0	2053-10-01	GARW	tropics	0.003261452576339907	1.920980432021907e-05	0.1949507238924015	0.016729625370049867	0.9647547587436718	0.6597289395968857	36	1219.0	1219.0002575716844	0.9296040044037466	0.9260181462900829	1.0	0.9520799976196016	True
27.0	2054-04-01	GARW	tropics	0.010263963178272538	0.00011145570455098084	0.5835375211622142	0.01758920858735889	-0.18608147674476744	-20.86692023144603	10	147.0	146.9876952792846	0.905145785586962	0.9058461531732828	0.9523809523809523	0.9211930200212509	True
28.0	2054-04-01	GARW	tropics	0.02091892174774201	0.0004413597923283879	0.8400884786630524	0.024900855420649442	-1.0	-124.60237196851831	2	22.0	21.84834052802711	0.2986111111111111	0.2305468341012359	0.375	0.23203078839157348	True
29.0	2054-04-01	GARW	tropics	0.0031380396189616224	1.2972580127668265e-05	0.09795944553297019	0.03203406881172529	-0.844306406374594	-0.8483870501991164	6	117.0	116.89508323908876	0.7689573158323157	0.7173996176333093	0.8571428571428571	0.7630965710264068	True
28.0	2054-10-01	GARW	tropics	0.005180884324838221	2.7252847192048013e-05	0.3915625227250079	0.013231307962730452	0.9134539610255015	-39.21406160949812	3	35.0	34.85615992839624	0.2824074074074074	0.2117506800360219	0.375	0.23300393270085956	True
29.0	2054-10-01	GARW	tropics	0.0013544416588185451	2.9733420512201525e-06	0.04008998044464821	0.03378504164372461	0.9985440977872557	0.9938313255848261	32	2835.0	2834.887432458926	0.9178964205197229	0.8969694590619942	1.0	0.9993019715418628	True
