variant	pivot_date	model	location	mae	mse	normalized_mae	max_r_data	correlation	r2	n_points	total_sequences	total_smoothed_sequences	mean_variant_frequency	mean_smoothed_variant_frequency	max_variant_frequency	max_smoothed_variant_frequency	converged
0.0	2025-04-01	FGA	north	0.1182676417099056	0.014026106736498433	2.856469204045905	0.04140343664212841	0.9367915030033249	-63.83619110857451	11	264.0	264.02317889330175	0.5960177053175385	0.6146893553806168	0.782608695652174	0.8448664193353159	False
1.0	2025-04-01	FGA	north	0.31249599548495804	0.09826719329475517	4.873201668097728	0.06412539779149792	-0.4966842008319349	-231.0557540287865	7	185.0	184.8545844801706	0.48831281528976095	0.5008822016668314	0.6774193548387096	0.6212840094152665	False
0.0	2025-10-01	FGA	north	0.1283382730795427	0.016796840374287723	3.0920473015725323	0.04150592166370589	0.6926484831815742	-30.548786453044283	18	371.0	370.89273008021286	0.45306964798995214	0.4604604473522471	0.782608695652174	0.6073094286731914	False
1.0	2025-10-01	FGA	north	0.28943529205570606	0.0838052439476152	10.106292662991097	0.02863911641067039	0.9554610999233197	-223.91580535002774	20	677.0	676.9743473541722	0.7074623326433718	0.6750089581352816	1.0	0.9790406754398776	False
0.0	2026-04-01	FGA	north	0.0036607162428602333	2.3185447935063667e-05	0.10884532068472988	0.033632279457042405	0.9787457283924877	0.36626665073068865	4	56.0	55.97386450253783	0.21819779530535793	0.20418885317404034	0.2830188679245283	0.2404365226048245	True
1.0	2026-04-01	FGA	north	0.009041497668867507	0.00017593697311065493	0.23587488418548908	0.03833175244617136	0.9208364455242553	0.6957698300062627	27	1933.0	1932.9994900874801	0.9363661508686172	0.9351531874707469	1.0	1.0	True
1.0	2026-10-01	FGA	north	0.001665732096724708	3.584131355791771e-06	0.03589289182502287	0.046408411583137923	0.9984621458929164	0.9962005949214044	25	2062.0	2061.9849094426218	1.0	0.9953269049549945	1.0	1.0	True
1.0	2027-04-01	FGA	north	0.29935003712701164	0.08970330454096731	6.399589860309178	0.04677644093781806	-0.7286984920030981	-2730.7574139180883	7	298.0	298.1226465434298	1.0	0.9935227293900903	1.0	1.0	False
2.0	2027-04-01	FGA	north	0.11270182113451807	0.01900481796186287	3.1667968138548	0.03558858612003313	-0.9340962987994962	-59.15797412698068	17	1315.0	1314.8601249662727	0.9648036973288892	0.9603331945185526	1.0	0.9726102964403059	False
2.0	2027-10-01	FGA	north	0.19249824474154512	0.037279439595825054	3.926521884886229	0.04902512971658192	0.9779242848955202	-37.91507663112122	25	1658.0	1657.995791744633	0.9539774023443576	0.9531983307618251	1.0	0.9929698574219399	False
2.0	2028-04-01	FGA	north	0.3225701089331057	0.10418540017253493	6.390021099715472	0.0504802885466949	-0.7615299413650867	-2287.4415211218475	6	180.0	179.98316341094238	0.9212516118086769	0.93202520371109	1.0	0.9460190158159849	False
3.0	2030-04-01	FGA	north	0.029376090695456276	0.0011234682638210584	0.5181432944532463	0.056694916271095304		-0.05002162706898794	7	105.0	104.89444918246147	0.10955483952675309	0.08857586327333895	0.16494845360824742	0.10592387104550258	False
4.0	2030-04-01	FGA	north	0.1411054015913049	0.020459718392258845	3.070827162614279	0.0459502909539129	0.25025320155156217	-48.02922165808904	17	926.0	926.117631155634	0.7061127439321309	0.6873059899443733	1.0	0.8727960431330887	False
5.0	2030-04-01	FGA	north	0.1797641069810377	0.03278905199670063	2.9243907127093767	0.06147061888816171	-0.9882878485725968	-108.82062651355818	10	437.0	436.9817294835383	0.30048378860313657	0.2940592448402118	0.45294117647058824	0.44072320322599	False
3.0	2030-10-01	FGA	north	0.007088181586504735	6.988988730812682e-05	0.25048898438054207	0.028297378441745735	0.9980164079640347	0.6874584992721016	11	153.0	152.5622589934584	0.11409838179366062	0.09385154568983922	0.1791044776119403	0.11416796935367264	True
4.0	2030-10-01	FGA	north	0.0012355055798476992	2.648200952412129e-06	0.023202976160398604	0.053247720090165984	0.9987894103420285	0.9973582667502633	22	1153.0	1153.10836677075	0.5595251255946452	0.5563967234588197	0.8484848484848485	0.7621624846526054	True
5.0	2030-10-01	FGA	north	0.004577405168517947	2.740931340642766e-05	0.07427444340668529	0.06162826617837628	0.9968129043851335	0.976297771278043	19	758.0	757.8970061821384	0.3951333813793997	0.39430545298035186	0.5853658536585366	0.5811435385264555	True
3.0	2031-04-01	FGA	north	0.2617744569693929	0.06852829134599099	12.992515902768833	0.02014809594449726	-1.0	-52474.987711723195	2	23.0	22.347306393319016	0.15350572717806316	0.10459506035311558	0.1791044776119403	0.11085211295040702	False
4.0	2031-04-01	FGA	north	0.09898324745590252	0.009882593458555777	1.8581084917194655	0.05327097308742447	-0.6835862434637254	-134.6065811183517	6	145.0	145.1476341972355	0.3805933488073594	0.3791372226684204	0.43023255813953487	0.42049620536807697	False
5.0	2031-04-01	FGA	north	0.15013395973988922	0.03849654001874434	4.353298175140971	0.03448740557153026	-0.6956212822376243	-77.85372989309519	20	509.0	508.96643948032204	0.8200678057727316	0.806592487779205	1.0	0.9880678262415297	False
5.0	2031-10-01	FGA	north	0.19326726346768666	0.03739430047421066	7.3279378186697715	0.026374031582976798	0.9660815772915677	-115.47432847661645	22	486.0	486.08309087867565	0.9674555017279475	0.9606817306304983	1.0	1.0	False
5.0	2032-04-01	FGA	north	0.11773135910082329	0.029157658859709848	2.9926681528730468	0.039339931154009786	-0.54677448843449	-44.34328018669323	21	766.0	765.9466124886955	0.5269301280948634	0.5080578214192448	1.0	0.9504595398530777	False
6.0	2032-04-01	FGA	north	0.022494006591045255	0.0006480343785409206	0.4804896563550965	0.046814757182663466	0.5308185027495689	-0.5209915470326301	14	938.0	938.0871857675006	0.47569207366717786	0.46842370025534436	0.6538461538461539	0.5191077495439582	False
7.0	2032-04-01	FGA	north	0.04383330655066773	0.00222134892687423	0.6427481559178926	0.0681967052679762	-0.316323964285221	-7.6606600293775475	9	496.0	496.08055200127353	0.24351499122535847	0.2486857871312965	0.4829059829059829	0.4248531211332047	False
5.0	2032-10-01	FGA	north	0.1383279294406477	0.019498810632848175	3.327216343922274	0.041574672381411916	0.9668746910728727	-24.215384463241413	20	827.0	827.254089644083	0.32270530072794923	0.31875694095132295	0.6190476190476191	0.4824587598771115	False
6.0	2032-10-01	FGA	north	0.1983870320044168	0.0403707668756569	3.628619190863033	0.054672871847219744	0.7690830636134925	-32.34658922191111	22	1199.0	1198.9788840987399	0.3983678068978193	0.38058217303952746	0.6666666666666666	0.5310176073602482	False
7.0	2032-10-01	FGA	north	0.141567718363369	0.02172084741693086	1.7989600213973862	0.0786941992481872	-0.1703799729127512	-14.45570398550645	20	1159.0	1159.0479546277923	0.47587070371892964	0.4685834522812777	1.0	0.8290954730380886	False
5.0	2033-04-01	FGA	north	0.2859117622564211	0.08174832830211232	7.141081188235418	0.040037601410756504	-1.0	-75236.74625432784	2	39.0	39.1219311245329	0.15794608657946085	0.1567258572741299	0.19708029197080293	0.16250096035853334	False
6.0	2033-04-01	FGA	north	0.04552323390087112	0.0020946734244424803	0.9699335504057969	0.0469343841975827	-0.12057822797739554	-96.91916745552975	4	85.0	85.09063680710165	0.21912630564748423	0.21969289576814352	0.2857142857142857	0.2417139737970036	False
7.0	2033-04-01	FGA	north	0.1816685315214025	0.04651093425118805	4.74688790382078	0.03827108101187245	-0.7628316994647739	-57.60506702674049	17	642.0	642.1018313501719	0.8295725177488364	0.8117539054557992	1.0	0.9699337681760372	False
7.0	2033-10-01	FGA	north	0.004065720220792327	2.4301181723667767e-05	0.11506455380613465	0.03533425443636113	0.9891490482697591	0.9500551996401188	22	719.0	718.9592653759273	0.7549900231030207	0.7296076478743312	1.0	1.0	True
8.0	2033-10-01	FGA	north	0.005821925548084599	4.3913149234374625e-05	0.19082097853439964	0.030509882051752868	0.8773356539478274	0.6482307390677549	25	417.0	417.00741684291387	0.661075843479738	0.6565996611247933	1.0	1.0	True
7.0	2034-04-01	FGA	north	0.2607319854174292	0.06827491806069487	7.4194717632492715	0.035141583354883564	-0.9908422330291066	-1270.288461335734	9	252.0	252.18892792606695	0.5348600530212261	0.49943717546525285	0.704225352112676	0.7151080050464508	False
8.0	2034-04-01	FGA	north	0.1735299413689252	0.031213272271386136	3.3505863618147473	0.05179091735899556	-0.6981443372992701	-53.028536605298335	48	4044.0	4043.973117563739	0.8528485044589708	0.8506649423105666	1.0	1.0	False
9.0	2034-04-01	FGA	north	0.15822347039129697	0.02507492571929422	5.575929756516529	0.02837615918787049	-1.0	-844.6856963657768	2	26.0	25.986555944550922	0.046975939153116694	0.039790828457478535	0.06299212598425197	0.043587918366598984	False
8.0	2034-10-01	FGA	north	0.228470201250537	0.05390603597072353	3.7315386179277374	0.06122680873591361	-0.37416126703264985	-41.75048728108124	25	3618.0	3617.8866964473777	0.9561826761471929	0.9423277606963387	1.0	0.9960380690519586	False
9.0	2034-10-01	FGA	north	0.16165069120827288	0.026173758272996603	3.009375543680289	0.053715692462424816	1.0	-588.2140710781136	2	26.0	25.985728264047175	0.046975939153116694	0.02433666644170243	0.06299212598425197	0.028573115163978507	False
10.0	2036-04-01	FGA	north	0.010189752917890703	0.00034990420145809327	0.15131332641367143	0.0673420719734441	0.9660655762433522	0.6349745363858545	12	312.0	312.07018705221356	0.2706355858965715	0.2849100155651035	0.423728813559322	0.4934095993700322	True
11.0	2036-04-01	FGA	north	0.0032107522092732206	1.2831512133878594e-05	0.057538327189507736	0.0558019735036494	0.992753019111325	0.9432165719629593	12	1060.0	1059.8739071675282	0.7269834617224761	0.7138578056095247	0.8586387434554974	0.9343511145372292	True
10.0	2036-10-01	FGA	north	0.1677100197024874	0.02826899911898893	4.278596253069455	0.039197439950584875	0.9820428661466609	-44.79928698682005	16	398.0	397.85597099480776	0.24016672370421482	0.23885040578446665	0.423728813559322	0.42801176962574866	False
11.0	2036-10-01	FGA	north	0.11569590335123273	0.013574814381218145	2.1341649313208055	0.05421132249588138	0.96944354372125	-9.582706924116023	23	1848.0	1847.940932828553	0.8055310038894442	0.8041797293456472	1.0	0.9322466648012806	False
10.0	2037-04-01	FGA	north	0.16498669487019815	0.027241078327328163	4.362942330342092	0.03781546543093128	-1.0	-2594.613494942169	2	32.0	31.935291649571443	0.14035087719298245	0.1170425182129089	0.19047619047619047	0.12284445560845567	False
11.0	2037-04-01	FGA	north	0.21495967479311534	0.04655248007163991	4.708608035208542	0.04565248863055871	-0.9920732393371761	-474.2482158813331	9	497.0	496.933751257795	0.9026891062014827	0.9098549287128816	1.0	0.9248305539636034	False
12.0	2037-04-01	FGA	north	0.0430278844549383	0.002052508014290625	0.6758408121927637	0.06366570896382306		-9.20593927822108	12	885.0	884.9687141740072	0.9042605851124036	0.8786862468226976	1.0	1.0	False
12.0	2037-10-01	FGA	north	0.22577334262438348	0.05126944753213469	3.9655910874572324	0.05693308705945047	0.9867486385619131	-36.761214816917125	25	2065.0	2065.0023691820015	0.9470581001260967	0.9329116397814623	1.0	0.9846164787925422	False
12.0	2038-04-01	FGA	north	0.08448417736128368	0.007328075456064631	1.9853597419779636	0.04255358642314074	-0.8888563932459137	-70.84302890540275	11	816.0	815.988154624669	0.9880497610544885	0.9713365855657876	1.0	0.9961786973261123	False
13.0	2038-04-01	FGA	north	0.19246926476701937	0.03855567757146304	3.373643609862357	0.057050858663423555	-0.7610258550604723	-31.753231101935434	19	3338.0	3337.981714209335	0.9801364759317661	0.9572763438021256	1.0	0.9980919500356146	False
13.0	2038-10-01	FGA	north	0.0019387275961426345	5.331664060720751e-06	0.029789623847278665	0.06508063364887841	0.9992692231786876	0.997420703670642	26	3607.0	3607.022214447886	0.9794089806517291	0.9657060850776962	1.0	0.9992193511211733	True
13.0	2039-04-01	FGA	north	0.3119259169565232	0.09730644006024962	5.048422120909781	0.061786813678787765	-0.8904831133736113	-16307.844719383897	3	83.0	83.0048110316421	0.9724556489262373	0.9688694431864708	1.0	0.9776018146818091	False
14.0	2040-04-01	FGA	north	0.11639709932132568	0.01576809936220687	2.9592058477212873	0.039333897441084176	0.9419499760567295	-27.894428015274936	21	2267.0	2266.9766004155467	0.7448732587209838	0.7374734807695313	0.9166666666666666	0.7972946508555268	False
15.0	2040-04-01	FGA	north	0.029579276265712853	0.0011143856000688668	0.5839300451592768	0.05065551346590601		-0.23263341726638243	16	848.0	848.0473197938018	0.28051467417143167	0.27351058671972783	0.39344262295081966	0.2939613777201119	False
14.0	2040-10-01	FGA	north	0.0169934155465482	0.0011825393147044028	0.3287904624365888	0.051684636532988194	0.41801534499003734	-0.05207022561128416	27	2500.0	2499.939569763438	0.7466233105127683	0.7412317371517128	0.9166666666666666	0.8011388358602077	True
15.0	2040-10-01	FGA	north	0.012175791137266925	0.0002454383416819045	0.2502446317256212	0.04865555378073795	0.9056654656255431	0.7761929334001438	19	904.0	904.0119235511411	0.2746093247037978	0.2705927326751431	0.39344262295081966	0.29298552936316663	True
14.0	2041-04-01	FGA	north	0.28503031614482055	0.08137465831601673	5.38094462364844	0.05297031210694035	-0.9983073815059414	-3654.6463879684234	4	105.0	105.04685628380797	0.7606108757062147	0.7874363666801525	0.8125	0.8384067082642171	False
15.0	2041-04-01	FGA	north	0.20318898348188769	0.04128576300840283	3.4955029309273686	0.058128683481887676			1	12.0	12.192501307065896	0.2033898305084746	0.25057633993635453	0.2033898305084746	0.25057633993635453	False
16.0	2041-04-01	FGA	north	0.027315929143619588	0.0009501035234609857	0.6122433746482585	0.04461612860949771		-3.5453716549794114	11	497.0	496.90106494275136	0.9935064935064936	0.9846097102882628	1.0	1.0	False
16.0	2041-10-01	FGA	north	0.058150238383667396	0.004028488021708255	1.3052506595197435	0.04455101245079111	0.5605435969008301	-4.476781591493654	22	950.0	950.0087585835995	0.9967532467532468	0.9945538851952654	1.0	1.0	False
16.0	2042-04-01	FGA	north	0.01742195952126542	0.00043633456534776825	0.3512237991090209	0.04960358485233967	0.8207165017798034	0.5096832215751841	18	461.0	461.02013548653355	0.5582440301253099	0.5477630473730648	1.0	1.0	True
17.0	2042-04-01	FGA	north	0.01716895710748702	0.00041081797608261594	0.2373549759598446	0.07233451516260457	0.9599509698049458	0.32036422731985126	15	1917.0	1916.8347540177192	0.8769548199774703	0.8698656729206417	0.9663461538461539	1.0	True
16.0	2042-10-01	FGA	north	0.00437389973127041	2.7082135218819038e-05	0.1237423152185198	0.03534683930510291	0.9942738786696335	0.9404670412787702	9	143.0	142.9530475425602	0.1164880602506196	0.1508100368683311	0.3157894736842105	0.2598535292317802	True
17.0	2042-10-01	FGA	north	0.0015193214840143355	3.2745949651723363e-06	0.02654406550620991	0.057237708506215616	0.9990600926710995	0.9980253969645783	24	2587.0	2587.018379462276	0.9147157612839275	0.8809368113665731	1.0	1.0	True
17.0	2043-04-01	FGA	north	0.23960672076425796	0.05749285880036396	4.382082957018349	0.054678727699689844	-0.9068885177492437	-1085.103494799191	7	358.0	357.91548036385683	0.9817252966126009	0.9825389431463186	1.0	0.9906701787538298	False
17.0	2044-04-01	FGA	north	0.044049532491622405	0.0019889642459736414	2.8780954658759614	0.015305097768261737	-0.8649195635151937	-113.79252183551532	7	100.0	100.04585161198797	0.1502226829325922	0.13722966122550392	0.25	0.1951506302813774	False
18.0	2044-04-01	FGA	north	0.12234350828601691	0.015338766437250288	2.4525544016975953	0.04988411600628874	-0.9623312877435991	-78.47474795345289	11	705.0	704.9517396153547	0.8197945621796816	0.8031004081606334	0.9019607843137255	0.8795406253203518	False
17.0	2044-10-01	FGA	north	0.18409261049625364	0.033896918627894	9.357278453830014	0.019673734345364378	0.9861642157164318	-206.81140562107882	8	112.0	112.02453098515443	0.14272304305473998	0.1366648487899298	0.25	0.20190208333786205	False
18.0	2044-10-01	FGA	north	0.20266648694503195	0.04132459062866812	3.885959987771741	0.05215351871423758	0.9512367107477961	-37.12903609292173	24	1479.0	1479.129640534204	0.8603356368049607	0.8468389694782067	0.9692307692307692	0.906671755189807	False
18.0	2045-04-01	FGA	north	0.00786978781538805	7.411120806034414e-05	0.18752352356843857	0.041966936550847676	0.982652155998951	-0.03817275985698987	10	440.0	440.00137599771625	0.8922545675783662	0.8599235428464095	0.9692307692307692	0.9279110275415408	True
19.0	2045-04-01	FGA	north	0.015216441038828295	0.00036503405845627647	0.31940085425096304	0.04764057715034247	0.9973150859321099	0.5586726845469929	15	396.0	396.08069341760495	0.1631956032277711	0.16972843000554952	0.4358974358974359	0.2982405382194986	True
20.0	2045-04-01	FGA	north	0.01489094900446947	0.00038754043645902053	0.29452770235809705	0.05055873822817704	0.9901372764876324	0.5996639780140285	19	2422.0	2421.947982440414	0.8034026854850119	0.7866722386050587	0.9401709401709402	0.8971628534293691	True
19.0	2045-10-01	FGA	north	0.007540190870489196	6.0604223374694194e-05	0.21233486137504465	0.0355108474494494	0.9969815570073326	0.8933571706048619	15	396.0	395.98476787507275	0.1631956032277711	0.14856204292410705	0.4358974358974359	0.23854965252504093	True
20.0	2045-10-01	FGA	north	0.005858479824110838	4.460594323855419e-05	0.10196466436719277	0.05745598105450941	0.9977086120480009	0.9717284416038225	25	2654.0	2653.788999374653	0.8370538144611317	0.8371138799629114	1.0	0.8944201063528493	True
21.0	2048-10-01	FGA	north	0.027888152809619055	0.0014808477708677873	0.8269523124009414	0.033724015752068785	-0.8861938305916084	-4.1378237148392	15	270.0	269.8172762918358	0.9952380952380953	0.9988617521753128	1.0	1.0	True
21.0	2049-04-01	FGA	north	0.11351477698364579	0.02550974124682176	2.7499760705569503	0.04127845991061869	-0.4222826008036506	-43.76999588584542	18	570.0	569.9140119995647	0.5461986079393517	0.5495987347564699	1.0	1.0	False
22.0	2049-04-01	FGA	north	0.02527689048442168	0.0008734909975300062	0.5662638378409679	0.04463800934348302		-1.90025982238692	11	360.0	359.78892870575214	0.27077459524758357	0.2737724623106618	0.3392857142857143	0.27778245489694187	False
23.0	2049-04-01	FGA	north	0.19211749775989126	0.03745908551844328	3.6900521646140008	0.052063626525991884	-0.8594068691478878	-130.23266022449596	12	530.0	530.105013657096	0.36597396398739207	0.35260124852080166	0.4444444444444444	0.42611375601645163	False
21.0	2049-10-01	FGA	north	0.0029449945328365	1.2413533297424133e-05	0.07055588700200963	0.04173988391291315	0.9980230442308715	0.9844937941135009	19	680.0	680.0235205010456	0.3458016217602727	0.3375761703341896	0.4782608695652174	0.4529971806496906	True
22.0	2049-10-01	FGA	north	0.0026486783706322456	1.1554006951619381e-05	0.05839412271756028	0.04535864651042587	0.9982139927782316	0.9870801148966231	19	571.0	570.9822963220902	0.2796432986655432	0.28881284809190744	0.34375	0.31056397545698566	True
23.0	2049-10-01	FGA	north	0.004513872081185376	3.053684758774481e-05	0.08249037244967418	0.054719986674071616	0.9954321923516254	0.972597714680626	21	865.0	864.7830945190401	0.41094191975083455	0.39317320262401156	0.5909090909090909	0.4756097589282849	True
21.0	2050-04-01	FGA	north	0.2843443017357445	0.08096078836252905	5.407690950575355	0.05258146301897883	-0.6150833580570187	-766.2834493802173	4	96.0	96.08312007737459	0.2845229901906038	0.27762856641867	0.3918918918918919	0.3078661614433508	False
22.0	2050-04-01	FGA	north	0.1069168878852067	0.011461631506535562	2.8339906198869587	0.03772662024176755	0.09879615136628599	-372.24562583923915	6	117.0	116.75137100173694	0.2867446128601894	0.2876308332925817	0.34375	0.3555602611672046	False
23.0	2050-04-01	FGA	north	0.31229193620176504	0.09775043648234452	5.232699398753832	0.05968084776208192	-0.7340861126159945	-503.3506417406905	7	204.0	203.75400240101555	0.4830660764322072	0.45009345006854423	0.5909090909090909	0.4677820225755335	False
24.0	2051-10-01	FGA	north	0.23466360386296867	0.05512135014964026	6.6095190485234205	0.03550388494839015	0.9922071958495791	-114.9872247311952	20	506.0	505.8672853294966	0.9538944822938726	0.9508946300560994	1.0	0.9742189400076614	False
24.0	2052-04-01	FGA	north	0.003995684232772308	1.996490942185602e-05	0.12481617213313978	0.03201255225572984	0.9719669021325912	0.7721287518260315	10	221.0	221.0634465296528	0.9392808302808303	0.9182464285217519	1.0	0.9727416883961542	True
25.0	2052-04-01	FGA	north	0.004205518837369763	2.6608135704396257e-05	0.06828723731576716	0.061585722349888225	0.997418595269348	0.9827588914139969	24	3851.0	3850.988184148704	0.8971132525068676	0.8944505752229887	1.0	0.9817064765332493	True
26.0	2052-04-01	FGA	north	0.0027467763667069316	1.1238063598505636e-05	0.04553285632844419	0.060325149533635374	0.9959835744010024	0.9851535118203949	9	146.0	145.96116044046403	0.07227665657116801	0.071002181737652	0.1595744680851064	0.12354434086269135	True
24.0	2052-10-01	FGA	north	0.19809357875813077	0.039450653941688535	4.928255739910537	0.040195474669447	0.9027770698453805	-135.23891586234816	8	111.0	110.8106438690956	0.047674518152807266	0.046036953397472984	0.09444444444444444	0.06954710079380114	False
25.0	2052-10-01	FGA	north	0.18809088547847785	0.036013696654725195	2.635247967396087	0.07137502345342181	0.8440652724342171	-18.671931389370062	27	3909.0	3908.9236278157446	0.8746141384104258	0.854116754129816	1.0	0.9457004232437815	False
26.0	2052-10-01	FGA	north	0.18811796018317403	0.03949487382509436	0.9645665727597574	0.19502848791964947	0.8623115428720669	-7.175594468316136	6	104.0	103.41952985355688	0.08930377471613012	0.0665301698978535	0.1595744680851064	0.15349479978246536	False
25.0	2053-04-01	FGA	north	0.33267881930023513	0.1106751968109985	4.301462115828891	0.07734086930023512			1	11.0	10.837366358701235	0.6470588235294118	0.5732378890711206	0.6470588235294118	0.5732378890711206	False
27.0	2053-04-01	FGA	north	0.15016442056149398	0.02308471204513748	2.991563103890437	0.050195972923389016	-0.6906393519432283	-62.40953719308713	13	978.0	978.0169345879992	0.798493349510158	0.7580441564663344	0.9772727272727273	0.8254431416991863	False
28.0	2053-04-01	FGA	north	0.027201255418860676	0.0011667740056622935	0.43654838487121145	0.06230982947488276	-0.975980291546455	-4.572707006575514	7	338.0	338.12325881604835	0.2807713565734778	0.271340097700017	0.43842364532019706	0.37720032691917277	False
27.0	2053-10-01	FGA	north	0.23560358676355903	0.05645959537090351	4.3704818300317845	0.0539079204367372	0.9123075152601147	-45.1651209868633	22	1501.0	1500.9890627411826	0.6187531754684984	0.6121183538746333	0.9772727272727273	0.8734993486250004	False
28.0	2053-10-01	FGA	north	0.12046158099699598	0.017810607462232075	1.9309897914777097	0.062383333940264664	-0.5921858416263114	-16.706087813170843	22	1229.0	1229.012567885519	0.5856802934573961	0.5641491060929607	1.0	0.8948590764523895	False
27.0	2054-04-01	FGA	north	0.29477353734988376	0.08696796135436262	5.650206154837471	0.052170403923671164	-0.750263005493488	-1299.3898407529725	7	283.0	282.910100322621	0.3048488615658029	0.33258067390718393	0.43349753694581283	0.4333135658365967	False
28.0	2054-04-01	FGA	north	0.050533391961464315	0.003177196924917773	1.3743888435052303	0.03676790029274711	0.9249239804596412	-3.144254454282871	24	1180.0	1180.068898573607	0.848320098822947	0.8325691073388954	1.0	0.9543939840129325	False
29.0	2054-04-01	FGA	north	0.042601405618808104	0.0018148797606982146	1.2892126398763404	0.0330445143811919			1	11.0	10.59679825869713	0.13580246913580246	0.07015587278105348	0.13580246913580246	0.07015587278105348	False
28.0	2054-10-01	FGA	north	0.001539831422038232	3.919630813502518e-06	0.041514892044030804	0.03709106169432123	0.9982974971411588	0.9938403180336636	23	1127.0	1126.840652567845	0.9350654904122101	0.9369981022192103	1.0	0.9435241828640458	True
29.0	2054-10-01	FGA	north	0.004666367286336258	2.1774983650989212e-05	0.21920792071740425	0.021287402713663743			1	11.0	10.985113914837417	0.13580246913580246	0.05181692776383531	0.13580246913580246	0.05181692776383531	True
1.0	2026-10-01	FGA	south	0.02737137022112621	0.0012316965127759534	0.47075522625265415	0.058143529152103364	-0.8656258184903218	-0.30250625890443583	19	1482.0	1482.030234743244	0.6305868839797097	0.630502975419204	1.0	0.9050858131829934	False
2.0	2026-10-01	FGA	south	0.18254964644012822	0.03435818575949353	2.7827313253763046	0.06560088815453367	-0.8549382220459383	-46.38495591255225	14	1530.0	1530.0294012340883	0.45753985523277985	0.45009684341313827	0.7008928571428571	0.7641349596123347	False
1.0	2027-04-01	FGA	south	0.23788833543555862	0.05785804960660142	3.2954395758151347	0.07218713314648362	0.39080527106906165	-40.35226042992384	23	1580.0	1580.281479575726	0.555636098426694	0.55853068718795	1.0	0.9057636205033334	False
2.0	2027-04-01	FGA	south	0.17530716381339614	0.032165920912305086	2.6421565019624884	0.06635003024354726	0.9555245433502397	-16.824320157153835	23	2049.0	2049.011022404067	0.6193068068326019	0.6021067138358663	1.0	0.9374406175292852	False
1.0	2027-10-01	FGA	south	0.10779992758885946	0.011620824388163344	1.9051362190213368	0.05658384241114055			1	15.0	14.968961781741882	0.15306122448979592	0.16904954323017954	0.15306122448979592	0.16904954323017954	False
2.0	2027-10-01	FGA	south	0.2767205452566291	0.07682552450366686	5.015915040862006	0.055168507241915625	-0.9768937987629905	-2244.2693000517907	7	282.0	281.595492217493	0.9012111758727681	0.8750117862739312	1.0	0.9137076154481129	False
4.0	2029-10-01	FGA	south	0.005402656393709	5.824626079857205e-05	0.12246460489888497	0.044116064377701596	0.9431491610628004	0.2733207896146441	11	313.0	313.027573184071	0.8852507932342273	0.8850450644241682	1.0	0.940871184739585	True
4.0	2030-04-01	FGA	south	0.07966180527099045	0.006707769293148782	2.234793823370959	0.03564615421695981	0.7589925394878044	-13.121857227447046	22	581.0	580.8507516300043	0.8871058748117066	0.8573088890446917	1.0	0.8686288172968123	False
4.0	2030-10-01	FGA	south	0.05985246412504369	0.005978231251097543	1.4492398929880754	0.04129921099648902	0.5754827673284684	-10.211932616530202	21	512.0	511.92086735555534	0.4465964131573795	0.4391881352953825	0.9666666666666667	0.8782277940436113	False
5.0	2030-10-01	FGA	south	0.09633591351236662	0.01378873562594601	1.8983954505555105	0.05074596732950276	0.9126774736342412	-21.52482967667507	18	2243.0	2243.037228724027	0.782821759421211	0.7697083732798856	0.9311926605504587	0.946793453964484	False
4.0	2031-04-01	FGA	south	0.18532194631033772	0.034530790151543665	5.84098423660511	0.03172786277164314	0.9954476078362126	-78.57943312486553	13	334.0	334.1035728010349	0.1715291075729358	0.17596203119086365	0.2926829268292683	0.2936461176087807	False
5.0	2031-04-01	FGA	south	0.08519695680218392	0.007736064819312255	1.6466408425723498	0.05173985401035657	0.9805948924017598	-4.460146681835111	25	2623.0	2623.2525538161794	0.8200272698144704	0.8173578254604891	0.9743589743589743	0.9545827883588994	False
5.0	2031-10-01	FGA	south	0.2533326777475431	0.06418528545685818	4.828420032662772	0.05246699252215541	0.8784907204123173	-4388.796868772797	4	113.0	113.24340777085226	0.9176282051282051	0.9270974183665124	0.9743589743589743	0.9298572365709845	False
7.0	2032-10-01	FGA	south	0.17462910178737565	0.03383807172420579	2.949083752402501	0.0592146973259448	0.8069235528974484	-16.892878653798636	23	4640.0	4640.018905197732	0.940749665185676	0.9397888577846424	0.9957446808510638	0.9959668361605477	False
7.0	2033-04-01	FGA	south	0.005231540620136366	3.953059156080165e-05	0.0884295277560019	0.05916056268638492	0.9908917361603875	0.9796367087059046	24	4656.0	4656.027892741517	0.9432184291362727	0.945571815976178	1.0	0.9923399465431025	True
8.0	2034-10-01	FGA	south	0.009533485776472311	0.00011093219071978281	0.3049552975669483	0.03126191232791875	0.9016985612401918	0.5611785766700528	11	220.0	220.01827305921285	0.11102642855118097	0.10734794790393147	0.1958762886597938	0.2070240045446738	True
9.0	2034-10-01	FGA	south	0.0019305340719999867	5.2246226366701905e-06	0.0335291333535326	0.057577810068764786	0.9994663856502994	0.9935917583092083	16	2460.0	2459.9959372381986	0.8360609887665864	0.823385822908254	0.9090909090909091	0.8725947029195225	True
10.0	2034-10-01	FGA	south	0.012014810172661207	0.00014751648200502036	0.2451760161308088	0.04900483482140824	0.9997020406576685	0.589331637970568	7	121.0	120.9840596370456	0.07283296349564537	0.07205944274096451	0.14792899408284024	0.10593412511624169	True
8.0	2035-04-01	FGA	south	0.23304369221433197	0.0546377350698434	6.39438851367778	0.03644503172052259	0.9948610370903599	-111.52328247918359	11	220.0	220.16012588049836	0.11102642855118097	0.11059357287221547	0.1958762886597938	0.2052905270850687	False
9.0	2035-04-01	FGA	south	0.18788103702334605	0.03676702258963241	3.2287085320574724	0.05819077044517863	0.9062497052359795	-19.517961694288108	23	2828.0	2828.0015122290442	0.8088421327369396	0.8033444806877238	0.9090909090909091	0.8690104680660482	False
10.0	2035-04-01	FGA	south	0.1475970053159282	0.02254928583733427	2.4959692880294937	0.05913414320592558	0.9011572959327251	-25.1459840257572	12	210.0	209.94368024449537	0.13771148633490934	0.1323543640611904	0.3404255319148936	0.24852493751052132	False
9.0	2035-10-01	FGA	south	0.08507713891351168	0.007260780949600451	1.4815382684293203	0.05742486760312155	-0.4323286024263121	-353.69356113099104	5	179.0	179.05409147398387	0.7128922829004829	0.7119002043360213	0.7931034482758621	0.7603591205892144	False
10.0	2035-10-01	FGA	south	0.30651044020858226	0.09397525276995121	8.686528743711762	0.035285722208709354	-0.8766872379395517	-4610.072201723646	3	56.0	55.838266648488904	0.28199663994407426	0.23807256014155628	0.3404255319148936	0.2599611929103588	False
11.0	2036-10-01	FGA	south	0.13885423529185786	0.0285359674764507	3.2358322246076368	0.042911444615672166	0.9134359639660021	-53.06802517081118	20	2288.0	2287.97998587948	0.9630935277415679	0.9598036146354424	1.0	0.9801664765796373	False
11.0	2037-04-01	FGA	south	0.031624220718819936	0.0012407818344508071	0.6008964892739662	0.05262839987138206	0.14588396202095696	-0.017107517955386342	27	2610.0	2609.941772916999	0.9397596408144308	0.9422516311125093	1.0	0.9677562138394115	False
11.0	2037-10-01	FGA	south	0.29194845175873035	0.08524563661957948	5.5024974600236645	0.05305744416599418	-0.02300510155592861	-7400.663275626442	4	86.0	86.13510977334045	0.8282106320789184	0.8704452745925908	0.8695652173913043	0.8965136039465902	False
12.0	2037-10-01	FGA	south	0.028910548550498027	0.0017212096398856983	0.7939296087808707	0.03641449850307511	-0.16881053225133474	-4.201272504060841	20	1845.0	1844.9314975429888	0.9118225793951517	0.9029296133043004	1.0	1.0	False
13.0	2037-10-01	FGA	south	0.06862518885591859	0.005109399355255355	1.4841696520775958	0.04623810273970668	-0.8817049807970291	-24.93002863548847	8	246.0	245.81939135571432	0.18386569933235258	0.18196482961833768	0.3798449612403101	0.2780694785441421	False
12.0	2038-04-01	FGA	south	0.18287430056017653	0.03416724632285216	3.9362848089337916	0.04645860486139749	0.39910830371435535	-39.289863410919466	26	2078.0	2078.005855033285	0.7925377868367107	0.776200988979354	1.0	0.9968168726739464	False
13.0	2038-04-01	FGA	south	0.19119999464410703	0.03720620623782066	2.981694069075558	0.06412461849360238	0.8511183558834353	-46.4175246807448	20	676.0	675.8146663891133	0.5153299131835751	0.5194436259231582	0.9285714285714286	0.8996711990465359	False
12.0	2038-10-01	FGA	south	0.2654015535131636	0.07046972786054266	5.53093790666022	0.04798490924903958	-0.977856855744534	-16027.193197021075	3	61.0	61.21057427084102	0.3173355629877369	0.3111651290477954	0.38461538461538464	0.3522642574625005	False
13.0	2038-10-01	FGA	south	0.17754991787153482	0.03182908231324394	5.610933616642752	0.03164356059121763	0.6702738844263787	-57.604417344183645	24	783.0	782.9396256413014	0.7639503141038063	0.7519206780286529	0.9375	0.9018359523770243	False
14.0	2038-10-01	FGA	south	0.16164119385378772	0.02630645931769937	3.6774776977571513	0.043954364142676026	-0.9883919141623674	-303.8421691912641	8	237.0	236.96638753803785	0.3508197575996571	0.34573097003554343	0.504424778761062	0.45709180880542355	False
13.0	2039-04-01	FGA	south	0.002806772484544726	1.0529915484362545e-05	0.07624418311541853	0.03681293929395021	0.9984952306384556	0.9780805269419626	23	773.0	772.9717445608765	0.6180053789222064	0.6157454758912663	0.9375	0.9116065737407639	True
14.0	2039-04-01	FGA	south	0.003034509923736785	1.1563774118241027e-05	0.0687984440931448	0.04410724637360148	0.999117642745875	0.98208452758208	19	630.0	629.9081906200345	0.5149181357412917	0.5060413959731527	0.8461538461538461	0.6963608614034267	True
13.0	2039-10-01	FGA	south	0.2762729906901812	0.0764050546075825	9.598799906574415	0.028782034564649703	-0.9831181929057425	-8805.99615321732	5	110.0	110.08635552267083	0.36251865971361064	0.36908977911670304	0.4057971014492754	0.39103204877819553	False
14.0	2039-10-01	FGA	south	0.1435167126402278	0.02146643400315853	2.933432909643939	0.048924491222691	0.30231984703729237	-22.66751832621645	23	2236.0	2236.1074067366244	0.7273136770766987	0.715251691181948	0.9230769230769231	0.7987158761837975	False
15.0	2039-10-01	FGA	south	0.03158709430370236	0.0012816187272558775	0.6190517201718408	0.05102496814795084		-0.918536743878275	13	674.0	674.0008042380912	0.24748944467721315	0.24897569707894615	0.3038461538461538	0.291998470692752	False
14.0	2040-04-01	FGA	south	0.003131317767656626	1.65528154883433e-05	0.062090832836468386	0.05043124120920923	0.9966548392526332	0.9892031679629972	23	2359.0	2358.9724529853456	0.7259215428583193	0.7135021632624006	0.9230769230769231	0.7663631437372344	True
15.0	2040-04-01	FGA	south	0.0034781465252662013	1.601407757004033e-05	0.06603670323588862	0.05266989953817003	0.9963589243356757	0.985397636288096	19	839.0	839.0319477374219	0.276632682547924	0.28306762522738854	0.3958333333333333	0.38837469722461726	True
14.0	2040-10-01	FGA	south	0.09668777264658741	0.009359000680684187	1.8892796566643257	0.05117705698334645	0.23740332690180097	-850.0321717652196	5	114.0	114.16811678480636	0.6536835748792271	0.6424779613176458	0.7222222222222222	0.6947115858466437	False
15.0	2040-10-01	FGA	south	0.326281194695146	0.10654754620319214	5.237670596762262	0.062295096392056645	-0.8891131379663347	-1395.4520875571452	3	48.0	48.17258593189283	0.3541666666666667	0.37812629579038415	0.3958333333333333	0.40107056718686074	False
16.0	2041-10-01	FGA	south	0.014373170266402844	0.0002603563044843418	0.2509557266926522	0.05727372893947066	0.9862541736228838	0.8096465756693759	26	4185.0	4184.580392352236	0.9717528895019145	0.9545082895402933	1.0	1.0	True
17.0	2041-10-01	FGA	south	0.021515549292306056	0.000495622085339728	1.494206551984633	0.014399313979535628	1.0	-3.5949173185872976	2	30.0	29.62194668736631	0.05285794209520257	0.044191426888290496	0.06639004149377593	0.05160992874949944	True
16.0	2042-04-01	FGA	south	0.09555617676000329	0.011478192622109609	1.5989396260555464	0.05976221691104909	-0.49793142517860706	-5.891172910246174	26	4186.0	4186.008258254772	0.9639126528155241	0.9651863817503302	1.0	1.0	False
17.0	2042-04-01	FGA	south	0.26907160966183197	0.0724264805616544	14.216934433043228	0.018926134247088555	1.0	-1611.0473221270777	2	30.0	29.49252420975997	0.05285794209520257	0.035513301276259665	0.06639004149377593	0.037964672067024426	False
17.0	2044-10-01	FGA	south	0.273871621548645	0.07506947540236589	13.856879347131313	0.019764307293715637	-1.0	-1258.6178969041746	2	24.0	23.742745833506394	0.90625	0.885786362303913	1.0	0.9359988984967575	False
18.0	2044-10-01	FGA	south	0.029901719451663623	0.0012003952355093106	0.45276462709174714	0.06604252554739531	0.6288491186788576	0.29214581512211335	23	3294.0	3294.0530507532853	0.7439552140588226	0.7442383660949758	1.0	0.9682449434419441	False
19.0	2044-10-01	FGA	south	0.16096541077596896	0.027112851596986197	2.2951839703717978	0.0701318120263336	0.5524042037871908	-19.06826342050851	14	702.0	701.9814675640737	0.18141437703363744	0.17507113573923896	0.3211009174311927	0.29959429702927276	False
20.0	2044-10-01	FGA	south	0.05407574205322613	0.004167433952287427	0.6600002522819245	0.08193291118641456	0.5669704921645433	-1.6788736129028567	14	668.0	667.9892424156633	0.18747578222940905	0.1875322380784033	0.3853211009174312	0.35638802261305597	False
18.0	2045-04-01	FGA	south	0.2161148835349884	0.04789391509597468	3.242662038808777	0.06664736594454977	0.8282180380620575	-25.088641507426274	24	3307.0	3307.0983814564893	0.7235779951723847	0.7136622637292845	1.0	0.9151934419258829	False
19.0	2045-04-01	FGA	south	0.2416635493021983	0.05910746185425331	3.560656335419601	0.06787050659684622	0.9032753760751167	-35.47700133754809	17	740.0	739.9532429638106	0.21428926617467786	0.19502624838068025	0.5357142857142857	0.25988699639133306	False
20.0	2045-04-01	FGA	south	0.09725079054291674	0.010993488849646927	0.6716588330272381	0.14479194757939393	0.8504804149268868	-2.5744312026768994	16	708.0	708.0471543134119	0.22397543935269368	0.22474308638366058	0.49019607843137253	0.4633782321822556	False
21.0	2048-10-01	FGA	south	0.13327952008872018	0.030949190684171825	4.025464387446427	0.033109104257475916	-0.6382165531070875	-67.9357722810113	20	641.0	641.0810325006114	0.9279334024787304	0.9247789397223967	1.0	0.9997805352214302	False
22.0	2048-10-01	FGA	south	0.20263762414174016	0.04119241198517858	5.546027112206847	0.03653743842970642	-1.0	-1238.5481818340104	2	28.0	27.99980108502632	0.18209876543209874	0.13222402912202702	0.19753086419753085	0.14682220957303366	False
21.0	2049-04-01	FGA	south	0.003947417389445206	2.0600346972288143e-05	0.10045350602294574	0.03929596432944343	0.9976049909255582	0.9667764374993774	25	891.0	890.7649008789845	0.8161219695781358	0.802822677232244	1.0	0.9517449154270142	True
22.0	2049-04-01	FGA	south	0.003355624167637106	1.6539337989266388e-05	0.09154412231258123	0.03665581233254045	0.997209709525054	0.94266791771766	8	114.0	113.09769498287461	0.22833121951142332	0.1972696717090082	0.45454545454545453	0.273232723543125	True
21.0	2049-10-01	FGA	south	0.1550212300300034	0.038909573215695645	3.9097542507216745	0.03964986546184817	-0.4862379563710001	-70.6369235274939	23	622.0	621.9551328070334	0.41705962308914146	0.4106708980382903	0.8431372549019608	0.803841834965432	False
22.0	2049-10-01	FGA	south	0.047661032502800314	0.004182321153490924	1.2412023977335902	0.03839908188207529	0.4580038550269417	-7.202129633364075	19	756.0	756.0862872464089	0.3248163774066737	0.3111967643570486	0.45454545454545453	0.3948996445488803	False
23.0	2049-10-01	FGA	south	0.12960520949752993	0.018693491328542748	3.0189436144562247	0.0429306492764273	0.8218296934601552	-47.15012937473024	17	962.0	961.750793115625	0.49617801615893287	0.48651172485355804	0.6129032258064516	0.5436044600265804	False
21.0	2050-04-01	FGA	south	0.18475202365864404	0.034296730543112275	4.582358677838249	0.04031810616488052	0.9978265723370212	-51.346227439904084	17	399.0	398.65289302891364	0.19038476799998472	0.193632592722764	0.24528301886792453	0.24483734938569854	False
22.0	2050-04-01	FGA	south	0.2566751955269019	0.06603422632018847	6.673969285325156	0.038459151451488385	0.9775357273053247	-92.17136162672642	21	869.0	868.8642815236732	0.3540478278691179	0.33282813988654164	0.4897959183673469	0.3705174491454499	False
23.0	2050-04-01	FGA	south	0.0616943477077595	0.004107004946970466	1.1455247343588815	0.05385684469073304	0.9878588311391769	-2.8925194081780097	24	1155.0	1154.6251706035912	0.4735895316695517	0.46739402423078236	0.6129032258064516	0.49373118943993205	False
21.0	2050-10-01	FGA	south	0.27267947256816893	0.0743642508476999	8.812251431762906	0.030943224291731193	-1.0	-9291.57687742439	2	27.0	26.750340844842363	0.24333116460637605	0.2303038245228763	0.24528301886792453	0.23872980428551135	False
22.0	2050-10-01	FGA	south	0.0911236676120428	0.008318816426167804	1.8264019874324453	0.04989244878130274	-0.054239383112075906	-562.9503702784781	4	92.0	92.00562673813863	0.3991953393378208	0.3481772834111981	0.4897959183673469	0.3777060296970315	False
23.0	2050-10-01	FGA	south	0.3140579473577964	0.09866428788688983	6.592567499222077	0.04763818457601765	-0.20124420457181041	-3191.2191940098114	5	107.0	106.91128269041734	0.4176137810943391	0.42188397714584214	0.46153846153846156	0.42435221739596496	False
24.0	2051-10-01	FGA	south	0.013506908410470938	0.0002779791911968972	0.6101398148211458	0.022137398809861812	0.050950357030056126	-11.43947271063635	10	140.0	139.97616781796603	0.14392339515680358	0.1229304762024878	0.36666666666666664	0.2831334628906016	True
25.0	2051-10-01	FGA	south	0.004008826234702919	2.947189845267793e-05	0.06042250541325619	0.06634657413301197	0.9940170272923234	0.9378348239164884	14	1171.0	1170.9845612147542	0.8324608609976453	0.798960691563428	0.9281045751633987	0.9181048470375159	True
24.0	2052-04-01	FGA	south	0.020433651922827003	0.00043820396815067	0.6217698544101341	0.03286369028329972	0.8419125731812106	-0.3618198199345892	12	164.0	163.76340573035762	0.1344390711446834	0.10620489309715066	0.36666666666666664	0.3455890842057472	True
25.0	2052-04-01	FGA	south	0.005083413481911852	3.695276996065941e-05	0.0737649049827853	0.06891371287061483	0.9962155159499079	0.9769648225222393	27	1959.0	1958.9193431803037	0.8891207469117821	0.8703873546149784	1.0	0.9714660978289348	True
24.0	2052-10-01	FGA	south	0.2505938446901481	0.06279727499659007	41.962481957834385	0.005971854690148096			1	11.0	10.868010050188651	0.09016393442622951	0.05607143416588469	0.09016393442622951	0.05607143416588469	False
25.0	2052-10-01	FGA	south	0.09383852295645548	0.008893421567078256	2.001283707508773	0.04688916549131709	-0.39313796109827914	-182.7032017329221	11	512.0	511.9613151785429	0.9513331443308541	0.9204030606282317	1.0	0.9420417612048158	False
26.0	2052-10-01	FGA	south	0.014577106329223077	0.00033291992670079476	0.43577376028203857	0.03345108783004415	0.5145146093801967	-1.5372976134239127	7	161.0	160.85808016820783	0.8769892563370825	0.8642362571104087	1.0	0.9005951726541391	False
26.0	2053-04-01	FGA	south	0.0006903668623045785	8.562975996639273e-07	0.026873588512512096	0.02568941851525151	0.9987826552360966	0.9969240190762673	17	409.0	408.72636749724313	0.741137079394861	0.6829541866989927	1.0	0.8112167967089424	True
27.0	2053-04-01	FGA	south	0.005426276962752229	4.292473648082166e-05	0.26265024952373067	0.02065970610190477	0.12379766250495278	-0.4437854438710147	22	529.0	529.179089377952	0.7787819670288502	0.7587109743530001	1.0	0.9892668854632891	True
26.0	2053-10-01	FGA	south	0.0030321466068926163	1.0515867403413588e-05	0.11216794061729891	0.027032203588705173	0.8973240082194983	0.49714589623508665	8	173.0	172.66203279521264	0.5839970926040444	0.5613108439228103	0.8823529411764706	0.7990663274567421	True
27.0	2053-10-01	FGA	south	0.007347643924772347	8.897231000933771e-05	0.11010598066675649	0.06673246884754162	0.9549100104079383	0.8988667082587306	45	4236.0	4236.23552635818	0.7201791511555828	0.7140919874480746	1.0	0.9657759403502524	True
28.0	2053-10-01	FGA	south	0.008062265020184232	8.099394415319263e-05	0.13403241340748653	0.06015160672868929	0.9810014184898618	0.9377069023137654	22	1549.0	1548.9653982199823	0.41534561037666146	0.4048410498975772	0.8571428571428571	0.8098087400231796	True
27.0	2054-04-01	FGA	south	0.26073889703902436	0.06927343336508403	4.0176771589836315	0.06489792154056115	0.06108800319411932	-53.089390850612816	21	3551.0	3551.0434191381955	0.6355769805658409	0.6357929737075729	0.926605504587156	0.9444361063372851	False
28.0	2054-04-01	FGA	south	0.11849037447712335	0.015704868603405076	1.5350833096606447	0.07718823710181409	0.2074098573916242	-8.047345523580288	22	1549.0	1549.0353191938084	0.41534561037666146	0.4127984388215627	0.8571428571428571	0.8026220767639439	False
0.0	2025-10-01	FGA	tropics	0.0016933284957076772	2.867361394375625e-06	0.11638656054483007	0.014549175504292324			1	14.0	13.999995806385977	1.0	0.9736021465345841	1.0	0.9736021465345841	True
1.0	2025-10-01	FGA	tropics	0.0038574041695140135	1.8705702080331654e-05	0.265375001216245	0.01453567273418775	0.4867958338155759	-3.8181702200640855	4	61.0	61.15816491597485	0.9186507936507936	0.9293690563874807	1.0	0.9611651988181441	True
1.0	2026-04-01	FGA	tropics	0.1679421982114952	0.028547565231924015	11.215475376534133	0.014974148894560153	-0.578690964937468	-1917.6063666713512	30	1126.0	1126.144693544401	0.9798580643639082	0.9801562346652783	1.0	0.9923293652619455	False
1.0	2026-10-01	FGA	tropics	0.057582760928333816	0.003812764612719145	0.43619092042360696	0.1320127454106846	0.46317089252147786	-6.686268838593418	50	1998.0	1997.9978263468392	0.7979634023058498	0.7949755962967113	1.0	0.9985262865895698	False
2.0	2026-10-01	FGA	tropics	0.19428971266533612	0.03778861793737628	10.396626594326937	0.01868776481511349	-0.5048413136472307	-26930.43079917695	16	609.0	608.999877567393	0.5660160012339684	0.5477113652384387	0.8823529411764706	0.9544815492879749	False
1.0	2027-04-01	FGA	tropics	0.25508113856442277	0.06513694325187852	12.083106857243736	0.021110558863551177	0.5480620238293971	-4691.38136571169	25	868.0	867.9681813910955	0.5746053547495101	0.5688722517837419	0.9827586206896551	0.9985101581043826	False
2.0	2027-04-01	FGA	tropics	0.0421421220022466	0.0018905798021508534	1.6604828084661925	0.025379438912212393	0.7656891432980352	-10.930092304725239	42	1823.0	1822.8999313682446	0.79449636095829	0.7869414404205797	1.0	0.9847672193535991	False
1.0	2027-10-01	FGA	tropics	0.2453962114591157	0.06021930059848703	16.974705406884407	0.014456581459115674			1	11.0	10.89156409778114	0.13924050632911392	0.11484268356299812	0.13924050632911392	0.11484268356299812	False
2.0	2027-10-01	FGA	tropics	0.1169626942964776	0.013750618199569216	6.970240105368166	0.016780296306636293	0.010953106891894465	-393.01024124512344	27	1110.0	1110.0106810201348	0.9457916790753172	0.942017882049663	1.0	0.9796807627587155	False
4.0	2029-04-01	FGA	tropics	0.004851802450714329	2.9797810394174644e-05	0.33494195156269774	0.014485502422368615	0.2543648923460128	-1.0366959265061926	22	355.0	354.5074570421228	0.8619196031840276	0.8263151531981411	1.0	0.8568054537651114	True
4.0	2029-10-01	FGA	tropics	0.022989965116859298	0.0006452352103791453	1.605410919486167	0.014320299455928418	0.7116248711922963	-36.4010613124846	46	854.0	853.6215778243994	0.8561807931211587	0.8465064073950165	1.0	0.8666922158033544	False
4.0	2030-04-01	FGA	tropics	0.20073243571524987	0.04220069098407863	30.00447275106849	0.0066900837545329495	0.24826771734260594	-7388.065155308137	45	817.0	816.8878110861002	0.8350411725693686	0.8301646096675853	1.0	0.8771325228473871	False
4.0	2030-10-01	FGA	tropics	0.15947018795457804	0.02551959632659316	25.515230450287767	0.006249999907517179	-0.2850756370767604	-9573.299383708321	22	331.0	328.10793686340935	0.7565437197680525	0.7241878180259912	0.95	0.8723051677039654	False
5.0	2030-10-01	FGA	tropics	0.009232131476942807	8.76930190455194e-05	0.7574287384339481	0.012188778968211673		-34.63645133331802	21	478.0	478.02529055117793	0.7521020445922587	0.740247788847238	0.9473684210526315	0.9192620135206531	False
4.0	2031-04-01	FGA	tropics	0.2262377902582412	0.051185738633111336	33.08113667340978	0.006838875957974214	0.4405090078994919	-19406.998868375795	4	50.0	49.646060927143374	0.5491311498855835	0.4404290915510109	0.631578947368421	0.4938171728163382	False
5.0	2031-04-01	FGA	tropics	0.07512845684579367	0.009485642453154985	5.720669264010318	0.013132809008631088	-0.8980435562773333	-241.26167103773395	47	1494.0	1494.0176686089833	0.8693025560096905	0.8651940475934267	1.0	0.9830177810197439	False
5.0	2031-10-01	FGA	tropics	0.1993312554091122	0.041144713314812634	16.603725357532877	0.012005212752972838	0.9433906566939139	-1702.5498194569184	39	1173.0	1172.938810593081	0.9562057559456733	0.9528216629926184	1.0	0.9927280430131306	False
5.0	2032-04-01	FGA	tropics	0.2818317995490115	0.0794881668705236	21.950095093472918	0.01283966189434947	0.6281216566195842	-23364.048319065892	13	193.0	192.9632413223793	0.9260406699886338	0.9187541421175076	1.0	0.9842246131684166	False
6.0	2032-04-01	FGA	tropics	0.05680246849577673	0.0043101438005885735	0.4568378462232256	0.12433835980397566	0.5867952437315462	-3.0528679209915968	19	359.0	358.66236449803995	0.4382246817188614	0.44942431084631423	0.7058823529411765	0.6080772927306213	False
7.0	2032-04-01	FGA	tropics	0.0062878133246615986	5.931229466622764e-05	0.1731683161990853	0.036310414414567206	-0.45053041002069716	-2.332129825686875	12	851.0	850.9170962427656	0.6641697572652204	0.6440499148433935	0.8426966292134831	0.913870021807091	False
6.0	2032-10-01	FGA	tropics	0.18492009812537824	0.03437121104284648	5.101208498561172	0.036250252891552294	0.26875001775193946	-184.33908994696847	25	486.0	485.90062616430015	0.3320532880138345	0.3314933672356938	0.6896551724137931	0.6300762695106484	False
7.0	2032-10-01	FGA	tropics	0.08341009712732392	0.012056302729249681	2.5283219236420615	0.03299029935522262	-0.9443389222621664	-20.854937894694558	35	3193.0	3193.1508857907406	0.8568774842988326	0.8465479494226262	1.0	1.0	False
6.0	2033-04-01	FGA	tropics	0.23170395302629418	0.05375790877143879	9.960712642782994	0.023261784707158943	-0.9999223105173183	-3606.232538410819	3	47.0	47.01103468995907	0.07407450678765339	0.07361282333239211	0.0867579908675799	0.08275333516185436	False
7.0	2033-04-01	FGA	tropics	0.10212174623679526	0.010875506117789951	3.2860879463060146	0.031076997300572323	-0.9463004680076663	-117.40185074127305	20	1789.0	1789.012010696572	0.9693551346487675	0.9692394342940587	1.0	1.0	False
8.0	2034-04-01	FGA	tropics	0.15120487919444234	0.023291862712434216	5.790817707589077	0.026111144717313906	-0.6373997594586341	-105.98651069763625	30	2285.0	2285.0001828637196	0.9876414004423392	0.9837295021661104	1.0	0.9984889056623824	False
8.0	2034-10-01	FGA	tropics	0.04782037535579725	0.002388750984004239	1.8797703519655913	0.025439477383922795	0.8031857058238334	-7.602470350702216	35	2469.0	2469.053435296888	0.9884699354266372	0.9803844584077775	1.0	1.0	False
8.0	2035-04-01	FGA	tropics	0.1910491056422186	0.036608008954274456	7.352709712189027	0.025983496305519185	-0.6847123789600019	-6376.420553878395	9	191.0	191.12061427242068	0.9742455612020829	0.9496222075412974	1.0	0.9920498840073332	False
9.0	2035-04-01	FGA	tropics	0.2047437178756941	0.041919990009561814	44.714433286196105	0.0045789178756940885			1	13.0	12.991831687949286	0.3333333333333333	0.21252201026432893	0.3333333333333333	0.21252201026432893	False
10.0	2035-04-01	FGA	tropics	0.020876227133559137	0.0004424763854476112	0.836607957737809	0.024953416878807286		-65.44262335830234	11	244.0	243.96939184862953	0.7806102494014915	0.7173790565270668	0.96	0.8443586076073522	False
9.0	2035-10-01	FGA	tropics	0.22895099504250066	0.052418558130951164	62.5599598058696	0.0036597049574993434			1	13.0	12.76828978997259	0.3333333333333333	0.2313474267549115	0.3333333333333333	0.2313474267549115	False
10.0	2035-10-01	FGA	tropics	0.18731105243863005	0.03638380173503725	8.297180460982952	0.022575265575992987	0.853347114420424	-197.2600697062953	37	2034.0	2033.9163819447097	0.886187517905051	0.8671987899095386	0.9866666666666667	0.9619085072261279	False
10.0	2036-04-01	FGA	tropics	0.08462063881004779	0.007245516133730168	4.706360442375557	0.01798005908092648	0.6630652743127573	-61.14811686066735	35	1862.0	1862.010164671844	0.8869535490619757	0.8880410989288888	0.9866666666666667	0.9493110965401921	False
10.0	2036-10-01	FGA	tropics	0.26173034874357864	0.06850995157158116	13.845290873227478	0.018903925611969945	0.4154423228164806	-41494.947753458364	9	122.0	121.77413155427385	0.7499807525349321	0.7550123223700431	0.8666666666666667	0.8529832714462073	False
11.0	2036-10-01	FGA	tropics	0.005028286262201609	2.739485326935633e-05	0.5953916469566392	0.008445342301834151		-11.976021263333182	15	205.0	204.82707279527767	0.962764192105288	0.9657238775249752	1.0	0.9956691232467139	False
11.0	2037-04-01	FGA	tropics	0.20664657120851015	0.04445749542588606	7.743409958539663	0.02668676620700085	0.6936332039334938	-960.6659569311241	36	539.0	538.8817971287465	0.6518548218770449	0.644571522856075	1.0	0.9769355655321178	False
12.0	2037-04-01	FGA	tropics	0.192017370310846	0.03717497957469853	5.773823078699672	0.0332565386388823	-0.732022821100403	-226.88739828062123	20	2352.0	2351.917657674954	0.80315147079972	0.772446923231871	0.9666666666666667	0.9994949812912519	False
11.0	2037-10-01	FGA	tropics	0.22698095651222272	0.051546014922135674	19.234542995032466	0.011800694020691995	0.386720705566601	-2118.363951455992	17	274.0	273.9300483349753	0.33736075531656795	0.33233289168926505	0.7647058823529411	0.703705446071206	False
12.0	2037-10-01	FGA	tropics	0.09049745065733891	0.008263209266498333	2.6913133484597944	0.03362575773985199	0.9471300717430383	-11.379703010470008	35	3384.0	3383.842366920041	0.8550461137810399	0.840077664073301	0.9874213836477987	0.9906764035079261	False
12.0	2038-04-01	FGA	tropics	0.24099114532858212	0.05836144233640282	6.979417292874165	0.03452883460265786	-0.8681958105309077	-2277.7219538415566	13	710.0	709.998029282289	0.9153716785959575	0.8706556826765535	0.9847328244274809	0.9860067583156149	False
13.0	2038-04-01	FGA	tropics	0.006549746690189977	5.379471985353291e-05	0.5944337956116135	0.011018462844042938		-3.676292259180329	17	342.0	341.8011538790403	0.9945113948216203	0.976498005735115	1.0	1.0	False
13.0	2038-10-01	FGA	tropics	0.0601397893271647	0.004006049230694078	5.4385581672140475	0.011058039185774098	0.8826840484389629	-382.796594522138	43	1267.0	1266.8667165057536	0.9821952014734853	0.976843898611143	1.0	1.0	False
13.0	2039-04-01	FGA	tropics	0.15612663946366875	0.02472620303502402	2.9448224357513304	0.05301733563566634	-0.5701652659340017	-292.82370411500204	47	1456.0	1455.673474348976	0.7814545011997229	0.7815452947995948	1.0	0.9967693177018883	False
14.0	2039-04-01	FGA	tropics	0.22141543070397732	0.04908414188317494	11.162387044536212	0.01983584960999504	0.8949777913084276	-10989.284473011097	14	400.0	399.94427735761366	0.5267900600763217	0.5081425412219772	0.7926829268292683	0.7918840946184555	False
15.0	2039-04-01	FGA	tropics	0.06896772183686711	0.004763209886655262	4.487005831760866	0.015370544283380536	1.0	-12422.02553165978	2	25.0	24.987738929274983	0.21721813725490197	0.14725387099775136	0.21875	0.15011119118450916	False
13.0	2039-10-01	FGA	tropics	0.2596332351969807	0.06750456243241958	26.054603102584494	0.009964966043609635	0.08993805815548922	-35534.79948821579	21	492.0	492.12395165876944	0.5554359698159749	0.5404388424536557	0.8888888888888888	0.8892417313622978	False
14.0	2039-10-01	FGA	tropics	0.1705857122699113	0.02947539155752623	8.933160234879992	0.019095785565767694	-0.7947453247981711	-215.49437706000012	39	1979.0	1978.9967217636158	0.7740720825856499	0.7620594157934015	0.9736842105263158	0.9315594845204687	False
15.0	2039-10-01	FGA	tropics	0.11567742617848076	0.017121021342603977	12.890021756161898	0.008974183935972237	-0.9111956892767479	-2586.3617565821223	6	78.0	77.32773269996514	0.17630009391169385	0.12030637521531849	0.21875	0.1272825760582965	False
14.0	2040-04-01	FGA	tropics	0.22331238980176812	0.05010055565514537	12.057872723109945	0.018520048679380303	-0.5685764014409469	-772.4016914805214	32	1539.0	1539.0558462802157	0.8951354178815034	0.9032432279841144	1.0	0.9336192519742994	False
15.0	2040-04-01	FGA	tropics	0.15682131286347245	0.024629697288949266	27.15940373272557	0.005774107355475978	-1.0	-8667.780776467876	2	29.0	28.35888787228615	0.15070133424563803	0.11661175427960926	0.16216216216216217	0.11827453384042891	False
14.0	2040-10-01	FGA	tropics	0.23847112451060717	0.05691422529604523	12.966116873880267	0.01839186911780796	-0.29090034866415265	-32855.700959253765	6	82.0	81.86177378570682	0.8626517273576096	0.887814151992642	1.0	0.9026698040720782	False
16.0	2041-04-01	FGA	tropics	0.14235670041057102	0.02492526287151726	3.4419325471048654	0.04135952650504799	0.9301437640044946	-38.733070497259035	25	3353.0	3352.912542661003	0.9568736589702234	0.9171730807400843	1.0	0.9994874492830327	False
16.0	2041-10-01	FGA	tropics	0.08165447784007976	0.006961915754226885	2.2351724517413327	0.036531623220600294	0.8303247197686828	-8.657182692795422	34	3716.0	3716.0708036154783	0.9745919761335675	0.9692528304716977	1.0	0.9997336878073794	False
16.0	2042-04-01	FGA	tropics	0.23329489001428333	0.054471244234028146	6.701089515688885	0.034814471507667984	0.49984508074279904	-10751.69993627374	8	231.0	230.85276633165893	1.0	0.9617985231051288	1.0	0.9990454693904048	False
17.0	2043-10-01	FGA	tropics	0.0054904779752819	4.176042195493703e-05	0.3911538317122289	0.014036620710700934	0.1532831526442574	-1.8617577481023386	33	1062.0	1061.5799435213498	0.9824002946339976	0.981390417944765	1.0	1.0	True
17.0	2044-04-01	FGA	tropics	0.2073260600748124	0.04415292771459617	9.203684419341016	0.02252641992364803	0.8581673332944865	-320.3185354009912	46	1799.0	1798.9680180829266	0.811845616759826	0.8108111240030685	1.0	0.9995936145261077	False
18.0	2044-04-01	FGA	tropics	0.0035997376196868617	1.675832039409714e-05	0.2627727762374087	0.013699050834834534	0.8051513153672254	-0.5785435197545974	21	475.0	474.9778656492499	0.5017725423258265	0.49541871924063774	0.7777777777777778	0.8419342449201586	False
17.0	2044-10-01	FGA	tropics	0.2719698245170653	0.07402088058350181	14.101315771659145	0.019286840243920418	0.09463533852187508	-5873.097537075593	20	662.0	662.1099993017298	0.5741242275828482	0.5537118693601042	0.9154929577464789	0.8758894231679933	False
18.0	2044-10-01	FGA	tropics	0.10232253863132926	0.012983282786967318	0.7760168804775971	0.13185607324463763	0.4883389108192101	-25.277899023427658	42	888.0	887.5928368825911	0.5506374310491601	0.5468098116937072	0.9090909090909091	0.7439020226216494	False
19.0	2044-10-01	FGA	tropics	0.11400434138633042	0.013026931501942179	6.4388833785571995	0.017705607429696308	-0.6092441162478657	-2423.9938590310103	10	154.0	153.89698304266028	0.31503409802214966	0.28276329202544526	0.37735849056603776	0.3277652008446227	False
20.0	2044-10-01	FGA	tropics	0.03880380250880868	0.0015322579788097782	1.573612253750045	0.024659062241245318	-0.4585741821272944	-299.6329077057413	12	271.0	271.00076884859214	0.4364229053033599	0.42273997783838296	0.6521739130434783	0.6287210233350387	False
18.0	2045-04-01	FGA	tropics	0.16579698266162496	0.027770994483753933	18.061587529468557	0.009179535430709913	0.8063459389268309	-3617.786305134884	18	336.0	335.3120990473192	0.569724570170492	0.5343025657672222	0.9090909090909091	0.8174575691883936	False
19.0	2045-04-01	FGA	tropics	0.19112039926828733	0.03662197356758	15.606616962420862	0.012246113281852544	-0.49990661329569264	-661.9459179944961	21	364.0	363.85892320782705	0.2612914421706969	0.23355541727193768	0.37735849056603776	0.26745413176691607	False
20.0	2045-04-01	FGA	tropics	0.05241046909241921	0.008608992425407525	2.3293481909132545	0.02250005786892295	-0.669179592006509	-44.501201664383224	38	1675.0	1675.0012128623428	0.7050886221961307	0.6936069798167331	0.9333333333333333	0.90386403945955	False
19.0	2045-10-01	FGA	tropics	0.08381723569575142	0.007048802986806683	7.54974556154296	0.011101994764260834	-0.7925142153517521	-602.5931033587326	8	152.0	151.83653491072965	0.20071210642594708	0.1870415723296096	0.25263157894736843	0.22296532866675728	False
20.0	2045-10-01	FGA	tropics	0.2679778387972153	0.07199116301678753	14.64747236504943	0.018295159200070694	0.6384417060625912	-1106.305188310003	28	1329.0	1328.9196205085436	0.8688515356142572	0.8605485591850691	1.0	0.9572965582071757	False
21.0	2047-10-01	FGA	tropics	0.1499963613896069	0.03529030787536825	13.42148845646134	0.011175836560616048	0.885156086124449	-1688.936099201022	36	971.0	970.7084939655809	1.0	0.9991852233213684	1.0	1.0	False
21.0	2048-04-01	FGA	tropics	0.03954871814151521	0.001996018168373226	3.258680227820892	0.012136421918256701	-0.8287915648324924	-45.29246898803959	46	1238.0	1237.6037154546264	0.9926750404439192	0.9916823471487165	1.0	1.0	False
21.0	2048-10-01	FGA	tropics	0.012692407896330773	0.000319429695539739	1.0193496249927145	0.012451476495536542	-0.8353953422458749	-64.68763535442902	20	404.0	403.6463275984964	0.9831525930210141	0.9731851534652598	1.0	1.0	False
23.0	2049-04-01	FGA	tropics	0.029472460480094796	0.0008693226317044486	0.6679826163303485	0.04412159801703476	-1.0	-1356.91756903695	2	31.0	30.96235568453024	0.7476076555023923	0.7624223892323538	0.8636363636363636	0.8496700016325762	True
22.0	2049-10-01	FGA	tropics	0.1622154002708025	0.03078141665676032	15.3554796218419	0.010564007394472037	0.030737192312947532	-5512.358047764198	15	205.0	205.11200958256933	0.30470458529207767	0.2762851955305844	0.47368421052631576	0.31865126203436783	False
23.0	2049-10-01	FGA	tropics	0.07495249485271248	0.007320425626003318	5.78391614105137	0.012958779661540529	-0.8865785747132954	-205.94484716195373	27	718.0	717.8275536705243	0.6654394092552584	0.6571275083729973	0.8636363636363636	0.7043883101010987	False
22.0	2050-04-01	FGA	tropics	0.10358508440137461	0.012911326670671302	17.294333008309476	0.005989539136988091	-0.6171199724410605	-1681.7178634887302	22	295.0	293.91195059766284	0.3087274591335856	0.27920299545840377	0.47368421052631576	0.3118411766810662	False
23.0	2050-04-01	FGA	tropics	0.2308436095813347	0.05740827431622712	18.49634679466694	0.012480497481150923	0.6141796886748014	-1051.0522659358642	46	1080.0	1079.678189802271	0.6450391815487425	0.6401249861314465	0.8	0.692988896968858	False
22.0	2050-10-01	FGA	tropics	0.10748831090010484	0.011567151571179277	19.11557684549962	0.0056230744051760494	-0.2376835378312912	-3873.997588446864	6	72.0	71.64850694932476	0.32976302978342964	0.30134131336210657	0.4074074074074074	0.32909711403402236	False
23.0	2050-10-01	FGA	tropics	0.2721999868536003	0.07413048975280238	21.301072772928222	0.012778698507595467	-0.05628086076298039	-11613.901689864977	20	345.0	344.81605174286636	0.6219124425225099	0.6076261142291134	0.7272727272727273	0.6655305065983819	False
24.0	2050-10-01	FGA	tropics	0.062315751495261335	0.003884342432050278	6.796831991197776	0.009168352487741822	1.0	-468.0484740514162	2	22.0	21.648762465244815	0.6493055555555556	0.5901958171430817	0.6875	0.6178296144696996	False
24.0	2051-04-01	FGA	tropics	0.17322159784504584	0.030489808349592265	16.48027827812186	0.010510841802653508	0.7269883175915032	-4238.566931635664	25	511.0	510.7424500703027	0.8303227310253525	0.8124956253463697	0.95	0.8601580966876416	False
24.0	2051-10-01	FGA	tropics	0.0018023756410574527	5.151382581262312e-06	0.08143119194664626	0.02213372539405256	0.9288782823992937	0.8542657589127776	40	812.0	812.1035633728793	0.6622742912215898	0.6571205175984536	0.95	0.8962243330571087	True
25.0	2051-10-01	FGA	tropics	0.0019175926954389589	5.142892405516617e-06	0.10015075689092602	0.019147061439859163	0.9540022950958906	0.8728973014352972	24	1180.0	1179.7245549368636	0.7146855584407716	0.6947293733178418	0.9540229885057471	0.9777569331062465	True
24.0	2052-04-01	FGA	tropics	0.1894238843762489	0.03817713995258595	14.822497680054857	0.01277948483885665	-0.9141377110967059	-6227.985546897621	15	290.0	290.28574209560696	0.41186638398881187	0.3721754807191258	0.7575757575757576	0.5978017241614285	False
25.0	2052-04-01	FGA	tropics	0.0585879272708931	0.003643312125825907	2.763355300895629	0.021201735170249085	0.3185750932807908	-22.561370141560513	46	2022.0	2021.8469625134903	0.820189495792126	0.8200943620265698	1.0	0.9536382415196323	False
25.0	2052-10-01	FGA	tropics	0.11636133902443366	0.01358188965536481	6.166316542331761	0.01887047773587572	-0.07256422174699054	-952.6054971874986	22	713.0	712.7012137969073	0.8849356452286653	0.8947424867425954	1.0	0.9612605774782326	False
26.0	2052-10-01	FGA	tropics	0.10630156151027276	0.018997456770455532	5.7254387374852	0.018566535489115004	-1.0	-396.9113427610623	2	25.0	24.836170867136723	0.773076923076923	0.7245455769642051	0.8461538461538461	0.7337041548752206	False
26.0	2053-04-01	FGA	tropics	0.015027980323547954	0.0005864884551626719	0.15162190433139672	0.09911483693478498	0.8412431135587481	0.4043408998239443	14	180.0	179.78048605023366	0.29316438196525524	0.30574700077476963	0.8461538461538461	0.8022401287549787	True
27.0	2053-04-01	FGA	tropics	0.009638351279441617	0.00016220817610065977	0.23236929860464176	0.04147859178178491	0.9735793469494104	0.7862164180850519	26	3734.0	3733.978266073714	0.8885789276157692	0.855179687898307	1.0	0.9922742581848577	True
26.0	2053-10-01	FGA	tropics	0.19947958619704956	0.04001877417828191	9.082096824988263	0.0219640453125545	-0.9755314703344695	-304.7301072644665	10	132.0	132.24168455390398	0.14848716392907615	0.14803593680095084	0.375	0.28481430472306585	False
27.0	2053-10-01	FGA	tropics	0.2228053271878773	0.05008541157157636	5.720412311962714	0.03894917272343105	0.688533188657903	-60.17232245513325	31	3931.0	3930.955512385807	0.9135209022072628	0.9068825617679529	1.0	0.9990647873997208	False
27.0	2054-04-01	FGA	tropics	0.074321031299818	0.005527281070080873	2.0868957809325903	0.03561319735219622	-0.7209872197867313	-2390.0806337314584	5	131.0	130.89655441407197	0.8939467135119308	0.8641406836474653	0.9318181818181818	0.9137176375574544	False
28.0	2054-10-01	FGA	tropics	0.001419795671640248	3.060593745177721e-06	0.06453984168255225	0.02199874735707752	0.9534418116571375	0.8915579709835482	23	865.0	865.0315422024378	0.8768186098930156	0.8721373973442736	0.9558823529411765	0.9076973640623511	True
29.0	2054-10-01	FGA	tropics	0.004545067956884757	2.7077996354820373e-05	0.49445571656984993	0.009192062715777485	1.0	-0.6018615755752019	2	32.0	31.999964950045978	0.21635150166852057	0.1276026111928734	0.22580645161290322	0.12972956999029747	True
0.0	2025-04-01	GARW	north	0.26919474989172376	0.09028520211469862	6.501748930131453	0.04140343664212841	-0.5636704704547233	-416.3466471171488	11	264.0	264.02317889330175	0.5960177053175385	0.6146893553806168	0.782608695652174	0.8448664193353159	False
1.0	2025-04-01	GARW	north	0.4956886569135294	0.2485296415946214	7.729989582680615	0.06412539779149792	0.24986064424598506	-585.8971265491726	7	185.0	184.8545844801706	0.48831281528976095	0.5008822016668314	0.6774193548387096	0.6212840094152665	False
0.0	2025-10-01	GARW	north	0.18716043263509827	0.040179435530669154	4.509246515510035	0.04150592166370589	0.12410653357562418	-74.46731427545014	18	371.0	370.89273008021286	0.45306964798995214	0.4604604473522471	0.782608695652174	0.6073094286731914	False
1.0	2025-10-01	GARW	north	0.333426526055706	0.12726177619228093	11.642346826436224	0.02863911641067039	0.6496002077005347	-340.5440792756784	20	677.0	676.9743473541722	0.7074623326433718	0.6750089581352816	1.0	0.9790406754398776	False
0.0	2026-04-01	GARW	north	0.017982520242860234	0.0003832394608720866	0.5346803883997461	0.033632279457042405	-0.944580136490093	-9.475175109441581	4	56.0	55.97386450253783	0.21819779530535793	0.20418885317404034	0.2830188679245283	0.2404365226048245	True
1.0	2026-04-01	GARW	north	0.01633043004617343	0.0003608683283460945	0.4260287882508367	0.03833175244617136	0.7302059415591116	0.3759865766871071	27	1933.0	1932.9994900874801	0.9363661508686172	0.9351531874707469	1.0	1.0	True
1.0	2026-10-01	GARW	north	0.2764064590909419	0.10501378534676677	5.955956036025411	0.046408411583137923	-0.846789087927812	-110.32122954263286	25	2062.0	2061.9849094426218	1.0	0.9953269049549945	1.0	1.0	False
1.0	2027-04-01	GARW	north	0.0010689743701637279	1.698924196289645e-06	0.022852836785610977	0.04677644093781806	0.9884397647939047	0.9482622318915853	7	298.0	298.1226465434298	1.0	0.9935227293900903	1.0	1.0	True
2.0	2027-04-01	GARW	north	0.003013055130904624	1.5692368211622815e-05	0.08466352444410678	0.03558858612003313	0.9970214861575226	0.9503272758118371	17	1315.0	1314.8601249662727	0.9648036973288892	0.9603331945185526	1.0	0.9726102964403059	True
2.0	2027-10-01	GARW	north	0.09424388324786646	0.013933246275282148	1.9223586718219343	0.04902512971658192	-0.3123275003177138	-13.544568062219794	25	1658.0	1657.995791744633	0.9539774023443576	0.9531983307618251	1.0	0.9929698574219399	False
2.0	2028-04-01	GARW	north	0.4512239955997724	0.21761716303124623	8.938617598874945	0.0504802885466949	-0.989030001461433	-4778.980215699442	6	180.0	179.98316341094238	0.9212516118086769	0.93202520371109	1.0	0.9460190158159849	False
3.0	2030-04-01	GARW	north	0.016630832585379018	0.0005510276845458861	0.2933390448246926	0.056694916271095304	0.896464543327091	0.48499570079615184	7	105.0	104.89444918246147	0.10955483952675309	0.08857586327333895	0.16494845360824742	0.10592387104550258	True
4.0	2030-04-01	GARW	north	0.0057225244032571895	4.6947266483075017e-05	0.12453728332203058	0.0459502909539129	0.978003407835677	0.8874965974355264	17	926.0	926.117631155634	0.7061127439321309	0.6873059899443733	1.0	0.8727960431330887	True
5.0	2030-04-01	GARW	north	0.004789841962295768	3.161176135156339e-05	0.07792083517184528	0.06147061888816171	0.9994716132383397	0.8941224821878014	10	437.0	436.9817294835383	0.30048378860313657	0.2940592448402118	0.45294117647058824	0.44072320322599	True
3.0	2030-10-01	GARW	north	0.007602802997509746	8.337732654821548e-05	0.26867517120574336	0.028297378441745735	0.9971951913399953	0.6271438434122474	11	153.0	152.5622589934584	0.11409838179366062	0.09385154568983922	0.1791044776119403	0.11416796935367264	True
4.0	2030-10-01	GARW	north	0.0019357229376972542	5.445852359704474e-06	0.036353160931950436	0.053247720090165984	0.9985462362882457	0.9945674480485763	22	1153.0	1153.10836677075	0.5595251255946452	0.5563967234588197	0.8484848484848485	0.7621624846526054	True
5.0	2030-10-01	GARW	north	0.00448545151648274	3.129216449006344e-05	0.07278237397592999	0.06162826617837628	0.9977602470430333	0.9729400722684775	19	758.0	757.8970061821384	0.3951333813793997	0.39430545298035186	0.5853658536585366	0.5811435385264555	True
3.0	2031-04-01	GARW	north	0.0203907115306071	0.0004170059448312186	1.0120416135985346	0.02014809594449726	1.0	-318.3250321417612	2	23.0	22.347306393319016	0.15350572717806316	0.10459506035311558	0.1791044776119403	0.11085211295040702	True
4.0	2031-04-01	GARW	north	0.010354670651710689	0.00014099480703916848	0.1943773513338559	0.05327097308742447	0.944399528805465	-0.934696981941568	6	145.0	145.1476341972355	0.3805933488073594	0.3791372226684204	0.43023255813953487	0.42049620536807697	True
5.0	2031-04-01	GARW	north	0.0023483745750736877	1.0430999672226282e-05	0.06809368626477073	0.03448740557153026	0.992681854558272	0.9786338400732065	20	509.0	508.96643948032204	0.8200678057727316	0.806592487779205	1.0	0.9880678262415297	True
5.0	2031-10-01	GARW	north	0.0011230611738846737	2.2729266481131848e-06	0.04258208193735375	0.026374031582976798	0.9965511302925292	0.9929203755209121	22	486.0	486.08309087867565	0.9674555017279475	0.9606817306304983	1.0	1.0	True
5.0	2032-04-01	GARW	north	0.12261614473719334	0.022527659737812362	3.1168367900078415	0.039339931154009786	0.8521447388948042	-34.032921962524085	21	766.0	765.9466124886955	0.5269301280948634	0.5080578214192448	1.0	0.9504595398530777	False
6.0	2032-04-01	GARW	north	0.09597334625457492	0.01127255457126901	2.050066090914511	0.046814757182663466	0.9988744104800432	-25.45763987856322	14	938.0	938.0871857675006	0.47569207366717786	0.46842370025534436	0.6538461538461539	0.5191077495439582	False
7.0	2032-04-01	GARW	north	0.08562785543455662	0.009092686593866922	1.2556010601697754	0.0681967052679762	0.9883619113488891	-34.4508318753738	9	496.0	496.08055200127353	0.24351499122535847	0.2486857871312965	0.4829059829059829	0.4248531211332047	False
5.0	2032-10-01	GARW	north	0.013156782870890208	0.00026185197497162195	0.3164614924728215	0.041574672381411916	0.8258054437187707	0.6613794376644979	20	827.0	827.254089644083	0.32270530072794923	0.31875694095132295	0.6190476190476191	0.4824587598771115	True
6.0	2032-10-01	GARW	north	0.022405287854488205	0.0011155604974646147	0.40980630973800897	0.054672871847219744	0.4169200230348402	0.07853775045391642	22	1199.0	1198.9788840987399	0.3983678068978193	0.38058217303952746	0.6666666666666666	0.5310176073602482	True
7.0	2032-10-01	GARW	north	0.044268607925497507	0.0036536085311629054	0.5625396579217022	0.0786941992481872	-0.3983151803627794	-1.5997646801090561	20	1159.0	1159.0479546277923	0.47587070371892964	0.4685834522812777	1.0	0.8290954730380886	True
5.0	2033-04-01	GARW	north	0.0007858311543354098	1.0282869298510865e-06	0.019627328477381974	0.040037601410756504	1.0	0.05360766743925249	2	39.0	39.1219311245329	0.15794608657946085	0.1567258572741299	0.19708029197080293	0.16250096035853334	True
6.0	2033-04-01	GARW	north	0.0036214899884354553	1.847284145273441e-05	0.07716070105852109	0.0469343841975827	0.9994870014342558	0.13645476450764848	4	85.0	85.09063680710165	0.21912630564748423	0.21969289576814352	0.2857142857142857	0.2417139737970036	True
7.0	2033-04-01	GARW	north	0.008330775902487006	0.00010956906380950645	0.21767809223634504	0.03827108101187245	0.972198997137441	0.8619399409623919	17	642.0	642.1018313501719	0.8295725177488364	0.8117539054557992	1.0	0.9699337681760372	True
7.0	2033-10-01	GARW	north	0.004647436719851476	3.1271768662524214e-05	0.13152779912822998	0.03533425443636113	0.9895126447025985	0.9357289591711908	22	719.0	718.9592653759273	0.7549900231030207	0.7296076478743312	1.0	1.0	True
8.0	2033-10-01	GARW	north	0.0049567523464846	3.0971497355219494e-05	0.16246383181936366	0.030509882051752868	0.9060410212182759	0.7519007193844748	25	417.0	417.00741684291387	0.661075843479738	0.6565996611247933	1.0	1.0	True
7.0	2034-04-01	GARW	north	0.07978613638873291	0.008232857434831884	2.270419507937316	0.035141583354883564	0.9539837510113123	-152.29694942174146	9	252.0	252.18892792606695	0.5348600530212261	0.49943717546525285	0.704225352112676	0.7151080050464508	True
8.0	2034-04-01	GARW	north	0.04246377570487838	0.00440394730775997	0.8199077728346676	0.05179091735899556	0.5645245595576479	-6.6230017236365875	48	4044.0	4043.973117563739	0.8528485044589708	0.8506649423105666	1.0	1.0	True
9.0	2034-04-01	GARW	north	0.0060769711087030505	4.078808101138364e-05	0.21415763382454794	0.02837615918787049	1.0	-0.3756330558935186	2	26.0	25.986555944550922	0.046975939153116694	0.039790828457478535	0.06299212598425197	0.043587918366598984	True
8.0	2034-10-01	GARW	north	0.0012932560446284483	2.648421522075635e-06	0.02112238203050206	0.06122680873591361	0.9990532964398383	0.9978996543048365	25	3618.0	3617.8866964473777	0.9561826761471929	0.9423277606963387	1.0	0.9960380690519586	True
9.0	2034-10-01	GARW	north	0.026101146708272877	0.0006878092835023039	0.48591287781556836	0.053715692462424816	1.0	-14.483710968471263	2	26.0	25.985728264047175	0.046975939153116694	0.02433666644170243	0.06299212598425197	0.028573115163978507	True
10.0	2036-04-01	GARW	north	0.009053851632587115	0.000304480014692438	0.13444569445617058	0.0673420719734441	0.9598258537607745	0.6823617491267528	12	312.0	312.07018705221356	0.2706355858965715	0.2849100155651035	0.423728813559322	0.4934095993700322	True
11.0	2036-04-01	GARW	north	0.0035930763208379727	1.653676582085871e-05	0.0643897714585845	0.0558019735036494	0.9888626490576792	0.9268196731486635	12	1060.0	1059.8739071675282	0.7269834617224761	0.7138578056095247	0.8586387434554974	0.9343511145372292	True
10.0	2036-10-01	GARW	north	0.14341105207748742	0.030381890039768326	3.6586841451452377	0.039197439950584875	-0.9443135763481627	-48.222432505531394	16	398.0	397.85597099480776	0.24016672370421482	0.23885040578446665	0.423728813559322	0.42801176962574866	False
11.0	2036-10-01	GARW	north	0.21726370969905884	0.06413328249004596	4.007718308579635	0.05421132249588138	-0.9186526826250871	-48.99727536700169	23	1848.0	1847.940932828553	0.8055310038894442	0.8041797293456472	1.0	0.9322466648012806	False
10.0	2037-04-01	GARW	north	0.014620383629801854	0.00021713979001657284	0.3866244528050437	0.03781546543093128	1.0	-19.6897451886298	2	32.0	31.935291649571443	0.14035087719298245	0.1170425182129089	0.19047619047619047	0.12284445560845567	True
11.0	2037-04-01	GARW	north	0.0076156201788488516	7.753330452001339e-05	0.16681719676835172	0.04565248863055871	0.9516222211463216	0.20847257572925204	9	497.0	496.933751257795	0.9026891062014827	0.9098549287128816	1.0	0.9248305539636034	True
12.0	2037-04-01	GARW	north	0.01029766281673518	0.00014831057321069494	0.1617458280812776	0.06366570896382306	0.9608118412294481	0.2625370064488385	12	885.0	884.9687141740072	0.9042605851124036	0.8786862468226976	1.0	1.0	True
12.0	2037-10-01	GARW	north	0.004664780454617158	3.281411425294342e-05	0.08193443734653132	0.05693308705945047	0.9988798623016488	0.9758315941174203	25	2065.0	2065.0023691820015	0.9470581001260967	0.9329116397814623	1.0	0.9846164787925422	True
12.0	2038-04-01	GARW	north	0.011790800360534497	0.000155538911922971	0.27708123689717096	0.04255358642314074	0.9915522827085749	-0.5248732920659411	11	816.0	815.988154624669	0.9880497610544885	0.9713365855657876	1.0	0.9961786973261123	True
13.0	2038-04-01	GARW	north	0.011238823007582567	0.000187941770625424	0.1969965618552206	0.057050858663423555	0.9972517125777647	0.8403425737858751	19	3338.0	3337.981714209335	0.9801364759317661	0.9572763438021256	1.0	0.9980919500356146	True
13.0	2038-10-01	GARW	north	0.22009061616081865	0.06255350092998978	3.381814279010353	0.06508063364887841	-0.6762254671300223	-29.261474372676222	26	3607.0	3607.022214447886	0.9794089806517291	0.9657060850776962	1.0	0.9992193511211733	False
13.0	2039-04-01	GARW	north	0.0018565096231899572	3.822697439447643e-06	0.030047019948972083	0.061786813678787765	0.9981079265077354	0.3593046985324261	3	83.0	83.0048110316421	0.9724556489262373	0.9688694431864708	1.0	0.9776018146818091	True
14.0	2040-04-01	GARW	north	0.0018731363560126374	4.861814607206591e-06	0.04762142777278283	0.039333897441084176	0.9965894045672025	0.9910909140686768	21	2267.0	2266.9766004155467	0.7448732587209838	0.7374734807695313	0.9166666666666666	0.7972946508555268	True
15.0	2040-04-01	GARW	north	0.003648342006729632	1.921924050804262e-05	0.07202260439399495	0.05065551346590601	0.9986149265967705	0.9787413996526615	16	848.0	848.0473197938018	0.28051467417143167	0.27351058671972783	0.39344262295081966	0.2939613777201119	True
14.0	2040-10-01	GARW	north	0.11475729788190987	0.018379359815013596	2.2203367495612545	0.051684636532988194	-0.15938097114740116	-15.351572405866108	27	2500.0	2499.939569763438	0.7466233105127683	0.7412317371517128	0.9166666666666666	0.8011388358602077	False
15.0	2040-10-01	GARW	north	0.06906539011776579	0.006551760829311616	1.4194759847766403	0.04865555378073795	-0.4523039095924568	-4.9743329515014505	19	904.0	904.0119235511411	0.2746093247037978	0.2705927326751431	0.39344262295081966	0.29298552936316663	False
14.0	2041-04-01	GARW	north	0.00339263465864959	1.7515838468609075e-05	0.0640478510264446	0.05297031210694035	0.9843519506601452	0.21312466368407523	4	105.0	105.04685628380797	0.7606108757062147	0.7874363666801525	0.8125	0.8384067082642171	True
15.0	2041-04-01	GARW	north	0.007975903481887675	6.361503635238794e-05	0.1372111495415665	0.058128683481887676			1	12.0	12.192501307065896	0.2033898305084746	0.25057633993635453	0.2033898305084746	0.25057633993635453	True
16.0	2041-04-01	GARW	north	0.014548553237831054	0.0003404070431298856	0.3260828245580683	0.04461612860949771	0.9912576857553165	-0.6285346667925205	11	497.0	496.90106494275136	0.9935064935064936	0.9846097102882628	1.0	1.0	True
16.0	2041-10-01	GARW	north	0.16829650938905985	0.03904106190002123	3.777613574437888	0.04455101245079111	-0.8886271242666695	-52.076828818702005	22	950.0	950.0087585835995	0.9967532467532468	0.9945538851952654	1.0	1.0	False
16.0	2042-04-01	GARW	north	0.18391660007900723	0.046252653258676696	3.7077279923717525	0.04960358485233967	-0.0825531827843719	-50.97491498597917	18	461.0	461.02013548653355	0.5582440301253099	0.5477630473730648	1.0	1.0	False
17.0	2042-04-01	GARW	north	0.09922442856446644	0.011537629621777819	1.371743881069979	0.07233451516260457	0.9682553641230385	-18.087250995359145	15	1917.0	1916.8347540177192	0.8769548199774703	0.8698656729206417	0.9663461538461539	1.0	False
16.0	2042-10-01	GARW	north	0.04080220317031487	0.0020483057619405114	1.1543380956391307	0.03534683930510291	0.6197313255339427	-3.5026620459868942	9	143.0	142.9530475425602	0.1164880602506196	0.1508100368683311	0.3157894736842105	0.2598535292317802	False
17.0	2042-10-01	GARW	north	0.12531618265259978	0.026413879124375737	2.1893990154932794	0.057237708506215616	-0.7696664805855726	-14.927748760069633	24	2587.0	2587.018379462276	0.9147157612839275	0.8809368113665731	1.0	1.0	False
17.0	2043-04-01	GARW	north	0.45415130790711505	0.22027647328063193	8.305813375933601	0.054678727699689844	-0.9729248269322359	-4160.265458774167	7	358.0	357.91548036385683	0.9817252966126009	0.9825389431463186	1.0	0.9906701787538298	False
17.0	2044-04-01	GARW	north	0.11621672534876526	0.01579650044550254	7.5933343980176655	0.015305097768261737	0.8506772544224508	-910.6906580829049	7	100.0	100.04585161198797	0.1502226829325922	0.13722966122550392	0.25	0.1951506302813774	False
18.0	2044-04-01	GARW	north	0.040194592937373284	0.0020551729119712295	0.8057593509786978	0.04988411600628874	0.9975624909969106	-9.6484670620591	11	705.0	704.9517396153547	0.8197945621796816	0.8031004081606334	0.9019607843137255	0.8795406253203518	False
17.0	2044-10-01	GARW	north	0.034955384361179134	0.0020699922741320635	1.7767539068867977	0.019673734345364378	-0.9985781198241102	-11.690475167797981	8	112.0	112.02453098515443	0.14272304305473998	0.1366648487899298	0.25	0.20190208333786205	True
18.0	2044-10-01	GARW	north	0.0514435723794383	0.004058164982612324	0.98638737419254	0.05215351871423758	0.6507776144919772	-2.744354553526123	24	1479.0	1479.129640534204	0.8603356368049607	0.8468389694782067	0.9692307692307692	0.906671755189807	True
18.0	2045-04-01	GARW	north	0.15307470439882814	0.02384065024167131	3.647507227823524	0.041966936550847676	-0.5675246089237657	-332.96721367742583	10	440.0	440.00137599771625	0.8922545675783662	0.8599235428464095	0.9692307692307692	0.9279110275415408	False
19.0	2045-04-01	GARW	north	0.17554380634076633	0.04490198795059578	3.6847539816067156	0.04764057715034247	0.9151888428452293	-53.286643510863826	15	396.0	396.08069341760495	0.1631956032277711	0.16972843000554952	0.4358974358974359	0.2982405382194986	False
20.0	2045-04-01	GARW	north	0.24292278549611895	0.059202126468085	4.804763607821505	0.05055873822817704	0.9293816173278063	-60.156827968453086	19	2422.0	2421.947982440414	0.8034026854850119	0.7866722386050587	0.9401709401709402	0.8971628534293691	False
19.0	2045-10-01	GARW	north	0.03991313508624048	0.0028051687937860137	1.1239702218613017	0.0355108474494494	0.7153972829853482	-3.936143397973156	15	396.0	395.98476787507275	0.1631956032277711	0.14856204292410705	0.4358974358974359	0.23854965252504093	False
20.0	2045-10-01	GARW	north	0.11355582096788915	0.018988841415530807	1.9763968673715087	0.05745598105450941	-0.10849018658653577	-11.035260325824057	25	2654.0	2653.788999374653	0.8370538144611317	0.8371138799629114	1.0	0.8944201063528493	False
21.0	2048-10-01	GARW	north	0.28100088540443463	0.10493051175056532	8.332367280050175	0.033724015752068785	-0.956575949064058	-363.0579958913285	15	270.0	269.8172762918358	0.9952380952380953	0.9988617521753128	1.0	1.0	False
21.0	2049-04-01	GARW	north	0.010876141368524566	0.00020686698248590605	0.26348224696548644	0.04127845991061869	0.8332415309937997	0.6369452020229667	18	570.0	569.9140119995647	0.5461986079393517	0.5495987347564699	1.0	1.0	True
22.0	2049-04-01	GARW	north	0.016186637420354377	0.0004580070250420932	0.3626200553837548	0.04463800934348302	0.997552378595636	-0.5207247434223403	11	360.0	359.78892870575214	0.27077459524758357	0.2737724623106618	0.3392857142857143	0.27778245489694187	True
23.0	2049-04-01	GARW	north	0.013895984160321917	0.0003431698391858332	0.26690388448804236	0.052063626525991884	0.997606485627739	-0.202247472992793	12	530.0	530.105013657096	0.36597396398739207	0.35260124852080166	0.4444444444444444	0.42611375601645163	True
21.0	2049-10-01	GARW	north	0.014401113291985197	0.00028341426944221475	0.345020444283744	0.04173988391291315	0.9973147875782452	0.6459767007629781	19	680.0	680.0235205010456	0.3458016217602727	0.3375761703341896	0.4782608695652174	0.4529971806496906	True
22.0	2049-10-01	GARW	north	0.01694927551242172	0.00043138730378613485	0.37367242667891026	0.04535864651042587	0.9975902619581642	0.5176154538152458	19	571.0	570.9822963220902	0.2796432986655432	0.28881284809190744	0.34375	0.31056397545698566	True
23.0	2049-10-01	GARW	north	0.019317419137223363	0.0005026550185568566	0.353023096520173	0.054719986674071616	0.9943558755650979	0.5489417761236745	21	865.0	864.7830945190401	0.41094191975083455	0.39317320262401156	0.5909090909090909	0.4756097589282849	True
21.0	2050-04-01	GARW	north	0.008874331298580273	0.00011509358300301921	0.16877300076981805	0.05258146301897883	0.972387435387809	-0.09076755740877918	4	96.0	96.08312007737459	0.2845229901906038	0.27762856641867	0.3918918918918919	0.3078661614433508	True
22.0	2050-04-01	GARW	north	0.008146160799129235	8.01742863519035e-05	0.2159260688321752	0.03772662024176755	-0.5972607474235105	-1.610858817836463	6	117.0	116.75137100173694	0.2867446128601894	0.2876308332925817	0.34375	0.3555602611672046	True
23.0	2050-04-01	GARW	north	0.008882367857555081	0.00010919260052895192	0.14883112741569451	0.05968084776208192	0.9852813964968098	0.4366126624911938	7	204.0	203.75400240101555	0.4830660764322072	0.45009345006854423	0.5909090909090909	0.4677820225755335	True
24.0	2051-10-01	GARW	north	0.3201181633629687	0.12139298989272704	9.01642633836565	0.03550388494839015	-0.3926919976595664	-254.43706678547912	20	506.0	505.8672853294966	0.9538944822938726	0.9508946300560994	1.0	0.9742189400076614	False
24.0	2052-04-01	GARW	north	0.003465584132772307	1.400050260298498e-05	0.10825703946026395	0.03201255225572984	0.9791591515536907	0.8402040331967358	10	221.0	221.0634465296528	0.9392808302808303	0.9182464285217519	1.0	0.9727416883961542	True
25.0	2052-04-01	GARW	north	0.003957901151287085	2.261294084920165e-05	0.06426653776667553	0.061585722349888225	0.9978772483047815	0.9853476330336989	24	3851.0	3850.988184148704	0.8971132525068676	0.8944505752229887	1.0	0.9817064765332493	True
26.0	2052-04-01	GARW	north	0.005847595255595821	4.281177847527442e-05	0.09693461683564314	0.060325149533635374	0.9943513607342783	0.9434418076112727	9	146.0	145.96116044046403	0.07227665657116801	0.071002181737652	0.1595744680851064	0.12354434086269135	True
24.0	2052-10-01	GARW	north	0.09753744413313076	0.012280311836617628	2.426577741281657	0.040195474669447	0.8957168576927907	-41.40883746934255	8	111.0	110.8106438690956	0.047674518152807266	0.046036953397472984	0.09444444444444444	0.06954710079380114	False
25.0	2052-10-01	GARW	north	0.18981569021921862	0.042457038109288414	2.659413349868659	0.07137502345342181	0.44747740358736654	-22.191508183379092	27	3909.0	3908.9236278157446	0.8746141384104258	0.854116754129816	1.0	0.9457004232437815	False
26.0	2052-10-01	GARW	north	0.07645885819776942	0.00962785245775241	0.39203943492229704	0.19502848791964947	-0.5893396133717601	-0.9930033868180479	6	104.0	103.41952985355688	0.08930377471613012	0.0665301698978535	0.1595744680851064	0.15349479978246536	False
25.0	2053-04-01	GARW	north	0.0009391593002351234	8.820201912181266e-07	0.012143117975430724	0.07734086930023512			1	11.0	10.837366358701235	0.6470588235294118	0.5732378890711206	0.6470588235294118	0.5732378890711206	True
27.0	2053-04-01	GARW	north	0.008986917498414508	0.0001917132616874368	0.17903662335882362	0.050195972923389016	0.9551543566684282	0.47339827442473215	13	978.0	978.0169345879992	0.798493349510158	0.7580441564663344	0.9772727272727273	0.8254431416991863	True
28.0	2053-04-01	GARW	north	0.020728243568894168	0.0005469501074778381	0.33266410361867177	0.06230982947488276	0.9952770568574747	-1.6123248215997519	7	338.0	338.12325881604835	0.2807713565734778	0.271340097700017	0.43842364532019706	0.37720032691917277	True
27.0	2053-10-01	GARW	north	0.15084532685446814	0.03455577858744125	2.7982034111571847	0.0539079204367372	-0.8795553514214538	-27.255103296517955	22	1501.0	1500.9890627411826	0.6187531754684984	0.6121183538746333	0.9772727272727273	0.8734993486250004	False
28.0	2053-10-01	GARW	north	0.1343374087610154	0.022854170200500405	2.1534182333001084	0.062383333940264664	-0.7575096719983387	-21.72005294178212	22	1229.0	1229.012567885519	0.5856802934573961	0.5641491060929607	1.0	0.8948590764523895	False
27.0	2054-04-01	GARW	north	0.19496832306416945	0.03846132765983713	3.7371442120597975	0.052170403923671164	-0.8894509666669661	-574.093620361317	7	283.0	282.910100322621	0.3048488615658029	0.33258067390718393	0.43349753694581283	0.4333135658365967	False
28.0	2054-04-01	GARW	north	0.1550000281316468	0.03655765051711807	4.215634477289483	0.03676790029274711	-0.8076980569405502	-46.6848648585432	24	1180.0	1180.068898573607	0.848320098822947	0.8325691073388954	1.0	0.9543939840129325	False
29.0	2054-04-01	GARW	north	0.029065432618808097	0.0008447993733184737	0.87958419613972	0.0330445143811919			1	11.0	10.59679825869713	0.13580246913580246	0.07015587278105348	0.13580246913580246	0.07015587278105348	False
28.0	2054-10-01	GARW	north	0.0012423973144256237	2.3818510404066663e-06	0.03349586821387319	0.03709106169432123	0.9989378890409273	0.9962569319412553	23	1127.0	1126.840652567845	0.9350654904122101	0.9369981022192103	1.0	0.9435241828640458	True
29.0	2054-10-01	GARW	north	0.003556290286336257	1.2647200600689616e-05	0.16706078868201152	0.021287402713663743			1	11.0	10.985113914837417	0.13580246913580246	0.05181692776383531	0.13580246913580246	0.05181692776383531	True
1.0	2026-10-01	GARW	south	0.003218109329442222	2.78811745655729e-05	0.05534767800254529	0.058143529152103364	0.9983637306963185	0.9705159477187936	19	1482.0	1482.030234743244	0.6305868839797097	0.630502975419204	1.0	0.9050858131829934	True
2.0	2026-10-01	GARW	south	0.0024316556387159703	7.14624756303069e-06	0.037067419468282285	0.06560088815453367	0.999332198026179	0.9901442809557887	14	1530.0	1530.0294012340883	0.45753985523277985	0.45009684341313827	0.7008928571428571	0.7641349596123347	True
1.0	2027-04-01	GARW	south	0.0670066709538569	0.007002344900272695	0.9282356568709493	0.07218713314648362	0.28457359798003795	-4.004710526971986	23	1580.0	1580.281479575726	0.555636098426694	0.55853068718795	1.0	0.9057636205033334	False
2.0	2027-04-01	GARW	south	0.05923294288647579	0.006215918143152683	0.8927342258783126	0.06635003024354726	0.00815855224939982	-2.4444689258634007	23	2049.0	2049.011022404067	0.6193068068326019	0.6021067138358663	1.0	0.9374406175292852	False
1.0	2027-10-01	GARW	south	0.27730794241114054	0.07689969492430043	4.900832651063347	0.05658384241114055			1	15.0	14.968961781741882	0.15306122448979592	0.16904954323017954	0.15306122448979592	0.16904954323017954	False
2.0	2027-10-01	GARW	south	0.4078781166852005	0.18237680913290372	7.393314357712132	0.055168507241915625	-0.9793676246703626	-5329.065147397323	7	282.0	281.595492217493	0.9012111758727681	0.8750117862739312	1.0	0.9137076154481129	False
4.0	2029-10-01	GARW	south	0.006444109444970569	6.189918305261493e-05	0.14607172094498383	0.044116064377701596	0.9729385277342655	0.2277470030269212	11	313.0	313.027573184071	0.8852507932342273	0.8850450644241682	1.0	0.940871184739585	True
4.0	2030-04-01	GARW	south	0.04168079234628124	0.0036899504599602092	1.1692928244823184	0.03564615421695981	-0.7143805803659601	-6.768447496417917	22	581.0	580.8507516300043	0.8871058748117066	0.8573088890446917	1.0	0.8686288172968123	True
4.0	2030-10-01	GARW	south	0.19969930521518986	0.04798262036132713	4.835426643675274	0.04129921099648902	0.6577738915128188	-88.98947743230619	21	512.0	511.92086735555534	0.4465964131573795	0.4391881352953825	0.9666666666666667	0.8782277940436113	False
5.0	2030-10-01	GARW	south	0.12895613498728187	0.02542326680327086	2.541209514244675	0.05074596732950276	0.9405348954361008	-40.53062108833167	18	2243.0	2243.037228724027	0.782821759421211	0.7697083732798856	0.9311926605504587	0.946793453964484	False
4.0	2031-04-01	GARW	south	0.033942097278865116	0.0020259195240383177	1.0697883284215712	0.03172786277164314	0.5481927429480399	-3.6689208840000855	13	334.0	334.1035728010349	0.1715291075729358	0.17596203119086365	0.2926829268292683	0.2936461176087807	False
5.0	2031-04-01	GARW	south	0.11715507868218394	0.020087860621214912	2.2643101903367073	0.05173985401035657	-0.25190156164139793	-13.178095462990667	25	2623.0	2623.2525538161794	0.8200272698144704	0.8173578254604891	0.9743589743589743	0.9545827883588994	False
5.0	2031-10-01	GARW	south	0.0016070565024568825	3.151271160658673e-06	0.03062985746282799	0.05246699252215541	0.9811592522311494	0.7844764547629606	4	113.0	113.24340777085226	0.9176282051282051	0.9270974183665124	0.9743589743589743	0.9298572365709845	True
7.0	2032-10-01	GARW	south	0.04288351032470657	0.002527313584909894	0.7242038254228692	0.0592146973259448	0.9693314421455695	-0.33639161425800546	23	4640.0	4640.018905197732	0.940749665185676	0.9397888577846424	0.9957446808510638	0.9959668361605477	True
7.0	2033-04-01	GARW	south	0.004059447894569416	2.352891739708738e-05	0.06861746593062151	0.05916056268638492	0.9947486984696154	0.9878796096927955	24	4656.0	4656.027892741517	0.9432184291362727	0.945571815976178	1.0	0.9923399465431025	True
8.0	2034-10-01	GARW	south	0.05285162462986747	0.004113241822856765	1.6906075378718217	0.03126191232791875	0.9130252759138757	-15.271008617919467	11	220.0	220.01827305921285	0.11102642855118097	0.10734794790393147	0.1958762886597938	0.2070240045446738	False
9.0	2034-10-01	GARW	south	0.09990730942449999	0.012832787078435316	1.735170359990791	0.057577810068764786	0.9863114554529899	-14.740007821405614	16	2460.0	2459.9959372381986	0.8360609887665864	0.823385822908254	0.9090909090909091	0.8725947029195225	False
10.0	2034-10-01	GARW	south	0.10135023517019592	0.012123810211558245	2.0681680805486584	0.04900483482140824	0.9742008054747244	-32.751247409539516	7	121.0	120.9840596370456	0.07283296349564537	0.07205944274096451	0.14792899408284024	0.10593412511624169	False
8.0	2035-04-01	GARW	south	0.027068835135189054	0.0010245907873264366	0.7427304589214091	0.03644503172052259	0.10267145668947197	-1.110085977036313	11	220.0	220.16012588049836	0.11102642855118097	0.11059357287221547	0.1958762886597938	0.2052905270850687	False
9.0	2035-04-01	GARW	south	0.0801141985663454	0.009788662276819312	1.3767509512839458	0.05819077044517863	-0.8091258159515344	-4.46259619321842	23	2828.0	2828.0015122290442	0.8088421327369396	0.8033444806877238	0.9090909090909091	0.8690104680660482	False
10.0	2035-04-01	GARW	south	0.0805305552834883	0.007882718125413092	1.361828394182579	0.05913414320592558	-0.977769547363769	-8.14004211367797	12	210.0	209.94368024449537	0.13771148633490934	0.1323543640611904	0.3404255319148936	0.24852493751052132	False
9.0	2035-10-01	GARW	south	0.0011860917547602975	2.4534015310839425e-06	0.020654671125368392	0.05742486760312155	0.9734716987147867	0.8801498444885222	5	179.0	179.05409147398387	0.7128922829004829	0.7119002043360213	0.7931034482758621	0.7603591205892144	True
10.0	2035-10-01	GARW	south	0.0033458015419155587	1.307579322034395e-05	0.0948202653222083	0.035285722208709354	0.9965015538766117	0.35841165778600115	3	56.0	55.838266648488904	0.28199663994407426	0.23807256014155628	0.3404255319148936	0.2599611929103588	True
11.0	2036-10-01	GARW	south	0.015750178271396235	0.0004084316726151277	0.36703910605805934	0.042911444615672166	0.8487189154436139	0.22613123337292473	20	2288.0	2287.97998587948	0.9630935277415679	0.9598036146354424	1.0	0.9801664765796373	True
11.0	2037-04-01	GARW	south	0.002176126225434311	6.587091559628627e-06	0.04134889585760769	0.05262839987138206	0.9982602110083189	0.9946003558718087	27	2610.0	2609.941772916999	0.9397596408144308	0.9422516311125093	1.0	0.9677562138394115	True
11.0	2037-10-01	GARW	south	0.10991139750873036	0.012238950899691174	2.071554693906181	0.05305744416599418	-0.9777321338217371	-1061.677187932839	4	86.0	86.13510977334045	0.8282106320789184	0.8704452745925908	0.8695652173913043	0.8965136039465902	False
12.0	2037-10-01	GARW	south	0.20964048021568443	0.053800420325647934	5.757060754193301	0.03641449850307511	0.9032566832039908	-161.57789897417234	20	1845.0	1844.9314975429888	0.9118225793951517	0.9029296133043004	1.0	1.0	False
13.0	2037-10-01	GARW	south	0.1076247471059186	0.011612048380130132	2.327620311581178	0.04623810273970668	0.9615070481613581	-57.93075214481909	8	246.0	245.81939135571432	0.18386569933235258	0.18196482961833768	0.3798449612403101	0.2780694785441421	False
12.0	2038-04-01	GARW	south	0.11454378252171502	0.01512497290293256	2.4655019853359734	0.04645860486139749	-0.048317410962144175	-16.83530011739447	26	2078.0	2078.005855033285	0.7925377868367107	0.776200988979354	1.0	0.9968168726739464	False
13.0	2038-04-01	GARW	south	0.14901145253375184	0.02934787563096703	2.3237791667894054	0.06412461849360238	-0.9473581919156979	-36.40245936830351	20	676.0	675.8146663891133	0.5153299131835751	0.5194436259231582	0.9285714285714286	0.8996711990465359	False
12.0	2038-10-01	GARW	south	0.002999434153503069	9.419768898150154e-06	0.06250786341881229	0.04798490924903958	0.9933955529495627	-1.142506865779719	3	61.0	61.21057427084102	0.3173355629877369	0.3111651290477954	0.38461538461538464	0.3522642574625005	True
13.0	2038-10-01	GARW	south	0.00136548453116036	3.402579638281458e-06	0.043152050706308225	0.03164356059121763	0.9973486091132606	0.9937350943641345	24	783.0	782.9396256413014	0.7639503141038063	0.7519206780286529	0.9375	0.9018359523770243	True
14.0	2038-10-01	GARW	south	0.0014758249624927068	3.260039571862382e-06	0.03357630104037391	0.043954364142676026	0.99065807062461	0.9622222997502653	8	237.0	236.96638753803785	0.3508197575996571	0.34573097003554343	0.504424778761062	0.45709180880542355	True
13.0	2039-04-01	GARW	south	0.13086912986838728	0.025369694922967125	3.554976385433427	0.03681293929395021	-0.7897648356014441	-51.81052304554861	23	773.0	772.9717445608765	0.6180053789222064	0.6157454758912663	0.9375	0.9116065737407639	False
14.0	2039-04-01	GARW	south	0.18423507773415795	0.04602376200034383	4.176979813557893	0.04410724637360148	-0.8609201511155765	-70.30348883116157	19	630.0	629.9081906200345	0.5149181357412917	0.5060413959731527	0.8461538461538461	0.6963608614034267	False
13.0	2039-10-01	GARW	south	0.005283470109818838	2.851751685326409e-05	0.1835683331541834	0.028782034564649703	0.9669938181319973	-2.2871341106414476	5	110.0	110.08635552267083	0.36251865971361064	0.36908977911670304	0.4057971014492754	0.39103204877819553	True
14.0	2039-10-01	GARW	south	0.0020067586260752463	6.7899394300791e-06	0.04101746540277805	0.048924491222691	0.9966304665629667	0.9925138466933235	23	2236.0	2236.1074067366244	0.7273136770766987	0.715251691181948	0.9230769230769231	0.7987158761837975	True
15.0	2039-10-01	GARW	south	0.0021500024234448935	6.971124549550999e-06	0.04213628153986878	0.05102496814795084	0.995885983549456	0.9895644794274333	13	674.0	674.0008042380912	0.24748944467721315	0.24897569707894615	0.3038461538461538	0.291998470692752	True
14.0	2040-04-01	GARW	south	0.09276297958221541	0.013197235807011001	1.8393951320253448	0.05043124120920923	-0.25358448659770244	-7.608102860891448	23	2359.0	2358.9724529853456	0.7259215428583193	0.7135021632624006	0.9230769230769231	0.7663631437372344	False
15.0	2040-04-01	GARW	south	0.0581366584599816	0.005510077748798372	1.103792848851929	0.05266989953817003	-0.5343960440388291	-4.024339305021917	19	839.0	839.0319477374219	0.276632682547924	0.28306762522738854	0.3958333333333333	0.38837469722461726	False
14.0	2040-10-01	GARW	south	0.006786248753412581	5.629666400275323e-05	0.1326033412906275	0.05117705698334645	0.349228343812155	-4.119165375025646	5	114.0	114.16811678480636	0.6536835748792271	0.6424779613176458	0.7222222222222222	0.6947115858466437	True
15.0	2040-10-01	GARW	south	0.012346740695145948	0.00020535038877596582	0.19819763368598467	0.062295096392056645	0.9967198796480135	-1.691399185674325	3	48.0	48.17258593189283	0.3541666666666667	0.37812629579038415	0.3958333333333333	0.40107056718686074	True
16.0	2041-10-01	GARW	south	0.015070851367182753	0.0002932224186671062	0.2631372471506138	0.05727372893947066	0.9878177148426533	0.7856172847654302	26	4185.0	4184.580392352236	0.9717528895019145	0.9545082895402933	1.0	1.0	True
17.0	2041-10-01	GARW	south	0.024606645792306054	0.0006398105013652503	1.7088762580826513	0.014399313979535628	1.0	-4.9316895681152895	2	30.0	29.62194668736631	0.05285794209520257	0.044191426888290496	0.06639004149377593	0.05160992874949944	True
16.0	2042-04-01	GARW	south	0.2636244937015352	0.0842560325593562	4.411223467394416	0.05976221691104909	0.3264884585285829	-49.58487065110262	26	4186.0	4186.008258254772	0.9639126528155241	0.9651863817503302	1.0	1.0	False
17.0	2042-04-01	GARW	south	0.032379352838167993	0.0010485671357380565	1.7108276003668828	0.018926134247088555	1.0	-22.33869919025073	2	30.0	29.49252420975997	0.05285794209520257	0.035513301276259665	0.06639004149377593	0.037964672067024426	False
17.0	2044-10-01	GARW	south	0.12096473154864498	0.015267556465178814	6.120362821271635	0.019764307293715637	-1.0	-255.17985555988287	2	24.0	23.742745833506394	0.90625	0.885786362303913	1.0	0.9359988984967575	False
18.0	2044-10-01	GARW	south	0.17539522863093926	0.03247519750473571	2.6557922668336955	0.06604252554739531	0.9323265681155022	-18.150113044817044	23	3294.0	3294.0530507532853	0.7439552140588226	0.7442383660949758	1.0	0.9682449434419441	False
19.0	2044-10-01	GARW	south	0.03548273756387425	0.0014720777741741656	0.5059435445721969	0.0701318120263336	0.931281142736147	-0.08959562744358562	14	702.0	701.9814675640737	0.18141437703363744	0.17507113573923896	0.3211009174311927	0.29959429702927276	False
20.0	2044-10-01	GARW	south	0.021532236306399048	0.0011990274026885215	0.262803261773632	0.08193291118641456	0.9271082314939685	0.22925164334117454	14	668.0	667.9892424156633	0.18747578222940905	0.1875322380784033	0.3853211009174312	0.35638802261305597	False
18.0	2045-04-01	GARW	south	0.05668348384729612	0.004850071930982998	0.8504984862335964	0.06664736594454977	0.8180150224922513	-1.6419178227357052	24	3307.0	3307.0983814564893	0.7235779951723847	0.7136622637292845	1.0	0.9151934419258829	False
19.0	2045-04-01	GARW	south	0.04043207440086766	0.00249226191266947	0.595723774997525	0.06787050659684622	0.333479659717388	-0.5380501593204954	17	740.0	739.9532429638106	0.21428926617467786	0.19502624838068025	0.5357142857142857	0.25988699639133306	False
20.0	2045-04-01	GARW	south	0.06515037741630422	0.004965939449370738	0.44995856817645363	0.14479194757939393	0.5636089240978618	-0.6146292738546768	16	708.0	708.0471543134119	0.22397543935269368	0.22474308638366058	0.49019607843137253	0.4633782321822556	False
21.0	2048-10-01	GARW	south	0.023215627725606786	0.0010296341484867988	0.701185617861129	0.033109104257475916	0.6465802404198396	-1.293391963530056	20	641.0	641.0810325006114	0.9279334024787304	0.9247789397223967	1.0	0.9997805352214302	True
22.0	2048-10-01	GARW	south	0.05092935785825984	0.002699069665664342	1.3938951400832797	0.03653743842970642	1.0	-80.21949493808116	2	28.0	27.99980108502632	0.18209876543209874	0.13222402912202702	0.19753086419753085	0.14682220957303366	True
21.0	2049-04-01	GARW	south	0.003735372147949077	1.833979362522128e-05	0.09505739868432905	0.03929596432944343	0.9979740057671236	0.9704221836372118	25	891.0	890.7649008789845	0.8161219695781358	0.802822677232244	1.0	0.9517449154270142	True
22.0	2049-04-01	GARW	south	0.004060449105137106	2.286631872581252e-05	0.11077231267720469	0.03665581233254045	0.9975730529013624	0.9207360253757869	8	114.0	113.09769498287461	0.22833121951142332	0.1972696717090082	0.45454545454545453	0.273232723543125	True
21.0	2049-10-01	GARW	south	0.15772620556672115	0.027336671466248755	3.9779758072190234	0.03964986546184817	0.3100316216421285	-49.32990293848626	23	622.0	621.9551328070334	0.41705962308914146	0.4106708980382903	0.8431372549019608	0.803841834965432	False
22.0	2049-10-01	GARW	south	0.15764394615069952	0.027556220240949385	4.105409255222005	0.03839908188207529	0.7144976005517882	-53.041686978806595	19	756.0	756.0862872464089	0.3248163774066737	0.3111967643570486	0.45454545454545453	0.3948996445488803	False
23.0	2049-10-01	GARW	south	0.1829288426740005	0.03614214832399838	4.2610313553875026	0.0429306492764273	0.8258323233752503	-92.09385213793945	17	962.0	961.750793115625	0.49617801615893287	0.48651172485355804	0.6129032258064516	0.5436044600265804	False
21.0	2050-04-01	GARW	south	0.07145222766770969	0.009897973665429173	1.7722119033941344	0.04031810616488052	-0.6885049551184992	-14.10702543595047	17	399.0	398.65289302891364	0.19038476799998472	0.193632592722764	0.24528301886792453	0.24483734938569854	False
22.0	2050-04-01	GARW	south	0.07263472308725741	0.008846044293460684	1.888620012297396	0.038459151451488385	-0.3802671888616784	-11.481375761649305	21	869.0	868.8642815236732	0.3540478278691179	0.33282813988654164	0.4897959183673469	0.3705174491454499	False
23.0	2050-04-01	GARW	south	0.1221787365827595	0.02182006730121118	2.2685832652164706	0.05385684469073304	-0.3891624605642937	-19.68052913361287	24	1155.0	1154.6251706035912	0.4735895316695517	0.46739402423078236	0.6129032258064516	0.49373118943993205	False
21.0	2050-10-01	GARW	south	0.38237836756816895	0.14780795605205388	12.357418346683092	0.030943224291731193	-1.0	-18469.122122546192	2	27.0	26.750340844842363	0.24333116460637605	0.2303038245228763	0.24528301886792453	0.23872980428551135	False
22.0	2050-10-01	GARW	south	0.43032697238795725	0.1923831233673744	8.625092231376362	0.04989244878130274	-0.9678177661658052	-13041.063690344068	4	92.0	92.00562673813863	0.3991953393378208	0.3481772834111981	0.4897959183673469	0.3777060296970315	False
23.0	2050-10-01	GARW	south	0.41239365535779643	0.1797194081175144	8.65678780642297	0.04763818457601765	-0.9920814428928013	-5813.705162485077	5	107.0	106.91128269041734	0.4176137810943391	0.42188397714584214	0.46153846153846156	0.42435221739596496	False
24.0	2051-10-01	GARW	south	0.014134378473470937	0.00031365634343127256	0.6384841595379457	0.022137398809861812	0.06296574957723544	-13.03601293978745	10	140.0	139.97616781796603	0.14392339515680358	0.1229304762024878	0.36666666666666664	0.2831334628906016	True
25.0	2051-10-01	GARW	south	0.0032835225704172044	2.2815745980479016e-05	0.04949046146428572	0.06634657413301197	0.9937744788489229	0.9518746690638019	14	1171.0	1170.9845612147542	0.8324608609976453	0.798960691563428	0.9281045751633987	0.9181048470375159	True
24.0	2052-04-01	GARW	south	0.01681338490199367	0.0003026837370038019	0.5116097661904299	0.03286369028329972	0.8510963112455866	0.05934053047662746	12	164.0	163.76340573035762	0.1344390711446834	0.10620489309715066	0.36666666666666664	0.3455890842057472	True
25.0	2052-04-01	GARW	south	0.004095046556990226	3.162143010034675e-05	0.05942281131592281	0.06891371287061483	0.9961782545460813	0.9802882096460545	27	1959.0	1958.9193431803037	0.8891207469117821	0.8703873546149784	1.0	0.9714660978289348	True
24.0	2052-10-01	GARW	south	0.1000151096901481	0.010003022166332356	16.74774670173159	0.005971854690148096			1	11.0	10.868010050188651	0.09016393442622951	0.05607143416588469	0.09016393442622951	0.05607143416588469	False
25.0	2052-10-01	GARW	south	0.2142694852253627	0.04636155712491847	4.569701400743441	0.04688916549131709	-0.5487582439468797	-956.6478992853243	11	512.0	511.9613151785429	0.9513331443308541	0.9204030606282317	1.0	0.9420417612048158	False
26.0	2052-10-01	GARW	south	0.09109144040209768	0.02316359541237498	2.7231234112597007	0.03345108783004415	0.7059825534989914	-175.53775170675544	7	161.0	160.85808016820783	0.8769892563370825	0.8642362571104087	1.0	0.9005951726541391	False
26.0	2053-04-01	GARW	south	0.001540928484562229	3.0757463638209034e-06	0.05998300364982562	0.02568941851525151	0.9985994660013391	0.9889513445499948	17	409.0	408.72636749724313	0.741137079394861	0.6829541866989927	1.0	0.8112167967089424	True
27.0	2053-04-01	GARW	south	0.006545280162929396	6.0634382399283905e-05	0.31681380803020903	0.02065970610190477	0.026030023763318033	-1.0394543073155105	22	529.0	529.179089377952	0.7787819670288502	0.7587109743530001	1.0	0.9892668854632891	True
26.0	2053-10-01	GARW	south	0.003096102231892617	1.1380543472818441e-05	0.11453384559393659	0.027032203588705173	0.9101935928237165	0.45579829329874677	8	173.0	172.66203279521264	0.5839970926040444	0.5613108439228103	0.8823529411764706	0.7990663274567421	True
27.0	2053-10-01	GARW	south	0.007620691506994568	9.50060471781988e-05	0.11419765578289869	0.06673246884754162	0.9546659364183935	0.892008263183802	45	4236.0	4236.23552635818	0.7201791511555828	0.7140919874480746	1.0	0.9657759403502524	True
28.0	2053-10-01	GARW	south	0.008764516015638777	8.968906482532602e-05	0.1457070973211185	0.06015160672868929	0.9829102231036451	0.9310194146616227	22	1549.0	1548.9653982199823	0.41534561037666146	0.4048410498975772	0.8571428571428571	0.8098087400231796	True
27.0	2054-04-01	GARW	south	0.11249867569961577	0.01876877671408108	1.7334711656259159	0.06489792154056115	0.9138688255231695	-13.654848910484354	21	3551.0	3551.0434191381955	0.6355769805658409	0.6357929737075729	0.926605504587156	0.9444361063372851	False
28.0	2054-04-01	GARW	south	0.10982918651873504	0.01927324506067665	1.4228746586590175	0.07718823710181409	0.9338251800513784	-10.103035105099325	22	1549.0	1549.0353191938084	0.41534561037666146	0.4127984388215627	0.8571428571428571	0.8026220767639439	False
0.0	2025-10-01	GARW	tropics	0.000552574504292325	3.0533858279390873e-07	0.037979781337389426	0.014549175504292324			1	14.0	13.999995806385977	1.0	0.9736021465345841	1.0	0.9736021465345841	True
1.0	2025-10-01	GARW	tropics	0.003339385364309662	1.4941633679523616e-05	0.2297372419823035	0.01453567273418775	-0.509790350499552	-2.8486304403128204	4	61.0	61.15816491597485	0.9186507936507936	0.9293690563874807	1.0	0.9611651988181441	True
1.0	2026-04-01	GARW	tropics	0.012218466001432182	0.0006027116153203199	0.8159706496488048	0.014974148894560153	-0.2621495013018758	-39.506653825847295	30	1126.0	1126.144693544401	0.9798580643639082	0.9801562346652783	1.0	0.9923293652619455	True
1.0	2026-10-01	GARW	tropics	0.00487668567953849	0.00030018786674494957	0.036941021598841696	0.1320127454106846	0.7117415074079322	0.3948420948441328	50	1998.0	1997.9978263468392	0.7979634023058498	0.7949755962967113	1.0	0.9985262865895698	True
2.0	2026-10-01	GARW	tropics	0.003730349973103681	1.7427482830127294e-05	0.19961456118533813	0.01868776481511349	0.24785976802756296	-11.42032848677411	16	609.0	608.999877567393	0.5660160012339684	0.5477113652384387	0.8823529411764706	0.9544815492879749	True
1.0	2027-04-01	GARW	tropics	0.002805824654518418	1.1546414321055951e-05	0.1329109604655169	0.021110558863551177	0.7206774323105716	0.16821120709641213	25	868.0	867.9681813910955	0.5746053547495101	0.5688722517837419	0.9827586206896551	0.9985101581043826	True
2.0	2027-04-01	GARW	tropics	0.0019697385393936673	7.754391500565928e-06	0.07761158732496029	0.025379438912212393	0.9854175604123955	0.9510676003924923	42	1823.0	1822.8999313682446	0.79449636095829	0.7869414404205797	1.0	0.9847672193535991	True
1.0	2027-10-01	GARW	tropics	0.010301757540884327	0.0001061262084311671	0.7125998335096365	0.014456581459115674			1	11.0	10.89156409778114	0.13924050632911392	0.11484268356299812	0.13924050632911392	0.11484268356299812	True
2.0	2027-10-01	GARW	tropics	0.0006957112983137523	7.696726623694085e-07	0.041460012719716485	0.016780296306636293	0.9916485986705479	0.9779457980013256	27	1110.0	1110.0106810201348	0.9457916790753172	0.942017882049663	1.0	0.9796807627587155	True
4.0	2029-04-01	GARW	tropics	0.006209668362749296	4.692759569440805e-05	0.4286816005194464	0.014485502422368615	-0.26660372880775773	-2.2075257116950913	22	355.0	354.5074570421228	0.8619196031840276	0.8263151531981411	1.0	0.8568054537651114	True
4.0	2029-10-01	GARW	tropics	0.0029516722636558105	1.6076140383661008e-05	0.20611805449598028	0.014320299455928418	0.7856923515030262	0.06814646428841487	46	854.0	853.6215778243994	0.8561807931211587	0.8465064073950165	1.0	0.8666922158033544	True
4.0	2030-04-01	GARW	tropics	0.024563190980335433	0.0015021479252091277	3.6715819833634127	0.0066900837545329495	-0.2224009375335116	-262.0162832278922	45	817.0	816.8878110861002	0.8350411725693686	0.8301646096675853	1.0	0.8771325228473871	True
4.0	2030-10-01	GARW	tropics	0.002075890403539572	8.411210275744223e-06	0.33214246948112713	0.006249999907517179	-0.2140410085307705	-2.1556708158184987	22	331.0	328.10793686340935	0.7565437197680525	0.7241878180259912	0.95	0.8723051677039654	True
5.0	2030-10-01	GARW	tropics	0.0012107382021072936	2.605064175027503e-06	0.09933219769305014	0.012188778968211673	0.6375644139191298	-0.05863891680304989	21	478.0	478.02529055117793	0.7521020445922587	0.740247788847238	0.9473684210526315	0.9192620135206531	True
4.0	2031-04-01	GARW	tropics	0.00466267711675883	2.4385589500752853e-05	0.6817899820689233	0.006838875957974214	0.1986998191538651	-8.246237449607356	4	50.0	49.646060927143374	0.5491311498855835	0.4404290915510109	0.631578947368421	0.4938171728163382	True
5.0	2031-04-01	GARW	tropics	0.0010235399055967718	1.6133332573469573e-06	0.07793762209776182	0.013132809008631088	0.9793310829521127	0.9587957470676511	47	1494.0	1494.0176686089833	0.8693025560096905	0.8651940475934267	1.0	0.9830177810197439	True
5.0	2031-10-01	GARW	tropics	0.0009036317752363817	1.2329959659542675e-06	0.07526995096464378	0.012005212752972838	0.9765226720803727	0.9489492115518933	39	1173.0	1172.938810593081	0.9562057559456733	0.9528216629926184	1.0	0.9927280430131306	True
5.0	2032-04-01	GARW	tropics	0.0017103785721673719	4.532780958057646e-06	0.1332105616363685	0.01283966189434947	-0.3856582245440497	-0.3323825454079321	13	193.0	192.9632413223793	0.9260406699886338	0.9187541421175076	1.0	0.9842246131684166	True
6.0	2032-04-01	GARW	tropics	0.012453038465254015	0.0009882782773585673	0.10015443733443744	0.12433835980397566	0.8464413852381292	0.07071283172212972	19	359.0	358.66236449803995	0.4382246817188614	0.44942431084631423	0.7058823529411765	0.6080772927306213	True
7.0	2032-04-01	GARW	tropics	0.003072091879103116	1.2819449570297385e-05	0.08460635684374447	0.036310414414567206	0.7631816211758741	0.27981086379382325	12	851.0	850.9170962427656	0.6641697572652204	0.6440499148433935	0.8426966292134831	0.913870021807091	True
6.0	2032-10-01	GARW	tropics	0.011394583145378268	0.00036811084879057916	0.31433113527419404	0.036250252891552294	-0.7383051250774686	-0.9849556545855689	25	486.0	485.90062616430015	0.3320532880138345	0.3314933672356938	0.6896551724137931	0.6300762695106484	True
7.0	2032-10-01	GARW	tropics	0.04485752057269425	0.0029715379340649476	1.3597185066340707	0.03299029935522262	-0.4875196370059294	-4.386624611138981	35	3193.0	3193.1508857907406	0.8568774842988326	0.8465479494226262	1.0	1.0	True
6.0	2033-04-01	GARW	tropics	0.012121523307039162	0.00015971041685917942	0.5210917158608512	0.023261784707158943	0.995058801531828	-9.716797315666279	3	47.0	47.01103468995907	0.07407450678765339	0.07361282333239211	0.0867579908675799	0.08275333516185436	True
7.0	2033-04-01	GARW	tropics	0.006277050040111356	4.583889553802892e-05	0.201983801053899	0.031076997300572323	0.9014160904475478	0.5009510353949918	20	1789.0	1789.012010696572	0.9693551346487675	0.9692394342940587	1.0	1.0	True
8.0	2034-04-01	GARW	tropics	0.008841237890536428	0.00018333762427738006	0.3386001642690884	0.026111144717313906	0.6948606450766364	0.1578753085059197	30	2285.0	2285.0001828637196	0.9876414004423392	0.9837295021661104	1.0	0.9984889056623824	True
8.0	2034-10-01	GARW	tropics	0.0010355030377674284	1.5763876516663064e-06	0.04070457195877161	0.025439477383922795	0.997928417989295	0.9943230465940235	35	2469.0	2469.053435296888	0.9884699354266372	0.9803844584077775	1.0	1.0	True
8.0	2035-04-01	GARW	tropics	0.0019877441604587097	7.137494949946179e-06	0.07650025758991066	0.025983496305519185	0.17212788665507237	-0.24341116321965672	9	191.0	191.12061427242068	0.9742455612020829	0.9496222075412974	1.0	0.9920498840073332	True
9.0	2035-04-01	GARW	tropics	0.004077762025694089	1.662814313819276e-05	0.8905514657381723	0.0045789178756940885			1	13.0	12.991831687949286	0.3333333333333333	0.21252201026432893	0.3333333333333333	0.21252201026432893	True
10.0	2035-04-01	GARW	tropics	0.002227107311228464	7.184533032996746e-06	0.08925059530103575	0.024953416878807286	0.06451261943747093	-0.07883547691202875	11	244.0	243.96939184862953	0.7806102494014915	0.7173790565270668	0.96	0.8443586076073522	True
9.0	2035-10-01	GARW	tropics	0.0011358059574993434	1.2900551730910002e-06	0.31035451510152157	0.0036597049574993434			1	13.0	12.76828978997259	0.3333333333333333	0.2313474267549115	0.3333333333333333	0.2313474267549115	True
10.0	2035-10-01	GARW	tropics	0.0007605786597445287	8.831867213028842e-07	0.033690795671229845	0.022575265575992987	0.997616233584323	0.9951874006404184	37	2034.0	2033.9163819447097	0.886187517905051	0.8671987899095386	0.9866666666666667	0.9619085072261279	True
10.0	2036-04-01	GARW	tropics	0.0013633183163078617	4.981130825723041e-06	0.07582390637159199	0.01798005908092648	0.9867279714275042	0.9572745550569998	35	1862.0	1862.010164671844	0.8869535490619757	0.8880410989288888	0.9866666666666667	0.9493110965401921	True
10.0	2036-10-01	GARW	tropics	0.0038767609658008143	1.7479925720983562e-05	0.20507703243108688	0.018903925611969945	-0.17228245652935203	-9.587455804787785	9	122.0	121.77413155427385	0.7499807525349321	0.7550123223700431	0.8666666666666667	0.8529832714462073	True
11.0	2036-10-01	GARW	tropics	0.013795337337798393	0.00019912146790369923	1.633484688335526	0.008445342301834151	-0.34677052620692944	-93.31714695091068	15	205.0	204.82707279527767	0.962764192105288	0.9657238775249752	1.0	0.9956691232467139	True
11.0	2037-04-01	GARW	tropics	0.004369266192981794	4.004717421989483e-05	0.16372407803518682	0.02668676620700085	0.41877641350537886	0.13373428373253793	36	539.0	538.8817971287465	0.6518548218770449	0.644571522856075	1.0	0.9769355655321178	True
12.0	2037-04-01	GARW	tropics	0.0083912680102085	0.000162683808369394	0.25231934391385347	0.0332565386388823	0.7438134819834086	0.002727365130368087	20	2352.0	2351.917657674954	0.80315147079972	0.772446923231871	0.9666666666666667	0.9994949812912519	True
11.0	2037-10-01	GARW	tropics	0.00458182554579914	2.4601099480159103e-05	0.3882674644190512	0.011800694020691995	0.6077829093511502	-0.011497852611720427	17	274.0	273.9300483349753	0.33736075531656795	0.33233289168926505	0.7647058823529411	0.703705446071206	True
12.0	2037-10-01	GARW	tropics	0.0031704342977881017	1.3403958126430693e-05	0.09428588412241552	0.03362575773985199	0.9954872095934115	0.9799185745612483	35	3384.0	3383.842366920041	0.8550461137810399	0.840077664073301	0.9874213836477987	0.9906764035079261	True
12.0	2038-04-01	GARW	tropics	0.009770246234688041	0.00012050206034491454	0.2829590499395533	0.03452883460265786	0.7972178173038977	-3.7050017853966146	13	710.0	709.998029282289	0.9153716785959575	0.8706556826765535	0.9847328244274809	0.9860067583156149	True
13.0	2038-04-01	GARW	tropics	0.0036884704107926713	3.006477135908183e-05	0.3347536278880152	0.011018462844042938	-0.19994757144936556	-1.6134843338396458	17	342.0	341.8011538790403	0.9945113948216203	0.976498005735115	1.0	1.0	True
13.0	2038-10-01	GARW	tropics	0.00106264725603757	1.843307365136315e-06	0.09609725903346772	0.011058039185774098	0.9106433437898136	0.8234032962010502	43	1267.0	1266.8667165057536	0.9821952014734853	0.976843898611143	1.0	1.0	True
13.0	2039-04-01	GARW	tropics	0.00211312929221523	4.3113792753833626e-05	0.03985732717193855	0.05301733563566634	0.7497404166541346	0.48767490635605293	47	1456.0	1455.673474348976	0.7814545011997229	0.7815452947995948	1.0	0.9967693177018883	True
14.0	2039-04-01	GARW	tropics	0.002020683741381428	5.284814877450494e-06	0.10187028945627974	0.01983584960999504	-0.8002784926667207	-0.1833072080311018	14	400.0	399.94427735761366	0.5267900600763217	0.5081425412219772	0.7926829268292683	0.7918840946184555	True
15.0	2039-04-01	GARW	tropics	0.001763484836867119	3.4947742430944025e-06	0.11473145025670264	0.015370544283380536	-1.0	-8.114792478698716	2	25.0	24.987738929274983	0.21721813725490197	0.14725387099775136	0.21875	0.15011119118450916	True
13.0	2039-10-01	GARW	tropics	0.0028922322395701187	1.140737511675303e-05	0.2902400496813392	0.009964966043609635	-0.179775266628599	-5.005078475127123	21	492.0	492.12395165876944	0.5554359698159749	0.5404388424536557	0.8888888888888888	0.8892417313622978	True
14.0	2039-10-01	GARW	tropics	0.0015825026634537721	4.738833675392102e-06	0.08287182834157218	0.019095785565767694	0.9856472754919123	0.9651936483170144	39	1979.0	1978.9967217636158	0.7740720825856499	0.7620594157934015	0.9736842105263158	0.9315594845204687	True
15.0	2039-10-01	GARW	tropics	0.0005685168470202492	4.263702019655421e-07	0.06335025569750123	0.008974183935972237	0.979289643121545	0.9355661129884407	6	78.0	77.32773269996514	0.17630009391169385	0.12030637521531849	0.21875	0.1272825760582965	True
14.0	2040-04-01	GARW	tropics	0.0011682415597044325	1.966944625395142e-06	0.06307983202037258	0.018520048679380303	0.9888913282818099	0.9696362988306919	32	1539.0	1539.0558462802157	0.8951354178815034	0.9032432279841144	1.0	0.9336192519742994	True
15.0	2040-04-01	GARW	tropics	0.0024918299865275485	7.911176034143342e-06	0.4315524172172478	0.005774107355475978	1.0	-1.784453658502958	2	29.0	28.35888787228615	0.15070133424563803	0.11661175427960926	0.16216216216216217	0.11827453384042891	True
14.0	2040-10-01	GARW	tropics	0.008312080927273853	7.140689520995402e-05	0.4519432404630188	0.01839186911780796	0.13509235917268658	-40.223349525329624	6	82.0	81.86177378570682	0.8626517273576096	0.887814151992642	1.0	0.9026698040720782	True
16.0	2041-04-01	GARW	tropics	0.009108229351782371	0.00015244701099615052	0.22022083233159592	0.04135952650504799	0.9653637212532044	0.7569859998576715	25	3353.0	3352.912542661003	0.9568736589702234	0.9171730807400843	1.0	0.9994874492830327	True
16.0	2041-10-01	GARW	tropics	0.1647650287187438	0.028764903061398228	4.510202783046123	0.036531623220600294	0.27382906694069187	-38.90107519411101	34	3716.0	3716.0708036154783	0.9745919761335675	0.9692528304716977	1.0	0.9997336878073794	False
16.0	2042-04-01	GARW	tropics	0.32193686001428334	0.11080994441420094	9.24721376119054	0.034814471507667984	0.2543602173191242	-21873.03829297408	8	231.0	230.85276633165893	1.0	0.9617985231051288	1.0	0.9990454693904048	False
17.0	2043-10-01	GARW	tropics	0.0011814207777705989	2.4327234935436325e-06	0.08416703721786349	0.014036620710700934	0.9142067494213856	0.8332903505105501	33	1062.0	1061.5799435213498	0.9824002946339976	0.981390417944765	1.0	1.0	True
17.0	2044-04-01	GARW	tropics	0.0012652759658491922	2.995505846287836e-06	0.056168533221780045	0.02252641992364803	0.9893137711902855	0.9782005044481767	46	1799.0	1798.9680180829266	0.811845616759826	0.8108111240030685	1.0	0.9995936145261077	True
18.0	2044-04-01	GARW	tropics	0.0024700610632614494	7.541291623641032e-06	0.1803089201611306	0.013699050834834534	0.9061364579076073	0.28965094692477256	21	475.0	474.9778656492499	0.5017725423258265	0.49541871924063774	0.7777777777777778	0.8419342449201586	True
17.0	2044-10-01	GARW	tropics	0.003742885578250149	1.7997235962159975e-05	0.19406421844708224	0.019286840243920418	0.8994404526736619	-0.4282121288767149	20	662.0	662.1099993017298	0.5741242275828482	0.5537118693601042	0.9154929577464789	0.8758894231679933	True
18.0	2044-10-01	GARW	tropics	0.01419251099865466	0.0005997023227512771	0.10763638450177983	0.13185607324463763	0.5260391369796642	-0.2137852452225688	42	888.0	887.5928368825911	0.5506374310491601	0.5468098116937072	0.9090909090909091	0.7439020226216494	True
19.0	2044-10-01	GARW	tropics	0.012996259886330425	0.00017350438364095846	0.7340194307331562	0.017705607429696308	0.5114798542519687	-31.298248039575228	10	154.0	153.89698304266028	0.31503409802214966	0.28276329202544526	0.37735849056603776	0.3277652008446227	True
20.0	2044-10-01	GARW	tropics	0.014932738175475344	0.00022718860727495528	0.6055679664289302	0.024659062241245318	0.6486290952842603	-43.57498185504092	12	271.0	271.00076884859214	0.4364229053033599	0.42273997783838296	0.6521739130434783	0.6287210233350387	True
18.0	2045-04-01	GARW	tropics	0.0057007960705250235	4.5512224687098666e-05	0.6210331790270288	0.009179535430709913	-0.38273346728505253	-4.93061280215383	18	336.0	335.3120990473192	0.569724570170492	0.5343025657672222	0.9090909090909091	0.8174575691883936	True
19.0	2045-04-01	GARW	tropics	0.0021893763224776117	8.450400080233293e-06	0.17878132204787275	0.012246113281852544	0.9714504027926654	0.8470274075133297	21	364.0	363.85892320782705	0.2612914421706969	0.23355541727193768	0.37735849056603776	0.26745413176691607	True
20.0	2045-04-01	GARW	tropics	0.00434173542192391	3.0441266433776536e-05	0.19296552245408707	0.02250005786892295	0.9669900904994301	0.8391084421407283	38	1675.0	1675.0012128623428	0.7050886221961307	0.6936069798167331	0.9333333333333333	0.90386403945955	True
19.0	2045-10-01	GARW	tropics	0.0017978984541550916	5.241147166757723e-06	0.1619437310439765	0.011101994764260834	0.9595295405587827	0.5511975168742386	8	152.0	151.83653491072965	0.20071210642594708	0.1870415723296096	0.25263157894736843	0.22296532866675728	True
20.0	2045-10-01	GARW	tropics	0.0014181697482413952	3.7817743306509844e-06	0.07751611957746261	0.018295159200070694	0.9728802452945216	0.9418320504647087	28	1329.0	1328.9196205085436	0.8688515356142572	0.8605485591850691	1.0	0.9572965582071757	True
21.0	2047-10-01	GARW	tropics	0.13162796316748948	0.033375829398429174	11.777906956097587	0.011175836560616048	0.7809105380839081	-1597.2580582854048	36	971.0	970.7084939655809	1.0	0.9991852233213684	1.0	1.0	False
21.0	2048-04-01	GARW	tropics	0.0010046180327033989	2.089174241389496e-06	0.0827771182865818	0.012136421918256701	0.9770472361231427	0.9515470173004705	46	1238.0	1237.6037154546264	0.9926750404439192	0.9916823471487165	1.0	1.0	True
21.0	2048-10-01	GARW	tropics	0.002891350329365797	1.0089744192757627e-05	0.23220943559603183	0.012451476495536542	0.7306712654678809	-1.0748585576348768	20	404.0	403.6463275984964	0.9831525930210141	0.9731851534652598	1.0	1.0	True
23.0	2049-04-01	GARW	tropics	0.0286623139800948	0.0008221401359110251	0.6496209400445709	0.04412159801703476	1.0	-1283.2165774231896	2	31.0	30.96235568453024	0.7476076555023923	0.7624223892323538	0.8636363636363636	0.8496700016325762	True
22.0	2049-10-01	GARW	tropics	0.0029547963964824445	1.0113302951819777e-05	0.2797041204295861	0.010564007394472037	0.5084629830121205	-0.8114260575023653	15	205.0	205.11200958256933	0.30470458529207767	0.2762851955305844	0.47368421052631576	0.31865126203436783	True
23.0	2049-10-01	GARW	tropics	0.004549879429258765	3.570809052956977e-05	0.35110400424216176	0.012958779661540529	0.9315743212571203	-0.009450230713084373	27	718.0	717.8275536705243	0.6654394092552584	0.6571275083729973	0.8636363636363636	0.7043883101010987	True
22.0	2050-04-01	GARW	tropics	0.011684355687893585	0.00017318996207583734	1.9507937790634753	0.005989539136988091	0.49709179176190954	-21.571641969523093	22	295.0	293.91195059766284	0.3087274591335856	0.27920299545840377	0.47368421052631576	0.3118411766810662	True
23.0	2050-04-01	GARW	tropics	0.008594746030766374	0.00011439599341971214	0.688654121660364	0.012480497481150923	0.5742388423255812	-1.096397523260403	46	1080.0	1079.678189802271	0.6450391815487425	0.6401249861314465	0.8	0.692988896968858	True
22.0	2050-10-01	GARW	tropics	0.0019058568184968597	4.880552312242228e-06	0.3389350168908516	0.0056230744051760494	0.821146873641791	-0.6349857891850292	6	72.0	71.64850694932476	0.32976302978342964	0.30134131336210657	0.4074074074074074	0.32909711403402236	True
23.0	2050-10-01	GARW	tropics	0.0018599512938355732	4.980246248254186e-06	0.14555091762514358	0.012778698507595467	0.7257459881195012	0.21968584373740063	20	345.0	344.81605174286636	0.6219124425225099	0.6076261142291134	0.7272727272727273	0.6655305065983819	True
24.0	2050-10-01	GARW	tropics	0.0035863429952613327	2.124917878886758e-05	0.39116547930026785	0.009168352487741822	-1.0	-1.5659156112308095	2	22.0	21.648762465244815	0.6493055555555556	0.5901958171430817	0.6875	0.6178296144696996	True
24.0	2051-04-01	GARW	tropics	0.00127749380760652	2.4872645166573775e-06	0.1215405798690654	0.010510841802653508	0.8326045238187897	0.6541492070351962	25	511.0	510.7424500703027	0.8303227310253525	0.8124956253463697	0.95	0.8601580966876416	True
24.0	2051-10-01	GARW	tropics	0.0017118048453348433	4.521658726886187e-06	0.07733921040670422	0.02213372539405256	0.9404600031515895	0.8720808457490453	40	812.0	812.1035633728793	0.6622742912215898	0.6571205175984536	0.95	0.8962243330571087	True
25.0	2051-10-01	GARW	tropics	0.001616535622463562	3.856157964198965e-06	0.08442734816207141	0.019147061439859163	0.9739275559669125	0.904697970578635	24	1180.0	1179.7245549368636	0.7146855584407716	0.6947293733178418	0.9540229885057471	0.9777569331062465	True
24.0	2052-04-01	GARW	tropics	0.0011527624453520355	1.8847101737039349e-06	0.09020414045541217	0.01277948483885665	0.84800501566352	0.6924905205923497	15	290.0	290.28574209560696	0.41186638398881187	0.3721754807191258	0.7575757575757576	0.5978017241614285	True
25.0	2052-04-01	GARW	tropics	0.0011432321552762496	2.1928818318476933e-06	0.05392163170118583	0.021201735170249085	0.993172838801366	0.9858185906854867	46	2022.0	2021.8469625134903	0.820189495792126	0.8200943620265698	1.0	0.9536382415196323	True
25.0	2052-10-01	GARW	tropics	0.0036275456620231935	1.5355401851549704e-05	0.19223390699466306	0.01887047773587572	0.7720577106903341	-0.07812653384184642	22	713.0	712.7012137969073	0.8849356452286653	0.8947424867425954	1.0	0.9612605774782326	True
26.0	2052-10-01	GARW	tropics	0.2507960965102728	0.0691488239287946	13.507964189512197	0.018566535489115004	-1.0	-1447.3570991800268	2	25.0	24.836170867136723	0.773076923076923	0.7245455769642051	0.8461538461538461	0.7337041548752206	True
26.0	2053-04-01	GARW	tropics	0.014462417433547956	0.0005806633828032255	0.14591576680960344	0.09911483693478498	0.8516065383238405	0.41025705610894025	14	180.0	179.78048605023366	0.29316438196525524	0.30574700077476963	0.8461538461538461	0.8022401287549787	True
27.0	2053-04-01	GARW	tropics	0.00895850067328826	0.00013514795654322623	0.21597890112610657	0.04147859178178491	0.9723025412587324	0.8218806540283938	26	3734.0	3733.978266073714	0.8885789276157692	0.855179687898307	1.0	0.9922742581848577	True
26.0	2053-10-01	GARW	tropics	0.00964378370846133	0.0001107903982588042	0.4390713810333021	0.0219640453125545	0.973230872644109	0.15359825384358217	10	132.0	132.24168455390398	0.14848716392907615	0.14803593680095084	0.375	0.28481430472306585	True
27.0	2053-10-01	GARW	tropics	0.004479763414664046	2.3837191897011047e-05	0.1150156242463427	0.03894917272343105	0.9970225613700425	0.970886205316193	31	3931.0	3930.955512385807	0.9135209022072628	0.9068825617679529	1.0	0.9990647873997208	True
27.0	2054-04-01	GARW	tropics	0.167795563900182	0.02821864893748957	4.711611884795686	0.03561319735219622	0.4420072521722137	-12206.279515733198	5	131.0	130.89655441407197	0.8939467135119308	0.8641406836474653	0.9318181818181818	0.9137176375574544	False
28.0	2054-10-01	GARW	tropics	0.0011128330284435222	1.983365473946952e-06	0.05058619976766529	0.02199874735707752	0.9666377142037106	0.9297259962662915	23	865.0	865.0315422024378	0.8768186098930156	0.8721373973442736	0.9558823529411765	0.9076973640623511	True
29.0	2054-10-01	GARW	tropics	0.0037017809568847576	1.72784077588056e-05	0.4027149369347675	0.009192062715777485	1.0	-0.02214422046866149	2	32.0	31.999964950045978	0.21635150166852057	0.1276026111928734	0.22580645161290322	0.12972956999029747	True
