variant	pivot_date	model	location	mae	mse	normalized_mae	max_r_data	correlation	r2	n_points	total_sequences	total_smoothed_sequences	mean_variant_frequency	mean_smoothed_variant_frequency	max_variant_frequency	max_smoothed_variant_frequency	converged
0.0	2026-04-01	FGA	north	0.005876966978264037	5.408201014580138e-05	0.16430419408328434	0.035768818994876383	0.9886491610120982	0.5277462354319048	11	320.0	319.8952301361406	0.966982303256609	0.9569163982716017	1.0	0.9667058450897743	True
0.0	2026-10-01	FGA	north	0.0011355898778069597	2.2830999482728e-06	0.031973057521467965	0.03551708738035079	0.99794171081485	0.9950689006576854	20	542.0	542.045009733125	0.9298701118936872	0.9253194336791027	1.0	0.9657303618919909	True
0.0	2027-04-01	FGA	north	0.27713136956849355	0.07710207530737835	8.520201568129536	0.032526386535868416	-0.979793684518514	-1873.723722250798	7	141.0	141.06211896025252	0.8769154931718599	0.8773903956768894	1.0	0.8853339863198855	False
1.0	2027-04-01	FGA	north	0.14924377936028155	0.02263219904310128	3.2134584270054245	0.046443351532435936	-0.9121845940072647	-131.3541158220882	12	583.0	582.9901357053636	0.8989402733493014	0.8942642399778697	0.9710144927536232	0.9416916170021794	False
1.0	2027-10-01	FGA	north	0.0016420578993277062	4.343608785949452e-06	0.03840752445613477	0.04275354693070886	0.9986755626819355	0.9945405722283369	25	1162.0	1162.0164632254782	0.9188278671446589	0.9250975724766249	1.0	0.961012064030067	True
1.0	2028-04-01	FGA	north	0.058326139466255277	0.005665366774739953	1.6252188829679166	0.03588817486524779	0.8364664337766514	-10.539515470526501	24	673.0	673.0718071240678	0.654189887540293	0.6555109758744466	1.0	0.9622993580058901	False
2.0	2028-04-01	FGA	north	0.05828888238501829	0.0062380494079747545	1.338899888534773	0.04353490719071372	0.8172878094592089	-35.311053772342476	11	469.0	468.9904823387093	0.6280126764701436	0.6116739789415669	0.78125	0.7588643116149303	False
1.0	2028-10-01	FGA	north	0.18847458182303378	0.035572471403765175	5.747119919516918	0.03279461442643366	0.9941996450591355	-94.04965611110134	17	329.0	328.8407784362432	0.3614533033360652	0.3685806434376223	0.6666666666666666	0.5478725492525265	False
2.0	2028-10-01	FGA	north	0.2111508087086092	0.04783533157982197	5.663169893035171	0.03728491510881428	0.9613283908617188	-76.9059104127876	21	923.0	922.9679319883578	0.7077754246940374	0.6851017516386737	0.8823529411764706	0.8116677141282992	False
1.0	2029-04-01	FGA	north	0.003900261780477832	2.6688955652778357e-05	0.14057454605254888	0.02774514938870836	1.0	0.1251096756734299	2	27.0	26.754780703699787	0.19729344729344728	0.1762276175231394	0.24074074074074073	0.18242107649150469	True
2.0	2029-04-01	FGA	north	0.006358617414550601	5.041108684445204e-05	0.1743362402702439	0.036473296686299506	0.9089625309022692	0.3191340411892767	8	320.0	319.977441477821	0.7974328048630477	0.792945991456006	0.8823529411764706	0.8145779295106748	True
3.0	2029-04-01	FGA	north	0.02353002768428297	0.0009400047234032362	0.2510790810087677	0.09371560382388568	0.7473393048265327	0.5563366711066442	19	1200.0	1199.8918885214498	0.3169566737733767	0.3317316751547721	0.8125	0.7253232721881963	True
4.0	2029-04-01	FGA	north	0.021443545634930346	0.0007981788615597441	0.18250288636063083	0.11749702189672385	0.8853023650736288	0.7172856466961325	18	4407.0	4406.953041880925	0.6736930635486024	0.6514422656594766	0.8125960061443932	0.8332320951443403	True
5.0	2029-04-01	FGA	north	0.02545308518003382	0.0010033164267339765	0.2010922877464051	0.12657414894067134	0.8796999327643973	0.61132040668743	11	309.0	308.9971014414929	0.06822443092199183	0.07159751099280492	0.11888111888111888	0.0932971748500506	True
3.0	2029-10-01	FGA	north	0.019784778779067706	0.0006988833995875725	0.22311682263311486	0.08867452729730323	0.8521677268817837	0.6960434111412526	19	1200.0	1199.825543722318	0.3169566737733767	0.34505016054807985	0.8125	0.7224810085833544	True
4.0	2029-10-01	FGA	north	0.01587688249963283	0.0005130434013316206	0.14005221010168156	0.11336402680190336	0.9173494149407522	0.8335210515782941	21	4475.0	4475.125186164845	0.6855283054044816	0.6800623537423047	0.8125960061443932	0.8839594448694822	True
5.0	2029-10-01	FGA	north	0.018697598031697033	0.0007048961450064657	0.15624656860720754	0.11966725540515023	0.8473717143711398	0.7019847498835446	11	309.0	308.8620885317828	0.06822443092199183	0.061656876659606556	0.11888111888111888	0.07618942245370276	True
6.0	2031-04-01	FGA	north	0.23189517908765997	0.05377537408409789	4.391722994403035	0.05280277908765996			1	12.0	11.957351049429333	0.05687203791469194	0.015143161393511002	0.05687203791469194	0.015143161393511002	False
7.0	2031-04-01	FGA	north	0.07428619597411032	0.005850299790350968	1.0514121134168783	0.07065373798357248	0.905507297688049	-2.1894957638345947	27	4889.0	4888.993720908802	0.7840783593398515	0.7760456875410833	0.9565217391304348	0.8764919254188656	False
8.0	2031-04-01	FGA	north	0.19714176877807818	0.040086075866890426	3.4662808556121703	0.05687414753449386	0.6907405549934379	-26.93493534740465	18	918.0	917.7440086668713	0.17059685949332193	0.1640644137429739	0.23809523809523808	0.2788370486724415	False
9.0	2031-04-01	FGA	north	0.064492757834111	0.004725720703507733	1.260655533800407	0.05115811266832689	-0.6633388906081257	-7.657370116632343	7	100.0	99.92087498708477	0.029931865275215398	0.03472125181664299	0.048859934853420196	0.049106735442807505	False
6.0	2031-10-01	FGA	north	0.15036241076385934	0.023771669116392054	5.604785656140471	0.026827504206003994	-0.9780194145826786	-518.0069678135154	3	38.0	37.754362387667	0.035035074005590534	0.027779178834972173	0.05687203791469194	0.037462878744414355	False
7.0	2031-10-01	FGA	north	0.1661039337204289	0.03150585832396788	2.630229135951747	0.06315188720633051	-0.09282677309870116	-17.476245560955615	21	4727.0	4726.920606267182	0.7680008114270778	0.7632806080050959	0.8709677419354839	0.8339384748680387	False
8.0	2031-10-01	FGA	north	0.09958730492096851	0.012784439214152407	1.468448470067755	0.0678180453389512	-0.38792394592986323	-6.520519624535868	18	918.0	917.6851411931458	0.17059685949332193	0.16814011638290283	0.23809523809523808	0.20235578760502834	False
9.0	2031-10-01	FGA	north	0.030380929864939118	0.0015730268489003011	0.3629362201829577	0.0837087294556161	-0.3301577751292113	-0.3842474910645024	7	100.0	99.83815184113583	0.029931865275215398	0.0409106725529183	0.048859934853420196	0.06341171875563287	False
10.0	2036-04-01	FGA	north	0.0011277039613162175	1.6540116893737096e-06	0.03619267994237274	0.031158343706843134	0.99264008422507	0.9826674573428917	11	383.0	382.50999830787913	0.9730166902899264	0.9732366701385812	1.0	0.9788190092295644	True
10.0	2036-10-01	FGA	north	0.021098871927605352	0.000604647620313174	0.6578446350251914	0.032072727820904694	0.6493285423934658	-0.323593253737561	20	667.0	666.5429331565537	0.9682859602862403	0.9749034646563288	1.0	0.9864778487354379	True
10.0	2037-04-01	FGA	north	0.15549544789260977	0.04278173969620222	4.701660023406384	0.03307245677452286	-0.8948420346772329	-158.07019741248945	13	266.0	265.79625907219963	0.5896074299939466	0.5838089412502024	1.0	0.9770050181796991	False
11.0	2037-04-01	FGA	north	0.030389838759120377	0.0011376425152698252	0.6566189418253462	0.0462823059515145		-4.313598180187316	11	752.0	751.9815736259302	0.8460722538234555	0.8368385940442372	0.9224137931034483	0.9108054176879142	False
10.0	2037-10-01	FGA	north	0.21740799182230022	0.047373401296911415	7.4665266266292125	0.029117687874696534	0.8274408086066951	-222.49747593051185	6	77.0	77.16722285362476	0.16231703021330637	0.1195314686985219	0.25	0.20362344947225214	False
11.0	2037-10-01	FGA	north	0.18335021016679254	0.03436798702083227	3.6816221945846594	0.049801473501676644	0.8672409291595884	-34.86859469941851	23	1507.0	1506.9969674239562	0.9058905181492732	0.9044518826353204	1.0	0.973900328612951	False
10.0	2038-04-01	FGA	north	0.28985445690097755	0.08401560618536065	8.484292467317328	0.03416365690097756			1	14.0	13.470888869253736	0.12727272727272726	0.050599904400543586	0.12727272727272726	0.050599904400543586	False
11.0	2038-04-01	FGA	north	0.08475292934490555	0.007347237694442163	2.0633980960020923	0.04107444390353824	-0.8452629826798234	-83.55143830003263	11	522.0	522.081238401514	0.9662398354296046	0.9665164100794545	1.0	0.9813808462514658	False
12.0	2038-04-01	FGA	north	0.1604864651963252	0.026103433422435086	3.2530880270739977	0.04933357593175103	-0.5603985720919902	-90.2910421230702	17	1321.0	1321.0051288382488	0.8726626066826514	0.8661603748167689	0.9696969696969697	0.8908861648509158	False
13.0	2038-04-01	FGA	north	0.08148199185309184	0.00719564649387825	2.08905000608611	0.03900432809923515	-0.97023076668727	-24.864819891927517	8	126.0	126.03829792840618	0.10900149334805145	0.1019383608122015	0.14838709677419354	0.11069282745663506	False
12.0	2038-10-01	FGA	north	0.18565395307365004	0.03468914018449776	4.3810213118890555	0.042376865999220116	0.9859135322557013	-36.98644579083791	25	1771.0	1770.9649521598037	0.8541940831679711	0.8250922285243867	0.9696969696969697	0.858241001113393	False
13.0	2038-10-01	FGA	north	0.23913942755462084	0.05736252730074726	4.9470189374097515	0.048340107563815744	0.9962787958672972	-108.79261847122662	12	184.0	184.00613132974868	0.12270649050450327	0.14371455297371608	0.16455696202531644	0.20598068883052476	False
12.0	2039-04-01	FGA	north	0.09420397977500307	0.00889439260871008	2.182710982941583	0.04315916331169361	-0.4598956511694493	-498.03016397231016	5	182.0	181.75645387892007	0.7925808300491844	0.7846147834450334	0.8909090909090909	0.8111100402903656	False
13.0	2039-04-01	FGA	north	0.2800941361175407	0.07845272508743141	21.622035019326763	0.012954106117540729			1	13.0	12.746992398886045	0.16455696202531644	0.18432572289946791	0.16455696202531644	0.18432572289946791	False
13.0	2040-04-01	FGA	north	0.012316899376286577	0.0005591411817981666	0.16144156436529739	0.07629323603689109	0.6729980073564453	0.3590582577976347	14	315.0	315.000845120502	0.6288467894566415	0.6059920727236666	1.0	0.9173038878547731	True
14.0	2040-04-01	FGA	north	0.004841214828682154	2.6269118732176992e-05	0.07900148721975628	0.06128004673146822	0.9608326893053052	0.13136997708383458	8	417.0	416.9711456308916	0.586026054958814	0.5559614076970045	0.8071428571428572	0.8812036079596268	True
13.0	2040-10-01	FGA	north	0.020790192264263714	0.000854547870877943	0.46329363598754153	0.044874763323584234	-0.7816618990371617	-0.557020740626808	19	436.0	435.78059096217623	0.45047787543419315	0.47413659505837397	1.0	0.8241492943711374	True
14.0	2040-10-01	FGA	north	0.03410203258688829	0.0021295227194802037	0.6336619123954952	0.05381739366023908	0.40068445772841044	-1.2968183855432232	30	2081.0	2080.7413928962465	0.8511003646511307	0.815935047574101	1.0	1.0	True
13.0	2041-04-01	FGA	north	0.2725987166579432	0.07438074016619564	9.354219971785527	0.029141790280767767	-0.4911419404688554	-1122.9081349519251	4	71.0	70.88138775451145	0.0996248586644646	0.11070591118660006	0.13114754098360656	0.1305561318036418	False
14.0	2041-04-01	FGA	north	0.058649021482166816	0.005255017437180873	1.8278253436283562	0.03208677551529325	0.7564012388512928	-14.960460226740667	40	2169.0	2168.385522413513	0.899586117704154	0.886115262499884	1.0	1.0	False
15.0	2041-04-01	FGA	north	0.21375144503200136	0.045906213659068745	5.90519313101601	0.036197198006837183	-0.9844346843646015	-1204.2823863617857	6	247.0	246.94942613077376	0.4045154586362642	0.3735775823225039	0.5855855855855856	0.4903752792723007	False
14.0	2041-10-01	FGA	north	0.02258197123560571	0.0006866586815126558	0.6490178342599048	0.03479406888927272	0.11695257738499565	-1.3133486552791114	26	939.0	939.1025263178415	0.704082690195186	0.7068370152124068	1.0	1.0	False
15.0	2041-10-01	FGA	north	0.2406681032525099	0.05847131183416084	6.992661072735666	0.03441724126897456	-0.5265798061028076	-141.4902423244634	21	913.0	912.9240147164514	0.7100736484245511	0.6847507531193573	1.0	0.9750689928906622	False
14.0	2042-04-01	FGA	north	0.2598651402076126	0.0675518359352067	8.498135516167853	0.030579076988501135	-0.7485658656103524	-3819.270992985395	4	69.0	69.03118560132019	0.2050682773109244	0.22649063451678134	0.2857142857142857	0.26419200554005573	False
15.0	2042-04-01	FGA	north	0.06410876891792282	0.006506910969909989	1.6775423673161933	0.0382158866249601	0.6169880724841614	-11.425400448795541	30	1383.0	1382.8513400844745	0.6838858286264334	0.6815809771661363	1.0	0.9610891333177547	False
16.0	2042-04-01	FGA	north	0.08367224480630613	0.01102865964895822	1.6565938379936784	0.05050860560222935	0.9168235168470642	-32.1224051505822	14	1001.0	1000.9961453043711	0.5077211644629764	0.49105835310841567	0.7142857142857143	0.7513270264123384	False
15.0	2042-10-01	FGA	north	0.2181561855403743	0.048168074231869897	4.288609701559532	0.05086874318757495	0.7772282769346309	-62.40554990357544	21	973.0	972.9538371608115	0.4919125209219442	0.4822897802484999	0.92	0.7903001824590234	False
16.0	2042-10-01	FGA	north	0.18403075999225138	0.03479519949255613	3.272804578712583	0.05623029287762828	0.9365600159878849	-27.621259310732768	23	1427.0	1426.9561025329194	0.6258165941215925	0.6234882570368047	0.8888888888888888	0.9033126228316145	False
15.0	2043-04-01	FGA	north	0.3087957591588866	0.09536497501155208	5.768762305050291	0.05352894482904068	-1.0	-20299.020033122506	2	42.0	42.08859120113787	0.24414172783738003	0.2094262267372426	0.29347826086956524	0.22317333240928375	False
16.0	2043-04-01	FGA	north	0.08303801859034103	0.006975810000956734	1.8001371262987211	0.04612871840551185	-0.7957165286200828	-118.78309241750294	7	259.0	259.08772547008243	0.8297732335774611	0.8419773768215703	0.8888888888888888	0.8931863444610412	False
17.0	2043-04-01	FGA	north	0.17637593732332807	0.031737985163447405	4.723008463211476	0.037343980790455485	-0.7604562579339483	-69.60939701768062	19	2059.0	2059.0098012934086	0.9883859933815251	0.981878023734005	1.0	0.9947159979825286	False
17.0	2043-10-01	FGA	north	0.2170669592394629	0.04784477026797897	4.282856384046153	0.050682754632643726	0.6992796702002922	-46.630324111210605	26	2364.0	2364.0838000138783	0.9898754388646486	0.9830616357401568	1.0	0.9862984139973212	False
17.0	2044-04-01	FGA	north	0.2954212931789785	0.08729334095311013	5.8362163041128206	0.05061863333797158	-0.9071227572278913	-8585.727797753729	5	162.0	162.20009120504474	0.9914855072463767	0.9623750798354465	1.0	0.98133905287358	False
18.0	2045-04-01	FGA	north	0.009386110721328719	0.0001619966671218501	0.2747450354046251	0.03416298572058096	0.9724872401932197	-0.06140338094395248	10	314.0	313.942843645645	0.5135918512259269	0.5146981293063236	0.7045454545454546	0.6838659210977861	True
19.0	2045-04-01	FGA	north	0.007519684986418088	9.613207971749124e-05	0.14253982240991078	0.05275497653415938	0.9656864259901842	-0.2677019018074054	8	357.0	357.02191110989304	0.5225935193009247	0.5235709090359161	0.6666666666666666	0.6799305419808892	True
18.0	2045-10-01	FGA	north	0.0036221422015264293	1.6635643188549688e-05	0.07736324675369931	0.04681993522141349	0.9982163206869168	0.9774630132313268	19	540.0	540.0294610320235	0.3812764952504954	0.38596275687876713	0.7045454545454546	0.6461226708264801	True
19.0	2045-10-01	FGA	north	0.002699376807279947	1.0371304895250162e-05	0.053851272813663045	0.0501265182091493	0.9993412525182918	0.9875639402053769	22	1256.0	1255.8049415316284	0.7048609937668266	0.6972261723750023	0.9117647058823529	0.9191903657329296	True
18.0	2046-04-01	FGA	north	0.05378229543852616	0.0031585966740641422	1.3109561078700356	0.041025244945773566	-0.9959754480069253	-41.537884273443275	6	119.0	118.83664446549408	0.212883968827596	0.19616709783744346	0.25862068965517243	0.2407176552466415	False
19.0	2046-04-01	FGA	north	0.18236353119532261	0.0384539370993022	5.81861434733988	0.03134140197462898	0.16733361066789118	-85.53160996403822	30	1469.0	1468.7359519708489	0.9306111810943969	0.9311561389384012	1.0	0.99423578025687	False
19.0	2046-10-01	FGA	north	0.0012807321799843674	2.364187993730325e-06	0.032807275425480724	0.0390380537052964	0.997901081797776	0.9953539026019353	27	1157.0	1156.9782246691605	0.9890094805100345	0.9891746779695956	1.0	0.994016482675476	True
19.0	2047-04-01	FGA	north	0.23555485909631516	0.0556452238380132	6.361803984297378	0.0370264251582927	-0.9827857629738161	-1631.209559417145	6	174.0	173.98067413322286	0.9953703703703703	0.9851049965354518	1.0	1.0	False
20.0	2047-04-01	FGA	north	0.17551963318545827	0.030879261648241434	4.796531174451627	0.03659303500837246	0.9973978105531244	-195.87191757421283	6	99.0	98.90350596615971	0.19712601547780198	0.22019900738837905	0.3404255319148936	0.2509407060646643	False
21.0	2047-04-01	FGA	north	0.04438119302322452	0.0022009662049495477	0.5843340058128438	0.0759517546159026		-8.516625391207281	10	500.0	500.00012169198925	0.7178022757812976	0.7005697253000223	0.8505747126436781	0.8158366673264875	False
20.0	2047-10-01	FGA	north	0.0025084401592246424	9.679256407338475e-06	0.07678629944626539	0.03266780893615057	0.9975593362878796	0.9788129993015069	12	187.0	186.93472934239287	0.15863023937350754	0.17927803461883415	0.3404255319148936	0.24614553193874875	True
21.0	2047-10-01	FGA	north	0.0018855093088344767	1.0880689645508228e-05	0.026359764208501356	0.07152982454320954	0.9968224332305166	0.9910193468871075	26	1493.0	1492.849202839128	0.8303545195020583	0.8196660874661242	1.0	0.9589624958810194	True
20.0	2048-04-01	FGA	north	0.21385636943790748	0.045753981589016675	9.408656616470752	0.022729745398884203	0.8508454218194444	-1470.6922216318046	4	56.0	56.007169230842294	0.11913299261374316	0.106354536303869	0.14912280701754385	0.11264514764743216	False
21.0	2048-04-01	FGA	north	0.2198202099712968	0.05172111790842532	2.0783009542813664	0.10576919070284799	-0.33701095752558946	-47.192921502497306	25	971.0	970.8626164178602	0.6313630877078596	0.642353899868545	1.0	0.927016031342591	False
22.0	2048-04-01	FGA	north	0.035030758810622904	0.0022931669301749914	0.7140867517515666	0.049056726965871836	0.6952850943026467	-6.89821647685466	5	81.0	80.74369527748898	0.05469059581926137	0.04670484813578459	0.06748466257668712	0.048754563145333156	False
23.0	2048-04-01	FGA	north	0.02208241382599071	0.0011292674956998178	0.34711774133336676	0.0636164943375311	-0.8612865758208331	-0.6752039517856494	13	2450.0	2449.9810468661726	0.7877283125813452	0.7273478603065252	0.9577836411609498	0.9642821666880403	False
21.0	2048-10-01	FGA	north	0.1610957405639143	0.026217698090620536	3.492222170404067	0.04612986594300063	0.9446246836050692	-46.51249695316327	11	204.0	203.81416238861348	0.21375123372202925	0.24136817989890025	0.625	0.43911947713766314	False
22.0	2048-10-01	FGA	north	0.07222082516569324	0.005316806853624093	1.4781116362731717	0.04886019661396267	0.9885859367054757	-22.326749923214287	5	81.0	80.80841033954958	0.05469059581926137	0.049121079762707076	0.06748466257668712	0.050238634844160135	False
23.0	2048-10-01	FGA	north	0.2060785530269186	0.04441155538743353	3.471773459985478	0.05935829494698096	0.9428687349953477	-20.05772426257496	24	3459.0	3458.904709609961	0.8597995557220374	0.8272117196821887	0.9759036144578314	0.9747186407630801	False
23.0	2049-04-01	FGA	north	0.31421335732004085	0.09877699891339703	5.404046719461601	0.0581440860214002	-0.21087933929078442	-2608.420687691774	9	564.0	563.9854833538092	0.9483730210644153	0.9383752550435764	0.9759036144578314	0.9565054144125216	False
24.0	2049-04-01	FGA	north	0.05578607257984083	0.003291389792139324	2.658530910487242	0.020983796863063984	-0.996931665343695	-66.2618357922577	6	89.0	89.01323380495366	0.9848484848484849	0.9921482833191485	1.0	0.9992042008861955	False
24.0	2050-04-01	FGA	north	0.0062178208660199135	6.410837096203286e-05	0.22987329176061777	0.027048905152908937	0.9105613831602333	0.6563600945864116	12	265.0	264.623732111754	0.949397890801722	0.944800392869762	1.0	1.0	True
24.0	2050-10-01	FGA	north	0.0013268818858061912	2.553917554863039e-06	0.0446974753336721	0.029685835181984137	0.9982698778604615	0.9927091595331681	19	457.0	456.8640419108688	0.8253858019418425	0.8102767894080044	1.0	1.0	True
25.0	2050-10-01	FGA	north	0.003845820392680078	1.6500071081954448e-05	0.26676214571828205	0.014416664637049032	0.995724470646379	0.8616862604522806	5	57.0	56.7410724012854	0.4030890359106021	0.38875394262217244	0.5789473684210527	0.5526676000197386	True
24.0	2051-04-01	FGA	north	0.27556906358037964	0.07598891145206876	8.291560741440296	0.03323488450167363	-0.680870464804608	-1682.4205619018574	7	157.0	157.0511350975529	0.669308563268391	0.6480503097994076	0.75	0.8048986208113472	False
25.0	2051-04-01	FGA	north	0.07829528592826028	0.00902478783693179	1.5839870333690884	0.049429246754456556	-0.4541621213407773	-9.344051112693956	29	3253.0	3253.1207962459885	0.8068979850533928	0.8044621536703584	1.0	0.970202369820902	False
26.0	2051-04-01	FGA	north	0.2039331788748545	0.042764225706055536	3.7043880824460214	0.055051785702808075	-0.6541501928189689	-47.01541421126042	13	403.0	403.0018992954232	0.12856300742923404	0.1260467912778288	0.2170212765957447	0.1879183162932537	False
25.0	2051-10-01	FGA	north	0.20614936140606127	0.04333377339992959	3.367610042997863	0.06121533038978174	0.8709234099962753	-29.528927017335768	27	3322.0	3321.828712923664	0.8779917616392042	0.8721906138835687	1.0	0.9568556905897487	False
26.0	2051-10-01	FGA	north	0.23992164618545841	0.05805243936842219	3.9699072805126536	0.06043507548984271	0.9724815777639457	-52.84345830624779	15	432.0	432.00169111619385	0.1446148244984962	0.14247859447500322	0.30612244897959184	0.26429292330524906	False
28.0	2054-04-01	FGA	north	0.013478491854732856	0.000243582653867266	0.220968718227136	0.060997284877573374	0.9520663994394943	0.8625950849957783	26	5017.0	5018.033011526446	0.9958982566522574	0.9959715955523106	1.0	1.0	True
28.0	2054-10-01	FGA	north	0.29377187937612415	0.08799122819946853	4.524179560687131	0.06493373559459391	0.3746963416149456	-45.228894130501885	25	4999.0	4999.041921392872	0.9957341869183477	0.9960719259769555	1.0	1.0	False
0.0	2026-10-01	FGA	south	0.0028219499649095848	1.1116763673739683e-05	0.1465517421899535	0.01925565621220596	0.9194959257355082	0.8374087516691253	8	145.0	144.89907727784808	0.5346971247043921	0.5170823088512665	0.7727272727272727	0.5527534938032325	True
1.0	2026-10-01	FGA	south	0.006832600014981596	5.309490251184595e-05	0.23943077470272062	0.028536849632070118	0.9218909311767973	-1.0665835485145774	7	129.0	128.88114067696415	0.49930718215601944	0.4880135747133001	0.5813953488372093	0.5377610049225893	True
0.0	2027-04-01	FGA	south	0.00307877241740518	1.1477615125039525e-05	0.12292029534329023	0.02504690058551213	0.9743207291408569	0.9480256659511227	13	221.0	220.7176162841206	0.4889611594110083	0.467208940913184	0.7727272727272727	0.5563118719461928	True
1.0	2027-04-01	FGA	south	0.0032381225266715032	1.3194329053224334e-05	0.10279835728482606	0.031499749725567634	0.9952622110611185	0.9489280683444876	17	321.0	320.91022761702317	0.5989856626208993	0.597925204868262	0.8636363636363636	0.7950915034178857	True
0.0	2027-10-01	FGA	south	0.2714421979339188	0.07374825622357356	12.933563803580538	0.020987424816257722	-0.9989127417865701	-14665.89202712721	3	42.0	41.83438576178035	0.4294068000964553	0.3584844717154902	0.5172413793103449	0.376706656286635	False
1.0	2027-10-01	FGA	south	0.04597185718003751	0.003163060986751639	1.2163850490283208	0.037793836102113385	0.7745410284421526	-5.140941005205803	24	1430.0	1430.0036383911827	0.8135414311375272	0.812456289434139	1.0	0.9428379062564225	False
2.0	2027-10-01	FGA	south	0.1966173102657855	0.039197194860871726	4.506024711724719	0.04363431690780243	-0.9677790013759121	-204.09366990051709	8	196.0	196.02342250984987	0.15873240252274423	0.15607849966720713	0.2542372881355932	0.2075150909021942	False
1.0	2028-04-01	FGA	south	0.002516644112876714	8.249052274497368e-06	0.04511127082021477	0.055787479871859044	0.9995061630210713	0.9923278676318347	25	1742.0	1742.0209544210418	0.8069728951943037	0.7987164044713048	1.0	0.9297134512974936	True
2.0	2028-04-01	FGA	south	0.0036395001420474952	1.4862971459936916e-05	0.08611201582930454	0.042264718889659846	0.994422377049389	0.9700088529305729	15	347.0	346.99397875544383	0.22026543821260802	0.20850387006615817	0.4782608695652174	0.35938443933816244	True
1.0	2028-10-01	FGA	south	0.26249618069838976	0.06906200304737954	4.792867986239817	0.05476808070908871	-0.8251396459961219	-788.0709733508656	7	247.0	246.9298839615089	0.6555496613361064	0.6434088203160611	0.8	0.7747088615379185	False
2.0	2028-10-01	FGA	south	0.1651951118716106	0.038760784025027445	5.40456855309189	0.030565827826738255	-0.47718068182325907	-139.75251670965162	9	141.0	140.86571970911524	0.23737931606314305	0.21281561753150205	0.4782608695652174	0.3690534234510678	False
3.0	2028-10-01	FGA	south	0.09964675111359522	0.01314699450917091	1.2404556208906956	0.0803307667242823	0.5301576918503743	-23.82833498381331	13	739.0	739.065216958939	0.8086130097662004	0.8065855812138552	0.9056603773584906	0.8556342043815727	False
4.0	2028-10-01	FGA	south	0.18184913263438052	0.03306910703987652	7.161152133729291	0.025393837365619478			1	14.0	13.917174679887426	0.1	0.06237680601824624	0.1	0.06237680601824624	False
2.0	2029-04-01	FGA	south	0.02580919482089059	0.0009482439443502721	0.6937856123505315	0.037200533365702934	0.783697161595931	-1.4878698332762244	4	52.0	51.835408992242925	0.14087685611879158	0.1262594557254785	0.17142857142857143	0.15103345732810428	False
3.0	2029-04-01	FGA	south	0.18606011660072383	0.06145315603015215	2.2098769565256697	0.08419478561975881	-0.8067578782056397	-56.22269299453365	26	1418.0	1417.9827973232696	0.7189400254351922	0.6874729507410743	0.9056603773584906	0.8248140267870965	False
4.0	2029-04-01	FGA	south	0.12260740434207494	0.015285561930229077	3.326993515563848	0.036852312386096084	0.23917826035934703	-56.913305986851995	24	414.0	413.4793876751362	0.5218023797051791	0.5312926812625046	0.9285714285714286	0.9282271705318931	False
3.0	2029-10-01	FGA	south	0.008522942520241312	0.00015018319194281878	0.1431434474009104	0.059541269090513084	0.3509633901495841	0.10226464440313798	11	463.0	462.846311897408	0.5973196389305891	0.5400612917903785	0.8137254901960784	0.7784102437448974	True
4.0	2029-10-01	FGA	south	0.009699583863108263	0.0001771729086359048	0.1743332631957786	0.05563817073862433	0.9013034564569705	0.7574920767940384	46	3651.0	3650.8508049346387	0.6819661292932369	0.6883550809439355	0.9285714285714286	0.8671413656659426	True
5.0	2029-10-01	FGA	south	0.008680563796209512	8.67370533341397e-05	0.1969704660333293	0.04407038258588817	0.9954322227699468	0.9077288942844446	19	909.0	909.0432638909055	0.23404372239927024	0.22807456170635712	0.41509433962264153	0.31608354380639314	True
4.0	2030-04-01	FGA	south	0.04001886943153174	0.002041123107833573	0.6204621597528519	0.06449848520572539	-0.3934036898146432	-0.61729915109008	27	3295.0	3294.910107965401	0.7519248165941657	0.7280094293360398	0.8770491803278688	0.8553861656129789	False
5.0	2030-04-01	FGA	south	0.06022743673382308	0.0048228871293899975	1.2494681857027328	0.04820245719177686	-0.334043254874089	-3.9836092462940202	20	922.0	922.0326898160968	0.24555582199359244	0.23776880720799137	0.4642857142857143	0.38952036802354323	False
4.0	2030-10-01	FGA	south	0.01821008483873958	0.0003316071898340931	0.28408817664254427	0.06410011516126042			1	13.0	12.82774534313056	0.7647058823529411	0.425451391195848	0.7647058823529411	0.425451391195848	True
6.0	2030-10-01	FGA	south	0.0035493653209274782	3.042643453750856e-05	0.07658787845030854	0.04634369553963248	0.9971139251615111	0.9731094363445488	17	797.0	796.8823863562696	0.2732791301769363	0.2809042077630033	0.7333333333333333	0.6132630293329604	True
7.0	2030-10-01	FGA	south	0.0033082759728891094	1.5827613784041356e-05	0.04513016218252693	0.07330520904199135	0.9979174397669612	0.989393384798761	15	3649.0	3648.976392344125	0.7196835315925088	0.6809807504784283	0.8327137546468402	0.8122304598619153	True
8.0	2030-10-01	FGA	south	0.0030775148398155235	1.2773985011159113e-05	0.04071133284394609	0.07559356633230838	0.9998032372983818	0.9904914838763799	10	289.0	289.0096008110867	0.06530780108827314	0.061879277230213206	0.08986175115207373	0.07990225885471726	True
6.0	2031-04-01	FGA	south	0.18733497763224258	0.035779835338161016	3.098665847726659	0.060456656780104624	0.9940523777501142	-23.750598766707864	18	825.0	824.8138857058001	0.2656481968391669	0.2750911223404269	0.7333333333333333	0.5986151859894911	False
7.0	2031-04-01	FGA	south	0.03566648624416238	0.00195243540922566	0.48351918456170195	0.07376436630222472	0.9245598641552158	0.2956041751125821	22	4104.0	4103.971527851385	0.7429469433233162	0.7451263286117524	0.845360824742268	0.8501469833336613	False
8.0	2031-04-01	FGA	south	0.2123420307663702	0.04578359403023022	3.054446927101772	0.06951897866755605	0.9927007815576905	-30.356531312868736	11	306.0	306.0133529083169	0.07132085999429583	0.06998769807686421	0.10833333333333334	0.09159323605452895	False
7.0	2031-10-01	FGA	south	0.004930065778028358	3.002511813120942e-05	0.08015764259860676	0.061504625363247	0.09505448532635655	-4.265721234366673	4	109.0	108.85226556864146	0.7686922790738391	0.8172222355240077	0.8064516129032258	0.8328810480516102	True
9.0	2035-10-01	FGA	south	0.019590720985222868	0.0009059073267412014	0.23836972501074855	0.082186280092153	0.6942664848256965	0.23577425433597488	9	153.0	152.53928219378872	0.3009314925409641	0.2727854768981617	0.45161290322580644	0.3506499303433758	True
10.0	2035-10-01	FGA	south	0.005974386727655509	5.4140063611449767e-05	0.10066882675124678	0.05934693907199546	0.8575955895642287	0.6584088583801223	11	461.0	460.94535640515517	0.7025012730026143	0.7128691363641426	0.8352941176470589	0.8841684399929004	True
9.0	2036-04-01	FGA	south	0.006811580336591243	5.399726519384244e-05	0.16201818461127793	0.042042072949613186	0.93173211882785	0.8306127720278438	13	214.0	213.74778188515182	0.2636877032149275	0.23972006050532688	0.45161290322580644	0.3853660081367245	True
10.0	2036-04-01	FGA	south	0.0015736144887947723	5.510433664671022e-06	0.027858784580632994	0.05648539634743166	0.9974932055404985	0.993338751411138	23	1056.0	1055.8755514199065	0.7991758839426911	0.8048749965912237	1.0	0.9746018620639805	True
9.0	2036-10-01	FGA	south	0.05235272998596911	0.0028920202089073583	1.627694831611356	0.032163725637773206	-1.0	-53.618822294900376	2	30.0	29.880299294247912	0.19828767123287672	0.13120090041545904	0.2465753424657534	0.14702112447444465	False
10.0	2036-10-01	FGA	south	0.17949012644425805	0.03744361999860452	4.99123621570682	0.035961056276884715	-0.044523128526068906	-75.60799484517308	22	744.0	744.1066293535686	0.8746900702290324	0.8727712776413525	1.0	0.9330486008770821	False
11.0	2036-10-01	FGA	south	0.11306657956232324	0.012784051413923173	17.059084274855817	0.006627939562323247			1	12.0	12.002598681257188	0.24	0.1803752337291227	0.24	0.1803752337291227	False
10.0	2037-04-01	FGA	south	0.18537610587309458	0.034380384053730534	5.898427913384825	0.03142805313470655	0.9902069961196042	-89.61823115173769	18	441.0	441.13508218470145	0.7916312789735191	0.7839947580655195	1.0	0.9091093336780809	False
11.0	2037-04-01	FGA	south	0.2915650131928979	0.08535291923857373	15.81361503722231	0.018437593966124006	0.9948225573681059	-894.8262554895783	6	67.0	66.91592569735982	0.3356770976932268	0.3283071074697997	0.4583333333333333	0.42612054822950896	False
10.0	2037-10-01	FGA	south	0.27742563122945335	0.07697582029281917	9.176416387662503	0.030232458893478968	-0.9666737598010492	-10759.780635682508	3	51.0	51.052967138034305	0.5959677419354837	0.6085540453112794	0.6333333333333333	0.655620233677093	False
11.0	2037-10-01	FGA	south	0.06511085903116394	0.0067754087345476485	1.347751271814392	0.048310738333423586	-0.2724271955373068	-8.775283354123601	25	2073.0	2072.980551845676	0.7193676598094387	0.7185193675090715	1.0	0.9564884033079055	False
12.0	2037-10-01	FGA	south	0.07146315040673193	0.00603176398714124	1.1491592249081057	0.06218733562570199	-0.7499723999084287	-7.870562942755873	13	1009.0	1008.9701605735955	0.34459726385374706	0.33623049569623215	0.5384615384615384	0.5805151619440063	False
11.0	2038-04-01	FGA	south	0.015114379391310495	0.00028598970007659446	0.2761553581579562	0.054731436290529345	0.9783913498437753	0.7166913708147098	25	2140.0	2139.961272271454	0.7178359893743272	0.7155297226416455	1.0	0.9868923712982086	True
12.0	2038-04-01	FGA	south	0.018113648754421438	0.0003403340178018885	0.2751138668636248	0.06584055162657597	0.9962986536787932	0.7622774060761672	20	1258.0	1258.0271698524862	0.4647433435301342	0.4634872823069295	0.8214285714285714	0.7786579163329359	True
12.0	2038-10-01	FGA	south	0.06723537246733993	0.004533774331632368	1.4489444637741378	0.04640300173562802	-0.7640074336208654	-484.09070334938707	4	85.0	84.89012926223428	0.75031328320802	0.7342584704737456	0.8214285714285714	0.7813085572516284	False
13.0	2039-10-01	FGA	south	0.0013079838726620524	2.746507063357418e-06	0.04377717315088817	0.02987821685410757	0.9917071040242826	0.9647193634889173	11	349.0	348.8775411757465	0.9923039923039922	0.9762482318613466	1.0	1.0	True
13.0	2040-04-01	FGA	south	0.0015528519926304334	3.2072161460403458e-06	0.04471775572371022	0.03472562447509147	0.9963796401478373	0.9927651197041936	21	640.0	639.8960375879159	0.9931676374253404	0.9896085571470139	1.0	0.9964180737316531	True
13.0	2040-10-01	FGA	south	0.2714458593390317	0.07373789265326695	7.889522222070844	0.03440586789649507	-0.6111839135750835	-1539.071703214988	7	158.0	157.9314366081852	0.9915966386554622	0.9933026566291441	1.0	0.996306860171027	False
14.0	2040-10-01	FGA	south	0.2076403293778924	0.045696129407500105	3.1814640849243703	0.0652656524905666	-0.5186101701853462	-18.934811747598843	21	5105.0	5104.912376451359	0.9766848958068695	0.9708435805005686	1.0	0.9995771968542608	False
14.0	2041-04-01	FGA	south	0.004359576396473954	2.9436641368650634e-05	0.06345393403177678	0.06870458802902187	0.995158155693701	0.989068830520538	24	5172.0	5171.754308213054	0.9771483034388538	0.9751907583366436	1.0	0.9993923570724293	True
16.0	2042-10-01	FGA	south	0.004843073530703364	6.164383957133465e-05	0.07186604273301019	0.06739029097088155	0.9952974328739741	0.9465978654060231	17	1144.0	1143.9178252787174	0.49834829366967137	0.48528977220211933	1.0	0.7936922460436375	True
17.0	2042-10-01	FGA	south	0.0011849845627628628	2.819020435522435e-06	0.017167048534166836	0.06902669147841221	0.9987069446123389	0.996487300972462	13	2328.0	2328.0113366615633	0.5937884073713678	0.580327014057797	0.8668831168831169	0.8726895585167634	True
16.0	2043-04-01	FGA	south	0.24329643238998203	0.05932941582385128	3.399967872303663	0.07155845041121976	0.9931844664884698	-38.34761133624539	21	1248.0	1247.9713607035183	0.4315040769143432	0.4482956857455542	1.0	0.7395613852345796	False
17.0	2043-04-01	FGA	south	0.21996662352231383	0.049093020272270034	3.494721724567978	0.06294252900765837	0.9795657650954548	-24.402875955025028	22	3087.0	3086.899492587596	0.7095836769749035	0.6799482206664217	0.9411764705882353	0.9647143878619252	False
16.0	2043-10-01	FGA	south	0.09059825525751317	0.00822591126691807	1.6526035285657328	0.05482153080971689	-1.0	-1838.302635229172	2	41.0	40.70969261107318	0.15637077294685992	0.13779390460268776	0.1736111111111111	0.142575296358173	False
17.0	2043-10-01	FGA	south	0.3264925598819281	0.10665655292941958	5.522515566210625	0.05912026067967372	-0.8690184192096038	-2590.321592353036	7	368.0	368.0066144158697	0.8817658326270468	0.8676259238972938	0.9411764705882353	0.8801117517565806	False
18.0	2045-10-01	FGA	south	0.16416701119631047	0.027757862344332293	3.6740528055071873	0.044682812111528136	-0.36119317215713986	-38.90521497731479	11	182.0	181.46506691434797	0.22471461402007584	0.22175964284126276	1.0	1.0	False
19.0	2045-10-01	FGA	south	0.12889155512737482	0.01887580221001618	2.2150297708962117	0.05818953624051052	-0.8134514804954651	-9.144837422089624	22	4410.0	4409.935371925359	0.9397783774616092	0.932604920722995	0.9834710743801653	0.9749762241160298	False
18.0	2046-04-01	FGA	south	0.0709027664244643	0.005489744970530742	2.9465506995244395	0.024062971811721314	-0.7108176342004121	-25.667294988710754	9	151.0	150.65456911835105	0.052428972691203814	0.03296897430468688	0.088	0.07843227019851841	True
19.0	2046-04-01	FGA	south	0.0490581594445996	0.004255856266745866	0.7159120262593002	0.0685254020678107	0.2927246704550569	-0.8249409312216782	25	4477.0	4476.94013605886	0.9427685189642456	0.931497674466876	1.0	0.9828361732156675	True
21.0	2047-10-01	FGA	south	0.03080070736009333	0.0011937135942265737	0.966552017167004	0.031866580187139046	-0.9798869738315992	-9.058528053133973	11	257.0	257.07691342223444	0.9012158105938011	0.897829039959161	1.0	0.938220603174196	False
21.0	2048-04-01	FGA	south	0.003354482408725912	1.5258659895762415e-05	0.09097166830277167	0.036873924281145776	0.9912805254455338	0.963739368872188	19	389.0	388.8800880749616	0.9240627646099092	0.8958885245284745	1.0	0.9234485127402823	True
21.0	2048-10-01	FGA	south	0.2480417281127373	0.061608453094715875	6.322488364335208	0.03923166225373009	-0.3951962337271178	-856.7185726740403	5	82.0	81.66153282491771	0.9548506787330316	0.8931575396111636	1.0	0.9430190468717742	False
22.0	2048-10-01	FGA	south	0.1776473898257002	0.03198902390632088	4.888568223218595	0.036339349624282945	0.8838303018065004	-62.76377185823898	6	102.0	101.66327907044736	0.03731315784345058	0.017892100992202533	0.054187192118226604	0.027982314626420576	False
23.0	2048-10-01	FGA	south	0.2145301611883138	0.04784133931093482	3.0216847170120156	0.07099687137460567	0.6271771494355255	-18.765776175620715	26	5400.0	5399.995860275006	0.8436469036013146	0.8311094805413758	1.0	0.9701945084363673	False
24.0	2048-10-01	FGA	south	0.07087202141145847	0.006139598452434809	0.6163721245028077	0.11498252207402615	0.2226558005183251	-1.8862597481058354	14	419.0	418.954748190291	0.1896526821547186	0.19465916109029763	0.6046511627906976	0.42245353300841254	False
22.0	2049-04-01	FGA	south	0.22688840909252972	0.052205100030412024	4.655463468918665	0.04873594446767931	-0.666075078695515	-83.04477895304224	8	126.0	125.74964845083744	0.033648948628267644	0.02253276590636427	0.054187192118226604	0.023821708743156204	False
23.0	2049-04-01	FGA	south	0.20484339467481907	0.0440157448233253	3.1250338915688816	0.06554917539533633	0.5112574119928737	-17.25807237841678	24	5372.0	5371.99810486005	0.8386035900125354	0.8191386119334189	1.0	0.9776511361142464	False
24.0	2049-04-01	FGA	south	0.2647084861238868	0.07200101307217877	1.823409264343815	0.14517228320606712	0.7501215032135528	-25.822777756060553	14	419.0	418.8283092639546	0.2317567941407203	0.25233551333473	0.6111111111111112	0.5504272009799142	False
25.0	2051-04-01	FGA	south	0.09414646915988722	0.009079368436162652	2.9598116685792712	0.03180826339706882	0.9359058945297369	-24.98193001377861	18	319.0	319.0261280277625	0.871535290985419	0.8636635736884632	1.0	0.8808719544161141	False
25.0	2051-10-01	FGA	south	0.16404488911376558	0.03234498920045119	3.9628263953125598	0.041395931274659556	0.31212123494768784	-64.8618774425405	21	429.0	428.9204565364777	0.37942306432724093	0.3803492253922881	0.9166666666666666	0.891188208690106	False
26.0	2051-10-01	FGA	south	0.02889299982322941	0.0009838450674309993	0.6775443730713913	0.04264370124166764		-0.6874507398907594	21	2204.0	2204.0822047939964	0.7390599822605429	0.7406034213849296	0.8165680473372781	0.7717865910502613	False
27.0	2051-10-01	FGA	south	0.07067836117598168	0.005798702218419256	1.3718563390352205	0.05152023514771769	-0.8368443973008345	-10.118987952654857	10	343.0	343.0385580321595	0.15126273126761308	0.1495339366835306	0.22040816326530613	0.22842181688183644	False
25.0	2052-04-01	FGA	south	0.20271343047923432	0.04120430228347039	7.382498993932829	0.02745864654310561	0.9884619580706697	-124.22797305174176	14	299.0	298.8693087647345	0.15120931448994915	0.13316011795191288	0.2972972972972973	0.2417311410082579	False
26.0	2052-04-01	FGA	south	0.21196386944991538	0.04535447729676238	3.7285748628667528	0.05684849500029746	0.973159452258078	-35.10408442074816	26	2460.0	2459.565677085469	0.7174215847271532	0.7160060886733793	0.8165680473372781	0.7863548917986387	False
27.0	2052-04-01	FGA	south	0.22630102738850053	0.051412529355649515	4.591947092419712	0.049282150432890096	0.9784606354021526	-59.56293438323619	16	486.0	485.9896414037377	0.24072289366438115	0.2139688424426519	0.6086956521739131	0.38034007423435096	False
26.0	2052-10-01	FGA	south	0.267852016220568	0.07179940589395103	4.76227253749844	0.05624457947576162	-0.9991362381915454	-5523.937699114966	3	102.0	101.26385041028226	0.5888139546676131	0.5953136260665066	0.6219512195121951	0.6242480809969989	False
27.0	2052-10-01	FGA	south	0.10649313332017377	0.011377824374274011	2.5370194892494693	0.04197568594621944	-0.9810256787385652	-943.87428405345	4	77.0	76.96758397037493	0.4368038760270998	0.3707365091712911	0.6086956521739131	0.4063709204842438	False
28.0	2053-10-01	FGA	south	0.011803909517281443	0.00018574259716201417	0.19358822252935134	0.060974316324908476	0.9823920420445472	0.5923230026862343	13	1579.0	1579.0227720602688	0.9726597465839967	0.9848694732340648	1.0	1.0	True
28.0	2054-04-01	FGA	south	0.022044241352451532	0.000677464657874452	0.3643169002385089	0.0605084236773527	0.8892552687986034	0.6010167045316088	25	2779.0	2778.741953480123	0.9839993569854216	0.9876876815027787	1.0	1.0	True
28.0	2054-10-01	FGA	south	0.2614209925023724	0.06881297388541227	5.17734292479282	0.05049327353815057	-0.9905413772190295	-854.6370408378777	10	763.0	762.973580547707	0.9976068376068377	0.993871725442648	1.0	0.9978742166927123	False
0.0	2025-10-01	FGA	tropics	0.005956939134862217	4.602828500485147e-05	0.41309573118901227	0.01442023890616438	0.8611646795869907	-2.081577041738234	28	835.0	834.6483461197919	0.998582097933513	0.9984661625579923	1.0	1.0	True
0.0	2026-04-01	FGA	tropics	0.1495947703802548	0.023726487831229142	11.88674007282449	0.012585012330021326	-0.8189726661327204	-385.3988891830304	47	1540.0	1539.9734971623318	0.9741196400396155	0.9731382689612645	1.0	1.0	False
0.0	2026-10-01	FGA	tropics	0.28185053453913816	0.07951312024627792	21.224700283175583	0.013279364644906469	0.23437244418817743	-7352.832577781902	23	687.0	686.9296415466505	0.9474367008671021	0.9411835251066938	1.0	0.9732529531535203	False
1.0	2027-10-01	FGA	tropics	0.0020043015291615037	6.829858053102249e-06	0.22540744902668391	0.00889190458352702	0.7133482091886724	0.3214826875514839	8	101.0	100.15202090428367	0.9820512820512821	0.9557061003559542	1.0	0.9957535156072914	True
1.0	2028-04-01	FGA	tropics	0.16430649822723312	0.03130660345546891	15.944590241526017	0.010304842942863093	0.801528256575656	-2782.17027752003	33	655.0	654.8171140362626	0.8277061889094429	0.8292242354429195	1.0	0.9799459617451546	False
2.0	2028-04-01	FGA	tropics	0.19829850055835424	0.03934379347984675	11.255206627139478	0.017618379397869127	0.3785666471280611	-27731.816947120424	5	87.0	86.81423308673111	0.4290261194891573	0.3510036028445054	0.5581395348837209	0.4309928879957964	False
1.0	2028-10-01	FGA	tropics	0.18541357363091765	0.03453272517727485	9.877735841683801	0.018770857674536807	0.8541251241603656	-929.6918231931847	35	706.0	705.9025862679338	0.6098155494156139	0.6035873607868498	0.9583333333333334	0.9227495763496154	False
2.0	2028-10-01	FGA	tropics	0.1762966205074838	0.034480705116362705	0.9700577464660673	0.18173827398392994	0.7231186251053248	-26.613362494238878	31	705.0	704.7735346682325	0.3151119149564627	0.2928231214004108	0.5581395348837209	0.3743932165252271	False
3.0	2028-10-01	FGA	tropics	0.18078410197061942	0.03271820643581456	7.699277823449269	0.023480657032535594	0.7690778011326171	-472.3842314787042	25	1570.0	1570.0826643206847	0.6091166014506936	0.6010273456710596	0.9320388349514563	0.9070695698434531	False
1.0	2029-04-01	FGA	tropics	0.21904475732625078	0.04801716154521839	19.586420985514316	0.011183500930989456	-0.8791568877389206	-19983.061840754082	9	136.0	136.0395645277494	0.2252307817138305	0.21874303161976627	0.3225806451612903	0.3387809060076888	False
2.0	2029-04-01	FGA	tropics	0.23645727006899836	0.0559459199710706	7.852221845293694	0.03011342200051586	0.8015251979722338	-830.1029050080048	25	588.0	587.8001832118811	0.2766181564053788	0.2646400314812192	0.5217391304347826	0.4553481982263232	False
3.0	2029-04-01	FGA	tropics	0.2229543822794854	0.05002599205592718	4.749687723364452	0.0469408506969286	0.7663302162666998	-175.65576286924622	41	2329.0	2329.032249626042	0.6367810894902728	0.6323698684468826	0.9320388349514563	0.8132524716417929	False
4.0	2029-04-01	FGA	tropics	0.1695320122471774	0.028861347228987456	6.329318291688838	0.026785193038844874	-0.6280445955419163	-615.3303314016731	20	526.0	526.1730137650883	0.4395825762347088	0.41773976599301604	0.72	0.6370846819555849	False
5.0	2029-04-01	FGA	tropics	0.04880529749299545	0.0025193713327827413	1.4843252145322006	0.03288046111133193	-0.7382857556714076	-54.243557965754206	9	178.0	177.8282561927413	0.30168483520928296	0.2641168886032147	0.4305555555555556	0.34566290489692864	False
3.0	2029-10-01	FGA	tropics	0.0059847865539661834	5.29830838840339e-05	0.2033180046829074	0.02943559555042847	-0.41509803788632915	-0.9439702764259399	15	597.0	597.2452810857333	0.6227567469707568	0.5739637466940702	0.8648648648648649	0.8565445520971522	True
4.0	2029-10-01	FGA	tropics	0.004632982134204768	3.6551367694869516e-05	0.1845670793613488	0.025101887889411905	0.8834553951664883	0.7526399952079176	42	1249.0	1249.2454788793948	0.43675239961121354	0.43445261156709236	0.72	0.5515690474986615	True
5.0	2029-10-01	FGA	tropics	0.002587966621742584	1.202841665414233e-05	0.08575583837748514	0.03017831404493673	0.9626442185354716	0.9096886528159636	35	1076.0	1076.1566779080376	0.5077613670276879	0.4914463321543403	0.7692307692307693	0.7456103647791922	True
4.0	2030-04-01	FGA	tropics	0.06392737802591125	0.00440209579559221	3.526628743550193	0.018127050697589655	-0.9179619819448265	-135.20225164786885	21	672.0	672.0488291605867	0.4255948298881662	0.421004891862574	0.6021505376344086	0.6056570064754878	False
5.0	2030-04-01	FGA	tropics	0.21851828466182585	0.0481688721129017	10.817323642826345	0.020200771639733568	-0.7178915079716974	-451.96755006369955	30	947.0	946.9281522034997	0.6183687412297971	0.6016616639159401	0.85	0.720058334705598	False
6.0	2030-04-01	FGA	tropics	0.10181560099919679	0.010390889296223515	3.921084907871995	0.025966181144098956	-0.5313735500909853	-1655.9870841623156	4	52.0	51.84656462074091	0.6776470057720058	0.7145744401436336	0.7222222222222222	0.7404962063431475	False
5.0	2030-10-01	FGA	tropics	0.05240011297842903	0.0027600703011453017	2.5096644262116032	0.020879330491817276	0.9823041763907161	-133.65689213663555	3	45.0	44.596178250524034	0.8034571723426213	0.7373151341995222	0.85	0.7660116863412351	False
6.0	2030-10-01	FGA	tropics	0.023666564735418366	0.0017549570610181473	0.13804993919718558	0.17143480738237699	0.15675133362202467	-0.008070662807746265	29	1157.0	1156.9017673897017	0.4199148863756821	0.40907189913917685	0.7631578947368421	0.5979361852644142	False
7.0	2030-10-01	FGA	tropics	0.13161838888832306	0.01774759014166315	3.7101771239080827	0.035474961030885765	-0.44674617283287676	-52.761114196606684	23	2685.0	2684.980133589348	0.6160345655221731	0.5982556563987536	0.8380281690140845	0.8239221974801598	False
8.0	2030-10-01	FGA	tropics	0.2505474291953813	0.06302050883227193	8.980510066700552	0.027899019914737724	-0.7503413997530846	-394.3020785182296	11	193.0	192.91725606449506	0.07554228733284783	0.06799712277253565	0.096045197740113	0.089818029492285	False
6.0	2031-04-01	FGA	tropics	0.146013341608391	0.03480634779337417	3.6442283055734745	0.04006701264711613	-0.9037366173988222	-84.17951335205323	26	1106.0	1105.9984739416811	0.32596734752856743	0.3243693536722801	0.7631578947368421	0.6569278559797224	False
7.0	2031-04-01	FGA	tropics	0.10267911196155385	0.012300985617451084	2.3952398687184524	0.04286798717010803	-0.4824560585578613	-18.155681425403024	36	3175.0	3174.990206176733	0.6774133343636485	0.6752350842043644	1.0	0.8259271120638546	False
8.0	2031-04-01	FGA	tropics	0.04753241664494674	0.002281997786256653	2.1351516524404643	0.02226184570572189	0.9737679467821634	-10.782978767202357	13	217.0	216.80914657010388	0.08059890563106645	0.07575470133755294	0.11764705882352941	0.07826249816259917	False
7.0	2031-10-01	FGA	tropics	0.25096964867508154	0.06301963218427528	8.510047028957628	0.029490982578720498	-0.5670450591620667	-9125.638658568223	9	249.0	248.7933745038035	0.7874906926263515	0.7886799902561523	1.0	0.808647063703712	False
9.0	2034-10-01	FGA	tropics	0.11173089997456823	0.012539354478709344	7.714585690991467	0.01448307199504433	-0.42952549972843845	-2917.2863784825267	14	246.0	245.6478188505621	0.9735259488410748	0.9801476205353951	1.0	0.9869968346897602	False
9.0	2035-04-01	FGA	tropics	0.18899188801435607	0.03577968353569584	13.056394892253193	0.014475043806042618	0.0775083450567298	-1623.0895263705654	40	1076.0	1075.8533586477583	0.9142189526722596	0.9160262459681674	1.0	0.9905964953372942	False
9.0	2035-10-01	FGA	tropics	0.08633092008643377	0.00759323718130202	7.180198870012988	0.012023472002562739	-0.3784836736932096	-227.7645598045887	40	1085.0	1085.0639071210235	0.7798518678951515	0.7714842484829256	0.9696969696969697	0.9598892811758235	False
10.0	2035-10-01	FGA	tropics	0.18913846940550022	0.03793349922894275	28.573126841437638	0.006619452972546418	0.01417767128311659	-13501.869966572265	18	250.0	249.43974290752547	0.5696075563812831	0.5225073599873482	0.8333333333333334	0.8537708974334705	False
9.0	2036-04-01	FGA	tropics	0.2796851751926955	0.0782448740798899	23.972900148585733	0.011666722568366237	-0.7539819652871318	-56940.526141612645	14	245.0	245.16523478988	0.631570105713737	0.5857256333323441	0.75	0.7197585428851616	False
10.0	2036-04-01	FGA	tropics	0.11286449392389954	0.01289323557496488	18.820063551192483	0.005997030435997023	0.6981165308327564	-2237.417322461624	31	434.0	433.8667691338717	0.7424658103521342	0.7121577110062816	1.0	0.956890121088205	False
10.0	2036-10-01	FGA	tropics	0.17364519586604577	0.030281530256664118	32.66503785714917	0.00531593432174888	-0.29486522539675425	-11284.069416026932	16	215.0	214.16738422209266	0.9260961899942163	0.8979092006710196	1.0	0.9747098269578923	False
10.0	2037-04-01	FGA	tropics	0.05664643167946347	0.0033786088732358785	39.960199182875954	0.0014175713043927476	-0.6534547204232987	-7397.861666456101	4	46.0	45.41842775896316	0.8256410256410256	0.6601712527400443	1.0	0.879474135743478	False
11.0	2037-04-01	FGA	tropics	0.16978088356120652	0.028885225539123222	7.338742589795473	0.02313487378577455	-0.2904193532921756	-1154.850177651311	20	879.0	878.9793943762361	0.8782377056226368	0.848763791262453	0.9743589743589743	0.9653720289410473	False
10.0	2037-10-01	FGA	tropics	0.24168320031821425	0.05841076931605407	110.4261848358018	0.0021886403182142444			1	11.0	10.775412559118335	0.7333333333333333	0.49381465095415683	0.7333333333333333	0.49381465095415683	False
11.0	2037-10-01	FGA	tropics	0.1703631141240529	0.029469031529239534	7.285423264603442	0.02338410658331545	-0.5786595592282509	-141.55245996875053	46	2326.0	2325.99104847383	0.9303693358725821	0.917944080606976	1.0	0.9946670774270826	False
11.0	2038-04-01	FGA	tropics	0.23454198175237623	0.05525888876085912	12.176245191455049	0.019262258443758284	-0.7285819876651203	-1560.9574526505273	28	1314.0	1313.9317328737093	0.9552108799785294	0.947778136142697	1.0	0.9968922815462562	False
11.0	2038-10-01	FGA	tropics	0.26999361571471475	0.07289655252670506	15.00584296846043	0.017992565714714765			1	12.0	11.892090248937222	1.0	0.8257261494133807	1.0	0.8257261494133807	False
12.0	2038-10-01	FGA	tropics	0.04676555789415619	0.0045873539564485295	4.2898455132635815	0.010901455017334274	-0.3560464330309188	-643.2959322899155	7	105.0	105.12874510524266	0.7606410985446811	0.6597610023964064	1.0	0.839163832947352	False
13.0	2038-10-01	FGA	tropics	0.08064462328151958	0.006569651336687203	3.388073429243965	0.023802501618011007	-0.9339953044233973	-809.9845709058685	4	50.0	50.00090641332065	0.5210084033613445	0.47583050681682215	0.6190476190476191	0.5084136446702803	False
12.0	2039-04-01	FGA	tropics	0.004275095119548458	3.0117847735037262e-05	0.35836022759385106	0.011929602646624207	0.5312202126537136	0.07638831618621067	19	264.0	263.82145562747087	0.37271635158142724	0.3210578096230454	0.9285714285714286	0.7982795038737658	True
13.0	2039-04-01	FGA	tropics	0.0014576305116987369	4.093703717961635e-06	0.063194338088187	0.02306584032361617	0.9927797101353601	0.9527990980951274	30	1460.0	1459.9989669803376	0.7766405606015332	0.765938794279478	0.9666666666666667	0.9258726032646646	True
12.0	2039-10-01	FGA	tropics	0.2347593605141942	0.05515849273189315	21.808203589683764	0.01076472711513229	-0.15424046856807772	-2590.1635120176347	13	170.0	169.8519845936781	0.21941239119018807	0.1856075964025337	0.3620689655172414	0.2988150513166608	False
13.0	2039-10-01	FGA	tropics	0.08027674794211831	0.006731273126053477	4.299332517772382	0.01867190956044316	0.08405940722365929	-45.75582067949663	43	2039.0	2038.9384980332893	0.8949733988851477	0.8951171057349446	1.0	0.9757648541182449	False
13.0	2040-04-01	FGA	tropics	0.040340127704981486	0.0017923662736723156	2.1979863928389203	0.01835321994549664	-0.7702362677935645	-266.79527879913974	17	494.0	493.8407500703815	0.9635723314436673	0.9650221936225629	1.0	0.9816763407289579	False
14.0	2040-10-01	FGA	tropics	0.06589486311762861	0.004494494420548161	2.4782443134134047	0.026589332924512377	-0.2690658281557897	-44.08444473900309	25	1965.0	1965.0015315591602	0.9875090142669539	0.988253039008562	1.0	1.0	False
14.0	2041-04-01	FGA	tropics	0.18109133896614035	0.03332801253014713	6.824597988409208	0.026535092510020824	-0.4611373018242432	-109.12538632154829	44	2915.0	2914.8004375318096	0.9897643208767867	0.9794518981942378	1.0	1.0	False
14.0	2041-10-01	FGA	tropics	0.015051333806267312	0.00030628669080861443	0.5813232105619619	0.02589150670883633	-0.869889191532054	-10.797711561895877	18	745.0	744.8947431036456	0.9923280423280423	0.9701726099730804	1.0	1.0	False
15.0	2041-10-01	FGA	tropics	0.20303406136207244	0.0441609974875861	9.875532378501562	0.020559302889236162	0.5771533663989084	-4774.69567358705	14	338.0	337.9943432255891	0.9571992937124517	0.9720797157044684	1.0	0.9968641456615672	False
15.0	2042-04-01	FGA	tropics	0.10157482095487862	0.016770552475488	5.133945597613207	0.01978494298850794	0.9439938515877706	-103.3284968392363	40	1853.0	1852.9968996676848	0.7970236134301241	0.7986889213087424	1.0	0.9996950815547391	False
16.0	2042-04-01	FGA	tropics	0.18374287873545878	0.03387018600658552	7.40357087739675	0.02481814272845411	-0.3709897331138996	-545.5365158159004	19	577.0	577.0058002668977	0.36818085521276156	0.35957145125865186	0.6166666666666667	0.6237999290875846	False
15.0	2042-10-01	FGA	tropics	0.23630309548130987	0.05593249965109896	10.666756392085492	0.022153228853772435	0.6545866295875593	-534.4906410052007	29	1501.0	1500.8326855112064	0.6276540988511434	0.6214385337436747	0.9459459459459459	0.9446467515782112	False
16.0	2042-10-01	FGA	tropics	0.07641638355501064	0.00810764751109808	2.466639511569245	0.030979956007594924	-0.400232254326129	-60.53965768964419	44	1110.0	1110.0108209508414	0.5601946194855718	0.5546865186161737	0.9523809523809523	0.8017532952999842	False
17.0	2042-10-01	FGA	tropics	0.0573764849309511	0.0033080386325673467	2.3300408947280467	0.02462466863168419	0.8594382453561289	-1761.8069731207593	4	52.0	51.67684103595794	0.5304668338907469	0.4364513992178765	0.5416666666666666	0.5480435081466519	False
15.0	2043-04-01	FGA	tropics	0.26539052158517634	0.07043257537994398	11.368058417991554	0.02334528129844569	0.9893973494151909	-697073.6687910518	3	44.0	44.13076636933771	0.31189581095596136	0.2734337407632885	0.3877551020408163	0.29683530913738787	False
16.0	2043-04-01	FGA	tropics	0.09565034053720256	0.009236339980880835	7.1898524923891936	0.013303519180463448	-0.9527304215795412	-924.6022300050894	23	458.0	457.9977554494053	0.7093767472798322	0.6964329372449549	0.9523809523809523	0.8151849583112424	False
17.0	2043-04-01	FGA	tropics	0.20340454240968772	0.04148928271034132	8.372424005072968	0.024294582105068026	0.6308730528624366	-328.1637874107046	30	1647.0	1646.9924271232821	0.8834939935938776	0.8498747403741821	1.0	0.9982349740554003	False
17.0	2043-10-01	FGA	tropics	0.2025962760718229	0.041381079655010686	10.423569112721541	0.01943636329177905	-0.42750347423148577	-272.2344377457754	41	2153.0	2152.9431418990725	0.9628890531583287	0.9510851194228704	1.0	1.0	False
17.0	2044-04-01	FGA	tropics	0.28344627533374317	0.08038795584499837	14.131843778981153	0.020057274886899328	-0.8305080339264018	-6552.199521396033	15	478.0	477.8004962613561	0.9691631906520345	0.9715693711496842	1.0	1.0	False
18.0	2044-04-01	FGA	tropics	0.10360491787652688	0.010827128015745731	9.017064602931988	0.011489871974837433	-0.8851775867035829	-879.9934334845886	7	107.0	106.79912734264636	0.988095238095238	0.9641245453441419	1.0	1.0	False
18.0	2044-10-01	FGA	tropics	0.010613812046999108	0.0001233317239601644	0.8834484844838699	0.012014070127925944	0.7702761841128546	-9.721554041508808	33	845.0	844.4416578173362	0.9868208876288609	0.9791316326041405	1.0	1.0	True
18.0	2045-04-01	FGA	tropics	0.0028383315471021435	1.566456193152209e-05	0.1335065814105067	0.021259862376183745	0.9298030968013643	0.6512288380996427	46	1230.0	1229.930187996459	0.8531128608429488	0.8528917724398295	1.0	0.9988847099701239	True
19.0	2045-04-01	FGA	tropics	0.002437247708955573	9.172549050387772e-06	0.12837594404974118	0.018985236891510025	0.06342848703080312	-2.83825396975846	11	217.0	216.4220204377568	0.5857871591830434	0.5413344050327322	0.8043478260869565	0.8452366102930552	True
18.0	2045-10-01	FGA	tropics	0.002675814559060751	1.3597102659628566e-05	0.23848644184908496	0.011219986085221631	0.17923275697058616	-3.726275256170113	21	451.0	450.67480781703705	0.6635516089764147	0.6458110737679207	1.0	0.9574447264227655	True
19.0	2045-10-01	FGA	tropics	0.004098299468345068	2.486418143915742e-05	0.1390991683553339	0.029463148606868828	0.8916897275787091	0.742017436920882	38	1797.0	1797.1122041891188	0.8405625119486059	0.8184756152722491	1.0	1.0	True
19.0	2046-04-01	FGA	tropics	0.22530338680210776	0.051008583303713106	13.908039232722679	0.016199507567681896	-0.5235099493330833	-712.4176130902167	40	1832.0	1831.9172925406715	0.9744714875897028	0.9696143203523576	1.0	0.9975780320124547	False
19.0	2046-10-01	FGA	tropics	0.29291270085119486	0.08590037872613906	18.345194865980886	0.01596672605502647	-0.3429515701568053	-46583.765123860125	14	276.0	275.68054454733533	0.9929411764705883	0.9867666762444838	1.0	0.9916715576081037	False
20.0	2047-04-01	FGA	tropics	0.16438671718453945	0.02712528148878307	6.334861473599092	0.025949536208428676	-0.9650871934079205	-1060.8881731259758	8	146.0	145.9702972415814	0.9819354838709677	0.9475678168496913	1.0	0.9896479734686149	False
20.0	2047-10-01	FGA	tropics	0.0016513118577642057	5.522810279338253e-06	0.08568048012962637	0.01927290621231264	0.9869224617652289	0.9508068212261718	33	1385.0	1384.9712929758787	0.7664287468270731	0.7473114506829892	1.0	0.8738026146347881	True
21.0	2047-10-01	FGA	tropics	0.0011122860312970792	1.903533315567895e-06	0.04694995909161673	0.023690883928707964	0.9904756551704014	0.9686092371401414	20	515.0	515.0225897532928	0.32999596730003544	0.3214011075654675	0.5686274509803921	0.4939486917100134	True
20.0	2048-04-01	FGA	tropics	0.18948583544306233	0.036024635194950305	8.855059643405562	0.021398595048896598	0.7979081829626593	-264.77449128691893	33	1388.0	1387.9929422343005	0.6099572167866588	0.596248826778947	0.8974358974358975	0.8362274462363519	False
21.0	2048-04-01	FGA	tropics	0.20289140191111996	0.04377130980675631	11.05560811425331	0.018351898856612387	0.5965303898698795	-387.8807175772164	42	1040.0	1039.7997306922643	0.48030746452111694	0.46237698420117096	0.8076923076923077	0.6542940032927359	False
22.0	2048-04-01	FGA	tropics	0.18000091647920888	0.03241828633883081	6.993142602675458	0.02573963190888508	0.9269553597325071	-3825.2317538995917	3	44.0	44.06006910453408	0.433079133510168	0.41801129920204844	0.5384615384615384	0.48615988006551103	False
23.0	2048-04-01	FGA	tropics	0.051124788100165415	0.0026137439582868153	1.5972525162229942	0.03200795589983458			1	11.0	11.000015190817113	0.28205128205128205	0.21236116285673495	0.28205128205128205	0.21236116285673495	False
20.0	2048-10-01	FGA	tropics	0.005124490769048079	3.1941106742548195e-05	0.23539919954259725	0.021769363612983587	0.43056586159857246	-2.5757693537581634	7	130.0	129.85604401693678	0.3585988786510101	0.30559236890183	0.4393939393939394	0.3824181702984488	True
21.0	2048-10-01	FGA	tropics	0.004333888124575484	2.1645333587021105e-05	0.32334641992024404	0.01340323522259647	-0.053583768261056014	-0.43861029242196015	20	440.0	439.8790361893748	0.6236022827200554	0.5681036473304554	0.8076923076923077	0.6350725457100438	True
22.0	2048-10-01	FGA	tropics	0.03832016118784426	0.0020526753874761	0.4213319581644569	0.09095004650201943	0.8155574074430114	-2.0839595045053247	28	647.0	647.0513855084632	0.3013403784138332	0.2827231595004051	0.5384615384615384	0.37494158873756617	True
23.0	2048-10-01	FGA	tropics	0.03884335498989276	0.002388978677514404	1.197600280083723	0.03243432356844243	0.8917882023004093	-9.656818646750322	27	1832.0	1831.9838580113624	0.6733698961284108	0.6465591914094247	0.875	0.843623358318806	True
22.0	2049-04-01	FGA	tropics	0.21666571361867215	0.04786021644631605	7.9705809336789795	0.027183177163808785	-0.7141942804826882	-373.7285179452067	24	583.0	582.8681592414011	0.26418065561868415	0.25030944736145977	0.5272727272727272	0.4675193468700992	False
23.0	2049-04-01	FGA	tropics	0.13516269552693688	0.03395947614155011	3.499705916739051	0.03862115810372962	-0.9409576689522542	-103.42254482320409	36	2169.0	2168.9368193145115	0.6945337459395575	0.6752824559146478	0.8780487804878049	0.8237861005164472	False
24.0	2049-04-01	FGA	tropics	0.015424244224845951	0.00030958595749746963	1.3447973285878319	0.011469567864953234	0.8077890618084196	-28.703901730289996	21	501.0	500.8584571164798	0.6694589413287231	0.6484590960582667	1.0	1.0	False
23.0	2049-10-01	FGA	tropics	0.12411051608795362	0.015405180371401584	5.042349323367584	0.02461362910990569	0.8620318959607679	-2720.0828287581962	10	264.0	263.9546789360191	0.6393541078276123	0.5851558723561953	0.8780487804878049	0.800439456148255	False
24.0	2049-10-01	FGA	tropics	0.20216598434793542	0.04842966713143706	6.448884506100098	0.03134898510846388	0.7471918026422903	-899.4678611979466	46	1381.0	1381.1803504717384	0.860508992950078	0.8545396709264506	1.0	0.9990911289218928	False
24.0	2050-04-01	FGA	tropics	0.2174023999594966	0.04744028318485025	14.963487575882008	0.014528858921225256	-0.47897156967469645	-2111.8127176858147	33	945.0	944.1251239073563	0.9697935801622595	0.954412291626355	1.0	1.0	False
25.0	2050-04-01	FGA	tropics	0.019239115782903344	0.0003705278122670443	0.9583067963446745	0.020076155002018377		-963.3231213600155	3	37.0	37.00842017703556	0.7481976960237829	0.7050280275726674	0.8666666666666667	0.8112986533093052	False
24.0	2050-10-01	FGA	tropics	0.2647341819115845	0.07022068900265041	15.9702643703764	0.01657669377112165	0.14894997793788228	-8891.865854151263	7	104.0	104.28758209449643	0.8871940730315114	0.8322411120347193	1.0	0.999789463513058	False
25.0	2050-10-01	FGA	tropics	0.14483794543075848	0.021247087972826307	7.312192755551223	0.019807730768694704	-0.9456450258636034	-597.776507384262	28	1063.0	1062.7366145185663	0.9407407780666016	0.9254064961462302	1.0	0.9976832223398368	False
25.0	2051-04-01	FGA	tropics	0.042220582284553304	0.002066894535553453	3.420443495705551	0.012343598816224346	0.9494736647698322	-28.676188881708335	50	1801.0	1801.1325053104522	0.9528469617075481	0.95385481796955	1.0	0.9811256863835542	False
25.0	2051-10-01	FGA	tropics	0.0024876082589878504	9.062992530314412e-06	0.1467193850416018	0.016954871084570704	0.6536616281121427	0.10991793821693907	30	779.0	778.817580733572	0.9260619216963079	0.9218800008619785	1.0	0.9761093408850924	True
25.0	2052-04-01	FGA	tropics	0.24802179577791877	0.0615154374046624	14.809447953187709	0.016747538231128494	0.9982225396875828	-1481.5676414669708	4	46.0	45.672630109130544	0.8110482654600302	0.821275427496716	0.8461538461538461	0.8892567575072692	False
26.0	2052-04-01	FGA	tropics	0.19235032495600424	0.036998647510680424	33.62723853016965	0.00572007495600424			1	11.0	10.871298082950991	0.3548387096774194	0.24950816130403314	0.3548387096774194	0.24950816130403314	False
27.0	2052-04-01	FGA	tropics	0.014356569963223162	0.00020834891303649135	0.8484543871038824	0.016920850644933236		-92.10385312976098	14	255.0	254.87670363744257	0.7270967897726389	0.7068258534734403	0.9285714285714286	0.8980489979269677	False
26.0	2052-10-01	FGA	tropics	0.002295729590729904	5.270374353752893e-06	0.9933972887385165	0.002310988379729904			1	11.0	10.869596787878686	0.3548387096774194	0.24296197520006713	0.3548387096774194	0.24296197520006713	True
27.0	2052-10-01	FGA	tropics	0.037122389176620404	0.0024725101892335	2.1137852809035276	0.01756204355853619	0.1980927083111993	-41.77816169270495	40	1412.0	1411.9408959537454	0.8633869179489256	0.8587083834502621	1.0	0.9693643626311481	True
27.0	2053-04-01	FGA	tropics	0.0780731127751048	0.007167020328683535	5.731530988551265	0.01362168553760869	-0.18326573074822936	-147.96212239815026	45	1509.0	1509.1024596291304	0.9214458454268161	0.9103329327217528	1.0	0.9814024256111661	False
28.0	2053-04-01	FGA	tropics	0.07158189649147348	0.005123967905316023	4.048942513692044	0.017679158508526527			1	12.0	11.966174655284634	0.5714285714285714	0.5145057408678314	0.5714285714285714	0.5145057408678314	False
27.0	2053-10-01	FGA	tropics	0.19045104412851047	0.03643276734067055	13.540793761294662	0.014064983743634027	-0.9176371683644505	-4401.935405183356	20	350.0	349.91611263214537	0.8664009059604185	0.8450540208055392	1.0	0.980070570544359	False
28.0	2053-10-01	FGA	tropics	0.1449929304586827	0.027946771747637125	5.988903469719727	0.02421026339659273	0.8912749563637581	-569.1705575878798	24	1417.0	1416.9059899236963	0.8757917967927288	0.8623946485629873	1.0	0.994195540534138	False
27.0	2054-04-01	FGA	tropics	0.0809820284643743	0.006558088934204729	22.870280854059576	0.0035409284643743077			1	11.0	10.991520144941585	0.4782608695652174	0.3328217767141346	0.4782608695652174	0.3328217767141346	False
28.0	2054-04-01	FGA	tropics	0.199678460083979	0.04110858294588524	8.218366840292868	0.02429661074570179	-0.01762099447887	-149.992744851393	49	2805.0	2804.8807782842305	0.9319218585593374	0.9267970559304671	1.0	1.0	False
28.0	2054-10-01	FGA	tropics	0.23757474432919937	0.05677806634182066	10.440828258352782	0.022754396341989138	-0.858648660442842	-1807.7794074627855	23	1169.0	1168.7939503657094	0.9808033417256936	0.9703183247474969	1.0	0.9986773278397368	False
29.0	2054-10-01	FGA	tropics	0.013160528094104633	0.00017824170165927936	0.8542462084663807	0.01540601288442543	-0.0	-34.34997282027968	2	26.0	25.538621438123307	0.9583333333333333	0.9432910719833603	1.0	0.9997456979106715	False
0.0	2026-04-01	GARW	north	0.006948857638008385	7.808745709521986e-05	0.19427137471337136	0.035768818994876383	0.9876495957032629	0.31812638843583885	11	320.0	319.8952301361406	0.966982303256609	0.9569163982716017	1.0	0.9667058450897743	True
0.0	2026-10-01	GARW	north	0.0014201704766406461	3.1487466487454274e-06	0.039985555725110804	0.03551708738035079	0.9975367724139841	0.9931992541366881	20	542.0	542.045009733125	0.9298701118936872	0.9253194336791027	1.0	0.9657303618919909	True
0.0	2027-04-01	GARW	north	0.0037337123600391206	2.0048032423730047e-05	0.11479025977637497	0.032526386535868416	0.9724030592920477	0.5125355339738411	7	141.0	141.06211896025252	0.8769154931718599	0.8773903956768894	1.0	0.8853339863198855	True
1.0	2027-04-01	GARW	north	0.004002961055145309	2.1645429254598226e-05	0.08619018488253694	0.046443351532435936	0.9475801271020559	0.8734165581910092	12	583.0	582.9901357053636	0.8989402733493014	0.8942642399778697	0.9710144927536232	0.9416916170021794	True
1.0	2027-10-01	GARW	north	0.0020233543800171083	5.629178504918665e-06	0.04732600042041847	0.04275354693070886	0.9989858366809562	0.9929247556638128	25	1162.0	1162.0164632254782	0.9188278671446589	0.9250975724766249	1.0	0.961012064030067	True
1.0	2028-04-01	GARW	north	0.1806457723285415	0.047118238752081675	5.033573677313674	0.03588817486524779	-0.09377174360403986	-94.9728940141859	24	673.0	673.0718071240678	0.654189887540293	0.6555109758744466	1.0	0.9622993580058901	False
2.0	2028-04-01	GARW	north	0.027082391526297836	0.0009052507084038906	0.6220845127257946	0.04353490719071372		-4.269372683756374	11	469.0	468.9904823387093	0.6280126764701436	0.6116739789415669	0.78125	0.7588643116149303	False
1.0	2028-10-01	GARW	north	0.0036138928855370743	3.7026000303970866e-05	0.1101977549894334	0.03279461442643366	0.963345883390201	0.9010665141559587	17	329.0	328.8407784362432	0.3614533033360652	0.3685806434376223	0.6666666666666666	0.5478725492525265	True
2.0	2028-10-01	GARW	north	0.021069876583870266	0.0016310020079365402	0.5651045878039099	0.03728491510881428	-0.12077776774435088	-1.6562938338025357	21	923.0	922.9679319883578	0.7077754246940374	0.6851017516386737	0.8823529411764706	0.8116677141282992	True
1.0	2029-04-01	GARW	north	0.00548250539176947	4.2040344562181776e-05	0.1976023021163016	0.02774514938870836	1.0	-0.3781240138176425	2	27.0	26.754780703699787	0.19729344729344728	0.1762276175231394	0.24074074074074073	0.18242107649150469	True
2.0	2029-04-01	GARW	north	0.005977743789550601	4.443864934308213e-05	0.16389370670175876	0.036473296686299506	0.9183074482426496	0.3997994193898039	8	320.0	319.977441477821	0.7974328048630477	0.792945991456006	0.8823529411764706	0.8145779295106748	True
3.0	2029-04-01	GARW	north	0.023196257639968416	0.0009334946309839043	0.24751756050742418	0.09371560382388568	0.7480062084979607	0.5594093038309854	19	1200.0	1199.8918885214498	0.3169566737733767	0.3317316751547721	0.8125	0.7253232721881963	True
4.0	2029-04-01	GARW	north	0.02112515817546775	0.0007588668498178805	0.17979313717445614	0.11749702189672385	0.8861660658657187	0.7312099317303875	18	4407.0	4406.953041880925	0.6736930635486024	0.6514422656594766	0.8125960061443932	0.8332320951443403	True
5.0	2029-04-01	GARW	north	0.025146045769579274	0.0009825264978606109	0.1986665206128772	0.12657414894067134	0.8789779868834502	0.6193743175815247	11	309.0	308.9971014414929	0.06822443092199183	0.07159751099280492	0.11888111888111888	0.0932971748500506	True
3.0	2029-10-01	GARW	north	0.14247234055238372	0.02404976769494679	1.606688469561389	0.08867452729730323	0.7148173662688768	-9.459663737492093	19	1200.0	1199.825543722318	0.3169566737733767	0.34505016054807985	0.8125	0.7224810085833544	False
4.0	2029-10-01	GARW	north	0.08209678967919445	0.010260500587295952	0.7241873105182963	0.11336402680190336	0.4300068805345018	-2.3294597369730283	21	4475.0	4475.125186164845	0.6855283054044816	0.6800623537423047	0.8125960061443932	0.8839594448694822	False
5.0	2029-10-01	GARW	north	0.042916229063539105	0.002407982754313259	0.35862967624886366	0.11966725540515023	0.34379082131062844	-0.018044413899007017	11	309.0	308.8620885317828	0.06822443092199183	0.061656876659606556	0.11888111888111888	0.07618942245370276	False
6.0	2031-04-01	GARW	north	0.07640907908765995	0.005838347367024274	1.4470654842013193	0.05280277908765996			1	12.0	11.957351049429333	0.05687203791469194	0.015143161393511002	0.05687203791469194	0.015143161393511002	True
7.0	2031-04-01	GARW	north	0.002621857396199642	1.027776055465479e-05	0.03710854472850741	0.07065373798357248	0.9976165569773663	0.9943967189844111	27	4889.0	4888.993720908802	0.7840783593398515	0.7760456875410833	0.9565217391304348	0.8764919254188656	True
8.0	2031-04-01	GARW	north	0.005355741466366318	3.2319465580573416e-05	0.09416829435760932	0.05687414753449386	0.9994014895881127	0.9774774117463141	18	918.0	917.7440086668713	0.17059685949332193	0.1640644137429739	0.23809523809523808	0.2788370486724415	True
9.0	2031-04-01	GARW	north	0.0034368507416032918	1.753322180043098e-05	0.06718095258684399	0.05115811266832689	0.9998420743630435	0.9678796949742146	7	100.0	99.92087498708477	0.029931865275215398	0.03472125181664299	0.048859934853420196	0.049106735442807505	True
6.0	2031-10-01	GARW	north	0.10479036876385935	0.010996982266729995	3.9060796695507465	0.026827504206003994	0.9897484957827026	-239.09716748997016	3	38.0	37.754362387667	0.035035074005590534	0.027779178834972173	0.05687203791469194	0.037462878744414355	False
7.0	2031-10-01	GARW	north	0.08136508711090507	0.00887093984114129	1.2884030978372538	0.06315188720633051	0.9853578079610509	-4.202259883734192	21	4727.0	4726.920606267182	0.7680008114270778	0.7632806080050959	0.8709677419354839	0.8339384748680387	False
8.0	2031-10-01	GARW	north	0.04769638244307842	0.0029529080751320657	0.7032992797815727	0.0678180453389512	0.9719521211016093	-0.7370650958156599	18	918.0	917.6851411931458	0.17059685949332193	0.16814011638290283	0.23809523809523808	0.20235578760502834	False
9.0	2031-10-01	GARW	north	0.019621602261534844	0.0005921922137307904	0.23440329806867488	0.0837087294556161	0.9900395190550357	0.4788769265713051	7	100.0	99.83815184113583	0.029931865275215398	0.0409106725529183	0.048859934853420196	0.06341171875563287	False
10.0	2036-04-01	GARW	north	0.0018739013179320712	4.225890172774608e-06	0.06014123650354741	0.031158343706843134	0.9914654804666547	0.9557165030002873	11	383.0	382.50999830787913	0.9730166902899264	0.9732366701385812	1.0	0.9788190092295644	True
10.0	2036-10-01	GARW	north	0.023520989222979967	0.0007800865577955128	0.733364163919017	0.032072727820904694	0.6192017074252365	-0.7076347785751806	20	667.0	666.5429331565537	0.9682859602862403	0.9749034646563288	1.0	0.9864778487354379	True
10.0	2037-04-01	GARW	north	0.006615811779937136	6.638106451285171e-05	0.20003992521757805	0.03307245677452286	0.9099000196921017	0.7531832713794976	13	266.0	265.79625907219963	0.5896074299939466	0.5838089412502024	1.0	0.9770050181796991	True
11.0	2037-04-01	GARW	north	0.009475778753394299	0.0001654065225060828	0.20473869135477296	0.0462823059515145	0.9915910674251036	0.22743411468674235	11	752.0	751.9815736259302	0.8460722538234555	0.8368385940442372	0.9224137931034483	0.9108054176879142	True
10.0	2037-10-01	GARW	north	0.004062755610747488	2.6134538014785434e-05	0.13952878498563925	0.029117687874696534	0.988756813402835	0.8767028940078371	6	77.0	77.16722285362476	0.16231703021330637	0.1195314686985219	0.25	0.20362344947225214	True
11.0	2037-10-01	GARW	north	0.0038878579465622533	2.517147864202987e-05	0.07806712679759088	0.049801473501676644	0.9962596300228033	0.9737294603594687	23	1507.0	1506.9969674239562	0.9058905181492732	0.9044518826353204	1.0	0.973900328612951	True
10.0	2038-04-01	GARW	north	0.00038367309902244406	1.4720504691348616e-07	0.011230445854625874	0.03416365690097756			1	14.0	13.470888869253736	0.12727272727272726	0.050599904400543586	0.12727272727272726	0.050599904400543586	True
11.0	2038-04-01	GARW	north	0.006727597564185354	5.186386291119556e-05	0.16379035051539248	0.04107444390353824	0.9850482468205661	0.4031547110209227	11	522.0	522.081238401514	0.9662398354296046	0.9665164100794545	1.0	0.9813808462514658	True
12.0	2038-04-01	GARW	north	0.010235769899156696	0.00016641023593879061	0.20748080198599525	0.04933357593175103	0.9491195153401656	0.41801664122309146	17	1321.0	1321.0051288382488	0.8726626066826514	0.8661603748167689	0.9696969696969697	0.8908861648509158	True
13.0	2038-04-01	GARW	north	0.014240746707808874	0.00035494952989085723	0.36510683305651215	0.03900432809923515	0.9897445175463182	-0.2758694676235025	8	126.0	126.03829792840618	0.10900149334805145	0.1019383608122015	0.14838709677419354	0.11069282745663506	True
12.0	2038-10-01	GARW	north	0.06865452827817836	0.006659317130914847	1.6200945175946198	0.042376865999220116	-0.22863345329909507	-6.29230496495679	25	1771.0	1770.9649521598037	0.8541940831679711	0.8250922285243867	0.9696969696969697	0.858241001113393	False
13.0	2038-10-01	GARW	north	0.06755237308106	0.005908359480093261	1.3974394449139644	0.048340107563815744	-0.9612624999880046	-10.308676390558611	12	184.0	184.00613132974868	0.12270649050450327	0.14371455297371608	0.16455696202531644	0.20598068883052476	False
12.0	2039-04-01	GARW	north	0.0012020038969280152	2.4932667556970727e-06	0.0278504911748913	0.04315916331169361	0.993870597271488	0.8601123907321353	5	182.0	181.75645387892007	0.7925808300491844	0.7846147834450334	0.8909090909090909	0.8111100402903656	True
13.0	2039-04-01	GARW	north	0.009068617882459272	8.223983029806008e-05	0.7000574026624465	0.012954106117540729			1	13.0	12.746992398886045	0.16455696202531644	0.18432572289946791	0.16455696202531644	0.18432572289946791	True
13.0	2040-04-01	GARW	north	0.0713959193647557	0.0075872972671001074	0.9358092941585631	0.07629323603689109	0.7550737030286948	-7.697294506806321	14	315.0	315.000845120502	0.6288467894566415	0.6059920727236666	1.0	0.9173038878547731	False
14.0	2040-04-01	GARW	north	0.09152514389118215	0.012035729789453952	1.493555386670138	0.06128004673146822	0.989517462160059	-396.98047088729885	8	417.0	416.9711456308916	0.586026054958814	0.5559614076970045	0.8071428571428572	0.8812036079596268	False
13.0	2040-10-01	GARW	north	0.019523844979454075	0.0007942563583827284	0.4350740490522696	0.044874763323584234	-0.722292693473313	-0.44716716935482737	19	436.0	435.78059096217623	0.45047787543419315	0.47413659505837397	1.0	0.8241492943711374	True
14.0	2040-10-01	GARW	north	0.033375462479941116	0.001957714880248136	0.6201612566124565	0.05381739366023908	0.46140144798142135	-1.1115132933181497	30	2081.0	2080.7413928962465	0.8511003646511307	0.815935047574101	1.0	1.0	True
13.0	2041-04-01	GARW	north	0.23135223915794323	0.05450253256530781	7.938847851452181	0.029141790280767767	-0.9958403637473716	-822.5443689960892	4	71.0	70.88138775451145	0.0996248586644646	0.11070591118660006	0.13114754098360656	0.1305561318036418	False
14.0	2041-04-01	GARW	north	0.1592842131678332	0.03124882898079362	4.96417014828788	0.03208677551529325	0.166530926980538	-93.90847519389712	40	2169.0	2168.385522413513	0.899586117704154	0.886115262499884	1.0	1.0	False
15.0	2041-04-01	GARW	north	0.13050521530133197	0.020558690104404708	3.6053955136715614	0.036197198006837183	0.98473528857473	-538.7750128890068	6	247.0	246.94942613077376	0.4045154586362642	0.3735775823225039	0.5855855855855856	0.4903752792723007	False
14.0	2041-10-01	GARW	north	0.0044800897352275	2.58034128716357e-05	0.12876015591866422	0.03479406888927272	0.9876228518648065	0.9130684689856208	26	939.0	939.1025263178415	0.704082690195186	0.7068370152124068	1.0	1.0	True
15.0	2041-10-01	GARW	north	0.0046816373358552635	2.9657224498176587e-05	0.1360259324466987	0.03441724126897456	0.9904670343455836	0.9277275475296023	21	913.0	912.9240147164514	0.7100736484245511	0.6847507531193573	1.0	0.9750689928906622	True
14.0	2042-04-01	GARW	north	0.016813837542387418	0.00028389087153484426	0.5498477782279054	0.030579076988501135	0.9867676872706994	-15.054930953144794	4	69.0	69.03118560132019	0.2050682773109244	0.22649063451678134	0.2857142857142857	0.26419200554005573	True
15.0	2042-04-01	GARW	north	0.011827326712699851	0.00028442592076939816	0.3094871729333376	0.0382158866249601	0.7061499462522037	0.45686886144285865	30	1383.0	1382.8513400844745	0.6838858286264334	0.6815809771661363	1.0	0.9610891333177547	True
16.0	2042-04-01	GARW	north	0.013682957325256049	0.00029752998385324523	0.2709034858933447	0.05050860560222935	0.991965826580043	0.10642734626738848	14	1001.0	1000.9961453043711	0.5077211644629764	0.49105835310841567	0.7142857142857143	0.7513270264123384	True
15.0	2042-10-01	GARW	north	0.001328417706662822	2.7351327993020794e-06	0.02611461623426343	0.05086874318757495	0.9995059590562163	0.9963996360252179	21	973.0	972.9538371608115	0.4919125209219442	0.4822897802484999	0.92	0.7903001824590234	True
16.0	2042-10-01	GARW	north	0.0020517875771916575	7.458003335915654e-06	0.0364890074760393	0.05623029287762828	0.9985238976194063	0.9938653190517497	23	1427.0	1426.9561025329194	0.6258165941215925	0.6234882570368047	0.8888888888888888	0.9033126228316145	True
15.0	2043-04-01	GARW	north	0.004133275841113403	2.0175625591509405e-05	0.07721571673632181	0.05352894482904068	1.0	-3.2947172548286954	2	42.0	42.08859120113787	0.24414172783738003	0.2094262267372426	0.29347826086956524	0.22317333240928375	True
16.0	2043-04-01	GARW	north	0.003658221121066351	2.5177502448859414e-05	0.07930463380550445	0.04612871840551185	0.9812308323674435	0.5676718399354325	7	259.0	259.08772547008243	0.8297732335774611	0.8419773768215703	0.8888888888888888	0.8931863444610412	True
17.0	2043-04-01	GARW	north	0.0014176803108331686	4.262768959879802e-06	0.03796275278707043	0.037343980790455485	0.9987528851598753	0.9905163625122161	19	2059.0	2059.0098012934086	0.9883859933815251	0.981878023734005	1.0	0.9947159979825286	True
17.0	2043-10-01	GARW	north	0.13684349073946286	0.024443223767837603	2.7000010502847602	0.050682754632643726	-0.14324034495208565	-23.333666226507948	26	2364.0	2364.0838000138783	0.9898754388646486	0.9830616357401568	1.0	0.9862984139973212	False
17.0	2044-04-01	GARW	north	0.4365352851789785	0.20518672892545556	8.624003778693714	0.05061863333797158	-0.9716250512098128	-20182.47069498427	5	162.0	162.20009120504474	0.9914855072463767	0.9623750798354465	1.0	0.98133905287358	False
18.0	2045-04-01	GARW	north	0.010620165121328719	0.000235092651880839	0.3108675924344272	0.03416298572058096	0.8848713151286671	-0.5403288226523384	10	314.0	313.942843645645	0.5135918512259269	0.5146981293063236	0.7045454545454546	0.6838659210977861	True
19.0	2045-04-01	GARW	north	0.009398884345679911	0.0001545866769113915	0.17816109423523369	0.05275497653415938	0.8613202122258232	-1.0385476408142371	8	357.0	357.02191110989304	0.5225935193009247	0.5235709090359161	0.6666666666666666	0.6799305419808892	True
18.0	2045-10-01	GARW	north	0.004679827189918583	2.6385008982440682e-05	0.099953730559162	0.04681993522141349	0.9983855345490916	0.9642551483228565	19	540.0	540.0294610320235	0.3812764952504954	0.38596275687876713	0.7045454545454546	0.6461226708264801	True
19.0	2045-10-01	GARW	north	0.0033199270445505176	1.4752618122460577e-05	0.06623095246109775	0.0501265182091493	0.999146871306475	0.9823103801352727	22	1256.0	1255.8049415316284	0.7048609937668266	0.6972261723750023	0.9117647058823529	0.9191903657329296	True
18.0	2046-04-01	GARW	north	0.01402623460519283	0.00020156809534573855	0.34189276928711715	0.041025244945773566	0.9741723795847259	-1.7145853674324765	6	119.0	118.83664446549408	0.212883968827596	0.19616709783744346	0.25862068965517243	0.2407176552466415	True
19.0	2046-04-01	GARW	north	0.011287585497276943	0.0002159753431360838	0.36014934834166956	0.03134140197462898	0.9478511772825897	0.5139979007652755	30	1469.0	1468.7359519708489	0.9306111810943969	0.9311561389384012	1.0	0.99423578025687	True
19.0	2046-10-01	GARW	north	0.06134948190450064	0.004953248262609759	1.5715302398945463	0.0390380537052964	-0.044608227903877085	-8.734113330204373	27	1157.0	1156.9782246691605	0.9890094805100345	0.9891746779695956	1.0	0.994016482675476	False
19.0	2047-04-01	GARW	north	0.0020250294390231588	6.551267412487864e-06	0.054691465091914734	0.0370264251582927	0.9676578232606585	0.8078354158824332	6	174.0	173.98067413322286	0.9953703703703703	0.9851049965354518	1.0	1.0	True
20.0	2047-04-01	GARW	north	0.004818394786216607	4.031003538421424e-05	0.13167518860116856	0.03659303500837246	0.9865917904052397	0.7430018225831971	6	99.0	98.90350596615971	0.19712601547780198	0.22019900738837905	0.3404255319148936	0.2509407060646643	True
21.0	2047-04-01	GARW	north	0.0035563767159431854	3.4798508093305095e-05	0.046824154806274346	0.0759517546159026	0.9543850945194405	0.8495368238948173	10	500.0	500.00012169198925	0.7178022757812976	0.7005697253000223	0.8505747126436781	0.8158366673264875	True
20.0	2047-10-01	GARW	north	0.14735867520597884	0.03141737348983162	4.51082212137313	0.03266780893615057	-0.9821693806531195	-67.76973664725085	12	187.0	186.93472934239287	0.15863023937350754	0.17927803461883415	0.3404255319148936	0.24614553193874875	False
21.0	2047-10-01	GARW	north	0.17804786503278477	0.0429764276466471	2.489141643640271	0.07152982454320954	-0.7286421576893849	-34.47168436011687	26	1493.0	1492.849202839128	0.8303545195020583	0.8196660874661242	1.0	0.9589624958810194	False
20.0	2048-04-01	GARW	north	0.0019746092615346095	4.855900807491406e-06	0.0868733558991621	0.022729745398884203	0.9958020286850426	0.8438083157091578	4	56.0	56.007169230842294	0.11913299261374316	0.106354536303869	0.14912280701754385	0.11264514764743216	True
21.0	2048-04-01	GARW	north	0.009121804306301244	0.0003650966276320153	0.08624254611088393	0.10576919070284799	0.8287866411542958	0.6598087236349163	25	971.0	970.8626164178602	0.6313630877078596	0.642353899868545	1.0	0.927016031342591	True
22.0	2048-04-01	GARW	north	0.007305524650816996	5.612436105571206e-05	0.1489199362179087	0.049056726965871836	0.9969508136571668	0.8066942500303115	5	81.0	80.74369527748898	0.05469059581926137	0.04670484813578459	0.06748466257668712	0.048754563145333156	True
23.0	2048-04-01	GARW	north	0.003911699616419135	1.9100448618956576e-05	0.06148876415076827	0.0636164943375311	0.986043870871232	0.9716655733657455	13	2450.0	2449.9810468661726	0.7877283125813452	0.7273478603065252	0.9577836411609498	0.9642821666880403	True
21.0	2048-10-01	GARW	north	0.05206065835707252	0.003228732624298593	1.1285673021768619	0.04612986594300063	0.048451097171813756	-4.851205870337142	11	204.0	203.81416238861348	0.21375123372202925	0.24136817989890025	0.625	0.43911947713766314	False
22.0	2048-10-01	GARW	north	0.08218209923430676	0.007293161084544433	1.6819846199886508	0.04886019661396267	-0.8481777615324534	-30.997728985194104	5	81.0	80.80841033954958	0.05469059581926137	0.049121079762707076	0.06748466257668712	0.050238634844160135	False
23.0	2048-10-01	GARW	north	0.06703703934819243	0.007230022540929662	1.1293626174415918	0.05935829494698096	-0.11505454234749382	-2.42811279071252	24	3459.0	3458.904709609961	0.8597995557220374	0.8272117196821887	0.9759036144578314	0.9747186407630801	False
23.0	2049-04-01	GARW	north	0.015451503320040808	0.0002771601722182273	0.2657450546965999	0.0581440860214002	-0.04208189938538162	-6.321820820093438	9	564.0	563.9854833538092	0.9483730210644153	0.9383752550435764	0.9759036144578314	0.9565054144125216	True
24.0	2049-04-01	GARW	north	0.013649523413174163	0.00023857031644469346	0.6504792007970813	0.020983796863063984	-0.9553951783307386	-3.87535006881697	6	89.0	89.01323380495366	0.9848484848484849	0.9921482833191485	1.0	0.9992042008861955	True
24.0	2050-04-01	GARW	north	0.059295889217313415	0.009832841195165363	2.1921733571880457	0.027048905152908937	-0.19788542450138832	-51.7069486799874	12	265.0	264.623732111754	0.949397890801722	0.944800392869762	1.0	1.0	False
24.0	2050-10-01	GARW	north	0.001789266035281141	4.714537089160198e-06	0.060273393836229955	0.029685835181984137	0.9979602448190714	0.9865410934168263	19	457.0	456.8640419108688	0.8253858019418425	0.8102767894080044	1.0	1.0	True
25.0	2050-10-01	GARW	north	0.004524264352680078	2.1555207464296982e-05	0.31382184899087423	0.014416664637049032	0.9967711951183467	0.8193109995523314	5	57.0	56.7410724012854	0.4030890359106021	0.38875394262217244	0.5789473684210527	0.5526676000197386	True
24.0	2051-04-01	GARW	north	0.3188616835803796	0.1054573552852411	9.594186601259963	0.03323488450167363	-0.9848132318880284	-2335.2498145922737	7	157.0	157.0511350975529	0.669308563268391	0.6480503097994076	0.75	0.8048986208113472	False
25.0	2051-04-01	GARW	north	0.1536107821445227	0.02712851544658808	3.1076901274177944	0.049429246754456556	0.7749409470329647	-30.09422132259435	29	3253.0	3253.1207962459885	0.8068979850533928	0.8044621536703584	1.0	0.970202369820902	False
26.0	2051-04-01	GARW	north	0.03450925929232463	0.0019043192373274205	0.6268508614528808	0.055051785702808075	0.9578327405495948	-1.138158132436382	13	403.0	403.0018992954232	0.12856300742923404	0.1260467912778288	0.2170212765957447	0.1879183162932537	False
25.0	2051-10-01	GARW	north	0.07282468708434052	0.00789847924940524	1.1896478646874484	0.06121533038978174	0.7278511328288244	-4.564530333594844	27	3322.0	3321.828712923664	0.8779917616392042	0.8721906138835687	1.0	0.9568556905897487	False
26.0	2051-10-01	GARW	north	0.03628567652474417	0.0021835051639772967	0.6004075651538267	0.06043507548984271	0.3211317053786732	-1.0251942991053618	15	432.0	432.00169111619385	0.1446148244984962	0.14247859447500322	0.30612244897959184	0.26429292330524906	False
28.0	2054-04-01	GARW	north	0.010562540937425164	0.00019146733123102467	0.17316411638034485	0.060997284877573374	0.9562816421804133	0.8919933256486307	26	5017.0	5018.033011526446	0.9958982566522574	0.9959715955523106	1.0	1.0	True
28.0	2054-10-01	GARW	north	0.2701896241761242	0.07938186767243506	4.161005395762553	0.06493373559459391	0.5016704751261044	-40.70570216603336	25	4999.0	4999.041921392872	0.9957341869183477	0.9960719259769555	1.0	1.0	False
0.0	2026-10-01	GARW	south	0.003658657355732571	1.8164619013540524e-05	0.19000429356509732	0.01925565621220596	0.9181319591915069	0.7343284279899811	8	145.0	144.89907727784808	0.5346971247043921	0.5170823088512665	0.7727272727272727	0.5527534938032325	True
1.0	2026-10-01	GARW	south	0.0069056924435530265	5.467855299233142e-05	0.24199210959125322	0.028536849632070118	0.923893639014608	-1.128223100990228	7	129.0	128.88114067696415	0.49930718215601944	0.4880135747133001	0.5813953488372093	0.5377610049225893	True
0.0	2027-04-01	GARW	south	0.002622989402020565	8.296779065070547e-06	0.10472311306804083	0.02504690058551213	0.9813347682124833	0.9624295150203319	13	221.0	220.7176162841206	0.4889611594110083	0.467208940913184	0.7727272727272727	0.5563118719461928	True
1.0	2027-04-01	GARW	south	0.0036064931502009148	1.7001273572935378e-05	0.11449275570826538	0.031499749725567634	0.9939483137236407	0.9341923429019349	17	321.0	320.91022761702317	0.5989856626208993	0.597925204868262	0.8636363636363636	0.7950915034178857	True
0.0	2027-10-01	GARW	south	0.001308303507031582	2.620058319733085e-06	0.06233749583312938	0.020987424816257722	0.9838611772989276	0.4789285272887851	3	42.0	41.83438576178035	0.4294068000964553	0.3584844717154902	0.5172413793103449	0.376706656286635	True
1.0	2027-10-01	GARW	south	0.0017038473975999936	4.190572430228766e-06	0.04508267943472181	0.037793836102113385	0.9981180734181452	0.9918641916232842	24	1430.0	1430.0036383911827	0.8135414311375272	0.812456289434139	1.0	0.9428379062564225	True
2.0	2027-10-01	GARW	south	0.0044173051407854795	2.0135551674829716e-05	0.10123465780658533	0.04363431690780243	0.9995388172426003	0.8946436293943896	8	196.0	196.02342250984987	0.15873240252274423	0.15607849966720713	0.2542372881355932	0.2075150909021942	True
1.0	2028-04-01	GARW	south	0.0022532343327548963	7.457826768558762e-06	0.040389606017881774	0.055787479871859044	0.9995775591928404	0.9930637566300651	25	1742.0	1742.0209544210418	0.8069728951943037	0.7987164044713048	1.0	0.9297134512974936	True
2.0	2028-04-01	GARW	south	0.003209424779580828	1.2020125038779806e-05	0.0759362622985769	0.042264718889659846	0.9944850918611666	0.9757452714753125	15	347.0	346.99397875544383	0.22026543821260802	0.20850387006615817	0.4782608695652174	0.35938443933816244	True
1.0	2028-10-01	GARW	south	0.009255341269818414	0.00010513172151670156	0.16899152115590751	0.05476808070908871	0.9905012948626154	-0.20118713861114257	7	247.0	246.9298839615089	0.6555496613361064	0.6434088203160611	0.8	0.7747088615379185	True
2.0	2028-10-01	GARW	south	0.00815800365193092	0.00012844308227681118	0.2668994832456163	0.030565827826738255	0.7590074262141093	0.5335830391683306	9	141.0	140.86571970911524	0.23737931606314305	0.21281561753150205	0.4782608695652174	0.3690534234510678	True
3.0	2028-10-01	GARW	south	0.032608580507323244	0.002075135110150191	0.4059289091469154	0.0803307667242823	0.33971769055677653	-2.918929882836805	13	739.0	739.065216958939	0.8086130097662004	0.8065855812138552	0.9056603773584906	0.8556342043815727	True
4.0	2028-10-01	GARW	south	0.037994986634380515	0.001443619009346754	1.4962286356067491	0.025393837365619478			1	14.0	13.917174679887426	0.1	0.06237680601824624	0.1	0.06237680601824624	True
2.0	2029-04-01	GARW	south	0.06720922888803912	0.006754672561177689	1.8066737975859974	0.037200533365702934	-0.8738407020050019	-16.721965111126632	4	52.0	51.835408992242925	0.14087685611879158	0.1262594557254785	0.17142857142857143	0.15103345732810428	False
3.0	2029-04-01	GARW	south	0.06571063096542964	0.00592438796996267	0.780459626825259	0.08419478561975881	-0.23402593597391053	-4.5165504245110935	26	1418.0	1417.9827973232696	0.7189400254351922	0.6874729507410743	0.9056603773584906	0.8248140267870965	False
4.0	2029-04-01	GARW	south	0.08827347361152467	0.015954091768908146	2.3953306562339125	0.036852312386096084	-0.1573855488674023	-59.44620423982329	24	414.0	413.4793876751362	0.5218023797051791	0.5312926812625046	0.9285714285714286	0.9282271705318931	False
3.0	2029-10-01	GARW	south	0.00936867824751404	0.00015900740056656773	0.1573476412347211	0.059541269090513084	0.35578264176767577	0.049517036869810904	11	463.0	462.846311897408	0.5973196389305891	0.5400612917903785	0.8137254901960784	0.7784102437448974	True
4.0	2029-10-01	GARW	south	0.01333157213323611	0.0002727560555974677	0.23961197782480756	0.05563817073862433	0.8962030367220676	0.6266612932300923	46	3651.0	3650.8508049346387	0.6819661292932369	0.6883550809439355	0.9285714285714286	0.8671413656659426	True
5.0	2029-10-01	GARW	south	0.013976744030946356	0.00023626194256162395	0.31714596540448153	0.04407038258588817	0.9938169649140352	0.7486639234251513	19	909.0	909.0432638909055	0.23404372239927024	0.22807456170635712	0.41509433962264153	0.31608354380639314	True
4.0	2030-04-01	GARW	south	0.06307241116285442	0.004991000259275268	0.9778898056547787	0.06449848520572539	0.7791899338285211	-2.954656361214652	27	3295.0	3294.910107965401	0.7519248165941657	0.7280094293360398	0.8770491803278688	0.8553861656129789	False
5.0	2030-04-01	GARW	south	0.05571780242837927	0.004698494653535451	1.1559120774009939	0.04820245719177686	0.8322238172547182	-3.8550714065713363	20	922.0	922.0326898160968	0.24555582199359244	0.23776880720799137	0.4642857142857143	0.38952036802354323	False
4.0	2030-10-01	GARW	south	0.027876050838739577	0.0007770742103639935	0.43488300713048894	0.06410011516126042			1	13.0	12.82774534313056	0.7647058823529411	0.425451391195848	0.7647058823529411	0.425451391195848	True
6.0	2030-10-01	GARW	south	0.0030970961896321274	2.2995613653037082e-05	0.06682885673162456	0.04634369553963248	0.9971424807149021	0.979676717889148	17	797.0	796.8823863562696	0.2732791301769363	0.2809042077630033	0.7333333333333333	0.6132630293329604	True
7.0	2030-10-01	GARW	south	0.003902739769342271	2.330245870119855e-05	0.05323959675371321	0.07330520904199135	0.9973380955031743	0.9843842403498888	15	3649.0	3648.976392344125	0.7196835315925088	0.6809807504784283	0.8327137546468402	0.8122304598619153	True
8.0	2030-10-01	GARW	south	0.0034987568187107355	1.5198606141341359e-05	0.046283790915886205	0.07559356633230838	0.999647143901611	0.9886866791040345	10	289.0	289.0096008110867	0.06530780108827314	0.061879277230213206	0.08986175115207373	0.07990225885471726	True
6.0	2031-04-01	GARW	south	0.1430431907433537	0.026191615250785345	2.366045334984965	0.060456656780104624	-0.24045223756546985	-17.11797494307567	18	825.0	824.8138857058001	0.2656481968391669	0.2750911223404269	0.7333333333333333	0.5986151859894911	False
7.0	2031-04-01	GARW	south	0.2169340561908579	0.06821532393076087	2.940905847439175	0.07376436630222472	-0.8018752457461185	-23.610591030628605	22	4104.0	4103.971527851385	0.7429469433233162	0.7451263286117524	0.845360824742268	0.8501469833336613	False
8.0	2031-04-01	GARW	south	0.1122646698414329	0.022876850647683064	1.6148780087562753	0.06951897866755605	-0.9300476915417912	-14.668029102307859	11	306.0	306.0133529083169	0.07132085999429583	0.06998769807686421	0.10833333333333334	0.09159323605452895	False
7.0	2031-10-01	GARW	south	0.004896448278028355	2.8995176395822688e-05	0.07961105769053753	0.061504625363247	0.35689576439419374	-4.085092933672359	4	109.0	108.85226556864146	0.7686922790738391	0.8172222355240077	0.8064516129032258	0.8328810480516102	True
9.0	2035-10-01	GARW	south	0.019289253866333973	0.0008734926694898309	0.23470162957497911	0.082186280092153	0.6920616776545989	0.2631193423787933	9	153.0	152.53928219378872	0.3009314925409641	0.2727854768981617	0.45161290322580644	0.3506499303433758	True
10.0	2035-10-01	GARW	south	0.005791454636746418	4.999300548533872e-05	0.09758640845352849	0.05934693907199546	0.854336728235778	0.6845742934603034	11	461.0	460.94535640515517	0.7025012730026143	0.7128691363641426	0.8352941176470589	0.8841684399929004	True
9.0	2036-04-01	GARW	south	0.0067099773288989365	5.213653519999492e-05	0.1596014862763962	0.042042072949613186	0.9404561772846709	0.8364498064504393	13	214.0	213.74778188515182	0.2636877032149275	0.23972006050532688	0.45161290322580644	0.3853660081367245	True
10.0	2036-04-01	GARW	south	0.001978271462840078	7.2482111199432784e-06	0.035022706589010744	0.05648539634743166	0.9962517381570369	0.9912380514796781	23	1056.0	1055.8755514199065	0.7991758839426911	0.8048749965912237	1.0	0.9746018620639805	True
9.0	2036-10-01	GARW	south	0.21777203398596912	0.049107611908828785	6.7707341008473465	0.032163725637773206	-1.0	-926.4485426879578	2	30.0	29.880299294247912	0.19828767123287672	0.13120090041545904	0.2465753424657534	0.14702112447444465	False
10.0	2036-10-01	GARW	south	0.17731842835870243	0.06362470119946835	4.930845940492586	0.035961056276884715	-0.9173996380451103	-129.17333211094981	22	744.0	744.1066293535686	0.8746900702290324	0.8727712776413525	1.0	0.9330486008770821	False
11.0	2036-10-01	GARW	south	0.15089978956232325	0.02277074648995344	22.767224737551675	0.006627939562323247			1	12.0	12.002598681257188	0.24	0.1803752337291227	0.24	0.1803752337291227	False
10.0	2037-04-01	GARW	south	0.151608618317539	0.03311938826324207	4.823990136064615	0.03142805313470655	-0.9290407401613043	-86.2945565864603	18	441.0	441.13508218470145	0.7916312789735191	0.7839947580655195	1.0	0.9091093336780809	False
11.0	2037-04-01	GARW	south	0.2909120715262313	0.0877889779916643	15.778201432395871	0.018437593966124006	-0.9082047680962076	-920.3940440362587	6	67.0	66.91592569735982	0.3356770976932268	0.3283071074697997	0.4583333333333333	0.42612054822950896	False
10.0	2037-10-01	GARW	south	0.15259228589611998	0.02329612287005027	5.047299871762451	0.030232458893478968	-0.810915449584915	-3255.6651048719373	3	51.0	51.052967138034305	0.5959677419354837	0.6085540453112794	0.6333333333333333	0.655620233677093	False
11.0	2037-10-01	GARW	south	0.18143890807283802	0.05434199616897684	3.755664151117108	0.048310738333423586	0.6835642724588002	-77.40241546931755	25	2073.0	2072.980551845676	0.7193676598094387	0.7185193675090715	1.0	0.9564884033079055	False
12.0	2037-10-01	GARW	south	0.1339712918682704	0.01813926919574378	2.154317925351028	0.06218733562570199	0.9790989472187945	-25.676363577796288	13	1009.0	1008.9701605735955	0.34459726385374706	0.33623049569623215	0.5384615384615384	0.5805151619440063	False
11.0	2038-04-01	GARW	south	0.0777535458569716	0.009035376678067926	1.42063777468281	0.054731436290529345	0.46259062035565146	-7.950672629645732	25	2140.0	2139.961272271454	0.7178359893743272	0.7155297226416455	1.0	0.9868923712982086	False
12.0	2038-04-01	GARW	south	0.09251076005557855	0.013420236106104549	1.4050726758831922	0.06584055162657597	-0.48225437237475965	-8.374006626838428	20	1258.0	1258.0271698524862	0.4647433435301342	0.4634872823069295	0.8214285714285714	0.7786579163329359	False
12.0	2038-10-01	GARW	south	0.0018858796696194554	3.687334311708283e-06	0.0406413292046037	0.04640300173562802	0.9582330670767516	0.605474056732134	4	85.0	84.89012926223428	0.75031328320802	0.7342584704737456	0.8214285714285714	0.7813085572516284	True
13.0	2039-10-01	GARW	south	0.0012406276680453129	2.166830898285143e-06	0.04152281490234766	0.02987821685410757	0.99047971266058	0.9721656738759924	11	349.0	348.8775411757465	0.9923039923039922	0.9762482318613466	1.0	1.0	True
13.0	2040-04-01	GARW	south	0.0013998118941558643	2.572889007485519e-06	0.040310632719073	0.03472562447509147	0.9972525669694059	0.9941960431926188	21	640.0	639.8960375879159	0.9931676374253404	0.9896085571470139	1.0	0.9964180737316531	True
13.0	2040-10-01	GARW	south	0.0038318096134944382	2.0120791405955998e-05	0.11137081689152172	0.03440586789649507	0.9746202826923559	0.5797620412572064	7	158.0	157.9314366081852	0.9915966386554622	0.9933026566291441	1.0	0.996306860171027	True
14.0	2040-10-01	GARW	south	0.03161624423153897	0.0018554688946713904	0.4844239354859547	0.0652656524905666	0.9691393639936777	0.1905567583426756	21	5105.0	5104.912376451359	0.9766848958068695	0.9708435805005686	1.0	0.9995771968542608	True
14.0	2041-04-01	GARW	south	0.03196531264644856	0.001286102472275204	0.4652573221594156	0.06870458802902187	0.7638919820334729	0.5224114084099479	24	5172.0	5171.754308213054	0.9771483034388538	0.9751907583366436	1.0	0.9993923570724293	True
16.0	2042-10-01	GARW	south	0.004253476938931916	4.9551781978912837e-05	0.06311705852063744	0.06739029097088155	0.9951115584960658	0.957073229879733	17	1144.0	1143.9178252787174	0.49834829366967137	0.48528977220211933	1.0	0.7936922460436375	True
17.0	2042-10-01	GARW	south	0.001378776832131005	3.755190643489535e-06	0.01997454611542857	0.06902669147841221	0.9984155760875413	0.9953207666197138	13	2328.0	2328.0113366615633	0.5937884073713678	0.580327014057797	0.8668831168831169	0.8726895585167634	True
16.0	2043-04-01	GARW	south	0.09069755832742248	0.013740038622437693	1.2674611846150579	0.07155845041121976	-0.26750544989372127	-8.112472994270318	21	1248.0	1247.9713607035183	0.4315040769143432	0.4482956857455542	1.0	0.7395613852345796	False
17.0	2043-04-01	GARW	south	0.08394506941759652	0.011789957737937751	1.333678051089792	0.06294252900765837	-0.2766693617325139	-5.100639811337717	22	3087.0	3086.899492587596	0.7095836769749035	0.6799482206664217	0.9411764705882353	0.9647143878619252	False
16.0	2043-10-01	GARW	south	0.41916372974248683	0.17848702292535124	7.6459690846172395	0.05482153080971689	-1.0	-39908.456954768044	2	41.0	40.70969261107318	0.15637077294685992	0.13779390460268776	0.1736111111111111	0.142575296358173	False
17.0	2043-10-01	GARW	south	0.5194057984533568	0.28239127710768064	8.785580315141184	0.05912026067967372	-0.9772488424378281	-6859.962535940309	7	368.0	368.0066144158697	0.8817658326270468	0.8676259238972938	0.9411764705882353	0.8801117517565806	False
18.0	2045-10-01	GARW	south	0.014277055132269926	0.00028492542670222423	0.3195200672830181	0.044682812111528136	0.9857484287397787	0.5903859503296016	11	182.0	181.46506691434797	0.22471461402007584	0.22175964284126276	1.0	1.0	True
19.0	2045-10-01	GARW	south	0.013791424387738761	0.00023110775384224862	0.23700866648491034	0.05818953624051052	0.9921691148230606	0.8757906782647988	22	4410.0	4409.935371925359	0.9397783774616092	0.932604920722995	0.9834710743801653	0.9749762241160298	True
18.0	2046-04-01	GARW	south	0.0559153463262552	0.004341385033668019	2.32370908978991	0.024062971811721314	0.9670220493407766	-20.088956950436664	9	151.0	150.65456911835105	0.052428972691203814	0.03296897430468688	0.088	0.07843227019851841	False
19.0	2046-04-01	GARW	south	0.10172652854639282	0.015565350200570933	1.484508306069146	0.0685254020678107	0.1953802263697616	-5.674531024879107	25	4477.0	4476.94013605886	0.9427685189642456	0.931497674466876	1.0	0.9828361732156675	False
21.0	2047-10-01	GARW	south	0.12948345843592154	0.020838712873115315	4.063299471594365	0.031866580187139046	0.9886414588733716	-174.59218479139633	11	257.0	257.07691342223444	0.9012158105938011	0.897829039959161	1.0	0.938220603174196	False
21.0	2048-04-01	GARW	south	0.001417426201163006	3.6390282069108694e-06	0.038439798008907844	0.036873924281145776	0.9962162056777389	0.9913522248758462	19	389.0	388.8800880749616	0.9240627646099092	0.8958885245284745	1.0	0.9234485127402823	True
21.0	2048-10-01	GARW	south	0.005076221009665732	3.1452554678800764e-05	0.1293909235054931	0.03923166225373009	0.9986969451347361	0.5621146295528878	5	82.0	81.66153282491771	0.9548506787330316	0.8931575396111636	1.0	0.9430190468717742	True
22.0	2048-10-01	GARW	south	0.0818361829923669	0.007730988451713935	2.251999109463471	0.036339349624282945	0.9997631115060414	-14.410191486848136	6	102.0	101.66327907044736	0.03731315784345058	0.017892100992202533	0.054187192118226604	0.027982314626420576	True
23.0	2048-10-01	GARW	south	0.051740360275456004	0.004072199014578179	0.7287695820067167	0.07099687137460567	0.9667992303800875	-0.6824398192869645	26	5400.0	5399.995860275006	0.8436469036013146	0.8311094805413758	1.0	0.9701945084363673	True
24.0	2048-10-01	GARW	south	0.02389380303362476	0.0009194386662153586	0.2078037827196193	0.11498252207402615	0.977652771728197	0.5677667141086238	14	419.0	418.954748190291	0.1896526821547186	0.19465916109029763	0.6046511627906976	0.42245353300841254	True
22.0	2049-04-01	GARW	south	0.45358906534252974	0.20884066379336624	9.307074486744396	0.04873594446767931	0.9992531764956238	-335.21173821513986	8	126.0	125.74964845083744	0.033648948628267644	0.02253276590636427	0.054187192118226604	0.023821708743156204	False
23.0	2049-04-01	GARW	south	0.3392499609248191	0.1277740492239568	5.17550310707579	0.06554917539533633	0.8433583511141397	-52.00166674853386	24	5372.0	5371.99810486005	0.8386035900125354	0.8191386119334189	1.0	0.9776511361142464	False
24.0	2049-04-01	GARW	south	0.3798827139810297	0.14642733425618962	2.616771642571737	0.14517228320606712	0.6616868803490517	-53.54906363926966	14	419.0	418.8283092639546	0.2317567941407203	0.25233551333473	0.6111111111111112	0.5504272009799142	False
25.0	2051-04-01	GARW	south	0.11815741254693046	0.01937082652529264	3.71467662575439	0.03180826339706882	-0.9605229773150878	-54.43243041934679	18	319.0	319.0261280277625	0.871535290985419	0.8636635736884632	1.0	0.8808719544161141	False
25.0	2051-10-01	GARW	south	0.11974101812511938	0.03467563277541162	2.892579401841326	0.041395931274659556	-0.45731455615818717	-69.60760669738741	21	429.0	428.9204565364777	0.37942306432724093	0.3803492253922881	0.9166666666666666	0.891188208690106	False
26.0	2051-10-01	GARW	south	0.1164272773328899	0.017035570486652617	2.730233866734051	0.04264370124166764	0.9412798042276272	-28.218712349929277	21	2204.0	2204.0822047939964	0.7390599822605429	0.7406034213849296	0.8165680473372781	0.7717865910502613	False
27.0	2051-10-01	GARW	south	0.09492908242401832	0.011898419454125892	1.8425591838204878	0.05152023514771769	0.9801728762156227	-21.81517097839953	10	343.0	343.0385580321595	0.15126273126761308	0.1495339366835306	0.22040816326530613	0.22842181688183644	False
25.0	2052-04-01	GARW	south	0.038438636774537335	0.002676060031971908	1.3998736869348214	0.02745864654310561	0.5758949999726389	-7.133072397710706	14	299.0	298.8693087647345	0.15120931448994915	0.13316011795191288	0.2972972972972973	0.2417311410082579	False
26.0	2052-04-01	GARW	south	0.11281537742249313	0.01941405478483501	1.9844918923869985	0.05684849500029746	-0.08988776657446548	-14.454409678551148	26	2460.0	2459.565677085469	0.7174215847271532	0.7160060886733793	0.8165680473372781	0.7863548917986387	False
27.0	2052-04-01	GARW	south	0.0883546324954512	0.01067672488939354	1.7928323281218825	0.049282150432890096	-0.9196681438975498	-11.576969019190102	16	486.0	485.9896414037377	0.24072289366438115	0.2139688424426519	0.6086956521739131	0.38034007423435096	False
26.0	2052-10-01	GARW	south	0.3320809095539013	0.11888587012431291	5.9042295746385705	0.05624457947576162	-0.9693144896357192	-9147.22368742245	3	102.0	101.26385041028226	0.5888139546676131	0.5953136260665066	0.6219512195121951	0.6242480809969989	False
27.0	2052-10-01	GARW	south	0.2832310766798262	0.08538331335789578	6.747503234198739	0.04197568594621944	-0.984841918460451	-7089.678711966048	4	77.0	76.96758397037493	0.4368038760270998	0.3707365091712911	0.6086956521739131	0.4063709204842438	False
28.0	2053-10-01	GARW	south	0.01221267846339718	0.00023541658951339335	0.20029217545171896	0.060974316324908476	0.9722261944692748	0.48329607856751244	13	1579.0	1579.0227720602688	0.9726597465839967	0.9848694732340648	1.0	1.0	True
28.0	2054-04-01	GARW	south	0.047511294209339104	0.0029681433814051955	0.7852013211033589	0.0605084236773527	0.13545847969148048	-0.7480463578001184	25	2779.0	2778.741953480123	0.9839993569854216	0.9876876815027787	1.0	1.0	True
28.0	2054-10-01	GARW	south	0.3994456195023724	0.17166509132552132	7.910867953541738	0.05049327353815057	-0.9152677010576263	-2133.524966200756	10	763.0	762.973580547707	0.9976068376068377	0.993871725442648	1.0	0.9978742166927123	False
0.0	2025-10-01	GARW	tropics	0.005263294334862217	3.706606337600984e-05	0.3649935600312598	0.01442023890616438	0.74171929994869	-1.481559543552124	28	835.0	834.6483461197919	0.998582097933513	0.9984661625579923	1.0	1.0	True
0.0	2026-04-01	GARW	tropics	0.030703075491471964	0.002810575891265255	2.4396539857358994	0.012585012330021326	-0.26416506354937835	-44.77177246267722	47	1540.0	1539.9734971623318	0.9741196400396155	0.9731382689612645	1.0	1.0	True
0.0	2026-10-01	GARW	tropics	0.29421984453913813	0.0947367045513589	22.156168793210394	0.013279364644906469	0.20196771807008773	-8760.797576093664	23	687.0	686.9296415466505	0.9474367008671021	0.9411835251066938	1.0	0.9732529531535203	False
1.0	2027-10-01	GARW	tropics	0.0019117531891091242	7.371568227670719e-06	0.21499929190095038	0.00889190458352702	0.6609991166206317	0.2676660885948977	8	101.0	100.15202090428367	0.9820512820512821	0.9557061003559542	1.0	0.9957535156072914	True
1.0	2028-04-01	GARW	tropics	0.00106106205993665	1.9301960729272e-06	0.10296731991160701	0.010304842942863093	0.9416483290081026	0.8284047534061563	33	655.0	654.8171140362626	0.8277061889094429	0.8292242354429195	1.0	0.9799459617451546	True
2.0	2028-04-01	GARW	tropics	0.0014457714972291994	2.437980411150071e-06	0.08206041342281797	0.017618379397869127	-0.44769207489779234	-0.7184937821952413	5	87.0	86.81423308673111	0.4290261194891573	0.3510036028445054	0.5581395348837209	0.4309928879957964	True
1.0	2028-10-01	GARW	tropics	0.01794490742616133	0.001626708381731163	0.9559982680228885	0.018770857674536807	-0.7412596339569052	-42.841433939112186	35	706.0	705.9025862679338	0.6098155494156139	0.6035873607868498	0.9583333333333334	0.9227495763496154	True
2.0	2028-10-01	GARW	tropics	0.04822182027144275	0.005007346018083729	0.2653366251057646	0.18173827398392994	0.23469284878167015	-3.010058966741206	31	705.0	704.7735346682325	0.3151119149564627	0.2928231214004108	0.5581395348837209	0.3743932165252271	True
3.0	2028-10-01	GARW	tropics	0.056807825857035824	0.005145575738052017	2.4193456673005773	0.023480657032535594	0.5872835979249876	-73.44889807917056	25	1570.0	1570.0826643206847	0.6091166014506936	0.6010273456710596	0.9320388349514563	0.9070695698434531	True
1.0	2029-04-01	GARW	tropics	0.0005466080615216742	5.238922563566768e-07	0.048876292396688094	0.011183500930989456	0.9229092470354054	0.7819634707256746	9	136.0	136.0395645277494	0.2252307817138305	0.21874303161976627	0.3225806451612903	0.3387809060076888	True
2.0	2029-04-01	GARW	tropics	0.004057882039298649	2.7094390987974383e-05	0.13475326846710198	0.03011342200051586	0.8808174151655173	0.5975001023993833	25	588.0	587.8001832118811	0.2766181564053788	0.2646400314812192	0.5217391304347826	0.4553481982263232	True
3.0	2029-04-01	GARW	tropics	0.005247645529366036	4.716234009402853e-05	0.11179272321345886	0.0469408506969286	0.9171810316850398	0.8334565927509214	41	2329.0	2329.032249626042	0.6367810894902728	0.6323698684468826	0.9320388349514563	0.8132524716417929	True
4.0	2029-04-01	GARW	tropics	0.008707470345926827	0.00011687416024640902	0.32508521903496956	0.026785193038844874	-0.5901806980007396	-1.4958325522868763	20	526.0	526.1730137650883	0.4395825762347088	0.41773976599301604	0.72	0.6370846819555849	True
5.0	2029-04-01	GARW	tropics	0.007983197295513651	8.682748753369813e-05	0.24279456630741472	0.03288046111133193	0.12987061853002857	-0.9039112171251711	9	178.0	177.8282561927413	0.30168483520928296	0.2641168886032147	0.4305555555555556	0.34566290489692864	True
3.0	2029-10-01	GARW	tropics	0.006146879320632851	5.430884238562479e-05	0.20882469695923567	0.02943559555042847	-0.4112419668269651	-0.9926128795339919	15	597.0	597.2452810857333	0.6227567469707568	0.5739637466940702	0.8648648648648649	0.8565445520971522	True
4.0	2029-10-01	GARW	tropics	0.0047254165746576215	3.576742124719066e-05	0.18824944942291869	0.025101887889411905	0.8811792314698802	0.7579453232786315	42	1249.0	1249.2454788793948	0.43675239961121354	0.43445261156709236	0.72	0.5515690474986615	True
5.0	2029-10-01	GARW	tropics	0.002928804898311796	1.4997564455040943e-05	0.09704998410284575	0.03017831404493673	0.9633968081834355	0.887395798685796	35	1076.0	1076.1566779080376	0.5077613670276879	0.4914463321543403	0.7692307692307693	0.7456103647791922	True
4.0	2030-04-01	GARW	tropics	0.049719307048061004	0.0036202279379185924	2.7428238535611396	0.018127050697589655	0.849819826607837	-111.0110101004059	21	672.0	672.0488291605867	0.4255948298881662	0.421004891862574	0.6021505376344086	0.6056570064754878	True
5.0	2030-04-01	GARW	tropics	0.03750771767758236	0.002569480385695946	1.856746779108536	0.020200771639733568	0.3860717938678763	-23.162725515295634	30	947.0	946.9281522034997	0.6183687412297971	0.6016616639159401	0.85	0.720058334705598	True
6.0	2030-04-01	GARW	tropics	0.004969904269279173	3.0516100285800383e-05	0.1913991218692791	0.025966181144098956	-0.4051492478963069	-3.866261451842292	4	52.0	51.84656462074091	0.6776470057720058	0.7145744401436336	0.7222222222222222	0.7404962063431475	True
5.0	2030-10-01	GARW	tropics	0.19297321797842903	0.037878319950358195	9.242308705926002	0.020879330491817276	-0.9634475072873063	-1846.9880174631237	3	45.0	44.596178250524034	0.8034571723426213	0.7373151341995222	0.85	0.7660116863412351	False
6.0	2030-10-01	GARW	tropics	0.022370875430633465	0.0010706994967751055	0.13049202651557404	0.17143480738237699	0.6548720414575168	0.38497597727216426	29	1157.0	1156.9017673897017	0.4199148863756821	0.40907189913917685	0.7631578947368421	0.5979361852644142	False
7.0	2030-10-01	GARW	tropics	0.14498685950570442	0.04833346965606937	4.087019556680378	0.035474961030885765	0.7478308587497396	-145.41205712758608	23	2685.0	2684.980133589348	0.6160345655221731	0.5982556563987536	0.8380281690140845	0.8239221974801598	False
8.0	2030-10-01	GARW	tropics	0.10701649641538129	0.013593260525745084	3.8358514651208075	0.027899019914737724	0.9741259683727845	-84.26500720532374	11	193.0	192.91725606449506	0.07554228733284783	0.06799712277253565	0.096045197740113	0.089818029492285	False
6.0	2031-04-01	GARW	tropics	0.002858645793118884	1.26078604414113e-05	0.07134661668679804	0.04006701264711613	0.9909226706619104	0.9691455299135276	26	1106.0	1105.9984739416811	0.32596734752856743	0.3243693536722801	0.7631578947368421	0.6569278559797224	True
7.0	2031-04-01	GARW	tropics	0.0018815762932776739	1.055717398296359e-05	0.043892340589989316	0.04286798717010803	0.9924650554844705	0.9835598652124831	36	3175.0	3174.990206176733	0.6774133343636485	0.6752350842043644	1.0	0.8259271120638546	True
8.0	2031-04-01	GARW	tropics	0.006657779791100589	4.550349300071255e-05	0.2990668374540643	0.02226184570572189	0.9977624895929951	0.7650450429487686	13	217.0	216.80914657010388	0.08059890563106645	0.07575470133755294	0.11764705882352941	0.07826249816259917	True
7.0	2031-10-01	GARW	tropics	0.0024692651570953033	8.681639691761855e-06	0.08372949766946813	0.029490982578720498	-0.5561510724584459	-0.2572937302919496	9	249.0	248.7933745038035	0.7874906926263515	0.7886799902561523	1.0	0.808647063703712	True
9.0	2034-10-01	GARW	tropics	0.17946529664424735	0.04299101547396046	12.39138331326772	0.01448307199504433	0.5078198113353073	-10004.307296145898	14	246.0	245.6478188505621	0.9735259488410748	0.9801476205353951	1.0	0.9869968346897602	False
9.0	2035-04-01	GARW	tropics	0.0010832871012966979	1.864929733352948e-06	0.07483826065137564	0.014475043806042618	0.9567603827278669	0.9153482493959495	40	1076.0	1075.8533586477583	0.9142189526722596	0.9160262459681674	1.0	0.9905964953372942	True
9.0	2035-10-01	GARW	tropics	0.0009030740923252386	1.1797840684224235e-06	0.07510926063060264	0.012023472002562739	0.9832776344297751	0.9644561632103735	40	1085.0	1085.0639071210235	0.7798518678951515	0.7714842484829256	0.9696969696969697	0.9598892811758235	True
10.0	2035-10-01	GARW	tropics	0.002041422957287036	5.880346442347469e-06	0.30839753160172795	0.006619452972546418	0.6725266345350234	-1.0931776657406655	18	250.0	249.43974290752547	0.5696075563812831	0.5225073599873482	0.8333333333333334	0.8537708974334705	True
9.0	2036-04-01	GARW	tropics	0.0016562008170711848	3.974454000764716e-06	0.14195938982571632	0.011666722568366237	0.10263827477531866	-1.8923489115991368	14	245.0	245.16523478988	0.631570105713737	0.5857256333323441	0.75	0.7197585428851616	True
10.0	2036-04-01	GARW	tropics	0.0012137692175367503	2.5614635787057353e-06	0.20239504042719733	0.005997030435997023	0.7860960028283096	0.5552997994884555	31	434.0	433.8667691338717	0.7424658103521342	0.7121577110062816	1.0	0.956890121088205	True
10.0	2036-10-01	GARW	tropics	0.00676250101167075	6.489115156065533e-05	1.2721189921409652	0.00531593432174888	0.4308085080090171	-23.183095888516423	16	215.0	214.16738422209266	0.9260961899942163	0.8979092006710196	1.0	0.9747098269578923	True
10.0	2037-04-01	GARW	tropics	0.23523369982053655	0.06494011962524208	165.9413527147439	0.0014175713043927476	0.5734090897654909	-142212.25395682527	4	46.0	45.41842775896316	0.8256410256410256	0.6601712527400443	1.0	0.879474135743478	False
11.0	2037-04-01	GARW	tropics	0.21502900881120648	0.05130821193507471	9.294583182183864	0.02313487378577455	0.9468531525393886	-2052.1120935788736	20	879.0	878.9793943762361	0.8782377056226368	0.848763791262453	0.9743589743589743	0.9653720289410473	False
10.0	2037-10-01	GARW	tropics	0.0008749539182142444	7.655443589984586e-07	0.3997705383258848	0.0021886403182142444			1	11.0	10.775412559118335	0.7333333333333333	0.49381465095415683	0.7333333333333333	0.49381465095415683	True
11.0	2037-10-01	GARW	tropics	0.0020134377273920007	4.964414718552954e-06	0.08610282886875771	0.02338410658331545	0.9951435089805551	0.9759853142872165	46	2326.0	2325.99104847383	0.9303693358725821	0.917944080606976	1.0	0.9946670774270826	True
11.0	2038-04-01	GARW	tropics	0.008903172753226668	0.000105437617853682	0.46220814548938	0.019262258443758284	0.9739767894201653	-1.98031822009655	28	1314.0	1313.9317328737093	0.9552108799785294	0.947778136142697	1.0	0.9968922815462562	True
11.0	2038-10-01	GARW	tropics	0.003747394285285234	1.404296392938843e-05	0.20827459211225902	0.017992565714714765			1	12.0	11.892090248937222	1.0	0.8257261494133807	1.0	0.8257261494133807	True
12.0	2038-10-01	GARW	tropics	0.0020040243658267266	7.267794654658952e-06	0.18383090721744494	0.010901455017334274	0.46659419508884226	-0.020765037355079397	7	105.0	105.12874510524266	0.7606410985446811	0.6597610023964064	1.0	0.839163832947352	True
13.0	2038-10-01	GARW	tropics	0.0023205143196351257	1.0069034878624372e-05	0.09749035445413966	0.023802501618011007	0.8693280863331962	-0.2429627558583789	4	50.0	50.00090641332065	0.5210084033613445	0.47583050681682215	0.6190476190476191	0.5084136446702803	True
12.0	2039-04-01	GARW	tropics	0.004260589244285302	3.092411465932296e-05	0.35714427131325677	0.011929602646624207	0.5131222569752397	0.05166285910527291	19	264.0	263.82145562747087	0.37271635158142724	0.3210578096230454	0.9285714285714286	0.7982795038737658	True
13.0	2039-04-01	GARW	tropics	0.0012600174713196756	2.934368282264234e-06	0.05462699184774965	0.02306584032361617	0.9945599312818814	0.9661663767125559	30	1460.0	1459.9989669803376	0.7766405606015332	0.765938794279478	0.9666666666666667	0.9258726032646646	True
12.0	2039-10-01	GARW	tropics	0.00056047886757789	4.857976128627975e-07	0.05206624019200714	0.01076472711513229	0.9885316234411946	0.9771788352739467	13	170.0	169.8519845936781	0.21941239119018807	0.1856075964025337	0.3620689655172414	0.2988150513166608	True
13.0	2039-10-01	GARW	tropics	0.0008352654165063034	1.1685327355925315e-06	0.044733797247809674	0.01867190956044316	0.9960306244749302	0.9918833026055625	43	2039.0	2038.9384980332893	0.8949733988851477	0.8951171057349446	1.0	0.9757648541182449	True
13.0	2040-04-01	GARW	tropics	0.0015315106555848347	3.0675023487726934e-06	0.08344642848137523	0.01835321994549664	0.8514685524980379	0.5416881812758428	17	494.0	493.8407500703815	0.9635723314436673	0.9650221936225629	1.0	0.9816763407289579	True
14.0	2040-10-01	GARW	tropics	0.03809096227093913	0.0025175428215230135	1.4325655472094805	0.026589332924512377	0.8851356904276685	-24.2535679421725	25	1965.0	1965.0015315591602	0.9875090142669539	0.988253039008562	1.0	1.0	True
14.0	2041-04-01	GARW	tropics	0.003457593954636362	1.7505803751995253e-05	0.130302690798256	0.026535092510020824	0.9960062477911731	0.9421557646345143	44	2915.0	2914.8004375318096	0.9897643208767867	0.9794518981942378	1.0	1.0	True
14.0	2041-10-01	GARW	tropics	0.0037259767134347078	2.4975811136237236e-05	0.14390729575282288	0.02589150670883633	0.7000655345175798	0.037968593960771346	18	745.0	744.8947431036456	0.9923280423280423	0.9701726099730804	1.0	1.0	True
15.0	2041-10-01	GARW	tropics	0.0035316471353812494	1.8938691007235346e-05	0.17177854494425712	0.020559302889236162	0.7052071649251859	-1.048083826278619	14	338.0	337.9943432255891	0.9571992937124517	0.9720797157044684	1.0	0.9968641456615672	True
15.0	2042-04-01	GARW	tropics	0.009439762459316133	0.00011262431753949818	0.47711850697771574	0.01978494298850794	0.867442787110676	0.2993715756463906	40	1853.0	1852.9968996676848	0.7970236134301241	0.7986889213087424	1.0	0.9996950815547391	True
16.0	2042-04-01	GARW	tropics	0.006431970734471749	5.366576477925757e-05	0.2591640641625236	0.02481814272845411	0.9835638372092562	0.13403782030165745	19	577.0	577.0058002668977	0.36818085521276156	0.35957145125865186	0.6166666666666667	0.6237999290875846	True
15.0	2042-10-01	GARW	tropics	0.0014880763800296881	3.7193434897611406e-06	0.06717198607264359	0.022153228853772435	0.9865276933555209	0.9643914782662215	29	1501.0	1500.8326855112064	0.6276540988511434	0.6214385337436747	0.9459459459459459	0.9446467515782112	True
16.0	2042-10-01	GARW	tropics	0.0017440801511571854	5.887490485568995e-06	0.05629705060683797	0.030979956007594924	0.9800813217025649	0.9553120496867923	44	1110.0	1110.0108209508414	0.5601946194855718	0.5546865186161737	0.9523809523809523	0.8017532952999842	True
17.0	2042-10-01	GARW	tropics	0.0027364301809511037	9.406862063983787e-06	0.11112556363216114	0.02462466863168419	-0.4290166117479085	-4.012783671364263	4	52.0	51.67684103595794	0.5304668338907469	0.4364513992178765	0.5416666666666666	0.5480435081466519	True
15.0	2043-04-01	GARW	tropics	0.001214938414823673	2.1436547443863542e-06	0.052042140734648704	0.02334528129844569	-0.9256187429721292	-20.21585662436235	3	44.0	44.13076636933771	0.31189581095596136	0.2734337407632885	0.3877551020408163	0.29683530913738787	True
16.0	2043-04-01	GARW	tropics	0.002838368129762525	1.1865173881226606e-05	0.21335468391933016	0.013303519180463448	0.13540886098885319	-0.18904581539820464	23	458.0	457.9977554494053	0.7093767472798322	0.6964329372449549	0.9523809523809523	0.8151849583112424	True
17.0	2043-04-01	GARW	tropics	0.001970127112266057	7.772212792792087e-06	0.08109327025036887	0.024294582105068026	0.9716362441926902	0.9383375456910538	30	1647.0	1646.9924271232821	0.8834939935938776	0.8498747403741821	1.0	0.9982349740554003	True
17.0	2043-10-01	GARW	tropics	0.0008680480375340899	1.5187513254383837e-06	0.04466103172198094	0.01943636329177905	0.9960434565128197	0.9899718623114377	41	2153.0	2152.9431418990725	0.9628890531583287	0.9510851194228704	1.0	1.0	True
17.0	2044-04-01	GARW	tropics	0.002536922727569097	1.0735609954261581e-05	0.1264839187713442	0.020057274886899328	0.7537472743639602	0.12483663411203993	15	478.0	477.8004962613561	0.9691631906520345	0.9715693711496842	1.0	1.0	True
18.0	2044-04-01	GARW	tropics	0.0033642029520189335	1.7233578568057842e-05	0.2927972530404572	0.011489871974837433	0.8695206251377857	-0.40228041377360335	7	107.0	106.79912734264636	0.988095238095238	0.9641245453441419	1.0	1.0	True
18.0	2044-10-01	GARW	tropics	0.01046408510760517	0.00012068567107500492	0.8709858521036986	0.012014070127925944	0.753428307505878	-9.491525642537502	33	845.0	844.4416578173362	0.9868208876288609	0.9791316326041405	1.0	1.0	True
18.0	2045-04-01	GARW	tropics	0.002653556563459304	1.52677830340401e-05	0.12481532177893764	0.021259862376183745	0.9267601323196522	0.6600631124124061	46	1230.0	1229.930187996459	0.8531128608429488	0.8528917724398295	1.0	0.9988847099701239	True
19.0	2045-04-01	GARW	tropics	0.002935672618046482	1.1132625821538783e-05	0.15462923295728168	0.018985236891510025	0.15276571678514958	-3.6584482697915197	11	217.0	216.4220204377568	0.5857871591830434	0.5413344050327322	0.8043478260869565	0.8452366102930552	True
18.0	2045-10-01	GARW	tropics	0.0027124982896729677	1.388139198760778e-05	0.2417559406108111	0.011219986085221631	0.19217526557351675	-3.825092603516529	21	451.0	450.67480781703705	0.6635516089764147	0.6458110737679207	1.0	0.9574447264227655	True
19.0	2045-10-01	GARW	tropics	0.0042313311899178935	2.7946387132975345e-05	0.143614358613778	0.029463148606868828	0.8740295513821914	0.710037485086395	38	1797.0	1797.1122041891188	0.8405625119486059	0.8184756152722491	1.0	1.0	True
19.0	2046-04-01	GARW	tropics	0.07493094082773202	0.007910153810268772	4.625507319569371	0.016199507567681896	-0.736945497478046	-109.63320494313037	40	1832.0	1831.9172925406715	0.9744714875897028	0.9696143203523576	1.0	0.9975780320124547	False
19.0	2046-10-01	GARW	tropics	0.0009539439712897637	1.762502968653434e-06	0.05974574674871769	0.01596672605502647	0.23130956809235056	0.044174332611620404	14	276.0	275.68054454733533	0.9929411764705883	0.9867666762444838	1.0	0.9916715576081037	True
20.0	2047-04-01	GARW	tropics	0.003968346746484811	2.657180250459226e-05	0.15292553649555599	0.025949536208428676	0.4009679230517633	-0.04022082977954655	8	146.0	145.9702972415814	0.9819354838709677	0.9475678168496913	1.0	0.9896479734686149	True
20.0	2047-10-01	GARW	tropics	0.0013966482241596634	3.8977820215485285e-06	0.07246692371010473	0.01927290621231264	0.991167648520917	0.965281391518228	33	1385.0	1384.9712929758787	0.7664287468270731	0.7473114506829892	1.0	0.8738026146347881	True
21.0	2047-10-01	GARW	tropics	0.0007466488496730868	9.440033145173257e-07	0.03151629343674755	0.023690883928707964	0.994216158893192	0.9844326422119419	20	515.0	515.0225897532928	0.32999596730003544	0.3214011075654675	0.5686274509803921	0.4939486917100134	True
20.0	2048-04-01	GARW	tropics	0.0014010858815862498	4.029320241419708e-06	0.06547560147685938	0.021398595048896598	0.9882306764602098	0.9702733828781278	33	1388.0	1387.9929422343005	0.6099572167866588	0.596248826778947	0.8974358974358975	0.8362274462363519	True
21.0	2048-04-01	GARW	tropics	0.0012901306682427712	2.3344497133796146e-06	0.07029957381101865	0.018351898856612387	0.9895932966069539	0.9792598740203369	42	1040.0	1039.7997306922643	0.48030746452111694	0.46237698420117096	0.8076923076923077	0.6542940032927359	True
22.0	2048-04-01	GARW	tropics	0.002811454187457804	1.0885839066032786e-05	0.10922666638784824	0.02573963190888508	0.969413937315871	-0.2848224815759193	3	44.0	44.06006910453408	0.433079133510168	0.41801129920204844	0.5384615384615384	0.48615988006551103	True
23.0	2048-04-01	GARW	tropics	0.007211424100165419	5.200463755244662e-05	0.2253009883771643	0.03200795589983458			1	11.0	11.000015190817113	0.28205128205128205	0.21236116285673495	0.28205128205128205	0.21236116285673495	True
20.0	2048-10-01	GARW	tropics	0.006717998897700227	5.14805659114308e-05	0.3085987728963059	0.021769363612983587	0.554203408324741	-4.763188839509064	7	130.0	129.85604401693678	0.3585988786510101	0.30559236890183	0.4393939393939394	0.3824181702984488	True
21.0	2048-10-01	GARW	tropics	0.006669066639266209	7.086559419882307e-05	0.4975714093283129	0.01340323522259647	-0.19907518173138652	-3.7099284833454584	20	440.0	439.8790361893748	0.6236022827200554	0.5681036473304554	0.8076923076923077	0.6350725457100438	True
22.0	2048-10-01	GARW	tropics	0.043086645018894	0.003232928549381426	0.47373967002795664	0.09095004650201943	0.8000975986737652	-3.8571833559667246	28	647.0	647.0513855084632	0.3013403784138332	0.2827231595004051	0.5384615384615384	0.37494158873756617	True
23.0	2048-10-01	GARW	tropics	0.05314313032422605	0.004105452670987838	1.6384843115992291	0.03243432356844243	0.8738244679829809	-17.313710787513013	27	1832.0	1831.9838580113624	0.6733698961284108	0.6465591914094247	0.875	0.843623358318806	True
22.0	2049-04-01	GARW	tropics	0.0033731748990888442	1.6343469825191334e-05	0.12409053138864987	0.027183177163808785	0.9930337018457409	0.8720364285743307	24	583.0	582.8681592414011	0.26418065561868415	0.25030944736145977	0.5272727272727272	0.4675193468700992	True
23.0	2049-04-01	GARW	tropics	0.00348329912307768	1.5845008628930458e-05	0.09019147260478708	0.03862115810372962	0.9801168561337603	0.9512779255815982	36	2169.0	2168.9368193145115	0.6945337459395575	0.6752824559146478	0.8780487804878049	0.8237861005164472	True
24.0	2049-04-01	GARW	tropics	0.004680960514467826	4.123145767334098e-05	0.4081200416252048	0.011469567864953234	-0.8457425148051364	-2.95604237616476	21	501.0	500.8584571164798	0.6694589413287231	0.6484590960582667	1.0	1.0	True
23.0	2049-10-01	GARW	tropics	0.003930545798664363	2.2096866683112277e-05	0.159689811734529	0.02461362910990569	-0.7587735509622353	-2.903063972713838	10	264.0	263.9546789360191	0.6393541078276123	0.5851558723561953	0.8780487804878049	0.800439456148255	True
24.0	2049-10-01	GARW	tropics	0.0028108608270234112	1.6676515618780634e-05	0.08966353511280051	0.03134898510846388	0.8656636078153773	0.6899283591868876	46	1381.0	1381.1803504717384	0.860508992950078	0.8545396709264506	1.0	0.9990911289218928	True
24.0	2050-04-01	GARW	tropics	0.010170843721109468	0.00015639290276940048	0.7000442206958766	0.014528858921225256	0.7284621197950617	-5.965154753387113	33	945.0	944.1251239073563	0.9697935801622595	0.954412291626355	1.0	1.0	True
25.0	2050-04-01	GARW	tropics	0.0008364792866737992	9.627688941836223e-07	0.041665313233022104	0.020076155002018377	0.4157938001402322	-1.505669681061232	3	37.0	37.00842017703556	0.7481976960237829	0.7050280275726674	0.8666666666666667	0.8112986533093052	True
24.0	2050-10-01	GARW	tropics	0.002198834582353457	7.255521340901136e-06	0.13264614842460679	0.01657669377112165	0.7164443274033885	0.08114860587411554	7	104.0	104.28758209449643	0.8871940730315114	0.8322411120347193	1.0	0.999789463513058	True
25.0	2050-10-01	GARW	tropics	0.0015542928965229627	4.500074549138443e-06	0.07846900357609152	0.019807730768694704	0.9643125862799249	0.8731807895299313	28	1063.0	1062.7366145185663	0.9407407780666016	0.9254064961462302	1.0	0.9976832223398368	True
25.0	2051-04-01	GARW	tropics	0.0008350271902569761	1.0157985348453578e-06	0.0676486009217524	0.012343598816224346	0.9927754590631657	0.9854153036513005	50	1801.0	1801.1325053104522	0.9528469617075481	0.95385481796955	1.0	0.9811256863835542	True
25.0	2051-10-01	GARW	tropics	0.0014461012697212252	3.288546719866282e-06	0.08529119817591585	0.016954871084570704	0.8446505333058425	0.6770298072189898	30	779.0	778.817580733572	0.9260619216963079	0.9218800008619785	1.0	0.9761093408850924	True
25.0	2052-04-01	GARW	tropics	0.010075974962645468	0.00012345266253242678	0.6016391677146523	0.016747538231128494	-0.9937660118249504	-1.9753006797224821	4	46.0	45.672630109130544	0.8110482654600302	0.821275427496716	0.8461538461538461	0.8892567575072692	True
26.0	2052-04-01	GARW	tropics	0.00258820845600424	6.698823011731851e-06	0.45247806644342187	0.00572007495600424			1	11.0	10.871298082950991	0.3548387096774194	0.24950816130403314	0.3548387096774194	0.24950816130403314	True
27.0	2052-04-01	GARW	tropics	0.0018876785750554048	6.034906243713661e-06	0.11155931901217091	0.016920850644933236	-0.2897090054031352	-1.6967888451051567	14	255.0	254.87670363744257	0.7270967897726389	0.7068258534734403	0.9285714285714286	0.8980489979269677	True
26.0	2052-10-01	GARW	tropics	0.007313486979729904	5.348709180267883e-05	3.1646576174410126	0.002310988379729904			1	11.0	10.869596787878686	0.3548387096774194	0.24296197520006713	0.3548387096774194	0.24296197520006713	True
27.0	2052-10-01	GARW	tropics	0.04454299621701295	0.003923758834656207	2.5363219302210664	0.01756204355853619	0.20104320368230244	-66.88695577595905	40	1412.0	1411.9408959537454	0.8633869179489256	0.8587083834502621	1.0	0.9693643626311481	True
27.0	2053-04-01	GARW	tropics	0.0034804956053863783	1.4995455682287317e-05	0.2555113752829582	0.01362168553760869	0.9617085149362001	0.6883286495196498	45	1509.0	1509.1024596291304	0.9214458454268161	0.9103329327217528	1.0	0.9814024256111661	True
28.0	2053-04-01	GARW	tropics	0.001648958491473472	2.7190641066024687e-06	0.09327132231311754	0.017679158508526527			1	12.0	11.966174655284634	0.5714285714285714	0.5145057408678314	0.5714285714285714	0.5145057408678314	True
27.0	2053-10-01	GARW	tropics	0.0019349646967622043	8.462883775845457e-06	0.13757319112707767	0.014064983743634027	0.07660241117028938	-0.022747744034970818	20	350.0	349.91611263214537	0.8664009059604185	0.8450540208055392	1.0	0.980070570544359	True
28.0	2053-10-01	GARW	tropics	0.00597626385557803	4.942117702331954e-05	0.24684836169188928	0.02421026339659273	0.6843089343448615	-0.008291773893987608	24	1417.0	1416.9059899236963	0.8757917967927288	0.8623946485629873	1.0	0.994195540534138	True
27.0	2054-04-01	GARW	tropics	0.012195651535625691	0.00014873391637840929	3.444195966771867	0.0035409284643743077			1	11.0	10.991520144941585	0.4782608695652174	0.3328217767141346	0.4782608695652174	0.3328217767141346	True
28.0	2054-04-01	GARW	tropics	0.009352790795897934	0.00013673809696261067	0.3849422001195165	0.02429661074570179	0.8974073726300398	0.49775791071856657	49	2805.0	2804.8807782842305	0.9319218585593374	0.9267970559304671	1.0	1.0	True
28.0	2054-10-01	GARW	tropics	0.0019620514125211286	7.574733369082527e-06	0.08622735505843837	0.022754396341989138	0.9125853002234533	0.7586916459512112	23	1169.0	1168.7939503657094	0.9808033417256936	0.9703183247474969	1.0	0.9986773278397368	True
29.0	2054-10-01	GARW	tropics	0.0018745052903207972	6.071001533502848e-06	0.12167361564495453	0.01540601288442543	1.0	-0.20403775998190632	2	26.0	25.538621438123307	0.9583333333333333	0.9432910719833603	1.0	0.9997456979106715	True
