variant	pivot_date	model	location	mae	mse	normalized_mae	max_r_data	correlation	r2	n_points	total_sequences	total_smoothed_sequences	mean_variant_frequency	mean_smoothed_variant_frequency	max_variant_frequency	max_smoothed_variant_frequency	converged
0	2025-10-01	FGA	north	0.0024860753328021586	1.0360225586937753e-05	0.05682873956988835	0.04374679698367702	0.9950783793078297	0.9877297172309798	23	1669.0	1668.8826146866068	0.9989395546129375	0.9990865767673816	1.0	1.0	True
0	2026-04-01	FGA	north	0.16709561398463338	0.02894418913556983	3.820181139148898	0.043740233224087585	-0.9626612051805392	-113.09080320920755	11	493.0	493.00150744642536	0.9977827050997784	0.9985947405932619	1.0	1.0	False
1	2028-04-01	FGA	north	0.06527363945763832	0.00450021172430702	1.2040076290235393	0.05421364274126387	0.9187235754575586	-1.9680214508453937	22	4447.0	4447.0142564477665	0.9678309879682682	0.9621552237550876	1.0	0.9749026243697096	False
2	2028-04-01	FGA	north	0.20790268158797906	0.043223525011472606	24.260795340486286	0.00856949158797907			1	11.0	10.780231726598519	0.024886877828054297	0.020383431186255463	0.024886877828054297	0.020383431186255463	False
1	2028-10-01	FGA	north	0.035400866647297205	0.0014300564874652354	0.552610966155684	0.0640611005126596	0.7916996245822221	0.291454901194551	26	4563.0	4563.0274137680435	0.9644770680064847	0.9599758494695572	1.0	0.9879230283976629	False
2	2028-10-01	FGA	north	0.25995413111998017	0.06757615028634384	25.7120181278875	0.010110218880019823			1	11.0	10.917286049361014	0.024886877828054297	0.01202177500572206	0.024886877828054297	0.01202177500572206	False
3	2030-04-01	FGA	north	0.1449019390297135	0.021096968684638142	7.628756723958076	0.018994174840396942	-0.8504288344058337	-298.5808478549503	3	33.0	32.49557081023429	0.08410493827160494	0.07002712732395329	0.09259259259259259	0.08084365425115568	False
4	2030-04-01	FGA	north	0.022486808902732382	0.0005994441655977543	0.5846438378412846	0.038462406421252586	-0.9332096056414394	-2.7423322224790962	15	1190.0	1189.9490834387789	0.9134430228589577	0.9010836403751201	0.9761904761904762	0.9168589576524817	False
3	2030-10-01	FGA	north	0.1749212651705375	0.03060650583499243	8.682395847616156	0.02014665862286894	0.9923496136729192	-279.15760664387113	4	43.0	42.95939347388933	0.09732527904616946	0.06497853795184383	0.136986301369863	0.08508830757412031	False
4	2030-10-01	FGA	north	0.21909976857451077	0.05472436321666952	5.088204027861565	0.0430603347221893	0.9020284348887964	-59.45140871407804	27	1868.0	1867.9327143680766	0.8709926307148543	0.8729428227839909	0.9761904761904762	0.9200364937975164	False
4	2031-04-01	FGA	north	0.10770666350953477	0.011692704842338471	2.628580433221904	0.04097522074967154	-0.8010497354707262	-261.91727742990014	10	431.0	431.04116841864595	0.7998780009113874	0.8002589055307233	0.9302325581395349	0.8884507534947815	False
5	2031-04-01	FGA	north	0.11596151706237463	0.019422465958392043	2.749883451479342	0.04216961158844436	0.8519498017657486	-38.05012764069808	21	2628.0	2628.0131586632497	0.9257173677828332	0.9191779705422783	1.0	0.9788047942036291	False
5	2031-10-01	FGA	north	0.039473295513032775	0.0021036808431214044	0.6987099251876655	0.05649453956508589	0.08518544226224202	-0.5547439233272109	27	2915.0	2915.0109639565117	0.9258934500500141	0.9137923090903585	1.0	0.9729319857909032	False
5	2032-04-01	FGA	north	0.15115273663216994	0.02284992257094758	2.474718554308097	0.06107875837801302	0.9467343766904877	-1444.229394601593	4	104.0	103.78197156464026	0.7585202991452992	0.752339965761186	0.8888888888888888	0.8409678905135537	False
6	2032-04-01	FGA	north	0.03150021671210123	0.0019055123138120302	1.0304447397530987	0.03056953516949282	0.7058442763889988	-13.935107278405965	14	573.0	572.9321496834799	0.7973675212323047	0.7870864519144043	1.0	0.9325822336819704	False
7	2032-04-01	FGA	north	0.03676834193747535	0.0014668004305756024	0.8733963300326912	0.04209811820035826	-0.8157793830834564	-18.819598123387976	7	169.0	168.8746397093003	0.31199142686042947	0.2916521315360527	0.43478260869565216	0.3898390556380818	False
6	2032-10-01	FGA	north	0.04715131115140245	0.002597808163992533	1.2311195907342978	0.03829953767795961	0.8184714270789143	-4.024421641933055	22	816.0	815.840015390022	0.6746404655671226	0.6552905496360212	1.0	0.9506716916308922	False
7	2032-10-01	FGA	north	0.22140429161832728	0.049512327483807746	5.0455547723904255	0.043881059983703806	0.2625345140472864	-94.445038165603	19	490.0	489.84536310648895	0.512185829577966	0.5031550587806851	0.9166666666666666	0.8015707075405202	False
6	2033-04-01	FGA	north	0.24108694091878932	0.05814132044147867	6.108460297897862	0.039467710218523626	0.8516487825756083	-2560.63365601968	5	98.0	98.0928668340599	0.4072344784214098	0.37753995435716503	0.5106382978723404	0.4464984593660855	False
7	2033-04-01	FGA	north	0.1657968618014481	0.03325738769991809	3.6043276863454006	0.04599938635700391	0.021274843512499697	-43.26797353352073	26	1240.0	1239.9618142446823	0.4669754104697243	0.46597778684881985	0.9166666666666666	0.8096617047793542	False
8	2033-04-01	FGA	north	0.2609973228978153	0.06894014778829091	4.878798563179359	0.053496228532077694	0.06734144625854954	-83.40649090440314	17	1661.0	1660.9683554557605	0.4542543833550806	0.44861470777223417	0.5344352617079889	0.4914111012188877	False
9	2033-04-01	FGA	north	0.1111797205373427	0.01285624623893189	1.5807306320556151	0.07033438732870145	0.8617329657846129	-14.420181388165396	14	801.0	800.9601946947091	0.2212562969948685	0.21199686547241323	0.41	0.37831105209758387	False
7	2033-10-01	FGA	north	0.18234802626390745	0.03378304761111216	3.074946889600194	0.05930119537369194	0.989686542434027	-25.8941574526701	21	1111.0	1110.999905053077	0.31742003870867297	0.30390112942207426	0.6086956521739131	0.5296834437322167	False
8	2033-10-01	FGA	north	0.1924479007030859	0.03762244632120716	3.313118648788943	0.05808663108803306	0.9823608326114253	-23.940243376414788	23	1884.0	1884.0274838884668	0.4624378195591579	0.46955220638892553	0.5344352617079889	0.49301796488628885	False
9	2033-10-01	FGA	north	0.24440994008219263	0.060465464538330634	3.238397651772716	0.07547249175789185	0.9838881347656516	-35.16695805245065	19	948.0	947.8813694557733	0.2527166880869598	0.2522395149839625	0.41228070175438597	0.41319334808125635	False
7	2034-04-01	FGA	north	0.31094544061410967	0.0966870670387028	5.031077411036663	0.06180494061410968			1	10.0	10.38177696938697	0.2	0.157176321481203	0.2	0.157176321481203	False
8	2034-04-01	FGA	north	0.08825213009138112	0.007798791272329201	1.709136744930431	0.05163549982361028	-0.6420724648343024	-967.0276359412023	3	56.0	56.060117081406275	0.4842834138486312	0.4763432078087572	0.5217391304347826	0.4801607088306577	False
9	2034-04-01	FGA	north	0.3178681204304749	0.10104670276963645	7.019509496448204	0.04528352309962865	-1.0	-31925.540294042858	2	33.0	32.47948775129824	0.34555555555555556	0.3722610402898373	0.38	0.3772354157460538	False
10	2035-10-01	FGA	north	0.13458857649823128	0.018165258984482898	4.181308677866186	0.032188146551025455	0.9841436359040338	-50.49684369886725	19	335.0	335.09118105475324	0.9962406015037595	0.9913633682013759	1.0	1.0	False
11	2035-10-01	FGA	north	0.18127950256392886	0.03286225804982549	3.021032131710563	0.06000581743607114			1	15.0	14.862109123031848	0.7894736842105263	0.8132146013076161	0.7894736842105263	0.8132146013076161	False
10	2036-04-01	FGA	north	0.22589404813974032	0.051300826966855666	9.444013042355373	0.023919285914433836	-0.9897062514963575	-930.9539511983801	8	138.0	137.9228191831144	0.9910714285714286	0.9893497835323948	1.0	1.0	False
11	2036-04-01	FGA	north	0.1494750413637924	0.026452846783609367	1.9240998057559988	0.07768570056326267	-0.9787468912305877	-8.403528748701897	26	6296.0	6295.944822629495	0.9709762521404861	0.9308317728908032	1.0	0.9995890864715572	False
11	2036-10-01	FGA	north	0.008958517835384254	0.0001185653534373289	0.12912588974162392	0.06937816926806788	0.9782853624960385	0.9530044941641403	23	6227.0	6227.083988651901	0.9861358429862388	0.9837516114905582	1.0	0.9954166589549605	True
13	2039-10-01	FGA	north	0.0019553900400610755	5.4150680193457455e-06	0.06752562462224235	0.028957748277044257	0.991629655256645	0.9780993033004796	16	292.0	291.6866913655635	0.9300471458070227	0.9371200584367487	1.0	0.9586552367633115	True
13	2040-04-01	FGA	north	0.16358059223057106	0.026908726322486	5.679929266401967	0.028799758686817865	0.7037663336116912	-90.34034124565851	6	69.0	68.48990590688396	0.8255735492577597	0.7972539844924874	1.0	0.991401071107882	False
13	2041-04-01	FGA	north	0.024051112950852525	0.000578456034174666	1.0	0.024051112950852525			1	12.0	11.757305469437611	0.2608695652173913	0.16487658996198673	0.2608695652173913	0.16487658996198673	False
14	2041-04-01	FGA	north	0.12435597501526933	0.015646046554452644	3.2965994757798023	0.0377225003913626	-0.7869143515034762	-215.74311551862033	10	298.0	297.91825634385697	0.8074878112694256	0.7917660197968772	0.9375	0.8110422229788284	False
13	2041-10-01	FGA	north	0.006429844071817179	4.482629046739967e-05	0.25364214630946924	0.025350061751851425	0.9997610187664144	0.8528268429769899	3	34.0	33.7150926397708	0.20523609163160353	0.1619832076268728	0.2608695652173913	0.2009102109494855	True
14	2041-10-01	FGA	north	0.0026173805847208146	1.8279031342378636e-05	0.0688595190579413	0.038010439522797715	0.9919256469976062	0.9703994865251088	22	633.0	632.9662442939167	0.7504636948863568	0.7404373336868484	0.9375	0.8535728727955251	True
15	2041-10-01	FGA	north	0.012428054453463525	0.00015445653749825454	0.7702777909210057	0.016134509653463525			1	10.0	10.042788732699574	0.20833333333333334	0.12062246052079077	0.20833333333333334	0.12062246052079077	True
14	2042-04-01	FGA	north	0.2161537900555682	0.04687368621627452	5.502719930415712	0.039281263227808595	-0.8826278387310761	-437.6230208565303	10	243.0	242.95855567705993	0.6951452207063662	0.6778689383780658	0.8571428571428571	0.7046509309318616	False
15	2042-04-01	FGA	north	0.16890730240629223	0.029099566026579825	3.3139662088097483	0.050968323683347805	0.68684736708646	-26.181753912973527	21	1311.0	1310.8270847135732	0.29950905133596983	0.29042839195824355	0.48484848484848486	0.3903262520151803	False
16	2042-04-01	FGA	north	0.1217405847006455	0.01908560957402911	2.226680834218125	0.05467356741470018	0.9545224476467182	-12.579132332807175	23	3347.0	3347.0000007843414	0.6719027213641485	0.6651358353283862	0.7966101694915254	0.7437910831194555	False
15	2042-10-01	FGA	north	0.0033966335367492176	2.1128378257780226e-05	0.07015450859610053	0.04841646823163716	0.9954341185133692	0.9779455585331792	20	1301.0	1300.6359108099819	0.3040678372361016	0.29462668829543204	0.48484848484848486	0.4314558279175638	True
16	2042-10-01	FGA	north	0.0028975899459980892	1.6266234760388914e-05	0.05047084378604922	0.05741116511309485	0.9958708407930569	0.990621388937614	26	3401.0	3401.042279269206	0.679418219326405	0.6712624510333776	0.8611111111111112	0.7314783705573504	True
17	2044-04-01	FGA	north	0.008572977804159668	0.0001513103940581028	0.2894493120564039	0.02961823520412819	0.9932807914896504	0.5613773349082636	5	70.0	69.1093753172788	0.0925759790597	0.09898077671091386	0.12121212121212122	0.125668363788495	True
18	2044-04-01	FGA	north	0.0017152140410709265	4.819942292822663e-06	0.04833955382293617	0.03548262045102061	0.9892253517812934	0.9765769302396445	20	2000.0	2000.095565877672	0.9248884086717799	0.9045105828047214	1.0	0.9900746207663466	True
17	2044-10-01	FGA	north	0.1804514007212371	0.03262829231331576	5.453533677170707	0.033088894541283054	0.9326989875849728	-320.86237505504914	5	70.0	69.54840725402705	0.0925759790597	0.08167050787377511	0.12121212121212122	0.0867720384350509	False
18	2044-10-01	FGA	north	0.2123448766869825	0.0456905285485842	4.478515582732378	0.047414120318283945	0.6939859668934921	-47.853853031200295	30	2584.0	2584.1949278472953	0.9074196297593834	0.8866099259480753	1.0	0.9439233829983285	False
18	2045-04-01	FGA	north	0.06988664417113269	0.004919330641097645	1.3333678273272056	0.05241362716184891	-0.646451723704635	-181.1113756827511	7	240.0	240.07956162193136	0.8485243560475758	0.7734179026562514	0.9	0.9338966267419841	False
19	2045-04-01	FGA	north	0.11922074305587685	0.01668465261801517	2.287477368939493	0.05211887325082008	0.9589312951908764	-12.759421232123705	20	3870.0	3869.972720817679	0.9991073886238901	0.9883206069943681	1.0	0.9998781831817993	False
19	2045-10-01	FGA	north	0.06474087603952533	0.006094557428502612	1.0691981074341927	0.060550870404070575	-0.09398067294554192	-2.3627977937002442	25	4058.0	4057.920651886521	0.998204829818031	0.994030720080883	1.0	1.0	False
20	2048-04-01	FGA	north	0.05694506856350304	0.00458756203532091	0.8406045464420777	0.06774299378289987	-0.9357543020263225	-3.391741571279982	8	131.0	130.07986369293738	0.3176544786475133	0.30269075510041915	0.631578947368421	0.45061841213360176	False
21	2048-04-01	FGA	north	0.13342051182591116	0.017954177391825775	3.1326579990079604	0.04259019397207174	-0.9911587162911796	-251.5426969526247	8	313.0	312.867208701295	0.604547086651891	0.5755238186386593	0.6470588235294118	0.6824756653157767	False
22	2048-04-01	FGA	north	0.18398678317325454	0.03386387635095856	4.285180052865543	0.04293560151579179	-0.917753106084787	-12259.39781143735	3	46.0	45.95771962746058	0.1600956423117846	0.1747674063190552	0.17647058823529413	0.2115006919330719	False
20	2048-10-01	FGA	north	0.020459139682249394	0.0007063471701156052	0.6118902112053815	0.03343596499435136	0.5453693647820064	-0.9480845590422509	12	199.0	197.87530962470822	0.28133651915318025	0.24845663176083277	0.631578947368421	0.41017600008558486	True
21	2048-10-01	FGA	north	0.03474180357575883	0.001636011176649613	0.8357903148557857	0.04156760727928927	0.639839279065716	-1.5475642837800287	21	773.0	772.9766927116775	0.6368831138412885	0.6119159919598873	0.7857142857142857	0.6689571426406692	True
22	2048-10-01	FGA	north	0.04311195265917724	0.0020969156160408724	1.715156736712782	0.025135867606947877	0.5633823387683635	-6.8336202731053595	12	172.0	171.98401294177373	0.20519162895205392	0.21423503577621758	0.34210526315789475	0.25657020079015413	True
20	2049-04-01	FGA	north	0.26890880553667884	0.07234375388708045	7.9238463415913944	0.03393665070525235	-1.0	-2412.304611743863	2	35.0	35.04091276985737	0.2462370150519398	0.13495540093301853	0.24719101123595505	0.1483521520711271	False
21	2049-04-01	FGA	north	0.05926776642908984	0.005884548400518779	1.532530338156189	0.03867314398512711	0.8908695420764452	-11.435950087020817	24	663.0	662.8985874939228	0.5468225279865361	0.5452146258605631	0.7857142857142857	0.6624072992134347	False
22	2049-04-01	FGA	north	0.14645822233092468	0.03544859489937832	4.993504252924533	0.02932974819139262	-0.3448439260982163	-99.59371432971588	19	473.0	473.15029585994625	0.41609705228420585	0.40581119811209093	0.676056338028169	0.5396080366843625	False
21	2049-10-01	FGA	north	0.19849445779940678	0.03940173049815662	7.0121211551426565	0.02830733431549908	0.9978121781611131	-121.42132545743713	21	523.0	523.1023337840727	0.45979018337041094	0.46005206778214586	0.6129032258064516	0.5014102680273065	False
22	2049-10-01	FGA	north	0.01447096989246443	0.0002489005206190263	0.44935453782695733	0.03220390287465413	0.9933092516090278	0.4657234782264785	20	553.0	553.017869091504	0.4712355961921393	0.47478602878541415	0.676056338028169	0.5202804051390248	False
21	2050-04-01	FGA	north	0.15103221111873216	0.02477975037487515	2.9174451051097523	0.05176865568240073	-0.5389188933862118	-44.23588435312391	15	242.0	242.20523223378018	0.26877461570081024	0.2674137276816712	0.56	0.5071431235256426	False
22	2050-04-01	FGA	north	0.22948849038976005	0.05268996838181216	6.655076576119163	0.03448322311019655	-0.440543766250556	-2280.2676344576034	6	90.0	90.01121812494412	0.3494550861280185	0.3676172277496675	0.40816326530612246	0.3951588289985363	False
23	2050-04-01	FGA	north	0.13897968154090726	0.01964914392183675	2.3626660219259907	0.05882324469525076	0.8943467872354172	-21.488416818968247	6	80.0	79.64915053794749	0.07963985191012661	0.07620437718824274	0.1518987341772152	0.13100556930203014	False
24	2050-04-01	FGA	north	0.01893303270109636	0.0008369353833365694	0.3244603758286587	0.058352372466875684	-0.8786255034166219	-1.398732977291345	11	1231.0	1230.8207566545057	0.7550023417047096	0.7375622052169238	0.8787878787878788	0.8878131984917971	False
21	2050-10-01	FGA	north	0.0068330406456596285	5.303817155870413e-05	0.2031926071005328	0.03362839201270188	0.9903028874417339	0.8376266249594719	9	115.0	114.94628582222091	0.11818670879004085	0.12124373686081907	0.2222222222222222	0.1777437178021777	True
23	2050-10-01	FGA	north	0.0019256953862344592	5.455848463529797e-06	0.05678785239920124	0.03391034006176901	0.9949506327866284	0.9839922272128526	7	91.0	90.78604767944228	0.07489323051006634	0.09145992412568435	0.1518987341772152	0.13439054026179098	True
24	2050-10-01	FGA	north	0.001650803631267976	4.7814778075571905e-06	0.02938357787165228	0.056181164815214145	0.9991557331631453	0.9966686441522231	23	2404.0	2403.866095663858	0.8494036660925219	0.8399443275350942	1.0	0.9877815172160352	True
24	2051-04-01	FGA	north	0.16004854425895756	0.04141080728559091	3.3457399463308133	0.047836516533354204	0.9166480154857043	-61.58975529114179	17	868.0	868.0298238183478	0.9532638123418418	0.9570022929130336	1.0	0.9812630457173731	False
24	2051-10-01	FGA	north	0.0013115729053438765	4.285362039479621e-06	0.04267663837112234	0.03073280734856024	0.997788141032523	0.9805046201363907	10	142.0	141.60996716434843	0.9466071428571429	0.9413245471936948	1.0	0.9915630229944157	True
24	2052-04-01	FGA	north	0.301105610651716	0.09066458876594277	8.313418182377932	0.03621923065171601			1	12.0	11.886562208407073	0.75	0.7393221104884518	0.75	0.7393221104884518	False
25	2052-04-01	FGA	north	0.13180123312762423	0.019156254419358535	2.4495218002380987	0.05380692391258281	-0.8936166662657277	-17.37989599433623	19	3073.0	3072.9999992212147	0.9203944697943429	0.918376212826195	1.0	0.9881256673146426	False
26	2052-04-01	FGA	north	0.15984448003974405	0.026666624349608165	2.73506069910369	0.05844275415610589	-0.9862536017081789	-30.977845711879482	10	307.0	307.01300622303773	0.10883087848584402	0.10520779913763514	0.17768595041322313	0.15255419350465077	False
25	2052-10-01	FGA	north	0.24468775825718544	0.061327949550476206	4.390204080643893	0.055734939370130174	0.5387117015309343	-34.91504925483766	24	3364.0	3363.9752760422507	0.8851909181377581	0.8798240566701082	1.0	0.9719611825285053	False
26	2052-10-01	FGA	north	0.14906450279461375	0.023225411989438637	2.28811873944986	0.06514718848483092	0.9851433764645708	-17.21416325457371	13	382.0	381.7529387423663	0.14123125881845985	0.15339313316892855	0.30434782608695654	0.2189189969160448	False
25	2053-04-01	FGA	north	0.04086118468919717	0.0017159653694735222	0.6710780856597993	0.06088886757346985	-0.9462479909663031	-83.74187643232399	3	95.0	95.05882063807886	0.733478954302753	0.7505157727950161	0.868421052631579	0.7773302716809551	False
26	2053-04-01	FGA	north	0.2390752726830832	0.05715698600849059	5.209170804324831	0.045895072683083224			1	21.0	20.803650561973395	0.30434782608695654	0.2226697283190449	0.30434782608695654	0.2226697283190449	False
28	2054-04-01	FGA	north	0.036978581936777825	0.0014112101395612963	0.7985210515723449	0.04630883789972019		-31.223369443930252	7	319.0	318.82691117971393	0.9213279977419805	0.9287816562086425	1.0	0.9526404548917589	False
28	2054-10-01	FGA	north	0.09041322824859416	0.008844248758323773	1.813414377197694	0.049858007847225494	0.3256867047356235	-11.327012715392977	27	1452.0	1451.952991690996	0.9561084692649041	0.9670983325847806	1.0	1.0	False
0	2027-10-01	FGA	south	0.024019879411359944	0.0007011238668708713	0.4661140198489885	0.05153219681987231	0.7081815299437757	0.27767432503123646	7	99.0	98.84539384493976	0.21563435128187353	0.20933946715005503	1.0	0.9482306138901708	True
1	2027-10-01	FGA	south	0.005800931730494725	3.996935164605029e-05	0.085835908138873	0.06758164335035007	0.9640611541444557	0.8917102501673796	13	1416.0	1415.948347660938	0.8609687877777101	0.8527861255080064	0.959349593495935	0.9976643799150824	True
0	2028-04-01	FGA	south	0.012761553277872614	0.00016724643683097606	0.7144478555312509	0.017862119928099367	0.9982878732540965	-0.43705163383912704	6	88.0	87.8528675359463	0.08490674316218584	0.07549423543026124	0.12745098039215685	0.1136193154850494	True
1	2028-04-01	FGA	south	0.0033821388375252434	1.3816188101078744e-05	0.05479226520944125	0.06172657444617689	0.9993614295031115	0.991578028623668	24	2643.0	2642.9688777980214	0.9049889106490449	0.889713392021544	1.0	0.9785620872179025	True
1	2028-10-01	FGA	south	0.10450277699449963	0.01103598261315365	2.129025441157976	0.0490847948428745	-0.9117353331437638	-166.4228563897362	9	807.0	806.8825717444437	0.9594729441759695	0.9351284762796573	1.0	0.9621499647390364	False
3	2028-10-01	FGA	south	0.07692348049335294	0.005917221851211251	7.377077922644511	0.010427364506647052			1	12.0	12.049643565320265	0.8	0.7874179559299261	0.8	0.7874179559299261	False
3	2029-10-01	FGA	south	0.10985903490268946	0.018846184368073282	2.598119032193462	0.042284065333966225	0.39324974326774353	-50.251682632395365	18	1071.0	1070.9324466458186	0.7130424967425839	0.7100265734279245	1.0	0.9374079816288343	False
4	2029-10-01	FGA	south	0.03354319324802876	0.0015252460349663587	0.5924006041756157	0.05662248318383715	-0.7627396991594684	-4.993691667350446	11	664.0	663.9494323668537	0.38729114464554737	0.37877428979836014	0.5026178010471204	0.5432303560466782	False
3	2030-04-01	FGA	south	0.04398413954495714	0.002794620655463141	0.9179905711543627	0.047913498163328176	0.145721176268488	-1.8958657508273644	23	1336.0	1335.963824162114	0.5856352341474284	0.5797455575528976	0.9285714285714286	0.8608262123375776	True
4	2030-04-01	FGA	south	0.035874992023223994	0.002311179312699385	0.5923523273385761	0.06056360440822343	-0.1456997216037767	-0.8976710147025713	23	1222.0	1222.3065580021123	0.5128472532968281	0.5228213325856491	0.8205128205128205	0.7955171732986952	True
3	2030-10-01	FGA	south	0.2950763824271051	0.08710535639928989	6.02821221563061	0.048949236004332874	-0.5262582008704336	-2611.150131528796	5	146.0	145.9813744101695	0.34775309301428703	0.32659249684345043	0.43243243243243246	0.38203796327420153	False
4	2030-10-01	FGA	south	0.05145594693551815	0.00378755192942952	1.188622339838725	0.04329040874538822	0.7783180704308044	-3.751413696553687	23	775.0	774.9142566241468	0.5452845111198513	0.5517997522411829	0.8461538461538461	0.8401172673003315	False
5	2030-10-01	FGA	south	0.18391046727603633	0.034254356066019384	3.419853861306612	0.05377728836803871	-0.9557913612603772	-211.99362409130828	10	862.0	862.0002227285187	0.6540402667936112	0.6301373595026719	0.7708333333333334	0.8558451134057089	False
4	2031-04-01	FGA	south	0.18342994855774825	0.03379967942701254	3.9159070319370164	0.0468422633790195	0.9708726367451171	-45.533049990669504	19	553.0	552.9860186794084	0.3435975990231214	0.33208810726411925	0.7894736842105263	0.5922643946020536	False
5	2031-04-01	FGA	south	0.22075571346988926	0.04885436402831305	4.334429507647729	0.050930742576476264	0.9739009003517758	-43.13431108071544	23	1738.0	1738.0829513153406	0.7841607217849937	0.7710675426973329	1.0	0.9716047902430409	False
4	2031-10-01	FGA	south	0.31353181572653877	0.09832767988161316	6.691505998131781	0.04685519460254157	0.5266020417538367	-3434.966610019117	3	57.0	56.83711422211348	0.16788695489425418	0.13335311537157543	0.17307692307692307	0.15033384516612963	False
5	2031-10-01	FGA	south	0.28637213717595117	0.10186217938336442	3.532538980686769	0.08106694327836601	-0.0718619553823957	-240.0132984082968	13	539.0	538.7296272631904	0.71526545158235	0.7251290645922798	1.0	0.9624735581587317	False
6	2031-10-01	FGA	south	0.022295044864702917	0.0006653252777233928	0.4432739372908982	0.050296313383459336	0.42476182715249117	-2.2462772524994126	12	1168.0	1167.9769403655725	0.8732395915735832	0.8326358454031101	0.9456521739130435	0.9822183956808149	False
5	2032-04-01	FGA	south	0.004193768537680825	1.9530444627568265e-05	0.25272355840431054	0.01659429205634869	0.999436798418851	0.8134965161900073	4	50.0	49.98570260198206	0.09357682460931176	0.10538147623565056	0.11764705882352941	0.14564555704256085	True
6	2032-04-01	FGA	south	0.001697935569994914	3.907712581016709e-06	0.0353876127640282	0.04798107126686091	0.9988925250997038	0.9968872307643554	25	2224.0	2224.1971527981673	0.9043640156593071	0.879478303902941	0.9714285714285714	0.9303997761814954	True
6	2032-10-01	FGA	south	0.2994312942045041	0.08967466185555537	6.1014362278579926	0.049075542711953295	0.9805147999090068	-1149.2217097788916	10	510.0	510.122718518695	0.9260136636752074	0.9238817960074943	0.9714285714285714	0.9362717750793672	False
7	2032-10-01	FGA	south	0.015862461802544404	0.0003134849997604094	0.4100468933672802	0.03868450672137236	0.7528476205856903	-2.059618624134479	11	302.0	301.9574468105664	0.5502934294644924	0.5573685499850293	0.6666666666666666	0.6287461626261963	False
8	2032-10-01	FGA	south	0.113637097407618	0.013006620256192479	2.3246018338311494	0.04888454261448035	-0.373311898037096	-276.3156585097202	7	216.0	215.93460740134557	0.4280401836067586	0.42670711391696997	0.5222222222222223	0.5603270608390546	False
7	2033-04-01	FGA	south	0.0027550070354374055	1.2564474934872043e-05	0.07343960994912703	0.037513911598194075	0.9909327047557103	0.9787189615895652	21	604.0	603.8925584640657	0.4671219496439824	0.4663418166735904	0.6666666666666666	0.6103352171475034	True
8	2033-04-01	FGA	south	0.0048647044580854785	2.9033083947130495e-05	0.10349161660467181	0.0470057828613132	0.9906591704939974	0.9535566061121035	22	746.0	745.9189776444526	0.5954597267725488	0.5925577750054367	1.0	0.8866297454860782	True
7	2033-10-01	FGA	south	0.23557208300629906	0.05555406866159675	6.551535573214578	0.03595677385457791	-0.41688519042235095	-1030.0304952818258	7	154.0	154.0008203285255	0.3428972201332806	0.3220784711079226	0.4939759036144578	0.3980264465862364	False
8	2033-10-01	FGA	south	0.19229896344431324	0.040866215395674095	6.352819694118262	0.030269860109889888	-0.2464822323300223	-97.25069746691875	29	1238.0	1238.0127930263382	0.5318027855804452	0.5266685970050125	1.0	0.8316291658281753	False
9	2033-10-01	FGA	south	0.13698845456797518	0.02210851023240551	3.0761557297296376	0.04453235356196191	0.931496597163826	-47.56839649903817	17	1504.0	1503.9823140783426	0.5784234072646308	0.5616644212911415	0.7068965517241379	0.6830440362120804	False
8	2034-04-01	FGA	south	0.038876017785217896	0.0016967223128759954	0.9421568907427785	0.04126278560099347	0.9878166069441578	-1.4164936181372485	23	1046.0	1045.9197428133912	0.399432244825609	0.3884578108677655	0.5135135135135135	0.5057667290824952	False
9	2034-04-01	FGA	south	0.25544687947872097	0.06557294164022187	4.8274207814603045	0.0529158097134942	0.9792348823826298	-55.48988705800799	25	1758.0	1757.93615608796	0.5783651288652809	0.5845001736161552	0.7068965517241379	0.6512577536203534	False
8	2034-10-01	FGA	south	0.30252838391730585	0.09152396636870623	6.225311434230149	0.048596505911951686	0.6839932044484026	-365579.31920596556	3	60.0	59.79408494679579	0.4506957047791893	0.36320261799555315	0.47368421052631576	0.37688091508279714	False
9	2034-10-01	FGA	south	0.08449833851326255	0.00717877477730412	1.654012937550509	0.05108686673176775	-0.5941885959392297	-213.0443566770559	5	100.0	99.6489012785933	0.5708457350272232	0.6284087416630944	0.68	0.6378886092786468	False
10	2035-10-01	FGA	south	0.018703594945862965	0.0019157372752578489	0.11175506909293922	0.16736238541724166	0.8949576242619917	0.3909245088562644	13	468.0	467.87922668589135	0.4308170034952739	0.4570709550324341	0.9285714285714286	0.787685597732258	True
11	2035-10-01	FGA	south	0.004596734530678041	3.1523841987751815e-05	0.06395045768193137	0.07187961896286486	0.970306247570697	0.9070865144084953	12	1888.0	1887.9778926350705	0.678627012802056	0.6327249048093254	0.8989071038251366	1.0	True
10	2036-04-01	FGA	south	0.00783902480648662	8.844256868676011e-05	0.1044981099415158	0.07501594823938795	0.9833586152856024	0.9350786594106338	18	592.0	592.2006840715105	0.3314971382499801	0.3736110294479268	0.9285714285714286	0.7091821503753941	True
11	2036-04-01	FGA	south	0.004098360115688217	2.1679420679029687e-05	0.0624907729779797	0.06558344408913593	0.996636355589414	0.9898964223170981	24	3556.0	3555.984479681372	0.819700249078342	0.7733963027624116	1.0	1.0	True
10	2036-10-01	FGA	south	0.33110269162481964	0.10965995273670297	6.2220514745041955	0.053214392870512786	-1.0	-5183.476933776325	2	28.0	28.004708825830033	0.052726833976833976	0.05761992127499688	0.060810810810810814	0.06187626314140011	False
11	2036-10-01	FGA	south	0.2402720424832699	0.05792678042110844	4.374195760504525	0.05492942146136518	-0.7402585893897601	-605.689022805955	10	1002.0	1001.9247511410372	0.968906270318809	0.9683322152975048	1.0	0.9910337038845102	False
12	2038-10-01	FGA	south	0.08227781342005024	0.010559542395921372	2.040191513320375	0.040328475480296735	0.8466445673219268	-18.77919479720297	11	411.0	410.9641103942739	0.39740426246055044	0.39469242437874114	0.55	0.5917549457574793	False
13	2038-10-01	FGA	south	0.04251003569939249	0.0021283582791618034	0.7246422579479338	0.05866347874849837	-0.9210513963880695	-10.701867287603703	11	786.0	786.1235296953903	0.6025957375394495	0.6053075756212588	0.7711442786069652	0.8383835239957024	False
12	2039-04-01	FGA	south	0.0226004572334145	0.0009265839125117572	0.5330760223737303	0.042396311754516906	0.970087298345973	-0.3104425581847512	17	607.0	606.9827205051793	0.33564460826554315	0.3074022968730679	0.55	0.525554554085129	False
13	2039-04-01	FGA	south	0.10350627280223744	0.011425968146244702	1.7428542098801794	0.05938894499348483	0.9538182248658846	-7.342343670140917	25	1671.0	1671.1428599387627	0.7447412871659567	0.756593079203964	1.0	0.9207131899135047	False
12	2039-10-01	FGA	south	0.11685184767218844	0.013858605765746284	2.2084331338111785	0.05291165301008353	-0.9978347508336041	-125.36732053525567	3	65.0	64.8506837176503	0.19797101449275364	0.20609169814985925	0.25	0.23220647255540738	False
13	2039-10-01	FGA	south	0.25927383770708995	0.0676729450282564	5.432446939991972	0.04772689739468916	-0.9921786342689103	-650.4709451215404	11	480.0	479.7315325742477	0.8850350153175078	0.8916846530329651	1.0	0.965195987176541	False
14	2041-10-01	FGA	south	0.0939327684464231	0.013091353228045208	0.8933388145047384	0.10514797624515941	0.5593250954889538	-8.696617152601252	16	469.0	468.9602683981624	0.26401571389712786	0.2657498153937814	0.6111111111111112	0.5869648826518871	False
15	2041-10-01	FGA	south	0.16268639610306607	0.027243287844701418	2.4965134380551843	0.06516543977820557	-0.7126592579281965	-46.47226117237769	13	1064.0	1063.9228864306385	0.4093026553408175	0.4074549597904056	0.4791666666666667	0.44411934565028915	False
16	2041-10-01	FGA	south	0.20074430113772204	0.04109417357871077	3.106464953540145	0.0646214601291261	-0.8494181039506083	-71.76734982167875	12	1108.0	1108.058088175105	0.39638128067231954	0.3823718377946004	0.512396694214876	0.5319610971165165	False
14	2042-04-01	FGA	south	0.05816125336511137	0.003553637026387713	1.1354078083091628	0.05122498976973259	0.9850237367069149	-3.1199970500461367	18	501.0	500.9813581507275	0.24409898948321804	0.2529141634545427	0.6111111111111112	0.5093854034597635	False
15	2042-04-01	FGA	south	0.08048401329061841	0.006867105183092574	1.3561961223557473	0.05934540879737631	0.9781545683568066	-3.584447031247014	21	1343.0	1342.9920810107774	0.3824655659947793	0.3808103269525792	0.4791666666666667	0.41148096407372503	False
16	2042-04-01	FGA	south	0.09668576162831123	0.009813519697146703	1.650542277545601	0.058578179392099826	0.9598705815998839	-5.276696865609853	21	1610.0	1609.8745585778024	0.4843466351169027	0.4646185711228001	0.7027027027027027	0.6317129179053039	False
15	2042-10-01	FGA	south	0.008531861549833921	8.852270991201019e-05	0.16218204668251457	0.05260669552737721	0.9915525354595598	-1.480732841130839	6	154.0	154.0260226114328	0.33753392394692344	0.3458513955378437	0.36231884057971014	0.3506784086162319	True
16	2042-10-01	FGA	south	0.0041006543401163565	3.0491984965883933e-05	0.08307704174923347	0.049359657659622816	0.9949769832992232	0.37525259323270055	7	285.0	284.97921442333995	0.6106494396722083	0.6030062252106229	0.7027027027027027	0.6296196105821518	True
17	2043-10-01	FGA	south	0.026831844085086376	0.00111886253768457	0.23677184575921512	0.11332362595328581	0.9802902641073568	0.6791399275283387	11	344.0	344.0750512303565	0.11078481243239126	0.11385486974543171	0.1910828025477707	0.14943320728523646	True
18	2043-10-01	FGA	south	0.002698219202949627	1.2231668629341908e-05	0.0420949989300912	0.06409833166715753	0.9930001720301053	0.9851976033696187	17	3060.0	3059.9712371659302	0.8916163064535875	0.8880661115590558	1.0	0.9461559009472357	True
17	2044-04-01	FGA	south	0.0013059027276216353	2.404922527086508e-06	0.025790817421314966	0.050634406280677426	0.9994427988821072	0.9978255899941401	13	375.0	375.0725187249279	0.10954189174080725	0.11029195051712673	0.1910828025477707	0.1223578943053564	True
18	2044-04-01	FGA	south	0.0019765046735070015	4.915071082783962e-06	0.0330915536915945	0.059728373346490775	0.9995212892382318	0.997605095763902	25	3566.0	3566.0628368643756	0.897903622371355	0.8812004696996156	1.0	0.9271138727852118	True
18	2044-10-01	FGA	south	0.24216256405197756	0.058695158673973756	4.114136679867572	0.05886108870349257	-0.9857593580456712	-12224.297570771312	5	153.0	153.24924818551946	0.9170825291793033	0.8904571844909913	1.0	0.9027304212691555	False
19	2044-10-01	FGA	south	0.15207659361732312	0.02315504585215963	3.8081416020369225	0.03993459527239729	-0.21426705739272014	-1852.2693977103474	6	175.0	174.82490005519998	0.9798424861643252	0.9602767254105364	1.0	1.0	False
19	2045-04-01	FGA	south	0.005087950218926294	3.692040027913606e-05	0.1296736645718519	0.03923657309851895	0.9639383157578091	0.909590918645151	30	981.0	981.1793587494637	0.9954129416773095	0.9927475116756823	1.0	1.0	True
19	2045-10-01	FGA	south	0.010570927370965686	0.00017700923200058885	0.27539471008479205	0.038384642056889816	0.7895290874660178	0.5326171628968754	46	2834.0	2834.2924289304287	0.9215665020309692	0.9190448261268237	1.0	1.0	True
20	2045-10-01	FGA	south	0.01768926831846074	0.0004477561951993996	0.3768590500298048	0.046938685211518054	0.9972305924281698	0.0738051049069306	13	532.0	531.9989108935519	0.24616079907465405	0.24196709683017525	0.4125874125874126	0.4016601029504802	True
19	2046-04-01	FGA	south	0.04913510682533979	0.004237400482492578	0.9825292237748234	0.050008799368394766	-0.20548889321856106	-4.5060943323831335	27	2264.0	2263.6121104825324	0.7885347565148931	0.7952223593027667	1.0	0.9937892745427017	True
20	2046-04-01	FGA	south	0.03672106472792016	0.0026951157990580355	0.7704033082056457	0.047664728768425944	-0.7368564766313588	-2.5585123468241333	17	632.0	632.0500622424361	0.3128457483623314	0.2940685704793715	0.6041666666666666	0.47842727121295964	True
19	2046-10-01	FGA	south	0.0008855294838690138	8.072067095059476e-07	0.018873142324747336	0.046920087213450756	1.0	0.5784915462258982	2	29.0	28.99696142165325	0.48684210526315785	0.5183395140695248	0.5	0.5245194818134424	True
20	2046-10-01	FGA	south	0.00655130438128932	4.351340085653325e-05	0.1644098761345176	0.03984738955662946	1.0	-60.4351707094763	2	31.0	31.089726072960502	0.513157894736842	0.48166048593047517	0.5263157894736842	0.48784045367439277	True
20	2048-10-01	FGA	south	0.1877123406706478	0.035341269909686446	4.513051650357688	0.04159321789631422	0.9902928515760804	-120.07491149362087	4	52.0	51.35928621289301	0.0476262162223997	0.024333193004222015	0.05970149253731343	0.04405951226684087	False
21	2048-10-01	FGA	south	0.01610874323550123	0.0005011587795469647	0.3298195606349599	0.048841079056951946	0.8319086264415811	0.48537474298604266	20	2183.0	2183.034007463895	0.6757668983544229	0.6740986840355276	0.7976190476190477	0.6976783387484841	False
22	2048-10-01	FGA	south	0.19576713388111577	0.03954272594959032	3.6396638759583033	0.0537871464379582	-0.7510056799419216	-40.52893002150783	14	946.0	946.017915277898	0.2907583500959358	0.2956976938186849	0.38783269961977185	0.3549703595862876	False
20	2049-04-01	FGA	south	0.21185202203622658	0.04495535351516296	11.403104074961787	0.018578452028811858	0.9972510061547906	-339.6024946605624	4	52.0	51.71151541338938	0.0476262162223997	0.03652610813186708	0.05970149253731343	0.04856922769385382	False
21	2049-04-01	FGA	south	0.0428400958403598	0.0026050799747282445	0.703472076123378	0.06089807583612788	0.9414057200701202	-0.653282392190881	25	2363.0	2363.2281777492635	0.6651828402174617	0.6665396273930648	0.7976190476190477	0.7049291907375115	False
22	2049-04-01	FGA	south	0.257083513821918	0.06669014566382665	4.60457872916233	0.055832146422803576	0.9624885314169154	-47.359197755352234	19	1043.0	1042.678099158216	0.3058497772503644	0.3031764619500393	0.5416666666666666	0.41851498891701305	False
21	2049-10-01	FGA	south	0.340352321582422	0.11584334533986008	5.71833482830604	0.05951948107299719	0.8979346920866239	-18780.896495431374	3	56.0	56.015322229181585	0.5853174603174603	0.6087130813650176	0.6785714285714286	0.6290595563964696	False
22	2049-10-01	FGA	south	0.06931730526215384	0.004845824685780247	1.4474594695790424	0.047888943848847836	-1.0	-243.57062217659146	2	28.0	27.420764048482773	0.44940476190476186	0.38044137766722913	0.5416666666666666	0.39997317156658174	False
24	2050-10-01	FGA	south	0.1924647271339958	0.03760874060796248	4.571965024929997	0.042096719044114446	0.5112856709226271	-49.965313443631	23	3564.0	3564.0055147787693	0.9860209028201856	0.972050002164401	1.0	0.9966424025048333	False
24	2051-04-01	FGA	south	0.22186894173464133	0.04981655453730222	3.774341987167704	0.05878347603078054	0.9104520552801296	-34.84455553938043	29	3791.0	3790.7477997963465	0.9913717935391759	0.9912472601873549	1.0	0.998439102478163	False
25	2052-10-01	FGA	south	0.12492071228416654	0.020265280189330277	2.7329866007705923	0.045708497893456164	0.994905665341163	-26.76047824146985	16	735.0	734.9943092640065	0.31333242231611497	0.3074040113783964	0.5555555555555556	0.5010664706523636	True
26	2052-10-01	FGA	south	0.12676874401824395	0.020820349758541433	2.5800042537531707	0.04913509108902885	0.9946805142907837	-29.34066636082061	16	2145.0	2145.0099071380628	0.6838109238370939	0.6896928324385834	0.8229665071770335	0.8503051298427456	True
25	2053-04-01	FGA	south	0.22590081546493074	0.051863728628782656	3.631146105008309	0.062211987326357895	0.855799889559398	-44.8790798078077	19	773.0	772.8051509367339	0.28386632369392995	0.2748097515626677	0.5555555555555556	0.49464460684460954	False
26	2053-04-01	FGA	south	0.19679208256994363	0.03991159592018384	3.312186968757716	0.059414545261541614	0.871356490411648	-25.763931234510963	24	2540.0	2539.98189221528	0.7553324951501219	0.7597439442533457	1.0	0.941159775502585	False
25	2053-10-01	FGA	south	0.04305646131284586	0.001853858860784592	0.7018139196981867	0.06135025268715414			1	11.0	11.081430539109444	0.1375	0.10157645566708005	0.1375	0.10157645566708005	False
26	2053-10-01	FGA	south	0.25836883284187595	0.06697606166932978	4.2855082418161015	0.06028895950329221	-0.9480117136398412	-1506.0522925037637	6	194.0	193.91575582347033	0.906559205533389	0.9082504281173712	1.0	0.9239488297280448	False
28	2054-10-01	FGA	south	0.0044355031374674935	3.6879435701919765e-05	0.07817101524569944	0.05674101997429938	0.9993317407882687	0.9696841151096156	18	3300.0	3300.0313217558773	0.9510166676391447	0.9346124096987963	1.0	1.0	True
29	2054-10-01	FGA	south	0.00651531878422982	5.523084749534855e-05	0.10309415173308466	0.0631977534583947	0.9994879775400811	0.9243857942426963	9	208.0	208.0126569056379	0.08046607275718103	0.07980921013752117	0.17647058823529413	0.13104892327785989	True
0	2026-04-01	FGA	tropics	0.03362291011034785	0.001778482097892237	1.7259370452217213	0.019480959750781932	-0.8651341509895822	-15.953509932150123	33	2004.0	2003.909509066407	0.9963514746123442	0.9971091234821403	1.0	1.0	False
1	2028-04-01	FGA	tropics	0.006539192322882642	6.933836122867083e-05	0.25604001459402626	0.025539727972797927	0.9538106058957209	-0.34802608811353264	22	1264.0	1263.9870931272676	0.8766078592564761	0.8678192546320983	0.9302325581395349	0.9053140740693209	True
2	2028-04-01	FGA	tropics	0.013157459544591863	0.00030454926903117477	0.5590656023503439	0.02353473275636553	0.9719178172370839	-0.43865773203570013	7	98.0	97.11432533374662	0.14413135452577977	0.12355968839276656	0.1891891891891892	0.13542453444366337	True
1	2028-10-01	FGA	tropics	0.20118089438719966	0.04069238096417921	5.117019783452128	0.03931602825492218	0.9199164583163055	-139.45403510342769	43	2249.0	2248.8841248792596	0.8633637267354468	0.8527372208529614	0.96	0.8988009536080961	False
2	2028-10-01	FGA	tropics	0.09714469340962492	0.00944805944373461	7.818265968150216	0.012425350302147515	0.9961214658613201	-729.5646220992269	7	98.0	97.12967015918717	0.14413135452577977	0.10073717846588426	0.1891891891891892	0.10413175088301563	False
1	2029-04-01	FGA	tropics	0.25453520616064945	0.06495396858972521	6.333596121164312	0.04018810187629361	-0.2343735946530035	-859.6630934943213	20	805.0	804.9552772284635	0.8308639525117624	0.8188887788596908	0.96	0.9043483262865487	False
3	2029-04-01	FGA	tropics	0.07960500268891711	0.013416593918397448	4.886389488375979	0.016291170173455476	0.05769443634410765	-803.0049944667061	13	226.0	225.63318161023147	0.9356787882805981	0.92972915547748	1.0	0.9612863237027377	False
3	2029-10-01	FGA	tropics	0.0694404913808224	0.00717475213075978	4.04392052607037	0.01717157667495022	-0.6642467710236382	-328.82538254969006	39	921.0	920.3289907117278	0.7759263609794613	0.7683524657852111	1.0	0.9345548250270462	False
4	2029-10-01	FGA	tropics	0.05725173761486666	0.0032990940827741207	2.9282902925345824	0.019551250694244664	-0.17739403986695945	-1365.9427948883276	14	338.0	337.99629538438876	0.44461117727060806	0.4280328499107601	0.625	0.6322244977886905	False
3	2030-04-01	FGA	tropics	0.11511015338003293	0.013382423417914499	8.685233582316526	0.013253547217705426	0.01030546756844608	-428.69076803066815	39	928.0	927.794942034001	0.5411679683541062	0.5353530970646317	0.9705882352941176	0.9354637502847012	False
4	2030-04-01	FGA	tropics	0.1983471730108572	0.03951132297580664	9.617209373208278	0.020624192040927674	0.06875861038214905	-436.6801832040051	40	1405.0	1404.8092346493302	0.6631971814944473	0.6588089700242745	0.9473684210526315	0.8509859774365185	False
3	2030-10-01	FGA	tropics	0.24843679729030702	0.06176320755876453	20.012513285334915	0.012414072822745379	-0.8278122711377499	-7387.449731826128	12	202.0	201.62092189391785	0.267315414026146	0.25596124576036156	0.3333333333333333	0.31679685700862936	False
4	2030-10-01	FGA	tropics	0.07485368121147327	0.007649944867556618	8.61906180257361	0.008684666954020719	0.18167287747690475	-541.016902905063	46	1342.0	1342.0882124066648	0.798037016478058	0.7916310460346715	1.0	0.8808002659808462	False
5	2030-10-01	FGA	tropics	0.068567611628342	0.004701517364415142	3.0734138281495778	0.022309918371657998			1	26.0	25.96948007294285	0.7222222222222222	0.49755545005288093	0.7222222222222222	0.49755545005288093	False
4	2031-04-01	FGA	tropics	0.09873953678563299	0.010131206319877791	7.5407118963988164	0.013094192981008541	-0.7249813118133012	-821.1950545735021	28	429.0	428.99561385160155	0.6618700631114021	0.6446074975106785	1.0	0.8959295775052514	False
5	2031-04-01	FGA	tropics	0.1993670297050149	0.039778524235232864	8.75463322826578	0.022772744957644316	0.9053594995845798	-336.85282920187313	27	1614.0	1613.942499248336	0.8113297295093587	0.7964335906083678	0.9560439560439561	0.9166973778325778	False
6	2031-04-01	FGA	tropics	0.0855805573533863	0.007410135381769737	7.49705432731596	0.01141522438240423	-1.0	-1118.7468625379258	2	25.0	24.990064382314152	0.14589926160337552	0.11044274901520308	0.17721518987341772	0.1262671576077942	False
4	2031-10-01	FGA	tropics	0.003871387916277013	1.5759711344967352e-05	0.3986933269952441	0.009710189898220176	0.9801037983230116	-0.6945543695229452	6	68.0	67.97818379129941	0.21265760708793738	0.19081255220452695	0.26666666666666666	0.2811976217919016	True
5	2031-10-01	FGA	tropics	0.0012010754781647513	3.53195587424568e-06	0.0484317132869712	0.024799359689136935	0.9942574798293558	0.981916314999834	38	2029.0	2028.8951911384409	0.7532357904394263	0.7471852030049113	0.9560439560439561	0.9100276311476078	True
6	2031-10-01	FGA	tropics	0.002065657133561138	5.895965455034397e-06	0.10234704811876144	0.020182869672647437	0.8825178689401751	0.6941809615591118	27	482.0	481.88431870802015	0.529899097240401	0.52520576891863	0.8846153846153846	0.9001060622231634	True
5	2032-04-01	FGA	tropics	0.18542341106089189	0.03440552894874114	9.342240005286063	0.01984785350793545	0.1594365926102742	-32821.14915305514	12	310.0	309.715244596921	0.5629733128186122	0.5449468452173402	0.76	0.7414709491730478	False
6	2032-04-01	FGA	tropics	0.20659302268739438	0.0729864116422521	11.40387255574419	0.01811604099199902	0.00031894828496317057	-6074.2004948989215	49	1191.0	1191.0153050801387	0.771068864237298	0.7695311015590388	1.0	0.9803468660985541	False
7	2032-04-01	FGA	tropics	0.039716319315477124	0.0015773860199689413	2.1025240608994062	0.018889828684522873			1	10.0	10.044389009629665	0.25	0.1780618314417683	0.25	0.1780618314417683	False
6	2032-10-01	FGA	tropics	0.02986492362043132	0.002335421245013075	1.4579617151853943	0.020484024586772977	-0.42596318635918873	-53.39169006586788	44	1271.0	1270.7927496487755	0.7309826970069847	0.7269798456070091	1.0	0.9789408912537665	True
7	2032-10-01	FGA	tropics	0.05065321921251935	0.004196301017703521	2.648681854420375	0.019123934846302655	0.2831248591141763	-183.84275569009262	26	727.0	727.0133537920883	0.5530111040671752	0.5470341551918733	0.8611111111111112	0.8507424869149725	True
6	2033-04-01	FGA	tropics	0.2024053902313432	0.040990895304601066	12.971079369705336	0.015604359857983141	0.11336258318573053	-5605.114744668923	18	451.0	450.85410437792353	0.4736268970916206	0.4542719318288818	0.7755102040816326	0.7050843320329655	False
7	2033-04-01	FGA	tropics	0.16885479782469015	0.03652731777281076	2.634850976362206	0.06408514156569822	0.7079181189454637	-203.755422997445	49	1496.0	1495.8466432139362	0.5808691796193188	0.5803196663420677	0.9111111111111111	0.7896399157788864	False
8	2033-04-01	FGA	tropics	0.18021411191834308	0.03255754305214737	13.143783818400687	0.013710976565671424	-0.903730351625122	-7465.553197762479	4	58.0	57.51696834214702	0.16426364805134092	0.15434284920071167	0.1827956989247312	0.1678788038516716	False
9	2033-04-01	FGA	tropics	0.04903949559040922	0.0024417258083389817	2.3516997543165865	0.02085278764876186	-0.7497549037072544	-862.2039831520634	14	461.0	460.9581276693127	0.45859079222783894	0.4464559891715724	0.6486486486486487	0.7087965364506637	False
7	2033-10-01	FGA	tropics	0.003974178273441071	1.947489647187057e-05	0.22277074211752676	0.017839767626865566	0.6872507521413898	-0.3909005916571455	25	721.0	720.949033140186	0.5083423179567459	0.502272352072371	0.8545454545454545	0.8290147844047141	True
8	2033-10-01	FGA	tropics	0.0010590609603781114	1.360122380682985e-06	0.10072797894654932	0.010514069392180454	0.9940019312479704	0.9578527063882091	10	141.0	140.34785487919	0.15860873456576216	0.12220827205238356	0.24444444444444444	0.13807430205676496	True
9	2033-10-01	FGA	tropics	0.0021166819453414714	6.8948082127824985e-06	0.1076479271050427	0.019663007010585685	0.9804130568685153	0.9592921586115941	40	1820.0	1819.9959143323226	0.7193832792542719	0.7141858821746938	0.9714285714285714	0.9217548845868063	True
8	2034-04-01	FGA	tropics	0.2209186814435136	0.048806922812745145	10.12894852761405	0.02181062336739435	-0.8327702611382617	-49257.18669852423	3	37.0	36.77994738411852	0.13987910953855226	0.09456718622821973	0.14736842105263157	0.10955352450949468	False
9	2034-04-01	FGA	tropics	0.24393658056283032	0.05964528513653421	14.29375500196304	0.01706595506424513	0.529027118693834	-1556.7085280761764	28	1237.0	1237.1071390118375	0.8975496267915551	0.8864009481331191	1.0	0.9265788227284703	False
10	2035-04-01	FGA	tropics	0.0020495850350655716	6.405927026882685e-06	0.12313705841968016	0.016644745792774276	0.8119503013357152	0.17688743122438744	18	565.0	564.6142938828153	0.9903895492482783	0.9755631633033884	1.0	0.9978736986114543	True
10	2035-10-01	FGA	tropics	0.16394478370096063	0.02773193333932248	0.8940013034376021	0.18338315958887566	0.4069637098633625	-26.374541310692596	43	1733.0	1732.758658362234	0.778216827267044	0.7765718485897446	1.0	0.9945983256770405	False
11	2035-10-01	FGA	tropics	0.1704297657917885	0.029107977960742524	6.738468034429211	0.025292064148854414	-0.7949892338262411	-2331.3607277290316	17	1200.0	1199.870779576747	0.5733612298704099	0.5562504560430799	0.8681318681318682	0.9935319996909681	False
10	2036-04-01	FGA	tropics	0.18455127805402918	0.03410798830695491	10.669033199444202	0.017297844575424444	0.517239114993797	-1789.2092261335467	24	1090.0	1089.943496005271	0.5735808881518131	0.5687282818387509	0.9629629629629629	0.9971175754798093	False
11	2036-04-01	FGA	tropics	0.20791931176270334	0.043369419099727455	6.169585563180097	0.03370069344747557	0.9752927153804377	-124.39386240892708	40	2961.0	2960.6389360423045	0.8026842496748742	0.791532737863544	1.0	1.0	False
11	2036-10-01	FGA	tropics	0.24770355609566921	0.06170079120587794	9.32551858452337	0.02656190686347009	-0.8543549411163592	-1242.52398051012	21	1476.0	1476.0624235812293	0.9739962073507519	0.9735802150053049	1.0	0.9972838685050729	False
12	2038-04-01	FGA	tropics	0.18296921358199564	0.03360076341520545	24.827745895863316	0.007369545924524752	-0.567003543947263	-11284.096094068851	21	353.0	352.15409585313006	0.9937641723356008	0.9937936507999829	1.0	0.9977436547913795	False
12	2038-10-01	FGA	tropics	0.1863331946699894	0.04063310311471832	26.077279984047493	0.007145422942269164	0.6594758929666024	-4050.424124977782	45	886.0	885.6215165138609	0.9674998539576385	0.9668933009944171	1.0	1.0	False
12	2039-04-01	FGA	tropics	0.21973803718842522	0.048837518391010096	25.726109046767476	0.00854144079032564	0.6517632252255301	-6104.678246179126	38	697.0	697.2015471309105	0.813637711830548	0.810058048905849	1.0	0.9857631212365299	False
13	2039-04-01	FGA	tropics	0.015853765729804126	0.0014266522611381866	1.0476635673759396	0.015132496942231859	-0.8694022645789421	-209.88474889123364	14	203.0	202.6297618921322	0.6215031653687115	0.5922076375660533	0.8333333333333334	0.7810461662173828	False
12	2039-10-01	FGA	tropics	0.2505370576709022	0.0629200914364103	33.018311201623305	0.007587821682975259	-0.47073148040172114	-13022.821435113332	12	170.0	170.09242154611965	0.6044739200150916	0.5613174589464635	0.8709677419354839	0.6880579412447607	False
13	2039-10-01	FGA	tropics	0.1701872474569063	0.029080886784098522	21.821003299882484	0.007799240260314834	-0.7487906285369181	-3109.6141672076155	39	731.0	730.8847306545414	0.8011885494831888	0.7945326094417258	1.0	0.9515270037686878	False
13	2040-04-01	FGA	tropics	0.08284346188557325	0.007429520162265415	9.545839367900948	0.008678488993240816	-0.15471653562149923	-921.4544853115257	39	677.0	676.7065460930504	0.9063758384828589	0.9049643710073813	1.0	0.9360678482394768	False
13	2040-10-01	FGA	tropics	0.21023449663309468	0.04443936674094355	24.705651109920918	0.008509571178582373	-0.08117587921003372	-13313.921555094448	14	174.0	173.48757437914279	0.9241924858521496	0.9046391144441849	1.0	0.9339580818119432	False
13	2041-04-01	FGA	tropics	0.2072921335773908	0.04297002864306683	79.0532498810231	0.00262218357739081			1	11.0	10.785409677260974	0.9166666666666666	0.7237945378287012	0.9166666666666666	0.7237945378287012	False
14	2041-04-01	FGA	tropics	0.06096520466580361	0.010535293140604992	10.249679979436966	0.0059480105513647985	0.47852799844963545	-2678.324116136692	6	71.0	70.8533879978479	0.6352669691064832	0.5924315383284265	0.7058823529411765	0.6325689115669259	False
14	2041-10-01	FGA	tropics	0.015050838807200258	0.00047050983132216294	0.8544713316814656	0.01761421155883904	0.560870224457066	-12.858699355131245	20	274.0	273.3039710889366	0.4426579159159834	0.405798169316918	0.7391304347826086	0.6623957979391658	False
15	2041-10-01	FGA	tropics	0.1666657536965	0.027826640739011824	9.160063492810565	0.018194825158942458	0.5033436013354441	-1112.2105782483136	22	737.0	736.7252660510964	0.5043764082356966	0.5014720393904658	0.61	0.5552532290146996	False
16	2041-10-01	FGA	tropics	0.06297263071786519	0.003996774088168575	2.7696438472334064	0.022736725077763507	-0.13548334843911308	-287.2960345081358	14	359.0	359.00679662779896	0.31919961994440066	0.3129164632785494	0.5212765957446809	0.4359069791735061	False
14	2042-04-01	FGA	tropics	0.09576519993740276	0.009553167714260387	10.529682915928696	0.009094784781461434	-0.6714329063540017	-1279.9447087224971	14	196.0	195.84698291020962	0.3200712498192565	0.2909038750036313	0.64	0.5138183978640851	False
15	2042-04-01	FGA	tropics	0.1893900542227906	0.036541287855183804	8.514086425190808	0.022244318975015127	-0.7468536380015982	-223.0586498732424	40	1208.0	1207.9292106203923	0.44752116333983344	0.4420207616228744	0.61	0.542129109651595	False
16	2042-04-01	FGA	tropics	0.044332022868904995	0.011141622006700347	1.8011462165212808	0.024613228211159615	-0.6233432286275653	-84.44294754698258	40	1214.0	1213.9886468991956	0.5354453876717692	0.5354996940969811	0.8947368421052632	0.7752675127676707	False
15	2042-10-01	FGA	tropics	0.0015018961139161907	3.4943589054069755e-06	0.09046816065331363	0.016601377800435912	0.744052609399533	0.5302161456228408	15	388.0	388.0738685280322	0.3669128972923171	0.35308261448411715	0.4942528735632184	0.4706561770810396	True
16	2042-10-01	FGA	tropics	0.0028198088371248764	1.4628833669985594e-05	0.2029176616181139	0.01389632038255836	0.9027007245606552	0.546274830920696	26	816.0	815.8471745624954	0.6814420971161872	0.6703300362611757	0.9473684210526315	0.7470677685750314	True
16	2043-04-01	FGA	tropics	0.11782138490351732	0.013881878740582778	8.255673719524653	0.014271565096482672			1	18.0	17.920145899283707	0.9473684210526315	0.7040295275748976	0.9473684210526315	0.7040295275748976	False
17	2043-04-01	FGA	tropics	0.0739458028142853	0.010625678067115358	5.741691167177074	0.012878749598550954	0.032014786497705894	-7092.738730682541	9	126.0	125.93905834235346	0.6204082737708467	0.5404755446845319	0.8333333333333334	0.562264233206239	False
18	2043-04-01	FGA	tropics	0.05164080071395464	0.0026970825455779764	2.152643350518259	0.023989482838168184	0.2579200593636324	-2281.8541963975695	6	85.0	85.06949647676637	0.5026234567901234	0.4465426975877764	0.5833333333333334	0.5078697100979614	False
17	2043-10-01	FGA	tropics	0.14746768843781888	0.021994992428095314	11.223103955004058	0.013139652722548942	0.7985285952267404	-368.6927996867254	34	724.0	724.2342307703902	0.32959201418935086	0.31407045078348417	0.8333333333333334	0.5667344476199317	False
18	2043-10-01	FGA	tropics	0.17553858763830232	0.030989886252192983	6.729278017934704	0.026085798085687832	0.9308878654997703	-141.27600235983175	32	2168.0	2168.0083358821134	0.6994856921199764	0.6847011721483838	0.8509316770186336	0.8357107203972172	False
17	2044-04-01	FGA	tropics	0.2079165996518134	0.04329759185234142	11.016423239799165	0.01887333076498646	0.6849638163202562	-408.9680712343326	26	591.0	591.0304156959943	0.22695584527426252	0.23156236917748324	0.3958333333333333	0.3839674194908423	False
18	2044-04-01	FGA	tropics	0.22711033867026895	0.05175651127141283	9.580272265294695	0.023706042206440663	0.7898359921214835	-199.8082076084843	37	2388.0	2388.0140153048205	0.7801108759752534	0.7847378872759926	0.8823529411764706	0.8396791523187798	False
18	2044-10-01	FGA	tropics	0.22686733782964813	0.05154876057286134	9.609746860198989	0.02360804515770048	0.5987720498528171	-23819.522598598767	10	214.0	214.00546569200878	0.8081148034971566	0.7891661349807723	0.8823529411764706	0.8161258285740911	False
19	2044-10-01	FGA	tropics	0.04174340783736013	0.0017461090453919103	0.9565407118463	0.043639969862639356	-0.0	-484.44190254522886	2	29.0	29.12710565970322	0.9320175438596491	0.9767465934907178	0.9473684210526315	1.0	False
19	2045-04-01	FGA	tropics	0.19877105900217548	0.045627799069972386	4.926139251252975	0.04035027206176066	0.9253132393661243	-72.5197296103781	28	3581.0	3581.0284758662133	0.983197631098851	0.9422189863998527	1.0	0.999875228232868	False
19	2045-10-01	FGA	tropics	0.09466003800083231	0.010685297929171951	2.8562484960486803	0.03314138742892452	-0.6946015291653048	-17.31596725122051	32	3778.0	3777.8487174132024	0.9890938605537054	0.9856091815220367	1.0	0.9996219680686178	False
19	2046-04-01	FGA	tropics	0.10784022408157697	0.011707448204121127	3.582944402095095	0.030098213083774996	0.926418831030992	-11052.051277897901	6	135.0	134.67592683013447	0.9953703703703703	0.9928388808021714	1.0	0.9983192474277734	False
20	2047-10-01	FGA	tropics	0.12745300695230147	0.01670045811990216	7.359829294690109	0.01731738629376294	-0.6854378703490978	-2563.7619929818725	18	384.0	384.02463350414496	0.9415008811847674	0.939010745231918	1.0	0.9936049564620879	False
20	2048-04-01	FGA	tropics	0.18537837518103542	0.03553438303982353	7.2836061347211	0.025451455192961752	0.9298936512386885	-288.47330941311503	44	1232.0	1228.0873012254383	0.7319928007152583	0.7312398364936036	1.0	0.996745539126606	False
21	2048-04-01	FGA	tropics	0.013734731904267442	0.00037293826757082076	0.7718406449837654	0.017794776672529773	0.9543183177537986	-14.704231926261961	20	480.0	480.1490270250199	0.3985629094893991	0.3939584671937207	0.6724137931034483	0.637095916173531	False
22	2048-04-01	FGA	tropics	0.1970602063858946	0.03883272494085138	108.67408971785397	0.0018133136141053846			1	11.0	10.697203967455149	0.16923076923076924	0.12860510762484814	0.16923076923076924	0.12860510762484814	False
20	2048-10-01	FGA	tropics	0.23442197345440738	0.05501241828489435	12.231986125734762	0.01916466966564074	0.7560646890985177	-1081.7087430726385	28	826.0	826.0773913972421	0.5208225167480927	0.5166524625982792	0.926829268292683	0.8587175428395132	False
21	2048-10-01	FGA	tropics	0.08061688350810065	0.00882379927207163	3.323705235930217	0.024255124262106267	-0.5780229168795302	-94.84145662282388	42	899.0	899.0326722926729	0.509987041308828	0.5005869691415518	0.7142857142857143	0.6329415217203054	False
22	2048-10-01	FGA	tropics	0.2164552853958741	0.04757451669310257	31.89934513098302	0.006785571443773516	0.8226439689207282	-5252.137330630689	7	80.0	79.04207168683388	0.3117788757323641	0.248332605151208	0.55	0.34831650149233606	False
20	2049-04-01	FGA	tropics	0.25324796559760093	0.0641365976214468	13.15776429332888	0.019247036194895224	1.0	-295859161184.1408	2	26.0	25.929148725752942	0.27450980392156865	0.2095492518238656	0.3333333333333333	0.21884614867127977	False
21	2049-04-01	FGA	tropics	0.1279651346541607	0.016407160500828386	11.289617296200618	0.011334762844195418	-0.4395131007318356	-3947.6061354414924	20	366.0	365.67009037968376	0.615402476704098	0.6030097927165663	0.7142857142857143	0.6147260149586691	False
22	2049-04-01	FGA	tropics	0.2779845660313	0.07729803369580569	31.891135506992924	0.008716671940713587	-0.6831125857460929	-14171.923802437137	6	69.0	68.11983109410002	0.33553689348262994	0.2677016263120947	0.55	0.3327880269773231	False
21	2050-04-01	FGA	tropics	0.1754187528361547	0.030772729349569383	28.023833327699837	0.006259627324530369	1.0	-2290.494135492454	2	21.0	20.843781643270137	0.08761098779134296	0.07870945820105643	0.09433962264150944	0.09338423424470667	False
23	2050-04-01	FGA	tropics	0.16606781658937445	0.027908210055420657	11.89180857921558	0.013964891503520047	0.8783090357600352	-620.9267047490177	15	229.0	228.63424190281046	0.21228926707847975	0.19574909905819643	0.48484848484848486	0.40546790567478136	False
24	2050-04-01	FGA	tropics	0.14991929346630878	0.022643776867320307	4.69280492309949	0.03194662806637411	0.2544228934529256	-131.40241928223242	21	2159.0	2158.9768788545803	0.7556142497294753	0.7523868904095294	0.9533678756476683	0.9499772266667792	False
21	2050-10-01	FGA	tropics	0.1679862272291982	0.028223486941185313	27.19732459711477	0.006176571766438345	1.0	-6509.747667841112	2	21.0	20.93473484909735	0.08761098779134296	0.07365111982592716	0.09433962264150944	0.08588562841752054	False
23	2050-10-01	FGA	tropics	0.18812469320496591	0.035419003123575106	14.101824078455152	0.01334045100536915	0.6267885411062006	-767.8659020089563	15	229.0	228.51006514256093	0.21228926707847975	0.19418526319834292	0.48484848484848486	0.39676302657065887	False
24	2050-10-01	FGA	tropics	0.20797770570080018	0.04333198119557342	6.188179463826051	0.03360886782882844	0.9318019741571036	-87.928510886849	38	3241.0	3240.6045862977003	0.8557221334581363	0.8539401716310497	1.0	0.9893262312861552	False
24	2051-04-01	FGA	tropics	0.219662470248322	0.048884526647318495	8.272134328018348	0.026554509578538697	-0.44591203538163404	-4295.501944634079	15	788.0	788.013177571292	0.9831172928865809	0.9779364391655382	1.0	0.9854399923045865	False
25	2052-04-01	FGA	tropics	0.001617842872621975	3.984324596659731e-06	0.09209008659503784	0.017568045947620497	-0.16179534540026505	-0.034393847096540364	17	504.0	503.93481193041777	0.9901188242651658	0.9881720042191994	1.0	0.9994557890368064	True
25	2052-10-01	FGA	tropics	0.18451035995587467	0.03440952617343032	7.569889716120915	0.024374246769135816	0.9802191821704758	-203.26492185408557	43	1919.0	1918.998083111343	0.8330053627684397	0.8311197978932046	1.0	0.9961741758271184	False
26	2052-10-01	FGA	tropics	0.04384682672960601	0.002816342639567749	2.0288542181200873	0.02161162016373654	0.8143803409068493	-140.5064989545414	17	332.0	331.6772255324061	0.29335664625492486	0.28386697876610967	0.5068493150684932	0.4902770975809801	False
27	2052-10-01	FGA	tropics	0.22026160229084094	0.04851736527045995	17.380430599181622	0.012672965783782837	1.0	-52438.332840874835	2	23.0	23.006403650147703	0.21586134453781514	0.1898390458332201	0.23529411764705882	0.19987912605369398	False
25	2053-04-01	FGA	tropics	0.23620164010627692	0.055901626412072095	9.671966074978144	0.024421264329839026	0.6011068849786729	-888.3628279402164	29	1350.0	1349.843953621031	0.6318932669794946	0.622486063067324	0.9726027397260274	0.9585539856234161	False
26	2053-04-01	FGA	tropics	0.09043021663721368	0.012359848842274446	2.602025733264186	0.03475377490743371	-0.4759620021289808	-167.66162478517847	31	587.0	586.819569838702	0.3183933191512379	0.30530356974497663	0.5068493150684932	0.36747390211107295	False
27	2053-04-01	FGA	tropics	0.16277524460046888	0.03413267404221328	11.79088252377029	0.013805179067157678	0.861975196126672	-1438.0109022317959	28	921.0	920.9812368725048	0.652003005821612	0.6450870867690895	0.9591836734693877	0.9509345182366048	False
25	2053-10-01	FGA	tropics	0.24031645770840507	0.057783904145703	11.757477554009816	0.020439457069296858	-0.4946471866239244	-33417.277211220564	3	36.0	35.99099547598204	0.24390096618357485	0.17551248401794764	0.2708333333333333	0.2118405254304106	False
26	2053-10-01	FGA	tropics	0.11588393578950736	0.01345082460130806	10.412857137127384	0.01112892784981361	-0.16886185548909066	-11660.955489306754	12	202.0	201.95379695764947	0.33405795985119835	0.308040994428395	0.4791666666666667	0.4306157058459604	False
27	2053-10-01	FGA	tropics	0.2357695964792585	0.05863286738317463	12.373330849415707	0.019054658713049122	0.6357203728865205	-827.3784086484105	45	1422.0	1421.9207793408364	0.8299493725792254	0.828827791267651	1.0	0.966943650119686	False
27	2054-04-01	FGA	tropics	0.08315557076056115	0.007054624940052044	6.733902421349732	0.012348793546059968	-0.0032241816732360776	-2821.2641764783593	21	491.0	490.5635804723219	0.9606891810436606	0.9599375844545011	1.0	0.9741552801329154	False
27	2054-10-01	FGA	tropics	0.24752073375628583	0.061266513639250134	33.046986849376644	0.00748996375628584			1	13.0	12.730276710167132	0.9285714285714286	0.9891592817767356	0.9285714285714286	0.9891592817767356	False
28	2054-10-01	FGA	tropics	0.1650653903421678	0.027290353585947898	8.479224837840153	0.019467037789295562	-0.452776715189808	-1579.9754345492056	19	582.0	581.9757049886701	0.942942612942613	0.9248405159592551	1.0	0.9758324508524213	False
29	2054-10-01	FGA	tropics	0.07551819730193049	0.005718091966871997	2.8708224707097005	0.026305422251784703	-1.0	-5203.9062978355705	2	24.0	24.000003193155756	0.15224358974358976	0.12198765894984158	0.1794871794871795	0.12841566087940046	False
0	2025-10-01	GARW	north	0.3631716686243479	0.16374485340171366	8.301674491960085	0.04374679698367702	-0.5380589121415534	-192.93358149884315	23	1669.0	1668.8826146866068	0.9989395546129375	0.9990865767673816	1.0	1.0	False
0	2026-04-01	GARW	north	0.008455888695332802	0.0001510102170199551	0.19332061290144595	0.043740233224087585	0.9113975287192968	0.40475523871454155	11	493.0	493.00150744642536	0.9977827050997784	0.9985947405932619	1.0	1.0	True
1	2028-04-01	GARW	north	0.003163891256327829	1.402962567090197e-05	0.05835968764223406	0.05421364274126387	0.9968292941349645	0.9907470509190364	22	4447.0	4447.0142564477665	0.9678309879682682	0.9621552237550876	1.0	0.9749026243697096	True
2	2028-04-01	GARW	north	0.007426036087979071	5.51460119799675e-05	0.8665667048901721	0.00856949158797907			1	11.0	10.780231726598519	0.024886877828054297	0.020383431186255463	0.024886877828054297	0.020383431186255463	True
1	2028-10-01	GARW	north	0.006280482181912592	5.284615421809447e-05	0.09803893675962463	0.0640611005126596	0.9941446894419957	0.9738165003339716	26	4563.0	4563.0274137680435	0.9644770680064847	0.9599758494695572	1.0	0.9879230283976629	True
2	2028-10-01	GARW	north	0.006277878680019823	3.941176072104744e-05	0.6209438939473795	0.010110218880019823			1	11.0	10.917286049361014	0.024886877828054297	0.01202177500572206	0.024886877828054297	0.01202177500572206	True
3	2030-04-01	GARW	north	0.05494570274335522	0.004484638251987946	2.8927659772035117	0.018994174840396942	0.990850543448468	-62.682690624249524	3	33.0	32.49557081023429	0.08410493827160494	0.07002712732395329	0.09259259259259259	0.08084365425115568	False
4	2030-04-01	GARW	north	0.09501654781726761	0.011437024251509924	2.470374494424919	0.038462406421252586	0.993663297431977	-70.40138622088342	15	1190.0	1189.9490834387789	0.9134430228589577	0.9010836403751201	0.9761904761904762	0.9168589576524817	False
3	2030-10-01	GARW	north	0.001124245856209232	1.9452756246695536e-06	0.0558030925750176	0.02014665862286894	0.9994191039254513	0.9821938588413773	4	43.0	42.95939347388933	0.09732527904616946	0.06497853795184383	0.136986301369863	0.08508830757412031	True
4	2030-10-01	GARW	north	0.0015546705570267947	3.0487651269739548e-06	0.03610446985739899	0.0430603347221893	0.9995678048982664	0.9966321737535031	27	1868.0	1867.9327143680766	0.8709926307148543	0.8729428227839909	0.9761904761904762	0.9200364937975164	True
4	2031-04-01	GARW	north	0.0032752610095347773	2.4935166531740977e-05	0.07993272396369047	0.04097522074967154	0.9455064490220452	0.43931825995914187	10	431.0	431.04116841864595	0.7998780009113874	0.8002589055307233	0.9302325581395349	0.8884507534947815	True
5	2031-04-01	GARW	north	0.0028092732232933167	3.050403387893317e-05	0.06661842776050457	0.04216961158844436	0.9804899734572263	0.9386696612530896	21	2628.0	2628.0131586632497	0.9257173677828332	0.9191779705422783	1.0	0.9788047942036291	True
5	2031-10-01	GARW	north	0.002579800741615775	8.599778280020581e-06	0.04566460336655463	0.05649453956508589	0.9968535742406166	0.9936442578414202	27	2915.0	2915.0109639565117	0.9258934500500141	0.9137923090903585	1.0	0.9729319857909032	True
5	2032-04-01	GARW	north	0.0051925338821699266	2.784083781032964e-05	0.08501374324005777	0.06107875837801302	0.9919431851485414	-0.7608986222553864	4	104.0	103.78197156464026	0.7585202991452992	0.752339965761186	0.8888888888888888	0.8409678905135537	True
6	2032-04-01	GARW	north	0.0013910366513988335	3.359372789667457e-06	0.045504017110048596	0.03056953516949282	0.992205322351744	0.9736697618597543	14	573.0	572.9321496834799	0.7973675212323047	0.7870864519144043	1.0	0.9325822336819704	True
7	2032-04-01	GARW	north	0.0008200658251819477	8.230851927547917e-07	0.01947986894043565	0.04209811820035826	0.9985440365998672	0.9888783658624168	7	169.0	168.8746397093003	0.31199142686042947	0.2916521315360527	0.43478260869565216	0.3898390556380818	True
6	2032-10-01	GARW	north	0.016126352389638634	0.0007685965867272279	0.4210586698261617	0.03829953767795961	0.17946697272655218	-0.48654291636880886	22	816.0	815.840015390022	0.6746404655671226	0.6552905496360212	1.0	0.9506716916308922	True
7	2032-10-01	GARW	north	0.044216685830591504	0.004165794266502727	1.0076485355415832	0.043881059983703806	-0.6676677775550215	-7.030412080434582	19	490.0	489.84536310648895	0.512185829577966	0.5031550587806851	0.9166666666666666	0.8015707075405202	True
6	2033-04-01	GARW	north	0.004336881780100916	2.6922142282746085e-05	0.10988430177703748	0.039467710218523626	0.9972662055808552	-0.18615582239911954	5	98.0	98.0928668340599	0.4072344784214098	0.37753995435716503	0.5106382978723404	0.4464984593660855	True
7	2033-04-01	GARW	north	0.013483903519023196	0.00037386752575747185	0.2931322477733472	0.04599938635700391	0.7780642835760672	0.5023554500248555	26	1240.0	1239.9618142446823	0.4669754104697243	0.46597778684881985	0.9166666666666666	0.8096617047793542	True
8	2033-04-01	GARW	north	0.016729750178694488	0.0004568474513030746	0.31272765646765	0.053496228532077694	0.9891795401465316	0.4406613347924666	17	1661.0	1660.9683554557605	0.4542543833550806	0.44861470777223417	0.5344352617079889	0.4914111012188877	True
9	2033-04-01	GARW	north	0.018159940654142892	0.0004974535098605825	0.2581943391256689	0.07033438732870145	0.9934786612395934	0.40333879643650905	14	801.0	800.9601946947091	0.2212562969948685	0.21199686547241323	0.41	0.37831105209758387	True
7	2033-10-01	GARW	north	0.004633223547153552	3.2994974820915236e-05	0.0781303566978181	0.05930119537369194	0.9957203707983111	0.973733215007852	21	1111.0	1110.999905053077	0.31742003870867297	0.30390112942207426	0.6086956521739131	0.5296834437322167	True
8	2033-10-01	GARW	north	0.0046130150882184575	2.9884811145674104e-05	0.07941612384486911	0.05808663108803306	0.9991517835889564	0.980189101557408	23	1884.0	1884.0274838884668	0.4624378195591579	0.46955220638892553	0.5344352617079889	0.49301796488628885	True
9	2033-10-01	GARW	north	0.008336045756774643	0.00011433483354832915	0.11045144479283708	0.07547249175789185	0.9924521112857686	0.9316114883024678	19	948.0	947.8813694557733	0.2527166880869598	0.2522395149839625	0.41228070175438597	0.41319334808125635	True
7	2034-04-01	GARW	north	0.17224281061410968	0.02966758580824805	2.786877697845206	0.06180494061410968			1	10.0	10.38177696938697	0.2	0.157176321481203	0.2	0.157176321481203	True
8	2034-04-01	GARW	north	0.14137754657528553	0.020653883084583425	2.7379912474603527	0.05163549982361028	0.989792208042201	-2562.670307001815	3	56.0	56.060117081406275	0.4842834138486312	0.4763432078087572	0.5217391304347826	0.4801607088306577	True
9	2034-04-01	GARW	north	0.1617295829304749	0.026336929674621173	3.5714885207728275	0.04528352309962865	1.0	-8320.37044981177	2	33.0	32.47948775129824	0.34555555555555556	0.3722610402898373	0.38	0.3772354157460538	True
10	2035-10-01	GARW	north	0.3332074423403365	0.1272166896242619	10.351867940334115	0.032188146551025455	-0.9022092278843045	-359.6476509398588	19	335.0	335.09118105475324	0.9962406015037595	0.9913633682013759	1.0	1.0	False
11	2035-10-01	GARW	north	0.10860571256392887	0.011795200801518737	1.8099197245272922	0.06000581743607114			1	15.0	14.862109123031848	0.7894736842105263	0.8132146013076161	0.7894736842105263	0.8132146013076161	False
10	2036-04-01	GARW	north	0.0051283455650399466	4.282335620655227e-05	0.2144021181646272	0.023919285914433836	0.9523698964508658	0.22205160462507467	8	138.0	137.9228191831144	0.9910714285714286	0.9893497835323948	1.0	1.0	True
11	2036-04-01	GARW	north	0.003055671307342504	1.5751197293340382e-05	0.039333767800087543	0.07768570056326267	0.9975379462866538	0.9944007222441489	26	6296.0	6295.944822629495	0.9709762521404861	0.9308317728908032	1.0	0.9995890864715572	True
11	2036-10-01	GARW	north	0.36102332295633927	0.17489693022635078	5.203702068894235	0.06937816926806788	0.9938282328856125	-68.3235373305827	23	6227.0	6227.083988651901	0.9861358429862388	0.9837516114905582	1.0	0.9954166589549605	False
13	2039-10-01	GARW	north	0.0018342772350172737	4.929696325880158e-06	0.06334322743151147	0.028957748277044257	0.9911772689661889	0.9800623401833305	16	292.0	291.6866913655635	0.9300471458070227	0.9371200584367487	1.0	0.9586552367633115	True
13	2040-04-01	GARW	north	0.003349980413074533	1.7553998376841163e-05	0.11631973897780871	0.028799758686817865	0.9826069152859231	0.9404138203068143	6	69.0	68.48990590688396	0.8255735492577597	0.7972539844924874	1.0	0.991401071107882	True
13	2041-04-01	GARW	north	0.0011316110491474754	1.28054356655265e-06	0.04705025715275117	0.024051112950852525			1	12.0	11.757305469437611	0.2608695652173913	0.16487658996198673	0.2608695652173913	0.16487658996198673	True
14	2041-04-01	GARW	north	0.008288471463186137	9.433529592910208e-05	0.21972221823036858	0.0377225003913626	0.8894488738917233	-0.3068174041209031	10	298.0	297.91825634385697	0.8074878112694256	0.7917660197968772	0.9375	0.8110422229788284	True
13	2041-10-01	GARW	north	0.006012134738483846	3.685375335212059e-05	0.23716450071545697	0.025350061751851425	0.9996070914528963	0.8790021843783059	3	34.0	33.7150926397708	0.20523609163160353	0.1619832076268728	0.2608695652173913	0.2009102109494855	True
14	2041-10-01	GARW	north	0.0030472148606926572	1.9040635799848182e-05	0.08016784070242107	0.038010439522797715	0.9917812472340392	0.9691661671777319	22	633.0	632.9662442939167	0.7504636948863568	0.7404373336868484	0.9375	0.8535728727955251	True
15	2041-10-01	GARW	north	0.013298282253463524	0.0001768443108927829	0.8242135980010301	0.016134509653463525			1	10.0	10.042788732699574	0.20833333333333334	0.12062246052079077	0.20833333333333334	0.12062246052079077	True
14	2042-04-01	GARW	north	0.009327504375663048	0.00010963886042853832	0.23745428759683518	0.039281263227808595	0.8882999554871656	-0.025951488913114495	10	243.0	242.95855567705993	0.6951452207063662	0.6778689383780658	0.8571428571428571	0.7046509309318616	True
15	2042-04-01	GARW	north	0.01210367718557343	0.00017082509993665803	0.23747450005949286	0.050968323683347805	0.9911208657275598	0.8404331588864216	21	1311.0	1310.8270847135732	0.29950905133596983	0.29042839195824355	0.48484848484848486	0.3903262520151803	True
16	2042-04-01	GARW	north	0.014886855159157324	0.000259071559186687	0.27228614965327225	0.05467356741470018	0.9908010667562012	0.8156743711948393	23	3347.0	3347.0000007843414	0.6719027213641485	0.6651358353283862	0.7966101694915254	0.7437910831194555	True
15	2042-10-01	GARW	north	0.24056892841419253	0.06948244606713816	4.9687417773483045	0.04841646823163716	0.9348308873523089	-71.5278826923193	20	1301.0	1300.6359108099819	0.3040678372361016	0.29462668829543204	0.48484848484848486	0.4314558279175638	False
16	2042-10-01	GARW	north	0.1113401477475528	0.016826015689624843	1.9393465979696227	0.05741116511309485	0.24301743281118823	-8.701363542771261	26	3401.0	3401.042279269206	0.679418219326405	0.6712624510333776	0.8611111111111112	0.7314783705573504	False
17	2044-04-01	GARW	north	0.09277656047206569	0.008745641116469176	3.1324135227049075	0.02961823520412819	0.9967666206605881	-24.352101144938867	5	70.0	69.1093753172788	0.0925759790597	0.09898077671091386	0.12121212121212122	0.125668363788495	False
18	2044-04-01	GARW	north	0.10933850337166388	0.016902146071987173	3.081466418823047	0.03548262045102061	0.81807002765817	-81.13794325575327	20	2000.0	2000.095565877672	0.9248884086717799	0.9045105828047214	1.0	0.9900746207663466	False
17	2044-10-01	GARW	north	0.01760617920747953	0.00032511502220362637	0.5320872592317445	0.033088894541283054	-0.32702132407958134	-2.2071029708725884	5	70.0	69.54840725402705	0.0925759790597	0.08167050787377511	0.12121212121212122	0.0867720384350509	True
18	2044-10-01	GARW	north	0.0491314514412542	0.005252314419158273	1.0362198246311871	0.047414120318283945	0.3638839254380035	-4.615951595621529	30	2584.0	2584.1949278472953	0.9074196297593834	0.8866099259480753	1.0	0.9439233829983285	True
18	2045-04-01	GARW	north	0.24666110097172447	0.061204475610287204	4.706049062585491	0.05241362716184891	-0.940801650698875	-2264.7617599868804	7	240.0	240.07956162193136	0.8485243560475758	0.7734179026562514	0.9	0.9338966267419841	False
19	2045-04-01	GARW	north	0.18788195593587687	0.03778117493721121	3.6048737092166623	0.05211887325082008	0.9481812152656628	-30.15720252061715	20	3870.0	3869.972720817679	0.9991073886238901	0.9883206069943681	1.0	0.9998781831817993	False
19	2045-10-01	GARW	north	0.0035410776367772374	2.0407780611167424e-05	0.05848103608002282	0.060550870404070575	0.9956116817599492	0.9887395860292331	25	4058.0	4057.920651886521	0.998204829818031	0.994030720080883	1.0	1.0	True
20	2048-04-01	GARW	north	0.11445395493850304	0.014675642493083913	1.6895319876960362	0.06774299378289987	0.9721031314536293	-13.049211482240171	8	131.0	130.07986369293738	0.3176544786475133	0.30269075510041915	0.631578947368421	0.45061841213360176	False
21	2048-04-01	GARW	north	0.052344517103213306	0.0034615630124686363	1.2290274408596942	0.04259019397207174	0.9898643760849837	-47.69019837345966	8	313.0	312.867208701295	0.604547086651891	0.5755238186386593	0.6470588235294118	0.6824756653157767	False
22	2048-04-01	GARW	north	0.06205665983992122	0.004897617295594358	1.4453427377067647	0.04293560151579179	0.9051112391753903	-1772.179648716237	3	46.0	45.95771962746058	0.1600956423117846	0.1747674063190552	0.17647058823529413	0.2115006919330719	False
20	2048-10-01	GARW	north	0.1314656527597336	0.026063434172383864	3.931863572112942	0.03343596499435136	-0.9664171321969885	-70.88217892700723	12	199.0	197.87530962470822	0.28133651915318025	0.24845663176083277	0.631578947368421	0.41017600008558486	False
21	2048-10-01	GARW	north	0.17180746276566095	0.03958530044260787	4.1332054936744616	0.04156760727928927	-0.7739556386103484	-60.64144781505239	21	773.0	772.9766927116775	0.6368831138412885	0.6119159919598873	0.7857142857142857	0.6689571426406692	False
22	2048-10-01	GARW	north	0.1489503689925106	0.02638685321006734	5.925809736177111	0.025135867606947877	-0.7842320985962199	-97.57553955371456	12	172.0	171.98401294177373	0.20519162895205392	0.21423503577621758	0.34210526315789475	0.25657020079015413	False
20	2049-04-01	GARW	north	0.004705753168573501	2.2598488016390268e-05	0.13866286362328606	0.03393665070525235	1.0	0.24614037262265176	2	35.0	35.04091276985737	0.2462370150519398	0.13495540093301853	0.24719101123595505	0.1483521520711271	True
21	2049-04-01	GARW	north	0.008876909753766328	0.00011106771762971805	0.22953680096917392	0.03867314398512711	0.9197794745535365	0.7652780640565847	24	663.0	662.8985874939228	0.5468225279865361	0.5452146258605631	0.7857142857142857	0.6624072992134347	True
22	2049-04-01	GARW	north	0.010913784247638263	0.00022265117921685496	0.37210630573504627	0.02932974819139262	0.7065322364976251	0.36817498180421604	19	473.0	473.15029585994625	0.41609705228420585	0.40581119811209093	0.676056338028169	0.5396080366843625	True
21	2049-10-01	GARW	north	0.002050322110615153	6.325669058319392e-06	0.07243077316158811	0.02830733431549908	0.9968409289430611	0.9803461223470683	21	523.0	523.1023337840727	0.45979018337041094	0.46005206778214586	0.6129032258064516	0.5014102680273065	True
22	2049-10-01	GARW	north	0.005273480893132522	3.3341110687142684e-05	0.16375285050567517	0.03220390287465413	0.9957807210617365	0.9284317581751539	20	553.0	553.017869091504	0.4712355961921393	0.47478602878541415	0.676056338028169	0.5202804051390248	True
21	2050-04-01	GARW	north	0.0163436235318571	0.0004334917826719414	0.315705001731642	0.05176865568240073	0.5900303451260209	0.2086528777602238	15	242.0	242.20523223378018	0.26877461570081024	0.2674137276816712	0.56	0.5071431235256426	True
22	2050-04-01	GARW	north	0.00464905823102008	3.76281349441776e-05	0.13482087263604348	0.03448322311019655	-0.7208428821873523	-0.6291497040029772	6	90.0	90.01121812494412	0.3494550861280185	0.3676172277496675	0.40816326530612246	0.3951588289985363	True
23	2050-04-01	GARW	north	0.029090986332631446	0.0014039537488370268	0.4945491613620589	0.05882324469525076	0.9637102169937264	-0.6068230363620233	6	80.0	79.64915053794749	0.07963985191012661	0.07620437718824274	0.1518987341772152	0.13100556930203014	True
24	2050-04-01	GARW	north	0.010527109246550908	0.00021497383174087293	0.18040584815170502	0.058352372466875684	0.9834040897334475	0.383865433678121	11	1231.0	1230.8207566545057	0.7550023417047096	0.7375622052169238	0.8787878787878788	0.8878131984917971	True
21	2050-10-01	GARW	north	0.006454163149093169	4.613696617552406e-05	0.19192601140891147	0.03362839201270188	0.9942950350400275	0.8587542765542207	9	115.0	114.94628582222091	0.11818670879004085	0.12124373686081907	0.2222222222222222	0.1777437178021777	True
23	2050-10-01	GARW	north	0.0027218960610256057	9.782393593923916e-06	0.08026743630608144	0.03391034006176901	0.997226157550714	0.9712978952746303	7	91.0	90.78604767944228	0.07489323051006634	0.09145992412568435	0.1518987341772152	0.13439054026179098	True
24	2050-10-01	GARW	north	0.0020111586063708544	5.857863600816627e-06	0.03579773778250718	0.056181164815214145	0.9986721442376063	0.9959187036001262	23	2404.0	2403.866095663858	0.8494036660925219	0.8399443275350942	1.0	0.9877815172160352	True
24	2051-04-01	GARW	north	0.001133407420640517	2.530482084568245e-06	0.02369335191558616	0.047836516533354204	0.9987975632603346	0.9961753400905842	17	868.0	868.0298238183478	0.9532638123418418	0.9570022929130336	1.0	0.9812630457173731	True
24	2051-10-01	GARW	north	0.0014990041504161383	4.403358342435158e-06	0.04877537328155487	0.03073280734856024	0.9985863474923572	0.97996782004169	10	142.0	141.60996716434843	0.9466071428571429	0.9413245471936948	1.0	0.9915630229944157	True
24	2052-04-01	GARW	north	0.013425937651716013	0.0001802558018277657	0.37068533511437	0.03621923065171601			1	12.0	11.886562208407073	0.75	0.7393221104884518	0.75	0.7393221104884518	True
25	2052-04-01	GARW	north	0.0020865704689795915	5.71123492327459e-06	0.03877884698202651	0.05380692391258281	0.9986250348153662	0.9945202281411064	19	3073.0	3072.9999992212147	0.9203944697943429	0.918376212826195	1.0	0.9881256673146426	True
26	2052-04-01	GARW	north	0.0026671601061795946	9.109631005200569e-06	0.0456371391918897	0.05844275415610589	0.9998365414197798	0.9890759936106897	10	307.0	307.01300622303773	0.10883087848584402	0.10520779913763514	0.17768595041322313	0.15255419350465077	True
25	2052-10-01	GARW	north	0.08034810486154582	0.009783064368979376	1.4416110570778964	0.055734939370130174	0.2646830791355873	-4.729186141890396	24	3364.0	3363.9752760422507	0.8851909181377581	0.8798240566701082	1.0	0.9719611825285053	False
26	2052-10-01	GARW	north	0.06149459634351696	0.004721842407092496	0.9439332344761979	0.06514718848483092	-0.7641449104688169	-2.7030304781788614	13	382.0	381.7529387423663	0.14123125881845985	0.15339313316892855	0.30434782608695654	0.2189189969160448	False
25	2053-04-01	GARW	north	0.006367589355863843	5.193436817897135e-05	0.10457723405974942	0.06088886757346985	0.8516366701543878	-1.5647462874868454	3	95.0	95.05882063807886	0.733478954302753	0.7505157727950161	0.868421052631579	0.7773302716809551	True
26	2053-04-01	GARW	north	0.013487788683083222	0.00018192044355950786	0.29388315334458065	0.045895072683083224			1	21.0	20.803650561973395	0.30434782608695654	0.2226697283190449	0.30434782608695654	0.2226697283190449	True
28	2054-04-01	GARW	north	0.012458804920365035	0.00017766146464626276	0.26903730444162827	0.04630883789972019	0.9781285982411558	-3.056696342208798	7	319.0	318.82691117971393	0.9213279977419805	0.9287816562086425	1.0	0.9526404548917589	True
28	2054-10-01	GARW	north	0.14227005960827666	0.025960025507981946	2.8535046976650054	0.049858007847225494	-0.5176400241798171	-35.18278649474238	27	1452.0	1451.952991690996	0.9561084692649041	0.9670983325847806	1.0	1.0	False
0	2027-10-01	GARW	south	0.0801353549853757	0.009091008427617706	1.5550541201549006	0.05153219681987231	0.6903300015431809	-8.365918219176937	7	99.0	98.84539384493976	0.21563435128187353	0.20933946715005503	1.0	0.9482306138901708	False
1	2027-10-01	GARW	south	0.04338076254574608	0.0022509869112705325	0.6419015637257565	0.06758164335035007		-5.0986430717366105	13	1416.0	1415.948347660938	0.8609687877777101	0.8527861255080064	0.959349593495935	0.9976643799150824	False
0	2028-04-01	GARW	south	0.007173498777872614	5.2569948960654005e-05	0.4016039981115453	0.017862119928099367	0.9977992774672366	0.5482969175534903	6	88.0	87.8528675359463	0.08490674316218584	0.07549423543026124	0.12745098039215685	0.1136193154850494	True
1	2028-04-01	GARW	south	0.0027460424446222958	9.28368703561269e-06	0.04448719970710079	0.06172657444617689	0.9988160757634129	0.9943409176316403	24	2643.0	2642.9688777980214	0.9049889106490449	0.889713392021544	1.0	0.9785620872179025	True
1	2028-10-01	GARW	south	0.006518674978128219	5.710101509804504e-05	0.13280436434531653	0.0490847948428745	0.9830193216604322	0.13374138166240934	9	807.0	806.8825717444437	0.9594729441759695	0.9351284762796573	1.0	0.9621499647390364	True
3	2028-10-01	GARW	south	0.007971874493352949	6.355078293777134e-05	0.7645148002902535	0.010427364506647052			1	12.0	12.049643565320265	0.8	0.7874179559299261	0.8	0.7874179559299261	True
3	2029-10-01	GARW	south	0.01109463550372128	0.00017791177092611017	0.2623833686778718	0.042284065333966225	0.7219185862932889	0.5161738078122908	18	1071.0	1070.9324466458186	0.7130424967425839	0.7100265734279245	1.0	0.9374079816288343	True
4	2029-10-01	GARW	south	0.010789555876017947	0.00016798102004821522	0.19055250263375625	0.05662248318383715	0.991063480486669	0.33989243895446497	11	664.0	663.9494323668537	0.38729114464554737	0.37877428979836014	0.5026178010471204	0.5432303560466782	True
3	2030-04-01	GARW	south	0.04672691478890736	0.0033139604258645037	0.9752348832812002	0.047913498163328176	-0.2070617317329002	-2.4340204557272362	23	1336.0	1335.963824162114	0.5856352341474284	0.5797455575528976	0.9285714285714286	0.8608262123375776	True
4	2030-04-01	GARW	south	0.03811552785618712	0.002792318399269697	0.6293470844184388	0.06056360440822343	-0.4436648470653868	-1.2927263414822772	23	1222.0	1222.3065580021123	0.5128472532968281	0.5228213325856491	0.8205128205128205	0.7955171732986952	True
3	2030-10-01	GARW	south	0.004608902174628042	3.233305317134233e-05	0.09415677446365195	0.048949236004332874	0.9711176737241599	0.03038351961857122	5	146.0	145.9813744101695	0.34775309301428703	0.32659249684345043	0.43243243243243246	0.38203796327420153	True
4	2030-10-01	GARW	south	0.005030575465040069	6.72268693740917e-05	0.11620531223503364	0.04329040874538822	0.9586559564525478	0.915665138360599	23	775.0	774.9142566241468	0.5452845111198513	0.5517997522411829	0.8461538461538461	0.8401172673003315	True
5	2030-10-01	GARW	south	0.0034859488503559285	1.5628431400972928e-05	0.06482195283813755	0.05377728836803871	0.9948972479879314	0.9028223961781672	10	862.0	862.0002227285187	0.6540402667936112	0.6301373595026719	0.7708333333333334	0.8558451134057089	True
4	2031-04-01	GARW	south	0.16406945671564294	0.03912943967102944	3.5025945562897185	0.0468422633790195	-0.9524648006936932	-52.870693544617325	19	553.0	552.9860186794084	0.3435975990231214	0.33208810726411925	0.7894736842105263	0.5922643946020536	False
5	2031-04-01	GARW	south	0.16209139539423859	0.03819173880600289	3.1825845686590255	0.050930742576476264	-0.8201256450323142	-33.50185289896949	23	1738.0	1738.0829513153406	0.7841607217849937	0.7710675426973329	1.0	0.9716047902430409	False
4	2031-10-01	GARW	south	0.004502395059872144	2.4966827589902794e-05	0.09609169480704537	0.04685519460254157	0.999871528550893	0.12755811933836225	3	57.0	56.83711422211348	0.16788695489425418	0.13335311537157543	0.17307692307692307	0.15033384516612963	True
5	2031-10-01	GARW	south	0.009366373183460638	0.0004714520447451617	0.11553874865243872	0.08106694327836601	0.3931509459418071	-0.11548970415926685	13	539.0	538.7296272631904	0.71526545158235	0.7251290645922798	1.0	0.9624735581587317	True
6	2031-10-01	GARW	south	0.0033516655391363933	1.7081307227161685e-05	0.06663839382388285	0.050296313383459336	0.9768162703772949	0.9166563169157955	12	1168.0	1167.9769403655725	0.8732395915735832	0.8326358454031101	0.9456521739130435	0.9822183956808149	True
5	2032-04-01	GARW	south	0.0067149210440792355	6.54027295853662e-05	0.40465245647585324	0.01659429205634869	0.9990318217821105	0.3754449962119255	4	50.0	49.98570260198206	0.09357682460931176	0.10538147623565056	0.11764705882352941	0.14564555704256085	True
6	2032-04-01	GARW	south	0.0022352992330751977	7.264057773719542e-06	0.04658710558259361	0.04798107126686091	0.9980365111930658	0.9942136646195979	25	2224.0	2224.1971527981673	0.9043640156593071	0.879478303902941	0.9714285714285714	0.9303997761814954	True
6	2032-10-01	GARW	south	0.2413449732045041	0.058622925681232244	4.917825863303594	0.049075542711953295	-0.07333640349850501	-750.9332709380111	10	510.0	510.122718518695	0.9260136636752074	0.9238817960074943	0.9714285714285714	0.9362717750793672	False
7	2032-10-01	GARW	south	0.04813948511059207	0.008943234075155411	1.24441253593641	0.03868450672137236	0.4580487827597178	-86.28610797088385	11	302.0	301.9574468105664	0.5502934294644924	0.5573685499850293	0.6666666666666666	0.6287461626261963	False
8	2032-10-01	GARW	south	0.03261207954005811	0.0014185706110139717	0.6671245714058888	0.04888454261448035	0.9820474568666228	-29.245508470855913	7	216.0	215.93460740134557	0.4280401836067586	0.42670711391696997	0.5222222222222223	0.5603270608390546	False
7	2033-04-01	GARW	south	0.0025523635079100953	1.276353669848467e-05	0.06803778649499634	0.037513911598194075	0.990656909800305	0.9783818013771848	21	604.0	603.8925584640657	0.4671219496439824	0.4663418166735904	0.6666666666666666	0.6103352171475034	True
8	2033-04-01	GARW	south	0.004790526498526123	3.0990977362729655e-05	0.10191355630987337	0.0470057828613132	0.9896527413408298	0.9504246200214499	22	746.0	745.9189776444526	0.5954597267725488	0.5925577750054367	1.0	0.8866297454860782	True
7	2033-10-01	GARW	south	0.0049931752811298155	3.354387675538692e-05	0.138866053481995	0.03595677385457791	0.9942384176978084	0.37745766065399367	7	154.0	154.0008203285255	0.3428972201332806	0.3220784711079226	0.4939759036144578	0.3980264465862364	True
8	2033-10-01	GARW	south	0.009566670868443896	0.0001237077160832098	0.31604608788126626	0.030269860109889888	0.8767222384208962	0.7025814778898873	29	1238.0	1238.0127930263382	0.5318027855804452	0.5266685970050125	1.0	0.8316291658281753	True
9	2033-10-01	GARW	south	0.013086140073840562	0.0002490536286777564	0.29385691586303936	0.04453235356196191	0.9814019350159824	0.4528742434478643	17	1504.0	1503.9823140783426	0.5784234072646308	0.5616644212911415	0.7068965517241379	0.6830440362120804	True
8	2034-04-01	GARW	south	0.09370212819155607	0.014519576663458673	2.270862881087215	0.04126278560099347	-0.3574794045640002	-19.678966781446864	23	1046.0	1045.9197428133912	0.399432244825609	0.3884578108677655	0.5135135135135135	0.5057667290824952	False
9	2034-04-01	GARW	south	0.07311798542497142	0.007542757747120701	1.381779581959707	0.0529158097134942	-0.2665944149614815	-5.497947515891273	25	1758.0	1757.93615608796	0.5783651288652809	0.5845001736161552	0.7068965517241379	0.6512577536203534	False
8	2034-10-01	GARW	south	0.011545740917305834	0.00014046299483183055	0.23758376658240996	0.048596505911951686	-0.9059218456357241	-560.0607639137917	3	60.0	59.79408494679579	0.4506957047791893	0.36320261799555315	0.47368421052631576	0.37688091508279714	True
9	2034-10-01	GARW	south	0.0068696289132625515	5.164718603925096e-05	0.13446956826167528	0.05108686673176775	0.991562549507723	-0.5399269447624533	5	100.0	99.6489012785933	0.5708457350272232	0.6284087416630944	0.68	0.6378886092786468	True
10	2035-10-01	GARW	south	0.018079781776632196	0.0018983158087218512	0.10802774907610524	0.16736238541724166	0.8953019658591383	0.39646336244746405	13	468.0	467.87922668589135	0.4308170034952739	0.4570709550324341	0.9285714285714286	0.787685597732258	True
11	2035-10-01	GARW	south	0.00477691239864085	3.395044122693009e-05	0.0664571191050518	0.07187961896286486	0.970570439287752	0.8999343470574045	12	1888.0	1887.9778926350705	0.678627012802056	0.6327249048093254	0.8989071038251366	1.0	True
10	2036-04-01	GARW	south	0.05268105020113489	0.003905553260579541	0.7022646708806664	0.07501594823938795	-0.486683222458563	-1.8668745965306965	18	592.0	592.2006840715105	0.3314971382499801	0.3736110294479268	0.9285714285714286	0.7091821503753941	False
11	2036-04-01	GARW	south	0.09450089611504915	0.015106017206244132	1.4409260969370694	0.06558344408913593	-0.3562961104995691	-6.040078265106657	24	3556.0	3555.984479681372	0.819700249078342	0.7733963027624116	1.0	1.0	False
10	2036-10-01	GARW	south	0.2999036016248196	0.09268762858237437	5.635761030940983	0.053214392870512786	-1.0	-4381.063464732028	2	28.0	28.004708825830033	0.052726833976833976	0.05761992127499688	0.060810810810810814	0.06187626314140011	False
11	2036-10-01	GARW	south	0.47272512848326986	0.23305571722834667	8.606046011530685	0.05492942146136518	-0.9333630246852042	-2439.880441079778	10	1002.0	1001.9247511410372	0.968906270318809	0.9683322152975048	1.0	0.9910337038845102	False
12	2038-10-01	GARW	south	0.0074474501754127394	0.00013080259614488995	0.18466976712400984	0.040328475480296735	0.9908453031891108	0.7549922210522169	11	411.0	410.9641103942739	0.39740426246055044	0.39469242437874114	0.55	0.5917549457574793	True
13	2038-10-01	GARW	south	0.00367086302788024	1.558206337175574e-05	0.06257492917557679	0.05866347874849837	0.9974806975562677	0.9143286920117952	11	786.0	786.1235296953903	0.6025957375394495	0.6053075756212588	0.7711442786069652	0.8383835239957024	True
12	2039-04-01	GARW	south	0.18084004994759992	0.0460915147610883	4.265466557437822	0.042396311754516906	-0.9491525331697117	-64.18598229317344	17	607.0	606.9827205051793	0.33564460826554315	0.3074022968730679	0.55	0.525554554085129	False
13	2039-04-01	GARW	south	0.20402374536223744	0.06019165004471412	3.435382551156946	0.05938894499348483	-0.9022991888307196	-42.9472108025168	25	1671.0	1671.1428599387627	0.7447412871659567	0.756593079203964	1.0	0.9207131899135047	False
12	2039-10-01	GARW	south	0.35164034232781155	0.12684270856962057	6.645801488394219	0.05291165301008353	-0.9975416875162285	-1155.5934901615349	3	65.0	64.8506837176503	0.19797101449275364	0.20609169814985925	0.25	0.23220647255540738	False
13	2039-10-01	GARW	south	0.3600427713434536	0.13351716101296615	7.543812629720983	0.04772689739468916	-0.17461447789241671	-1284.337161530992	11	480.0	479.7315325742477	0.8850350153175078	0.8916846530329651	1.0	0.965195987176541	False
14	2041-10-01	GARW	south	0.017771226010983073	0.0011526243287076474	0.16901158391815638	0.10514797624515941	0.8330498181425332	0.1462642064909775	16	469.0	468.9602683981624	0.26401571389712786	0.2657498153937814	0.6111111111111112	0.5869648826518871	True
15	2041-10-01	GARW	south	0.017457488933179107	0.00040204589275926416	0.267894899391406	0.06516543977820557	0.9953899314118868	0.2994227520133328	13	1064.0	1063.9228864306385	0.4093026553408175	0.4074549597904056	0.4791666666666667	0.44411934565028915	True
16	2041-10-01	GARW	south	0.01603218751069073	0.0004184207327809531	0.2480938604397879	0.0646214601291261	0.987995123570353	0.25908309661960616	12	1108.0	1108.058088175105	0.39638128067231954	0.3823718377946004	0.512396694214876	0.5319610971165165	True
14	2042-04-01	GARW	south	0.014968453473777529	0.00024388041723484013	0.2922099846396059	0.05122498976973259	0.9947566223957777	0.7172512014844318	18	501.0	500.9813581507275	0.24409898948321804	0.2529141634545427	0.6111111111111112	0.5093854034597635	True
15	2042-04-01	GARW	south	0.013304633376048253	0.00020103862578537852	0.22418976708837596	0.05934540879737631	0.9939223211448915	0.8657875616326739	21	1343.0	1342.9920810107774	0.3824655659947793	0.3808103269525792	0.4791666666666667	0.41148096407372503	True
16	2042-04-01	GARW	south	0.011333839443117336	0.0001643250518394783	0.19348227549465083	0.058578179392099826	0.9889030594034388	0.8948982047570642	21	1610.0	1609.8745585778024	0.4843466351169027	0.4646185711228001	0.7027027027027027	0.6317129179053039	True
15	2042-10-01	GARW	south	0.4052593987834994	0.17246687294555207	7.703570709408979	0.05260669552737721	-0.9782387267573412	-4832.157911099192	6	154.0	154.0260226114328	0.33753392394692344	0.3458513955378437	0.36231884057971014	0.3506784086162319	False
16	2042-10-01	GARW	south	0.41459155451917123	0.1821547009104282	8.399400931386836	0.049359657659622816	-0.9950337048350162	-3731.1505028809815	7	285.0	284.97921442333995	0.6106494396722083	0.6030062252106229	0.7027027027027027	0.6296196105821518	False
17	2043-10-01	GARW	south	0.11945747685523492	0.01758308832598819	1.0541268499869356	0.11332362595328581	0.9154894055250058	-4.042362939622081	11	344.0	344.0750512303565	0.11078481243239126	0.11385486974543171	0.1910828025477707	0.14943320728523646	False
18	2043-10-01	GARW	south	0.03755099063624888	0.0018296605799984639	0.5858341342055415	0.06409833166715753		-1.2142000756251599	17	3060.0	3059.9712371659302	0.8916163064535875	0.8880661115590558	1.0	0.9461559009472357	False
17	2044-04-01	GARW	south	0.057309266579563596	0.00690833550937173	1.1318245989078253	0.050634406280677426	-0.7619613538825716	-5.246169548594101	13	375.0	375.0725187249279	0.10954189174080725	0.11029195051712673	0.1910828025477707	0.1223578943053564	False
18	2044-04-01	GARW	south	0.09291713418694317	0.013419409452380045	1.5556615554875535	0.059728373346490775	-0.11900721445027278	-5.538705138163457	25	3566.0	3566.0628368643756	0.897903622371355	0.8812004696996156	1.0	0.9271138727852118	False
18	2044-10-01	GARW	south	0.0067351328519775575	6.404969753585137e-05	0.11442419772262763	0.05886108870349257	0.9831649461016954	-12.34056554890763	5	153.0	153.24924818551946	0.9170825291793033	0.8904571844909913	1.0	0.9027304212691555	True
19	2044-10-01	GARW	south	0.07616274636135643	0.008825997105184424	1.9071871354108845	0.03993459527239729	0.2976125237292159	-705.4097581043151	6	175.0	174.82490005519998	0.9798424861643252	0.9602767254105364	1.0	1.0	True
19	2045-04-01	GARW	south	0.21289328085865333	0.04935330480029846	5.425888757514589	0.03923657309851895	-0.4893785982347415	-119.85424088271166	30	981.0	981.1793587494637	0.9954129416773095	0.9927475116756823	1.0	1.0	False
19	2045-10-01	GARW	south	0.010903749320900472	0.000197483679444099	0.28406541618233777	0.038384642056889816	0.7289066578728923	0.4785555457365075	46	2834.0	2834.2924289304287	0.9215665020309692	0.9190448261268237	1.0	1.0	True
20	2045-10-01	GARW	south	0.018918517779999203	0.0005294089879298401	0.40304745850352197	0.046938685211518054	0.9970798194740936	-0.09509574025803191	13	532.0	531.9989108935519	0.24616079907465405	0.24196709683017525	0.4125874125874126	0.4016601029504802	True
19	2046-04-01	GARW	south	0.06682844047596893	0.006899484124840644	1.3363336316809091	0.050008799368394766	0.7482962804420523	-7.965215960377192	27	2264.0	2263.6121104825324	0.7885347565148931	0.7952223593027667	1.0	0.9937892745427017	False
20	2046-04-01	GARW	south	0.0972844850207561	0.018675038764135204	2.0410162301227497	0.047664728768425944	-0.7594309177101761	-23.657699696176735	17	632.0	632.0500622424361	0.3128457483623314	0.2940685704793715	0.6041666666666666	0.47842727121295964	False
19	2046-10-01	GARW	south	0.36420626651613097	0.13517365156237116	7.762267466794533	0.046920087213450756	-1.0	-70584.18740004905	2	29.0	28.99696142165325	0.48684210526315785	0.5183395140695248	0.5	0.5245194818134424	False
20	2046-10-01	GARW	south	0.3469288748812893	0.12229636894563711	8.706439210735457	0.03984738955662946	-1.0	-172665.30866422475	2	31.0	31.089726072960502	0.513157894736842	0.48166048593047517	0.5263157894736842	0.48784045367439277	False
20	2048-10-01	GARW	south	0.02268722892064779	0.0005196405222410653	0.5454550060830523	0.04159321789631422	0.9957481420230703	-0.7802255097118584	4	52.0	51.35928621289301	0.0476262162223997	0.024333193004222015	0.05970149253731343	0.04405951226684087	True
21	2048-10-01	GARW	south	0.03995024068494413	0.0024173908684463658	0.8179639241458914	0.048841079056951946	0.9535463248918497	-1.482347806222203	20	2183.0	2183.034007463895	0.6757668983544229	0.6740986840355276	0.7976190476190477	0.6976783387484841	True
22	2048-10-01	GARW	south	0.023879723765751842	0.0008479197458698669	0.44396710640331816	0.0537871464379582	0.9852985081899341	0.10948982538597007	14	946.0	946.017915277898	0.2907583500959358	0.2956976938186849	0.38783269961977185	0.3549703595862876	True
20	2049-04-01	GARW	south	0.017075946803773407	0.0003038814545513686	0.9191264577528669	0.018578452028811858	0.970223936253402	-1.3023460702264544	4	52.0	51.71151541338938	0.0476262162223997	0.03652610813186708	0.05970149253731343	0.04856922769385382	True
21	2049-04-01	GARW	south	0.018491563299748395	0.000417895957783246	0.30364774331306943	0.06089807583612788	0.8714453431913117	0.7347874017407633	25	2363.0	2363.2281777492635	0.6651828402174617	0.6665396273930648	0.7976190476190477	0.7049291907375115	True
22	2049-04-01	GARW	south	0.016064040903271275	0.00031918520697077763	0.28772028181797116	0.055832146422803576	0.9170636078353844	0.7685484056026699	19	1043.0	1042.678099158216	0.3058497772503644	0.3031764619500393	0.5416666666666666	0.41851498891701305	True
21	2049-10-01	GARW	south	0.0048399212490886565	2.414325833435669e-05	0.08131659016234993	0.05951948107299719	0.9765665976549415	-2.914391264927673	3	56.0	56.015322229181585	0.5853174603174603	0.6087130813650176	0.6785714285714286	0.6290595563964696	True
22	2049-10-01	GARW	south	0.007612966262153839	6.297340439088419e-05	0.1589712708257399	0.047888943848847836	1.0	-2.1782917647951994	2	28.0	27.420764048482773	0.44940476190476186	0.38044137766722913	0.5416666666666666	0.39997317156658174	True
24	2050-10-01	GARW	south	0.001616503452314436	3.800343159501428e-06	0.03839974917333706	0.042096719044114446	0.9984034327766799	0.9948499822863959	23	3564.0	3564.0055147787693	0.9860209028201856	0.972050002164401	1.0	0.9966424025048333	True
24	2051-04-01	GARW	south	0.17795136752774476	0.038553820223420854	3.0272345145864605	0.05878347603078054	0.08159006588084956	-26.740669002287355	29	3791.0	3790.7477997963465	0.9913717935391759	0.9912472601873549	1.0	0.998439102478163	False
25	2052-10-01	GARW	south	0.12520737997166653	0.020179628378072377	2.7392582504793226	0.045708497893456164	0.9937404178869621	-26.643147752053807	16	735.0	734.9943092640065	0.31333242231611497	0.3074040113783964	0.5555555555555556	0.5010664706523636	True
26	2052-10-01	GARW	south	0.12709028064324396	0.020723163613843895	2.586548184330554	0.04913509108902885	0.9934619252496687	-29.199040863393375	16	2145.0	2145.0099071380628	0.6838109238370939	0.6896928324385834	0.8229665071770335	0.8503051298427456	True
25	2053-04-01	GARW	south	0.004756623113369167	3.07700571374923e-05	0.07645830518829748	0.062211987326357895	0.9988880432186233	0.9727805550347886	19	773.0	772.8051509367339	0.28386632369392995	0.2748097515626677	0.5555555555555556	0.49464460684460954	True
26	2053-04-01	GARW	south	0.003976227251385778	2.0654610089012427e-05	0.06692346518655502	0.059414545261541614	0.9981829978889453	0.9861494247134727	24	2540.0	2539.98189221528	0.7553324951501219	0.7597439442533457	1.0	0.941159775502585	True
25	2053-10-01	GARW	south	0.0024763073128458643	6.1320979076539055e-06	0.04036344113321586	0.06135025268715414			1	11.0	11.081430539109444	0.1375	0.10157645566708005	0.1375	0.10157645566708005	True
26	2053-10-01	GARW	south	0.005497673823917304	4.265571050577936e-05	0.09118873288262823	0.06028895950329221	0.6635407801185317	0.040188618084283534	6	194.0	193.91575582347033	0.906559205533389	0.9082504281173712	1.0	0.9239488297280448	True
28	2054-10-01	GARW	south	0.004540870198564213	3.264297544484347e-05	0.08002799739273249	0.05674101997429938	0.9988061971067794	0.9731665990210906	18	3300.0	3300.0313217558773	0.9510166676391447	0.9346124096987963	1.0	1.0	True
29	2054-10-01	GARW	south	0.005283776037919885	3.5921800428140005e-05	0.08360702317366993	0.0631977534583947	0.999617493352296	0.9508209898648589	9	208.0	208.0126569056379	0.08046607275718103	0.07980921013752117	0.17647058823529413	0.13104892327785989	True
0	2026-04-01	GARW	tropics	0.028656778440449136	0.0011402876908557754	1.4710147142159617	0.019480959750781932	0.19201859364539195	-9.869875336582268	33	2004.0	2003.909509066407	0.9963514746123442	0.9971091234821403	1.0	1.0	True
1	2028-04-01	GARW	tropics	0.007269099959246278	8.365559048218548e-05	0.2846193180674639	0.025539727972797927	0.940178309751373	-0.6263712667598895	22	1264.0	1263.9870931272676	0.8766078592564761	0.8678192546320983	0.9302325581395349	0.9053140740693209	True
2	2028-04-01	GARW	tropics	0.013949622187449004	0.0003441955953772416	0.5927249028853322	0.02353473275636553	0.9160938391990431	-0.6259426798079477	7	98.0	97.11432533374662	0.14413135452577977	0.12355968839276656	0.1891891891891892	0.13542453444366337	True
1	2028-10-01	GARW	tropics	0.03680998643259225	0.0040969903496195625	0.936259028860165	0.03931602825492218	-0.3412577699733242	-13.141193332737625	43	2249.0	2248.8841248792596	0.8633637267354468	0.8527372208529614	0.96	0.8988009536080961	True
2	2028-10-01	GARW	tropics	0.003888419464939228	2.4489100939547924e-05	0.3129424418937452	0.012425350302147515	0.9960657643606075	-0.8936026895252882	7	98.0	97.12967015918717	0.14413135452577977	0.10073717846588426	0.1891891891891892	0.10413175088301563	True
1	2029-04-01	GARW	tropics	0.0059090605259713705	7.002426577045953e-05	0.14703507381763262	0.04018810187629361	0.5269608102517527	0.07215367272869555	20	805.0	804.9552772284635	0.8308639525117624	0.8188887788596908	0.96	0.9043483262865487	True
3	2029-04-01	GARW	tropics	0.00755759549149849	6.657739020124578e-05	0.46390746711446745	0.016291170173455476	0.1994429157182461	-2.9897275393391416	13	226.0	225.63318161023147	0.9356787882805981	0.92972915547748	1.0	0.9612863237027377	True
3	2029-10-01	GARW	tropics	0.0031778215728424544	1.747676360818877e-05	0.18506288810847746	0.01717157667495022	0.7667411416018463	0.19658823918270374	39	921.0	920.3289907117278	0.7759263609794613	0.7683524657852111	1.0	0.9345548250270462	True
4	2029-10-01	GARW	tropics	0.0028241438569016094	9.75683113844142e-06	0.14444824533567857	0.019551250694244664	0.8693059349838312	-3.042634035589498	14	338.0	337.99629538438876	0.44461117727060806	0.4280328499107601	0.625	0.6322244977886905	True
3	2030-04-01	GARW	tropics	0.03533369882988334	0.002729334533452796	2.6659805295506867	0.013253547217705426	-0.2567814354471561	-86.63508785127952	39	928.0	927.794942034001	0.5411679683541062	0.5353530970646317	0.9705882352941176	0.9354637502847012	True
4	2030-04-01	GARW	tropics	0.02970704906389434	0.002411547797723082	1.4403981986272332	0.020624192040927674	-0.6345031481062999	-25.713524185432707	40	1405.0	1404.8092346493302	0.6631971814944473	0.6588089700242745	0.9473684210526315	0.8509859774365185	True
3	2030-10-01	GARW	tropics	0.0029872162096929392	1.3714787384222958e-05	0.24063143920178123	0.012414072822745379	0.7780718667014577	-0.6406372203808102	12	202.0	201.62092189391785	0.267315414026146	0.25596124576036156	0.3333333333333333	0.31679685700862936	True
4	2030-10-01	GARW	tropics	0.0017541760816452122	5.6749780495332735e-06	0.20198541762538005	0.008684666954020719	0.9046191571896095	0.5979142229498591	46	1342.0	1342.0882124066648	0.798037016478058	0.7916310460346715	1.0	0.8808002659808462	True
5	2030-10-01	GARW	tropics	0.0018614336283420026	3.4649351527224726e-06	0.08343525051650232	0.022309918371657998			1	26.0	25.96948007294285	0.7222222222222222	0.49755545005288093	0.7222222222222222	0.49755545005288093	True
4	2031-04-01	GARW	tropics	0.002368637356419251	1.0613310948131247e-05	0.18089219853828778	0.013094192981008541	0.6469250885382186	0.13867988680842702	28	429.0	428.99561385160155	0.6618700631114021	0.6446074975106785	1.0	0.8959295775052514	True
5	2031-04-01	GARW	tropics	0.0014787054521495481	3.7791617026090048e-06	0.06493312312151368	0.022772744957644316	0.9873704111951909	0.9679022664167384	27	1614.0	1613.942499248336	0.8113297295093587	0.7964335906083678	0.9560439560439561	0.9166973778325778	True
6	2031-04-01	GARW	tropics	0.0011012057357905167	1.385123472492468e-06	0.09646816382233786	0.01141522438240423	1.0	0.7906937481376135	2	25.0	24.990064382314152	0.14589926160337552	0.11044274901520308	0.17721518987341772	0.1262671576077942	True
4	2031-10-01	GARW	tropics	0.00498806103294368	2.5864678238626853e-05	0.5136934586478029	0.009710189898220176	0.9507849695360389	-1.7810854251189308	6	68.0	67.97818379129941	0.21265760708793738	0.19081255220452695	0.26666666666666666	0.2811976217919016	True
5	2031-10-01	GARW	tropics	0.001168159705614227	3.4031132110317343e-06	0.04710443012469896	0.024799359689136935	0.993890593260554	0.982575992022736	38	2029.0	2028.8951911384409	0.7532357904394263	0.7471852030049113	0.9560439560439561	0.9100276311476078	True
6	2031-10-01	GARW	tropics	0.002247462124124205	6.913465372704838e-06	0.11135493418807771	0.020182869672647437	0.8919254362159128	0.6414040501594771	27	482.0	481.88431870802015	0.529899097240401	0.52520576891863	0.8846153846153846	0.9001060622231634	True
5	2032-04-01	GARW	tropics	0.0026887701472918025	9.459855659875987e-06	0.1354690645120287	0.01984785350793545	0.37695590702072396	-8.024502832013084	12	310.0	309.715244596921	0.5629733128186122	0.5449468452173402	0.76	0.7414709491730478	True
6	2032-04-01	GARW	tropics	0.0024586880861124857	1.2373584962566087e-05	0.13571884095417808	0.01811604099199902	-0.5124523312761384	-0.02994527058976537	49	1191.0	1191.0153050801387	0.771068864237298	0.7695311015590388	1.0	0.9803468660985541	True
7	2032-04-01	GARW	tropics	0.003944472315477128	1.5558861847565495e-05	0.20881461559833936	0.018889828684522873			1	10.0	10.044389009629665	0.25	0.1780618314417683	0.25	0.1780618314417683	True
6	2032-10-01	GARW	tropics	0.037415429464863016	0.004164829152654189	1.8265663227636941	0.020484024586772977	-0.24664547230050698	-95.99838816324099	44	1271.0	1270.7927496487755	0.7309826970069847	0.7269798456070091	1.0	0.9789408912537665	True
7	2032-10-01	GARW	tropics	0.07249380852247093	0.00824614710123617	3.790737058304013	0.019123934846302655	0.10773736702057668	-362.23432174856765	26	727.0	727.0133537920883	0.5530111040671752	0.5470341551918733	0.8611111111111112	0.8507424869149725	True
6	2033-04-01	GARW	tropics	0.10195483506467654	0.012844132587333086	6.533740313129011	0.015604359857983141	0.7524256474860076	-1755.6262104123464	18	451.0	450.85410437792353	0.4736268970916206	0.4542719318288818	0.7755102040816326	0.7050843320329655	False
7	2033-04-01	GARW	tropics	0.17220288153897584	0.03425070608214558	2.6870952818671463	0.06408514156569822	0.34018693099611763	-190.9937799821438	49	1496.0	1495.8466432139362	0.5808691796193188	0.5803196663420677	0.9111111111111111	0.7896399157788864	False
8	2033-04-01	GARW	tropics	0.05422148368899942	0.0040332862243163	3.954604066989316	0.013710976565671424	0.944470579356871	-923.9698635866189	4	58.0	57.51696834214702	0.16426364805134092	0.15434284920071167	0.1827956989247312	0.1678788038516716	False
9	2033-04-01	GARW	tropics	0.05310055037428675	0.0038854409554694774	2.546448526148954	0.02085278764876186	0.6516905841037334	-1372.5891628818752	14	461.0	460.9581276693127	0.45859079222783894	0.4464559891715724	0.6486486486486487	0.7087965364506637	False
7	2033-10-01	GARW	tropics	0.00412012861024107	2.0971496449911074e-05	0.23095192137124118	0.017839767626865566	0.6847733402813262	-0.4977880299517361	25	721.0	720.949033140186	0.5083423179567459	0.502272352072371	0.8545454545454545	0.8290147844047141	True
8	2033-10-01	GARW	tropics	0.001195965665891024	1.8349587659652646e-06	0.11374907481402873	0.010514069392180454	0.9931412622292921	0.9431385388748386	10	141.0	140.34785487919	0.15860873456576216	0.12220827205238356	0.24444444444444444	0.13807430205676496	True
9	2033-10-01	GARW	tropics	0.0021255239474805452	6.78137625998761e-06	0.10809760411193761	0.019663007010585685	0.980974520841789	0.9599618755638643	40	1820.0	1819.9959143323226	0.7193832792542719	0.7141858821746938	0.9714285714285714	0.9217548845868063	True
8	2034-04-01	GARW	tropics	0.06508074477684693	0.005842313595284892	2.983901178823663	0.02181062336739435	0.9699734517211305	-5895.331037545353	3	37.0	36.77994738411852	0.13987910953855226	0.09456718622821973	0.14736842105263157	0.10955352450949468	True
9	2034-04-01	GARW	tropics	0.05404150627081542	0.0047208143197723035	3.166626541988133	0.01706595506424513	0.537674554455265	-122.28975724636378	28	1237.0	1237.1071390118375	0.8975496267915551	0.8864009481331191	1.0	0.9265788227284703	True
10	2035-04-01	GARW	tropics	0.0015974430071058632	3.332906785689041e-06	0.09597280889680732	0.016644745792774276	0.8496808718509925	0.5717470001850495	18	565.0	564.6142938828153	0.9903895492482783	0.9755631633033884	1.0	0.9978736986114543	True
10	2035-10-01	GARW	tropics	0.0067558054075365775	0.0006618075065850629	0.03683983536264906	0.18338315958887566	0.6874777725765782	0.346721459803499	43	1733.0	1732.758658362234	0.778216827267044	0.7765718485897446	1.0	0.9945983256770405	True
11	2035-10-01	GARW	tropics	0.006290174316311039	5.235646401147246e-05	0.24870150096452084	0.025292064148854414	0.4506973927283303	-3.1952127580902463	17	1200.0	1199.870779576747	0.5733612298704099	0.5562504560430799	0.8681318681318682	0.9935319996909681	True
10	2036-04-01	GARW	tropics	0.006619548619396141	6.30224132772265e-05	0.38268054673128055	0.017297844575424444	0.5329701515086719	-2.3078264448415613	24	1090.0	1089.943496005271	0.5735808881518131	0.5687282818387509	0.9629629629629629	0.9971175754798093	True
11	2036-04-01	GARW	tropics	0.003161847899332995	2.4829896579915276e-05	0.09382144923103476	0.03370069344747557	0.9819301693931908	0.9282093996184203	40	2961.0	2960.6389360423045	0.8026842496748742	0.791532737863544	1.0	1.0	True
11	2036-10-01	GARW	tropics	0.2640932154290026	0.08269066603909186	9.942554831867257	0.02656190686347009	0.6450434144876774	-1665.5560388173533	21	1476.0	1476.0624235812293	0.9739962073507519	0.9735802150053049	1.0	0.9972838685050729	False
12	2038-04-01	GARW	tropics	0.0046259726805560845	3.480673738144406e-05	0.6277147503975158	0.007369545924524752	-0.5251079143356492	-10.690132489455905	21	353.0	352.15409585313006	0.9937641723356008	0.9937936507999829	1.0	0.9977436547913795	True
12	2038-10-01	GARW	tropics	0.0011590165608115603	2.0383821276422597e-06	0.16220405288472578	0.007145422942269164	0.8943831524465132	0.7967580643659478	45	886.0	885.6215165138609	0.9674998539576385	0.9668933009944171	1.0	1.0	True
12	2039-04-01	GARW	tropics	0.001508559145431922	3.3104731511943335e-06	0.1766164728485355	0.00854144079032564	0.7702677316425955	0.5861238537556812	38	697.0	697.2015471309105	0.813637711830548	0.810058048905849	1.0	0.9857631212365299	True
13	2039-04-01	GARW	tropics	0.0014051609316450523	2.9402574950963527e-06	0.09285717598419076	0.015132496942231859	0.7985741748624663	0.5653772959121236	14	203.0	202.6297618921322	0.6215031653687115	0.5922076375660533	0.8333333333333334	0.7810461662173828	True
12	2039-10-01	GARW	tropics	0.0016830676357005366	3.853226094669382e-06	0.22181170117331875	0.007587821682975259	0.4975392542046566	0.20242123842412196	12	170.0	170.09242154611965	0.6044739200150916	0.5613174589464635	0.8709677419354839	0.6880579412447607	True
13	2039-10-01	GARW	tropics	0.000906962070125191	1.4595745603051237e-06	0.11628851527245802	0.007799240260314834	0.91903932568916	0.8438777558921099	39	731.0	730.8847306545414	0.8011885494831888	0.7945326094417258	1.0	0.9515270037686878	True
13	2040-04-01	GARW	tropics	0.000963237703150453	1.963356356847252e-06	0.11099140690282196	0.008678488993240816	0.8710333512806385	0.7562282841848564	39	677.0	676.7065460930504	0.9063758384828589	0.9049643710073813	1.0	0.9360678482394768	True
13	2040-10-01	GARW	tropics	0.011754152437970442	0.0008637946222511006	1.3812861061147608	0.008509571178582373	0.24532001003400172	-257.8101154103359	14	174.0	173.48757437914279	0.9241924858521496	0.9046391144441849	1.0	0.9339580818119432	True
13	2041-04-01	GARW	tropics	0.00172477604739081	2.9748524136530655e-06	0.65776327113872	0.00262218357739081			1	11.0	10.785409677260974	0.9166666666666666	0.7237945378287012	0.9166666666666666	0.7237945378287012	True
14	2041-04-01	GARW	tropics	0.00466367543067	2.56908808083426e-05	0.7840731603275145	0.0059480105513647985	0.01136402892892513	-5.533676433670911	6	71.0	70.8533879978479	0.6352669691064832	0.5924315383284265	0.7058823529411765	0.6325689115669259	True
14	2041-10-01	GARW	tropics	0.003650723076223138	2.2984164056277236e-05	0.20726009018502778	0.01761421155883904	0.7338721716037404	0.3230096410740909	20	274.0	273.3039710889366	0.4426579159159834	0.405798169316918	0.7391304347826086	0.6623957979391658	True
15	2041-10-01	GARW	tropics	0.0035200984474253465	2.4326210556469616e-05	0.19346701145381856	0.018194825158942458	0.8737582490872424	0.026824862758499046	22	737.0	736.7252660510964	0.5043764082356966	0.5014720393904658	0.61	0.5552532290146996	True
16	2041-10-01	GARW	tropics	0.004650499514688538	3.0897187944893575e-05	0.20453691104514968	0.022736725077763507	0.9682178392226617	-1.2286815730550984	14	359.0	359.00679662779896	0.31919961994440066	0.3129164632785494	0.5212765957446809	0.4359069791735061	True
14	2042-04-01	GARW	tropics	0.007915029494545622	6.653343142992599e-05	0.870282220496235	0.009094784781461434	0.8976264493619868	-7.921192372253147	14	196.0	195.84698291020962	0.3200712498192565	0.2909038750036313	0.64	0.5138183978640851	True
15	2042-04-01	GARW	tropics	0.008231819093077571	8.803913817807378e-05	0.37006388473045954	0.022244318975015127	0.927256641559102	0.46017418668004917	40	1208.0	1207.9292106203923	0.44752116333983344	0.4420207616228744	0.61	0.542129109651595	True
16	2042-04-01	GARW	tropics	0.006977160749611635	7.190365943492792e-05	0.28347198871085905	0.024613228211159615	0.8380967737543732	0.44858472152080087	40	1214.0	1213.9886468991956	0.5354453876717692	0.5354996940969811	0.8947368421052632	0.7752675127676707	True
15	2042-10-01	GARW	tropics	0.001310603306041945	2.805119995553145e-06	0.07894545391332108	0.016601377800435912	0.7926320950083167	0.6228778671068087	15	388.0	388.0738685280322	0.3669128972923171	0.35308261448411715	0.4942528735632184	0.4706561770810396	True
16	2042-10-01	GARW	tropics	0.0023563991908202263	1.1862191840614047e-05	0.1695700103300587	0.01389632038255836	0.9312378599503495	0.6320844764558013	26	816.0	815.8471745624954	0.6814420971161872	0.6703300362611757	0.9473684210526315	0.7470677685750314	True
16	2043-04-01	GARW	tropics	0.008963413896482673	8.034278867965869e-05	0.6280610315607059	0.014271565096482672			1	18.0	17.920145899283707	0.9473684210526315	0.7040295275748976	0.9473684210526315	0.7040295275748976	True
17	2043-04-01	GARW	tropics	0.001318666318724744	2.437913740812582e-06	0.10239086555989202	0.012878749598550954	-0.15514601516492563	-0.627559485242366	9	126.0	125.93905834235346	0.6204082737708467	0.5404755446845319	0.8333333333333334	0.562264233206239	True
18	2043-04-01	GARW	tropics	0.004438269286045353	2.0868711450936877e-05	0.1850089606343617	0.023989482838168184	0.3856354292557277	-16.663614184627082	6	85.0	85.06949647676637	0.5026234567901234	0.4465426975877764	0.5833333333333334	0.5078697100979614	True
17	2043-10-01	GARW	tropics	0.004041419708879752	3.770074085939424e-05	0.307574316781164	0.013139652722548942	0.9303224547243624	0.36632429021571933	34	724.0	724.2342307703902	0.32959201418935086	0.31407045078348417	0.8333333333333334	0.5667344476199317	True
18	2043-10-01	GARW	tropics	0.001882255986310537	5.797648789479117e-06	0.0721563503684118	0.026085798085687832	0.9972591298223645	0.973382726024203	32	2168.0	2168.0083358821134	0.6994856921199764	0.6847011721483838	0.8509316770186336	0.8357107203972172	True
17	2044-04-01	GARW	tropics	0.002430359140684875	7.769069625071524e-06	0.12877213730570777	0.01887333076498646	0.9938902333765147	0.9264376988831639	26	591.0	591.0304156959943	0.22695584527426252	0.23156236917748324	0.3958333333333333	0.3839674194908423	True
18	2044-04-01	GARW	tropics	0.0015082422041502437	5.376733225027995e-06	0.0636226912538134	0.023706042206440663	0.9957845861465988	0.9791390081134929	37	2388.0	2388.0140153048205	0.7801108759752534	0.7847378872759926	0.8823529411764706	0.8396791523187798	True
18	2044-10-01	GARW	tropics	0.007897968779648119	6.38502324813498e-05	0.33454564860792624	0.02360804515770048	0.5723588267487297	-28.5049946661279	10	214.0	214.00546569200878	0.8081148034971566	0.7891661349807723	0.8823529411764706	0.8161258285740911	True
19	2044-10-01	GARW	tropics	0.00164288552527923	2.8233370921394386e-06	0.03764634875895553	0.043639969862639356	1.0	0.21507414834618044	2	29.0	29.12710565970322	0.9320175438596491	0.9767465934907178	0.9473684210526315	1.0	True
19	2045-04-01	GARW	tropics	0.009577927614547383	0.00016742339167222353	0.2373695919543561	0.04035027206176066	0.9795933361785836	0.7302319476922832	28	3581.0	3581.0284758662133	0.983197631098851	0.9422189863998527	1.0	0.999875228232868	True
19	2045-10-01	GARW	tropics	0.002119098970373993	7.263822613530416e-06	0.06394116646198479	0.03314138742892452	0.998997791553542	0.9875488790307967	32	3778.0	3777.8487174132024	0.9890938605537054	0.9856091815220367	1.0	0.9996219680686178	True
19	2046-04-01	GARW	tropics	0.026255302562813155	0.0013596930084514996	0.8723209743294218	0.030098213083774996	-0.941932032558936	-1282.6919098496146	6	135.0	134.67592683013447	0.9953703703703703	0.9928388808021714	1.0	0.9983192474277734	True
20	2047-10-01	GARW	tropics	0.0019518168536082209	5.720390455136711e-06	0.112708512733887	0.01731738629376294	0.7118960548335904	0.12149475666977272	18	384.0	384.02463350414496	0.9415008811847674	0.939010745231918	1.0	0.9936049564620879	True
20	2048-04-01	GARW	tropics	0.001584635310437401	6.866070230024204e-06	0.06226108874417562	0.025451455192961752	0.9791408637636774	0.9440670161651455	44	1232.0	1228.0873012254383	0.7319928007152583	0.7312398364936036	1.0	0.996745539126606	True
21	2048-04-01	GARW	tropics	0.001431584963435341	3.293986376445224e-06	0.08044972914132231	0.017794776672529773	0.9779819539299495	0.8612919871307665	20	480.0	480.1490270250199	0.3985629094893991	0.3939584671937207	0.6724137931034483	0.637095916173531	True
22	2048-04-01	GARW	tropics	0.00026951108589461526	7.263622542009468e-08	0.14862905335191073	0.0018133136141053846			1	11.0	10.697203967455149	0.16923076923076924	0.12860510762484814	0.16923076923076924	0.12860510762484814	True
20	2048-10-01	GARW	tropics	0.01320767607970245	0.0005457540494651005	0.6891679486331951	0.01916466966564074	-0.13905300529567585	-9.74107809373311	28	826.0	826.0773913972421	0.5208225167480927	0.5166524625982792	0.926829268292683	0.8587175428395132	True
21	2048-10-01	GARW	tropics	0.03948991437933719	0.003617896233858241	1.628106042772669	0.024255124262106267	-0.1335591806889434	-38.296501911675364	42	899.0	899.0326722926729	0.509987041308828	0.5005869691415518	0.7142857142857143	0.6329415217203054	True
22	2048-10-01	GARW	tropics	0.0682331134777672	0.007177692415873753	10.055617871414256	0.006785571443773516	0.06074723266757309	-791.5546405619666	7	80.0	79.04207168683388	0.3117788757323641	0.248332605151208	0.55	0.34831650149233606	True
20	2049-04-01	GARW	tropics	0.0012440600976009152	2.5938603993413186e-06	0.06463645025673458	0.019247036194895224	1.0	-11965357.164304279	2	26.0	25.929148725752942	0.27450980392156865	0.2095492518238656	0.3333333333333333	0.21884614867127977	True
21	2049-04-01	GARW	tropics	0.001379890755181226	2.8306004335837648e-06	0.12173971120073979	0.011334762844195418	0.6402911517471266	0.31877753993642666	20	366.0	365.67009037968376	0.615402476704098	0.6030097927165663	0.7142857142857143	0.6147260149586691	True
22	2049-04-01	GARW	tropics	0.0023800549812999705	1.0007082989547081e-05	0.2730462953622559	0.008716671940713587	0.8640191902830667	-0.8348413007976874	6	69.0	68.11983109410002	0.33553689348262994	0.2677016263120947	0.55	0.3327880269773231	True
21	2050-04-01	GARW	tropics	0.006737336513845274	5.764884441601025e-05	1.0763159153968875	0.006259627324530369	1.0	-3.292826528208261	2	21.0	20.843781643270137	0.08761098779134296	0.07870945820105643	0.09433962264150944	0.09338423424470667	True
23	2050-04-01	GARW	tropics	0.010638327699340675	0.00013202914179521658	0.761790930968503	0.013964891503520047	0.27501359164629313	-1.9422327309590757	15	229.0	228.63424190281046	0.21228926707847975	0.19574909905819643	0.48484848484848486	0.40546790567478136	True
24	2050-04-01	GARW	tropics	0.010431217909408602	0.0001406229917206326	0.3265201537932616	0.03194662806637411	0.7725356017882807	0.17775093706262657	21	2159.0	2158.9768788545803	0.7556142497294753	0.7523868904095294	0.9533678756476683	0.9499772266667792	True
21	2050-10-01	GARW	tropics	0.0005956350543634572	4.807580703363115e-07	0.09643457194166528	0.006176571766438345	1.0	0.8890961102091774	2	21.0	20.93473484909735	0.08761098779134296	0.07365111982592716	0.09433962264150944	0.08588562841752054	True
23	2050-10-01	GARW	tropics	0.0013552643464766385	2.6261833361815154e-06	0.10159059434581211	0.01334045100536915	0.9828188493039446	0.9429915400902373	15	229.0	228.51006514256093	0.21228926707847975	0.19418526319834292	0.48484848484848486	0.39676302657065887	True
24	2050-10-01	GARW	tropics	0.0008694491186016108	1.6526323137579612e-06	0.02586963425931979	0.03360886782882844	0.9985447804529926	0.9966083680770867	38	3241.0	3240.6045862977003	0.8557221334581363	0.8539401716310497	1.0	0.9893262312861552	True
24	2051-04-01	GARW	tropics	0.18060981335167803	0.036422136054793844	6.801474258731802	0.026554509578538697	-0.1343834000936246	-3200.1720092155733	15	788.0	788.013177571292	0.9831172928865809	0.9779364391655382	1.0	0.9854399923045865	False
25	2052-04-01	GARW	tropics	0.0014650331557405358	3.1418018959898697e-06	0.0833919241848845	0.017568045947620497	0.6618031315662036	0.18433840638067112	17	504.0	503.93481193041777	0.9901188242651658	0.9881720042191994	1.0	0.9994557890368064	True
25	2052-10-01	GARW	tropics	0.07985214036348331	0.017346820036179756	3.2760864825819787	0.024374246769135816	0.32535771851501544	-101.97575215793515	43	1919.0	1918.998083111343	0.8330053627684397	0.8311197978932046	1.0	0.9961741758271184	True
26	2052-10-01	GARW	tropics	0.17944839275548816	0.04300631563261549	8.303329014480626	0.02161162016373654	0.3947429767150736	-2159.842602247931	17	332.0	331.6772255324061	0.29335664625492486	0.28386697876610967	0.5068493150684932	0.4902770975809801	True
27	2052-10-01	GARW	tropics	0.37077804770915906	0.13788949710432358	29.25740146664257	0.012672965783782837	-1.0	-149034.9831702774	2	23.0	23.006403650147703	0.21586134453781514	0.1898390458332201	0.23529411764705882	0.19987912605369398	True
25	2053-04-01	GARW	tropics	0.002805652759561096	1.0346079041604063e-05	0.11488564726491331	0.024421264329839026	0.9397963798545061	0.8353998138317685	29	1350.0	1349.843953621031	0.6318932669794946	0.622486063067324	0.9726027397260274	0.9585539856234161	True
26	2053-04-01	GARW	tropics	0.005422513566297863	4.584578729629825e-05	0.1560266066273568	0.03475377490743371	0.7880745480357378	0.3743916229378058	31	587.0	586.819569838702	0.3183933191512379	0.30530356974497663	0.5068493150684932	0.36747390211107295	True
27	2053-04-01	GARW	tropics	0.004745431681256365	2.7223859181581848e-05	0.34374285608114125	0.013805179067157678	0.8962321597649345	-0.1477398493499098	28	921.0	920.9812368725048	0.652003005821612	0.6450870867690895	0.9591836734693877	0.9509345182366048	True
25	2053-10-01	GARW	tropics	0.00501101162492826	2.6569572388777173e-05	0.24516363658482662	0.020439457069296858	0.6115585222737452	-14.366032264501724	3	36.0	35.99099547598204	0.24390096618357485	0.17551248401794764	0.2708333333333333	0.2118405254304106	True
26	2053-10-01	GARW	tropics	0.001877350850491718	5.473128325551388e-06	0.16869107930492694	0.01112892784981361	0.10718075312728825	-3.745239107023761	12	202.0	201.95379695764947	0.33405795985119835	0.308040994428395	0.4791666666666667	0.4306157058459604	True
27	2053-10-01	GARW	tropics	0.0013175368836474517	4.1175794507231925e-06	0.06914513156539343	0.019054658713049122	0.9841530689598637	0.9418259064394269	45	1422.0	1421.9207793408364	0.8299493725792254	0.828827791267651	1.0	0.966943650119686	True
27	2054-04-01	GARW	tropics	0.010943985093894487	0.00012206970803207912	0.8862392146305093	0.012348793546059968	0.5965618648843163	-47.8350503307647	21	491.0	490.5635804723219	0.9606891810436606	0.9599375844545011	1.0	0.9741552801329154	True
27	2054-10-01	GARW	tropics	0.0007521662437141603	5.657540581830695e-07	0.10042321541047725	0.00748996375628584			1	13.0	12.730276710167132	0.9285714285714286	0.9891592817767356	0.9285714285714286	0.9891592817767356	True
28	2054-10-01	GARW	tropics	0.002131399051655366	1.041606555188018e-05	0.1094875899828668	0.019467037789295562	0.838487421860588	0.3965800512509263	19	582.0	581.9757049886701	0.942942612942613	0.9248405159592551	1.0	0.9758324508524213	True
29	2054-10-01	GARW	tropics	0.0035530856980695146	1.346882561051793e-05	0.13507046813622062	0.026305422251784703	1.0	-11.260029333348271	2	24.0	24.000003193155756	0.15224358974358976	0.12198765894984158	0.1794871794871795	0.12841566087940046	True
