variant	pivot_date	model	location	mae	mse	normalized_mae	max_r_data	correlation	r2	n_points	total_sequences	total_smoothed_sequences	mean_variant_frequency	mean_smoothed_variant_frequency	max_variant_frequency	max_smoothed_variant_frequency	converged
0	2025-04-01	FGA	north	0.41865451441788354	0.17664553378529246	10.295949238136908	0.04066206084885872	-0.9602241036809993	-337.4909058384277	11	495.0	495.0345476580281	0.32911376113943286	0.3183861766676374	0.5370370370370371	0.4643919028864761	False
1	2025-04-01	FGA	north	0.24768224824383764	0.0623395972818948	3.6108413876485828	0.06859405375463774	-0.7550280612164328	-163.41256738014664	11	1260.0	1260.2777656335509	0.670073967765089	0.6806899547375022	0.7983539094650206	0.8264681703562293	False
0	2025-10-01	FGA	north	0.03330250059384185	0.001377586563474241	0.6527513478456137	0.051018662318746265	-0.5016790434096555	-0.5826503216343317	17	641.0	640.9912278650836	0.2643295706035568	0.25783644890489654	0.5370370370370371	0.5330519430693638	False
1	2025-10-01	FGA	north	0.24778493352103972	0.06324399060983046	3.739827985878825	0.06625570332556688	-0.32386755257939837	-39.72839536347334	23	2246.0	2245.9693174401536	0.7826602400410809	0.7881085458934614	0.9629629629629629	0.9341996373947402	False
0	2026-04-01	FGA	north	0.2879517414346994	0.08297702292929414	5.497817686165511	0.05237564391400059	-0.8543264365844518	-1539.9250805273587	3	56.0	55.90575652477765	0.14662120511635074	0.12694836691013048	0.16071428571428573	0.14613241705958932	False
1	2026-04-01	FGA	north	0.09116093368745735	0.008423178676488747	1.989488130057855	0.04582130062007777	-0.65661703553054	-109.01498415424652	10	633.0	633.0483103339568	0.9004475665218195	0.8947583671328584	0.9629629629629629	0.9426063249452091	False
3	2027-04-01	FGA	north	0.001877826907364252	4.127223336913044e-06	0.041412808555426624	0.045344109053868716	0.9995819431480965	0.9928125025816539	15	1484.0	1483.8822231010886	0.4967460346829544	0.4841639403914722	0.6785714285714286	0.6154686410260823	True
4	2027-04-01	FGA	north	0.002708497595233562	1.2884216325686724e-05	0.04671126592009043	0.057983819146906104	0.9997890066937629	0.9807489732549773	14	1440.0	1440.0253975238136	0.4090781293150848	0.40720952901902313	0.5362318840579711	0.5124315815674875	True
5	2027-04-01	FGA	north	0.005423310820946765	4.1392736615107337e-05	0.10857771887416172	0.04994865315997491	0.9997740332853137	0.9357440186307682	11	310.0	309.963319188983	0.09970100097922611	0.10238193061944247	0.13553113553113552	0.10512732666040693	True
3	2027-10-01	FGA	north	0.0027305899860310314	1.150010633653909e-05	0.04032587877421125	0.06771309315588349	0.999235351277719	0.9928831686713055	22	1708.0	1707.9809615907418	0.41835396829940646	0.4189238523558126	0.6785714285714286	0.602450218524398	True
4	2027-10-01	FGA	north	0.002865077282667829	1.1064885266446484e-05	0.0479558690979849	0.05974403835354991	0.9982933992758704	0.992455649455209	22	2000.0	1999.998055615166	0.49367579627531927	0.49025628188244674	0.7131782945736435	0.6930339668550567	True
5	2027-10-01	FGA	north	0.002443809813512418	8.236032935447259e-06	0.04901927882440772	0.049854054815175984	0.9992527268699916	0.9925738987399466	16	380.0	379.9664182683008	0.09761776808657865	0.099207115232963	0.13553113553113552	0.10345333090710221	True
3	2028-04-01	FGA	north	0.0053313840804719735	4.191341865906708e-05	0.09007619601782825	0.059187491436880436	0.5400849947464472	-1.3870513148694164	5	99.0	99.03309173068298	0.233330662809243	0.24485721098261806	0.2631578947368421	0.2617652645548178	True
4	2028-04-01	FGA	north	0.0036766180090874417	1.8688029891616503e-05	0.06985622769796666	0.05263121313941862	0.9095493811851084	0.6468895668324419	6	310.0	310.0098959337904	0.659359534416654	0.647322704088213	0.7131782945736435	0.6611594663820637	True
5	2028-04-01	FGA	north	0.004954938663451695	3.9350825137511745e-05	0.11027582758348418	0.044932228322662686	-0.6742938618808373	-23.479982022679586	3	32.0	31.999576622852835	0.09534296452901103	0.09432180944975181	0.125	0.095472034152227	True
6	2028-04-01	FGA	north	0.004478425176101753	2.014658361184795e-05	0.46910673693613675	0.009546708293621111	1.0	-89.25215629115213	2	24.0	23.98690531850682	0.8	0.6810400895049032	0.8	0.6876413019782202	True
7	2029-04-01	FGA	north	0.17562992816459075	0.03374958307604356	1.8822417451436129	0.09330891136472504	-0.756025856888999	-21.083690774757294	25	4769.0	4768.963643581713	0.9437842020713707	0.9373731522986425	1.0	1.0	False
8	2029-04-01	FGA	north	0.04262171650907316	0.0025989072830183363	0.4909618298431212	0.0868126887230566	-0.8987738525447708	-0.7142600860345407	13	276.0	276.10976919533823	0.09622035214753406	0.09960831762495559	0.22972972972972974	0.1821050182172193	False
7	2029-10-01	FGA	north	0.11038081850721246	0.015077866896830442	1.1823443264930182	0.09335759138339661	-0.5986404977853937	-6.591959938302177	27	4818.0	4818.152318287635	0.9213496157294033	0.9215274928659755	1.0	0.998742196857968	False
8	2029-10-01	FGA	north	0.118174423939244	0.015026622308784704	1.4291428129562818	0.0826890237056099	0.7565581902303284	-10.85768637823801	14	287.0	287.032802586057	0.11245671354876062	0.09988953740349618	0.3235294117647059	0.21930905036761028	False
8	2033-04-01	FGA	north	0.024868476177700594	0.0006184411074008619	0.5707827284717298	0.043569076177700596			1	11.0	11.0233863332429	0.035256410256410256	0.04205767072971279	0.035256410256410256	0.04205767072971279	True
9	2033-04-01	FGA	north	0.014320097386718801	0.00042171726454346705	0.23595235670054016	0.060690630883984804	0.9823437601995104	0.3189667518065312	15	2054.0	2054.0041343414505	0.607368742605341	0.6065551204183899	0.7037037037037037	0.6259495560168987	True
10	2033-04-01	FGA	north	0.017108597941861262	0.0005125809704836719	0.27347163910548034	0.06256077594672378	0.98941054346961	0.24895749377868615	12	1115.0	1114.886734978641	0.33376909736577454	0.3320912960251295	0.36538461538461536	0.3419465248923028	True
11	2033-04-01	FGA	north	0.03785174707358708	0.0015895523678083616	0.8438973469478775	0.04485349694543471	0.9932808892073157	-5.909622319672001	5	97.0	97.02652797473698	0.04925548453781422	0.04790772028361521	0.06686046511627906	0.0614205166554161	True
9	2033-10-01	FGA	north	0.004401541591083634	3.07289511087303e-05	0.07051554431012096	0.06241945140104223	0.9995204592129022	0.9841744739633599	23	2590.0	2589.9889746761683	0.5942665345885761	0.6073313699663175	0.7037037037037037	0.6311014258622637	True
10	2033-10-01	FGA	north	0.0042367594081155	3.660485416773708e-05	0.06457361447557196	0.06561130954994406	0.9985217965013481	0.9792796623797353	19	1382.0	1381.9448855389312	0.3232856031216976	0.33199833965354236	0.36538461538461536	0.3487841081380662	True
11	2033-10-01	FGA	north	0.01470347830655561	0.0002319445208201145	0.44606434487453733	0.032962684589128495	0.9926413937701183	0.25249510093995087	9	169.0	168.81442265736396	0.07327173957346612	0.04339397806214071	0.12169312169312169	0.05028724925833873	True
9	2034-04-01	FGA	north	0.15533252973379302	0.02510100314428531	2.9843312572216516	0.05204935925189628	0.8828111074191535	-6324.220248717933	5	178.0	177.75838046519837	0.556358106224042	0.5489130702248121	0.6388888888888888	0.5576968493913103	False
10	2034-04-01	FGA	north	0.17260495077320878	0.030271444730033903	3.409624177401864	0.05062286685940087	0.9899824126384522	-1525.4025849895374	4	91.0	91.21957158062598	0.31120951290743926	0.32183591855583216	0.3466666666666667	0.3298071442395431	False
11	2034-04-01	FGA	north	0.2311909217431299	0.05344924229643802	6.269907081690102	0.03687310174312992			1	11.0	10.94742893718395	0.09734513274336283	0.12420859679925818	0.09734513274336283	0.12420859679925818	False
11	2036-10-01	FGA	north	0.02490680857568904	0.0006203491134260171	24.321311328284345	0.0010240734243109578			1	11.0	10.629758102959117	0.4074074074074074	0.2840476967177485	0.4074074074074074	0.2840476967177485	True
13	2036-10-01	FGA	north	0.03214396778832743	0.0010391429212807109	2.313154481920956	0.013896161298156582	0.9414006637870171	-20.58210605693949	6	83.0	82.81180909508548	0.614374201787995	0.5710800873085967	0.7222222222222222	0.6413792977990717	True
12	2037-04-01	FGA	north	0.19085418194405707	0.037077952039106174	3.938627009781762	0.048457033750609516	0.45204460636736127	-45.110956425560275	14	280.0	280.11512291178724	0.09858512760008398	0.09799736061990091	0.17647058823529413	0.11252336384142596	False
13	2037-04-01	FGA	north	0.17439268123078785	0.031644680047926935	4.385178475870283	0.03976866214006896	0.03590180967771201	-57.209655988113816	26	3075.0	3074.915820697206	0.8463042303250652	0.8299859379828246	1.0	0.9241588966913279	False
12	2037-10-01	FGA	north	0.1936147307814667	0.037633498599199726	5.448240119363678	0.03553711410283432	0.977786296589385	-88.09787947535773	14	280.0	280.09122905520445	0.09858512760008398	0.08482107142382787	0.17647058823529413	0.10978961560711457	False
13	2037-10-01	FGA	north	0.16809536318959423	0.02881984717759331	2.823365425597937	0.05953723229220133	0.941756671973331	-20.27343840537653	28	3255.0	3254.9169566525698	0.8904161633352622	0.8793782766385329	1.0	0.9142357271025437	False
13	2038-04-01	FGA	north	0.032412001739897736	0.0010933216443150956	0.5473772714825239	0.05921327652518826	0.9981916547658972	-66.02328995222705	4	90.0	90.09436132570892	0.8414946680426557	0.8836906357006907	0.8947368421052632	0.8922147624577479	True
14	2039-10-01	FGA	north	0.002505166172801825	8.834425121193435e-06	0.12258338797722072	0.02043642465867685	0.9727101638974944	0.7893496732167915	7	87.0	86.367942539738	0.5236409402470666	0.5552018396167835	0.7857142857142857	0.7210347084211075	True
15	2039-10-01	FGA	north	0.0016883445971483607	4.705552003224639e-06	0.05523608756935444	0.030565970028714924	0.9903722198922469	0.9750629472356043	25	506.0	505.7731963621867	0.8720586850452838	0.8465358101730956	1.0	0.9988954100378705	True
15	2040-04-01	FGA	north	0.07988447414866102	0.008982944040444557	1.6645418915384977	0.04799186764523279	0.05048460972843912	-16.633881840375807	47	4444.0	4444.324280785444	0.9646060817678639	0.960563171458906	1.0	1.0	False
15	2040-10-01	FGA	north	0.154444869726672	0.025132318581470973	2.7789026814589564	0.05557764608208109	-0.09872615923009728	-22.008889006021406	27	4052.0	4051.8548438304542	0.9912899050698508	0.9922347491219786	1.0	0.9960386612837782	False
16	2042-04-01	FGA	north	0.023313112173594216	0.0006488504094143675	0.85588003273708	0.02723876160428646	-0.6774452034954986	-8.17080238740046	14	475.0	474.91031883900934	0.5632312502910304	0.5737834484792153	0.8333333333333334	0.781408666132009	False
17	2042-04-01	FGA	north	0.034677853526942	0.0015427703026846522	0.6660725923555033	0.05206317438210003	-0.8996542290942	-5.181853003557353	12	435.0	434.98278994417234	0.4683499802489401	0.45407259845569925	0.648854961832061	0.5486102095691777	False
16	2042-10-01	FGA	north	0.003233256131441016	1.606790309304599e-05	0.09195389296452842	0.03516171014845731	0.9892814190146622	0.9649700904057844	21	638.0	637.9497176484066	0.47908051131589424	0.47923417689427367	0.8333333333333334	0.786773867316555	True
17	2042-10-01	FGA	north	0.0022221190647556573	1.1119903058748733e-05	0.0380284900064846	0.058433008104627406	0.9943307040321133	0.9872239317899942	24	877.0	876.9465096121892	0.5922124726627914	0.5952344898783988	0.9166666666666666	0.8142520884539846	True
16	2043-04-01	FGA	north	0.2710529121284718	0.07351333300433294	7.3189954395840235	0.037034168741588554	-0.6837599676702181	-2042.607285974211	5	96.0	95.94213974916978	0.2971987258986019	0.28261418696464446	0.32926829268292684	0.3258197630156345	False
17	2043-04-01	FGA	north	0.06978353243464235	0.007367806315801982	1.7624213078295987	0.03959526143075287	0.4159749268126016	-26.19029619704561	18	449.0	448.876172895608	0.46349297869390277	0.47207895845291437	0.9166666666666666	0.8396512841093113	False
18	2043-04-01	FGA	north	0.08183294529730976	0.010714070480175652	1.8270409584788367	0.04478988000654484	0.8394754927735613	-45.444825441194055	15	1272.0	1272.0098630169002	0.8240553268258602	0.812656637887102	0.9508196721311475	0.9617213823289507	False
17	2043-10-01	FGA	north	0.18864404653370803	0.03560889336600145	10.492464339853017	0.017979002875157794	0.9900774874249285	-275.8390115568056	8	133.0	132.90878534920554	0.13137382774754752	0.1181408642236408	0.2	0.17036970191437076	False
18	2043-10-01	FGA	north	0.1553758129975378	0.025409160414767887	3.4848764458149573	0.04458574512279512	0.990754556433056	-22.35013966398968	26	2026.0	2025.9689065158097	0.8847935346078732	0.8707775896790797	1.0	0.9595309947045668	False
18	2044-04-01	FGA	north	0.28544751391374434	0.0815777120126481	6.394168063692167	0.04464185349374742	-0.80923356080949	-1337.013224775735	9	469.0	468.9841326060254	0.9680174713810233	0.9532783930725901	1.0	0.9644565262801588	False
19	2044-04-01	FGA	north	0.16876507952183362	0.028508565581823835	5.382030297877104	0.0313571403692026	0.628284748646335	-673.1941495543416	8	124.0	123.90514127094056	0.7231815980114129	0.7213636298557972	0.8846153846153846	0.8442093202318712	False
19	2044-10-01	FGA	north	0.017609110531999858	0.0003797480584953385	0.6627619436215921	0.026569284343299415	0.876830276935295	-0.3273061691327346	17	287.0	286.87142442772455	0.7244662762437744	0.7226351590260242	0.8846153846153846	0.7519629921516193	True
20	2044-10-01	FGA	north	0.013965872248995686	0.00019504558767526782	7.042962416338667	0.0019829542489956864			1	10.0	10.05488633623862	0.3333333333333333	0.258499008593088	0.3333333333333333	0.258499008593088	True
19	2045-04-01	FGA	north	0.192947952412175	0.04050453150154967	7.908712651365908	0.024396884918919275	-0.3566132465485561	-131.25871258660464	16	266.0	265.73583774431404	0.29330330055892706	0.29849675710953655	0.8181818181818182	0.7621300546148247	False
20	2045-04-01	FGA	north	0.14735931780169625	0.022570170593231447	2.1058401947029908	0.0699764959242218	0.8884097527677592	-18.059753925441235	22	2464.0	2464.004357794673	0.6124722300411901	0.6052253326813154	0.8928571428571429	0.7585180862902682	False
21	2045-04-01	FGA	north	0.15457302364813902	0.024896040848959904	2.532015432711173	0.061047425561158164	-0.166202730599001	-25.213779629226103	16	1769.0	1769.0009030724432	0.37088650465918616	0.36582127997853187	0.6428571428571429	0.6644628627460146	False
22	2045-04-01	FGA	north	0.05399101768578453	0.0035673884977260855	1.1763386101017992	0.0458975138808988	-0.6720645053413798	-6.150784675243804	9	132.0	132.09046381137236	0.04708630860123361	0.04618149694593389	0.11038961038961038	0.06998952158024933	False
19	2045-10-01	FGA	north	0.004854472653381312	3.645220157365677e-05	0.11148261814379927	0.043544659555085276	0.9984528726661952	0.9320247202833112	10	161.0	160.67819317548245	0.06121396624402129	0.050061664799444995	0.12612612612612611	0.09985091462740386	True
20	2045-10-01	FGA	north	0.0037976953668054773	2.321686870364483e-05	0.06046832170735836	0.06280470930191763	0.9948837839266925	0.9832776669475792	24	2528.0	2527.9603876433202	0.5610240698634591	0.5641898701611089	0.8928571428571429	0.7583288365729571	True
21	2045-10-01	FGA	north	0.00309758093816965	1.2912477050272917e-05	0.047830100365903315	0.06476216680443818	0.9982316639972533	0.9937349751599655	23	2043.0	2042.9981381114487	0.45750290092851786	0.44012220335139757	0.7727272727272727	0.6554439601079719	True
22	2045-10-01	FGA	north	0.022794196049000164	0.0005849286016037879	0.5893217576130632	0.038678694201489804	0.821217249716591	-0.10820464609586211	10	149.0	149.0037824410796	0.05378707371426461	0.039373939517642134	0.11409395973154363	0.053492981352335475	True
21	2046-04-01	FGA	north	0.24576066346390552	0.060565232113858586	3.6694904865255387	0.06697405657988346	-0.9248046601108011	-1912.8123179454103	4	86.0	85.75463123978349	0.6708340207886487	0.6173486397241484	0.7727272727272727	0.6880162904341779	False
23	2047-04-01	FGA	north	0.002529423189704052	7.869943467250018e-06	0.04317959315607121	0.05857913437399783	0.9983085295359312	0.9944446456242457	25	1903.0	1902.9651257623914	0.3371067206176663	0.32002807974548575	0.42857142857142855	0.3756571702598893	True
24	2047-04-01	FGA	north	0.0020052339110792124	6.084419775166503e-06	0.032681223232267104	0.061357370158023575	0.9981949418750619	0.9958365669284948	27	3870.0	3869.971576608773	0.6546165473407515	0.658336534095224	0.8421052631578947	0.6902000027346858	True
25	2047-04-01	FGA	north	0.006277807259494454	3.941086398736127e-05	12.665044058673695	0.0004956798594944546			1	14.0	13.854688191831324	0.03153153153153153	0.02044482456222722	0.03153153153153153	0.02044482456222722	True
23	2047-10-01	FGA	north	0.18649656274201248	0.03595518470362763	3.1175361018150576	0.05982178125649692	0.4817280620885891	-25.144127844342634	23	1877.0	1876.9635593103767	0.33291138371220125	0.33171961018926577	0.42857142857142855	0.4012147647893613	False
24	2047-10-01	FGA	north	0.2082577305796121	0.044623335152388706	3.573528517160699	0.058277898043774555	0.6080197252793984	-26.73837920886066	25	3826.0	3826.0377841421337	0.661147452063786	0.6531875657058062	0.8421052631578947	0.7038372368757875	False
25	2047-10-01	FGA	north	0.2463580455949037	0.060692286629340654	39.1038583278305	0.006300095594903711			1	14.0	13.533305521364737	0.03153153153153153	0.02429026731103125	0.03153153153153153	0.02429026731103125	False
26	2051-04-01	FGA	north	0.0018619705221805327	5.177938541043208e-06	0.04808718779075612	0.038720719753515355	0.9956063067028005	0.9894458830390451	27	2219.0	2219.052804110123	0.8431589871114707	0.8339011207820038	1.0	1.0	True
27	2051-04-01	FGA	north	0.0017960517056786836	3.901944999667911e-06	0.03660120197965333	0.049070839440658584	0.9997104354083958	0.9914521487122492	13	769.0	768.9928497216578	0.2660558558047506	0.27285246187025247	0.46703296703296704	0.39804526660648504	True
26	2051-10-01	FGA	north	0.002502612450166952	8.921921136534414e-06	0.04248089617760575	0.058911479637904406	0.9975147630256382	0.9930038828250419	27	2405.0	2405.006300119536	0.7003553521002275	0.6973350617299664	1.0	0.924241096751978	True
27	2051-10-01	FGA	north	0.0016745572232003808	5.469299680747709e-06	0.028674222136436636	0.05839939494199926	0.9996209508361765	0.9955793640549732	20	1083.0	1082.965958801748	0.3881198026035218	0.4075844558250517	0.6666666666666666	0.6955205898875162	True
26	2052-04-01	FGA	north	0.09588311986693922	0.009276174705653242	1.6096567424963806	0.05956743281690992	-0.9949969081672575	-391.8145759128842	4	88.0	87.70766065152901	0.4198296327328585	0.41525984218301804	0.47619047619047616	0.4621128409673162	False
27	2052-04-01	FGA	north	0.24817366901301052	0.061675115546070226	5.678916498680109	0.04370088362290429	-0.9922812684849867	-4662.605412057997	5	127.0	127.00435420271234	0.5784220080994273	0.5949890639484586	0.6666666666666666	0.6522640941102991	False
28	2053-04-01	FGA	north	0.08252247110641707	0.010483479732687491	2.079926362670533	0.03967566957536991	-0.8213110351096715	-16.96310380882908	22	2906.0	2905.7704645533618	0.9728054316443278	0.9673736812180143	1.0	0.9791603308328723	False
29	2053-04-01	FGA	north	0.10191478254614461	0.010386622901427943	5.601235956185222	0.0181950525461446			1	12.0	11.998326559143758	0.09302325581395349	0.050250999412924775	0.09302325581395349	0.050250999412924775	False
28	2053-10-01	FGA	north	0.2053565546776891	0.04344723814122247	3.7612494778395242	0.05459796163152854	-0.004439510220320214	-35.439636449680044	29	3233.0	3232.81907943043	0.9601888363503398	0.9584471830070256	1.0	0.9861017940536028	False
29	2053-10-01	FGA	north	0.11325117688092809	0.012825829064915261	5.025382300381182	0.022535833119071924			1	12.0	11.918725841519619	0.09302325581395349	0.05799524387825337	0.09302325581395349	0.05799524387825337	False
28	2054-04-01	FGA	north	0.27653931444627744	0.07652992732496057	5.1188440496186995	0.05402378188623987	-0.9370204693339022	-5920.3837922308785	5	141.0	140.83032321379093	0.9090961791831358	0.9133211459844262	1.0	0.914743455829323	False
0	2025-10-01	FGA	south	0.11107391542495067	0.012460521639248746	8.675800547031624	0.012802728096711949	-0.9853988043812754	-330.6952592611093	5	65.0	64.90784827207054	0.044695813783526585	0.02609947776587681	0.0761904761904762	0.03503307978639332	False
1	2025-10-01	FGA	south	0.034210382379112565	0.0014663652509961363	0.7339490843852017	0.04661138368715204	-0.9913259272616362	-0.6892497581774548	19	3244.0	3244.0061546857332	0.9383714084876787	0.9385843244378334	0.9631728045325779	0.9613390381293728	False
0	2026-04-01	FGA	south	0.087646558487987	0.00772184162647354	4.120803945747587	0.021269286198008226	0.9799631328166656	-121.53241212313603	5	65.0	64.49254852011704	0.044695813783526585	0.02759228125111406	0.0761904761904762	0.030521145830811777	False
1	2026-04-01	FGA	south	0.224196609864162	0.05169157248558966	3.852582795842442	0.0581938459845967	0.30886742232273057	-32.72868913327889	26	3546.0	3546.054441635232	0.9374590475561082	0.938357808454946	0.9782608695652174	0.9567703995004362	False
1	2026-10-01	FGA	south	0.07318158116344249	0.005388756709347487	1.252147163723802	0.058444872362930056	-0.8838768912058362	-367.85828130875615	5	137.0	137.00942182597706	0.9234501034040206	0.9391208261838095	0.9591836734693877	0.9441153211068981	False
3	2027-10-01	FGA	south	0.027565702586240103	0.0007598679590730443	2.247256058779882	0.012266382586240101			1	16.0	15.58878313165063	0.04113110539845758	0.03388348681166493	0.04113110539845758	0.03388348681166493	False
4	2027-10-01	FGA	south	0.035741644352682976	0.0023784520975699635	0.787149468257424	0.045406426344677744	-0.8157618382869629	-1.7180165768012277	21	1563.0	1562.9498531026989	0.442945103193036	0.42656812169797914	0.7857142857142857	0.5528169831452598	False
5	2027-10-01	FGA	south	0.02368591746743308	0.0007733944999725958	0.6083651417668373	0.03893371898107694	-0.8261914820939364	-0.4279406277023139	16	516.0	515.9782264537394	0.12797646601942333	0.13107880614999368	0.20754716981132076	0.1762396329916855	False
6	2027-10-01	FGA	south	0.10746073745452045	0.01272671646954504	1.9084480130104897	0.05630791969282204	-0.869625019657724	-13.016032687561756	15	2057.0	2056.967165333735	0.4608018442214069	0.4569075287757034	0.6269230769230769	0.6393964286757355	False
3	2028-04-01	FGA	south	0.010562088972941216	0.00011155772347232643	1.221997793365824	0.008643296272941216			1	16.0	15.572804247517187	0.04113110539845758	0.023867658431466147	0.04113110539845758	0.023867658431466147	True
4	2028-04-01	FGA	south	0.0037147388788835965	1.984145438069592e-05	0.06627588083097367	0.05604963423055003	0.9938620444680799	0.9851120832942232	25	1657.0	1656.9497560598081	0.40601315481255595	0.3948916142221936	0.7857142857142857	0.572331200439726	True
5	2028-04-01	FGA	south	0.004640414205246173	3.304246057075518e-05	0.11159335493413067	0.04158324846479644	0.9986941539478362	0.9588044102872388	19	563.0	562.9025212173078	0.12692474891743152	0.11557972663279867	0.20754716981132076	0.1355104162146052	True
6	2028-04-01	FGA	south	0.00397365840586921	1.7728652596754763e-05	0.06739672264214933	0.05895922309112578	0.9986768076122293	0.989826173286214	22	2402.0	2401.9541137454926	0.5274716668102635	0.5331855072117614	0.7142857142857143	0.6793071372277857	True
4	2028-10-01	FGA	south	0.0022830314370022795	6.238616356471078e-06	0.038600753592670324	0.059144737460146146	-1.0	-8.017226204580036	2	28.0	28.11732081167785	0.19444444444444445	0.18545627291342417	0.23333333333333334	0.1910070749926431	True
5	2028-10-01	FGA	south	0.04666971236064407	0.0021780620518252543	4.530449598388662	0.010301342360644077			1	11.0	11.004441218888127	0.12222222222222222	0.07432729209359197	0.12222222222222222	0.07432729209359197	True
6	2028-10-01	FGA	south	0.006243371412960911	6.140435445838048e-05	0.10470995936405207	0.059625382827761086	0.8889930513680759	-0.21234309187858735	5	162.0	161.75484324948067	0.6887260887260888	0.695778074454928	0.7142857142857143	0.7077043870982852	True
7	2028-10-01	FGA	south	0.09039273317691032	0.008384769685717908	5.863058054781973	0.015417335515411626	-0.5149769616593844	-185.3980613711638	3	38.0	37.64962204114476	1.0	0.9863019531902278	1.0	0.9991931555545142	True
7	2029-10-01	FGA	south	0.028420966018396974	0.002695170543519356	0.14429734562312047	0.19696111453517368	0.4601105173138631	0.09915737305175032	18	375.0	374.7437880873206	0.3617379765306268	0.3879192951196026	1.0	1.0	True
8	2029-10-01	FGA	south	0.015578771748686715	0.00033261126752970717	0.27983378882306315	0.05567151777563595	0.9574274846407204	0.398940615874272	16	2776.0	2775.897768488717	0.8148502617417709	0.7818020440665996	0.9496124031007752	1.0	True
7	2030-04-01	FGA	south	0.04988241276160935	0.0029060357709991503	0.958965625555029	0.05201689344468262	0.6478622276498694	-3.053231607028976	17	369.0	368.8587655452506	0.21249387130186265	0.21914486209643091	0.65	0.47398809616745313	True
8	2030-04-01	FGA	south	0.03474859206142317	0.0018640565300486612	0.6184037162822504	0.056190787905231944	0.7982931208647174	-0.11157315054478678	25	3512.0	3511.968385765154	0.8695989699745279	0.8649064423356155	1.0	0.9945567512890422	True
8	2030-10-01	FGA	south	0.2436290949709377	0.05942036192416016	4.3712894831372315	0.0557339192269846	-0.8282215423417376	-1397.4315182244457	7	374.0	373.82004109473365	0.9677181483198642	0.9694258392055849	1.0	0.9728293536646234	False
9	2033-04-01	FGA	south	0.0860893006966941	0.007411367694445815	33.141360537289344	0.002597639303305905			1	10.0	10.056380283321714	0.5555555555555556	0.5957867969504992	0.5555555555555556	0.5957867969504992	False
9	2033-10-01	FGA	south	0.06066728352495491	0.005921681104698828	0.8138689016231384	0.074541837639899	-0.3524433513693397	-3.1452608127217223	25	2191.0	2191.1086261148084	0.43571480028844134	0.4312776205050298	0.7142857142857143	0.5703003411624354	False
10	2033-10-01	FGA	south	0.17270339932756779	0.03078328222167696	3.3937573194669475	0.05088855303145071	0.7093573697312472	-27.496687336433354	21	1033.0	1033.0079881519218	0.20535275956023485	0.20483174184192854	0.3333333333333333	0.2754237751682456	False
11	2033-10-01	FGA	south	0.06498237160983293	0.005611380978704434	1.1848776228502063	0.054843108146070615	-0.24634105821482477	-3.301672100392036	19	2190.0	2190.0116317807297	0.4229623396956861	0.41532624747147945	0.6595744680851063	0.6726116688683739	False
9	2034-04-01	FGA	south	0.2011940587837141	0.04158503026780373	3.0233352657137105	0.06654705518946764	0.6965592261995829	-27.57267320736698	22	2159.0	2158.8420248118036	0.4146831244258984	0.4110920254864194	0.6222222222222222	0.5660130207550476	False
10	2034-04-01	FGA	south	0.17337398474918353	0.0305933816778063	3.3984394770279525	0.051015763535328516	0.7512933333040801	-31.534451536918652	21	1033.0	1032.9993054020347	0.20535275956023485	0.20616696678351762	0.3333333333333333	0.29872851593270655	False
11	2034-04-01	FGA	south	0.25176722208804964	0.06444021448121873	4.337782850751566	0.05804053147668015	0.7706338907587689	-39.80178314475612	21	2234.0	2233.9558747572564	0.4422040216294303	0.44547434282048953	0.6595744680851063	0.7026079541598435	False
13	2037-10-01	FGA	south	0.008740352381261167	9.41183014542512e-05	0.2534964300511097	0.034479193176404674	0.9269310176720731	0.05068006776949674	15	765.0	764.8946112998553	0.8658270513445205	0.8583897362061524	1.0	0.9082911925381671	True
14	2037-10-01	FGA	south	0.01223298777889785	0.00022109333215633922	0.31990661534074866	0.038239246055815	0.9853094610545428	-1.823512572205182	5	92.0	91.98115116191028	0.17422461243245974	0.17125928624291356	0.20869565217391303	0.20244742742762306	True
13	2038-04-01	FGA	south	0.23184405824040338	0.054112341348033915	6.025764469444156	0.03847545973893496	0.9090214513708038	-88.5224103594417	26	1239.0	1238.9723757599756	0.8010740370347877	0.7910846954004528	1.0	0.9185358527282065	False
14	2038-04-01	FGA	south	0.15166171130750608	0.02345741798967439	4.229116683574692	0.0358613210878147	-0.23115640762755166	-51.69658014342797	12	246.0	245.7124106902759	0.2534391789074746	0.2449739386754618	0.36065573770491804	0.29588794624466874	False
13	2038-10-01	FGA	south	0.2012523965522097	0.040752906659662566	5.102416585741139	0.03944256474757779	-0.9794224573606238	-716.8591105806742	8	265.0	265.01125327522266	0.7118949745632752	0.6932017441721126	0.8333333333333334	0.7124480877278186	False
14	2038-10-01	FGA	south	0.05334411900916369	0.005490231114159636	1.485866121192488	0.03590102651129306	0.8962138796404507	-9.145503892945793	19	693.0	692.8055648640023	0.7809040709071889	0.7709918668795401	1.0	0.9626882593906331	False
14	2039-04-01	FGA	south	0.18788351895050237	0.035336434603305746	5.0334395256840345	0.03732706392751771	0.9887256136685552	-54.98590336421053	25	1044.0	1043.9506536761971	0.9548402206825045	0.9381820598870767	1.0	0.9766078096115435	False
14	2039-10-01	FGA	south	0.27124340942276515	0.07363968282501607	7.3434140070709955	0.03693696272082495	-0.826282864118473	-1808.0900663765758	8	251.0	250.99522660249693	0.9620933942848573	0.9420090573366505	1.0	0.959814157379941	False
15	2039-10-01	FGA	south	0.16026651396724745	0.026381230590636212	2.5891377404518634	0.0618995704489933	-0.3935943024433461	-42.73624399466861	17	2847.0	2846.9983483353017	0.9722130250798197	0.9677522022170311	1.0	0.9871621938651686	False
15	2040-04-01	FGA	south	0.0018193326458310853	5.993375866178543e-06	0.030978006502634894	0.058729816771015866	0.9993642666866922	0.9969504353762434	27	3678.0	3678.004931051328	0.9759662581559361	0.9663076113393317	1.0	0.9998394099618634	True
15	2040-10-01	FGA	south	0.2773502701452542	0.07707166597336933	4.88975989887877	0.056720631663090666	-0.981904496206742	-2650.0029295775666	7	327.0	327.03435513693057	0.9810592431749755	0.987842461737736	1.0	0.9912945292722504	False
16	2041-10-01	FGA	south	0.008392681883451774	0.00011147514061039946	0.19837413570491352	0.042307339379847875	0.9559560990253682	0.08653969257573568	12	596.0	596.0473816786794	0.9818035736641875	0.979322085492062	1.0	0.980687225267564	True
16	2042-04-01	FGA	south	0.015679053198737778	0.00037513879952464735	0.369496395315232	0.04243357553017901	0.8968003304225265	0.5224993143067724	26	1266.0	1265.9943175480917	0.9787135835858612	0.9803656032729063	1.0	1.0	True
16	2042-10-01	FGA	south	0.19352604839544782	0.04855153066763893	5.125032704394161	0.037760939209133274	-0.4236197190246605	-164.60610506566223	20	624.0	623.490912972726	0.6337630540120711	0.6383979121434883	1.0	0.996643714878071	False
17	2042-10-01	FGA	south	0.02620310517384429	0.0008803988701652605	0.6314557261425157	0.04149634580703828		-1.9870753402476886	15	1269.0	1268.9789852665074	0.7188916355935162	0.7143572454737358	0.7910447761194029	0.7430623608791163	False
18	2042-10-01	FGA	south	0.062251487769599434	0.0043477551320316304	1.2179295708710294	0.05111255138101204	-0.9255477269130433	-18.194304246271397	9	271.0	270.9415864202541	0.1740347735025741	0.17561551132926626	0.27647058823529413	0.2559675647497183	False
16	2043-04-01	FGA	south	0.0014205403205092186	2.6856738934048017e-06	0.03752974698073582	0.037851049761630104	0.9983387607288755	0.9925581370801803	9	147.0	146.70095924950968	0.1200435722718894	0.1289892080742954	0.23809523809523808	0.21360370538672743	True
17	2043-04-01	FGA	south	0.0009239367283054566	1.5419461594205955e-06	0.019030756538382116	0.048549658361821714	0.9994666754772518	0.9984398000274703	24	1753.0	1752.8299837409095	0.6601440491978606	0.6375688868101751	0.7910447761194029	0.720011291601382	True
18	2043-04-01	FGA	south	0.001903058776964913	6.642378177740014e-06	0.032292201707560565	0.058932456640742155	0.9979943305064953	0.9931555809370469	20	577.0	576.84263593777	0.3350011361170986	0.3342713236315588	1.0	0.6282029940655786	True
17	2043-10-01	FGA	south	0.09606958652270736	0.009293868890419391	1.844127735813028	0.052094865587145885	-0.7562354047078921	-208.7692988979999	7	279.0	278.9204808054055	0.534103334525263	0.5086492616635783	0.6372549019607843	0.6263605945409547	False
18	2043-10-01	FGA	south	0.1648050781959277	0.042446466545157185	4.423508596486048	0.03725664245952766	-0.56956594723427	-100.75442899701804	22	526.0	525.9722985740082	0.7413023308737183	0.7306207612060543	1.0	0.9729494835807464	False
19	2043-10-01	FGA	south	0.06413040306535411	0.00411270859732478	3.3482347001268247	0.019153496934645884			1	11.0	10.993716197503145	0.3055555555555556	0.19516352261376707	0.3055555555555556	0.19516352261376707	False
18	2044-04-01	FGA	south	0.0015900773418759118	3.670196503713381e-06	0.05417838038473304	0.029348927202777375	0.9963813939488273	0.9887597169405885	20	447.0	446.9574983606436	0.8317575886961107	0.8189159951910634	1.0	0.9743507723006379	True
19	2044-04-01	FGA	south	0.002016877856239524	6.490812346683966e-06	0.08776499461491097	0.022980436164658107	0.9956360161095797	0.9696362212089887	4	47.0	46.49943468751692	0.4086902304781562	0.32866436170026425	0.6666666666666666	0.5382923591275207	True
18	2044-10-01	FGA	south	0.29941646009736467	0.08968162919480227	8.833047244366064	0.03389730087635837	0.13159654435531876	-2807.6243116959895	4	67.0	66.84473196462604	0.6845399070799528	0.628070833513162	0.7368421052631579	0.7002127975070525	False
19	2044-10-01	FGA	south	0.06297311583487378	0.004590524826773518	1.5045086347089511	0.04185626747636181	-0.40300604371917814	-6.7535563365578755	21	1770.0	1769.7215135921401	0.6465175190010499	0.6528292505307439	1.0	0.8798174840686498	False
20	2044-10-01	FGA	south	0.17260878435486224	0.030569734908070613	2.8050724796300255	0.06153451848689073	0.11057558249078542	-37.93740600097895	15	1386.0	1386.0109669891608	0.40214202273215655	0.38834453528908797	0.5627906976744186	0.5642111962241366	False
19	2045-04-01	FGA	south	0.1802634670930753	0.03280148377066248	3.0962246594430294	0.05822040934377881	0.9971271438559002	-25.919833435217363	25	1930.0	1929.7050774102695	0.5775935257285818	0.5925409722880205	1.0	0.8920542864374732	False
20	2045-04-01	FGA	south	0.19145565277871482	0.037108933576520446	2.96223712278918	0.06463211581064929	0.9917781134813922	-21.051724767106858	22	1755.0	1755.0134285078443	0.48424134848184014	0.4655709028481503	0.7428571428571429	0.6460573052237031	False
19	2045-10-01	FGA	south	0.22696130031661851	0.05151874544030044	4.255666125170768	0.05333155695044362	-1.0	-9202.083508249194	2	25.0	24.80616772506214	0.23317307692307693	0.301590589964437	0.3125	0.30669894396936737	False
20	2045-10-01	FGA	south	0.24679283126201484	0.06094622940359999	4.269256738579257	0.05780697821048442	0.2149482858371722	-1506.5627118486648	4	120.0	119.88213054195211	0.6892399267399267	0.6310160982030039	0.7428571428571429	0.6534510304969443	False
21	2045-10-01	FGA	south	0.1302892097403826	0.018547284287763404	5.461766163201095	0.02385477624769296	0.7446896036226505	-322.52570995580567	12	216.0	216.0077075170905	0.4392953416435493	0.42897016699525464	0.5238095238095238	0.4914454362560322	False
22	2045-10-01	FGA	south	0.03378096924788816	0.0014274084257606264	0.928378814682124	0.03638705312276512	-0.7014707203395069	-7.823535653713467	12	281.0	281.0044290001974	0.5538999951993285	0.5570025359799067	0.6415094339622641	0.5799688335395766	False
21	2046-04-01	FGA	south	0.16592352269452984	0.029080324442073518	5.485528699401835	0.030247498789428055	-0.805718940505443	-86.47224648766864	19	340.0	339.953199249455	0.42980545227490713	0.4270302655156704	0.5769230769230769	0.4432105446712598	False
22	2046-04-01	FGA	south	0.18037547979499277	0.033969512174604304	5.7659873748177235	0.03128266991751692	-0.7892058351936609	-83.0274458270121	20	469.0	468.98133196188076	0.5791334077259502	0.568935897943748	0.6829268292682927	0.6061433688107567	False
21	2046-10-01	FGA	south	0.24163828546208657	0.058420285812728345	7.350761095740918	0.03287255323834337	0.6523136704642574	-1542.449159998897	4	62.0	62.038494342954664	0.3945955805711903	0.4028657952847325	0.4878048780487805	0.4319208437888009	False
22	2046-10-01	FGA	south	0.16526109924241805	0.040097527505231136	1.4017107552283394	0.11789957280844073	0.06844035178499452	-13.708128280509467	15	252.0	251.89926431953137	0.30748410217575667	0.30693924749174717	0.6829268292682927	0.6566164619002808	False
23	2046-10-01	FGA	south	0.15607722386885942	0.026535292629076068	1.839877474626472	0.0848302270239739	0.6080043787019692	-9.819408985368765	17	2054.0	2053.9999586299	0.3219606812795241	0.31059845139343295	0.36666666666666664	0.33910391443021787	False
24	2046-10-01	FGA	south	0.15291563968577052	0.025543787463223774	1.8187630360112614	0.08407672503677587	0.636616418665185	-9.389926764319888	17	4096.0	4096.001634481341	0.6257975700865372	0.6203696459696557	0.6775884665792923	0.659863043175188	False
22	2047-04-01	FGA	south	0.02738464577758793	0.0009148504052545137	0.9646663009615339	0.028387687794517343	0.9908262024425054	-0.9601233859539049	4	60.0	59.781827916176624	0.047970854973694285	0.04585204916101886	0.07602339181286549	0.07335483808446391	True
23	2047-04-01	FGA	south	0.00546696693943246	4.064521579913969e-05	0.06472934955044712	0.08445885795857956	0.9942383550479734	0.9872826715024708	21	2130.0	2130.02600704833	0.3230545281470536	0.3191114006815779	0.4482758620689655	0.3705451850161468	True
24	2047-04-01	FGA	south	0.0023342002561941642	8.308161326374779e-06	0.03114810673716125	0.07493875232581461	0.9989774629057331	0.9974605499711967	22	4284.0	4283.994254899778	0.6363049861227501	0.6277504145302865	0.7605633802816901	0.686104852350542	True
23	2047-10-01	FGA	south	0.3310129494795747	0.10959415971941273	7.703723423338129	0.042967917108340616	1.0	-3352.0673068678425	2	30.0	29.7737593696974	0.40122126436781613	0.36876447833290243	0.4482758620689655	0.39928583634895454	False
24	2047-10-01	FGA	south	0.052667927037673874	0.0027849821839133217	0.6208144423308395	0.08483682634690785	-0.9723700097933587	-424.50956441199605	3	58.0	58.08629480191527	0.6275354969574036	0.5988886802196903	0.7058823529411765	0.6556145594340047	False
26	2050-10-01	FGA	south	0.0022798440890580717	7.482564002415969e-06	0.04775831542179965	0.0477371127713064	0.9960597772048203	0.9720008873406695	15	1497.0	1497.0359262286986	0.9911060750046469	0.9779437095990355	1.0	0.9946137591339766	True
26	2051-04-01	FGA	south	0.014180859166402281	0.0002444181335205714	0.2941545565446462	0.04820887132594847	0.9785707591064973	0.7998306474626354	26	2411.0	2411.061143451863	0.9913511789889798	0.9868788731463957	1.0	0.993877571570022	True
26	2051-10-01	FGA	south	0.30480856545737295	0.09301021051682626	6.384003973126179	0.047745672894390676	-0.7613606492963998	-1354.0542643829267	9	579.0	579.0054598794268	0.9937847587636617	0.98101005019172	1.0	0.9845411945436058	False
27	2051-10-01	FGA	south	0.01621162838153563	0.00032917425863556083	0.6401735102466467	0.025323803815764885		-1.439113029812055	11	223.0	222.96339957405138	0.8706343551954837	0.8552435915768416	0.9285714285714286	0.9054003234460255	False
27	2052-04-01	FGA	south	0.1647648754994174	0.027365898914310616	5.290151305357803	0.031145588469756142	0.8990252570371612	-75.01156199371125	20	401.0	400.8725546611638	0.8738843511727706	0.8683510112682166	0.9473684210526315	0.8924170333815028	False
27	2052-10-01	FGA	south	0.21844425659374	0.05118803801449121	5.690747702842561	0.0383858621046626	-0.3342868142656745	-230.8199638733169	11	168.0	167.6582196852188	0.5594664131933789	0.5479357611939032	0.9473684210526315	0.9106290081727831	False
28	2052-10-01	FGA	south	0.03610784449689848	0.0015947812691398558	0.6613619580611975	0.05459619208027888		-0.5608754131245166	18	3856.0	3856.004700260489	0.9634242639362736	0.9602252654105357	1.0	0.9839313304577352	False
27	2053-04-01	FGA	south	0.2169207617116621	0.04712301608080067	6.289781010536423	0.03448780829543731	0.9994719453253382	-423.61169640687507	3	42.0	41.910387874122414	0.03507530624466108	0.014925734414468109	0.036931818181818184	0.019023129668726917	False
28	2053-04-01	FGA	south	0.26313870316829713	0.06961389265802402	4.415456201344372	0.059594907336682316	0.9029360623293315	-36.36687885256073	24	4278.0	4278.007883524952	0.9689772087777677	0.9677803846080547	1.0	0.9957015947152691	False
28	2053-10-01	FGA	south	0.2833481326305199	0.08042728453298699	4.528726001266144	0.06256685269793343	-0.9797922462528514	-3614.1032173055128	5	202.0	201.9146570352381	0.9896735509660226	0.984574056525257	1.0	0.990900338443218	False
0	2025-04-01	FGA	tropics	0.06106270980368642	0.0041244931808394674	21.590422801132508	0.002828231311916848	-0.4474955330487686	-1943.1499664985172	11	343.0	342.7785351173979	0.9592687907089531	0.9594949163796073	1.0	0.9901315332661811	False
0	2025-10-01	FGA	tropics	0.22787659174315816	0.05205645543387683	16.488694813785365	0.013820171597368766	-0.5267043365201378	-2784.1732021915523	36	879.0	878.9004218410588	0.6882449479787843	0.6875398873900861	1.0	0.9981233101285697	False
1	2025-10-01	FGA	tropics	0.2262785628140643	0.051458376678234635	16.29593775582181	0.013885580946897338	-0.8696794876266561	-7586.735675601893	18	394.0	393.9859668122126	0.5416836576735578	0.5199645835712394	0.7948717948717948	0.7328394710470464	False
0	2026-04-01	FGA	tropics	0.21431774555999986	0.04600348027264083	21.228853631449294	0.010095587320951742	0.4921249887553773	-10578.37653661358	23	477.0	476.9487270415849	0.5449296029125847	0.5357538560051439	0.8918918918918919	0.8403307388776529	False
1	2026-04-01	FGA	tropics	0.18330205485225173	0.03842075902057198	12.076114740091343	0.01517889311234428	0.8560865330293702	-708.637382645611	44	1076.0	1075.9559835867174	0.6637632683912318	0.6555700785394067	0.8695652173913043	0.7878759730500877	False
2	2026-04-01	FGA	tropics	0.16380988203949998	0.026833677453794898	39.91898825758013	0.004103557960500025			1	11.0	10.894370969577153	0.2558139534883721	0.1920761316025658	0.2558139534883721	0.1920761316025658	False
1	2026-10-01	FGA	tropics	0.00125489432610982	2.2768592551273064e-06	0.12629936403326578	0.00993587209021334	0.8438454998554397	0.63710981862785	32	712.0	712.6102075370043	0.7212560307670861	0.7050487348598591	0.9090909090909091	0.7918777536098494	True
2	2026-10-01	FGA	tropics	0.0005887148735907286	5.659424815065414e-07	0.12387324337525436	0.004752558805676139	1.0	0.914727652362217	2	21.0	21.135545348596445	0.32790697674418606	0.27533042970383426	0.4	0.35229163532207264	True
5	2026-10-01	FGA	tropics	0.006979646737786671	5.1369065969213425e-05	0.24978203446595237	0.027942949350659014	1.0	-18.061409769297068	2	23.0	23.130994875972895	0.40932311621966794	0.36544665150393607	0.4482758620689655	0.38050082492493104	True
1	2027-04-01	FGA	tropics	0.2305409250310551	0.053161699390115814	20.402576393247703	0.011299598667713033	-0.09915779107581785	-25494.471553745	7	78.0	78.13949960526168	0.5883861334989156	0.5489380137374426	0.7692307692307693	0.6468876003682401	False
3	2027-04-01	FGA	tropics	0.15590827873236662	0.030102309308395688	5.365509685003138	0.029057496470118745	0.8954634023215756	-176.42081876642405	17	245.0	245.04180204109107	0.11671546603806593	0.11992739888563489	0.18333333333333332	0.1550389071008278	False
4	2027-04-01	FGA	tropics	0.07337828526993967	0.008005475964430422	2.601021356311039	0.02821133517104611	-0.9446682046564557	-68.18341913811304	22	1282.0	1281.9501941532455	0.47540605943723707	0.4569959677514547	0.5974842767295597	0.5668668599854393	False
5	2027-04-01	FGA	tropics	0.03402258955684539	0.0014023713981674403	1.284644164831849	0.026484057210736416	0.16733504398009824	-5.825032917980879	27	935.0	934.87966362724	0.3642844046614182	0.3466852065463165	0.47619047619047616	0.40074912897548215	False
6	2027-04-01	FGA	tropics	0.0835540593060052	0.007002957323169575	5.710488558163783	0.014631683165979783	-1.0	-2011.8691543164093	2	27.0	26.815100825625375	0.08557087566521529	0.05612571067519537	0.10062893081761007	0.059504231208584876	False
3	2027-10-01	FGA	tropics	0.002362715777920917	6.505345053096596e-06	0.14055313090313618	0.016810125557069306	0.9971851210184424	0.9218603548893414	19	268.0	267.7184931726088	0.11561978087711511	0.10655270965978417	0.18333333333333332	0.14631269034282465	True
4	2027-10-01	FGA	tropics	0.0029373586544781355	1.419114155743502e-05	0.0892204110126714	0.032922496333949426	0.9922160923240582	0.9556228667901405	37	1875.0	1874.854420702047	0.4810083229590292	0.4747256057565939	0.6261682242990654	0.5511644824090028	True
5	2027-10-01	FGA	tropics	0.002191968508588067	6.760450486727002e-06	0.1096905969190486	0.01998319427695096	0.9966305549443789	0.9586013728143795	36	1171.0	1170.8782540693612	0.324397964704229	0.3207046208187475	0.47619047619047616	0.39660373986307673	True
6	2027-10-01	FGA	tropics	0.0033516189903733725	1.3285803072561285e-05	0.17440863877338458	0.01921704689598691	0.9682358545252928	0.7469854604912985	12	160.0	159.8374751426011	0.1969968281605924	0.17303467393799135	0.5789473684210527	0.46508139826819667	True
3	2028-04-01	FGA	tropics	0.27570389229458847	0.07615872146857829	16.69152199835829	0.016517600511307812	-1.0	-288660.4374745708	2	23.0	22.4210213419381	0.10630645700903313	0.06911904597218112	0.12244897959183673	0.07120587021949093	False
4	2028-04-01	FGA	tropics	0.22002275144183367	0.0518155315148724	9.171938276594146	0.023988686448458703	-0.12582452513557593	-10188.227387715491	13	455.0	454.7726850181309	0.4739860631281983	0.45741921494751553	0.6147540983606558	0.573821506937249	False
5	2028-04-01	FGA	tropics	0.10638905437762974	0.011358369092537797	5.731951438026424	0.01856070406874569	-0.7578289242250461	-1520.4390750172358	11	218.0	217.94365621577606	0.2644827225593307	0.2647780271673229	0.4	0.2673864882469887	False
6	2028-04-01	FGA	tropics	0.022589720113553043	0.0006243718040909329	1.3829648526915754	0.016334269138935906	0.1715181483528438	-12.242236871260065	11	145.0	144.87170971880153	0.27207456241787986	0.23586769462798263	0.8	0.6701955656504303	False
6	2028-10-01	FGA	tropics	0.005708771084349079	3.2590067293500157e-05	1.0869789384695367	0.005251961084349078			1	12.0	11.727913220474361	0.8	0.6762181201280919	0.8	0.6762181201280919	True
7	2028-10-01	FGA	tropics	0.04725968002299725	0.0029881474693185302	1.117246164945114	0.04230014969469055	0.6295420267306396	-17.872921878156316	22	1628.0	1627.9770431773954	0.9627784697536321	0.9330786512193284	1.0	0.9992538585596188	True
7	2029-04-01	FGA	tropics	0.006205316524396919	7.968344066714415e-05	0.1435880221534155	0.043216115323093565	0.9023482769047539	0.7891613146325204	47	3353.0	3352.999737765774	0.9731885727316134	0.965677486828283	1.0	0.9998124815288005	True
7	2029-10-01	FGA	tropics	0.06262699436042458	0.0042114865582315265	1.5852801655757973	0.039505316296995066	-0.4439727432227334	-41.63702911027738	24	1434.0	1434.0321252477486	0.9789427364661827	0.9734360473694283	1.0	0.9968978896537104	False
7	2030-04-01	FGA	tropics	0.24660787219759953	0.06081544262982758	12.004920878385215	0.020542232197599524			1	11.0	10.925962342580792	0.9166666666666666	0.863543152546606	0.9166666666666666	0.863543152546606	False
8	2030-04-01	FGA	tropics	0.005231084302230844	3.100214855319112e-05	0.6741782741226082	0.007759200352516109		-7.521977248799795	6	78.0	77.92436164258693	1.0	0.9864063127015129	1.0	1.0	False
8	2030-10-01	FGA	tropics	0.15151294743619015	0.03107762921504155	18.529759540269485	0.00817673575887033	0.2920639292793862	-6711.1455733158355	31	511.0	511.0749863825208	1.0	0.9953523597090049	1.0	1.0	False
8	2031-04-01	FGA	tropics	0.11621649543389789	0.013633531095824483	15.290828181225008	0.007600405554003637	0.43066340757451693	-1927.0197780482408	49	1081.0	1081.055293678625	0.999271137026239	0.9991917154650173	1.0	1.0	False
8	2031-10-01	FGA	tropics	0.0015228458559771567	3.616187527829625e-06	0.22373380043759536	0.006806507791843076	0.68864391325102	0.4633455718690055	48	1117.0	1116.7531732231619	0.998263888888889	0.9978901005848577	1.0	1.0	True
8	2032-04-01	FGA	tropics	0.020279970452063048	0.0006218774299286125	3.1020996232914895	0.006537498118949817	-0.3954946633564002	-144.9560560621859	37	674.0	674.0141582445754	0.9987129987129986	0.9950978150397695	1.0	1.0	False
8	2032-10-01	FGA	tropics	0.21870607054579597	0.04858443107431397	32.66275979793861	0.006695884606774679	-0.19196464308396238	-12791.967270186935	13	189.0	188.9150375996312	1.0	0.9723688327243841	1.0	0.9952605220590516	False
8	2033-04-01	FGA	tropics	0.004407680473912565	1.9427647160110097e-05	1.2020917676370735	0.003666675533912565			1	15.0	14.903485756007823	1.0	0.8031138213385677	1.0	0.8031138213385677	True
9	2033-04-01	FGA	tropics	0.004855770406958339	5.437311587938367e-05	0.2260255821176075	0.021483277961128065	0.8916674709516537	0.2657167262111537	26	1091.0	1091.0248821112027	0.5567411716751718	0.5556781836359218	0.7068965517241379	0.6010994058182842	True
10	2033-04-01	FGA	tropics	0.006339522843263861	8.627459491451039e-05	0.29475444549177154	0.02150781079039175	0.8830444289801047	0.06288837996374841	22	590.0	589.8337346637775	0.3278067616518437	0.3265535795061804	0.44	0.3544630885254845	True
11	2033-04-01	FGA	tropics	0.012172119462234437	0.00016005065585166195	0.7191149209159776	0.016926528859573815	0.9215536272010774	-11.158463498264112	5	60.0	59.69564236563079	0.11140921877962114	0.09673824373457637	0.14705882352941177	0.11843878377588192	True
9	2033-10-01	FGA	tropics	0.0014645886414168096	3.2222176505359716e-06	0.06051200741904656	0.024203273100403218	0.9980417715018844	0.985036127806815	38	1486.0	1485.7092771710775	0.5159785736168067	0.5114470912599637	0.7068965517241379	0.6102277507086984	True
10	2033-10-01	FGA	tropics	0.001158413929006442	2.0723400647144834e-06	0.05443429984477607	0.021280955800106836	0.9966243286524209	0.9859084326708046	32	818.0	817.5084719963515	0.3180155745452061	0.3082953552263755	0.44	0.34201484917856373	True
11	2033-10-01	FGA	tropics	0.002001052531415182	8.674571981852123e-06	0.07349615622439219	0.02722662836007014	0.9774433816782249	0.8960904490127101	28	470.0	469.7587030889395	0.36011939061126835	0.3579296120232095	0.7857142857142857	0.6893031278411605	True
9	2034-04-01	FGA	tropics	0.10535527086223605	0.011127178723811472	5.164772464283734	0.020398821359664105	-0.6407068325352924	-3182.44549717383	12	284.0	283.8858390277032	0.40823354655485783	0.3865645229701857	0.5686274509803921	0.4945711703879241	False
10	2034-04-01	FGA	tropics	0.28126829128489256	0.07913219812072922	15.72040494267434	0.017891924050974443	-0.5601536265421105	-35421.39294780657	8	145.0	144.83898218962685	0.2829936131799319	0.2602305206250173	0.42	0.2958642026848064	False
11	2034-04-01	FGA	tropics	0.13872274822149264	0.01958719641857693	9.471264190015328	0.014646698206110134	0.22136752685893143	-730.9012857204108	26	440.0	439.88969928253465	0.5521183819442741	0.532276199206471	1.0	0.8375940289797091	False
11	2034-10-01	FGA	tropics	0.12377238949272977	0.01914505195514923	14.121745794024427	0.008764666302455584	0.8281930171953673	-1853.0445967946298	5	61.0	60.42488088607887	0.8950877192982455	0.81024955520115	1.0	0.8290238133968774	False
11	2035-10-01	FGA	tropics	0.06174901584226685	0.0039024536010482504	9.497622247996523	0.006501523668757463	1.0	-1048.1661467358574	2	21.0	21.364513994272443	0.9583333333333333	0.815907674105822	1.0	0.8699832681953117	False
11	2036-04-01	FGA	tropics	0.1385133173571572	0.02805079900318563	17.4920797672888	0.007918630557367174	0.9783160405675968	-1100.2045440651627	6	74.0	72.82281687986784	0.7294731040564374	0.5957728737926095	0.9285714285714286	0.7702028207968733	False
12	2036-04-01	FGA	tropics	0.15940753506486702	0.02542421461664259	12.07302321808255	0.013203613725028873	-1.0	-312868.6500800936	2	25.0	24.89086127566602	0.446360153256705	0.3660472716910188	0.4482758620689655	0.3885763024314836	False
11	2036-10-01	FGA	tropics	0.10383124790158893	0.010816334939154779	15.970485035094818	0.006501446115970921	0.7554314546332874	-1680.3885222062622	6	73.0	72.677138173422	0.6212228272015093	0.5054940349959791	0.9285714285714286	0.8273449763486174	False
12	2036-10-01	FGA	tropics	0.18117218695351095	0.03554692072339138	14.307609534171753	0.012662645462947961	0.8419565834627474	-800.8211237633251	28	572.0	572.0054690106294	0.4360217157045027	0.42545783129805287	0.5833333333333334	0.45692149435337415	False
13	2036-10-01	FGA	tropics	0.07242648504043322	0.005281908252237123	4.3385183347127345	0.016693829425807598	0.6099605893270817	-166.6979128849107	22	575.0	574.835489644168	0.48683625259033947	0.48272860116230265	0.6808510638297872	0.5788886865409525	False
11	2037-04-01	FGA	tropics	0.11354403741574752	0.012892248432668672	25.47791311638947	0.004456567415747514			1	12.0	11.781077816660359	0.27906976744186046	0.15949305231057695	0.27906976744186046	0.15949305231057695	False
12	2037-04-01	FGA	tropics	0.19572073875638962	0.038819150059816655	17.04927105840878	0.011479713008601575	-0.6679233744001658	-1018.6992141698572	34	677.0	676.8658908209151	0.4151307872522373	0.40969471139854285	0.5833333333333334	0.47730973511914815	False
13	2037-04-01	FGA	tropics	0.08839056739277976	0.017085713886443865	4.119803131452462	0.021455046411797137	-0.9447930574579069	-221.37548406046471	47	1064.0	1064.1175095241356	0.578960833077562	0.5735355015541227	0.8666666666666667	0.7488321442460077	False
12	2037-10-01	FGA	tropics	0.20852078677372324	0.04349053080722647	17.668829672618234	0.011801618479398914	-0.18819833737555897	-42373.62728755301	7	106.0	105.7927842773505	0.3941151808249867	0.345318539092666	0.5416666666666666	0.36871072201714067	False
13	2037-10-01	FGA	tropics	0.24567618584997475	0.06043913469435334	21.03792346038641	0.011677777339221405	0.26077217330074126	-21781.26070771625	21	378.0	378.45290099547134	0.6863320436917103	0.6790312331558324	0.8666666666666667	0.7279386971658275	False
13	2038-04-01	FGA	tropics	0.12512640208957576	0.01565661649988219	10.672205472910496	0.011724512089575765			1	11.0	11.235674938529352	0.8461538461538461	0.7758478203946143	0.8461538461538461	0.7758478203946143	False
14	2038-04-01	FGA	tropics	0.011221623604321827	0.00013383539273016348	0.7095925034255741	0.015814180040162742		-15.918581417191838	18	525.0	525.0156845223892	0.877963517306473	0.887159773962013	1.0	0.9215559748661055	False
14	2038-10-01	FGA	tropics	0.20291686911412884	0.04777434615625573	12.760477620694449	0.015901980720928983	0.8272555271451959	-703.9013752220226	44	1819.0	1819.018955711329	0.9223214291781366	0.9212504078170163	1.0	0.9607677907976967	False
14	2039-04-01	FGA	tropics	0.25310246147723026	0.06558280756520446	17.21263013846834	0.014704461749374025	0.36616916972382446	-2699.8592356859604	38	1377.0	1377.099317568324	0.9018267491492866	0.8945357077205544	1.0	0.9673316254192604	False
15	2039-04-01	FGA	tropics	0.05798026251718834	0.003380562679463623	2.726374024295605	0.021266437400190647	0.534118929937532	-2428.1320008556454	5	77.0	76.95327916418452	0.7508080808080808	0.7061145326063104	0.85	0.8158662208571239	False
14	2039-10-01	FGA	tropics	0.14503477958252084	0.02110920123543787	8.972890590376043	0.016163662993737966	0.48686055491960234	-2216.3115037561483	12	181.0	181.10784521320022	0.7871559646761558	0.7516913663335808	1.0	0.926163458648686	False
15	2039-10-01	FGA	tropics	0.04075478268787497	0.005938161867376886	2.1067110315131603	0.019345217297600876	-0.4433472814301752	-102.71976142685902	31	1507.0	1506.9661538410091	0.9027710339031516	0.8833579561067892	1.0	0.9990614661334605	False
15	2040-04-01	FGA	tropics	0.07710052022940597	0.00963840338825627	5.355578741465598	0.014396300372255715	-0.8129283829927527	-131.13423512813594	50	2355.0	2355.0138039686885	0.9660832639070196	0.966504230376336	1.0	0.9923459199469253	False
15	2040-10-01	FGA	tropics	0.2176066934421223	0.0474797746029154	17.917238747806653	0.01214510207209025	-0.30840702811622134	-6236.614682082193	36	942.0	941.6125671318407	0.9716898137340397	0.9700937946655832	1.0	0.9925984088577764	False
15	2041-04-01	FGA	tropics	0.1990334418231322	0.045830103319121754	24.978886595988342	0.007968066993630427	-0.5537644592080329	-4271.633328234692	17	206.0	204.86433266100227	0.7470282223775244	0.7155005911591581	1.0	0.9807041268708849	False
16	2041-04-01	FGA	tropics	0.17837106713361436	0.031924160294758	12.285561436111609	0.01451875586322972	0.2922994308833904	-8094.360987399648	13	239.0	238.47760236928184	0.7100328385621272	0.6862698587877963	0.90625	0.7933668497773582	False
15	2041-10-01	FGA	tropics	0.2590278837856768	0.06712600016204223	159.6045404630331	0.0016229355570599932	-0.3224720830836173	-71176.80437020907	6	68.0	67.92779913574671	0.457552185625208	0.3606747506868359	0.7058823529411765	0.5362054137287091	False
16	2041-10-01	FGA	tropics	0.1690885253234708	0.02881343045603426	11.594492572379018	0.014583520949099744	-0.8492600963608815	-860.1884376196579	39	1652.0	1651.9101465678493	0.8462692295870542	0.8386107702235631	0.9859154929577465	0.9434000042709694	False
16	2042-04-01	FGA	tropics	0.07576642457745336	0.005934450027002641	5.359650509999472	0.01413644871733639	0.3099515435691039	-95.22486886544836	44	1967.0	1966.8909859260555	0.8792875393550237	0.8679509011670636	0.9859154929577465	0.9468040238630223	False
17	2042-04-01	FGA	tropics	0.16211134258491805	0.026803912320998817	40.11401707542288	0.004041264236391839	-0.20382756337225288	-32861.53706861754	4	44.0	43.836386430340085	0.5778985507246377	0.4092833306074575	0.6666666666666666	0.48816771175299023	False
16	2042-10-01	FGA	tropics	0.26272349479130847	0.0690531496782855	18.59361816205508	0.014129767133083402	-0.7707254655489462	-25739.262954347196	17	505.0	504.9880403795015	0.8202158276636238	0.8072222363971719	0.9230769230769231	0.9359819532656857	False
17	2042-10-01	FGA	tropics	0.04077924402156706	0.00515950751710232	13.081965677228858	0.0031172107485765315	-0.20143708564454663	-1440.1679556419651	10	116.0	115.3211227194858	0.722130361972871	0.6585240726949172	0.9230769230769231	0.8879226251662264	False
17	2043-04-01	FGA	tropics	0.15545627772151752	0.024549968750865923	3.2874342725157923	0.047288026112397574	-0.7342147854723613	-172.467880243516	15	188.0	186.91290006624217	0.7038176311216362	0.6497926321534474	0.95	0.8481810918986508	False
18	2043-04-01	FGA	tropics	0.017036260827967126	0.00029077365706120967	0.9291432271314405	0.018335451769436517		-537.9946934897118	11	220.0	219.96236249772235	0.7234269948018238	0.6953366897593624	0.8846153846153846	0.8903294709570231	False
17	2043-10-01	FGA	tropics	0.21864828596603605	0.047910049630448474	43.031952739428995	0.0050810681841471405	0.8995398292687917	-13953.299919752688	7	91.0	90.83839613341753	0.5787020318744283	0.4513349883765408	0.8125	0.6704722962473748	False
18	2043-10-01	FGA	tropics	0.06490308359790609	0.008530720633268866	4.178523811285969	0.015532538889118288	-0.8557568321012536	-122.19609743547174	37	1692.0	1691.9570291945156	0.8543665400801908	0.8436311268187526	1.0	0.9620700312750328	False
18	2044-04-01	FGA	tropics	0.2191690434903875	0.04843876175301009	14.062180279195521	0.015585708555780644	0.8142913311604452	-675.2265475653442	42	1897.0	1896.500965841683	0.8267763824489549	0.8153815841165942	1.0	0.9624955864842658	False
19	2044-04-01	FGA	tropics	0.1259240317659456	0.02473882846486485	28.37399413059899	0.004438008663367806	-0.21401761709009814	-7244.770912181614	11	159.0	158.901123539971	0.5289801275570769	0.45204685444389997	0.7142857142857143	0.5799204301306716	False
18	2044-10-01	FGA	tropics	0.007066439293457182	5.173032579278288e-05	0.4536044858411885	0.015578415809430979	-0.30511901422682075	-28.639736219951015	15	350.0	349.4150956416883	0.6608274617154556	0.6380136884943025	0.8461538461538461	0.8468862830649561	True
19	2044-10-01	FGA	tropics	0.010531100019328327	0.00016321713206237474	0.3439146884403579	0.03062125687939218	0.4263352721427204	-1.9414916576610932	29	398.0	397.93235233393676	0.4663082993042776	0.4241705288565887	0.7647058823529411	0.5367843258135536	True
20	2044-10-01	FGA	tropics	0.013293664345500077	0.00018136693667591326	0.7603780685301981	0.017482966560564504	0.6501256002518777	-36.40973564525216	18	581.0	580.9932180905106	0.6732810806482312	0.6606376321828737	0.8955223880597015	0.9246176450197333	True
19	2045-04-01	FGA	tropics	0.24755496519657982	0.061331072609236745	44.6979168405831	0.005538400504871278	0.7990387988788381	-15968.814993591168	16	210.0	209.81888643803237	0.4156766214601795	0.3740761175136197	0.7647058823529411	0.5324362599179893	False
20	2045-04-01	FGA	tropics	0.19955857807323382	0.040669841363253384	7.288448546098047	0.027380117567005362	0.9886995591273856	-276.0236956336347	44	1920.0	1920.0181709948827	0.7257474317440514	0.7182281246333392	0.9642857142857143	0.9164763664491758	False
21	2045-04-01	FGA	tropics	0.04408273924213045	0.0019626369528405324	3.081124399332578	0.014307354565651258	-0.02417964869966427	-3566.954324314597	7	94.0	93.81765319357493	0.23509037683445863	0.21767064218999585	0.3	0.2930588586576788	False
22	2045-04-01	FGA	tropics	0.1602042207243062	0.025698393833787987	9.556264614832996	0.016764314005667153	-0.31537715627646085	-27375.142310907395	5	83.0	82.6670220391866	0.28548784862344184	0.2622606026927297	0.38333333333333336	0.32534151994280336	False
20	2045-10-01	FGA	tropics	0.1983825527984354	0.039468771526551386	12.535411065426375	0.015825771629108334	0.440160982380046	-1684.776031664963	26	1189.0	1189.0474517117268	0.6914727221950833	0.6851796119888589	0.9642857142857143	0.9214182611434617	False
21	2045-10-01	FGA	tropics	0.1781866515166174	0.03195950066617163	8.688169771881531	0.020509112528314333	0.7989032247556362	-457.50086151959914	32	605.0	604.5897353090686	0.29788924261279115	0.28833853881474053	0.46153846153846156	0.3532277715564337	False
22	2045-10-01	FGA	tropics	0.15019061462714484	0.03278297995153888	9.68479056994612	0.015507884609628724	0.9177324989827893	-726.7055308358076	32	1156.0	1155.736460967726	0.5698871810262292	0.55702113729867	0.8222222222222222	0.7534580835604083	False
20	2046-04-01	FGA	tropics	0.05957354716586073	0.0035490075219230333	4.410221354263988	0.01350806283413927			1	11.0	10.92636583822877	0.15714285714285714	0.17709533159651344	0.15714285714285714	0.17709533159651344	False
21	2046-04-01	FGA	tropics	0.013484348969218029	0.00041137533150695417	1.0937900977761816	0.012328095670854466	-0.5567933356848113	-10.887707105872337	28	532.0	531.8307022148682	0.2982700040548746	0.28863582340437954	0.46153846153846156	0.3373876031957636	False
22	2046-04-01	FGA	tropics	0.08999181320363561	0.00846748123979701	7.93140073559678	0.01134626987131604	-0.5713759125628792	-249.98775307654668	50	1645.0	1645.0355569298354	0.7153730108509931	0.7089948931576169	0.92	0.8155429296238408	False
21	2046-10-01	FGA	tropics	0.25388340034611945	0.06445821535360731	24.984434560760782	0.010161662843667279	0.6876797826558734	-28132.30515466659	4	44.0	43.50328527056588	0.23886739638572288	0.1988502174295949	0.28205128205128205	0.20988869561292378	False
22	2046-10-01	FGA	tropics	0.24110202990295157	0.07301481052063542	21.57934735674351	0.011172813798171128	-0.6133232425817404	-5654.228288638501	34	686.0	686.0490231333492	0.664450349958871	0.6513719918195899	0.92	0.8286737010287671	False
23	2046-10-01	FGA	tropics	0.07087939508791707	0.005231606677013476	2.9348150221617653	0.024151230845107157	0.6343248394991498	-56.771556032324014	23	1315.0	1314.8085329943472	0.5562032610891873	0.5330257383761825	0.691358024691358	0.6254254486031375	False
24	2046-10-01	FGA	tropics	0.005470882360686364	3.873180061348658e-05	0.2159702789333148	0.025331644649010294	0.8251626488809038	0.4564923300974528	17	706.0	705.8641364773393	0.3369881589361948	0.32564440689149554	0.4329268292682927	0.40461640432053386	False
22	2047-04-01	FGA	tropics	0.03546056760535943	0.0016571715412572645	3.6377062995854827	0.009748056793205149	-0.2117279489031475	-210.43320669391758	8	106.0	105.7646816878129	0.34292847631595924	0.3249803074712849	0.5588235294117647	0.4833547871359947	False
23	2047-04-01	FGA	tropics	0.21959726185535694	0.04917444027489752	8.635139801486517	0.025430655079556885	-0.6772033461871706	-151.4513498228368	38	2018.0	2017.9311672284293	0.5575730282748971	0.5487763482771946	0.691358024691358	0.6210415615716528	False
24	2047-04-01	FGA	tropics	0.07987243350214344	0.017531512529613665	2.9749935181237697	0.026847935303239367	-0.852239239559563	-73.02699985744772	33	1248.0	1247.6709572657633	0.3925632650287783	0.3864940244438589	0.6129032258064516	0.5096356857937551	False
23	2047-10-01	FGA	tropics	0.23859875014789292	0.056971846157365016	10.295780299214677	0.02317442128850519	-0.7174010402247465	-6497.434561054115	14	532.0	531.9813642186108	0.5370420271564	0.5333326480748831	0.6521739130434783	0.5914199416028982	False
24	2047-10-01	FGA	tropics	0.2570626608099936	0.0661275629104691	14.533512893005259	0.017687579231702038	-0.6960956456599722	-7118.775765354303	14	422.0	421.8829156664053	0.4602903023498426	0.45872303989857893	0.6129032258064516	0.5193087932180669	False
25	2049-04-01	FGA	tropics	0.16080150412871436	0.025875357694097184	10.01251185678984	0.016060056300424667	0.20678714157357858	-2338.9003754752257	23	442.0	441.9719235164275	0.6133654241938667	0.5951276443425736	0.8571428571428571	0.6248381990834899	False
26	2049-04-01	FGA	tropics	0.1110455785163107	0.01241211780275593	9.685710551236657	0.011464887158137569	-0.8269085596684612	-677.755834536378	16	255.0	254.30682489399868	0.43893134591444427	0.406842463658061	0.6875	0.43833185211343356	False
25	2049-10-01	FGA	tropics	0.17171097970655708	0.029506068043361186	13.513379599887395	0.012706738417086123	0.9071879912242607	-583.9870618221452	47	1036.0	1035.9911270082016	0.5649924628348728	0.5563847661306465	0.8571428571428571	0.615456388439916	False
26	2049-10-01	FGA	tropics	0.12717318691627766	0.01620390951706377	11.231144173043726	0.011323261900734087	0.8096809395494852	-529.7740955502406	41	797.0	796.9946998306357	0.4633344675470725	0.4508494381138572	0.6875	0.552769604625937	False
25	2050-04-01	FGA	tropics	0.2820589359738853	0.0796004831527402	22.686352505741603	0.012432978633409673	0.36946160373795245	-4875.570665045365	24	559.0	559.0505704797481	0.5178340425496598	0.5250902464164545	0.6136363636363636	0.5495600744386895	False
26	2050-04-01	FGA	tropics	0.11943150793359815	0.014589990156892293	15.493876289534047	0.007708303958401481	-0.45836437278112707	-1078.8659815118258	37	688.0	687.8285622554212	0.6002891618502895	0.5707358739449238	1.0	0.9542119308821158	False
26	2050-10-01	FGA	tropics	0.15900824094760913	0.025391925554021182	18.675744856934706	0.008514157917967375	0.2542757029395486	-4001.140833475679	39	746.0	745.7627912478828	0.9032878648720726	0.8791656432481008	1.0	0.9633485157356195	False
26	2051-04-01	FGA	tropics	0.18801747097902832	0.04659352013882684	22.219061132467445	0.008461989903987848	0.8302367098529015	-2442.4608877767323	50	1322.0	1322.0189694668547	0.8766277313444364	0.8802621567133668	1.0	0.9588777197580153	False
27	2051-04-01	FGA	tropics	0.008100703690105451	6.645525893190593e-05	0.8986939688538977	0.009013862305581353	-0.0	-78.69607123774472	2	24.0	23.74671464181781	0.33638282899366645	0.267015134507871	0.4482758620689655	0.3545124607914206	False
26	2051-10-01	FGA	tropics	0.20321519281502962	0.04171008585428967	20.21332816385962	0.010053524643129665	0.16438859584679144	-3406.9939901958082	35	898.0	897.4995152957487	0.7123081942617088	0.6979991800924097	0.9696969696969697	0.9133816055144758	False
27	2051-10-01	FGA	tropics	0.1823796201750789	0.03332673542052382	14.58698677294624	0.01250289885182657	-0.15649321761797808	-6787.323564136023	28	596.0	595.7427394908601	0.666432204520229	0.6582968061624194	0.918918918918919	0.8582415553452637	False
26	2052-04-01	FGA	tropics	0.11485364585582292	0.013311840464975716	9.503926870804301	0.012084862122482118	0.813522912332216	-5673.84186985693	8	124.0	123.65664169683428	0.45252584248025873	0.41034461326969707	0.5263157894736842	0.5418036351473959	False
27	2052-04-01	FGA	tropics	0.19660984496375622	0.038888361334258076	24.218002222161193	0.008118334582686768	0.027334087731674117	-2188.6182303428227	50	1401.0	1400.8988635015298	0.8118706237663466	0.808229742353705	0.9761904761904762	0.9176437498286373	False
27	2052-10-01	FGA	tropics	0.193571063483795	0.03761851852455688	9.005193364604665	0.021495492172842745	-0.43273306210149304	-2089.3549299398833	45	1154.0	1154.1287529894744	0.8176265726382951	0.8095480159662227	0.9761904761904762	0.9083281649165873	False
28	2052-10-01	FGA	tropics	0.01889465993621431	0.00035894448736585106	0.8823272041986995	0.02141457256027124		-184.37521518694848	8	143.0	142.92347749719386	0.6190764835266114	0.5915973873903755	0.8	0.7981313817420792	False
27	2053-04-01	FGA	tropics	0.12658244469042187	0.01604738030389059	17.287546829229058	0.007322175085964285	0.02266690970648503	-13149.963416849676	19	316.0	315.7534655048341	0.7130580254797771	0.6921610073575866	0.9230769230769231	0.8594232526823249	False
28	2053-04-01	FGA	tropics	0.17511050797456876	0.038747980889083405	10.092851312288508	0.017349954195933086	0.9097774574461149	-693.8438313152603	34	1159.0	1159.1030264490148	0.8080375138003439	0.7929746425341727	1.0	0.9564048818107034	False
28	2053-10-01	FGA	tropics	0.07581246970513586	0.007759963371652182	6.494534993515237	0.01167327141678877	-0.4866697630516682	-164.67108727305478	49	1565.0	1564.8716968772692	0.8527438612986498	0.8516886989623034	1.0	0.932014598890725	False
28	2054-04-01	FGA	tropics	0.21212543636918332	0.04642623458999621	17.558670799325146	0.012080950704841291	-0.1892784084394126	-1931.8678582365594	35	663.0	662.5910181011711	0.763491208512603	0.7511112037786773	1.0	0.9571932597448848	False
29	2054-04-01	FGA	tropics	0.00664111279737245	5.2417647130630214e-05	0.697274592212139	0.009524386621206407	0.0	-5.305299851843205	2	23.0	22.91711998083918	0.5346320346320346	0.45270894738597595	0.5454545454545454	0.48098396244069674	False
28	2054-10-01	FGA	tropics	0.15455432825456022	0.03761972027260516	32.192013827791506	0.0048010145957732165	0.18150201175540503	-10347.656373193884	28	393.0	391.7587708580522	0.5863886241898513	0.5361732227160686	0.85	0.6757845769980504	False
29	2054-10-01	FGA	tropics	0.0793707987726344	0.006362947507808897	8.798058312331188	0.009021399490088606	0.19380385484007565	-2004.4868361913018	19	320.0	319.32921138495385	0.583058984564602	0.5401355431911286	0.75	0.6369009064850867	False
0	2025-04-01	GARW	north	0.017386195819042747	0.0005969795031228839	0.42757783191726084	0.04066206084885872	0.6820187180679537	-0.14394136352551268	11	495.0	495.0345476580281	0.32911376113943286	0.3183861766676374	0.5370370370370371	0.4643919028864761	True
1	2025-04-01	GARW	north	0.009013366914991853	0.00023197195460194185	0.13140157814892878	0.06859405375463774	0.9592143690175501	0.3882041867573507	11	1260.0	1260.2777656335509	0.670073967765089	0.6806899547375022	0.7983539094650206	0.8264681703562293	True
0	2025-10-01	GARW	north	0.08666245534790488	0.009578222160756713	1.698642249898067	0.051018662318746265	0.9390187967760313	-10.004010045783337	17	641.0	640.9912278650836	0.2643295706035568	0.25783644890489654	0.5370370370370371	0.5330519430693638	True
1	2025-10-01	GARW	north	0.04735378870448125	0.0027591769745935347	0.7147126409902328	0.06625570332556688	0.6521377743963843	-0.7768779233480276	23	2246.0	2245.9693174401536	0.7826602400410809	0.7881085458934614	0.9629629629629629	0.9341996373947402	True
0	2026-04-01	GARW	north	0.008728667314778206	8.28629240808618e-05	0.16665508359401643	0.05237564391400059	-0.6934132894255846	-0.5388062074827269	3	56.0	55.90575652477765	0.14662120511635074	0.12694836691013048	0.16071428571428573	0.14613241705958932	True
1	2026-04-01	GARW	north	0.011252342372231624	0.00021335017784550707	0.24557012175470908	0.04582130062007777	0.7163528926479932	-1.7865628091797126	10	633.0	633.0483103339568	0.9004475665218195	0.8947583671328584	0.9629629629629629	0.9426063249452091	True
3	2027-04-01	GARW	north	0.0019463966561817558	4.43101429690003e-06	0.04292501709250567	0.045344109053868716	0.9994767391081111	0.9922834551901317	15	1484.0	1483.8822231010886	0.4967460346829544	0.4841639403914722	0.6785714285714286	0.6154686410260823	True
4	2027-04-01	GARW	north	0.003365843744851278	1.4360057465809173e-05	0.05804798294371875	0.057983819146906104	0.9997430834561634	0.9785438366334152	14	1440.0	1440.0253975238136	0.4090781293150848	0.40720952901902313	0.5362318840579711	0.5124315815674875	True
5	2027-04-01	GARW	north	0.0056606456664013115	3.921651470762129e-05	0.11332929535199814	0.04994865315997491	0.9997601438013901	0.9391222749573069	11	310.0	309.963319188983	0.09970100097922611	0.10238193061944247	0.13553113553113552	0.10512732666040693	True
3	2027-10-01	GARW	north	0.09907035054439145	0.015189481968147582	1.4630900159341396	0.06771309315588349	-0.2672376957498673	-8.399998397761362	22	1708.0	1707.9809615907418	0.41835396829940646	0.4189238523558126	0.6785714285714286	0.602450218524398	False
4	2027-10-01	GARW	north	0.09299591936543485	0.013990904305782776	1.5565723698674137	0.05974403835354991	-0.752084658543459	-8.539392770888488	22	2000.0	1999.998055615166	0.49367579627531927	0.49025628188244674	0.7131782945736435	0.6930339668550567	False
5	2027-10-01	GARW	north	0.06737779577820326	0.008135997380896022	1.3515008162925375	0.049854054815175984	-0.771269327136516	-6.335903204323658	16	380.0	379.9664182683008	0.09761776808657865	0.099207115232963	0.13553113553113552	0.10345333090710221	False
3	2028-04-01	GARW	north	0.005712759480471974	3.971238770842466e-05	0.09651970951605976	0.059187491436880436	0.5292863714353685	-1.261698289683467	5	99.0	99.03309173068298	0.233330662809243	0.24485721098261806	0.2631578947368421	0.2617652645548178	True
4	2028-04-01	GARW	north	0.0025654280090874424	8.358977733242061e-06	0.04874347095689577	0.05263121313941862	0.9231690628584021	0.8420570672595514	6	310.0	310.0098959337904	0.659359534416654	0.647322704088213	0.7131782945736435	0.6611594663820637	True
5	2028-04-01	GARW	north	0.008190438330118363	9.311553806275306e-05	0.18228426757075192	0.044932228322662686	-0.6619941620393507	-56.926782725463035	3	32.0	31.999576622852835	0.09534296452901103	0.09432180944975181	0.125	0.095472034152227	True
6	2028-04-01	GARW	north	0.004204720176101754	1.7839787404427877e-05	0.440436645467763	0.009546708293621111	1.0	-78.91822891889645	2	24.0	23.98690531850682	0.8	0.6810400895049032	0.8	0.6876413019782202	True
7	2029-04-01	GARW	north	0.016816408620945945	0.0005044697630110868	0.1802229645056528	0.09330891136472504	0.8659243996627168	0.6699054258996215	25	4769.0	4768.963643581713	0.9437842020713707	0.9373731522986425	1.0	1.0	True
8	2029-04-01	GARW	north	0.021955265272714766	0.0006672578567955042	0.25290387379608553	0.0868126887230566	0.9110456018875256	0.5598713665271552	13	276.0	276.10976919533823	0.09622035214753406	0.09960831762495559	0.22972972972972974	0.1821050182172193	True
7	2029-10-01	GARW	north	0.07427532717640394	0.008450945805272034	0.7956002942639498	0.09335759138339661	0.7228136772502142	-3.2551935518064026	27	4818.0	4818.152318287635	0.9213496157294033	0.9215274928659755	1.0	0.998742196857968	False
8	2029-10-01	GARW	north	0.06142032888924399	0.004647551573719257	0.7427869641793464	0.0826890237056099	0.6413473561832493	-2.6674382210054017	14	287.0	287.032802586057	0.11245671354876062	0.09988953740349618	0.3235294117647059	0.21930905036761028	False
8	2033-04-01	GARW	north	0.025712001177700596	0.0006611070045620768	0.5901433639040627	0.043569076177700596			1	11.0	11.0233863332429	0.035256410256410256	0.04205767072971279	0.035256410256410256	0.04205767072971279	True
9	2033-04-01	GARW	north	0.014373344653385469	0.00041995452441749814	0.2368297123300846	0.060690630883984804	0.9860426551333763	0.3218134093532864	15	2054.0	2054.0041343414505	0.607368742605341	0.6065551204183899	0.7037037037037037	0.6259495560168987	True
10	2033-04-01	GARW	north	0.01712802885852793	0.0005027669027493951	0.27378223174715755	0.06256077594672378	0.9921966145915158	0.26333723561815015	12	1115.0	1114.886734978641	0.33376909736577454	0.3320912960251295	0.36538461538461536	0.3419465248923028	True
11	2033-04-01	GARW	north	0.03537124027358708	0.0013995410668602806	0.788594929769177	0.04485349694543471	0.9912052452191029	-5.083662538409192	5	97.0	97.02652797473698	0.04925548453781422	0.04790772028361521	0.06686046511627906	0.0614205166554161	True
9	2033-10-01	GARW	north	0.08472997820997992	0.011247223885437276	1.3574290755231657	0.06241945140104223	-0.48543442668755793	-4.792362837543733	23	2590.0	2589.9889746761683	0.5942665345885761	0.6073313699663175	0.7037037037037037	0.6311014258622637	False
10	2033-10-01	GARW	north	0.07829124606781639	0.007731553561787385	1.1932583971399051	0.06561130954994406	-0.7478896966648516	-3.3764796711194913	19	1382.0	1381.9448855389312	0.3232856031216976	0.33199833965354236	0.36538461538461536	0.3487841081380662	False
11	2033-10-01	GARW	north	0.058649903345053996	0.004291944685313907	1.7792817568141117	0.032962684589128495	-0.9768926720479997	-12.831970108296101	9	169.0	168.81442265736396	0.07327173957346612	0.04339397806214071	0.12169312169312169	0.05028724925833873	False
9	2034-04-01	GARW	north	0.150282158733793	0.023466542389374328	2.887300840851713	0.05204935925189628	0.8262809617685359	-5912.3512806423905	5	178.0	177.75838046519837	0.556358106224042	0.5489130702248121	0.6388888888888888	0.5576968493913103	False
10	2034-04-01	GARW	north	0.1635574457732088	0.027092885938869583	3.2309004985330163	0.05062286685940087	0.9716489960125907	-1365.1274346409732	4	91.0	91.21957158062598	0.31120951290743926	0.32183591855583216	0.3466666666666667	0.3298071442395431	False
11	2034-04-01	GARW	north	0.1966269017431299	0.038662138489102466	5.332529471290406	0.03687310174312992			1	11.0	10.94742893718395	0.09734513274336283	0.12420859679925818	0.09734513274336283	0.12420859679925818	False
11	2036-10-01	GARW	north	0.022792512575689042	0.0005194986295129431	22.256717179263646	0.0010240734243109578			1	11.0	10.629758102959117	0.4074074074074074	0.2840476967177485	0.4074074074074074	0.2840476967177485	True
13	2036-10-01	GARW	north	0.03242665212166076	0.001056428962822901	2.3334971022509916	0.013896161298156582	0.9473032454630349	-20.941122294483037	6	83.0	82.81180909508548	0.614374201787995	0.5710800873085967	0.7222222222222222	0.6413792977990717	True
12	2037-04-01	GARW	north	0.014120647714875218	0.0002918701835234241	0.2914055323226961	0.048457033750609516	0.9957903020111736	0.637023822130891	14	280.0	280.11512291178724	0.09858512760008398	0.09799736061990091	0.17647058823529413	0.11252336384142596	True
13	2037-04-01	GARW	north	0.00926247926687196	0.0001363350324840025	0.23290899840303	0.03976866214006896	0.9200419858609884	0.7492148655634139	26	3075.0	3074.915820697206	0.8463042303250652	0.8299859379828246	1.0	0.9241588966913279	True
12	2037-10-01	GARW	north	0.04412117989681164	0.0026378719880607937	1.241552135301068	0.03553711410283432	0.8141854175170804	-5.245201993222622	14	280.0	280.09122905520445	0.09858512760008398	0.08482107142382787	0.17647058823529413	0.10978961560711457	False
13	2037-10-01	GARW	north	0.10313307610030852	0.014966941130803515	1.7322450528795865	0.05953723229220133	0.1737774861699284	-10.047883019677899	28	3255.0	3254.9169566525698	0.8904161633352622	0.8793782766385329	1.0	0.9142357271025437	False
13	2038-04-01	GARW	north	0.03012938241489773	0.0009406090056077265	0.508828157855464	0.05921327652518826	0.9985050451904017	-56.661631819257835	4	90.0	90.09436132570892	0.8414946680426557	0.8836906357006907	0.8947368421052632	0.8922147624577479	True
14	2039-10-01	GARW	north	0.0016737378067094972	3.241738125481347e-06	0.08189973709510218	0.02043642465867685	0.9789769462636247	0.9227031542957961	7	87.0	86.367942539738	0.5236409402470666	0.5552018396167835	0.7857142857142857	0.7210347084211075	True
15	2039-10-01	GARW	north	0.002163759627730022	7.25642493776105e-06	0.07078982364038496	0.030565970028714924	0.989122964944672	0.961544607002575	25	506.0	505.7731963621867	0.8720586850452838	0.8465358101730956	1.0	0.9988954100378705	True
15	2040-04-01	GARW	north	0.0016034123931001972	4.791540105708142e-06	0.0334100853284769	0.04799186764523279	0.9953880986333485	0.9905940133126669	47	4444.0	4444.324280785444	0.9646060817678639	0.960563171458906	1.0	1.0	True
15	2040-10-01	GARW	north	0.13926199531926464	0.02399272534359848	2.505719567784365	0.05557764608208109	0.2620154436052208	-20.965579999841918	27	4052.0	4051.8548438304542	0.9912899050698508	0.9922347491219786	1.0	0.9960386612837782	False
16	2042-04-01	GARW	north	0.07124417858182093	0.006455375357308553	2.615543966969831	0.02723876160428646	0.9892982687661737	-90.2397848246784	14	475.0	474.91031883900934	0.5632312502910304	0.5737834484792153	0.8333333333333334	0.781408666132009	False
17	2042-04-01	GARW	north	0.09581841083211201	0.01176013823616355	1.8404258282233283	0.05206317438210003	0.9947224725760706	-46.12266352999494	12	435.0	434.98278994417234	0.4683499802489401	0.45407259845569925	0.648854961832061	0.5486102095691777	False
16	2042-10-01	GARW	north	0.0026309829262286012	1.2022158907629801e-05	0.07482522650690906	0.03516171014845731	0.9916954695331667	0.9737902863103631	21	638.0	637.9497176484066	0.47908051131589424	0.47923417689427367	0.8333333333333334	0.786773867316555	True
17	2042-10-01	GARW	north	0.002545070606489404	1.4799212169434223e-05	0.04355535833329545	0.058433008104627406	0.9928879965542429	0.982996637368859	24	877.0	876.9465096121892	0.5922124726627914	0.5952344898783988	0.9166666666666666	0.8142520884539846	True
16	2043-04-01	GARW	north	0.00261974720231576	8.014589214318639e-06	0.07073865274512944	0.037034168741588554	0.9771101550394471	0.7772013287507108	5	96.0	95.94213974916978	0.2971987258986019	0.28261418696464446	0.32926829268292684	0.3258197630156345	True
17	2043-04-01	GARW	north	0.006284582463930618	7.810125075415644e-05	0.1587205700086502	0.03959526143075287	0.8573424547636103	0.7117736202143781	18	449.0	448.876172895608	0.46349297869390277	0.47207895845291437	0.9166666666666666	0.8396512841093113	True
18	2043-04-01	GARW	north	0.0010259454924368872	1.5617162399231238e-06	0.022905743268054588	0.04478988000654484	0.9978331642405616	0.9932300577743896	15	1272.0	1272.0098630169002	0.8240553268258602	0.812656637887102	0.9508196721311475	0.9617213823289507	True
17	2043-10-01	GARW	north	0.051689331466291975	0.003153434052701053	2.8749832137639233	0.017979002875157794	-0.6810268567406929	-23.516166711118444	8	133.0	132.90878534920554	0.13137382774754752	0.1181408642236408	0.2	0.17036970191437076	False
18	2043-10-01	GARW	north	0.06986280376838037	0.007388957776027869	1.5669313942375271	0.04458574512279512	-0.17804744989160157	-5.790196654482786	26	2026.0	2025.9689065158097	0.8847935346078732	0.8707775896790797	1.0	0.9595309947045668	False
18	2044-04-01	GARW	north	0.0021209764717946833	8.522621504037084e-06	0.047510941096828546	0.04464185349374742	0.9780541756080778	0.8602145120177964	9	469.0	468.9841326060254	0.9680174713810233	0.9532783930725901	1.0	0.9644565262801588	True
19	2044-04-01	GARW	north	0.008553218467424063	9.76004105372296e-05	0.27276780875798873	0.0313571403692026	-0.24177507507414112	-1.308135272167294	8	124.0	123.90514127094056	0.7231815980114129	0.7213636298557972	0.8846153846153846	0.8442093202318712	True
19	2044-10-01	GARW	north	0.04025065779372291	0.002170713350886789	1.5149319520107376	0.026569284343299415	0.6015591468114921	-6.5871387821359795	17	287.0	286.87142442772455	0.7244662762437744	0.7226351590260242	0.8846153846153846	0.7519629921516193	True
20	2044-10-01	GARW	north	0.017041417751004314	0.0002904099189642449	8.593954076164561	0.0019829542489956864			1	10.0	10.05488633623862	0.3333333333333333	0.258499008593088	0.3333333333333333	0.258499008593088	True
19	2045-04-01	GARW	north	0.005171974939127062	3.3688106274482636e-05	0.21199325062669389	0.024396884918919275	0.9855330192190768	0.889998837162866	16	266.0	265.73583774431404	0.29330330055892706	0.29849675710953655	0.8181818181818182	0.7621300546148247	True
20	2045-04-01	GARW	north	0.01382239251288419	0.00041453358126724936	0.19752907501759717	0.0699764959242218	0.9688445037517943	0.6499402598598405	22	2464.0	2464.004357794673	0.6124722300411901	0.6052253326813154	0.8928571428571429	0.7585180862902682	True
21	2045-04-01	GARW	north	0.013435196976061145	0.00030626995849388394	0.22007802708406723	0.061047425561158164	0.9941891231584514	0.677519279160955	16	1769.0	1769.0009030724432	0.37088650465918616	0.36582127997853187	0.6428571428571429	0.6644628627460146	True
22	2045-04-01	GARW	north	0.02449899701911786	0.0007702457880938687	0.5337761230965851	0.0458975138808988	0.9994619578358501	-0.5439478434108109	9	132.0	132.09046381137236	0.04708630860123361	0.04618149694593389	0.11038961038961038	0.06998952158024933	True
19	2045-10-01	GARW	north	0.029895404008804034	0.001990023817196238	0.6865458201822767	0.043544659555085276	0.8790192793402343	-2.710953516578421	10	161.0	160.67819317548245	0.06121396624402129	0.050061664799444995	0.12612612612612611	0.09985091462740386	False
20	2045-10-01	GARW	north	0.09504648717737196	0.01349808029175834	1.5133656095828771	0.06280470930191763	0.40654401949498264	-8.722215217233986	24	2528.0	2527.9603876433202	0.5610240698634591	0.5641898701611089	0.8928571428571429	0.7583288365729571	False
21	2045-10-01	GARW	north	0.06595745667250841	0.006553311974575611	1.0184566071064243	0.06476216680443818	-0.09406859453826434	-2.179611638058583	23	2043.0	2042.9981381114487	0.45750290092851786	0.44012220335139757	0.7727272727272727	0.6554439601079719	False
22	2045-10-01	GARW	north	0.0476759394628849	0.003266073934771051	1.2326150209344073	0.038678694201489804	-0.2656859814045379	-5.187897632432056	10	149.0	149.0037824410796	0.05378707371426461	0.039373939517642134	0.11409395973154363	0.053492981352335475	False
21	2046-04-01	GARW	north	0.05410693271390553	0.0037770533600147926	0.807878982951695	0.06697405657988346	0.8917334662821945	-118.35182931924012	4	86.0	85.75463123978349	0.6708340207886487	0.6173486397241484	0.7727272727272727	0.6880162904341779	True
23	2047-04-01	GARW	north	0.0019205800479807538	5.4318867482327615e-06	0.032786077645306805	0.05857913437399783	0.9984175350873798	0.9961656578676872	25	1903.0	1902.9651257623914	0.3371067206176663	0.32002807974548575	0.42857142857142855	0.3756571702598893	True
24	2047-04-01	GARW	north	0.002185202967763197	8.598508811560506e-06	0.03561435182334722	0.061357370158023575	0.9983283224442986	0.9941162317403223	27	3870.0	3869.971576608773	0.6546165473407515	0.658336534095224	0.8421052631578947	0.6902000027346858	True
25	2047-04-01	GARW	north	0.005508668859494454	3.034543260356393e-05	11.113360274740156	0.0004956798594944546			1	14.0	13.854688191831324	0.03153153153153153	0.02044482456222722	0.03153153153153153	0.02044482456222722	True
23	2047-10-01	GARW	north	0.43228579100288206	0.2008348191304323	7.226227335982809	0.05982178125649692	0.7414498275035376	-145.03321413091496	23	1877.0	1876.9635593103767	0.33291138371220125	0.33171961018926577	0.42857142857142855	0.4012147647893613	False
24	2047-10-01	GARW	north	0.3586350649796121	0.15645450516017098	6.15387783392992	0.058277898043774555	0.8772160824162331	-96.25392282416969	25	3826.0	3826.0377841421337	0.661147452063786	0.6531875657058062	0.8421052631578947	0.7038372368757875	False
25	2047-10-01	GARW	north	0.31380665559490367	0.09847461709565848	49.809824449132	0.006300095594903711			1	14.0	13.533305521364737	0.03153153153153153	0.02429026731103125	0.03153153153153153	0.02429026731103125	False
26	2051-04-01	GARW	north	0.18737114579916503	0.048787994417631146	4.839040880229352	0.038720719753515355	0.7425295251864162	-98.44386077443677	27	2219.0	2219.052804110123	0.8431589871114707	0.8339011207820038	1.0	1.0	False
27	2051-04-01	GARW	north	0.1120997467210633	0.014110488782538632	2.284447301062083	0.049070839440658584	0.9887000428856357	-29.911342861286272	13	769.0	768.9928497216578	0.2660558558047506	0.27285246187025247	0.46703296703296704	0.39804526660648504	False
26	2051-10-01	GARW	north	0.05907850614647953	0.004835680822358022	1.0028352115683012	0.058911479637904406	0.8225946238315633	-2.791895168785964	27	2405.0	2405.006300119536	0.7003553521002275	0.6973350617299664	1.0	0.924241096751978	False
27	2051-10-01	GARW	north	0.11732369093700076	0.02405407923967626	2.008988124851697	0.05839939494199926	-0.8359663361036794	-18.442037101338787	20	1083.0	1082.965958801748	0.3881198026035218	0.4075844558250517	0.6666666666666666	0.6955205898875162	False
26	2052-04-01	GARW	north	0.31187317763306077	0.09881836793669899	5.235632339430392	0.05956743281690992	-0.9984756794982687	-4183.623136711847	4	88.0	87.70766065152901	0.4198296327328585	0.41525984218301804	0.47619047619047616	0.4621128409673162	False
27	2052-04-01	GARW	north	0.3942285550130106	0.15857226206454858	9.021065990674602	0.04370088362290429	-0.9254879480300431	-11989.548424900808	5	127.0	127.00435420271234	0.5784220080994273	0.5949890639484586	0.6666666666666666	0.6522640941102991	False
28	2053-04-01	GARW	north	0.013776840110465855	0.0003831840376607217	0.3472364866910355	0.03967566957536991	0.978099028454228	0.3434265318485735	22	2906.0	2905.7704645533618	0.9728054316443278	0.9673736812180143	1.0	0.9791603308328723	True
29	2053-04-01	GARW	north	0.0460661845461446	0.0021220933586394513	2.5317972800197097	0.0181950525461446			1	12.0	11.998326559143758	0.09302325581395349	0.050250999412924775	0.09302325581395349	0.050250999412924775	True
28	2053-10-01	GARW	north	0.08394532868242095	0.009823093264825762	1.537517632049202	0.05459796163152854	-0.08893045108259671	-7.238727309157328	29	3233.0	3232.81907943043	0.9601888363503398	0.9584471830070256	1.0	0.9861017940536028	False
29	2053-10-01	GARW	north	0.08938554311907193	0.007989775318691467	3.966374025170853	0.022535833119071924			1	12.0	11.918725841519619	0.09302325581395349	0.05799524387825337	0.09302325581395349	0.05799524387825337	False
28	2054-04-01	GARW	north	0.009207187753722602	9.504791131968923e-05	0.17042841934151445	0.05402378188623987	0.4890311112392019	-6.354183928386418	5	141.0	140.83032321379093	0.9090961791831358	0.9133211459844262	1.0	0.914743455829323	True
0	2025-10-01	GARW	south	0.020961289176364577	0.0007095557966830089	1.6372517652505598	0.012802728096711949	0.9378002517963644	-17.888157394603535	5	65.0	64.90784827207054	0.044695813783526585	0.02609947776587681	0.0761904761904762	0.03503307978639332	False
1	2025-10-01	GARW	south	0.16668311069120995	0.031209889017269853	3.5760172195264492	0.04661138368715204	0.9668317689128516	-34.95372806287757	19	3244.0	3244.0061546857332	0.9383714084876787	0.9385843244378334	0.9631728045325779	0.9613390381293728	False
0	2026-04-01	GARW	south	0.028880440632809718	0.0010124059256293298	1.3578471963724972	0.021269286198008226	0.850397089323747	-15.065149496179341	5	65.0	64.49254852011704	0.044695813783526585	0.02759228125111406	0.0761904761904762	0.030521145830811777	False
1	2026-04-01	GARW	south	0.06648942762050623	0.006441671333955372	1.142550840137036	0.0581938459845967	0.2846997915395522	-3.203182829895608	26	3546.0	3546.054441635232	0.9374590475561082	0.938357808454946	0.9782608695652174	0.9567703995004362	False
1	2026-10-01	GARW	south	0.2486483328365575	0.06232953878452706	4.2544080050770745	0.058444872362930056	-0.951066171044773	-4265.432461303679	5	137.0	137.00942182597706	0.9234501034040206	0.9391208261838095	0.9591836734693877	0.9441153211068981	False
3	2027-10-01	GARW	south	0.0156752913862401	0.00024571476004353306	1.2779066098773053	0.012266382586240101			1	16.0	15.58878313165063	0.04113110539845758	0.03388348681166493	0.04113110539845758	0.03388348681166493	True
4	2027-10-01	GARW	south	0.003879233491267545	1.8930831143284212e-05	0.08543357853843181	0.045406426344677744	0.9950386106108265	0.9783664708182933	21	1563.0	1562.9498531026989	0.442945103193036	0.42656812169797914	0.7857142857142857	0.5528169831452598	True
5	2027-10-01	GARW	south	0.004715166726024454	3.542983181999267e-05	0.12110753479050329	0.03893371898107694	0.9908849666867205	0.9345848770708605	16	516.0	515.9782264537394	0.12797646601942333	0.13107880614999368	0.20754716981132076	0.1762396329916855	True
6	2027-10-01	GARW	south	0.002234941807915982	7.671097910364258e-06	0.039691429200515924	0.05630791969282204	0.9997725669601176	0.99155175969242	15	2057.0	2056.967165333735	0.4608018442214069	0.4569075287757034	0.6269230769230769	0.6393964286757355	True
3	2028-04-01	GARW	south	0.05204024627294121	0.0027081872321483716	6.020879607686119	0.008643296272941216			1	16.0	15.572804247517187	0.04113110539845758	0.023867658431466147	0.04113110539845758	0.023867658431466147	False
4	2028-04-01	GARW	south	0.13423558864726706	0.020945598604487983	2.394941385257096	0.05604963423055003	0.7827906667371541	-14.716404724829165	25	1657.0	1656.9497560598081	0.40601315481255595	0.3948916142221936	0.7857142857142857	0.572331200439726	False
5	2028-04-01	GARW	south	0.07917525825354314	0.010274898040591077	1.9040181124995887	0.04158324846479644	-0.17450593719960578	-11.81019865679361	19	563.0	562.9025212173078	0.12692474891743152	0.11557972663279867	0.20754716981132076	0.1355104162146052	False
6	2028-04-01	GARW	south	0.07627125693982136	0.009361432019040295	1.293627238302285	0.05895922309112578	-0.3126587667837012	-4.3721841879871635	22	2402.0	2401.9541137454926	0.5274716668102635	0.5331855072117614	0.7142857142857143	0.6793071372277857	False
4	2028-10-01	GARW	south	0.007235355523143864	6.192107041552698e-05	0.12233303982487549	0.059144737460146146	-1.0	-88.50002161735333	2	28.0	28.11732081167785	0.19444444444444445	0.18545627291342417	0.23333333333333334	0.1910070749926431	True
5	2028-10-01	GARW	south	0.05320190436064408	0.0028304426275991192	5.164560355153336	0.010301342360644077			1	11.0	11.004441218888127	0.12222222222222222	0.07432729209359197	0.12222222222222222	0.07432729209359197	True
6	2028-10-01	GARW	south	0.008131717815761256	8.167461251667337e-05	0.13638013594396906	0.059625382827761086	0.9556076477854689	-0.6125509850211512	5	162.0	161.75484324948067	0.6887260887260888	0.695778074454928	0.7142857142857143	0.7077043870982852	True
7	2028-10-01	GARW	south	0.01611663416669742	0.00039371765072654174	1.0453579446712278	0.015417335515411626	-0.7859096067689302	-7.75256084231404	3	38.0	37.64962204114476	1.0	0.9863019531902278	1.0	0.9991931555545142	True
7	2029-10-01	GARW	south	0.19933229321290366	0.05314319813902055	1.0120388163081122	0.19696111453517368	0.6404750911348818	-16.762756546557213	18	375.0	374.7437880873206	0.3617379765306268	0.3879192951196026	1.0	1.0	False
8	2029-10-01	GARW	south	0.053521516145290035	0.0036697637977078	0.9613805817364146	0.05567151777563595	0.9881068961460494	-5.6316032662367235	16	2776.0	2775.897768488717	0.8148502617417709	0.7818020440665996	0.9496124031007752	1.0	False
7	2030-04-01	GARW	south	0.06701886106297776	0.005839538566726611	1.2884056817858411	0.05201689344468262	0.538584028851782	-7.144773207999133	17	369.0	368.8587655452506	0.21249387130186265	0.21914486209643091	0.65	0.47398809616745313	False
8	2030-04-01	GARW	south	0.09561254293527086	0.014896363355182471	1.7015697145326616	0.056190787905231944	-0.7109265148657309	-7.88299108930341	25	3512.0	3511.968385765154	0.8695989699745279	0.8649064423356155	1.0	0.9945567512890422	False
8	2030-10-01	GARW	south	0.48483172497093774	0.24635600828397228	8.69904237303659	0.0557339192269846	-0.9802945187812013	-5796.877958535149	7	374.0	373.82004109473365	0.9677181483198642	0.9694258392055849	1.0	0.9728293536646234	False
9	2033-04-01	GARW	south	0.30332582069669406	0.09200655350132299	116.76979952938972	0.002597639303305905			1	10.0	10.056380283321714	0.5555555555555556	0.5957867969504992	0.5555555555555556	0.5957867969504992	False
9	2033-10-01	GARW	south	0.010670706787221595	0.00016825219111151114	0.14315057322265465	0.074541837639899	0.9836402808403293	0.8822210784171254	25	2191.0	2191.1086261148084	0.43571480028844134	0.4312776205050298	0.7142857142857143	0.5703003411624354	True
10	2033-10-01	GARW	south	0.008283466965872751	8.7504359744032e-05	0.16277662602733683	0.05088855303145071	0.9865224581318133	0.9189955001470073	21	1033.0	1033.0079881519218	0.20535275956023485	0.20483174184192854	0.3333333333333333	0.2754237751682456	True
11	2033-10-01	GARW	south	0.010141406778042764	0.00011829428078342325	0.18491670368192603	0.054843108146070615	0.9949396116925144	0.9093158690858518	19	2190.0	2190.0116317807297	0.4229623396956861	0.41532624747147945	0.6595744680851063	0.6726116688683739	True
9	2034-04-01	GARW	south	0.05491579673823641	0.004667135442497233	0.825217533396247	0.06654705518946764	0.8321835750932163	-2.206743747791346	22	2159.0	2158.8420248118036	0.4146831244258984	0.4110920254864194	0.6222222222222222	0.5660130207550476	False
10	2034-04-01	GARW	south	0.08807643472775499	0.010926918282073182	1.7264552880162596	0.051015763535328516	0.8135260097301183	-10.62020259937056	21	1033.0	1032.9993054020347	0.20535275956023485	0.20616696678351762	0.3333333333333333	0.29872851593270655	False
11	2034-04-01	GARW	south	0.046299505540045686	0.0032662945411001156	0.7977098824232538	0.05804053147668015	0.6574148938183706	-1.0681284602444907	21	2234.0	2233.9558747572564	0.4422040216294303	0.44547434282048953	0.6595744680851063	0.7026079541598435	False
13	2037-10-01	GARW	south	0.008004115781261166	8.287031390348599e-05	0.23214336078892542	0.034479193176404674	0.9097026851891994	0.16413237847245055	15	765.0	764.8946112998553	0.8658270513445205	0.8583897362061524	1.0	0.9082911925381671	True
14	2037-10-01	GARW	south	0.013338296978897848	0.00024286921020887688	0.3488117145256714	0.038239246055815	0.9941552950590062	-2.1016053796747	5	92.0	91.98115116191028	0.17422461243245974	0.17125928624291356	0.20869565217391303	0.20244742742762306	True
13	2038-04-01	GARW	south	0.01661091162797626	0.00034703835250778856	0.4317274371946483	0.03847545973893496	0.9371121256377545	0.4258664653992905	26	1239.0	1238.9723757599756	0.8010740370347877	0.7910846954004528	1.0	0.9185358527282065	True
14	2038-04-01	GARW	south	0.02263193274714186	0.0006658956263002007	0.6310959011164804	0.0358613210878147	0.8893978519663049	-0.4959200647715356	12	246.0	245.7124106902759	0.2534391789074746	0.2449739386754618	0.36065573770491804	0.29588794624466874	True
13	2038-10-01	GARW	south	0.004498785072790293	2.273010627418017e-05	0.11405914147777543	0.03944256474757779	0.9878484856399162	0.5996110410073439	8	265.0	265.01125327522266	0.7118949745632752	0.6932017441721126	0.8333333333333334	0.7124480877278186	True
14	2038-10-01	GARW	south	0.0035915142888300706	2.9374436336569168e-05	0.10003932026011347	0.03590102651129306	0.9908116059270085	0.9457184129394584	19	693.0	692.8055648640023	0.7809040709071889	0.7709918668795401	1.0	0.9626882593906331	True
14	2039-04-01	GARW	south	0.001990721835294812	6.6874742983159175e-06	0.053331862349538864	0.03732706392751771	0.9965360625554878	0.9894045821538223	25	1044.0	1043.9506536761971	0.9548402206825045	0.9381820598870767	1.0	0.9766078096115435	True
14	2039-10-01	GARW	south	0.0012501078002341904	2.22602116527561e-06	0.03384435828367077	0.03693696272082495	0.9908984194883121	0.9453138223420473	8	251.0	250.99522660249693	0.9620933942848573	0.9420090573366505	1.0	0.959814157379941	True
15	2039-10-01	GARW	south	0.0013985837378328934	5.0441988651595305e-06	0.022594401345407706	0.0618995704489933	0.9960596010266201	0.9916374518024738	17	2847.0	2846.9983483353017	0.9722130250798197	0.9677522022170311	1.0	0.9871621938651686	True
15	2040-04-01	GARW	south	0.07942346778887455	0.010323148734015197	1.3523534067634166	0.058729816771015866	-0.5560984286409905	-4.252650574225337	27	3678.0	3678.004931051328	0.9759662581559361	0.9663076113393317	1.0	0.9998394099618634	False
15	2040-10-01	GARW	south	0.43618346871668284	0.19697399492836012	7.69003193242851	0.056720631663090666	-0.962732746967521	-6774.234854610622	7	327.0	327.03435513693057	0.9810592431749755	0.987842461737736	1.0	0.9912945292722504	False
16	2041-10-01	GARW	south	0.008958712745515	0.00013740337360804836	0.21175315859692834	0.042307339379847875	0.9813902816803267	-0.12592392536914976	12	596.0	596.0473816786794	0.9818035736641875	0.979322085492062	1.0	0.980687225267564	True
16	2042-04-01	GARW	south	0.014652239341045474	0.00032465294153290127	0.34529824927491	0.04243357553017901	0.8989050454728529	0.5867609471728386	26	1266.0	1265.9943175480917	0.9787135835858612	0.9803656032729063	1.0	1.0	True
16	2042-10-01	GARW	south	0.005629542376840337	6.325868413999763e-05	0.14908374883532333	0.037760939209133274	0.892460193398237	0.7842287534924912	20	624.0	623.490912972726	0.6337630540120711	0.6383979121434883	1.0	0.996643714878071	True
17	2042-10-01	GARW	south	0.0014909868118659902	3.0816357245452366e-06	0.035930556844672834	0.04149634580703828	0.9973318953248845	0.98954442311053	15	1269.0	1268.9789852665074	0.7188916355935162	0.7143572454737358	0.7910447761194029	0.7430623608791163	True
18	2042-10-01	GARW	south	0.002609669561476644	1.1257586141763578e-05	0.051057313535831796	0.05111255138101204	0.9979900699724282	0.9503004362201403	9	271.0	270.9415864202541	0.1740347735025741	0.17561551132926626	0.27647058823529413	0.2559675647497183	True
16	2043-04-01	GARW	south	0.024440185335534676	0.0013079301244688071	0.6456937255227695	0.037851049761630104	-0.3295046279278794	-2.6242064678448047	9	147.0	146.70095924950968	0.1200435722718894	0.1289892080742954	0.23809523809523808	0.21360370538672743	True
17	2043-04-01	GARW	south	0.04355584746046848	0.002463365270227754	0.8971401433118992	0.048549658361821714	-0.27116576837589174	-1.492526994836116	24	1753.0	1752.8299837409095	0.6601440491978606	0.6375688868101751	0.7910447761194029	0.720011291601382	True
18	2043-04-01	GARW	south	0.049701074868169694	0.0031019207562762046	0.8433565763455638	0.058932456640742155	-0.4460226246451876	-2.1962717249637613	20	577.0	576.84263593777	0.3350011361170986	0.3342713236315588	1.0	0.6282029940655786	True
17	2043-10-01	GARW	south	0.0013737531964144397	3.2488854975892628e-06	0.026370222495658107	0.052094865587145885	0.9807813432749044	0.9266703198565969	7	279.0	278.9204808054055	0.534103334525263	0.5086492616635783	0.6372549019607843	0.6263605945409547	True
18	2043-10-01	GARW	south	0.002275145165813419	1.1286206982543254e-05	0.06106683306969856	0.03725664245952766	0.9866478573358373	0.9729442368111116	22	526.0	525.9722985740082	0.7413023308737183	0.7306207612060543	1.0	0.9729494835807464	True
19	2043-10-01	GARW	south	0.0042432759346458845	1.8005390657544906e-05	0.22154053377952185	0.019153496934645884			1	11.0	10.993716197503145	0.3055555555555556	0.19516352261376707	0.3055555555555556	0.19516352261376707	True
18	2044-04-01	GARW	south	0.0014718864519950203	3.0853310006961376e-06	0.05015128634261396	0.029348927202777375	0.9961794150687906	0.9905509163488347	20	447.0	446.9574983606436	0.8317575886961107	0.8189159951910634	1.0	0.9743507723006379	True
19	2044-04-01	GARW	south	0.0020534427763319917	7.163460127469123e-06	0.08935612716916168	0.022980436164658107	0.9976389331762896	0.9664895999034969	4	47.0	46.49943468751692	0.4086902304781562	0.32866436170026425	0.6666666666666666	0.5382923591275207	True
18	2044-10-01	GARW	south	0.004742359945536863	2.6995868541206087e-05	0.13990376292303602	0.03389730087635837	0.9983235508694337	0.15455089987844717	4	67.0	66.84473196462604	0.6845399070799528	0.628070833513162	0.7368421052631579	0.7002127975070525	True
19	2044-10-01	GARW	south	0.01397925337280147	0.00043733396127754116	0.333982321302209	0.04185626747636181	0.8233481479524398	0.2613277055210377	21	1770.0	1769.7215135921401	0.6465175190010499	0.6528292505307439	1.0	0.8798174840686498	True
20	2044-10-01	GARW	south	0.01926293999665336	0.0006790315485721949	0.31304283303617825	0.06153451848689073	0.9925016744955638	0.1351011981707192	15	1386.0	1386.0109669891608	0.40214202273215655	0.38834453528908797	0.5627906976744186	0.5642111962241366	True
19	2045-04-01	GARW	south	0.07676629682409813	0.008443206663341387	1.318546153992321	0.05822040934377881	0.22783268135178453	-5.929251085877844	25	1930.0	1929.7050774102695	0.5775935257285818	0.5925409722880205	1.0	0.8920542864374732	False
20	2045-04-01	GARW	south	0.06766745929555475	0.006858968868770906	1.0469633934590352	0.06463211581064929	-0.26186907057218217	-3.075894376441754	22	1755.0	1755.0134285078443	0.48424134848184014	0.4655709028481503	0.7428571428571429	0.6460573052237031	False
19	2045-10-01	GARW	south	0.004975321316618517	3.008321438123809e-05	0.09329038192606398	0.05333155695044362	1.0	-4.37393392989196	2	25.0	24.80616772506214	0.23317307692307693	0.301590589964437	0.3125	0.30669894396936737	True
20	2045-10-01	GARW	south	0.01712355951201488	0.0003328235519400999	0.29621959220330235	0.05780697821048442	0.7606970824276151	-7.232705803786514	4	120.0	119.88213054195211	0.6892399267399267	0.6310160982030039	0.7428571428571429	0.6534510304969443	True
21	2045-10-01	GARW	south	0.006366632784386123	6.30078731322968e-05	0.2668913226550113	0.02385477624769296	0.49760684598706134	-0.09906477798372149	12	216.0	216.0077075170905	0.4392953416435493	0.42897016699525464	0.5238095238095238	0.4914454362560322	True
22	2045-10-01	GARW	south	0.011170389770590192	0.00016897614422167965	0.30698803041023326	0.03638705312276512	0.7312125825399571	-0.04452727492660258	12	281.0	281.0044290001974	0.5538999951993285	0.5570025359799067	0.6415094339622641	0.5799688335395766	True
21	2046-04-01	GARW	south	0.03033649480389352	0.0023510769115572426	1.002942260286876	0.030247498789428055	-0.35330650923136026	-6.071928634388305	19	340.0	339.953199249455	0.42980545227490713	0.4270302655156704	0.5769230769230769	0.4432105446712598	True
22	2046-04-01	GARW	south	0.024137805421879332	0.0015100308428464613	0.7716031107806185	0.03128266991751692	-0.16838577784100076	-2.7352327637856777	20	469.0	468.98133196188076	0.5791334077259502	0.568935897943748	0.6829268292682927	0.6061433688107567	True
21	2046-10-01	GARW	south	0.00302719942296601	1.3148768426307106e-05	0.09208896555789918	0.03287255323834337	0.986382644859276	0.6526128672554001	4	62.0	62.038494342954664	0.3945955805711903	0.4028657952847325	0.4878048780487805	0.4319208437888009	True
22	2046-10-01	GARW	south	0.019926682473941883	0.0009384477593167503	0.1690140345658257	0.11789957280844073	0.9600177296460692	0.6557690489323383	15	252.0	251.89926431953137	0.30748410217575667	0.30693924749174717	0.6829268292682927	0.6566164619002808	True
23	2046-10-01	GARW	south	0.0029195822856088825	1.8187081270625216e-05	0.03441676850379969	0.0848302270239739	0.9967723378272866	0.9925844620118709	17	2054.0	2053.9999586299	0.3219606812795241	0.31059845139343295	0.36666666666666664	0.33910391443021787	True
24	2046-10-01	GARW	south	0.0030604247093046558	1.780572488668745e-05	0.03640037962903527	0.08407672503677587	0.9968294836141365	0.9927575275270097	17	4096.0	4096.001634481341	0.6257975700865372	0.6203696459696557	0.6775884665792923	0.659863043175188	True
22	2047-04-01	GARW	south	0.007923525325153398	9.879990375195104e-05	0.27911837633650843	0.028387687794517343	0.9585120435194832	0.7883151160431333	4	60.0	59.781827916176624	0.047970854973694285	0.04585204916101886	0.07602339181286549	0.07335483808446391	True
23	2047-04-01	GARW	south	0.028194973179982437	0.0010276765124595563	0.3338308599177348	0.08445885795857956	0.8392861168590693	0.6784541663469292	21	2130.0	2130.02600704833	0.3230545281470536	0.3191114006815779	0.4482758620689655	0.3705451850161468	True
24	2047-04-01	GARW	south	0.032043537334680086	0.0014078082348529368	0.42759635489209835	0.07493875232581461	0.8181053242363666	0.5696931580760687	22	4284.0	4283.994254899778	0.6363049861227501	0.6277504145302865	0.7605633802816901	0.686104852350542	True
23	2047-10-01	GARW	south	0.40439054947957476	0.16822866234780368	9.411453398123351	0.042967917108340616	-1.0	-5146.008100073166	2	30.0	29.7737593696974	0.40122126436781613	0.36876447833290243	0.4482758620689655	0.39928583634895454	False
24	2047-10-01	GARW	south	0.5443767257043405	0.30558263281820713	6.416750238608873	0.08483682634690785	-0.9424775528516345	-46688.10764794795	3	58.0	58.08629480191527	0.6275354969574036	0.5988886802196903	0.7058823529411765	0.6556145594340047	False
26	2050-10-01	GARW	south	0.001600974763737872	3.593742127087463e-06	0.033537318677139986	0.0477371127713064	0.9964203870563931	0.9865525252236512	15	1497.0	1497.0359262286986	0.9911060750046469	0.9779437095990355	1.0	0.9946137591339766	True
26	2051-04-01	GARW	south	0.001312846193576336	2.492838489461573e-06	0.027232460695873942	0.04820887132594847	0.9990710334742519	0.9979584580766232	26	2411.0	2411.061143451863	0.9913511789889798	0.9868788731463957	1.0	0.993877571570022	True
26	2051-10-01	GARW	south	0.20885859767959516	0.04395443112211964	4.374398453689666	0.047745672894390676	-0.5663482599952588	-639.3666758691927	9	579.0	579.0054598794268	0.9937847587636617	0.98101005019172	1.0	0.9845411945436058	False
27	2051-10-01	GARW	south	0.20540680923088256	0.04631820429986682	8.111214678697289	0.025323803815764885	0.8699292562646235	-342.2082936666699	11	223.0	222.96339957405138	0.8706343551954837	0.8552435915768416	0.9285714285714286	0.9054003234460255	False
27	2052-04-01	GARW	south	0.0019428093676151271	6.09749471605799e-06	0.0623783162582299	0.031145588469756142	0.9943896445813779	0.9830635895035921	20	401.0	400.8725546611638	0.8738843511727706	0.8683510112682166	0.9473684210526315	0.8924170333815028	True
27	2052-10-01	GARW	south	0.11376183495737635	0.016289584897693547	2.9636389212047445	0.0383858621046626	0.8272616468159624	-72.77213757295404	11	168.0	167.6582196852188	0.5594664131933789	0.5479357611939032	0.9473684210526315	0.9106290081727831	False
28	2052-10-01	GARW	south	0.1567279113968509	0.03720280132847283	2.870674774650883	0.05459619208027888	0.9345398188009786	-35.41185096454562	18	3856.0	3856.004700260489	0.9634242639362736	0.9602252654105357	1.0	0.9839313304577352	False
27	2053-04-01	GARW	south	0.023682185444995455	0.0005810257602679982	0.6866828196829364	0.03448780829543731	0.9997669640772291	-4.235452953615297	3	42.0	41.910387874122414	0.03507530624466108	0.014925734414468109	0.036931818181818184	0.019023129668726917	True
28	2053-04-01	GARW	south	0.004469524065089807	2.952462605673869e-05	0.07499842293300607	0.059594907336682316	0.9969062427167026	0.9841519690552436	24	4278.0	4278.007883524952	0.9689772087777677	0.9677803846080547	1.0	0.9957015947152691	True
28	2053-10-01	GARW	south	0.013740877230519876	0.00020608512757122697	0.2196191215955751	0.06256685269793343	0.6623839526866413	-8.263261989356268	5	202.0	201.9146570352381	0.9896735509660226	0.984574056525257	1.0	0.990900338443218	True
0	2025-04-01	GARW	tropics	0.008637366740782368	0.00016818132252032763	3.0539817250408525	0.002828231311916848	0.2723599862703695	-78.27512501718391	11	343.0	342.7785351173979	0.9592687907089531	0.9594949163796073	1.0	0.9901315332661811	True
0	2025-10-01	GARW	tropics	0.0030211133916610003	1.1911945567585922e-05	0.21860172794353672	0.013820171597368766	0.9136753467630504	0.3626759389534956	36	879.0	878.9004218410588	0.6882449479787843	0.6875398873900861	1.0	0.9981233101285697	True
1	2025-10-01	GARW	tropics	0.0015250167763480307	3.082524086527803e-06	0.10982736568100075	0.013885580946897338	0.8867111243057756	0.5454699605372091	18	394.0	393.9859668122126	0.5416836576735578	0.5199645835712394	0.7948717948717948	0.7328394710470464	True
0	2026-04-01	GARW	tropics	0.055305383391479064	0.004871951153825637	5.478173942064943	0.010095587320951742	0.31374999305372164	-1119.3979659548402	23	477.0	476.9487270415849	0.5449296029125847	0.5357538560051439	0.8918918918918919	0.8403307388776529	True
1	2026-04-01	GARW	tropics	0.028842018764804436	0.002470963625216601	1.9001397895969487	0.01517889311234428	-0.4355638384833623	-44.639081692069986	44	1076.0	1075.9559835867174	0.6637632683912318	0.6555700785394067	0.8695652173913043	0.7878759730500877	True
2	2026-04-01	GARW	tropics	0.001291172360500025	1.6671260645192064e-06	0.31464703872312155	0.004103557960500025			1	11.0	10.894370969577153	0.2558139534883721	0.1920761316025658	0.2558139534883721	0.1920761316025658	True
1	2026-10-01	GARW	tropics	0.0011860076694234726	2.106770158102974e-06	0.11936623767446336	0.00993587209021334	0.8598834426177746	0.6642189441170907	32	712.0	712.6102075370043	0.7212560307670861	0.7050487348598591	0.9090909090909091	0.7918777536098494	True
2	2026-10-01	GARW	tropics	0.0009148715185907285	1.3742797561960622e-06	0.19250083081519517	0.004752558805676139	1.0	0.7929329128819537	2	21.0	21.135545348596445	0.32790697674418606	0.27533042970383426	0.4	0.35229163532207264	True
5	2026-10-01	GARW	tropics	0.005245151737786672	3.050890429978724e-05	0.18770930985003445	0.027942949350659014	-1.0	-10.320874061035969	2	23.0	23.130994875972895	0.40932311621966794	0.36544665150393607	0.4482758620689655	0.38050082492493104	True
1	2027-04-01	GARW	tropics	0.21663818496894488	0.04788715704048937	19.172201716150955	0.011299598667713033	-0.615064536004776	-22964.88830157893	7	78.0	78.13949960526168	0.5883861334989156	0.5489380137374426	0.7692307692307693	0.6468876003682401	False
3	2027-04-01	GARW	tropics	0.04843283342905023	0.01350925674759631	1.6667930590254427	0.029057496470118745	0.4505697841544684	-78.62257541536489	17	245.0	245.04180204109107	0.11671546603806593	0.11992739888563489	0.18333333333333332	0.1550389071008278	False
4	2027-04-01	GARW	tropics	0.08497698144387617	0.011173857919056425	3.012157380310374	0.02821133517104611	0.984536777869749	-95.56461392658811	22	1282.0	1281.9501941532455	0.47540605943723707	0.4569959677514547	0.5974842767295597	0.5668668599854393	False
5	2027-04-01	GARW	tropics	0.14034610499132136	0.05406238610829032	5.299267550835308	0.026484057210736416	0.6386791733816771	-262.10973348132876	27	935.0	934.87966362724	0.3642844046614182	0.3466852065463165	0.47619047619047616	0.40074912897548215	False
6	2027-04-01	GARW	tropics	0.25261062569399484	0.06419574558436222	17.264632020008563	0.014631683165979783	1.0	-18450.86685596164	2	27.0	26.815100825625375	0.08557087566521529	0.05612571067519537	0.10062893081761007	0.059504231208584876	False
3	2027-10-01	GARW	tropics	0.001707059044980844	3.2953459322653566e-06	0.10154945239317144	0.016810125557069306	0.9981647147096706	0.9604176012859615	19	268.0	267.7184931726088	0.11561978087711511	0.10655270965978417	0.18333333333333332	0.14631269034282465	True
4	2027-10-01	GARW	tropics	0.0019452413722208085	6.513887636411373e-06	0.05908547615858918	0.032922496333949426	0.9917202395602779	0.9796304153414892	37	1875.0	1874.854420702047	0.4810083229590292	0.4747256057565939	0.6261682242990654	0.5511644824090028	True
5	2027-10-01	GARW	tropics	0.0014016550174113566	3.031315905053426e-06	0.07014168996135192	0.01998319427695096	0.9961191275644079	0.9814372847961047	36	1171.0	1170.8782540693612	0.324397964704229	0.3207046208187475	0.47619047619047616	0.39660373986307673	True
6	2027-10-01	GARW	tropics	0.0038720867370400387	1.850303729214661e-05	0.20149228744655065	0.01921704689598691	0.9579624159911664	0.6476285675456515	12	160.0	159.8374751426011	0.1969968281605924	0.17303467393799135	0.5789473684210527	0.46508139826819667	True
3	2028-04-01	GARW	tropics	0.0006097801941036922	3.7703538584650576e-07	0.03691699612702473	0.016517600511307812	1.0	-0.4290625467253335	2	23.0	22.4210213419381	0.10630645700903313	0.06911904597218112	0.12244897959183673	0.07120587021949093	True
4	2028-04-01	GARW	tropics	0.001540164246411198	3.4075994316218496e-06	0.06420377579740949	0.023988686448458703	0.7195655622192911	0.3299150961120736	13	455.0	454.7726850181309	0.4739860631281983	0.45741921494751553	0.6147540983606558	0.573821506937249	True
5	2028-04-01	GARW	tropics	0.001956710028923127	5.1937100958854686e-06	0.10542218774006663	0.01856070406874569	0.7089093828611973	0.3043091468665996	11	218.0	217.94365621577606	0.2644827225593307	0.2647780271673229	0.4	0.2673864882469887	True
6	2028-04-01	GARW	tropics	0.006994395429891745	8.56129515764745e-05	0.42820375802546584	0.016334269138935906	0.762147232415319	-0.8157562154396727	11	145.0	144.87170971880153	0.27207456241787986	0.23586769462798263	0.8	0.6701955656504303	True
6	2028-10-01	GARW	tropics	0.006820755384349078	4.652270401312694e-05	1.2987063831594317	0.005251961084349078			1	12.0	11.727913220474361	0.8	0.6762181201280919	0.8	0.6762181201280919	True
7	2028-10-01	GARW	tropics	0.03767872365688569	0.0015508964228867913	0.8907468160003951	0.04230014969469055	0.42117317929441417	-8.795348901213945	22	1628.0	1627.9770431773954	0.9627784697536321	0.9330786512193284	1.0	0.9992538585596188	True
7	2029-04-01	GARW	tropics	0.0063694067671642585	8.24879380461633e-05	0.147384990981839	0.043216115323093565	0.902032433656491	0.7817407447429882	47	3353.0	3352.999737765774	0.9731885727316134	0.965677486828283	1.0	0.9998124815288005	True
7	2029-10-01	GARW	tropics	0.22358037673542455	0.21774115580504205	5.6595009910711935	0.039505316296995066	0.4734069468231686	-2203.4083176329686	24	1434.0	1434.0321252477486	0.9789427364661827	0.9734360473694283	1.0	0.9968978896537104	False
7	2030-04-01	GARW	tropics	0.005812080802400477	3.378028325363217e-05	0.28293326384849504	0.020542232197599524			1	11.0	10.925962342580792	0.9166666666666666	0.863543152546606	0.9166666666666666	0.863543152546606	True
8	2030-04-01	GARW	tropics	0.0021569006577195618	6.279734684853974e-06	0.27797976076492653	0.007759200352516109	-0.4930064057023791	-0.7261950738996767	6	78.0	77.92436164258693	1.0	0.9864063127015129	1.0	1.0	True
8	2030-10-01	GARW	tropics	0.12297482475428025	0.03180871447458426	15.039598732400522	0.00817673575887033	0.28601546253614746	-6869.045349215762	31	511.0	511.0749863825208	1.0	0.9953523597090049	1.0	1.0	False
8	2031-04-01	GARW	tropics	0.1857571093185786	0.06140186496532506	24.440420711593216	0.007600405554003637	0.2893537051511582	-8682.297762708837	49	1081.0	1081.055293678625	0.999271137026239	0.9991917154650173	1.0	1.0	False
8	2031-10-01	GARW	tropics	0.001415597900128478	3.3198721599606155e-06	0.20797712181053132	0.006806507791843076	0.7141036552336562	0.5073197720636533	48	1117.0	1116.7531732231619	0.998263888888889	0.9978901005848577	1.0	1.0	True
8	2032-04-01	GARW	tropics	0.0016171133814108403	3.98064880373801e-06	0.2473596706243662	0.006537498118949817	0.31364445741075947	0.0657326154625788	37	674.0	674.0141582445754	0.9987129987129986	0.9950978150397695	1.0	1.0	True
8	2032-10-01	GARW	tropics	0.01308284809348833	0.0011353162952828315	1.953864031684705	0.006695884606774679	0.20410812188954738	-297.9448242101956	13	189.0	188.9150375996312	1.0	0.9723688327243841	1.0	0.9952605220590516	True
8	2033-04-01	GARW	tropics	0.003875530213912565	1.5019734438949173e-05	1.0569602295235376	0.003666675533912565			1	15.0	14.903485756007823	1.0	0.8031138213385677	1.0	0.8031138213385677	True
9	2033-04-01	GARW	tropics	0.005359635855037013	6.373217506854391e-05	0.2494794260324128	0.021483277961128065	0.9146464992033112	0.1393270479693397	26	1091.0	1091.0248821112027	0.5567411716751718	0.5556781836359218	0.7068965517241379	0.6010994058182842	True
10	2033-04-01	GARW	tropics	0.006745766297809316	9.383652242280768e-05	0.31364262795276554	0.02150781079039175	0.9143228053696844	-0.019249011059867094	22	590.0	589.8337346637775	0.3278067616518437	0.3265535795061804	0.44	0.3544630885254845	True
11	2033-04-01	GARW	tropics	0.012788383662234438	0.00017401616434453365	0.7555231062629358	0.016926528859573815	0.9849522215132507	-12.219372148352065	5	60.0	59.69564236563079	0.11140921877962114	0.09673824373457637	0.14705882352941177	0.11843878377588192	True
9	2033-10-01	GARW	tropics	0.0029354491060193263	1.520505151714406e-05	0.12128314603740196	0.024203273100403218	0.9973247618614502	0.9293882436664417	38	1486.0	1485.7092771710775	0.5159785736168067	0.5114470912599637	0.7068965517241379	0.6102277507086984	True
10	2033-10-01	GARW	tropics	0.002225672699988863	8.098508115753834e-06	0.1045851850309134	0.021280955800106836	0.996404581345797	0.9449314934733439	32	818.0	817.5084719963515	0.3180155745452061	0.3082953552263755	0.44	0.34201484917856373	True
11	2033-10-01	GARW	tropics	0.002425094643967196	1.1974719094937629e-05	0.08907069255493186	0.02722662836007014	0.9685075349638802	0.8565591839047457	28	470.0	469.7587030889395	0.36011939061126835	0.3579296120232095	0.7857142857142857	0.6893031278411605	True
9	2034-04-01	GARW	tropics	0.06799953257895247	0.00579406630711314	3.333503018630885	0.020398821359664105	0.892310647579382	-1656.6613671383357	12	284.0	283.8858390277032	0.40823354655485783	0.3865645229701857	0.5686274509803921	0.4945711703879241	True
10	2034-04-01	GARW	tropics	0.06290173914026029	0.0051112561030489554	3.5156497960226076	0.017891924050974443	0.7910903500071671	-2286.980448399127	8	145.0	144.83898218962685	0.2829936131799319	0.2602305206250173	0.42	0.2958642026848064	True
11	2034-04-01	GARW	tropics	0.05515623232942541	0.004508808918294098	3.765779259820892	0.014646698206110134	0.7034030280822431	-167.47755920991884	26	440.0	439.88969928253465	0.5521183819442741	0.532276199206471	1.0	0.8375940289797091	True
11	2034-10-01	GARW	tropics	0.0017906532067419468	4.52330203185768e-06	0.20430363746310137	0.008764666302455584	0.7937655038248639	0.5619545085862092	5	61.0	60.42488088607887	0.8950877192982455	0.81024955520115	1.0	0.8290238133968774	True
11	2035-10-01	GARW	tropics	0.006602560692266851	4.72959314719711e-05	1.0155405146019714	0.006501523668757463	1.0	-11.715408112835002	2	21.0	21.364513994272443	0.9583333333333333	0.815907674105822	1.0	0.8699832681953117	True
11	2036-04-01	GARW	tropics	0.003686866688411989	1.628757785399408e-05	0.4655939763450483	0.007918630557367174	0.988577854693296	0.3605902369270668	6	74.0	72.82281687986784	0.7294731040564374	0.5957728737926095	0.9285714285714286	0.7702028207968733	True
12	2036-04-01	GARW	tropics	0.0020665345648670282	4.283102901494689e-06	0.15651280080616786	0.013203613725028873	1.0	-51.707740484950264	2	25.0	24.89086127566602	0.446360153256705	0.3660472716910188	0.4482758620689655	0.3885763024314836	True
11	2036-10-01	GARW	tropics	0.006910950235062693	8.466911810660674e-05	1.0629866204821443	0.006501446115970921	-0.919895588475517	-12.161730306116016	6	73.0	72.677138173422	0.6212228272015093	0.5054940349959791	0.9285714285714286	0.8273449763486174	True
12	2036-10-01	GARW	tropics	0.016074285364225265	0.0002623098069960916	1.2694255249631736	0.012662645462947961	0.9561269424476213	-4.916842864010552	28	572.0	572.0054690106294	0.4360217157045027	0.42545783129805287	0.5833333333333334	0.45692149435337415	True
13	2036-10-01	GARW	tropics	0.016124522176796854	0.0002625035669319573	0.9658971447179979	0.016693829425807598	0.9604947314420941	-7.334355349828108	22	575.0	574.835489644168	0.48683625259033947	0.48272860116230265	0.6808510638297872	0.5788886865409525	True
11	2037-04-01	GARW	tropics	0.0003061768157475147	9.374424250128756e-08	0.06870238620549593	0.004456567415747514			1	12.0	11.781077816660359	0.27906976744186046	0.15949305231057695	0.27906976744186046	0.15949305231057695	True
12	2037-04-01	GARW	tropics	0.0018380708411576486	4.711750645061678e-06	0.16011470319688392	0.011479713008601575	0.9840363030848782	0.8762320034640037	34	677.0	676.8658908209151	0.4151307872522373	0.40969471139854285	0.5833333333333334	0.47730973511914815	True
13	2037-04-01	GARW	tropics	0.002089244633311974	6.2465664898257685e-06	0.0973777727259166	0.021455046411797137	0.9736705583633539	0.9186991391683663	47	1064.0	1064.1175095241356	0.578960833077562	0.5735355015541227	0.8666666666666667	0.7488321442460077	True
12	2037-10-01	GARW	tropics	0.001041691022807403	1.579601322143973e-06	0.08826679362883953	0.011801618479398914	0.2808287637921115	-0.5390710586051244	7	106.0	105.7927842773505	0.3941151808249867	0.345318539092666	0.5416666666666666	0.36871072201714067	True
13	2037-10-01	GARW	tropics	0.0013937655941517022	3.140559912603473e-06	0.11935195831064108	0.011677777339221405	0.3409003531757113	-0.13185761395294482	21	378.0	378.45290099547134	0.6863320436917103	0.6790312331558324	0.8666666666666667	0.7279386971658275	True
13	2038-04-01	GARW	tropics	0.010319272989575764	0.00010648739503338793	0.8801451958713579	0.011724512089575765			1	11.0	11.235674938529352	0.8461538461538461	0.7758478203946143	0.8461538461538461	0.7758478203946143	True
14	2038-04-01	GARW	tropics	0.004003207612889553	2.2578581674900086e-05	0.2531403843084334	0.015814180040162742	-0.41518239475484164	-1.8542343288945213	18	525.0	525.0156845223892	0.877963517306473	0.887159773962013	1.0	0.9215559748661055	True
14	2038-10-01	GARW	tropics	0.0010285232765480151	1.8262470780105507e-06	0.06467894123367604	0.015901980720928983	0.9867030906365072	0.9730540723137396	44	1819.0	1819.018955711329	0.9223214291781366	0.9212504078170163	1.0	0.9607677907976967	True
14	2039-04-01	GARW	tropics	0.0010853776465057988	2.0411161008916786e-06	0.07381281035682953	0.014704461749374025	0.957564868096909	0.915941883599301	38	1377.0	1377.099317568324	0.9018267491492866	0.8945357077205544	1.0	0.9673316254192604	True
15	2039-04-01	GARW	tropics	0.002736653082811658	8.98527837380715e-06	0.1286841341270976	0.021266437400190647	-0.4460404925985282	-5.4564480247632074	5	77.0	76.95327916418452	0.7508080808080808	0.7061145326063104	0.85	0.8158662208571239	True
14	2039-10-01	GARW	tropics	0.0019128758426429533	5.873869650873692e-06	0.11834420473775213	0.016163662993737966	0.8080626448076058	0.38300845194552025	12	181.0	181.10784521320022	0.7871559646761558	0.7516913663335808	1.0	0.926163458648686	True
15	2039-10-01	GARW	tropics	0.0015687115278051572	4.036033886901476e-06	0.08109040615427479	0.019345217297600876	0.9792893373256512	0.9295040315152172	31	1507.0	1506.9661538410091	0.9027710339031516	0.8833579561067892	1.0	0.9990614661334605	True
15	2040-04-01	GARW	tropics	0.0009120644980787752	1.2872871836524211e-06	0.06335408921006463	0.014396300372255715	0.9915444229103125	0.9823523979490821	50	2355.0	2355.0138039686885	0.9660832639070196	0.966504230376336	1.0	0.9923459199469253	True
15	2040-10-01	GARW	tropics	0.021325027610383594	0.001374043238801092	1.755854128174768	0.01214510207209025	0.49558709822353975	-179.51375247335716	36	942.0	941.6125671318407	0.9716898137340397	0.9700937946655832	1.0	0.9925984088577764	True
15	2041-04-01	GARW	tropics	0.0032664042105941832	1.8724925388481577e-05	0.40993684079279274	0.007968066993630427	-0.04999235180813027	-0.7456809932643955	17	206.0	204.86433266100227	0.7470282223775244	0.7155005911591581	1.0	0.9807041268708849	True
16	2041-04-01	GARW	tropics	0.0027812081919345584	1.099946521007182e-05	0.1915596775739071	0.01451875586322972	0.004381103961138742	-1.789255558226738	13	239.0	238.47760236928184	0.7100328385621272	0.6862698587877963	0.90625	0.7933668497773582	True
15	2041-10-01	GARW	tropics	0.004062009647656537	1.735176273108827e-05	2.5028779670186134	0.0016229355570599932	0.5304141580990094	-17.399135508897427	6	68.0	67.92779913574671	0.457552185625208	0.3606747506868359	0.7058823529411765	0.5362054137287091	True
16	2041-10-01	GARW	tropics	0.003345816838091922	1.9170150427283498e-05	0.22942448876164317	0.014583520949099744	0.8530129814081161	0.42703414226928094	39	1652.0	1651.9101465678493	0.8462692295870542	0.8386107702235631	0.9859154929577465	0.9434000042709694	True
16	2042-04-01	GARW	tropics	0.0067905663547260945	5.576155123291232e-05	0.480358716004707	0.01413644871733639	0.9515138026759863	0.09584747858580633	44	1967.0	1966.8909859260555	0.8792875393550237	0.8679509011670636	0.9859154929577465	0.9468040238630223	True
17	2042-04-01	GARW	tropics	0.0015386932150819608	3.274615585171811e-06	0.3807455105820429	0.004041264236391839	-0.10879970416174922	-3.0147936153661954	4	44.0	43.836386430340085	0.5778985507246377	0.4092833306074575	0.6666666666666666	0.48816771175299023	True
16	2042-10-01	GARW	tropics	0.0012069626909541364	2.2165283324919154e-06	0.08541985721251959	0.014129767133083402	0.4926069799498851	0.1737665495359172	17	505.0	504.9880403795015	0.8202158276636238	0.8072222363971719	0.9230769230769231	0.9359819532656857	True
17	2042-10-01	GARW	tropics	0.0016031676325088313	3.433569501529729e-06	0.5142955551660775	0.0031172107485765315	0.6170923349931388	0.04092583978765274	10	116.0	115.3211227194858	0.722130361972871	0.6585240726949172	0.9230769230769231	0.8879226251662264	True
17	2043-04-01	GARW	tropics	0.0041430525906037945	0.00014134002329466738	0.0876131429287467	0.047288026112397574	0.5800222383335423	0.0013040552798939675	15	188.0	186.91290006624217	0.7038176311216362	0.6497926321534474	0.95	0.8481810918986508	True
18	2043-04-01	GARW	tropics	0.0014030678734216712	2.695015585424597e-06	0.07652213270034906	0.018335451769436517	-0.6577047740214121	-3.9956351414259847	11	220.0	219.96236249772235	0.7234269948018238	0.6953366897593624	0.8846153846153846	0.8903294709570231	True
17	2043-10-01	GARW	tropics	0.0016862196506166362	3.5409891667749445e-06	0.3318632203908653	0.0050810681841471405	0.760740942708482	-0.03134989896503293	7	91.0	90.83839613341753	0.5787020318744283	0.4513349883765408	0.8125	0.6704722962473748	True
18	2043-10-01	GARW	tropics	0.0010233520748285433	2.0632199945056066e-06	0.06588440448364037	0.015532538889118288	0.9883450957592725	0.9702040821167383	37	1692.0	1691.9570291945156	0.8543665400801908	0.8436311268187526	1.0	0.9620700312750328	True
18	2044-04-01	GARW	tropics	0.001353488802408859	3.6410836334252165e-06	0.08684165994537722	0.015585708555780644	0.9804141425180211	0.9491688613473939	42	1897.0	1896.500965841683	0.8267763824489549	0.8153815841165942	1.0	0.9624955864842658	True
19	2044-04-01	GARW	tropics	0.0021291214993459586	6.521288070293445e-06	0.47974703540354596	0.004438008663367806	-0.2000580672631695	-0.9100241337942983	11	159.0	158.901123539971	0.5289801275570769	0.45204685444389997	0.7142857142857143	0.5799204301306716	True
18	2044-10-01	GARW	tropics	0.007049527426790518	5.151883854804258e-05	0.45251888979127275	0.015578415809430979	-0.41273321561929954	-28.518561144172516	15	350.0	349.4150956416883	0.6608274617154556	0.6380136884943025	0.8461538461538461	0.8468862830649561	True
19	2044-10-01	GARW	tropics	0.011071208536569706	0.00017570683518808896	0.3615530407577922	0.03062125687939218	0.6254283515170398	-2.1665805137556378	29	398.0	397.93235233393676	0.4663082993042776	0.4241705288565887	0.7647058823529411	0.5367843258135536	True
20	2044-10-01	GARW	tropics	0.0114984520677223	0.0001369695354670779	0.6576945638996308	0.017482966560564504	0.5809272236795548	-27.2520850116827	18	581.0	580.9932180905106	0.6732810806482312	0.6606376321828737	0.8955223880597015	0.9246176450197333	True
19	2045-04-01	GARW	tropics	0.0020654242221444254	7.412941852630059e-06	0.37292792753571896	0.005538400504871278	0.5027253566911429	-0.9302338098506031	16	210.0	209.81888643803237	0.4156766214601795	0.3740761175136197	0.7647058823529411	0.5324362599179893	True
20	2045-04-01	GARW	tropics	0.0030107746976052135	2.24177027394525e-05	0.1099620807046268	0.027380117567005362	0.9646075251367892	0.8473012273386797	44	1920.0	1920.0181709948827	0.7257474317440514	0.7182281246333392	0.9642857142857143	0.9164763664491758	True
21	2045-04-01	GARW	tropics	0.007200372384987588	5.280195872169423e-05	0.5032637132146053	0.014307354565651258	-0.028617489130951107	-94.99074178272501	7	94.0	93.81765319357493	0.23509037683445863	0.21767064218999585	0.3	0.2930588586576788	True
22	2045-04-01	GARW	tropics	0.008100701324306212	6.62763373439698e-05	0.4832110232227684	0.016764314005667153	0.6440340413593386	-69.60326239489261	5	83.0	82.6670220391866	0.28548784862344184	0.2622606026927297	0.38333333333333336	0.32534151994280336	True
20	2045-10-01	GARW	tropics	0.004383489639608705	2.646162269162449e-05	0.27698425974668783	0.015825771629108334	0.8466389677264031	-0.13021934980908578	26	1189.0	1189.0474517117268	0.6914727221950833	0.6851796119888589	0.9642857142857143	0.9214182611434617	True
21	2045-10-01	GARW	tropics	0.0042434551166318744	2.7175794503401938e-05	0.20690583811334956	0.020509112528314333	0.7867193347163637	0.6101276636816131	32	605.0	604.5897353090686	0.29788924261279115	0.28833853881474053	0.46153846153846156	0.3532277715564337	True
22	2045-10-01	GARW	tropics	0.0027842922956300073	1.1012021535994163e-05	0.17954043157512675	0.015507884609628724	0.8753282106590774	0.7555588604430754	32	1156.0	1155.736460967726	0.5698871810262292	0.55702113729867	0.8222222222222222	0.7534580835604083	True
20	2046-04-01	GARW	tropics	0.046657782834139266	0.0021769486989977006	3.45406912945503	0.01350806283413927			1	11.0	10.92636583822877	0.15714285714285714	0.17709533159651344	0.15714285714285714	0.17709533159651344	True
21	2046-04-01	GARW	tropics	0.05802684526627566	0.005998901450527401	4.706878241013341	0.012328095670854466	-0.17955319372948186	-172.35308643721368	28	532.0	531.8307022148682	0.2982700040548746	0.28863582340437954	0.46153846153846156	0.3373876031957636	True
22	2046-04-01	GARW	tropics	0.03562287891438928	0.003418641257470414	3.1396114598371905	0.01134626987131604	-0.36652081906206274	-100.33321391425356	50	1645.0	1645.0355569298354	0.7153730108509931	0.7089948931576169	0.92	0.8155429296238408	True
21	2046-10-01	GARW	tropics	0.0016139354038805414	4.821190729875076e-06	0.15882591547370042	0.010161662843667279	0.22979480252705184	-1.104247368133728	4	44.0	43.50328527056588	0.23886739638572288	0.1988502174295949	0.28205128205128205	0.20988869561292378	True
22	2046-10-01	GARW	tropics	0.0022722581852414707	8.078937863668374e-06	0.203373852485881	0.011172813798171128	0.6873210340508896	0.3742606791281381	34	686.0	686.0490231333492	0.664450349958871	0.6513719918195899	0.92	0.8286737010287671	True
23	2046-10-01	GARW	tropics	0.001979779551677206	7.530084399904909e-06	0.08197427138908299	0.024151230845107157	0.9687138013210159	0.9168468274290118	23	1315.0	1314.8085329943472	0.5562032610891873	0.5330257383761825	0.691358024691358	0.6254254486031375	True
24	2046-10-01	GARW	tropics	0.001150349228423267	2.0964577492548008e-06	0.045411549244522155	0.025331644649010294	0.9856057803526389	0.9705812575635883	17	706.0	705.8641364773393	0.3369881589361948	0.32564440689149554	0.4329268292682927	0.40461640432053386	True
22	2047-04-01	GARW	tropics	0.0018595350146986232	5.965012481078192e-06	0.19075955897126143	0.009748056793205149	0.69314796542634	0.23894317187781677	8	106.0	105.7646816878129	0.34292847631595924	0.3249803074712849	0.5588235294117647	0.4833547871359947	True
23	2047-04-01	GARW	tropics	0.0008281394517249992	1.2726930777291108e-06	0.03256461342164643	0.025430655079556885	0.9987737607352726	0.9960543775073932	38	2018.0	2017.9311672284293	0.5575730282748971	0.5487763482771946	0.691358024691358	0.6210415615716528	True
24	2047-04-01	GARW	tropics	0.000980989687409466	1.5574594569389826e-06	0.03653873850370548	0.026847935303239367	0.9985819279839475	0.9934236107237153	33	1248.0	1247.6709572657633	0.3925632650287783	0.3864940244438589	0.6129032258064516	0.5096356857937551	True
23	2047-10-01	GARW	tropics	0.37766706871932143	0.15084982192464533	16.296720596282988	0.02317442128850519	-0.1736404466402433	-17205.528530184336	14	532.0	531.9813642186108	0.5370420271564	0.5333326480748831	0.6521739130434783	0.5914199416028982	False
24	2047-10-01	GARW	tropics	0.34755521866713657	0.12902854351999846	19.649676991648565	0.017687579231702038	-0.22542946054960017	-13891.15414510928	14	422.0	421.8829156664053	0.4602903023498426	0.45872303989857893	0.6129032258064516	0.5193087932180669	False
25	2049-04-01	GARW	tropics	0.00413490862162324	2.426811983321835e-05	0.25746538768446925	0.016060056300424667	0.8666737651326921	-1.1945583663478967	23	442.0	441.9719235164275	0.6133654241938667	0.5951276443425736	0.8571428571428571	0.6248381990834899	True
26	2049-04-01	GARW	tropics	0.004403784741547401	3.780880458408637e-05	0.3841106049108974	0.011464887158137569	-0.4246669578226241	-1.0675719579938483	16	255.0	254.30682489399868	0.43893134591444427	0.406842463658061	0.6875	0.43833185211343356	True
25	2049-10-01	GARW	tropics	0.002020715241432785	5.672694234940615e-06	0.15902705911657306	0.012706738417086123	0.9796516105203189	0.8875332108555894	47	1036.0	1035.9911270082016	0.5649924628348728	0.5563847661306465	0.8571428571428571	0.615456388439916	True
26	2049-10-01	GARW	tropics	0.0012327202380461404	2.3002463281327605e-06	0.10886617733059968	0.011323261900734087	0.9771895978596772	0.9246532965966189	41	797.0	796.9946998306357	0.4633344675470725	0.4508494381138572	0.6875	0.552769604625937	True
25	2050-04-01	GARW	tropics	0.012279482393429178	0.00026658155379623836	0.9876541057049658	0.012432978633409673	0.8912792595569363	-15.331606713874539	24	559.0	559.0505704797481	0.5178340425496598	0.5250902464164545	0.6136363636363636	0.5495600744386895	True
26	2050-04-01	GARW	tropics	0.00928166103953511	0.0001855353167917291	1.204111966734107	0.007708303958401481	0.8286640404427126	-12.732242093238249	37	688.0	687.8285622554212	0.6002891618502895	0.5707358739449238	1.0	0.9542119308821158	True
26	2050-10-01	GARW	tropics	0.00126499924828218	2.213203784542413e-06	0.14857596728534478	0.008514157917967375	0.8452853027762965	0.6511665403210283	39	746.0	745.7627912478828	0.9032878648720726	0.8791656432481008	1.0	0.9633485157356195	True
26	2051-04-01	GARW	tropics	0.0011307615366328997	1.8102745254615056e-06	0.13362832495226806	0.008461989903987848	0.9518369082390122	0.9050654471711022	50	1322.0	1322.0189694668547	0.8766277313444364	0.8802621567133668	1.0	0.9588777197580153	True
27	2051-04-01	GARW	tropics	0.0005135383845240983	2.9179926262137657e-07	0.05697206892167824	0.009013862305581353	1.0	0.6500614820442827	2	24.0	23.74671464181781	0.33638282899366645	0.267015134507871	0.4482758620689655	0.3545124607914206	True
26	2051-10-01	GARW	tropics	0.0012088468463633112	2.558389986043953e-06	0.12024109844793665	0.010053524643129665	0.9137802590734423	0.7909623651345654	35	898.0	897.4995152957487	0.7123081942617088	0.6979991800924097	0.9696969696969697	0.9133816055144758	True
27	2051-10-01	GARW	tropics	0.0011778157128890725	2.3273744536375184e-06	0.0942034104928397	0.01250289885182657	0.8430453448408799	0.5259370398318046	28	596.0	595.7427394908601	0.666432204520229	0.6582968061624194	0.918918918918919	0.8582415553452637	True
26	2052-04-01	GARW	tropics	0.0022280540558229267	6.28736653637119e-06	0.18436735423550743	0.012084862122482118	0.8057042618077399	-1.6803063757872088	8	124.0	123.65664169683428	0.45252584248025873	0.41034461326969707	0.5263157894736842	0.5418036351473959	True
27	2052-04-01	GARW	tropics	0.001261048575515961	2.723061340346623e-06	0.1553334076924206	0.008118334582686768	0.9460229947464673	0.8466773978487957	50	1401.0	1400.8988635015298	0.8118706237663466	0.808229742353705	0.9761904761904762	0.9176437498286373	True
27	2052-10-01	GARW	tropics	0.05365012600471142	0.009988384207535138	2.495877999597172	0.021495492172842745	0.4145411129202776	-554.0263271724812	45	1154.0	1154.1287529894744	0.8176265726382951	0.8095480159662227	0.9761904761904762	0.9083281649165873	True
28	2052-10-01	GARW	tropics	0.21757682852620086	0.06322748056880118	10.160222806868157	0.02141457256027124	-0.12009895850710886	-32652.538997588195	8	143.0	142.92347749719386	0.6190764835266114	0.5915973873903755	0.8	0.7981313817420792	True
27	2053-04-01	GARW	tropics	0.0031777186728559077	1.4154599018098159e-05	0.4339856170534908	0.007322175085964285	-0.4935891823450049	-10.599813199544796	19	316.0	315.7534655048341	0.7130580254797771	0.6921610073575866	0.9230769230769231	0.8594232526823249	True
28	2053-04-01	GARW	tropics	0.0044379383793897295	3.850753576009852e-05	0.2557896308700344	0.017349954195933086	0.9239785295334166	0.30946792405395984	34	1159.0	1159.1030264490148	0.8080375138003439	0.7929746425341727	1.0	0.9564048818107034	True
28	2053-10-01	GARW	tropics	0.0019920425762130654	6.730119051129172e-06	0.17064989796673993	0.01167327141678877	0.9514120221130637	0.8563155407729358	49	1565.0	1564.8716968772692	0.8527438612986498	0.8516886989623034	1.0	0.932014598890725	True
28	2054-04-01	GARW	tropics	0.008870926985603173	8.791502097455203e-05	0.7342904712001067	0.012080950704841291	0.8845652594911281	-2.6601744638261104	35	663.0	662.5910181011711	0.763491208512603	0.7511112037786773	1.0	0.9571932597448848	True
29	2054-04-01	GARW	tropics	0.00406213904737245	2.400326212458513e-05	0.4264987561853006	0.009524386621206407	1.0	-1.8873437363704233	2	23.0	22.91711998083918	0.5346320346320346	0.45270894738597595	0.5454545454545454	0.48098396244069674	True
28	2054-10-01	GARW	tropics	0.00179172166770342	4.891989983564892e-06	0.37319646336439816	0.0048010145957732165	-0.05974584144331262	-0.34571769684011144	28	393.0	391.7587708580522	0.5863886241898513	0.5361732227160686	0.85	0.6757845769980504	True
29	2054-10-01	GARW	tropics	0.0013729210676568346	3.0856570736360777e-06	0.15218493196817184	0.009021399490088606	0.40135748768590057	0.02745627956489738	19	320.0	319.32921138495385	0.583058984564602	0.5401355431911286	0.75	0.6369009064850867	True
