variant	pivot_date	model	location	mae	mse	normalized_mae	max_r_data	correlation	r2	n_points	total_sequences	total_smoothed_sequences	mean_variant_frequency	mean_smoothed_variant_frequency	max_variant_frequency	max_smoothed_variant_frequency	converged
1	2028-04-01	FGA	north	0.12458142893563248	0.0159123033348001	3.410644723159458	0.03652723723748811	-0.9470444668406404	-75.88821538135258	16	702.0	701.9153169988376	0.9908137429541539	0.9906406431306921	1.0	1.0	False
1	2028-10-01	FGA	north	0.02014046284763157	0.0013149304198249083	0.4600316140901354	0.04378060600784143	0.06672654603568079	-0.7304951842070355	26	1043.0	1042.9632489360104	0.9702133158944353	0.9675850228816769	1.0	1.0	True
1	2029-04-01	FGA	north	0.13559854203143143	0.03703410460496783	2.615817049949158	0.05183793034534544	-0.8157520373667232	-60.62751258356278	18	381.0	380.91559908649606	0.46864248608790693	0.46342291948067604	1.0	0.9706145651754712	False
2	2029-04-01	FGA	north	0.14523230155535674	0.02227794774401698	1.9273296476837247	0.07535415735958699	-0.680591882846844	-30.111606040513497	18	1962.0	1961.9586765659124	0.8643849091510128	0.8647030720748646	0.9423076923076923	0.8801881688547027	False
3	2029-04-01	FGA	north	0.14393046036321197	0.0208877116136931	7.283448585755538	0.01976130656632919	-0.9928458402833179	-214.66635222385344	3	39.0	39.01074777731588	0.08258726411592654	0.06750941068524939	0.11363636363636363	0.08455357005436184	False
1	2029-10-01	FGA	north	0.17255077790257925	0.029895785201770407	6.814751253420529	0.025320187265231553	0.722089642027474	-129.4187349237579	10	163.0	162.2332868891691	0.09975069478452774	0.06385399799178751	0.16666666666666666	0.10793401966888042	False
2	2029-10-01	FGA	north	0.20242070554241742	0.04220953286801184	2.633440751802085	0.07686548687450033	0.5196197059878267	-29.229673697101703	26	2299.0	2299.3064766714424	0.84327675232153	0.8596997519577481	0.9423076923076923	0.9104621798806631	False
3	2029-10-01	FGA	north	0.14087098238202816	0.02013159482103643	4.960800850082857	0.028396822738746965	0.6993961778977564	-62.57516030079398	5	66.0	65.73859945694453	0.10755627236388077	0.08958237472031168	0.2328767123287671	0.13220100916491273	False
2	2030-04-01	FGA	north	0.249942715614427	0.06275695800022048	4.861220702054541	0.05141562807646061	-0.97243662091457	-1171.2616362334436	7	251.0	250.98276345815634	0.7913348741026388	0.7883290047071495	0.8877551020408163	0.8517086159688394	False
3	2030-04-01	FGA	north	0.14073982319601133	0.019807697833244528	11.287796533288942	0.012468316803988648			1	17.0	16.553375847588732	0.2328767123287671	0.10625923464104257	0.2328767123287671	0.10625923464104257	False
3	2031-04-01	FGA	north	0.11325616356534834	0.01712401530520792	0.9144560694388445	0.12385085227204838	0.7270404058701556	-7.527613174957958	13	410.0	409.97055764017136	0.39386538794355047	0.4197137260915434	0.8	0.7808106684459352	False
4	2031-04-01	FGA	north	0.15569820229555387	0.024794073144641198	2.7423270055147357	0.05677594319803931	-0.9802786225886135	-79.86932785650596	9	409.0	408.9074715432849	0.23504900969503817	0.22761348402138115	0.28125	0.2798038051589293	False
5	2031-04-01	FGA	north	0.18022380094808516	0.033062203035146426	2.7258378892194024	0.06611684490147571	-0.95762980561859	-95.49821919380913	11	981.0	980.9764434867895	0.48995413004592075	0.47700633471762366	0.6428571428571429	0.7125909533465177	False
3	2031-10-01	FGA	north	0.0018017166137988178	4.7660112104356676e-06	0.04380368358910165	0.04113162332875321	0.9976180330503537	0.9932488122826238	16	486.0	485.8969693044951	0.34227665512596483	0.3334541161024458	0.8	0.794875909796738	True
4	2031-10-01	FGA	north	0.003086254770306375	1.2736615334739683e-05	0.05595699308485079	0.05515404956850541	0.9979446863920172	0.9900581063971645	16	625.0	624.8734119477975	0.2454015409153103	0.24202369275509752	0.3392857142857143	0.2682999788359386	True
5	2031-10-01	FGA	north	0.0021911381970966784	6.425441096354176e-06	0.03182544783257743	0.06884862103507519	0.9993162925198648	0.9964603720459106	22	1647.0	1647.0133962774466	0.5956020867610522	0.5926258011026294	0.7916666666666666	0.7278794706853755	True
4	2032-04-01	FGA	north	0.14925521251015356	0.022611302592953696	3.1747728032791596	0.0470128798999383	-0.9939854793282484	-187.1217725648013	4	91.0	90.87848770519858	0.2789086845989831	0.26790303732355214	0.3392857142857143	0.27602374400152446	False
5	2032-04-01	FGA	north	0.22171313603709922	0.049529181454490055	4.593533026520982	0.04826636376772037	-0.9468685917281816	-1726.805685396174	8	300.0	300.0915397406002	0.7097731764789793	0.6814555403849342	0.7916666666666666	0.7539511615782016	False
6	2032-04-01	FGA	north	0.0349111833511971	0.0013445023829603308	0.6893715583347857	0.05064204191354652		-9.69512870309986	10	563.0	562.9566758893185	0.95123456955045	0.941221604578692	0.989247311827957	0.9662160141266756	False
6	2032-10-01	FGA	north	0.1721054655853963	0.031551945052299774	3.4477979364271287	0.04991750350768674	-0.744827829724034	-33.31417332408534	22	1256.0	1256.0013051077508	0.9597338260946507	0.9514325045401996	1.0	0.999162901968635	False
6	2033-04-01	FGA	north	0.010222291914835402	0.00013363438278796023	0.2855146501978764	0.03580303815496271	-0.9936529426241485	-0.733750589345926	9	391.0	391.02917642543906	0.9651564951365591	0.961340677623014	1.0	0.9699157796888048	True
7	2033-04-01	FGA	north	0.014983904938867407	0.0005006983915835725	0.296340393343338	0.05056315397917136	0.979840675477845	0.4924381199734159	20	2078.0	2077.9774891627376	0.7399210896518921	0.7225652494769156	0.9	0.8077540432205519	True
8	2033-04-01	FGA	north	0.017151161071355687	0.000519719807611515	0.2765715601124762	0.06201346611481183	0.9936119229853978	0.2861429775624986	13	710.0	710.0413128058351	0.26184852791207985	0.26766585482601984	0.5338983050847458	0.4505205110142409	True
9	2033-04-01	FGA	north	0.03796708541360464	0.0014841926554533473	2.502751636004861	0.015170137087278641	0.9999996390161298	-17.733016733783316	3	41.0	41.000004447825816	0.07173329762879886	0.056581301698911034	0.09322033898305085	0.06812843170204065	True
7	2033-10-01	FGA	north	0.1907323888210036	0.03715565280077516	3.1846804458989717	0.05989058935775381	0.9551133932372908	-23.16581403437281	24	2200.0	2199.925869086313	0.6922826023277072	0.6767760824051372	0.9	0.8093215242014525	False
8	2033-10-01	FGA	north	0.21939809723517778	0.048664591865817466	3.5248281220626416	0.06224362994096617	0.9822315196667988	-33.82562440022705	19	844.0	843.9885645352264	0.34015427327319453	0.33088257766377527	0.6842105263157895	0.5601466156871713	False
9	2033-10-01	FGA	north	0.24774434013223795	0.061462292251965575	11.620902350185187	0.021318855684927942	0.9993299116411212	-313.4177801093437	4	53.0	52.66309112417705	0.08292618681383215	0.07187627755772388	0.11650485436893204	0.0994612617853806	False
7	2034-04-01	FGA	north	0.18388779487866133	0.03381472110533663	3.0415422229346674	0.060458734878661345			1	14.0	14.013082808474396	0.32558139534883723	0.35652719177241404	0.32558139534883723	0.35652719177241404	False
8	2034-04-01	FGA	north	0.22337748067691385	0.050004811506620374	4.143505783968577	0.05391026158118858	-0.9792506959735598	-2009.4277363040226	3	52.0	51.91952431830203	0.6196980824153407	0.5258450023841533	0.6842105263157895	0.5299953767741498	False
9	2037-04-01	FGA	north	0.17433554661748452	0.03240674406641847	2.9844629042096273	0.05841437880550693	-0.5886000254261796	-21.39525810515594	6	73.0	72.47999894622991	0.0909572466158005	0.06996173893776793	0.17105263157894737	0.08903324485663076	False
10	2037-04-01	FGA	north	0.18173783662128976	0.03376905443651117	3.9702659322701352	0.04577472635878951	-0.8310228535482957	-86.35686705720289	14	851.0	850.9900940023688	0.507223075329067	0.5114045347758177	0.5657894736842105	0.5390425724181951	False
11	2037-04-01	FGA	north	0.027239894515044685	0.001080244117684879	0.47445881346919067	0.05741255877590211		-1.634046201530491	13	664.0	663.9167786948532	0.39833346029833056	0.3982333948979996	0.5	0.43132322445424937	False
9	2037-10-01	FGA	north	0.1959446788647641	0.03852535466209919	5.684710158048016	0.03446871932201491	0.9984903979276919	-93.29874671897868	5	63.0	62.52699203672195	0.0966486959389606	0.06859399675770954	0.17105263157894737	0.09551137313646717	False
10	2037-10-01	FGA	north	0.22510434282132996	0.05095800758249518	5.255768618242517	0.04282995679071634	0.9877803200149737	-46.55948114567003	20	1061.0	1060.967536162176	0.4874326513442583	0.4676085128874348	0.5657894736842105	0.5206204418771323	False
11	2037-10-01	FGA	north	0.17891319038102166	0.0323027119944936	3.0303219967386545	0.05904098329272424	0.9957977932672257	-25.51649154193839	21	947.0	946.859599837488	0.45662508639947863	0.4479244338726887	0.6521739130434783	0.5788753579798805	False
10	2038-04-01	FGA	north	0.21652339324551	0.046972826113638635	4.9991783092677595	0.043311796429446554	-0.6285757760181199	-11452.181797327135	4	99.0	98.96894991616418	0.4364236078412908	0.4022047043477608	0.5405405405405406	0.42097539283604796	False
11	2038-04-01	FGA	north	0.2461852004264576	0.06124847651548843	4.017290874009755	0.06128139787416842	-0.9055789338470147	-412.77765667079717	6	164.0	163.97989410420092	0.5727235807076182	0.5500662366550714	0.6521739130434783	0.5733078528928144	False
12	2038-04-01	FGA	north	0.014033359296537462	0.0001969351731457144	1.4195720430776675	0.009885626703462538			1	11.0	10.784573717451796	0.8461538461538461	0.9130741239614736	0.8461538461538461	0.9130741239614736	False
12	2039-04-01	FGA	north	0.036593738777383776	0.001339101717707401	1.0	0.036593738777383776			1	11.0	10.915616188467181	0.10185185185185185	0.06560602597164493	0.10185185185185185	0.06560602597164493	False
13	2039-04-01	FGA	north	0.1866633116838808	0.03523253104014474	4.118829004028085	0.045319509865869634	-0.9848505573364639	-215.82867800754056	9	544.0	543.9506308782077	0.8459733480716435	0.8393593517321307	0.9104477611940298	0.8859970228178214	False
12	2039-10-01	FGA	north	0.15809303181289852	0.024993406707794145	323.49829810207643	0.0004886981871014788			1	11.0	10.934568769049736	0.10185185185185185	0.0842397968872335	0.10185185185185185	0.0842397968872335	False
13	2039-10-01	FGA	north	0.13630249731309324	0.01863512453832919	3.1054859529802687	0.04389087549479547	0.9757241905833748	-20.569457612719194	21	1314.0	1313.9495300145925	0.8926734282383352	0.8910972588697292	1.0	0.9381237494136827	False
13	2040-04-01	FGA	north	0.012482193598620211	0.0007461511040307307	0.14756192936200346	0.08458952558148322	0.0736455207787805	-0.5775225889665647	12	491.0	490.8903151690463	0.7632143951240757	0.740299978546691	1.0	0.9295488164610081	True
14	2040-04-01	FGA	north	0.0099035606114825	0.0001037122904783382	1.5057228080828842	0.006577280066635842	1.0	-9.81154819484246	2	22.0	21.878180884778345	0.1772053083528493	0.1657575468207408	0.19047619047619047	0.17684353224190852	True
15	2040-04-01	FGA	north	0.0038620557790234756	1.749942844698694e-05	0.08708394504299159	0.04434865436007586	0.9717882176980941	0.09330174277569414	6	148.0	147.9321225606297	0.4900434298153471	0.47297568307297766	0.6349206349206349	0.6188832617178759	True
16	2040-04-01	FGA	north	0.004541207657022057	2.062256698419576e-05	0.13010279001552005	0.03490476765702206			1	16.0	16.074981135280453	0.2318840579710145	0.16993356571071902	0.2318840579710145	0.16993356571071902	True
13	2040-10-01	FGA	north	0.20023913341761046	0.04010666706717251	13.125211936269883	0.0152560685793023	0.9949705450220534	-862.3586553016914	3	36.0	35.916663946256314	0.27066846988443566	0.26251580181725814	0.4230769230769231	0.38443794757965527	False
14	2040-10-01	FGA	north	0.20853377518688618	0.043488746297030215	11.352282312988692	0.01836932604717667	0.9812616778411539	-1044.8791379217025	4	42.0	42.17438489263684	0.2295340267254443	0.18606033029461838	0.4166666666666667	0.22883500145142466	False
15	2040-10-01	FGA	north	0.23542337150186252	0.055435096444567504	6.812022447137565	0.03455998175707542	0.9947222127601718	-153.03208323609127	22	669.0	668.8629898469427	0.47776611393935636	0.4350715482721231	0.7142857142857143	0.487279972664251	False
16	2040-10-01	FGA	north	0.06253091624996863	0.0040590262568549924	1.7200581538283481	0.03635395472577078	0.6181177794912219	-29.71549164720851	26	809.0	808.9998640766596	0.5956081442786002	0.5795583613629156	0.9090909090909091	0.9076299555541548	False
15	2041-04-01	FGA	north	0.019280415211255463	0.0004869895247146869	0.7429855487283525	0.02594991954319248	0.05132224053933156	-1.142413117603442	36	1301.0	1301.0291772811913	0.29658053779308485	0.27630167737174216	0.7142857142857143	0.5718392554689848	True
16	2041-04-01	FGA	north	0.0086980158034384	0.00017712071302482943	0.09061115079896839	0.0959927749150431	0.9375411683546403	0.6912731258029772	48	4370.0	4369.968674391046	0.662008587364398	0.6546408094901666	0.9604743083003953	0.9013012539563632	True
17	2041-04-01	FGA	north	0.017372221471778363	0.00035216271743418703	0.6387847691933524	0.027195735261057865	0.6080881780114503	-4.426154823262029	12	780.0	780.003293090424	0.3691831547085534	0.37344827469640435	0.7085714285714285	0.6434439037581342	True
15	2041-10-01	FGA	north	0.18339450756587927	0.03424781605469119	2.355035805896394	0.07787334150364396	0.4455558799132939	-43.70756122567249	24	914.0	913.7779130365814	0.19932854012632628	0.1883615077659605	0.3941176470588235	0.22562847935158575	False
16	2041-10-01	FGA	north	0.2390669816496924	0.05754421116987498	7.00505016892316	0.03412780435324742	0.14724119867958507	-152.7480341888544	23	3444.0	3443.946166465733	0.6502408732129465	0.6355726355680766	0.9604743083003953	0.9628302829320892	False
17	2041-10-01	FGA	north	0.2546783069523197	0.06489593891879324	5.965272233612729	0.042693492765891704	0.9647552394599243	-127.8409340178905	24	1345.0	1345.0250944796335	0.6278581582310983	0.6049643615307846	1.0	0.9439929980157851	False
15	2042-04-01	FGA	north	0.016655436127989365	0.00027740355261353334	0.3563271883552769	0.046741973872010636			1	13.0	12.591843350337346	0.15294117647058825	0.12352826483762634	0.15294117647058825	0.12352826483762634	True
17	2042-04-01	FGA	north	0.00303966026852744	1.6040593066859127e-05	0.07235967206287276	0.04200765677719355	0.9934632739303629	0.7170153583951875	10	381.0	381.07345440289544	0.9097098150687322	0.8926496313066294	1.0	0.9641234501150651	True
18	2042-04-01	FGA	north	0.029728788286985774	0.0008838008530124225	12.538841995505154	0.0023709357130142295			1	14.0	13.995245952781504	0.3888888888888889	0.309325791490599	0.3888888888888889	0.309325791490599	True
19	2042-04-01	FGA	north	0.014005145158095785	0.00026451634224385436	0.4388897069337965	0.03191039784445974	0.9979503707068214	-1.9833063266774809	6	111.0	110.88948475254088	0.5898389941400694	0.577931014482493	0.6774193548387096	0.5938085955560585	True
18	2042-10-01	FGA	north	0.0024113215920539594	6.464207028015113e-06	0.2626173855086217	0.009181881037250659	0.9998956492396683	0.8766289064442285	3	41.0	40.83438907957908	0.3346114666820427	0.27544736789539376	0.3888888888888889	0.2788801124932834	True
19	2042-10-01	FGA	north	0.002012039397755436	5.103851374964193e-06	0.06694926051487776	0.030053198232239047	0.9960037750245166	0.9823157570492714	18	341.0	340.95736758497026	0.6824533295784302	0.681445650457026	0.9285714285714286	0.8186127364863168	True
18	2043-04-01	FGA	north	0.1593591742321466	0.025395346411951656	28.685742516187812	0.005555344232146605			1	13.0	12.961852794301866	0.3170731707317073	0.24104559413178092	0.3170731707317073	0.24104559413178092	False
19	2043-04-01	FGA	north	0.13593533958011222	0.020010139130409447	0.8441300040531458	0.16103602398612743	0.4780682984841896	-9.18835727252135	18	380.0	379.787193506322	0.4534349226243385	0.4279004601109522	0.9285714285714286	0.7591400516958954	False
20	2043-04-01	FGA	north	0.15143351080011858	0.026976174285101687	1.165537465956468	0.12992590562144532	-0.740484232259026	-7.376290767603924	23	3295.0	3294.8975924858664	0.5163974618804906	0.5164315920357843	0.8823529411764706	0.6682796994132361	False
21	2043-04-01	FGA	north	0.11147863999600445	0.015122109827785068	1.5169463599992163	0.07348884768480676	-0.7756720265749006	-5.790836344161481	16	4615.0	4615.003909160157	0.5030661680410152	0.4777308424306759	0.7228070175438597	0.755682431788434	False
19	2043-10-01	FGA	north	0.19174648814464468	0.03790995411322829	2.998974020309011	0.06393736219325012	0.9012940111987303	-24.055911266832045	14	565.0	564.8782176701221	0.08801463949350553	0.08703384546953784	0.18796992481203006	0.12517791043286836	False
20	2043-10-01	FGA	north	0.22534543411043828	0.051813925411326234	4.074444583629369	0.05530703129841287	0.7892114515989661	-32.479760263372384	26	3350.0	3350.0070188876402	0.5000116075542869	0.5018782020970887	0.8823529411764706	0.7739186249433824	False
21	2043-10-01	FGA	north	0.26049980118709704	0.07048022468680142	2.534064250318564	0.10279920927590881	0.9157342126807165	-16.798382345757336	20	4710.0	4710.005839894483	0.5188228364606089	0.5123709355921137	0.7228070175438597	0.6697559264721008	False
23	2045-04-01	FGA	north	0.010778722303550366	0.0001531552890976779	0.19340945607583038	0.05573006885105108	0.9854936064199431	0.8992351413954114	20	3465.0	3464.8509254356327	0.969978121990415	0.9659908585104044	1.0	0.9983815638453468	True
23	2045-10-01	FGA	north	0.003604045915436832	1.8664571925020187e-05	0.05650725281695374	0.06378023591257508	0.9965359947023951	0.9910470580331625	24	3558.0	3557.739149455882	0.9749817683253458	0.972285049050476	1.0	1.0	True
25	2048-10-01	FGA	north	0.03682240139819919	0.0018951803281394726	0.9793905622820411	0.037597259782043126	-0.18030516412008116	-3.3459646038463946	21	503.0	502.9179223841199	1.0	0.9905634316215417	1.0	1.0	True
25	2049-04-01	FGA	north	0.13871540214021386	0.020571127880446842	3.822061951460222	0.036293342154545015	0.06562964006373322	-38.02107748745128	33	2192.0	2191.974144487748	0.9422795240281441	0.9360732100887947	1.0	0.9999492271800029	False
26	2049-04-01	FGA	north	0.3390388039421137	0.11551940340632577	7.851679535032921	0.04318041795126477	-0.9754988236572175	-431.68468650784274	8	267.0	266.9824689758409	0.20160310260782296	0.19894083665461354	0.35772357723577236	0.29787774981044574	False
25	2049-10-01	FGA	north	0.06380850886891415	0.005168863429973491	1.2524535595664488	0.050946806275996535	-0.1039912389847813	-4.187920600650766	27	2125.0	2124.972999035297	0.8310185464956605	0.8170751871498863	1.0	1.0	False
26	2049-10-01	FGA	north	0.24168459447509064	0.058970371933785244	4.899860981381134	0.04932478602831024	0.8321039474782654	-85.8288197082512	16	458.0	457.94685178157806	0.35477691945935497	0.3550573096523222	0.7058823529411765	0.6062041212627547	False
25	2050-04-01	FGA	north	0.05885288477966037	0.0035419906320766593	1.032859322032453	0.05698054277503165	-0.9921822100159526	-168.19706077639069	4	106.0	105.80265281763461	0.5240289664252797	0.4923594415483165	0.5714285714285714	0.5686146624799774	False
26	2050-04-01	FGA	north	0.18808150520759914	0.040836339573317726	5.775051615454332	0.03256793492620628	-0.6850713033696464	-271.6355593672249	8	143.0	142.77266108974763	0.560849997507878	0.553529922303039	0.7058823529411765	0.6663744428235766	False
26	2051-10-01	FGA	north	0.045232075112401876	0.0020459877335506325	5.265748651522538	0.008589865963185212	1.0	-16894.189561668813	2	25.0	24.950795335552648	0.5157342657342657	0.3357727190589046	0.5769230769230769	0.33853918120759285	False
27	2051-10-01	FGA	north	0.05902379876528897	0.003542541581639145	3.0123469139023173	0.019593957951153484	0.9962392187178903	-31.45662581299824	10	156.0	155.9001096671988	0.7050263625263625	0.6756599867135443	0.875	0.7067605482132496	False
27	2052-04-01	FGA	north	0.056292747672954495	0.00411321735679777	1.316047543762024	0.04277409880803949	-0.8723071743486464	-8.303584652194914	18	1001.0	1001.0001758797886	0.9287861677932803	0.9359782842570552	1.0	1.0	False
27	2052-10-01	FGA	north	0.16470723966593923	0.02789912276591006	3.5872534263233526	0.04591458146149182	0.9098892828799717	-26.55812563409737	26	1422.0	1421.9679035698043	0.9656756243407696	0.9630163047657512	1.0	0.9975171535985992	False
27	2053-04-01	FGA	north	0.18888651949403934	0.035993072739719634	3.917257879619598	0.048219066831612825	-0.9727992599168287	-495.2273418436936	9	293.0	292.96124732473726	0.9707279076013968	0.9622051602780117	1.0	0.9880385838421343	False
28	2053-04-01	FGA	north	0.02425045917715497	0.0007607695023449627	0.6018132275783677	0.0402956566354253		-1.3435557328203918	18	1264.0	1263.9849747837502	0.9641216543490034	0.9683094882312842	1.0	1.0	False
28	2053-10-01	FGA	north	0.003892385681792016	2.1402916076211754e-05	0.08302339592217695	0.0468829977207942	0.9971733501962549	0.9771494329478266	26	1578.0	1577.9330648525374	0.9742870194444151	0.981147306905829	1.0	0.999413301703749	True
28	2054-04-01	FGA	north	0.03854377374839158	0.0015545742895785454	0.8850603853975829	0.04354931526064983	-0.779747252636968	-155.29773495495166	6	168.0	167.99541496178435	0.9962121212121212	0.927777281059809	1.0	0.9726583606393443	False
0	2026-10-01	FGA	south	0.17976148909536271	0.03319420255933266	5.598063323405389	0.03211137114933723	-0.6285585277359046	-74.92809153597358	42	2958.0	2957.9623435879075	0.998114906265806	0.9976818637790091	1.0	1.0	False
0	2027-04-01	FGA	south	0.001942233292531221	5.0130661162257764e-06	0.03960820310684565	0.04903613747111736	0.9976032131287331	0.9937847046631249	30	2327.0	2326.790653525728	0.9891071049508359	0.9923350815848687	1.0	1.0	True
0	2027-10-01	FGA	south	0.1976765395228711	0.03910678365112782	4.112993385790726	0.04806147761039194	-0.4957047451883739	-2115.4827356398337	5	140.0	139.84825768389885	0.95588282247765	0.9907683605272017	1.0	0.9988567582836811	False
1	2028-10-01	FGA	south	0.04480141499918131	0.0043539629290834094	0.5079866808333223	0.08819407415502946	0.8028447789444518	-2.004471515915662	25	1612.0	1612.0488572097045	0.6369526187059329	0.6482630208627181	1.0	1.0	True
2	2028-10-01	FGA	south	0.046845093790502786	0.004428111108319357	0.4764994403468953	0.09831091041030225	0.7842033953371539	-2.3233285348562793	15	2005.0	2005.120998046702	0.5598425473965475	0.5305988518927011	0.7457627118644068	0.8576029903899696	True
1	2029-04-01	FGA	south	0.22940567004207227	0.05346665924652623	3.023700449721042	0.07586917879488908	0.7941248259168732	-40.38652776508341	21	1578.0	1578.1931252354402	0.5305046992586449	0.5290438920370824	0.9090909090909091	0.8714426390292228	False
2	2029-04-01	FGA	south	0.1242711430711764	0.016879017738744638	1.2481473539363985	0.09956448065146388	0.825268620477767	-6.307083124777977	20	2154.0	2154.1568446494425	0.6156005546484078	0.597240942399508	0.8787878787878788	0.7804040529098805	False
2	2029-10-01	FGA	south	0.2483666831013901	0.062259867245077795	4.200707587976135	0.059124963568590365	0.8105675666153671	-88.63977625664165	3	66.0	65.85065117694788	0.7978312537136066	0.7830540837898398	0.8787878787878788	0.7878658854282823	False
3	2030-10-01	FGA	south	0.0030253294345434904	1.7272863527843994e-05	0.07694580001017871	0.03931766820467507	0.9831837514552239	0.8537656937376161	11	415.0	415.02375299864644	0.9905342889801364	0.9903147914119267	1.0	0.9947125432473944	True
3	2031-04-01	FGA	south	0.031966365442566355	0.0014530821292797057	0.8063996779350491	0.03964084599391552	0.6815880823534171	-1.7443082192386163	20	779.0	778.946761491664	0.9756631221953216	0.9800483209677348	1.0	0.9975300065514406	False
3	2031-10-01	FGA	south	0.2767547390780022	0.07680531882206164	8.006961439361886	0.03456426525516752	-0.9959500790275753	-1304.3238381167764	6	182.0	181.91054717050997	0.954313837647171	0.9474085398475678	1.0	0.9829339833305203	False
4	2031-10-01	FGA	south	0.16814530204977704	0.029872853985173375	3.681392202453643	0.04567437882269333	-0.9263712064565781	-31.759935787167628	19	824.0	824.0268518454943	0.28250175613971823	0.27550603654048067	0.45	0.39088855740760325	False
5	2031-10-01	FGA	south	0.03478348276960472	0.0014525460435102766	0.6486161678569953	0.0536272212956518		-0.15764314522891754	19	2352.0	2352.0356706853354	0.7122873221533492	0.7144848886823544	0.7818181818181819	0.7624308911316865	False
4	2032-04-01	FGA	south	0.003348924464207474	1.465031899788602e-05	0.05931240559356967	0.05646246229086595	0.9984689156157711	0.9874737782770625	20	835.0	834.828536807742	0.2821266683327323	0.2880938718215675	0.45	0.37235393988097265	True
5	2032-04-01	FGA	south	0.0031147902342981916	1.2426895600989172e-05	0.056035273137656785	0.05558624166328891	0.9987999686353277	0.9918737844978885	22	2426.0	2425.9778820283777	0.7134643463118931	0.6968921620451782	0.7906976744186046	0.783908608734426	True
5	2032-10-01	FGA	south	0.17618366545555536	0.031040683973355052	3.3607799701933763	0.05242344545555534			1	11.0	10.758505031592028	0.6470588235294118	0.7514574396252032	0.6470588235294118	0.7514574396252032	False
6	2032-10-01	FGA	south	0.08097127053488078	0.009757229336796791	2.85307356473558	0.02838036548923866	0.8842755016627796	-37.47823623098755	10	167.0	166.81631688955065	0.4295669859505337	0.40855998833627316	0.9230769230769231	0.7294344477654495	False
7	2032-10-01	FGA	south	0.03978108851467718	0.0017933248373471497	0.8045045226754224	0.04944793645458085	-0.931223643426391	-23.96077537812961	8	288.0	287.84329416052617	0.6601566521772174	0.6341995808211269	0.7538461538461538	0.8421553643762346	False
6	2033-04-01	FGA	south	0.0043739410136387005	2.2071134608622357e-05	0.1818026764606595	0.024058727290437787	0.9870931179171012	0.8893675926673565	12	190.0	190.0143453521009	0.3818095779288306	0.41713677405109334	0.9230769230769231	0.68295465177799	True
7	2033-04-01	FGA	south	0.004997945473713271	4.4024376040365314e-05	0.10962983153626545	0.04558928353419895	0.9841781337242544	0.9394722127724764	25	896.0	895.9840596452187	0.8451240331244457	0.8117688603669951	1.0	0.9934404629183823	True
7	2033-10-01	FGA	south	0.063370335227151	0.005861616021654246	1.3679913769845975	0.046323636459489545	0.4553693968980142	-9.281521126208885	30	784.0	784.1361506210084	0.5376838107847665	0.5365960823654343	1.0	0.9621260987687424	False
8	2033-10-01	FGA	south	0.1779636829210282	0.03234109854817531	3.662142727141582	0.048595507106282146	0.45109274031185465	-43.65176753692142	17	1403.0	1402.9260983402762	0.5125820655979136	0.5050283401946882	0.5777777777777777	0.5442576207071933	False
9	2033-10-01	FGA	south	0.06980656774432407	0.005761715898217323	1.335984188041755	0.05225104336500002	-0.7822515997209494	-8.279935443901131	14	853.0	853.0580866035328	0.3212686068798009	0.31995518986141847	0.4591194968553459	0.4456417861110348	False
7	2034-04-01	FGA	south	0.1957926354734259	0.03871020442426645	4.636880550263319	0.042225076395877234	0.8685073116326993	-64.88243942918835	16	391.0	391.11599164358853	0.18081065465114152	0.16832877403233526	0.3484848484848485	0.33942817825071453	False
8	2034-04-01	FGA	south	0.1375486440515375	0.020538707273806432	2.458373247887644	0.05595108235485645	-0.23524068985023044	-12.975739751829854	23	1611.0	1610.9584735740061	0.513641734707898	0.5312817033583233	0.5777777777777777	0.5811524932312487	False
9	2034-04-01	FGA	south	0.19888243422019805	0.04038678149407413	4.0436006089796175	0.04918449012460334	0.9446749368231541	-35.94239072093617	20	1038.0	1037.9663132313913	0.3568768383130182	0.33977293300331396	0.5	0.49065117661359875	False
8	2034-10-01	FGA	south	0.08705627351235691	0.007630202218490972	1.639560765047849	0.05309731445654364	-0.9181262339424416	-184.48400008535424	3	68.0	67.71364505341323	0.5490866856720514	0.5677077250093518	0.5714285714285714	0.573700233967898	False
9	2034-10-01	FGA	south	0.32463201285954574	0.10538979364217375	6.654068428172647	0.04878699646145611	0.7136686011306723	-17406.526807591606	3	51.0	50.724762593589816	0.41062717770034846	0.39592070370303384	0.43902439024390244	0.4089139707560781	False
10	2037-10-01	FGA	south	0.1251072019788395	0.01592672758582475	3.8312293017402577	0.03265458476265363	0.6838795576182487	-39.98709907286577	16	502.0	501.9816110217848	0.2910705613495565	0.28793258070055605	0.5652173913043478	0.44085359222706744	False
11	2037-10-01	FGA	south	0.1331300894958457	0.01866349840411963	2.771813023314578	0.04802996752524332	0.7633961113645384	-35.58428553302757	15	1203.0	1202.977276515521	0.6251855393541167	0.6080238820357435	0.7115384615384616	0.6322169342829119	False
12	2037-10-01	FGA	south	0.036071494949119536	0.001717174426008985	0.775003682675542	0.04654364328255843	-0.8703474165460456	-6.195339579051801	7	169.0	168.75768248755003	0.14602122806998089	0.14212065449653621	0.2692307692307692	0.19989920068955858	False
10	2038-04-01	FGA	south	0.18387900708985372	0.0340438243491383	3.816025305105988	0.048186003075979755	0.9950946299876968	-41.44867725941218	19	551.0	550.842686506683	0.27657252523339	0.28899804368145243	0.5652173913043478	0.42388943213313063	False
11	2038-04-01	FGA	south	0.19953430243506973	0.04008619725388517	3.718745680703658	0.05365634532913636	0.9926442243063622	-33.24566063115883	22	1459.0	1458.9308114521407	0.6077963360485219	0.5599738241858577	0.7115384615384616	0.6221221024492269	False
12	2038-04-01	FGA	south	0.23703756146421645	0.05648458576794428	3.259909770250428	0.07271292096100167	0.9680474422118309	-59.76161069882488	13	279.0	278.8431921761359	0.2228825799069101	0.2629335745578562	0.5555555555555556	0.5369521146105699	False
10	2038-10-01	FGA	south	0.28850401369591777	0.08323456591865432	6.239887156582403	0.046235453695917784			1	12.0	11.969180497975099	0.2608695652173913	0.1533155946968847	0.2608695652173913	0.1533155946968847	False
11	2038-10-01	FGA	south	0.08154269985278378	0.006694840198439225	1.252694857002013	0.06509382504206508	-0.7634208169341896	-170.22527692934975	4	83.0	83.00330757990181	0.5517925914665045	0.4531656752475568	0.5833333333333334	0.5425671128308793	False
12	2038-10-01	FGA	south	0.28905861538990396	0.08374243694996525	9.257318481268904	0.03122487532159341	-0.8511427165805144	-485.5986068783705	3	38.0	38.005559403110276	0.3667398623920363	0.41226564510631797	0.5555555555555556	0.5607202820784506	False
13	2039-10-01	FGA	south	0.1336493902936185	0.01807363267199492	2.951353070986004	0.04528410768860271	0.9599673796055221	-37.601323980150475	16	1599.0	1599.0303342117436	0.9622820493635196	0.9707818902996215	1.0	0.9955495604931947	False
13	2040-04-01	FGA	south	0.18523465583468962	0.03468759305833176	3.9049141868564834	0.047436293595943625	0.989658546482496	-29.687012784879897	23	2022.0	2022.0563873443502	0.9589860739548061	0.9447983885051403	1.0	0.9894926428765947	False
13	2040-10-01	FGA	south	0.155308807016575	0.02424524783438154	3.414459885274993	0.045485614778006625	-0.9878776928996422	-1761.478034344848	4	155.0	155.00971285868883	0.9663596885294998	0.8917430526403852	1.0	0.8940642232440417	False
15	2040-10-01	FGA	south	0.02937982012432885	0.0011999704827456768	0.44489770209447543	0.06603724853155109		-0.34953507323986566	14	443.0	442.9833572567634	0.1378494643523457	0.12315723273660602	0.3	0.29700420159205626	False
16	2040-10-01	FGA	south	0.06512377869562166	0.005417856226543144	0.8927105260900199	0.07295061141583835	-0.9252102153179791	-1.799332693248239	16	3433.0	3433.002460702036	0.8293928488837238	0.8224272172646616	0.9139240506329114	0.970654618739794	False
14	2041-04-01	FGA	south	0.0027249481717697838	7.425342538831487e-06	0.06886704106637491	0.039568248171769786			1	11.0	10.99058180101773	0.03459119496855346	0.019521768228241004	0.03459119496855346	0.019521768228241004	True
15	2041-04-01	FGA	south	0.01716983149763954	0.000373926062445352	0.446394196831676	0.03846338420056534	0.9387946174338696	0.26415613082538114	21	620.0	619.9223389948928	0.22308155988492812	0.21870730752781764	0.5849056603773585	0.5533465528861354	True
16	2041-04-01	FGA	south	0.012103833210027823	0.00017723841145029918	0.1686745273784398	0.07175851267021217	0.9974199265727761	0.9342450355007048	23	3792.0	3791.978621671384	0.7598209561806781	0.7564707605999277	0.9139240506329114	0.9053646333144761	True
15	2041-10-01	FGA	south	0.24794067260532202	0.061541141887809	6.872326489867925	0.03607812768658013	-0.7618132541621623	-1023.7082095104042	5	109.0	108.78908362908152	0.45418351302785265	0.4459259820275346	0.5849056603773585	0.5282086165039974	False
16	2041-10-01	FGA	south	0.30280052036204397	0.09168844927019293	5.111071733920753	0.059244036500689594	0.7245409418665627	-149391.13242517266	5	147.0	146.93634184448075	0.5395664869721474	0.548129100159499	0.6785714285714286	0.6363599359718107	False
17	2041-10-01	FGA	south	0.16065659043312835	0.027093444323997906	3.123148326282435	0.05144058931852337	-0.14331427623982565	-21.289959563207603	20	3117.0	3116.9963634590754	0.9744280131974655	0.9678951112362159	1.0	0.9886422709280465	False
17	2042-04-01	FGA	south	0.2487866590969279	0.06274524984465502	3.8873123365096305	0.06399965774818865	0.9080227130799088	-30.985653832295853	27	3292.0	3291.9545004313877	0.9741839405265744	0.9625932304682242	1.0	0.9867968476635544	False
17	2042-10-01	FGA	south	0.24224890045620023	0.058693377637554216	3.8759710365312974	0.06250018335353578	0.7360761113213796	-5302.156853774937	4	65.0	64.96183679682895	0.9622222222222222	0.9629209055630665	1.0	0.9743256230833618	False
18	2042-10-01	FGA	south	0.16489114299614305	0.028039501332064995	4.015558094550838	0.04106306996775925	-0.8298286063286757	-38.95741493973383	17	1248.0	1247.9843651718973	0.602096710431648	0.5929382171551945	0.9333333333333333	0.8345338848522316	False
20	2042-10-01	FGA	south	0.19236944069334247	0.03799324051519744	2.88554278016627	0.06666663964076035	-0.8144068444822243	-51.78719149567505	13	1272.0	1272.0571471545095	0.45737642538176043	0.44640657918682464	0.7230769230769231	0.7226514734376924	False
18	2043-04-01	FGA	south	0.0015253560983868816	3.2822039266004843e-06	0.024615327387556302	0.061967735564548675	0.9993084452579084	0.997493783922766	21	1341.0	1340.9817538062941	0.5231122253764448	0.538135662269909	0.9333333333333333	0.8263478572678079	True
20	2043-04-01	FGA	south	0.0019373418496742123	1.115210371754177e-05	0.027010316324739776	0.0717259963334723	0.9978097323926348	0.9935188809558206	20	1722.0	1722.0426577498138	0.5787604247529606	0.5667219860824902	0.8823529411764706	0.8475015309894718	True
21	2043-04-01	FGA	south	0.011335408734758894	0.00017990925810853196	0.239616228851818	0.04730651504313954	-1.0	-4.663531242796235	2	39.0	38.976975686953544	1.0	0.9636168651084509	1.0	0.9879275069099664	True
18	2043-10-01	FGA	south	0.23764603273346127	0.05647624058401046	4.26491707747434	0.055721137929883015	0.8565849058994299	-68633.8650421691	3	37.0	37.017890459632525	0.18302808302808304	0.17919534702038467	0.23809523809523808	0.19301609291309849	False
20	2043-10-01	FGA	south	0.24784020057935532	0.06143936591621165	5.062606735769864	0.04895505685405891	0.2420383527044232	-4041.1267038002175	5	223.0	223.10095716486293	0.8151702219349278	0.7975516044493497	0.8823529411764706	0.8243145043259145	False
21	2043-10-01	FGA	south	0.06571403947625803	0.00556631486018379	1.0730825862945466	0.061238566644879304	0.7938225797068198	-1.8598452251453161	25	4866.0	4866.00180099222	0.9942149708426347	0.9730554584088885	1.0	1.0	False
21	2044-04-01	FGA	south	0.25604584394089475	0.067679171564765	3.799201052899605	0.06739465492237555	-0.23384837431890446	-33.339806268996355	21	4737.0	4737.147363989375	0.9931130605269464	0.970244582872666	1.0	1.0	False
22	2044-10-01	FGA	south	0.03000637195398442	0.0010692607386318033	0.6925588213109786	0.04332682081383916		-1.1726670704784117	14	993.0	992.966521065473	0.6977366820098266	0.6760752419099795	0.9428571428571428	0.8886719916576354	False
23	2044-10-01	FGA	south	0.019081531186806173	0.00044322498468088233	0.2800753554891307	0.0681299900645728	-0.47073339791355084	-0.7709682220206455	9	751.0	750.7869017275387	0.41192242314983085	0.4041852721382708	0.5991379310344828	0.6515055540718961	False
22	2045-04-01	FGA	south	0.006286234963640352	4.702820804587947e-05	0.1116898178322164	0.05628297266169519	0.9929099367549821	0.9595168777347379	20	1265.0	1264.8639835716108	0.5742407861357223	0.5746601197988312	0.9428571428571428	0.8864287611606988	True
23	2045-04-01	FGA	south	0.022921627153224808	0.0006307645954643615	0.3405185455394773	0.06731388775583572	0.9700680101001941	0.5885586921414379	22	1567.0	1566.9663254310906	0.6337020757585159	0.6265532446402345	0.9565217391304348	0.9532814811166309	True
22	2045-10-01	FGA	south	0.3200773726672644	0.10247046263305659	5.970198114727166	0.05361252114527052	-0.6907302928406039	-6025.573301613105	3	85.0	85.23533879583641	0.2473188524143938	0.23865571800574323	0.2692307692307692	0.26542846402608333	False
23	2045-10-01	FGA	south	0.19336889369988344	0.037500321417622315	4.064231409501728	0.047578219401535095	-0.642119319867736	-533.1342290015158	10	421.0	420.7509677461937	0.8208689475672563	0.8376128599101719	0.9565217391304348	0.9217213786051008	False
24	2046-10-01	FGA	south	0.003634004672496413	2.6735460650307786e-05	0.06881513264041375	0.05280822012631324	0.9940551660403372	0.9350559351163507	13	1089.0	1088.9551642913048	0.9247107487450683	0.9344269417180968	1.0	0.9788899759635274	True
25	2046-10-01	FGA	south	0.0005521200088825732	3.048365042084927e-07	0.06193896930967373	0.008913936008882573			1	13.0	13.014181154704605	0.08609271523178808	0.07525673291963747	0.08609271523178808	0.07525673291963747	True
24	2047-04-01	FGA	south	0.1616661550972902	0.027129546776450013	3.0726951495656207	0.052613795781252345	0.9323192174408922	-20.457739563113098	23	1725.0	1724.7651935282056	0.92254367703174	0.9164112706967193	1.0	0.9665652769600466	False
25	2047-04-01	FGA	south	0.1272200219893855	0.016184933994979733	12.693730735318612	0.010022271989385498			1	13.0	12.944145735307824	0.08609271523178808	0.07451972024733128	0.08609271523178808	0.07451972024733128	False
24	2047-10-01	FGA	south	0.11504968955909889	0.013567238249761924	2.3796392974271847	0.048347533041452194	-0.9856194763366997	-159.429835406259	8	406.0	405.8410968181481	0.9159451810267027	0.900389318339587	1.0	0.9389735370944428	False
25	2048-10-01	FGA	south	0.061184824370156925	0.006853564730977637	1.3950449043534103	0.04385867736531068	0.7711861942924855	-32.3423618257242	13	624.0	623.7764060562415	1.0	0.9933086482273067	1.0	1.0	False
25	2049-04-01	FGA	south	0.0424049492901758	0.0018416841499728186	0.9994414650421175	0.04242864717283749	0.9747715344216498	-1.1892560948286275	24	1070.0	1069.7678984642826	1.0	0.9975742947516321	1.0	1.0	True
25	2049-10-01	FGA	south	0.22897767854128917	0.05381475675605936	1.7464917968749938	0.1311072167364313	-0.08969812951565342	-47.11034438658812	13	365.0	365.00850442239584	0.7244288365842839	0.715545386031949	1.0	1.0	False
26	2049-10-01	FGA	south	0.19804421918738638	0.04061592780548441	3.662368884363429	0.054075442818701545	-0.9275576896573912	-57.32741595755987	16	1861.0	1861.0142948940954	0.8899865594664083	0.8575853459856878	0.9485981308411215	0.9565164447200101	False
27	2049-10-01	FGA	south	0.07901887839950707	0.006243983143516084	12.41178092223274	0.006366441600492934			1	12.0	11.81214136425358	0.06451612903225806	0.05027457704666754	0.06451612903225806	0.05027457704666754	False
25	2050-04-01	FGA	south	0.013121698573835433	0.00018926292811683023	0.27291530352290333	0.04807974636986323	0.9889185341243897	0.7076897376718135	4	52.0	51.31036706376749	0.10439371889892296	0.06738631619641142	0.2033898305084746	0.15503207872234553	True
26	2050-04-01	FGA	south	0.019309078777480525	0.0004997579777726524	0.33176384040090795	0.05820127580554641	0.9635077897650978	0.6891030678885545	23	2245.0	2245.062839776656	0.8831494668379658	0.8779631950564719	0.9485981308411215	0.9606186982050683	True
27	2050-04-01	FGA	south	0.00756603373933239	5.724486654471607e-05	0.29670442155429044	0.02550023926066761			1	12.0	11.863627845875309	0.06451612903225806	0.040166743554486836	0.06451612903225806	0.040166743554486836	True
26	2050-10-01	FGA	south	0.2709444976982503	0.0735501378711851	4.703791422712332	0.057601299324198454	-0.8335050130289066	-1818.896401734906	5	179.0	179.09620196879808	0.8613900134952767	0.8401435078335382	0.9210526315789473	0.9291467634007865	False
27	2052-10-01	FGA	south	0.13318643809218522	0.022094425211365752	1.6931072055973813	0.07866391310123381	0.9594606245613875	-18.493984031088342	16	675.0	675.0512085759817	0.4869954562343984	0.4937740036875228	0.8636363636363636	0.7822122110109487	True
28	2052-10-01	FGA	south	0.1461772923835331	0.028462402007626827	2.4452767964706608	0.05977944607110126	0.9898101787745559	-66.45414325289295	13	1242.0	1241.9285003302805	0.5750807908582369	0.5611307028220354	0.780952380952381	0.8889634063177275	True
27	2053-04-01	FGA	south	0.21117464967647873	0.0450917455782812	4.870635068938311	0.043356697163212034	0.8449883040333177	-65.0042913431209	18	726.0	725.9368069814013	0.4484090164721049	0.45090798903652995	0.8636363636363636	0.7355707373908001	False
28	2053-04-01	FGA	south	0.13752648534759007	0.020822076800249452	2.3768339742625035	0.0578612081604322	-0.39157413343459757	-13.580038263299397	22	1920.0	1919.818994655788	0.7089629119086818	0.6874224679018155	1.0	0.9455822806350541	False
28	2053-10-01	FGA	south	0.3158510957046809	0.0999197215251788	5.951199251035297	0.05307352054289462	-0.793940153251221	-1462.734573077351	7	366.0	366.09834422864964	0.9150440162963319	0.9185618208827357	1.0	0.92630766343882	False
29	2054-10-01	FGA	south	0.0021853213332543157	9.261916738900183e-06	0.054676519731388144	0.03996818641695273	0.9850271719903397	0.9269359030193522	10	368.0	368.0006529797525	1.0	0.9735683825967782	1.0	1.0	True
1	2027-10-01	FGA	tropics	0.00261203515891483	1.5452862759020815e-05	0.07601406107226398	0.03436252611778835	0.8221967028881676	0.38184208032903866	12	610.0	610.0312024738229	0.9464495242030071	0.9457599788074411	1.0	0.9958369540784486	True
1	2028-04-01	FGA	tropics	0.0012988600836458027	2.4597221594544314e-06	0.0375153260089081	0.034622119059751356	0.9985049843078291	0.9955723952651293	34	2749.0	2748.954297317367	0.9761921829746621	0.9648782397831167	1.0	1.0	True
1	2028-10-01	FGA	tropics	0.2398455915612891	0.05824558135760706	8.425191515781549	0.028467672350477154	-0.9811801474923474	-404.7923453514427	20	1863.0	1862.9411913114768	0.9931509130606102	0.9862655684077574	1.0	0.9978616287697313	False
2	2029-04-01	FGA	tropics	0.006224450710026957	5.4053124811678956e-05	0.28122837600812456	0.022133082011066816	-0.08334052820662828	-0.011854580417824057	6	82.0	81.44662365922201	0.9871794871794872	0.968610249904939	1.0	0.9860765561071517	True
2	2029-10-01	FGA	tropics	0.15584651153947013	0.024523016579991064	6.881046559778286	0.022648664005623535	-0.7885013551099908	-846.0745134851477	33	1036.0	1035.8713655782828	0.9000217118618877	0.898433393043362	1.0	0.9755457420776993	False
3	2029-10-01	FGA	tropics	0.035090145233560376	0.0036018552474092113	1.8970202197135047	0.01849750723208413	-0.8397794334063993	-264.6290118413305	5	65.0	64.7818931407528	0.2452224627224627	0.20407807919147455	0.3125	0.25272627871323244	False
2	2030-04-01	FGA	tropics	0.07064048831712383	0.0052534916427388065	4.344710884781679	0.016258961802166842	-0.42797410275307934	-63.93292638627071	40	1314.0	1314.0612163063238	0.7364824944998773	0.7330471125091569	1.0	0.9674700662560433	False
3	2030-04-01	FGA	tropics	0.19526793542615517	0.03951968079822493	7.714986965335633	0.025310209376051773	0.12072292245017446	-1081.2908394694634	31	730.0	729.9345990759821	0.5829038953216323	0.5788218190917944	0.9459459459459459	0.9578200573620765	False
2	2030-10-01	FGA	tropics	0.27297013484413774	0.07455489182987712	15.562177575820666	0.017540613035302854	-0.7451276764239956	-19539.070033271502	13	308.0	308.05502703075314	0.4862426193171966	0.45414543180693434	0.7049180327868853	0.6482722690226509	False
3	2030-10-01	FGA	tropics	0.06336739712016931	0.004254212116796517	4.744532969365263	0.01335587665410338	0.3638275891690718	-175.3555130152663	47	1035.0	1034.5582492465246	0.8228940098913715	0.8249837845254474	1.0	0.995481648166866	False
3	2031-04-01	FGA	tropics	0.24350915179627206	0.05959688011754898	26.679839021665472	0.009127084747345344	0.2500515142809031	-19657.930742638877	22	381.0	380.454117740058	0.9713578300590185	0.9627643517495457	1.0	0.9991624066454329	False
5	2031-04-01	FGA	tropics	0.057860443926165475	0.003349751961732328	1.9546973063936786	0.02960071809425838	1.0	-7110.116606280484	2	30.0	30.024266925802515	0.72375	0.7469150172312702	0.76	0.7757456653069034	False
4	2031-10-01	FGA	tropics	0.0012825302196446768	2.2134112709026824e-06	0.10215149986352852	0.012555177568201157	0.9943603796194651	0.9576845573494596	7	85.0	84.81855516706011	0.15307012548609192	0.1121875483552066	0.22916666666666666	0.15210275975388793	True
5	2031-10-01	FGA	tropics	0.0013770225410736493	4.5520032437267e-06	0.05576315572037086	0.02469412864614132	0.9917995932784366	0.965330851418036	28	1553.0	1553.025926882951	0.8416484455470037	0.8245638601301247	0.927710843373494	0.8933745887792309	True
4	2032-04-01	FGA	tropics	0.2421506977357544	0.05865998207176805	22.17066248651899	0.01092212277747657	0.8795813911881907	-1719.4890670606642	7	85.0	84.27023008223176	0.15307012548609192	0.10834890004291589	0.22916666666666666	0.14336573841798272	False
5	2032-04-01	FGA	tropics	0.21663405813623857	0.04917487078337227	9.845448663960052	0.02200347241962091	0.8713807296394647	-303.9929954131365	38	1953.0	1952.9167172226273	0.8071735651675268	0.790217600972794	0.9375	0.9106732345615418	False
6	2032-04-01	FGA	tropics	0.09885673148705758	0.020787830033314927	6.7439266260848	0.014658630938345343	-0.6928787326222093	-3208.946568214737	16	389.0	388.84461496755	0.6822764194483448	0.6395507333825241	0.95	0.9743655077605822	False
5	2032-10-01	FGA	tropics	0.22624656932962675	0.05134074149629451	10.93545747803989	0.02068926423827858	-0.7049556549923415	-10120.26796215887	12	320.0	319.7986579611139	0.6767024136322268	0.6171561978266104	0.8923076923076924	0.869023570060008	False
6	2032-10-01	FGA	tropics	0.18041754004147179	0.045895592832816454	4.112011524796351	0.04387573793349401	0.8734852687519373	-350.24262589318056	41	1171.0	1170.8779592815592	0.7251677086236265	0.7103177339407346	0.9807692307692307	0.9302096451800331	False
7	2032-10-01	FGA	tropics	0.025355208963365242	0.0007218277709286136	1.4634535134673954	0.017325599159819256	0.7963207088853553	-630.7533907884299	11	214.0	213.9679621131717	0.47105217323252246	0.460670168207416	0.7	0.7351008471615712	False
6	2033-04-01	FGA	tropics	0.158918022546777	0.025350085568165207	12.522521786529722	0.012690576647087377	0.45238380944766826	-1492.6794418318034	23	694.0	693.9781554739128	0.708277173169205	0.6997186431891326	0.9807692307692307	0.9579562464187854	False
7	2033-04-01	FGA	tropics	0.19303822923888816	0.040148523735932196	10.962296812547994	0.017609286862031226	0.8966193317493942	-564.1161927288406	38	1206.0	1206.171063284494	0.7731855461172749	0.7631275528932143	1.0	0.9960693038330414	False
7	2033-10-01	FGA	tropics	0.24262839625369378	0.059084119438317456	16.20107273772103	0.014976069806092594	0.76749580992837	-1544.1795548109055	33	1056.0	1056.0412562783795	0.9063669305233646	0.9007718698891798	1.0	0.9703774070795119	False
8	2033-10-01	FGA	tropics	0.16907123977905644	0.028585406495044725	12.886526782100933	0.013120000651680033	1.0	-35466.70830633048	2	23.0	22.778821123005812	0.6055555555555556	0.5306000889037066	0.6111111111111112	0.5423688968928941	False
7	2034-04-01	FGA	tropics	0.1918726092186102	0.036826092629232185	12.332950258415782	0.015557721810130534	-0.5519957092423717	-16566.91168444147	7	116.0	115.68160802214787	0.8185858001647476	0.7798509609938952	0.9375	0.8644502073340633	False
8	2034-04-01	FGA	tropics	0.1515605802543168	0.023137661579732394	20.22426041836767	0.007493998649101131	0.9525233199884651	-1033.3899752072982	7	86.0	85.67127898720607	0.4649769585253457	0.3435501796757783	0.6111111111111112	0.41779395472634473	False
9	2034-04-01	FGA	tropics	0.09873794698109707	0.01881924089361299	6.901124454876805	0.014307515771769934	0.8802437767191192	-1649.2747113069488	18	314.0	314.03789524982324	0.5413735969058796	0.5221057567920766	0.7297297297297297	0.5796140718679337	False
10	2034-04-01	FGA	tropics	0.05581241111102527	0.003115025234026097	5.8282000806475605	0.009576268888974735			1	14.0	13.958635499175069	0.3333333333333333	0.2000035673961278	0.3333333333333333	0.2000035673961278	False
8	2034-10-01	FGA	tropics	0.09846003482774307	0.009715786919995684	9.746873789686607	0.010101704090179757	0.963681990958493	-657.2500022109876	5	63.0	62.99011355065043	0.3763645673323093	0.23316264098713485	0.6	0.3249233318835651	False
9	2034-10-01	FGA	tropics	0.2032162120174382	0.04140366550434051	13.701208001185618	0.014831992332344208	0.9289876121958398	-720.5789713894579	46	935.0	934.8745230496525	0.6513236267647343	0.6443841007161825	0.95	0.8119582449195184	False
10	2034-10-01	FGA	tropics	0.10100867395534308	0.010210650297154166	13.487568326811262	0.0074890203710444225	0.9982681038415958	-297.07891427429826	3	39.0	38.30126316307938	0.298015873015873	0.16507147092891317	0.3333333333333333	0.1821219856763594	False
9	2035-04-01	FGA	tropics	0.21465543526186082	0.04654701958254008	15.408718454646824	0.0139307779484495	-0.7686979929640992	-3107.0559792613417	26	554.0	553.9136440605988	0.7447390092718058	0.7398598728703608	0.95	0.7826523572807392	False
10	2035-04-01	FGA	tropics	0.21758189734034208	0.04734188205022316	30.400537710479306	0.007157172659657921			1	11.0	10.65725229540708	0.275	0.18239900709350765	0.275	0.18239900709350765	False
10	2036-10-01	FGA	tropics	0.04850128447196289	0.0024976207934949857	2.146093074909425	0.02259980475171603	-0.715866283668423	-26.98764090288895	6	71.0	70.06960475911335	0.8199277574277574	0.7170093213036024	0.875	0.7757143770177451	False
10	2037-04-01	FGA	tropics	0.13416911676110677	0.01822595539655156	12.877707962924939	0.010418710934226891	0.8231529969140746	-1310.6591888330327	31	571.0	570.6066069010269	0.8472008171080956	0.8191536728117567	1.0	0.8783908041003327	False
10	2037-10-01	FGA	tropics	0.17640846304013807	0.03149073837815658	18.42376718274023	0.009575048430127861	0.9052852603832224	-1295.9014625777236	40	773.0	772.2051620857578	0.8350427714353472	0.8163023538850336	1.0	0.8769392408859712	False
10	2038-04-01	FGA	tropics	0.08927011743174784	0.00805115271147333	9.920900244189507	0.008998187184074524	-0.5346686719560279	-1850.8883363084049	16	268.0	267.6084244711677	0.7928520343639724	0.7606074363415665	0.9333333333333333	0.8563164119290574	False
12	2038-04-01	FGA	tropics	0.1325685823910933	0.017605846318779195	10.379465756522686	0.012772197095769044	0.1792942664031478	-1954.742377296551	20	427.0	426.83647780809684	0.7701542221421602	0.7484120702057409	0.96	0.8584897744713875	False
12	2038-10-01	FGA	tropics	0.05348674831268572	0.0029657282812443142	4.342629599660523	0.012316672901798244	0.35923244958495776	-63.0131346895181	46	1046.0	1045.681838878323	0.8495585956096131	0.8406672233332219	1.0	0.9422345847962248	False
12	2039-04-01	FGA	tropics	0.19780711970451972	0.03925243667676098	15.893642482997588	0.012445675679198536	0.5597824815751835	-3246.6205294282386	27	582.0	581.6132446726658	0.8914716192360888	0.8795733414205209	1.0	0.9510390571593734	False
12	2039-10-01	FGA	tropics	0.2450755118398205	0.06006380119191508	18.34454989290917	0.013359581634355118	1.0	-23468.028567510093	2	23.0	22.982519741488403	0.8516483516483516	0.684960674366393	0.8571428571428571	0.6981498779584151	False
13	2039-10-01	FGA	tropics	0.013311602875859285	0.00151386275892098	1.3231257647983328	0.010060723802690217	-0.62475851768573	-162.82891251066889	14	196.0	196.19851608827855	0.49995019988971606	0.44870491843651716	0.68	0.47171729754266867	False
14	2039-10-01	FGA	tropics	0.10623704684346841	0.020619631065675763	14.19974871821345	0.00748161456598189	0.8128188385650412	-4788.821647798536	13	197.0	196.78043916337612	0.5172090136451178	0.47324767330684997	0.6774193548387096	0.48363049805814806	False
13	2040-04-01	FGA	tropics	0.16699852306260599	0.02830722091837081	16.127966751857933	0.010354592468599171	0.9062421188414312	-1283.8239935344086	32	445.0	445.00692485320747	0.4778984700617617	0.4486927577396866	0.68	0.48728446403192593	False
14	2040-04-01	FGA	tropics	0.1943577724601599	0.03978894157355288	24.461776834061567	0.007945366102331874	0.17590708455677853	-3581.4563806639544	34	506.0	505.3708239743341	0.5081644541378147	0.4752905792570247	0.6774193548387096	0.5110801695966992	False
13	2040-10-01	FGA	tropics	0.004407859003965818	3.195275543115252e-05	0.5109608181679479	0.008626608630716959	0.8509727521966042	-2.1215636523280996	17	237.0	236.6168422966054	0.47088157088581245	0.4378190031315161	0.6153846153846154	0.48541691993415936	True
14	2040-10-01	FGA	tropics	0.030623686401515415	0.0022076434858792	3.5475575740086445	0.008632329641633265	0.6158684379860186	-137.84315476205313	43	696.0	695.5921649303375	0.3308383171355728	0.31314447023011827	0.5909090909090909	0.5129316806619526	True
15	2040-10-01	FGA	tropics	0.05204414469069682	0.0052909701680372845	2.0486607672182857	0.02540398367727979	0.8990883674914745	-30.62679685686873	24	1738.0	1738.0602127457876	0.6109367037042559	0.5919619948733321	0.7850467289719626	0.6922112147004794	True
16	2040-10-01	FGA	tropics	0.02099921105827537	0.0013261953884132884	0.5036967541214645	0.04169018538724093	0.9438709228212816	-16.045647527766562	15	586.0	585.9896892702916	0.2347162162223682	0.2388559769900499	0.5	0.4503391446804506	True
13	2041-04-01	FGA	tropics	0.05365958890627089	0.00287935148158999	14.290394327592626	0.0037549410937291077			1	10.0	10.022901131037878	0.16393442622950818	0.12058070002596626	0.16393442622950818	0.12058070002596626	False
14	2041-04-01	FGA	tropics	0.12615404330568017	0.0265759487090334	14.13376636487162	0.008925720154765417	-0.7609038518905098	-1974.8814900618636	29	496.0	495.98315150397883	0.14633726140143816	0.13947156166541233	0.4166666666666667	0.3623444008478332	False
15	2041-04-01	FGA	tropics	0.10503400779229224	0.02007888464567504	1.9908458212608058	0.05275848419330335	-0.8458607062451519	-32.885425156522274	38	2150.0	2150.0630316397596	0.4547904504600352	0.4517436434300734	0.7850467289719626	0.7018124394600637	False
16	2041-04-01	FGA	tropics	0.07948700425542839	0.006481157595658482	1.2592099182071097	0.063124506173366	0.8980168899756775	-10.354226086272641	40	2487.0	2486.973760682491	0.5816263462854546	0.5844353637584417	0.9069767441860465	0.8870896231430165	False
14	2041-10-01	FGA	tropics	0.038297008430575194	0.0015008509000396248	1.7767235709155655	0.021554849081469842	-0.9133867748635023	-72.78895709863224	5	73.0	72.74591979452431	0.08176091804381203	0.07402742744574332	0.10091743119266056	0.09075195169740975	False
15	2041-10-01	FGA	tropics	0.2329790663330263	0.054409268862923785	8.902340784301668	0.02617054008355422	-0.9068654100108255	-2049.582055877366	10	281.0	281.0083359483309	0.17634229362820797	0.17677185208566373	0.26455026455026454	0.23323163206376957	False
16	2041-10-01	FGA	tropics	0.14292453618639775	0.02930207025162183	5.424553542986883	0.02634770494083836	-0.7880490972044193	-242.70796200214926	24	1673.0	1672.879007785109	0.8082381283178074	0.7908382352193395	0.9069767441860465	0.8698821840506318	False
17	2041-10-01	FGA	tropics	0.016210242923484813	0.000272602525991941	0.7430506430294304	0.021815798257566094		-26.730138821114608	6	87.0	86.9273081704766	0.7502006650613461	0.7254768795915635	0.9166666666666666	0.7406680309067691	False
17	2042-04-01	FGA	tropics	0.011180573027011536	0.00016512768161039136	0.5227855536179511	0.021386537844506393	0.5237533039557342	-0.5685906980757414	29	525.0	525.1164457181457	0.34831646335333216	0.3318353224409512	0.9166666666666666	0.7085733278539653	True
18	2042-04-01	FGA	tropics	0.009536279751393307	0.00011550012234699875	0.37376521142784064	0.025514091359554975	0.854052776090529	0.02719925544069779	23	1737.0	1736.950927734088	0.5213735725499352	0.5076438376024509	0.6355140186915887	0.578772979621441	True
19	2042-04-01	FGA	tropics	0.008559671972468812	9.619694798425587e-05	0.31201239135523523	0.0274337565097643	0.8830009046557852	0.08552491905532533	21	989.0	988.8281142856206	0.31268117356687003	0.29744405205628954	0.43	0.3758960411034147	True
17	2042-10-01	FGA	tropics	0.1626675967081421	0.026493744672502522	6.104881152670546	0.026645497699326066	0.790080319026307	-301.3600533155423	21	407.0	406.5995780547971	0.21351640069621394	0.21237160806356872	0.4883720930232558	0.47565469477026184	False
18	2042-10-01	FGA	tropics	0.1683484463917268	0.028439117216170557	3.7090626052907014	0.04538840788278696	0.9053217312436053	-69.96046237546881	40	2516.0	2515.78635470832	0.4931939920940053	0.484431798368529	0.6355140186915887	0.5921302279341553	False
19	2042-10-01	FGA	tropics	0.2037188045488632	0.04170602526340911	9.533018656665819	0.02136981074787008	0.9616244328522946	-207.24329950298585	42	1835.0	1834.9246754889625	0.4262269741181059	0.40955989985964564	0.6923076923076923	0.5674931354441483	False
18	2043-04-01	FGA	tropics	0.003905966665777466	2.3811948693212777e-05	0.15391665762547665	0.0253771536235006	0.5628400520395427	-0.5151775276855024	15	596.0	595.9135356595858	0.4435456214556265	0.42673480266537456	0.5735294117647058	0.5129092194424323	True
19	2043-04-01	FGA	tropics	0.0034491237963090184	2.1752396908160274e-05	0.18050667811133686	0.019108012137820145	0.584850953002699	0.07917714423845335	19	707.0	706.9945742287481	0.556282469658861	0.5214047705563495	0.6923076923076923	0.5720931061593487	True
20	2043-04-01	FGA	tropics	0.05768601417012579	0.01069624160870388	0.24212020157329603	0.23825361863769448	-0.010920132158165272	-0.3314961619891834	6	80.0	79.93457922387105	0.31810869822958415	0.2590410663226805	0.6470588235294118	0.5191758292430153	True
21	2043-04-01	FGA	tropics	0.0018244162759159807	4.704582208541358e-06	0.03533483716190221	0.05163222537453928	-0.02688664718710926	-0.18267748600733014	8	385.0	384.9569206795466	0.7333765164201761	0.6721201327496577	0.853448275862069	0.953677352624152	True
20	2043-10-01	FGA	tropics	0.17902350808528886	0.035212541207664955	6.006450125379039	0.02980521012384025	-0.17524626514313973	-105.1569065592801	32	533.0	532.9248360857483	0.19240045190292515	0.18826069422231503	0.6470588235294118	0.4439031875008956	False
21	2043-10-01	FGA	tropics	0.21396270782950486	0.04591181129347039	4.830876502128127	0.04429065982855259	0.9615741187612292	-46.81113370268284	29	3674.0	3673.946135845025	0.7754213053643481	0.739318342332196	0.9535714285714286	0.9320675068266152	False
22	2043-10-01	FGA	tropics	0.048694216391313445	0.0024440292995711057	1.9866557208989015	0.02451064665058362	-0.37948122127667117	-71.05635059055234	11	297.0	296.8492961307066	0.3901698706711451	0.3729575276861722	0.7619047619047619	0.5778262273439758	False
20	2044-04-01	FGA	tropics	0.09520528306266657	0.00984733489226817	1.2631917950557545	0.07536882636137168	-0.9041498671096572	-24.463582037193074	32	601.0	600.912016384229	0.18866909255117031	0.18875098739040636	0.3717948717948718	0.23272567212806755	False
21	2044-04-01	FGA	tropics	0.21322394712443088	0.04702462025177244	6.439768870518693	0.033110496884534414	-0.955662197127577	-147.84751778862037	19	2947.0	2947.0131152795134	0.7799407599474965	0.7234994386696861	0.9535714285714286	0.9706882469347446	False
22	2044-04-01	FGA	tropics	0.04284400503616084	0.006227039697175449	1.608167349450522	0.026641509076029784	-0.18679853538222954	-28.80393434782988	37	1830.0	1829.8928226609548	0.7299946469460423	0.6994279616119711	1.0	0.9617153219071733	False
20	2044-10-01	FGA	tropics	0.24630814000304072	0.06069540819845963	14.402646428531563	0.01710158901874489	-0.7805641900267677	-3130.3437025515786	7	129.0	128.8738939393802	0.1815842262175251	0.17747017740375332	0.22413793103448276	0.2205661393276411	False
22	2044-10-01	FGA	tropics	0.2737484037166204	0.07511710890663552	12.514287025436827	0.021874870151227403	0.49796549325546713	-782.5358831858495	27	1391.0	1390.8686465264566	0.9095020390438213	0.9036776966127897	1.0	0.9649279372730333	False
22	2045-04-01	FGA	tropics	0.009920317292042832	9.841269517480404e-05	0.4405529314699416	0.022517878292042832			1	14.0	13.94808575938934	0.9333333333333333	0.964788744749443	0.9333333333333333	0.964788744749443	True
23	2045-04-01	FGA	tropics	0.004216226314399424	2.6431602253897928e-05	0.24278946975872023	0.01736577092321769	0.45958916613618844	-2.004315289141681	17	465.0	464.7905709798484	0.9692962061046595	0.9693620198317786	1.0	1.0	True
23	2045-10-01	FGA	tropics	0.19208672916931377	0.03715196110919054	10.768724194382612	0.017837463909560775	-0.5331471339503819	-316.31757385123666	44	1431.0	1430.9104252085033	0.9863944279888706	0.9859668301990928	1.0	0.998235037820746	False
23	2046-04-01	FGA	tropics	0.10089466322578179	0.010515321960563567	5.659292882350668	0.017828139543799994	-0.8933141006118046	-364.49677195356935	26	857.0	856.9998663401506	0.994092163492616	0.9876303508439642	1.0	0.9997524137770456	False
24	2046-04-01	FGA	tropics	0.05067158757027075	0.0034071840352366896	2.335507345112962	0.021696179922662547	1.0	-1260.778440349393	2	23.0	23.011139306923976	0.7388663967611335	0.8306735572198778	0.8461538461538461	0.9997290548477716	False
23	2046-10-01	FGA	tropics	0.21910138479947106	0.048005416821045886	16.182652914913202	0.01353927479947105			1	12.0	12.207865961038005	0.9230769230769231	0.9877166513745007	0.9230769230769231	0.9877166513745007	False
24	2046-10-01	FGA	tropics	0.17045713171122467	0.02941744767802157	7.987474883588031	0.021340553077852573	-0.9476275532580443	-462.29633412183165	27	1096.0	1095.9930279436223	0.960448260336849	0.9513817365626315	1.0	0.9963596259847445	False
24	2047-04-01	FGA	tropics	0.21750075294130067	0.04759821849484833	11.10961514201876	0.019577703652277734	-0.29150650485727075	-309.37555335003674	44	1698.0	1697.8188269947673	0.957321726756766	0.9576166248221935	1.0	0.9827127636816623	False
24	2047-10-01	FGA	tropics	0.2925081035953708	0.08562761463818419	15.76432541204086	0.01855506632538503	-0.5478436116726099	-7760.872091335696	19	532.0	531.9367379488153	0.9324899498320943	0.9315575103139856	1.0	0.9782571801567702	False
25	2049-04-01	FGA	tropics	0.004209834421406799	2.943973621926235e-05	0.247453410268436	0.01701263448679085	0.9262589399212711	-0.029699576024232233	29	896.0	896.0284647653799	0.9951855098687061	0.9902965166635206	1.0	1.0	True
25	2049-10-01	FGA	tropics	0.02046877597210474	0.0007676042939291412	0.42959511697558467	0.047646668137682875	-0.7443010249702153	-5.29305810585139	46	1372.0	1371.879438444151	0.8505325591439967	0.8402334459947539	1.0	1.0	False
26	2049-10-01	FGA	tropics	0.2624572042566143	0.06897779402229966	14.658626079842088	0.017904625087444868	0.7862154249167695	-34209.46991703418	14	320.0	319.98172506744004	0.6032735830129462	0.574347621709312	0.8529411764705882	0.9107094649083273	False
25	2050-04-01	FGA	tropics	0.20337082573381698	0.0414997892257614	15.094502951051078	0.013473171418317926	0.13945252756754664	-9467.343851345142	21	500.0	499.582696912244	0.648580432338355	0.61892171776786	1.0	0.9895790415193719	False
26	2050-04-01	FGA	tropics	0.18868095701458967	0.03582597623178595	12.54261011898501	0.015043197167469506	-0.6631050968494518	-406.83092579240173	40	1427.0	1426.9668944726996	0.7908465169132425	0.7791236011929155	1.0	0.9580626993908179	False
26	2050-10-01	FGA	tropics	0.2176300406947975	0.04757457948576273	17.233509714705264	0.012628306380858387	-0.6506963278039103	-1312.033053190997	39	1258.0	1258.0031490043066	0.8573680435726515	0.8481981603587809	1.0	0.9277685577121982	False
26	2051-04-01	FGA	tropics	0.06785243633382643	0.0047519976066142	5.243214503646495	0.0129409995121575	0.38037204526483154	-1753.4523808502634	11	164.0	163.98832362558434	0.7970649967976172	0.7744377585127278	0.8888888888888888	0.8371936260921562	False
27	2052-04-01	FGA	tropics	0.1615425269306094	0.026189878802541804	11.390056365426803	0.01418276799937119	0.4811856918435451	-2216.354608989131	9	131.0	131.00086841715932	0.919012904307022	0.907065931357994	1.0	0.9767268645925893	False
27	2052-10-01	FGA	tropics	0.17070890412349152	0.034307561020527455	17.12210886367555	0.009970086365100122	0.5469740086080699	-2621.8404338162904	35	602.0	601.7174210534811	0.89513869922495	0.8906354772943395	1.0	0.9426805059170142	False
27	2053-04-01	FGA	tropics	0.16928261885272958	0.028819432987077172	14.854006056936754	0.011396428559666256	-0.7386744695799087	-1529.6612307551022	38	638.0	637.8148648095428	0.7078609235899037	0.6963865500399926	1.0	0.9404225810276265	False
28	2053-04-01	FGA	tropics	0.04901144675343338	0.00689963454441412	2.5185594488597305	0.019460111126470787	-0.5957081388764728	-120.99509034368998	23	1049.0	1049.0098108333025	0.7694900879550093	0.7510711944104892	0.9540229885057471	0.9352369950649071	False
27	2053-10-01	FGA	tropics	0.23011863552250453	0.053002474329577394	26.07496865022341	0.008825269882751436	-0.6022612234055932	-18931.954120143568	12	162.0	161.96524856532943	0.3580868622634097	0.34739171310394307	0.6153846153846154	0.5731302587219586	False
28	2053-10-01	FGA	tropics	0.08890164984688596	0.009537387224319228	3.508734384629422	0.025337241324488398	-0.5533747553719726	-49.330379861836086	43	1725.0	1725.2097381830865	0.853571121604305	0.84481230496541	1.0	0.9655797534774446	False
28	2054-04-01	FGA	tropics	0.0709613534412892	0.005097620610993996	3.566137126824842	0.019898660908889556	-0.10147832866213458	-396.3080365917548	17	547.0	546.9669028480581	0.9558869336874452	0.9519200381227099	1.0	0.970558620793025	False
29	2054-10-01	FGA	tropics	0.0017802388520630845	6.627286736370437e-06	0.10709520200218052	0.016622956199539525	0.8838549817154421	0.5947765404571153	23	517.0	516.7674439334054	0.9930262802564067	0.9845717730676931	1.0	1.0	True
1	2028-04-01	GARW	north	0.2613776664356324	0.07273172999069799	7.155692195832951	0.03652723723748811	0.9748934972052861	-350.43956238899966	16	702.0	701.9153169988376	0.9908137429541539	0.9906406431306921	1.0	1.0	False
1	2028-10-01	GARW	north	0.019967803946561894	0.0014117619683040904	0.4560878838220173	0.04378060600784143	0.08445922121536617	-0.8579289448046856	26	1043.0	1042.9632489360104	0.9702133158944353	0.9675850228816769	1.0	1.0	True
1	2029-04-01	GARW	north	0.01120725564129618	0.00019878040125984983	0.21619797639746025	0.05183793034534544	0.8719862649984155	0.6692145844842765	18	381.0	380.91559908649606	0.46864248608790693	0.46342291948067604	1.0	0.9706145651754712	True
2	2029-04-01	GARW	north	0.01784220291346246	0.0005372581195595316	0.23677795013114125	0.07535415735958699	0.7652331157729926	0.24970813515386503	18	1962.0	1961.9586765659124	0.8643849091510128	0.8647030720748646	0.9423076923076923	0.8801881688547027	True
3	2029-04-01	GARW	north	0.03352702897012135	0.0011656986330289508	1.696599810219393	0.01976130656632919	0.9979622252231852	-11.035879115301347	3	39.0	39.01074777731588	0.08258726411592654	0.06750941068524939	0.11363636363636363	0.08455357005436184	True
1	2029-10-01	GARW	north	0.02889262280256093	0.0015854682193297259	1.141090407425022	0.025320187265231553	-0.04312536269074721	-5.916518767821522	10	163.0	162.2332868891691	0.09975069478452774	0.06385399799178751	0.16666666666666666	0.10793401966888042	False
2	2029-10-01	GARW	north	0.060946833548689835	0.004782234360004043	0.7929024589176003	0.07686548687450033	0.05967405151377608	-2.4249463195445116	26	2299.0	2299.3064766714424	0.84327675232153	0.8596997519577481	0.9423076923076923	0.9104621798806631	False
3	2029-10-01	GARW	north	0.05192070376032347	0.004232727168230666	1.8283983471671492	0.028396822738746965	-0.9997117815746598	-12.366864901761248	5	66.0	65.73859945694453	0.10755627236388077	0.08958237472031168	0.2328767123287671	0.13220100916491273	False
2	2030-04-01	GARW	north	0.006918156445958701	6.420486849570544e-05	0.13455357261552175	0.05141562807646061	0.5960166092918356	-0.19930771973785455	7	251.0	250.98276345815634	0.7913348741026388	0.7883290047071495	0.8877551020408163	0.8517086159688394	True
3	2030-04-01	GARW	north	0.009286425196011352	8.623769292111448e-05	0.7448018318752215	0.012468316803988648			1	17.0	16.553375847588732	0.2328767123287671	0.10625923464104257	0.2328767123287671	0.10625923464104257	True
3	2031-04-01	GARW	north	0.014207777314809687	0.0009036410804374339	0.1147168312059828	0.12385085227204838	0.9416600605304943	0.5499944700103188	13	410.0	409.97055764017136	0.39386538794355047	0.4197137260915434	0.8	0.7808106684459352	True
4	2031-04-01	GARW	north	0.005282574915992981	3.946016217604523e-05	0.09304248627921356	0.05677594319803931	0.9926290602106276	0.8712951771308619	9	409.0	408.9074715432849	0.23504900969503817	0.22761348402138115	0.28125	0.2798038051589293	True
5	2031-04-01	GARW	north	0.004440689446006701	3.080966546100909e-05	0.06716426733042105	0.06611684490147571	0.9934987251049823	0.9100762327367028	11	981.0	980.9764434867895	0.48995413004592075	0.47700633471762366	0.6428571428571429	0.7125909533465177	True
3	2031-10-01	GARW	north	0.0016901163168710001	4.155850249942443e-06	0.041090435535752805	0.04113162332875321	0.9975143677692807	0.9941131222895085	16	486.0	485.8969693044951	0.34227665512596483	0.3334541161024458	0.8	0.794875909796738	True
4	2031-10-01	GARW	north	0.002721254129591875	9.925891366326625e-06	0.04933915371367022	0.05515404956850541	0.9988456833700206	0.9922520894850171	16	625.0	624.8734119477975	0.2454015409153103	0.24202369275509752	0.3392857142857143	0.2682999788359386	True
5	2031-10-01	GARW	north	0.0025405946516421337	8.25727318153906e-06	0.03690116974670877	0.06884862103507519	0.9991327978581171	0.9954512578141115	22	1647.0	1647.0133962774466	0.5956020867610522	0.5926258011026294	0.7916666666666666	0.7278794706853755	True
4	2032-04-01	GARW	north	0.011314730189815582	0.00018786486612697774	0.24067298608163828	0.0470128798999383	0.9999320845722457	-0.5630002505680289	4	91.0	90.87848770519858	0.2789086845989831	0.26790303732355214	0.3392857142857143	0.27602374400152446	True
5	2032-04-01	GARW	north	0.002933898029830883	1.2338432448638832e-05	0.06078556163770966	0.04826636376772037	0.9298704867448573	0.5695787188967929	8	300.0	300.0915397406002	0.7097731764789793	0.6814555403849342	0.7916666666666666	0.7539511615782016	True
6	2032-04-01	GARW	north	0.0007927065796817855	1.5751764771977122e-06	0.015653132253929516	0.05064204191354652	0.9953290599652225	0.9874699254034554	10	563.0	562.9566758893185	0.95123456955045	0.941221604578692	0.989247311827957	0.9662160141266756	True
6	2032-10-01	GARW	north	0.09396990259525909	0.012856752701040175	1.8825040515255087	0.04991750350768674	-0.9422497811571487	-12.982302512162834	22	1256.0	1256.0013051077508	0.9597338260946507	0.9514325045401996	1.0	0.999162901968635	False
6	2033-04-01	GARW	north	0.24435707358769873	0.06016919875981272	6.825037376159878	0.03580303815496271	-0.40104256491443824	-779.6253273592102	9	391.0	391.02917642543906	0.9651564951365591	0.961340677623014	1.0	0.9699157796888048	False
7	2033-04-01	GARW	north	0.1831257687791718	0.04243470729544567	3.621723614286549	0.05056315397917136	0.9646290436582946	-42.01639504999133	20	2078.0	2077.9774891627376	0.7399210896518921	0.7225652494769156	0.9	0.8077540432205519	False
8	2033-04-01	GARW	north	0.04553190557405306	0.004129969715880513	0.734226103242725	0.06201346611481183	0.9798508203467464	-4.672687169043344	13	710.0	710.0413128058351	0.26184852791207985	0.26766585482601984	0.5338983050847458	0.4505205110142409	False
9	2033-04-01	GARW	north	0.14784417458639534	0.023272900463590235	9.745737545798077	0.015170137087278641	0.9957921813618514	-292.7432901491765	3	41.0	41.000004447825816	0.07173329762879886	0.056581301698911034	0.09322033898305085	0.06812843170204065	False
7	2033-10-01	GARW	north	0.004863133479637666	3.8389329003009794e-05	0.08120029426639888	0.05989058935775381	0.9929001210554707	0.9750318103529125	24	2200.0	2199.925869086313	0.6922826023277072	0.6767760824051372	0.9	0.8093215242014525	True
8	2033-10-01	GARW	north	0.003800043560277668	2.0508228320144815e-05	0.06105112384804276	0.06224362994096617	0.9969812452829522	0.9853237882162712	19	844.0	843.9885645352264	0.34015427327319453	0.33088257766377527	0.6842105263157895	0.5601466156871713	True
9	2033-10-01	GARW	north	0.01118562996776205	0.00013146412329446535	0.5246824751325698	0.021318855684927942	0.9997136441874896	0.32747939759853384	4	53.0	52.66309112417705	0.08292618681383215	0.07187627755772388	0.11650485436893204	0.0994612617853806	True
7	2034-04-01	GARW	north	0.11356265887866135	0.012896477491591202	1.8783499043864844	0.060458734878661345			1	14.0	14.013082808474396	0.32558139534883723	0.35652719177241404	0.32558139534883723	0.35652719177241404	True
8	2034-04-01	GARW	north	0.09690015767691385	0.009595057099720621	1.7974343814114628	0.05391026158118858	0.9524725355630363	-384.76625615607514	3	52.0	51.91952431830203	0.6196980824153407	0.5258450023841533	0.6842105263157895	0.5299953767741498	True
9	2037-04-01	GARW	north	0.029522181193904668	0.001231237606879873	0.5053923673861188	0.05841437880550693	0.66482742896178	0.1491313061770142	6	73.0	72.47999894622991	0.0909572466158005	0.06996173893776793	0.17105263157894737	0.08903324485663076	True
10	2037-04-01	GARW	north	0.010839046104737867	0.0001768487580069997	0.23679106281880788	0.04577472635878951	0.9944387361378332	0.5425115183045968	14	851.0	850.9900940023688	0.507223075329067	0.5114045347758177	0.5657894736842105	0.5390425724181951	True
11	2037-04-01	GARW	north	0.011791914320900786	0.00019308024928384212	0.2053891094965485	0.05741255877590211	0.9959117763545807	0.529196883472385	13	664.0	663.9167786948532	0.39833346029833056	0.3982333948979996	0.5	0.43132322445424937	True
9	2037-10-01	GARW	north	0.005165136076496086	3.402976306695007e-05	0.14984995607879034	0.03446871932201491	0.9994691723770066	0.9167051403808588	5	63.0	62.52699203672195	0.0966486959389606	0.06859399675770954	0.17105263157894737	0.09551137313646717	True
10	2037-10-01	GARW	north	0.0047075560630643705	2.711097837790189e-05	0.10991269699540679	0.04282995679071634	0.9939604290551873	0.9746971256103935	20	1061.0	1060.967536162176	0.4874326513442583	0.4676085128874348	0.5657894736842105	0.5206204418771323	True
11	2037-10-01	GARW	north	0.004993940028952636	4.5410036527068175e-05	0.08458429637244966	0.05904098329272424	0.9873520594900658	0.9627240322826649	21	947.0	946.859599837488	0.45662508639947863	0.4479244338726887	0.6521739130434783	0.5788753579798805	True
10	2038-04-01	GARW	north	0.04335753439551001	0.0020104972369868897	1.0010560163704583	0.043311796429446554	0.607463642881995	-489.21087857323823	4	99.0	98.96894991616418	0.4364236078412908	0.4022047043477608	0.5405405405405406	0.42097539283604796	True
11	2038-04-01	GARW	north	0.037916512440209126	0.0014752840472824075	0.6187279297718475	0.06128139787416842	0.9888364298289443	-8.966608326232523	6	164.0	163.97989410420092	0.5727235807076182	0.5500662366550714	0.6521739130434783	0.5733078528928144	True
12	2038-04-01	GARW	north	0.0036827742965374628	1.3562826519237003e-05	0.3725382726871059	0.009885626703462538			1	11.0	10.784573717451796	0.8461538461538461	0.9130741239614736	0.8461538461538461	0.9130741239614736	True
12	2039-04-01	GARW	north	0.036593738777383776	0.001339101717707401	1.0	0.036593738777383776			1	11.0	10.915616188467181	0.10185185185185185	0.06560602597164493	0.10185185185185185	0.06560602597164493	False
13	2039-04-01	GARW	north	0.04688859124487213	0.0029944914094947334	1.0346226467066049	0.045319509865869634	0.9833208820257691	-17.428753043199265	9	544.0	543.9506308782077	0.8459733480716435	0.8393593517321307	0.9104477611940298	0.8859970228178214	False
12	2039-10-01	GARW	north	0.06453424681289852	0.0041646690117081026	132.0533787850903	0.0004886981871014788			1	11.0	10.934568769049736	0.10185185185185185	0.0842397968872335	0.10185185185185185	0.0842397968872335	False
13	2039-10-01	GARW	north	0.14958369248647138	0.03338990150132507	3.4080817664302194	0.04389087549479547	-0.8473491621168948	-37.64755846650611	21	1314.0	1313.9495300145925	0.8926734282383352	0.8910972588697292	1.0	0.9381237494136827	False
13	2040-04-01	GARW	north	0.17360045215637063	0.03614648194662089	2.0522688945588796	0.08458952558148322	0.23566939473910314	-75.42137292893169	12	491.0	490.8903151690463	0.7632143951240757	0.740299978546691	1.0	0.9295488164610081	False
14	2040-04-01	GARW	north	0.0034800663885175	2.1703594636412584e-05	0.5291041818594004	0.006577280066635842	-0.0	-1.2625038780906	2	22.0	21.878180884778345	0.1772053083528493	0.1657575468207408	0.19047619047619047	0.17684353224190852	False
15	2040-04-01	GARW	north	0.13022948701235681	0.020363368361711234	2.936492412035702	0.04434865436007586	0.9888750192440311	-1054.0876367598842	6	148.0	147.9321225606297	0.4900434298153471	0.47297568307297766	0.6349206349206349	0.6188832617178759	False
16	2040-04-01	GARW	north	0.29012589765702207	0.08417303649129285	8.311927485317474	0.03490476765702206			1	16.0	16.074981135280453	0.2318840579710145	0.16993356571071902	0.2318840579710145	0.16993356571071902	False
13	2040-10-01	GARW	north	0.00624343260381201	4.78515548467416e-05	0.40924256281086663	0.0152560685793023	-0.02680043224938905	-0.03007946228453573	3	36.0	35.916663946256314	0.27066846988443566	0.26251580181725814	0.4230769230769231	0.38443794757965527	True
14	2040-10-01	GARW	north	0.007833912085474511	0.00011229237244203435	0.42646703887530857	0.01836932604717667	-0.8887630395519313	-1.7005664610956548	4	42.0	42.17438489263684	0.2295340267254443	0.18606033029461838	0.4166666666666667	0.22883500145142466	True
15	2040-10-01	GARW	north	0.04710836996162322	0.0034174109889741327	1.363090128135811	0.03455998175707542	-0.288571361540775	-8.495625833932891	22	669.0	668.8629898469427	0.47776611393935636	0.4350715482721231	0.7142857142857143	0.487279972664251	True
16	2040-10-01	GARW	north	0.046680389502559025	0.0035281267580178004	1.2840525839536239	0.03635395472577078	-0.1383055110387618	-25.69806527690565	26	809.0	808.9998640766596	0.5956081442786002	0.5795583613629156	0.9090909090909091	0.9076299555541548	True
15	2041-04-01	GARW	north	0.00966482491987985	0.00012443023126484	0.3724414213999077	0.02594991954319248	0.793343701306924	0.4525940576557469	36	1301.0	1301.0291772811913	0.29658053779308485	0.27630167737174216	0.7142857142857143	0.5718392554689848	True
16	2041-04-01	GARW	north	0.008547571262810956	0.00016023056875959837	0.08904390221426403	0.0959927749150431	0.8617188414107276	0.7207131690067925	48	4370.0	4369.968674391046	0.662008587364398	0.6546408094901666	0.9604743083003953	0.9013012539563632	True
17	2041-04-01	GARW	north	0.030124794388445036	0.0009603387619677356	1.1077028842673489	0.027195735261057865	0.6934734519360882	-13.796986015961632	12	780.0	780.003293090424	0.3691831547085534	0.37344827469640435	0.7085714285714285	0.6434439037581342	True
15	2041-10-01	GARW	north	0.021774081057732774	0.0007034652212465272	0.27960892183769837	0.07787334150364396	0.4883523690840254	0.08168700746387048	24	914.0	913.7779130365814	0.19932854012632628	0.1883615077659605	0.3941176470588235	0.22562847935158575	True
16	2041-10-01	GARW	north	0.012972214967150477	0.0002955525037937537	0.3801069307851945	0.03412780435324742	0.8362573551075827	0.21033557443789885	23	3444.0	3443.946166465733	0.6502408732129465	0.6355726355680766	0.9604743083003953	0.9628302829320892	True
17	2041-10-01	GARW	north	0.01163077787721165	0.00030770344178465605	0.2724250728556837	0.042693492765891704	0.9276924215577904	0.38910200698900843	24	1345.0	1345.0250944796335	0.6278581582310983	0.6049643615307846	1.0	0.9439929980157851	True
15	2042-04-01	GARW	north	0.015354146127989361	0.0002357498033196507	0.3284873285418422	0.046741973872010636			1	13.0	12.591843350337346	0.15294117647058825	0.12352826483762634	0.15294117647058825	0.12352826483762634	True
17	2042-04-01	GARW	north	0.0028848311645004424	1.3039360978757653e-05	0.06867393674923213	0.04200765677719355	0.9932103832301937	0.7699624397957481	10	381.0	381.07345440289544	0.9097098150687322	0.8926496313066294	1.0	0.9641234501150651	True
18	2042-04-01	GARW	north	0.02717484828698577	0.0007384723794206934	11.461655471222251	0.0023709357130142295			1	14.0	13.995245952781504	0.3888888888888889	0.309325791490599	0.3888888888888889	0.309325791490599	True
19	2042-04-01	GARW	north	0.013571939658095786	0.0002534464099859372	0.4253140222271512	0.03191039784445974	0.9927601148086239	-1.8584558215601445	6	111.0	110.88948475254088	0.5898389941400694	0.577931014482493	0.6774193548387096	0.5938085955560585	True
18	2042-10-01	GARW	north	0.0016979731587206256	4.797875260486217e-06	0.18492650382116602	0.009181881037250659	0.9999209819667378	0.9084312870758844	3	41.0	40.83438907957908	0.3346114666820427	0.27544736789539376	0.3888888888888889	0.2788801124932834	True
19	2042-10-01	GARW	north	0.0014085718968413028	2.8128368135387185e-06	0.04686928445872632	0.030053198232239047	0.9959072967210819	0.9902538522506015	18	341.0	340.95736758497026	0.6824533295784302	0.681445650457026	0.9285714285714286	0.8186127364863168	True
18	2043-04-01	GARW	north	0.006186770767853394	3.827613253396527e-05	1.113661099892419	0.005555344232146605			1	13.0	12.961852794301866	0.3170731707317073	0.24104559413178092	0.3170731707317073	0.24104559413178092	True
19	2043-04-01	GARW	north	0.03692966858999996	0.004390555970141308	0.22932551162081158	0.16103602398612743	-0.4028472633558057	-1.2354943440058888	18	380.0	379.787193506322	0.4534349226243385	0.4279004601109522	0.9285714285714286	0.7591400516958954	True
20	2043-04-01	GARW	north	0.006876099031357854	0.00016576539551132813	0.05292323342653613	0.12992590562144532	0.9911633436189817	0.9485286854490488	23	3295.0	3294.8975924858664	0.5163974618804906	0.5164315920357843	0.8823529411764706	0.6682796994132361	True
21	2043-04-01	GARW	north	0.0025645306249388227	9.326848981616227e-06	0.03489686810627484	0.07348884768480676	0.9993893631296838	0.9958116224678853	16	4615.0	4615.003909160157	0.5030661680410152	0.4777308424306759	0.7228070175438597	0.755682431788434	True
19	2043-10-01	GARW	north	0.07549879973750181	0.0075904580293085725	1.1808244373502201	0.06393736219325012	0.8608282357900345	-4.016778503316759	14	565.0	564.8782176701221	0.08801463949350553	0.08703384546953784	0.18796992481203006	0.12517791043286836	False
20	2043-10-01	GARW	north	0.14328008511043827	0.023489982224418452	2.59063055359744	0.05530703129841287	0.4759545873716948	-14.178139220706438	26	3350.0	3350.0070188876402	0.5000116075542869	0.5018782020970887	0.8823529411764706	0.7739186249433824	False
21	2043-10-01	GARW	north	0.168200077087097	0.03444430792724201	1.6362001057387023	0.10279920927590881	0.10601316050828888	-7.69822655714175	20	4710.0	4710.005839894483	0.5188228364606089	0.5123709355921137	0.7228070175438597	0.6697559264721008	False
23	2045-04-01	GARW	north	0.012420854123550366	0.00023301831346383742	0.22287526966362445	0.05573006885105108	0.9852212896738052	0.8466911750368059	20	3465.0	3464.8509254356327	0.969978121990415	0.9659908585104044	1.0	0.9983815638453468	True
23	2045-10-01	GARW	north	0.058394544282380646	0.00563562827672844	0.9155586122701598	0.06378023591257508	0.9524720165996199	-1.703274048336548	24	3558.0	3557.739149455882	0.9749817683253458	0.972285049050476	1.0	1.0	False
25	2048-10-01	GARW	north	0.03864930087438966	0.0020802481720898387	1.0279818555513187	0.037597259782043126	-0.25853899609512376	-3.7703560388862734	21	503.0	502.9179223841199	1.0	0.9905634316215417	1.0	1.0	True
25	2049-04-01	GARW	north	0.1667297964674122	0.0361292276917456	4.593949924959794	0.036293342154545015	0.5582969793507676	-67.53301391711304	33	2192.0	2191.974144487748	0.9422795240281441	0.9360732100887947	1.0	0.9999492271800029	False
26	2049-04-01	GARW	north	0.057376399117113716	0.003702517029309947	1.3287596980156868	0.04318041795126477	0.9587772889026108	-12.867994231947339	8	267.0	266.9824689758409	0.20160310260782296	0.19894083665461354	0.35772357723577236	0.29787774981044574	False
25	2049-10-01	GARW	north	0.0031212421043507344	1.2419352983441451e-05	0.06126472555398041	0.050946806275996535	0.9949880048734916	0.9875348578923704	27	2125.0	2124.972999035297	0.8310185464956605	0.8170751871498863	1.0	1.0	True
26	2049-10-01	GARW	north	0.008423329391591464	8.51409963565442e-05	0.17077275077801346	0.04932478602831024	0.9827820674987325	0.8746371782982119	16	458.0	457.94685178157806	0.35477691945935497	0.3550573096523222	0.7058823529411765	0.6062041212627547	True
25	2050-04-01	GARW	north	0.002549046222860417	1.0931099129547301e-05	0.044735379810691894	0.05698054277503165	0.9281068010491476	0.4778332198212496	4	106.0	105.80265281763461	0.5240289664252797	0.4923594415483165	0.5714285714285714	0.5686146624799774	True
26	2050-04-01	GARW	north	0.005716071505221042	5.026589110180048e-05	0.17551224903183896	0.03256793492620628	0.9637399532392206	0.6644099475902661	8	143.0	142.77266108974763	0.560849997507878	0.553529922303039	0.7058823529411765	0.6663744428235766	True
26	2051-10-01	GARW	north	0.002926569587598123	8.890705104358332e-06	0.3407002623953541	0.008589865963185212	1.0	-72.4169348192298	2	25.0	24.950795335552648	0.5157342657342657	0.3357727190589046	0.5769230769230769	0.33853918120759285	True
27	2051-10-01	GARW	north	0.005226067367307641	3.416243623572125e-05	0.2667183108352024	0.019593957951153484	0.9933500950173211	0.6870051108192856	10	156.0	155.9001096671988	0.7050263625263625	0.6756599867135443	0.875	0.7067605482132496	True
27	2052-04-01	GARW	north	0.0022525028282204696	7.047037869870374e-06	0.05266043916738478	0.04277409880803949	0.9978122815300372	0.9840604792593299	18	1001.0	1001.0001758797886	0.9287861677932803	0.9359782842570552	1.0	1.0	True
27	2052-10-01	GARW	north	0.02088090773163819	0.0019141812700960309	0.4547772639319567	0.04591458146149182	0.2210739152393018	-0.8907851824000446	26	1422.0	1421.9679035698043	0.9656756243407696	0.9630163047657512	1.0	0.9975171535985992	True
27	2053-04-01	GARW	north	0.009864894580051554	0.00014425861794953646	0.20458493347664802	0.048219066831612825	0.480263533877564	-0.9888568847901322	9	293.0	292.96124732473726	0.9707279076013968	0.9622051602780117	1.0	0.9880385838421343	True
28	2053-04-01	GARW	north	0.01138376578118912	0.0002531543092781851	0.2825060250086918	0.0402956566354253	0.9843426254123683	0.22015639300948187	18	1264.0	1263.9849747837502	0.9641216543490034	0.9683094882312842	1.0	1.0	True
28	2053-10-01	GARW	north	0.11061612455217604	0.018982550011086834	2.3594080995190723	0.0468829977207942	-0.47492966894658767	-19.266492206250216	26	1578.0	1577.9330648525374	0.9742870194444151	0.981147306905829	1.0	0.999413301703749	False
28	2054-04-01	GARW	north	0.011718385748391583	0.00014592978416904797	0.26908312285176267	0.04354931526064983	0.3869017739330146	-13.671858965498963	6	168.0	167.99541496178435	0.9962121212121212	0.927777281059809	1.0	0.9726583606393443	True
0	2026-10-01	GARW	south	0.18422687807179566	0.056422935195789566	5.7371227536510245	0.03211137114933723	0.16895807848007077	-128.06126546093904	42	2958.0	2957.9623435879075	0.998114906265806	0.9976818637790091	1.0	1.0	False
0	2027-04-01	GARW	south	0.27282873481028086	0.09004442422822732	5.563830042098624	0.04903613747111736	-0.6163483334040359	-110.63880089390476	30	2327.0	2326.790653525728	0.9891071049508359	0.9923350815848687	1.0	1.0	False
0	2027-10-01	GARW	south	0.4193402075228711	0.19380313918180225	8.725079385245547	0.04806147761039194	-0.998854013459227	-10487.742870043185	5	140.0	139.84825768389885	0.95588282247765	0.9907683605272017	1.0	0.9988567582836811	False
1	2028-10-01	GARW	south	0.04401258798741711	0.004051358159284795	0.49904246298964294	0.08819407415502946	0.8010642842059919	-1.7956577464260004	25	1612.0	1612.0488572097045	0.6369526187059329	0.6482630208627181	1.0	1.0	True
2	2028-10-01	GARW	south	0.04490258705716946	0.004138740651117333	0.45674062898784834	0.09831091041030225	0.7902919740131723	-2.1061539712467208	15	2005.0	2005.120998046702	0.5598425473965475	0.5305988518927011	0.7457627118644068	0.8576029903899696	True
1	2029-04-01	GARW	south	0.06867295486539503	0.007421201142953057	0.905149573993032	0.07586917879488908	0.6779775819608572	-4.744472377391905	21	1578.0	1578.1931252354402	0.5305046992586449	0.5290438920370824	0.9090909090909091	0.8714426390292228	False
2	2029-04-01	GARW	south	0.10674150650902023	0.01799494988551211	1.072084199210362	0.09956448065146388	-0.4596901821796331	-6.790180487684613	20	2154.0	2154.1568446494425	0.6156005546484078	0.597240942399508	0.8787878787878788	0.7804040529098805	False
2	2029-10-01	GARW	south	0.3213631431013901	0.10425310854106817	5.4353207800048695	0.059124963568590365	0.7669311902127284	-149.10030919106325	3	66.0	65.85065117694788	0.7978312537136066	0.7830540837898398	0.8787878787878788	0.7878658854282823	False
3	2030-10-01	GARW	south	0.0022802357191221687	8.959037661461925e-06	0.05799519206612149	0.03931766820467507	0.984606350826147	0.9241516234357706	11	415.0	415.02375299864644	0.9905342889801364	0.9903147914119267	1.0	0.9947125432473944	True
3	2031-04-01	GARW	south	0.0016985324305084336	4.273815747480187e-06	0.042848036865034154	0.03964084599391552	0.9980832501725523	0.9919284206673609	20	779.0	778.946761491664	0.9756631221953216	0.9800483209677348	1.0	0.9975300065514406	True
3	2031-10-01	GARW	south	0.0019569544916509993	5.317896438927269e-06	0.056617853068883776	0.03456426525516752	0.9893948220815691	0.9096211421705058	6	182.0	181.91054717050997	0.954313837647171	0.9474085398475678	1.0	0.9829339833305203	True
4	2031-10-01	GARW	south	0.004750214663221084	3.3057916453287836e-05	0.1040017354513191	0.04567437882269333	0.996678817239885	0.9637471792683495	19	824.0	824.0268518454943	0.28250175613971823	0.27550603654048067	0.45	0.39088855740760325	True
5	2031-10-01	GARW	south	0.0028787831051726395	1.0360287625862913e-05	0.053681377397901034	0.0536272212956518	0.9990686232925153	0.9917431078992194	19	2352.0	2352.0356706853354	0.7122873221533492	0.7144848886823544	0.7818181818181819	0.7624308911316865	True
4	2032-04-01	GARW	south	0.0031234386063483093	1.6812622150917503e-05	0.05531885220056361	0.05646246229086595	0.9942357713089622	0.9856249797129502	20	835.0	834.828536807742	0.2821266683327323	0.2880938718215675	0.45	0.37235393988097265	True
5	2032-04-01	GARW	south	0.003394694058645052	1.4619919420858883e-05	0.061070760624692966	0.05558624166328891	0.9969299464859099	0.990439718844347	22	2426.0	2425.9778820283777	0.7134643463118931	0.6968921620451782	0.7906976744186046	0.783908608734426	True
5	2032-10-01	GARW	south	0.0014033645444446602	1.9694320446043685e-06	0.02676978844579062	0.05242344545555534			1	11.0	10.758505031592028	0.6470588235294118	0.7514574396252032	0.6470588235294118	0.7514574396252032	True
6	2032-10-01	GARW	south	0.021940408927484938	0.0009529957504839871	0.7730840864542198	0.02838036548923866	0.6506596384881226	-2.758197573153325	10	167.0	166.81631688955065	0.4295669859505337	0.40855998833627316	0.9230769230769231	0.7294344477654495	True
7	2032-10-01	GARW	south	0.009392817614088573	0.00012479815518417635	0.18995368234862758	0.04944793645458085	0.5886960131494097	-0.7370298198542029	8	288.0	287.84329416052617	0.6601566521772174	0.6341995808211269	0.7538461538461538	0.8421553643762346	True
6	2033-04-01	GARW	south	0.005164887518559722	3.0466631618217912e-05	0.21467833506772913	0.024058727290437787	0.9870976585933391	0.8472848424419688	12	190.0	190.0143453521009	0.3818095779288306	0.41713677405109334	0.9230769230769231	0.68295465177799	True
7	2033-04-01	GARW	south	0.005025228530216292	4.437977065607652e-05	0.11022828482151076	0.04558928353419895	0.9831703174049103	0.9389835914309302	25	896.0	895.9840596452187	0.8451240331244457	0.8117688603669951	1.0	0.9934404629183823	True
7	2033-10-01	GARW	south	0.012034285242612484	0.00022888742357521106	0.25978714458517477	0.046323636459489545	0.8053358673390166	0.5985218287382956	30	784.0	784.1361506210084	0.5376838107847665	0.5365960823654343	1.0	0.9621260987687424	True
8	2033-10-01	GARW	south	0.015229650874178283	0.00033561856533401364	0.31339627428663014	0.048595507106282146	0.9763155318106149	0.5366279182493954	17	1403.0	1402.9260983402762	0.5125820655979136	0.5050283401946882	0.5777777777777777	0.5442576207071933	True
9	2033-10-01	GARW	south	0.014397173486480012	0.0002887928625803475	0.2755384880242191	0.05225104336500002	0.9868118443682372	0.5348644104034664	14	853.0	853.0580866035328	0.3212686068798009	0.31995518986141847	0.4591194968553459	0.4456417861110348	True
7	2034-04-01	GARW	south	0.044902636256713535	0.0034141155378224217	1.06341160488931	0.042225076395877234	0.4436278400690243	-4.810619279081704	16	391.0	391.11599164358853	0.18081065465114152	0.16832877403233526	0.3484848484848485	0.33942817825071453	False
8	2034-04-01	GARW	south	0.06729333629913095	0.006228656804961273	1.2027173285467285	0.05595108235485645	-0.22745635846222015	-3.2383430149287005	23	1611.0	1610.9584735740061	0.513641734707898	0.5312817033583233	0.5777777777777777	0.5811524932312487	False
9	2034-04-01	GARW	south	0.07813311527168301	0.008944896478108508	1.58857223229806	0.04918449012460334	-0.7253545802586399	-7.182030070930409	20	1038.0	1037.9663132313913	0.3568768383130182	0.33977293300331396	0.5	0.49065117661359875	False
8	2034-10-01	GARW	south	0.007053410179023584	6.0373723582554916e-05	0.13283930178420408	0.05309731445654364	0.9979855992780804	-0.4676360376140165	3	68.0	67.71364505341323	0.5490866856720514	0.5677077250093518	0.5714285714285714	0.573700233967898	True
9	2034-10-01	GARW	south	0.006445692311534491	5.7930191450694615e-05	0.13211906407533971	0.04878699646145611	-0.9625436702574107	-8.568491651769792	3	51.0	50.724762593589816	0.41062717770034846	0.39592070370303384	0.43902439024390244	0.4089139707560781	True
10	2037-10-01	GARW	south	0.010463314505298296	0.00020180747590294487	0.3204240562649865	0.03265458476265363	0.9339607111901279	0.4806526975547162	16	502.0	501.9816110217848	0.2910705613495565	0.28793258070055605	0.5652173913043478	0.44085359222706744	True
11	2037-10-01	GARW	south	0.014036399481708461	0.0002791819992470367	0.29224253533653316	0.04802996752524332	0.9942948696918114	0.4527460096184006	15	1203.0	1202.977276515521	0.6251855393541167	0.6080238820357435	0.7115384615384616	0.6322169342829119	True
12	2037-10-01	GARW	south	0.022304237806262388	0.0006414148463836493	0.4792112570745098	0.04654364328255843	0.9976638087591493	-1.6876696745957447	7	169.0	168.75768248755003	0.14602122806998089	0.14212065449653621	0.2692307692307692	0.19989920068955858	True
10	2038-04-01	GARW	south	0.06109114707215952	0.0065677775716337225	1.267819349445334	0.048186003075979755	-0.0790757754853941	-7.189252405684629	19	551.0	550.842686506683	0.27657252523339	0.28899804368145243	0.5652173913043478	0.42388943213313063	False
11	2038-04-01	GARW	south	0.05591741761558632	0.0039013959877256905	1.0421398862069378	0.05365634532913636	-0.16463991206111322	-2.332964764335923	22	1459.0	1458.9308114521407	0.6077963360485219	0.5599738241858577	0.7115384615384616	0.6221221024492269	False
12	2038-04-01	GARW	south	0.10855478291975519	0.016458133818282056	1.4929228737486244	0.07271292096100167	-0.7787852048856972	-16.704347235615987	13	279.0	278.8431921761359	0.2228825799069101	0.2629335745578562	0.5555555555555556	0.5369521146105699	False
10	2038-10-01	GARW	south	0.006390202304082215	4.0834685487097656e-05	0.13821000538049047	0.046235453695917784			1	12.0	11.969180497975099	0.2608695652173913	0.1533155946968847	0.2608695652173913	0.1533155946968847	True
11	2038-10-01	GARW	south	0.009793491647216207	0.00010615160270923707	0.15045193059230172	0.06509382504206508	0.9929369476814947	-1.7149023772995782	4	83.0	83.00330757990181	0.5517925914665045	0.4531656752475568	0.5833333333333334	0.5425671128308793	True
12	2038-10-01	GARW	south	0.01175403827676272	0.0002104839816612856	0.37643187220780583	0.03122487532159341	0.9963520128945332	-0.22305029536922927	3	38.0	38.005559403110276	0.3667398623920363	0.41226564510631797	0.5555555555555556	0.5607202820784506	True
13	2039-10-01	GARW	south	0.10996086066750045	0.03484057287100854	2.4282439531247704	0.04528410768860271	0.5293342432531813	-73.4118388071343	16	1599.0	1599.0303342117436	0.9622820493635196	0.9707818902996215	1.0	0.9955495604931947	False
13	2040-04-01	GARW	south	0.07034943109393701	0.007589044833022738	1.483029675403492	0.047436293595943625	-0.27296908483859783	-5.713787129143508	23	2022.0	2022.0563873443502	0.9589860739548061	0.9447983885051403	1.0	0.9894926428765947	False
13	2040-10-01	GARW	south	0.00405939676657501	1.7627023968541005e-05	0.08924572716862178	0.045485614778006625	0.9873185904402161	-0.2813745096623861	4	155.0	155.00971285868883	0.9663596885294998	0.8917430526403852	1.0	0.8940642232440417	True
15	2040-10-01	GARW	south	0.047767031311506926	0.0024951432642182146	0.7233346690494673	0.06603724853155109	0.026238998201546376	-1.8061384811032486	14	443.0	442.9833572567634	0.1378494643523457	0.12315723273660602	0.3	0.29700420159205626	True
16	2040-10-01	GARW	south	0.023440165931043692	0.0009518641545537822	0.32131555138624357	0.07295061141583835	0.8981550390110346	0.5081847254788392	16	3433.0	3433.002460702036	0.8293928488837238	0.8224272172646616	0.9139240506329114	0.970654618739794	True
14	2041-04-01	GARW	south	0.027755084171769785	0.0007703446973820257	0.7014483949676555	0.039568248171769786			1	11.0	10.99058180101773	0.03459119496855346	0.019521768228241004	0.03459119496855346	0.019521768228241004	True
15	2041-04-01	GARW	south	0.005208497624937604	3.457842536349658e-05	0.13541443981575205	0.03846338420056534	0.9672577348018808	0.9319536002838538	21	620.0	619.9223389948928	0.22308155988492812	0.21870730752781764	0.5849056603773585	0.5533465528861354	True
16	2041-04-01	GARW	south	0.0049253519226750975	2.879442467085292e-05	0.06863787639120997	0.07175851267021217	0.998428053160794	0.989317347427589	23	3792.0	3791.978621671384	0.7598209561806781	0.7564707605999277	0.9139240506329114	0.9053646333144761	True
15	2041-10-01	GARW	south	0.005652610130481527	4.884178327469003e-05	0.15667692568714178	0.03607812768658013	0.8988261895038765	0.18674605713454906	5	109.0	108.78908362908152	0.45418351302785265	0.4459259820275346	0.5849056603773585	0.5282086165039974	True
16	2041-10-01	GARW	south	0.002106892438231869	4.635442085693498e-06	0.03556294544865027	0.059244036500689594	-0.21477674966170243	-6.552735196496191	5	147.0	146.93634184448075	0.5395664869721474	0.548129100159499	0.6785714285714286	0.6363599359718107	True
17	2041-10-01	GARW	south	0.015276709894772571	0.0003797203733396897	0.2969777387303676	0.05144058931852337	0.9839112853599282	0.687601485220878	20	3117.0	3116.9963634590754	0.9744280131974655	0.9678951112362159	1.0	0.9886422709280465	True
17	2042-04-01	GARW	south	0.01410576557757286	0.00028335739768476845	0.22040376579938958	0.06399965774818865	0.9700535434118949	0.8555528640717133	27	3292.0	3291.9545004313877	0.9741839405265744	0.9625932304682242	1.0	0.9867968476635544	True
17	2042-10-01	GARW	south	0.0062754367937997695	4.997866297008274e-05	0.10040669414203811	0.06250018335353578	0.27344835537700635	-3.515751175695099	4	65.0	64.96183679682895	0.9622222222222222	0.9629209055630665	1.0	0.9743256230833618	True
18	2042-10-01	GARW	south	0.0013891574012708176	3.295706039647044e-06	0.03382984765536326	0.04106306996775925	0.9992832369596742	0.9953034865996361	17	1248.0	1247.9843651718973	0.602096710431648	0.5929382171551945	0.9333333333333333	0.8345338848522316	True
20	2042-10-01	GARW	south	0.0010281806786794944	1.6225194522956592e-06	0.015422716432385759	0.06666663964076035	0.9996751217262944	0.9977456978169701	13	1272.0	1272.0571471545095	0.45737642538176043	0.44640657918682464	0.7230769230769231	0.7226514734376924	True
18	2043-04-01	GARW	south	0.0013730953639898421	2.843042236720294e-06	0.02215823043202148	0.061967735564548675	0.9995377584321864	0.997829117775353	21	1341.0	1340.9817538062941	0.5231122253764448	0.538135662269909	0.9333333333333333	0.8263478572678079	True
20	2043-04-01	GARW	south	0.00277202973397714	1.0407789580963868e-05	0.038647490110688354	0.0717259963334723	0.9972118429904268	0.9939514440531166	20	1722.0	1722.0426577498138	0.5787604247529606	0.5667219860824902	0.8823529411764706	0.8475015309894718	True
21	2043-04-01	GARW	south	0.0066105733083806455	5.204573314705201e-05	0.13973917339614558	0.04730651504313954	-1.0	-0.6383961494341017	2	39.0	38.976975686953544	1.0	0.9636168651084509	1.0	0.9879275069099664	True
18	2043-10-01	GARW	south	0.009227533933205396	8.716155647007103e-05	0.16560203678569724	0.055721137929883015	-0.9926452387877245	-104.92634359735409	3	37.0	37.017890459632525	0.18302808302808304	0.17919534702038467	0.23809523809523808	0.19301609291309849	True
20	2043-10-01	GARW	south	0.005183660420644665	3.002477164151308e-05	0.10588610766192752	0.04895505685405891	0.9724040078213354	-0.9753447877892227	5	223.0	223.10095716486293	0.8151702219349278	0.7975516044493497	0.8823529411764706	0.8243145043259145	True
21	2043-10-01	GARW	south	0.003312799141535774	1.6266921197891124e-05	0.054096614650480004	0.061238566644879304	0.9963777603109413	0.9916424280544439	25	4866.0	4866.00180099222	0.9942149708426347	0.9730554584088885	1.0	1.0	True
21	2044-04-01	GARW	south	0.30107150617899	0.1101198049558499	4.467290566674182	0.06739465492237555	0.847991581954624	-54.87380402469737	21	4737.0	4737.147363989375	0.9931130605269464	0.970244582872666	1.0	1.0	False
22	2044-10-01	GARW	south	0.17460163898422293	0.04923009629008246	4.029874237355833	0.04332682081383916	0.8129340313734562	-99.03229822391818	14	993.0	992.966521065473	0.6977366820098266	0.6760752419099795	0.9428571428571428	0.8886719916576354	False
23	2044-10-01	GARW	south	0.052554213107563516	0.0029796804340234103	0.7713814879138137	0.0681299900645728	0.9964672633827799	-10.905735332658367	9	751.0	750.7869017275387	0.41192242314983085	0.4041852721382708	0.5991379310344828	0.6515055540718961	False
22	2045-04-01	GARW	south	0.0008819100392228173	1.4756748281414548e-06	0.01566921570620991	0.05628297266169519	0.999388260486584	0.9987297001741351	20	1265.0	1264.8639835716108	0.5742407861357223	0.5746601197988312	0.9428571428571428	0.8864287611606988	True
23	2045-04-01	GARW	south	0.0041683545365522635	2.2405173522639013e-05	0.0619241389187314	0.06731388775583572	0.9983978179435231	0.9853853339847553	22	1567.0	1566.9663254310906	0.6337020757585159	0.6265532446402345	0.9565217391304348	0.9532814811166309	True
22	2045-10-01	GARW	south	0.4314399060005978	0.19281153750974012	8.047372083688284	0.05361252114527052	-0.9953944395200487	-11338.783527280759	3	85.0	85.23533879583641	0.2473188524143938	0.23865571800574323	0.2692307692307692	0.26542846402608333	False
23	2045-10-01	GARW	south	0.4549100666998835	0.21324811825342094	9.561309196140408	0.047578219401535095	-0.7484703553131006	-3036.3904788930477	10	421.0	420.7509677461937	0.8208689475672563	0.8376128599101719	0.9565217391304348	0.9217213786051008	False
24	2046-10-01	GARW	south	0.09281415564288821	0.011665574969282052	1.7575702309391192	0.05280822012631324	0.9969582977749174	-27.337265911347142	13	1089.0	1088.9551642913048	0.9247107487450683	0.9344269417180968	1.0	0.9788899759635274	False
25	2046-10-01	GARW	south	0.17502480600888257	0.030633682718446974	19.634963256912947	0.008913936008882573			1	13.0	13.014181154704605	0.08609271523178808	0.07525673291963747	0.08609271523178808	0.07525673291963747	False
24	2047-04-01	GARW	south	0.1855123878798989	0.04792821467349967	3.5259267103857534	0.052613795781252345	-0.8841187812069288	-36.90815809284614	23	1725.0	1724.7651935282056	0.92254367703174	0.9164112706967193	1.0	0.9665652769600466	False
25	2047-04-01	GARW	south	0.13033736801061452	0.01698782949993436	13.004772585363249	0.010022271989385498			1	13.0	12.944145735307824	0.08609271523178808	0.07451972024733128	0.08609271523178808	0.07451972024733128	False
24	2047-10-01	GARW	south	0.4914305529409011	0.25398357652422154	10.164542470441223	0.048347533041452194	-0.9726930609515583	-3002.304182292875	8	406.0	405.8410968181481	0.9159451810267027	0.900389318339587	1.0	0.9389735370944428	False
25	2048-10-01	GARW	south	0.13758644056889902	0.03629292475104044	3.137040349459348	0.04385867736531068	0.8312433241600394	-175.56385782619668	13	624.0	623.7764060562415	1.0	0.9933086482273067	1.0	1.0	False
25	2049-04-01	GARW	south	0.26250199538184243	0.09680142381682096	6.186904671094353	0.04242864717283749	-0.9000559478448215	-114.07027797475052	24	1070.0	1069.7678984642826	1.0	0.9975742947516321	1.0	1.0	False
25	2049-10-01	GARW	south	0.01915034307863758	0.0013389047825953801	0.1460662773212254	0.1311072167364313	0.11963466127134276	-0.19697967759114143	13	365.0	365.00850442239584	0.7244288365842839	0.715545386031949	1.0	1.0	True
26	2049-10-01	GARW	south	0.012672609438700098	0.00026773478673159604	0.23435054394630644	0.054075442818701545	0.9833427629841233	0.6155134422438652	16	1861.0	1861.0142948940954	0.8899865594664083	0.8575853459856878	0.9485981308411215	0.9565164447200101	True
27	2049-10-01	GARW	south	0.027405927600492933	0.0007510848676434604	4.304748134086548	0.006366441600492934			1	12.0	11.81214136425358	0.06451612903225806	0.05027457704666754	0.06451612903225806	0.05027457704666754	True
25	2050-04-01	GARW	south	0.06546821742616457	0.004874852615841264	1.3616589597319626	0.04807974636986323	0.7493632681866611	-6.529046819291445	4	52.0	51.31036706376749	0.10439371889892296	0.06738631619641142	0.2033898305084746	0.15503207872234553	False
26	2050-04-01	GARW	south	0.0903907139167758	0.013730913171360574	1.5530710051576195	0.05820127580554641	-0.7488372345827522	-7.541932235060047	23	2245.0	2245.062839776656	0.8831494668379658	0.8779631950564719	0.9485981308411215	0.9606186982050683	False
27	2050-04-01	GARW	south	0.06261461926066761	0.003920590545158367	2.4554522261775955	0.02550023926066761			1	12.0	11.863627845875309	0.06451612903225806	0.040166743554486836	0.06451612903225806	0.040166743554486836	False
26	2050-10-01	GARW	south	0.36769640569825024	0.148165993765008	6.38347415791331	0.057601299324198454	-0.9284612563169696	-3665.1625214716923	5	179.0	179.09620196879808	0.8613900134952767	0.8401435078335382	0.9210526315789473	0.9291467634007865	False
27	2052-10-01	GARW	south	0.13913772271093522	0.023828871153824316	1.7687617768502912	0.07866391310123381	0.9550354947889114	-20.024291390597295	16	675.0	675.0512085759817	0.4869954562343984	0.4937740036875228	0.8636363636363636	0.7822122110109487	True
28	2052-10-01	GARW	south	0.1535210239989177	0.03074787442402373	2.568123896904646	0.05977944607110126	0.986470054027647	-71.87057239808112	13	1242.0	1241.9285003302805	0.5750807908582369	0.5611307028220354	0.780952380952381	0.8889634063177275	True
27	2053-04-01	GARW	south	0.004102419586057865	2.330628948188904e-05	0.09462020528488849	0.043356697163212034	0.9839299415992805	0.9658847733357508	18	726.0	725.9368069814013	0.4484090164721049	0.45090798903652995	0.8636363636363636	0.7355707373908001	True
28	2053-04-01	GARW	south	0.003652625793403265	1.9956426834011437e-05	0.0631273682235532	0.0578612081604322	0.9979565264189131	0.9860261073076468	22	1920.0	1919.818994655788	0.7089629119086818	0.6874224679018155	1.0	0.9455822806350541	True
28	2053-10-01	GARW	south	0.007532151996482059	8.272665879648433e-05	0.14191920791074128	0.05307352054289462	0.9792947101853311	-0.21187157797546696	7	366.0	366.09834422864964	0.9150440162963319	0.9185618208827357	1.0	0.92630766343882	True
29	2054-10-01	GARW	south	0.0019425566163643333	5.221672632109011e-06	0.048602570957294845	0.03996818641695273	0.9882561005383824	0.9588080084987991	10	368.0	368.0006529797525	1.0	0.9735683825967782	1.0	1.0	True
1	2027-10-01	GARW	tropics	0.0025986439922481637	1.4871044582484379e-05	0.07562435844618917	0.03436252611778835	0.8186688066818003	0.40511644180128836	12	610.0	610.0312024738229	0.9464495242030071	0.9457599788074411	1.0	0.9958369540784486	True
1	2028-04-01	GARW	tropics	0.0009992437940092662	1.5367532714986026e-06	0.02886142792949088	0.034622119059751356	0.9990632125499099	0.9972337786058225	34	2749.0	2748.954297317367	0.9761921829746621	0.9648782397831167	1.0	1.0	True
1	2028-10-01	GARW	tropics	0.26122211706128906	0.08318497207546034	9.17609679657953	0.028467672350477154	0.3966749325095317	-578.5431023213008	20	1863.0	1862.9411913114768	0.9931509130606102	0.9862655684077574	1.0	0.9978616287697313	False
2	2029-04-01	GARW	tropics	0.006222463960026958	5.4371264813075404e-05	0.2811386121876587	0.022133082011066816	-0.08973092179106898	-0.01781004402420505	6	82.0	81.44662365922201	0.9871794871794872	0.968610249904939	1.0	0.9860765561071517	True
2	2029-10-01	GARW	tropics	0.004499914309409515	3.119957691736218e-05	0.19868343264274713	0.022648664005623535	0.05734298845088542	-0.0776963899205032	33	1036.0	1035.8713655782828	0.9000217118618877	0.898433393043362	1.0	0.9755457420776993	True
3	2029-10-01	GARW	tropics	0.007359614366439618	6.765555856695326e-05	0.3978706035413402	0.01849750723208413	0.587881249940666	-3.9894506950660134	5	65.0	64.7818931407528	0.2452224627224627	0.20407807919147455	0.3125	0.25272627871323244	True
2	2030-04-01	GARW	tropics	0.026563018602432643	0.0011195978593234357	1.6337462948521455	0.016258961802166842	-0.5056030482768981	-12.838180457021688	40	1314.0	1314.0612163063238	0.7364824944998773	0.7330471125091569	1.0	0.9674700662560433	True
3	2030-04-01	GARW	tropics	0.011502335292650875	0.0003180820134172494	0.45445437142587414	0.025310209376051773	-0.9449635375343938	-7.711033145210896	31	730.0	729.9345990759821	0.5829038953216323	0.5788218190917944	0.9459459459459459	0.9578200573620765	True
2	2030-10-01	GARW	tropics	0.0026678114305242495	9.146479669587368e-06	0.1520933974858757	0.017540613035302854	0.6089416438325191	-1.3971982108088818	13	308.0	308.05502703075314	0.4862426193171966	0.45414543180693434	0.7049180327868853	0.6482722690226509	True
3	2030-10-01	GARW	tropics	0.0016341906998062461	6.878950301524999e-06	0.12235742678142862	0.01335587665410338	0.8799634582491105	0.7148377240894432	47	1035.0	1034.5582492465246	0.8228940098913715	0.8249837845254474	1.0	0.995481648166866	True
3	2031-04-01	GARW	tropics	0.0016597103969295491	3.7239565844279095e-06	0.18184452570272056	0.009127084747345344	0.29720616909039255	-0.22840330630504035	22	381.0	380.454117740058	0.9713578300590185	0.9627643517495457	1.0	0.9991624066454329	True
5	2031-04-01	GARW	tropics	0.004676509573834529	2.2340472973893808e-05	0.15798635556553023	0.02960071809425838	1.0	-46.42611099917351	2	30.0	30.024266925802515	0.72375	0.7469150172312702	0.76	0.7757456653069034	True
4	2031-10-01	GARW	tropics	0.19968091792502315	0.04028534959036647	15.90426872422422	0.012555177568201157	0.9867313905033575	-769.1652298684244	7	85.0	84.81855516706011	0.15307012548609192	0.1121875483552066	0.22916666666666666	0.15210275975388793	False
5	2031-10-01	GARW	tropics	0.1938600173588844	0.041096073102241074	7.850449802737898	0.02469412864614132	0.7475223305354965	-311.9975503599162	28	1553.0	1553.025926882951	0.8416484455470037	0.8245638601301247	0.927710843373494	0.8933745887792309	False
4	2032-04-01	GARW	tropics	0.0014052220015357325	2.4594616017536385e-06	0.12865832312685216	0.01092212277747657	0.9878842112407493	0.92786433532326	7	85.0	84.27023008223176	0.15307012548609192	0.10834890004291589	0.22916666666666666	0.14336573841798272	True
5	2032-04-01	GARW	tropics	0.0012286448995937093	2.49011155064643e-06	0.05583868201175845	0.02200347241962091	0.9927329254785571	0.9845557991582703	38	1953.0	1952.9167172226273	0.8071735651675268	0.790217600972794	0.9375	0.9106732345615418	True
6	2032-04-01	GARW	tropics	0.0037587075470858393	2.081289170936957e-05	0.2564160024831159	0.014658630938345343	-0.6969253376680261	-2.2138164594403427	16	389.0	388.84461496755	0.6822764194483448	0.6395507333825241	0.95	0.9743655077605822	True
5	2032-10-01	GARW	tropics	0.007839414329626794	6.707897585610778e-05	0.37891218553449446	0.02068926423827858	-0.152519038676813	-12.223889439069614	12	320.0	319.7986579611139	0.6767024136322268	0.6171561978266104	0.8923076923076924	0.869023570060008	True
6	2032-10-01	GARW	tropics	0.03865447048049619	0.0023748274422369436	0.8809987546896164	0.04387573793349401	-0.4887516225930818	-17.174743485567507	41	1171.0	1170.8779592815592	0.7251677086236265	0.7103177339407346	0.9807692307692307	0.9302096451800331	True
7	2032-10-01	GARW	tropics	0.05510429894572566	0.003541905497441745	3.1805133223629607	0.017325599159819256	0.2810154161031576	-3098.923413839248	11	214.0	213.9679621131717	0.47105217323252246	0.460670168207416	0.7	0.7351008471615712	True
6	2033-04-01	GARW	tropics	0.0030640392437134532	1.251807197951463e-05	0.24144208170530085	0.012690576647087377	0.8745071295811011	0.262409323357362	23	694.0	693.9781554739128	0.708277173169205	0.6997186431891326	0.9807692307692307	0.9579562464187854	True
7	2033-04-01	GARW	tropics	0.00451791589526493	3.0389388840857797e-05	0.256564387340771	0.017609286862031226	0.91172279328484	0.5722498831076106	38	1206.0	1206.171063284494	0.7731855461172749	0.7631275528932143	1.0	0.9960693038330414	True
7	2033-10-01	GARW	tropics	0.0024638120245889443	1.0429110541521918e-05	0.16451659590866835	0.014976069806092594	0.9633709263437823	0.7272558424020161	33	1056.0	1056.0412562783795	0.9063669305233646	0.9007718698891798	1.0	0.9703774070795119	True
8	2033-10-01	GARW	tropics	0.002392490720943539	6.504066332301912e-06	0.18235446662399193	0.013120000651680033	1.0	-7.070003395582219	2	23.0	22.778821123005812	0.6055555555555556	0.5306000889037066	0.6111111111111112	0.5423688968928941	True
7	2034-04-01	GARW	tropics	0.10668927664718164	0.012423395248222321	6.857641366084208	0.015557721810130534	0.4074137828387416	-5588.235799892375	7	116.0	115.68160802214787	0.8185858001647476	0.7798509609938952	0.9375	0.8644502073340633	False
8	2034-04-01	GARW	tropics	0.19434813168288825	0.03924748448593839	25.933835964355207	0.007493998649101131	-0.9821677645140012	-1753.5941003787548	7	86.0	85.67127898720607	0.4649769585253457	0.3435501796757783	0.6111111111111112	0.41779395472634473	False
9	2034-04-01	GARW	tropics	0.23091231902503737	0.05467158870829366	16.139232184573157	0.014307515771769934	-0.9242637868436216	-4793.196576913585	18	314.0	314.03789524982324	0.5413735969058796	0.5221057567920766	0.7297297297297297	0.5796140718679337	False
10	2034-04-01	GARW	tropics	0.3030992111110253	0.09186913177612586	31.651075656405887	0.009576268888974735			1	14.0	13.958635499175069	0.3333333333333333	0.2000035673961278	0.3333333333333333	0.2000035673961278	False
8	2034-10-01	GARW	tropics	0.0012002881326929548	1.795720615964686e-06	0.11882036159223865	0.010101704090179757	0.9574751692056314	0.8783389231194054	5	63.0	62.99011355065043	0.3763645673323093	0.23316264098713485	0.6	0.3249233318835651	True
9	2034-10-01	GARW	tropics	0.0010540535898447485	1.9200491680365625e-06	0.07106621728398335	0.014831992332344208	0.9847402600848061	0.9665375737434705	46	935.0	934.8745230496525	0.6513236267647343	0.6443841007161825	0.95	0.8119582449195184	True
10	2034-10-01	GARW	tropics	0.0009308820920198776	1.148712944922954e-06	0.12429958070604852	0.0074890203710444225	0.9986000195579672	0.9664656904829168	3	39.0	38.30126316307938	0.298015873015873	0.16507147092891317	0.3333333333333333	0.1821219856763594	True
9	2035-04-01	GARW	tropics	0.0013150924007376402	2.8133782207495473e-06	0.09440193545573028	0.0139307779484495	0.9201029501675042	0.8121439980616028	26	554.0	553.9136440605988	0.7447390092718058	0.7398598728703608	0.95	0.7826523572807392	True
10	2035-04-01	GARW	tropics	0.0002690893403420793	7.240907308573539e-08	0.037597156466383265	0.007157172659657921			1	11.0	10.65725229540708	0.275	0.18239900709350765	0.275	0.18239900709350765	True
10	2036-10-01	GARW	tropics	0.014754918889201565	0.000293477459117619	0.6528781576345789	0.02259980475171603	-0.19291526847187732	-2.2886264241027923	6	71.0	70.06960475911335	0.8199277574277574	0.7170093213036024	0.875	0.7757143770177451	True
10	2037-04-01	GARW	tropics	0.0031795571609284368	1.5822190911793775e-05	0.30517759644172066	0.010418710934226891	0.901698146021045	-0.13866854413851115	31	571.0	570.6066069010269	0.8472008171080956	0.8191536728117567	1.0	0.8783908041003327	True
10	2037-10-01	GARW	tropics	0.002162487200453317	6.850554846683939e-06	0.2258460848771331	0.009575048430127861	0.9568513725133903	0.7178696004697049	40	773.0	772.2051620857578	0.8350427714353472	0.8163023538850336	1.0	0.8769392408859712	True
10	2038-04-01	GARW	tropics	0.32921616799424785	0.1155091349464944	36.586943709829946	0.008998187184074524	0.29426527210165093	-26567.8687583398	16	268.0	267.6084244711677	0.7928520343639724	0.7606074363415665	0.9333333333333333	0.8563164119290574	False
12	2038-10-01	GARW	tropics	0.0009504776610204665	1.8143461806970384e-06	0.07717000107080021	0.012316672901798244	0.9855111777208296	0.9608386286859553	46	1046.0	1045.681838878323	0.8495585956096131	0.8406672233332219	1.0	0.9422345847962248	True
12	2039-04-01	GARW	tropics	0.0013272857786269837	3.559021928821534e-06	0.10664634149557535	0.012445675679198536	0.8759532105551433	0.705537957403569	27	582.0	581.6132446726658	0.8914716192360888	0.8795733414205209	1.0	0.9510390571593734	True
12	2039-10-01	GARW	tropics	0.00181226833982049	5.8795740448945895e-06	0.13565307577896846	0.013359581634355118	-1.0	-1.297355286981003	2	23.0	22.982519741488403	0.8516483516483516	0.684960674366393	0.8571428571428571	0.6981498779584151	True
13	2039-10-01	GARW	tropics	0.0023642828416314716	8.032111516828775e-06	0.23500126710558014	0.010060723802690217	0.9026613714012947	0.1307718700310775	14	196.0	196.19851608827855	0.49995019988971606	0.44870491843651716	0.68	0.47171729754266867	True
14	2039-10-01	GARW	tropics	0.001180895655824289	2.6658540282818954e-06	0.15783968091509237	0.00748161456598189	0.8297579491778148	0.3807374489938732	13	197.0	196.78043916337612	0.5172090136451178	0.47324767330684997	0.6774193548387096	0.48363049805814806	True
13	2040-04-01	GARW	tropics	0.0019425550599395018	6.6422621646196346e-06	0.18760323651852054	0.010354592468599171	0.8647939288455398	0.6985172855696823	32	445.0	445.00692485320747	0.4778984700617617	0.4486927577396866	0.68	0.48728446403192593	True
14	2040-04-01	GARW	tropics	0.0015119017632865795	5.1442730212606976e-06	0.19028723709066767	0.007945366102331874	0.7552824530836048	0.5368277471059346	34	506.0	505.3708239743341	0.5081644541378147	0.4752905792570247	0.6774193548387096	0.5110801695966992	True
13	2040-10-01	GARW	tropics	0.003667416548474261	1.6892946329820292e-05	0.4251284259512607	0.008626608630716959	0.8489955010366022	-0.6503242531780102	17	237.0	236.6168422966054	0.47088157088581245	0.4378190031315161	0.6153846153846154	0.48541691993415936	True
14	2040-10-01	GARW	tropics	0.026793104836564056	0.0020712488601619585	3.1038092784759215	0.008632329641633265	0.6619348187412066	-129.2650214500843	43	696.0	695.5921649303375	0.3308383171355728	0.31314447023011827	0.5909090909090909	0.5129316806619526	True
15	2040-10-01	GARW	tropics	0.05274577332601756	0.00530326716255448	2.076279610161735	0.02540398367727979	0.8818964180139149	-30.700302194300946	24	1738.0	1738.0602127457876	0.6109367037042559	0.5919619948733321	0.7850467289719626	0.6922112147004794	True
16	2040-10-01	GARW	tropics	0.022003067725684233	0.00143604391185643	0.5277757227824216	0.04169018538724093	0.9260408887068938	-17.45753542031734	15	586.0	585.9896892702916	0.2347162162223682	0.2388559769900499	0.5	0.4503391446804506	True
13	2041-04-01	GARW	tropics	0.0017698680937291078	3.1324330692003058e-06	0.4713437706612372	0.0037549410937291077			1	10.0	10.022901131037878	0.16393442622950818	0.12058070002596626	0.16393442622950818	0.12058070002596626	True
14	2041-04-01	GARW	tropics	0.0078104498901305445	7.373930374843033e-05	0.8750498284399569	0.008925720154765417	0.8278203157449513	-4.482405424610415	29	496.0	495.98315150397883	0.14633726140143816	0.13947156166541233	0.4166666666666667	0.3623444008478332	True
15	2041-04-01	GARW	tropics	0.00883694431263184	0.00014453784207504704	0.1674980706468727	0.05275848419330335	0.9139884638876187	0.7560757822783646	38	2150.0	2150.0630316397596	0.4547904504600352	0.4517436434300734	0.7850467289719626	0.7018124394600637	True
16	2041-04-01	GARW	tropics	0.0055806236499302605	6.178267590476197e-05	0.08840661081139486	0.063124506173366	0.9605704265740433	0.8917640159055097	40	2487.0	2486.973760682491	0.5816263462854546	0.5844353637584417	0.9069767441860465	0.8870896231430165	True
14	2041-10-01	GARW	tropics	0.19735388616942479	0.039199188781828	9.155892737800931	0.021554849081469842	-0.9150554015269303	-1926.218259486753	5	73.0	72.74591979452431	0.08176091804381203	0.07402742744574332	0.10091743119266056	0.09075195169740975	False
15	2041-10-01	GARW	tropics	0.1686877566669736	0.028991801954457736	6.445711709747188	0.02617054008355422	0.4175058911043291	-1091.6459792197754	10	281.0	281.0083359483309	0.17634229362820797	0.17677185208566373	0.26455026455026454	0.23323163206376957	False
16	2041-10-01	GARW	tropics	0.1329123096906789	0.019708945843835996	5.04454980003468	0.02634770494083836	0.7394427425549044	-162.92108078254805	24	1673.0	1672.879007785109	0.8082381283178074	0.7908382352193395	0.9069767441860465	0.8698821840506318	False
17	2041-10-01	GARW	tropics	0.016210242923484813	0.000272602525991941	0.7430506430294304	0.021815798257566094		-26.730138821114608	6	87.0	86.9273081704766	0.7502006650613461	0.7254768795915635	0.9166666666666666	0.7406680309067691	False
17	2042-04-01	GARW	tropics	0.01081163266770119	0.0001556088255784465	0.5055344977437943	0.021386537844506393	0.5204408647770268	-0.4781686144952302	29	525.0	525.1164457181457	0.34831646335333216	0.3318353224409512	0.9166666666666666	0.7085733278539653	True
18	2042-04-01	GARW	tropics	0.009115466996738535	0.0001079745764970496	0.357271864722896	0.025514091359554975	0.9135079706293537	0.09058322817841957	23	1737.0	1736.950927734088	0.5213735725499352	0.5076438376024509	0.6355140186915887	0.578772979621441	True
19	2042-04-01	GARW	tropics	0.008431856901040242	9.379040243995005e-05	0.3073533476189873	0.0274337565097643	0.8996995780348348	0.10840221378806769	21	989.0	988.8281142856206	0.31268117356687003	0.29744405205628954	0.43	0.3758960411034147	True
17	2042-10-01	GARW	tropics	0.0017845864491608434	5.758006347956194e-06	0.06697515915441055	0.026645497699326066	0.9911929857163608	0.9342867107734221	21	407.0	406.5995780547971	0.21351640069621394	0.21237160806356872	0.4883720930232558	0.47565469477026184	True
18	2042-10-01	GARW	tropics	0.0019929204864713827	1.9536548085303058e-05	0.043908138210487335	0.04538840788278696	0.9794444033860763	0.9512529705188804	40	2516.0	2515.78635470832	0.4931939920940053	0.484431798368529	0.6355140186915887	0.5921302279341553	True
19	2042-10-01	GARW	tropics	0.0017800213193485562	8.47996026544617e-06	0.08329607315431982	0.02136981074787008	0.9826516882969146	0.9576585183033484	42	1835.0	1834.9246754889625	0.4262269741181059	0.40955989985964564	0.6923076923076923	0.5674931354441483	True
18	2043-04-01	GARW	tropics	0.003170143332444133	1.7490754900617203e-05	0.12492115465260101	0.0253771536235006	0.672034559946231	-0.11295379933453842	15	596.0	595.9135356595858	0.4435456214556265	0.42673480266537456	0.5735294117647058	0.5129092194424323	True
19	2043-04-01	GARW	tropics	0.00346262571736165	2.164117260386601e-05	0.18121328856119664	0.019108012137820145	0.5695542679285639	0.08388549348119423	19	707.0	706.9945742287481	0.556282469658861	0.5214047705563495	0.6923076923076923	0.5720931061593487	True
20	2043-04-01	GARW	tropics	0.05769102092012579	0.010697859674083175	0.24214121594457244	0.23825361863769448	0.7715833354419341	-0.3316975830042648	6	80.0	79.93457922387105	0.31810869822958415	0.2590410663226805	0.6470588235294118	0.5191758292430153	True
21	2043-04-01	GARW	tropics	0.0033509590766680293	1.2487100750636955e-05	0.06490053551556667	0.05163222537453928	0.0360983821828727	-2.1391125223556036	8	385.0	384.9569206795466	0.7333765164201761	0.6721201327496577	0.853448275862069	0.953677352624152	True
20	2043-10-01	GARW	tropics	0.015725950490739125	0.00032743076678806715	0.5276242115186577	0.02980521012384025	0.12652050726927855	0.01287904472546153	32	533.0	532.9248360857483	0.19240045190292515	0.18826069422231503	0.6470588235294118	0.4439031875008956	True
21	2043-10-01	GARW	tropics	0.0035509968700972766	2.194801780433293e-05	0.08017484688291045	0.04429065982855259	0.992702795971515	0.9771440162305017	29	3674.0	3673.946135845025	0.7754213053643481	0.739318342332196	0.9535714285714286	0.9320675068266152	True
22	2043-10-01	GARW	tropics	0.011303073754949815	0.00016258544805761047	0.4611495533383114	0.02451064665058362	-0.23748705929722905	-3.7934425533348133	11	297.0	296.8492961307066	0.3901698706711451	0.3729575276861722	0.7619047619047619	0.5778262273439758	True
20	2044-04-01	GARW	tropics	0.013274328184323388	0.00035698412213368546	0.17612491563390986	0.07536882636137168	0.30572742884066706	0.07689800546300918	32	601.0	600.912016384229	0.18866909255117031	0.18875098739040636	0.3717948717948718	0.23272567212806755	True
21	2044-04-01	GARW	tropics	0.005493309693969391	5.828208081926252e-05	0.16590840400632167	0.033110496884534414	0.927491696814555	0.8155191256185422	19	2947.0	2947.0131152795134	0.7799407599474965	0.7234994386696861	0.9535714285714286	0.9706882469347446	True
22	2044-04-01	GARW	tropics	0.004532300806561464	6.394748143799314e-05	0.1701217747698579	0.026641509076029784	0.9127110594982351	0.6939337741252047	37	1830.0	1829.8928226609548	0.7299946469460423	0.6994279616119711	1.0	0.9617153219071733	True
20	2044-10-01	GARW	tropics	0.0008480132151999301	1.2342086081462892e-06	0.049586808235797905	0.01710158901874489	0.981573709543122	0.9363258034262316	7	129.0	128.8738939393802	0.1815842262175251	0.17747017740375332	0.22413793103448276	0.2205661393276411	True
22	2044-10-01	GARW	tropics	0.011681631293345242	0.00031207357570622174	0.5340206004692459	0.021874870151227403	-0.005154938695951454	-2.255195098946901	27	1391.0	1390.8686465264566	0.9095020390438213	0.9036776966127897	1.0	0.9649279372730333	True
22	2045-04-01	GARW	tropics	0.011861044292042832	0.00014068437169780185	0.5267389821639715	0.022517878292042832			1	14.0	13.94808575938934	0.9333333333333333	0.964788744749443	0.9333333333333333	0.964788744749443	True
23	2045-04-01	GARW	tropics	0.004269379726164129	2.7350593715773204e-05	0.24585028473777998	0.01736577092321769	-0.7680017673183528	-2.108771313902548	17	465.0	464.7905709798484	0.9692962061046595	0.9693620198317786	1.0	1.0	True
23	2045-10-01	GARW	tropics	0.03849390941931377	0.0015621663214267457	2.158037129856855	0.017837463909560775	0.8784982930840811	-12.342574988447126	44	1431.0	1430.9104252085033	0.9863944279888706	0.9859668301990928	1.0	0.998235037820746	True
23	2046-04-01	GARW	tropics	0.05269892002043879	0.0045076488454889934	2.955940517010685	0.017828139543799994	-0.00505316059118413	-155.67909250000383	26	857.0	856.9998663401506	0.994092163492616	0.9876303508439642	1.0	0.9997524137770456	True
24	2046-04-01	GARW	tropics	0.0041778878523917925	3.138239229623644e-05	0.19256329304440445	0.021696179922662547	-1.0	-10.621804280738614	2	23.0	23.011139306923976	0.7388663967611335	0.8306735572198778	0.8461538461538461	0.9997290548477716	True
23	2046-10-01	GARW	tropics	0.0012946522005289497	1.6761243203344517e-06	0.09562197530546679	0.01353927479947105			1	12.0	12.207865961038005	0.9230769230769231	0.9877166513745007	0.9230769230769231	0.9877166513745007	True
24	2046-10-01	GARW	tropics	0.0018960394372155849	7.479550497006566e-06	0.08884678060116973	0.021340553077852573	0.9728352171097497	0.8822043175169397	27	1096.0	1095.9930279436223	0.960448260336849	0.9513817365626315	1.0	0.9963596259847445	True
24	2047-04-01	GARW	tropics	0.0009305329716043087	1.4896999808328124e-06	0.047530240937937965	0.019577703652277734	0.9952141537414814	0.9902860554344788	44	1698.0	1697.8188269947673	0.957321726756766	0.9576166248221935	1.0	0.9827127636816623	True
24	2047-10-01	GARW	tropics	0.2851605446480024	0.09122582749640863	15.368338740879446	0.01855506632538503	-0.015234213674643005	-8268.332357853875	19	532.0	531.9367379488153	0.9324899498320943	0.9315575103139856	1.0	0.9782571801567702	False
25	2049-04-01	GARW	tropics	0.00589594942534169	5.188355599617615e-05	0.3465629870505648	0.01701263448679085	0.9567519304624875	-0.8147063280049562	29	896.0	896.0284647653799	0.9951855098687061	0.9902965166635206	1.0	1.0	True
25	2049-10-01	GARW	tropics	0.0034143281069329953	4.276953547308682e-05	0.0716593256230789	0.047646668137682875	0.8631193122028563	0.6493620814512362	46	1372.0	1371.879438444151	0.8505325591439967	0.8402334459947539	1.0	1.0	True
26	2049-10-01	GARW	tropics	0.0027063582691804547	1.373386988045398e-05	0.15115414346643957	0.017904625087444868	-0.7143537265581822	-5.811498527161343	14	320.0	319.98172506744004	0.6032735830129462	0.574347621709312	0.8529411764705882	0.9107094649083273	True
25	2050-04-01	GARW	tropics	0.01014106559548469	0.0002032639180243182	0.7526858584829587	0.013473171418317926	-0.22237093045489204	-45.375480558614	21	500.0	499.582696912244	0.648580432338355	0.61892171776786	1.0	0.9895790415193719	True
26	2050-04-01	GARW	tropics	0.010111924636995919	0.00014435520000924477	0.6721925216045611	0.015043197167469506	0.05379285225349928	-0.6432912946133214	40	1427.0	1426.9668944726996	0.7908465169132425	0.7791236011929155	1.0	0.9580626993908179	True
26	2050-10-01	GARW	tropics	0.0012191072648245409	2.3506955474987693e-06	0.0965376692691292	0.012628306380858387	0.9707221891547824	0.9351220549878223	39	1258.0	1258.0031490043066	0.8573680435726515	0.8481981603587809	1.0	0.9277685577121982	True
26	2051-04-01	GARW	tropics	0.001369846157177629	3.4656400399938098e-06	0.105853195952192	0.0129409995121575	-0.16567426480539826	-0.2795251434626369	11	164.0	163.98832362558434	0.7970649967976172	0.7744377585127278	0.8888888888888888	0.8371936260921562	True
27	2052-04-01	GARW	tropics	0.0033191221362598904	1.5342871540921074e-05	0.2340249897909243	0.01418276799937119	0.3496775272450894	-0.298997493760365	9	131.0	131.00086841715932	0.919012904307022	0.907065931357994	1.0	0.9767268645925893	True
27	2052-10-01	GARW	tropics	0.0907117926700539	0.018326223228538555	9.098395876247052	0.009970086365100122	0.10516805144951713	-1400.0543988887514	35	602.0	601.7174210534811	0.89513869922495	0.8906354772943395	1.0	0.9426805059170142	True
27	2053-04-01	GARW	tropics	0.002389776462008889	8.577964447722242e-06	0.2096952084152646	0.011396428559666256	0.794488223808429	0.5444061087249149	38	638.0	637.8148648095428	0.7078609235899037	0.6963865500399926	1.0	0.9404225810276265	True
28	2053-04-01	GARW	tropics	0.006638746150788898	7.375551799447698e-05	0.3411463638436517	0.019460111126470787	0.9243616966524395	-0.30409966254899934	23	1049.0	1049.0098108333025	0.7694900879550093	0.7510711944104892	0.9540229885057471	0.9352369950649071	True
27	2053-10-01	GARW	tropics	0.0011478067024044694	2.3889409277854126e-06	0.13005910500797285	0.008825269882751436	0.7043863808865596	0.14664910358242422	12	162.0	161.96524856532943	0.3580868622634097	0.34739171310394307	0.6153846153846154	0.5731302587219586	True
28	2053-10-01	GARW	tropics	0.0020605590861838465	7.1368981285616745e-06	0.08132531319391587	0.025337241324488398	0.9940929410746968	0.9623374006531044	43	1725.0	1725.2097381830865	0.853571121604305	0.84481230496541	1.0	0.9655797534774446	True
28	2054-04-01	GARW	tropics	0.010317260558936262	0.00011225870613071307	0.5184901941982998	0.019898660908889556	0.7637525426731605	-7.749432240393327	17	547.0	546.9669028480581	0.9558869336874452	0.9519200381227099	1.0	0.970558620793025	True
29	2054-10-01	GARW	tropics	0.0017499950905116824	5.8838056527888546e-06	0.10527580470675603	0.016622956199539525	0.8918375768041513	0.6402364682945851	23	517.0	516.7674439334054	0.9930262802564067	0.9845717730676931	1.0	1.0	True
