variant	pivot_date	model	location	mae	mse	normalized_mae	max_r_data	correlation	r2	n_points	total_sequences	total_smoothed_sequences	mean_variant_frequency	mean_smoothed_variant_frequency	max_variant_frequency	max_smoothed_variant_frequency	converged
0	2025-04-01	FGA	north	0.38200773547882183	0.1461771530228467	7.628091428564883	0.05007907142385827	0.5523886050234494	-445.08194044561606	11	1419.0	1418.8358468163779	0.8373653142728835	0.8374135986806753	0.990990990990991	0.9638187027371699	False
1	2025-04-01	FGA	north	0.12792773859120926	0.01651836431179144	4.01596159701469	0.031854821193087544	0.3229152192396656	-172.23097790984355	10	190.0	189.75237351868384	0.1779972533989272	0.175226911724974	0.45714285714285713	0.41688070201229893	False
0	2025-10-01	FGA	north	0.34221080194867304	0.11747639991616306	7.47088746606972	0.04580591040928945	-0.12216283527821312	-408.4750072257531	14	1469.0	1468.8349079864931	0.7520405297578601	0.7338285539953139	0.990990990990991	0.9883778417230116	False
1	2025-10-01	FGA	north	0.1607975056498472	0.026473506078517724	1.9187126662080787	0.08380489089470013	0.5118926610686757	-30.644089893172236	18	335.0	335.0452634918241	0.4620945306586215	0.4455341395387154	1.0	0.809349635696346	False
0	2026-04-01	FGA	north	0.3015172995962234	0.09091268195579875	7.189209187045041	0.04194025959622343			1	14.0	13.80034433056893	0.4375	0.35753350801431844	0.4375	0.35753350801431844	False
1	2026-04-01	FGA	north	0.13548002203609347	0.05118721168913318	3.678996650826986	0.03682526375924792	-0.7816348635937381	-87.98687373917038	25	1448.0	1448.0314012606384	0.9350277842424868	0.9183810913117151	1.0	1.0	False
1	2026-10-01	FGA	north	0.05423538071332636	0.003911067624633217	1.0818841163486843	0.050130489849845104	-0.2702322601007262	-3.4390784396614267	27	1712.0	1711.894893677641	0.9855888923790138	0.9793900764438024	1.0	1.0	False
1	2027-04-01	FGA	north	0.27333859655660114	0.07479043295529382	6.032809517096931	0.04530867347658862	-0.8489382837139077	-3191.0950787468055	7	213.0	212.89008262345607	0.9626202788612244	0.9556334315466951	1.0	0.9706870891433188	False
3	2027-04-01	FGA	north	0.10481147737838656	0.014960706630152955	1.8602010244549694	0.056344167109087503	0.9340273279630977	-21.178974441278182	16	2374.0	2374.0101102884064	0.9484411961415729	0.9470881027259379	1.0	0.993669077707272	False
3	2027-10-01	FGA	north	0.22856905560206284	0.053989884037833266	3.970620526233873	0.05756507177956394	0.9255253721965538	-27.17721260823736	25	3045.0	3044.9829801267556	0.964602250555039	0.9538873212326565	1.0	0.9998733293727913	False
3	2028-04-01	FGA	north	0.08341497159565782	0.007139711065180615	1.5116734813305297	0.05518054832994653	-0.9835565922377353	-257.0813913483398	7	337.0	336.8656240079024	0.9948979591836735	0.9948157443429498	1.0	0.997218192355339	False
4	2030-04-01	FGA	north	0.12338622225146859	0.015505311288198284	2.946736818569342	0.04187215548871898	-0.8661757753921955	-67.11471247094826	14	850.0	849.8904919017866	0.9839402638332386	0.9821962318704535	1.0	0.9985854337472522	False
4	2030-10-01	FGA	north	0.23707994181156847	0.05629981673822695	5.632831305552294	0.04208894762708023	0.9588515118534062	-62.578918507275226	24	1264.0	1263.9684360085917	0.9730890032274648	0.9645294649425455	1.0	1.0	False
4	2031-04-01	FGA	north	0.2857539637987662	0.08171956498153697	7.256740360298651	0.039377730166854974	-0.38875132820765024	-1474.2491997335314	8	266.0	265.8987677761488	0.9535860366105902	0.9422642379690571	1.0	0.9819590989628499	False
5	2032-04-01	FGA	north	0.07325674414424373	0.011574222052175356	2.0278735906954557	0.0361249066413062	0.5583430166486659	-48.72409794299097	18	1038.0	1037.9193194880372	0.9922951019157737	0.9947180084850333	1.0	0.9963488619824497	False
5	2032-10-01	FGA	north	0.06308098098489433	0.004739651382666905	1.4958349032270075	0.04217108509021144	0.17523864436273542	-5.043544080695537	26	1349.0	1348.9378979597507	0.9940917869749846	0.9897810484559687	1.0	0.9987337433214267	False
5	2033-04-01	FGA	north	0.0030645250843491373	1.301788165728654e-05	0.07251321051739112	0.04226161084971076	0.9903756276854335	0.36554000743184556	5	123.0	123.01977848035318	1.0	0.998997872162007	1.0	1.0	True
6	2034-04-01	FGA	north	0.1058405159384217	0.012268737502087282	2.310866379434461	0.045801227141624726	-0.7646964321336512	-13.238982707903672	20	2846.0	2845.9985879178444	0.9882628078900874	0.9867245497426126	1.0	0.9989778739299469	False
6	2034-10-01	FGA	north	0.2056520078311469	0.04302781021989857	3.4020514063688982	0.06044941221233481	0.9443879856653759	-27.735265012548727	25	3025.0	3024.9041244038767	0.9701383419133919	0.9686818092183591	1.0	0.999082729114193	False
6	2035-04-01	FGA	north	0.17554619429564372	0.030836673227980393	2.8870159290095123	0.06080541244393852	-1.0	-4344.653662195732	2	34.0	34.14781402340276	0.8898550724637682	0.8809938073767273	0.9130434782608695	0.8981802654637814	False
9	2036-04-01	FGA	north	0.15917886768298128	0.027138450904270243	2.74715408992612	0.05794318864991738	0.3191785280845422	-13.01826488325162	21	4076.0	4075.9943340825066	0.9646811859298455	0.9644385608977063	0.993421052631579	0.9744063955661957	False
9	2036-10-01	FGA	north	0.17096687915636788	0.030797576974975586	2.609153586088157	0.06552580119006889	0.7987694023673887	-12.879132506088071	23	4130.0	4130.0103758610285	0.9601078577696774	0.9621876337397441	0.993421052631579	0.9732094379203403	False
10	2037-04-01	FGA	north	0.13728221644358263	0.018864072370255273	7.349186482613506	0.01867992012018758	0.8860153438708749	-234.72431739838296	11	183.0	182.9839946448032	0.9956709956709957	0.9886934481053751	1.0	1.0	False
10	2037-10-01	FGA	north	0.2320393460611033	0.053847595116498725	12.452885669530032	0.01863337962130832	0.9917691855874582	-338.1869007000909	15	243.0	243.147046485759	0.9968253968253968	0.9876318837232415	1.0	0.9902948076886935	False
11	2038-10-01	FGA	north	0.08704224983803188	0.007601813672351119	4.955981415596507	0.01756307026578214	0.9825646483280475	-53.4518647804747	7	98.0	97.69245185866012	0.7039409720351204	0.6701242706510175	0.8666666666666667	0.7510237462437942	False
11	2039-04-01	FGA	north	0.0744997351365197	0.00782496389036111	1.6571941615906738	0.04495534492169005	-0.553405869764415	-10.384287337568821	22	1673.0	1673.1993616090533	0.7080929270776443	0.7096146953752597	0.8666666666666667	0.8732680261291476	False
12	2039-04-01	FGA	north	0.18485542298986912	0.035115015362932385	2.699181911362915	0.06848572236338413	-0.8239437190570089	-54.974329396277945	12	871.0	871.0056600403328	0.33697434502096413	0.33653002349928	0.558974358974359	0.5633167571239103	False
11	2039-10-01	FGA	north	0.21103253614416348	0.0447032687388916	3.867032041667132	0.05457222331501147	0.9900247168935592	-33.60084942874193	23	1800.0	1800.0001818380729	0.6371206220688812	0.643544690013137	0.8666666666666667	0.8798711929784031	False
12	2039-10-01	FGA	north	0.22176978782466267	0.04987150550817288	3.2435306121049114	0.06837295969922838	0.980384120938152	-26.265943980082028	22	1216.0	1215.9521069053224	0.4624425279520894	0.46000688516986993	0.8571428571428571	0.7053712191885778	False
11	2040-04-01	FGA	north	0.0753419399927839	0.0057290351091526664	1.0874448271051265	0.06928345982696957	-1.0	-138.1514763134494	2	42.0	42.084199766356285	0.3803947808631649	0.3688000733668476	0.39344262295081966	0.39973184753556706	False
12	2040-04-01	FGA	north	0.3207156825111126	0.10300890269622337	5.051574387670234	0.06348826284611546	-0.7671402705258872	-759.8480685980464	6	127.0	127.02378115305076	0.706931898442437	0.6969372743706673	0.8571428571428571	0.7518692723767999	False
13	2041-04-01	FGA	north	0.047911431477274946	0.002850606965628792	1.0367702992347152	0.04621219523036148	-0.8678122673052598	-6.904509679123678	14	1348.0	1347.9611427790833	0.9929839715511152	0.9911164287109546	1.0	0.9949061195411291	False
13	2041-10-01	FGA	north	0.17110588104585733	0.029676410430389155	3.445185338367256	0.04966521804802174	0.9952847382270424	-23.985081957633064	24	1829.0	1829.1156292371136	0.9917415186404424	0.9944740808433005	1.0	1.0	False
13	2042-04-01	FGA	north	0.20931752389258457	0.048898498252370644	4.250417440318522	0.04924634505473386	-0.5887525423683532	-97.78605014189684	10	315.0	314.96470025845946	0.8815944086017977	0.8536177282160609	1.0	0.9966807109410343	False
14	2042-04-01	FGA	north	0.1369827133263915	0.018914424969198623	3.786759555950619	0.036174124948369926	-0.9864900638419244	-257.19212682940025	8	147.0	147.00635598432692	0.6309520005856213	0.6610339954300837	0.7575757575757576	0.7051749452602191	False
13	2042-10-01	FGA	north	0.002957442336732146	9.954404694890836e-06	0.13036496559350677	0.022685867504877017	0.99711363835931	0.9521495918581158	5	67.0	66.47716027321478	0.3942040717902787	0.272174332727548	0.4827586206896552	0.36311612791910813	True
14	2042-10-01	FGA	north	0.0015616083334189866	3.771969539055064e-06	0.04261268650468621	0.03664655907689023	0.9984725068288165	0.9914660859869316	20	418.0	417.9725733400576	0.7692106628009532	0.788879863892223	1.0	0.9002223492080766	True
13	2043-04-01	FGA	north	0.27706786979381537	0.07676660447208263	13.36509970958498	0.020730699793815383			1	12.0	12.00095170643555	0.2727272727272727	0.17344577088823188	0.2727272727272727	0.17344577088823188	False
14	2043-04-01	FGA	north	0.133565847467744	0.01890868787319713	2.078888018739664	0.06424869750739097	-0.018507900485525475	-20.2719115479317	23	487.0	486.9925465726297	0.5013333492848862	0.5259077201552945	1.0	0.9223901807788962	False
15	2043-04-01	FGA	north	0.16121960957426412	0.031141140192841088	2.294240121209583	0.07027146290566348	-0.859657794666035	-12.75412282386468	17	3941.0	3941.029486183942	0.8861981699309771	0.8324341801792382	0.9812646370023419	1.0	False
14	2043-10-01	FGA	north	0.18233902516810715	0.03457242931866519	2.387942654553985	0.07635820936502517	-0.564586531960842	-30.048377939898355	11	242.0	242.00748463685332	0.1997497623283806	0.22817270726762737	0.5714285714285714	0.5376858050008851	False
15	2043-10-01	FGA	north	0.14392413229635154	0.023857753106698156	1.7998447062470684	0.07996475017917172	0.40163349047964364	-6.192290227597139	22	4058.0	4058.1159593657208	0.9112505339077029	0.8988988347280636	1.0	1.0	False
17	2046-04-01	FGA	north	0.07862535221108831	0.010835562405736318	1.5949443896130242	0.049296610416721114	0.734850199316478	-11.993290140755091	19	2593.0	2592.970549427832	0.997320179301056	0.9935160947596486	1.0	1.0	False
17	2046-10-01	FGA	north	0.06173730464122297	0.005309489747847709	1.137611163964976	0.054269249983488824	0.06821938161302228	-2.545772239155006	25	2849.0	2848.9129380503973	0.9974077807132471	0.9974786089907276	1.0	0.9985883025108409	False
17	2047-04-01	FGA	north	0.015808229635816913	0.00029724242956975387	0.291323077273199	0.05426356807631879	-0.9989236383567985	-56.88525773685642	4	109.0	109.05338630172989	1.0	0.998603969022897	1.0	0.9989782662368939	False
19	2048-04-01	FGA	north	0.0018654158940675965	4.97045312621331e-06	0.02790275868676227	0.06685417434916907	0.9993668923128775	0.997757440827427	26	4740.0	4740.132396297708	0.9419626273444089	0.9273038358278558	1.0	1.0	True
18	2048-10-01	FGA	north	0.09586747363118549	0.010297491697849357	2.2241923886976767	0.04310214984923962	-0.8987422029889707	-16.39931099514197	8	111.0	110.7123838939391	0.04826038579896236	0.04058850816171061	0.11235955056179775	0.054756264638712596	False
19	2048-10-01	FGA	north	0.23947024119475477	0.060488609415032285	3.459018242331469	0.06923069623169884	-0.6929725578501903	-27.42621790860049	23	4680.0	4679.898853867435	0.9407740219349141	0.932097672588462	1.0	0.975222013791051	False
21	2050-04-01	FGA	north	0.012734729677935203	0.00027490213494639633	0.28307715604714045	0.04498677977326615	0.9949299534433871	0.5938647922408498	19	2492.0	2491.988219471229	0.9930651341771044	0.9617087234838614	1.0	0.9993469454757193	True
21	2050-10-01	FGA	north	0.2633846913361055	0.07035886500957794	4.740714603590683	0.05555801463699466	0.6803520989443274	-49.3030426742693	26	2765.0	2765.209521143547	0.9931839616888631	0.9924250411037632	1.0	0.9976948399819546	False
21	2051-04-01	FGA	north	0.2438970765175074	0.05952215222496728	4.480257958144834	0.05443817717551675	-0.9478491729247034	-14358.460383047459	5	130.0	130.1309713399295	0.990909090909091	0.9814572937442556	1.0	0.9955184347027658	False
22	2052-04-01	FGA	north	0.04562367714822126	0.002764147897706744	1.1447267460522608	0.03985551775177828	-0.6910595423962969	-4.595365901384235	20	1658.0	1657.9712873645628	0.7867309266994906	0.7873370396548073	0.9148936170212766	0.8763301793650923	False
23	2052-04-01	FGA	north	0.0319236055461394	0.0019220887315980137	0.673117067407772	0.04742652815071199	-0.7334513412586343	-1.8202626929811876	14	468.0	467.9689085287287	0.22222054382619896	0.21766359873662514	0.29545454545454547	0.23865926466219442	False
24	2052-04-01	FGA	north	0.43991655385501205	0.19352657435566972	45.15741136820785	0.00974184614498798			1	11.0	10.654399611825824	0.05188679245283019	0.03509100096388604	0.05188679245283019	0.03509100096388604	False
22	2052-10-01	FGA	north	0.014536040244634712	0.0004306589965770724	0.2859839139254725	0.050828174372153	0.8408355762137889	0.6053854949898161	25	1863.0	1863.039296469742	0.7400711745044917	0.738222786240008	0.9148936170212766	0.8553408468883995	True
23	2052-10-01	FGA	north	0.012730474691748615	0.0002774545061415175	0.2844708490725393	0.044751420868794814	0.9166438916112155	0.7024104027119847	18	539.0	538.9375045327072	0.23113787305364988	0.22363789959720679	0.313953488372093	0.23991025103419703	True
24	2052-10-01	FGA	north	0.014907029399953895	0.0002222195255310898	0.4235493436590206	0.035195496399953896			1	11.0	10.948514702144026	0.05188679245283019	0.039203572802685646	0.05188679245283019	0.039203572802685646	True
22	2053-04-01	FGA	north	0.2940532090145608	0.08646735209805481	5.8772733089176326	0.05003225025598036	0.9965310365299553	-262283.1828886344	4	101.0	100.89560495504692	0.5707998302510497	0.5519682067204733	0.6615384615384615	0.5936394448897948	False
23	2053-04-01	FGA	north	0.08848794519171843	0.007830855327924826	1.7910085672040368	0.049406768237774505	-1.0	-112801.58923781375	2	24.0	23.928560156151953	0.25277777777777777	0.23655585415865799	0.3055555555555556	0.24308510708126393	False
24	2053-04-01	FGA	north	0.005207194849910327	3.4231682658047825e-05	0.6612370700868916	0.007874928804620802	-0.0	-3.809979378183396	2	27.0	26.81183423872792	0.5450885668276972	0.4138151172506992	0.6086956521739131	0.46254778444356714	False
25	2053-04-01	FGA	north	0.05725580627541132	0.0033669670371457537	2.057149586365408	0.027832592561521707	-0.9937248476996867	-163.52525905152467	4	65.0	65.17854199129367	0.6249246854510013	0.5824216865113024	0.696969696969697	0.6147702748257259	False
24	2053-10-01	FGA	north	0.0019801078210254083	6.28638911162338e-06	0.083249609293066	0.023785190559330767	0.9962671430218472	0.9623383569470111	8	94.0	93.9193748507148	0.4531791929889756	0.3861604378511412	0.7692307692307693	0.598884792432914	True
25	2053-10-01	FGA	north	0.003568390271168866	1.7519606758346064e-05	0.12064194277573147	0.029578355496167368	0.9972804236488089	0.9347981148228616	17	287.0	287.02263505399424	0.7163569110173831	0.7104171731961431	0.9166666666666666	0.8520192082021008	True
24	2054-04-01	FGA	north	0.015572107774070173	0.0002670503716154643	0.7246345069511285	0.02148960286143315	1.0	-5.943784596567491	2	25.0	24.971674903527116	0.36250000000000004	0.2536430264717093	0.4	0.27690540732151286	True
25	2054-04-01	FGA	north	0.02160856873433791	0.0008031019558882815	0.2506155004457961	0.0862219962288864	0.42811947315429144	0.17679609467311697	33	1265.0	1264.9617688045737	0.44576993256997066	0.45060154066473607	0.9166666666666666	0.8464380844868643	True
26	2054-04-01	FGA	north	0.027625275847016836	0.0011702050788456517	0.39245345821597477	0.07039121523504097	0.9530445976444308	0.17966765213988845	19	2683.0	2682.973611303165	0.47070973285962986	0.4463440310752381	0.6577946768060836	0.5289861759428148	True
27	2054-04-01	FGA	north	0.03058747235464367	0.0013130312281450084	0.43235494617291503	0.07074620661887973	0.9709442730991013	-0.5472168119714271	14	2008.0	2007.9955764244885	0.3542261714139183	0.3585523344331401	0.6583333333333333	0.681991463784423	True
28	2054-04-01	FGA	north	0.07021300490714429	0.005028973510806128	2.659940670398159	0.026396455262528207	0.9991849636084513	-24.23280010154302	7	159.0	159.09022322449044	0.060707298749242064	0.056576428706062755	0.09859154929577464	0.08146097271947775	True
25	2054-10-01	FGA	north	0.1920613799694776	0.04952343904476174	3.500044393796277	0.054873983972860634	-0.9295210544713688	-57.226570173567346	21	1077.0	1076.7924339865722	0.2615989281359993	0.24964220010798868	0.6521739130434783	0.6337809634088879	False
26	2054-10-01	FGA	north	0.12723525464395136	0.030386497863080356	2.0681887654101336	0.06152013625251459	-0.8717747462540876	-18.261700943498376	23	2773.0	2772.9589029104377	0.41987022809196284	0.4231656109147629	0.6577946768060836	0.59093927371806	False
27	2054-10-01	FGA	north	0.09414305350471497	0.010178860621499596	1.0182678028454322	0.09245411987066962	0.9598111693914926	-3.5679140237183127	22	2388.0	2387.9528176237422	0.42735035780552516	0.4349236723248294	0.6583333333333333	0.5907537175942615	False
28	2054-10-01	FGA	north	0.036543172619680174	0.0016218888914028681	0.6629942009963354	0.055118389519491676	0.974435187473676	-1.2364971662385562	14	285.0	285.13261610228324	0.15594572569072646	0.15119781661617906	0.5	0.3582487496505325	False
1	2025-10-01	FGA	south	0.010442348178971217	0.00014869854429641228	0.23043282626022665	0.04531623531440232	0.9178261872447055	0.020074668093655323	11	561.0	560.9773928451441	0.9978097299525871	0.9883522427422939	1.0	1.0	True
1	2026-04-01	FGA	south	0.21466034790792235	0.046380403081040494	4.489714506028301	0.04781158080757691	0.9246819832430941	-58.132533236888285	22	1112.0	1112.0078834563526	0.9982055642769929	0.9946480774341233	1.0	0.9985850828537752	False
1	2026-10-01	FGA	south	0.17576659747862292	0.03176810410907932	5.018684791409012	0.035022442090704785	-0.06427600702010636	-52.611171019851206	21	863.0	863.0507961725608	0.9315425055016744	0.9206685258491272	1.0	0.9986300198799319	False
2	2026-10-01	FGA	south	0.1857714457286992	0.034534343024015535	6.113836236808159	0.030385414089155356	0.9821852982322355	-819.9026594439298	3	41.0	40.679182344807415	0.18383621546412243	0.13804524811782834	0.2153846153846154	0.148839455113917	False
1	2027-04-01	FGA	south	0.18042711334758965	0.03258193830122406	5.142092427132893	0.03508826725780802	0.9905823989583562	-58.44383158225359	22	822.0	822.0784645720961	0.7828142966846269	0.7596688687400188	1.0	0.9247543312483376	False
2	2027-04-01	FGA	south	0.11779976763140783	0.013936570763838764	3.7532275162316773	0.0313862581263609	0.9958736062225698	-46.26801028960641	7	87.0	87.00126737710418	0.2036787243763988	0.18185609309035872	0.25	0.20972291893342554	False
3	2027-04-01	FGA	south	0.28285877302171497	0.08127116517788713	12.57279289744777	0.02249768808958384	-1.0	-370.75016674122816	2	25.0	24.59439370241862	0.6388888888888888	0.5918581242956689	1.0	0.9900896149686007	False
1	2027-10-01	FGA	south	0.26228397174716706	0.06892719523054457	6.232415078611337	0.04208384204821084	-0.7907575131959924	-1131.5630506413117	8	230.0	230.01178851319202	0.6394998460004356	0.6044957668178406	0.7833333333333333	0.7531178249803779	False
2	2027-10-01	FGA	south	0.12980409231939452	0.016858562733071264	8.162133663037686	0.015903205911367735	-1.0	-2619.860356012154	2	23.0	22.99535192703882	0.225	0.205643454559309	0.25	0.2067483333672886	False
3	2027-10-01	FGA	south	0.15128031267122968	0.0276668065776777	2.5771820275017436	0.05869989432522819	0.9076472479147535	-20.7128637989027	25	3727.0	3726.9708879024092	0.9637822987949093	0.9479826475687513	1.0	1.0	False
3	2028-04-01	FGA	south	0.0022627435495639675	9.692901569820097e-06	0.037382753255740746	0.06052907698061232	0.997183082632148	0.9934979798909405	27	3765.0	3764.800224003293	0.9915305609866818	0.9870675701829629	1.0	1.0	True
4	2031-04-01	FGA	south	0.0019752253075476494	5.5331726501585395e-06	0.1003703850136961	0.019679363661682863	0.9926860741378875	0.9631722376935742	13	167.0	166.40164483508585	0.825296130597988	0.7883113999743846	1.0	0.9246682105813497	True
4	2031-10-01	FGA	south	0.0005799574020198088	3.3637651276521094e-07	0.025648680730483302	0.022611588023337705	1.0	0.889902607333844	2	25.0	24.857451776271134	0.7610294117647058	0.6445157331241937	0.875	0.664915489724635	True
5	2031-10-01	FGA	south	0.0014240308734732507	2.8465901274663622e-06	0.03211846318699316	0.04433683097421464	0.996675167493897	0.989229902290649	15	1218.0	1217.9032840413465	0.9886955302641578	0.9905241624904988	1.0	1.0	True
5	2032-04-01	FGA	south	0.05940413739763569	0.004517614857359166	1.2697734773737401	0.04678325579811344	0.49521194583809425	-3.18294088643548	25	1760.0	1759.9842797440324	0.9914487252257226	0.9890055872754817	1.0	0.9985147853110236	False
5	2032-10-01	FGA	south	0.2599088716801205	0.06776044817723412	5.562869288187989	0.04672208858691006	-0.9950596913634314	-1599.8318289319225	7	229.0	229.08592816578172	0.9963369963369964	0.9967031972731863	1.0	0.9982577758954053	False
6	2033-10-01	FGA	south	0.011946129628427476	0.00018570816828979852	0.2324939335327424	0.05138254339331004	0.886827081653049	-0.0032285818406552202	13	893.0	892.9406059768136	0.9995131450827655	0.9931245723498107	1.0	1.0	True
6	2034-04-01	FGA	south	0.1674988040247744	0.03073293038514616	3.2532015352458883	0.05148737396378803	-0.899823181984569	-23.46270658032517	27	1728.0	1727.8818072852412	0.9988181160125502	0.9944102639725878	1.0	0.999737017645794	False
6	2034-10-01	FGA	south	0.16736679697215426	0.042200688465397325	3.6447600431406006	0.04591983971266827	-0.7108140500687307	-46.57989938805479	22	900.0	900.0172134479856	0.7785731810907882	0.7794690969216745	1.0	0.9999080342118148	False
7	2034-10-01	FGA	south	0.16409532980935077	0.0269343365003721	5.835220073279941	0.02812153230702639	1.0	-2125.304136364115	2	22.0	21.98510298306961	0.09264013692768507	0.08349410204544562	0.0975609756097561	0.08620387208217738	False
8	2034-10-01	FGA	south	0.06346954856719768	0.004362472865810114	1.3839704832494668	0.045860478482297955	-0.9588270874616862	-36.41623601464322	9	322.0	322.00003173911523	0.41896005849095946	0.3915308270904336	0.4915254237288136	0.4701003284159845	False
6	2035-04-01	FGA	south	0.004030670778157872	1.9473368647254614e-05	0.10735709376145203	0.03754452208918809	0.9941078371996377	0.9675465288635553	22	796.0	795.9334747614159	0.5495251579280682	0.5406474430561867	0.875	0.6524785388857809	True
7	2035-04-01	FGA	south	0.0046727087599384735	3.342313909228043e-05	0.23493104228828599	0.01988970343989089	0.9990327648052706	0.7742952660579011	3	37.0	36.877994139452696	0.100519781207604	0.0793280365724109	0.11627906976744186	0.08096202461515538	True
8	2035-04-01	FGA	south	0.004961272438257413	3.1406195782422416e-05	0.10346103282893401	0.04795305345985236	0.993380019005589	0.9591958340153351	17	588.0	587.9675298896144	0.41277581912148975	0.3994045653014493	0.51	0.4423230414891641	True
6	2035-10-01	FGA	south	0.2649220504329611	0.07032173230081097	7.942944687560908	0.033353127946093304	-0.519871010062258	-778.7895697104917	9	269.0	269.00230462063524	0.5671676692783084	0.5467836467419533	0.6470588235294118	0.6055337167828074	False
8	2035-10-01	FGA	south	0.2958440344417695	0.08754569418545936	9.229887199552207	0.03205283315446396	-0.5490858206194882	-4561.715702406564	6	154.0	154.08991530994675	0.37728003026540463	0.3744476607964849	0.41935483870967744	0.39893098258242055	False
9	2035-10-01	FGA	south	0.031202655371537658	0.0015308348393043238	0.4773424962729479	0.06536743662080267	-0.9612540406153731	-3.6326685067419042	10	723.0	723.0419694962586	0.7762533317238308	0.7482591859481759	0.9700598802395209	0.9381690666274559	False
9	2036-04-01	FGA	south	0.23121786537575134	0.053669664909333184	4.116155850360991	0.0561732533415792	0.954045018710254	-39.56160984360504	25	1902.0	1901.962715239032	0.900008786852425	0.8617589269895939	1.0	0.9921511164948879	False
9	2036-10-01	FGA	south	0.03626137096076195	0.0021257111910107248	0.9001655514919545	0.04028300227737169	0.45501174068704997	-3.357974399189996	16	923.0	922.8283628638615	0.817207197880493	0.8299068640363789	1.0	0.9935705276848047	False
10	2036-10-01	FGA	south	0.05859830361913732	0.004440114005630941	0.9116835562451278	0.06427482783662468	-0.8639117052874145	-3.3818288460103805	15	2892.0	2891.9995899971073	0.9106552903359797	0.81825499474265	1.0	0.9998015655928376	False
9	2037-04-01	FGA	south	0.018864364219896707	0.0003588111199165225	0.6685070447374571	0.02821864686153803	0.9919880853055588	-8.511292732088858	3	44.0	43.82959082943844	0.07740902420253624	0.1395280456642801	0.09701492537313433	0.16807738986021237	True
10	2037-04-01	FGA	south	0.0048775237461126	3.0410972918016525e-05	0.07847670597299826	0.062152503544055805	0.9980924606422099	0.9863596430391012	22	3419.0	3419.0142254535895	0.9563330480740685	0.9194282247078351	1.0	0.9992062811758963	True
10	2037-10-01	FGA	south	0.29192026239955393	0.0852866534663817	4.872882285788425	0.05990710328688387	-0.9717098897804347	-6601.715383174521	5	170.0	170.08650898795074	0.9895833333333333	0.9917900633940502	1.0	0.9952555469916485	False
11	2039-10-01	FGA	south	0.01328419571883856	0.00017646985589640874	1.0775092533689967	0.01232861404883856			1	12.0	11.988686409167336	0.04819277108433735	0.03622803258328883	0.04819277108433735	0.03622803258328883	True
12	2039-10-01	FGA	south	0.0014249434607359179	2.43514943539877e-06	0.03340858047847729	0.042652020538672834	0.9982759371683265	0.9961451432816076	20	2560.0	2560.001986819302	0.9571560514689864	0.952222444533346	1.0	1.0	True
11	2040-04-01	FGA	south	0.0021937677629951793	4.812616997956873e-06	0.3358721837411146	0.00653155536299518			1	12.0	11.877797000811393	0.04819277108433735	0.03838940653313505	0.04819277108433735	0.03838940653313505	True
12	2040-04-01	FGA	south	0.0012570827349818754	2.3181384964360316e-06	0.023048769464294978	0.05454012358140124	0.9992703999490552	0.9982270035365949	27	2869.0	2869.0942278808884	0.9670870085092884	0.9610792779750232	1.0	1.0	True
12	2040-10-01	FGA	south	0.264218856988248	0.06985515555642001	4.8548964357119155	0.05442317060456579	-0.9856863109657039	-5557.034001956589	4	108.0	108.10522395773756	1.0	0.9966562834337127	1.0	0.9979764837504337	False
13	2041-10-01	FGA	south	0.008146044376675678	9.465125723357103e-05	0.2624991173216122	0.031032654356300933	0.18399734308788174	0.0010748789554695382	16	635.0	634.6560624087007	0.981264205301029	0.9832653752008818	1.0	1.0	True
13	2042-04-01	FGA	south	0.08781143145247977	0.008246508632297736	1.7265782870777908	0.050858644586049655	0.5397191398808815	-12.115408906251009	27	1130.0	1129.5173392994611	0.9372570739196059	0.9309003079826138	1.0	0.9940038356355064	False
13	2042-10-01	FGA	south	0.14963346366039262	0.03922139744636484	1.6073312422159534	0.09309435400141908	-0.5321790679638717	-46.458259335398935	20	517.0	516.7537572812082	0.46078227450515136	0.4470017208415187	0.9764705882352941	0.958898749584656	False
14	2042-10-01	FGA	south	0.025683641095001986	0.0008668868445433182	0.5969880326551573	0.043022036774793805		-1.6712383337220755	16	1337.0	1337.0141849394854	0.8603210810156495	0.8538036413335879	0.9126984126984127	0.8824308111877791	False
13	2043-04-01	FGA	south	0.28562802147130156	0.08162618565914484	9.048247071407676	0.03156722171898707	0.9958493248437847	-199.16513845168907	12	182.0	181.90884633136432	0.12989420563990775	0.13669202879790682	0.22988505747126436	0.1746591596216939	False
14	2043-04-01	FGA	south	0.1814440590614507	0.033165117410262505	3.5743501141926446	0.05076281093477445	0.984573932524619	-29.599557690307318	25	1748.0	1748.04589498774	0.8352352496717788	0.7795590690540402	0.9126984126984127	0.857097893888703	False
14	2043-10-01	FGA	south	0.28394570434098104	0.08069325530715331	5.055831490077521	0.05616201902659285	-0.7255782276104474	-1378.4230767613767	7	228.0	227.90527608157996	0.7744795539628367	0.6984836371940565	0.8571428571428571	0.8852675248785408	False
15	2043-10-01	FGA	south	0.1368230009202862	0.022300639646290425	3.3668156334605777	0.04063869715956286	0.905245148878326	-38.076421740236924	25	3639.0	3638.973119312417	0.9811836866378612	0.9771301606346414	1.0	0.9999607046563026	False
16	2043-10-01	FGA	south	0.21003135489549962	0.04473591138426394	5.422208796589041	0.03873538677219963	-0.8182608769800526	-111.10056571319883	6	76.0	76.00138942280189	0.0514610823899355	0.046284607718424776	0.08333333333333333	0.06588522100732477	False
15	2044-04-01	FGA	south	0.03735767844949004	0.00169026642238161	0.6254229347889148	0.05973186522508733	-0.1409476481204651	-0.29864007636879486	31	3931.0	3931.012249017011	0.9702037216218847	0.9533916651508038	1.0	0.9999905098955519	False
16	2044-04-01	FGA	south	0.22673533663269715	0.05229343661384589	2.7772963709525365	0.08163886973104464	0.9861205278657691	-45.28650713764981	6	76.0	75.70198477484605	0.0514610823899355	0.06108987116984412	0.08333333333333333	0.09528311460290018	False
15	2044-10-01	FGA	south	0.01641898727126934	0.00030488147157963635	0.26462484419136556	0.06204628035376685	0.9421610435512737	-61.48006007024296	4	95.0	95.02811926866464	0.9506688963210702	0.8578814485685704	1.0	0.8958394606748632	True
17	2046-10-01	FGA	south	0.14224061099095342	0.022755811382884395	3.7528196261984057	0.03790233082292919	0.8514703878370926	-68.57937104287784	18	1696.0	1695.9999971787365	0.9960171749039995	0.9956921868041526	1.0	1.0	False
17	2047-04-01	FGA	south	0.0010873841048545027	2.118927301906992e-06	0.02171589018960075	0.05007319964139561	0.9990657934246383	0.9979702023130321	28	2134.0	2133.9534334203145	0.991162392096057	0.9830704763345468	1.0	1.0	True
17	2047-10-01	FGA	south	0.29156702103773047	0.08525854288277444	5.911706217682021	0.049320282554915905	-0.8304228306097363	-1532.5890953091266	8	252.0	251.9939238895292	0.9806968494468495	0.9722644715513697	1.0	1.0	False
18	2047-10-01	FGA	south	0.14084406630039054	0.021440763297747224	2.9416019923939687	0.047880055379540716	-0.9098699221474992	-20.68450999209876	16	508.0	507.89097409660314	0.19284471509929538	0.19440370765612514	0.56	0.43418498110352793	False
19	2047-10-01	FGA	south	0.1757597853397995	0.03488626789471691	2.4701099723855457	0.07115463979527067	-0.7863452028121591	-16.5878401536013	16	3542.0	3541.9741864745693	0.8037878844814174	0.7855983440279729	0.9381188118811881	0.9288032571355442	False
18	2048-04-01	FGA	south	0.17319135480050663	0.03076700644318734	2.2829908548630984	0.07586160690551351	0.9721411446944926	-22.963450586520587	16	508.0	507.9585938923893	0.19284471509929538	0.1893111993375599	0.56	0.4770565486345773	False
19	2048-04-01	FGA	south	0.2787800807282337	0.08052209621564195	3.4253278548688413	0.08138785323336835	0.7626246471129774	-25.483488093106693	22	3842.0	3842.0485932049296	0.8388750915841491	0.83773334487917	1.0	0.9911836617531737	False
19	2048-10-01	FGA	south	0.26643195157274824	0.07105002581552991	3.8634268001798975	0.06896259858225916	-0.86107875593463	-2299.6824073155744	4	115.0	115.0131708986265	0.931682389937107	0.9426947807321497	1.0	0.9489753331981803	False
20	2048-10-01	FGA	south	0.1013958919900474	0.010281126912457358	33.31597119386676	0.0030434619900473947			1	11.0	10.999364182313798	1.0	0.9946411765818185	1.0	0.9946411765818185	False
20	2049-10-01	FGA	south	0.01054583533039185	0.0001843324513999215	0.29441280603739745	0.0358198934086185	-0.7577892999807421	-0.6542780542982376	3	39.0	38.676835989401766	0.08001389991027297	0.06679306395748813	0.11711711711711711	0.07724900720966019	True
21	2049-10-01	FGA	south	0.009891141843780317	0.00017244617700540302	0.145420447756207	0.06801754496288252	0.9662531831395431	0.4147287326032387	12	1061.0	1060.997849815076	0.9103811972697246	0.9130727072709485	0.953757225433526	0.9444298077599688	True
20	2050-04-01	FGA	south	0.04626807006683471	0.002191432684036729	3.024709624414946	0.015296698133720556	0.7693137084600828	-24.610571800179834	5	65.0	64.86561573587161	0.07340653606974851	0.03467201290310403	0.11711711711711711	0.061444234657328727	True
21	2050-04-01	FGA	south	0.026145920322160475	0.0010514929964807074	0.4139729172679826	0.06315852856923751	0.8525469883612632	0.36615501934596884	26	2197.0	2196.9858651741774	0.939200859195221	0.9309815610186664	1.0	0.9745859288777261	True
21	2050-10-01	FGA	south	0.25760649730877344	0.06684641077653318	5.418221228905805	0.047544477500191765	-0.9533204915934294	-665.1008459697968	12	753.0	753.0113580836544	0.9684699127047477	0.9460861122421037	1.0	0.9696874744201782	False
22	2051-10-01	FGA	south	0.1796986813849791	0.033526164180488496	3.8458131183087705	0.04672579656288737	-0.4742977707170547	-49.04314068357327	20	2445.0	2445.0000209070004	0.9718907230830418	0.9663992023557881	1.0	0.9919116977004094	False
23	2051-10-01	FGA	south	0.0986941504504125	0.009740535333128656	10.462155196203847	0.009433443549587497			1	10.0	10.001793826204207	0.05434782608695652	0.03839952800664581	0.05434782608695652	0.03839952800664581	False
22	2052-04-01	FGA	south	0.031469391368607075	0.0012404507929554454	0.6065923888114528	0.05187897499054956	0.2302012433843467	0.02572682146360572	25	2764.0	2763.78452708525	0.9702485932080538	0.9718129274345333	1.0	0.9999212160648558	False
22	2052-10-01	FGA	south	0.1618290139193256	0.026258394997550304	3.015096158387044	0.053672919674275885	-0.9220010728156703	-1477.8827441100807	4	153.0	152.8370501091579	0.9564986040529518	0.9535822221533574	0.975	0.9680687143796832	False
24	2052-10-01	FGA	south	0.13593490667591496	0.018702045662804454	4.5626948293828375	0.029792679931281287	-0.9817530272124475	-219.34295034077078	7	97.0	96.93641332124287	0.9580586080586081	0.9579876447322715	1.0	0.9795166721567037	False
24	2053-04-01	FGA	south	0.002051476627530755	5.089547334120962e-06	0.07279863466839698	0.02818015251076313	0.9962951289083944	0.9803331436851205	12	183.0	182.78095855960802	0.9633119658119659	0.9542074574845602	1.0	0.9903206220532951	True
24	2053-10-01	FGA	south	0.16245819846948767	0.029942018524776196	2.049798732828616	0.07925568294468784	-0.5731024520154849	-19.111207838700608	16	308.0	307.8391455814093	0.3326269781474396	0.3366103280263064	1.0	0.9903723505409825	False
25	2053-10-01	FGA	south	0.04003394396158106	0.0025489811667542195	0.801569248669453	0.0499444608535501	-0.7643893013034764	-2.489878765601343	15	1593.0	1592.9940923013924	0.5426174710234495	0.5436050342173802	0.6216216216216216	0.6162373842450466	False
26	2053-10-01	FGA	south	0.14307139884642991	0.02077225303547378	2.1817254591649036	0.06557717802917017	0.8736632332743639	-42.68507060517984	12	1017.0	1016.993815843164	0.3295070566439831	0.3264005409443908	0.4773413897280967	0.4867047523374065	False
24	2054-04-01	FGA	south	0.09453011607449537	0.009205060558407772	2.4384790690189706	0.0387660149621567	0.995450200441914	-14.660497013039688	13	260.0	259.8193170373825	0.10503922394066142	0.07427030530206219	0.2077922077922078	0.1709690630808603	False
25	2054-04-01	FGA	south	0.07866781693767248	0.0070192748438194915	1.4021032651724092	0.056107006446489596	0.9730411706097354	-3.3714846744259663	24	2086.0	2086.027870574884	0.4886678018465937	0.49252779076883485	0.6216216216216216	0.5845115129102337	False
26	2054-04-01	FGA	south	0.11393877279670987	0.014884551578009496	1.7087326543940156	0.06668028055981472	-0.3805612659061337	-7.9555075338506995	23	1670.0	1669.9611630824177	0.460124291859292	0.45207968296791934	0.8666666666666667	0.6240140729494753	False
25	2054-10-01	FGA	south	0.06256414372294382	0.003945848203306733	1.1433128405431903	0.054721806232159054	0.05932403925572774	-123.5290510756841	7	241.0	241.22338436413457	0.3738656582973258	0.3547470783224657	0.4375	0.4115716504517808	False
26	2054-10-01	FGA	south	0.06946195712580988	0.004949718160429094	1.3968729880624071	0.049726752338564495	-0.5749013824905704	-44.26272802638319	9	401.0	400.97329371497136	0.62836429105641	0.6076042499070896	0.8666666666666667	0.6518980180450314	False
27	2054-10-01	FGA	south	0.1768705399638716	0.03247027773345822	3.257500006707151	0.054296405095839564	0.9633390840883219	-19.62325454803638	18	1080.0	1079.9541314437815	0.3260301499804048	0.3199349486484173	0.8387096774193549	0.5818497070517076	False
28	2054-10-01	FGA	south	0.10338365419746981	0.013041368132033158	1.588595134122871	0.06507866729338321	-0.7164184075922715	-5.493164400008422	17	3330.0	3329.998929798446	0.725013279806268	0.7095321594999884	0.8947368421052632	0.8529904944410794	False
1	2025-10-01	FGA	tropics	0.008175000186536455	7.841468193696118e-05	0.25512660359606953	0.03204291544397136	-0.19391181167499866	-5.794668167897691	14	618.0	618.062805132809	0.9640240518943052	0.9654659815649527	1.0	0.9920048025560885	True
1	2026-04-01	FGA	tropics	0.17486632553102255	0.03138777316819861	5.389566354028764	0.03244534236048656	-0.6115931542974867	-63.226108679316255	38	2923.0	2923.125784119905	0.9828851020034538	0.9747154495288947	1.0	1.0	False
1	2026-10-01	FGA	tropics	0.1086734540397723	0.012011238239857247	4.020988898369802	0.027026549136664104	-0.1475451204759361	-79.96398758982106	24	2097.0	2096.943254658178	0.9946083976182661	0.9944024309390781	1.0	0.9955821134092433	False
3	2027-04-01	FGA	tropics	0.0019336137945869215	5.80374532184922e-06	0.07325003118963293	0.026397446706624552	0.9461944070956825	0.6296436755743329	14	578.0	577.9992491912687	0.9609205277363859	0.9595836872872743	1.0	0.9933427861063631	True
3	2027-10-01	FGA	tropics	0.20413790389123543	0.044910267879031046	7.297765832115745	0.02797265746632657	0.7828376509030874	-137.0513353527429	39	2406.0	2406.0013464902368	0.9803809776712011	0.9749467123264094	1.0	0.9976448509958737	False
3	2028-04-01	FGA	tropics	0.11528217872089352	0.013405564780036554	4.655891635548531	0.024760494389666272	0.05535549215675324	-151.18299632725743	26	1648.0	1647.9957612771213	0.9866611698145322	0.9885094304869065	1.0	0.9956561442110529	False
4	2029-10-01	FGA	tropics	0.0031047032503540043	1.1559152249208623e-05	0.1915566975108982	0.0162077509724105	0.5545207868070846	-0.4147366592390802	22	650.0	649.7532939528085	0.9976351537150084	0.9976015750953693	1.0	0.999258063980635	True
4	2030-04-01	FGA	tropics	0.016566126989515602	0.0005016809915365162	1.027391935333361	0.016124447175206162	-0.7073101118160301	-4.141713359409668	46	1494.0	1494.057351584977	0.9772063895580603	0.9770663891243422	1.0	0.9992720055554376	False
4	2030-10-01	FGA	tropics	0.03384500681636848	0.0013558132697486047	2.1839774001159546	0.015496958354317922	-0.8058239897787386	-49.14270987189998	26	788.0	787.6232718124073	0.9433960662131271	0.9412026661458981	1.0	0.9958098012802262	False
5	2031-10-01	FGA	tropics	0.0016400302272582441	4.374102683834462e-06	0.18518475517346517	0.008856183791813774	0.26364646930847996	-0.0406658877246131	10	134.0	133.90166837032976	1.0	0.9966568978903421	1.0	1.0	True
5	2032-04-01	FGA	tropics	0.15612512632278042	0.030912320743022952	17.486546929975027	0.008928299391983125	0.7414784533785795	-3127.0382458068552	35	558.0	557.2697160363867	1.0	0.9955481084925017	1.0	1.0	False
5	2032-10-01	FGA	tropics	0.023506754642230454	0.0007991712918200812	2.9939164657658255	0.0078515065169721	-0.7467534941194285	-67.54127468670161	36	574.0	573.8520951504528	0.9811623318202266	0.9746916504301554	1.0	0.9998206400319782	False
5	2033-04-01	FGA	tropics	0.07615340003070442	0.006016661124328196	8.71723389489551	0.008735959244514138	-0.8318796237108971	-852.9424745129686	11	167.0	166.58315742914337	0.9453424565864758	0.9542561558573766	1.0	0.9790617686080171	False
6	2033-04-01	FGA	tropics	0.15717005751454027	0.029176288663163286	9.954211188199846	0.015789303094237792	0.4875966795998886	-12496.764754257292	6	74.0	73.80538211920124	0.8139297385620914	0.8039598960871849	1.0	0.8514725161009243	False
6	2033-10-01	FGA	tropics	0.14778303434379989	0.022087552761143013	9.12264057979008	0.016199589696780592	-0.9149344406052009	-921.1071375848514	32	1414.0	1414.0000001012904	0.9181858933793292	0.9169033626030216	1.0	0.9915165797214577	False
6	2034-04-01	FGA	tropics	0.13108804329856344	0.018789413075566294	7.931115282293506	0.01652832402918441	0.9091760019434894	-126.74089862356156	44	2172.0	2171.7673062535637	0.9709448941888816	0.963922324546223	1.0	0.9955463090589077	False
6	2034-10-01	FGA	tropics	0.09119454798432336	0.00835518484280152	5.857015375977968	0.015570139760662016	-0.5917437282722481	-1859.7500773768838	18	643.0	642.9553304745782	0.9838577196543654	0.9705868850975818	1.0	0.9898009194586271	False
7	2034-10-01	FGA	tropics	0.18492717559845928	0.034198060274823396	14.31726658344624	0.012916374401540713			1	10.0	10.000184999778412	0.625	0.4803511372298505	0.625	0.4803511372298505	False
6	2035-04-01	FGA	tropics	0.09004781087777386	0.014998116303805504	5.813021670353968	0.01549070620827234	0.9124967702552578	-771.2471992309657	4	42.0	42.18938550800113	0.231052036199095	0.17355791865396905	0.28205128205128205	0.21705922290836138	False
7	2035-04-01	FGA	tropics	0.01647495432806043	0.0017494424171226315	1.098455153818911	0.01499829489695895	-0.1365648877042227	-50.92229087674483	18	336.0	335.93509868129524	0.45897373266391384	0.45035804964974585	0.625	0.4673354925389073	False
8	2035-04-01	FGA	tropics	0.15570157608603297	0.02441648568182022	14.460524530495965	0.01076735326977055	-0.892900374361291	-2837.3143105587033	17	274.0	273.83231321674094	0.3951914985240987	0.38752277205936025	0.5263157894736842	0.46989228126371224	False
6	2035-10-01	FGA	tropics	0.24964832542320767	0.06245933621090437	19.82986689972295	0.012589510897155622	0.9790688857471921	-1122.8051365464685	8	97.0	96.82756632225775	0.25414393501828114	0.20120446426119792	0.3055555555555556	0.2066503181493193	False
7	2035-10-01	FGA	tropics	0.19734171720008145	0.03910485615059524	12.680660167503154	0.01556241667179213	0.9658508805285876	-552.2231027194258	30	541.0	540.6338054799116	0.4196851306459241	0.4204535144916876	0.5909090909090909	0.44964013811201387	False
8	2035-10-01	FGA	tropics	0.08612876066333058	0.010358626640982442	8.10670997614868	0.01062437917684684	-0.8356668517458798	-368.52441728397395	32	527.0	526.7553779168144	0.4114129104546464	0.39162885437107553	0.5714285714285714	0.48505595042998995	False
6	2036-04-01	FGA	tropics	0.21835085965716516	0.04768588297478673	25.68500355300631	0.008501102957083617	0.879108809941866	-5115.765861467011	3	36.0	35.90047703112914	0.2557846893546691	0.22593412433928797	0.3055555555555556	0.2289783263802663	False
7	2036-04-01	FGA	tropics	0.24546395914574096	0.060286533539703833	20.749327097659517	0.01182997202706534	-0.572428821612442	-5219.263970621198	11	178.0	177.94283880073712	0.3889156490058196	0.3628211503486765	0.5	0.3851151384892611	False
8	2036-04-01	FGA	tropics	0.25844266256143006	0.06687124298467874	16.827514960589884	0.015358338005742616	-0.040106004426557096	-1572.8503474844126	14	221.0	220.99845666261743	0.44192112429531155	0.4213089150472441	0.5714285714285714	0.4583161160602746	False
9	2036-04-01	FGA	tropics	0.16056067645897643	0.025870631282286904	6.500935569332949	0.02469808764393758	-0.20952739824090694	-476.1179523558046	19	1116.0	1115.9239653008995	0.8929606605781566	0.8647120359565951	1.0	0.9865731975058181	False
9	2036-10-01	FGA	tropics	0.07308691982803596	0.00967387308593823	2.9168252695757997	0.025057009958867078	-0.9701286978562018	-29.860589795641125	41	2268.0	2267.990319726077	0.8061344326688148	0.7967157044920876	1.0	0.9938972539308613	False
10	2036-10-01	FGA	tropics	0.022738202245824495	0.0005681181543270443	0.9067524103622984	0.025076528042246186	0.8670565148108638	-15.211303919338718	13	401.0	400.9044830086483	0.661458300382552	0.6271792765660058	0.9807692307692307	1.0	False
9	2037-04-01	FGA	tropics	0.0064735712999793625	5.4725143274820456e-05	0.30137712404753836	0.021479969060154147	-0.07085207713409429	-0.49797083532390607	20	919.0	919.0376853748444	0.7074772451361072	0.6713091484411918	0.9795918367346939	0.979040753331445	True
10	2037-04-01	FGA	tropics	0.0074264075562316895	9.89757252090121e-05	0.3283159088746149	0.02261970058559624	0.8257217185095206	0.4332256453029	39	2232.0	2231.965282950331	0.8776470201601879	0.8456914763104678	1.0	0.9971412457459298	True
10	2037-10-01	FGA	tropics	0.23184080045630281	0.054066797078760276	12.150942840934533	0.019080066748011455	-0.6368738911217734	-586.8235120291362	29	1729.0	1729.0426436306666	0.9929847341531806	0.9876158624566591	1.0	0.9994072028307165	False
11	2039-04-01	FGA	tropics	0.0013083030280036238	3.0237136684737476e-06	0.13213319749848682	0.009901395355384526	0.98648625879241	0.8581989212186397	19	286.0	285.59289528794284	0.3453238952753744	0.33944891995593984	0.7142857142857143	0.6496143253137163	True
12	2039-04-01	FGA	tropics	0.001111477512627813	2.8990003719024055e-06	0.038834144374370876	0.028621140765015745	0.9783365616725854	0.939508244031763	17	901.0	901.0279093856259	0.7247687183523593	0.7107038836198821	0.91	0.8811488510880575	True
11	2039-10-01	FGA	tropics	0.08102811140052735	0.006575393794702594	2.5936372701887405	0.031241111597162887	0.9572136104366402	-55.008215741951204	22	321.0	320.9500541625174	0.31202078839415437	0.3000958754028749	0.7142857142857143	0.6226594378513367	False
12	2039-10-01	FGA	tropics	0.20832047613968455	0.04852571104388594	6.550372280258805	0.031802845277589906	0.6689526985611348	-138.07645485716114	42	2332.0	2331.92449205333	0.8598101649753154	0.8556404801065314	1.0	0.9746445864173429	False
11	2040-04-01	FGA	tropics	0.11015864334482228	0.012134926703571759	4.8925526106607595	0.022515576655177734			1	10.0	10.091606456924216	0.11363636363636363	0.05826683542879056	0.11363636363636363	0.05826683542879056	False
12	2040-04-01	FGA	tropics	0.24285382181968135	0.059215056049381	11.296355593999625	0.021498422194559805	-0.9148765362672745	-2483.1059964679935	23	1078.0	1077.669327092307	0.9579677072488447	0.9561432572446726	1.0	0.9691991570832793	False
13	2040-10-01	FGA	tropics	0.06613167886070558	0.0044079246877176135	3.0464158405114614	0.021708027506055366	0.06346807213123706	-598.0093926520067	13	225.0	224.95988889199683	0.9361196822282796	0.9391588865391711	1.0	1.0	False
13	2041-04-01	FGA	tropics	0.15261112625413167	0.03326773055548949	7.977131443641582	0.019131078299552788	0.9335554684117527	-365.06948098533485	39	1374.0	1373.9544409162604	0.9652606365377155	0.9644747359806579	1.0	0.9939066848659229	False
13	2041-10-01	FGA	tropics	0.07397967981386311	0.006180764413957293	4.090072013771106	0.01808762280096207	-0.8410422731490823	-83.32789070786421	37	1328.0	1327.7943531028595	0.984432350406839	0.9777681916142523	1.0	0.9893495665072176	False
13	2042-04-01	FGA	tropics	0.20352281746386905	0.0415714891481888	11.588334172155966	0.01756273286913717	-0.5758471528360133	-14442.62048919751	11	177.0	176.8665862465646	0.9911559029206088	0.9826090670294989	1.0	0.9878277166587394	False
14	2042-04-01	FGA	tropics	0.01741511716303846	0.0003039611982117437	0.9565684209613636	0.01820582488551738		-449.3846746295798	6	84.0	84.0613934842498	0.8536823341776903	0.8432015020253795	1.0	0.8904222967604272	False
14	2042-10-01	FGA	tropics	0.16866306416509622	0.03521893254891003	8.8788964334652	0.018995949038147688	0.8408735220785253	-496.7043586918669	32	1248.0	1248.01260179758	0.9009477825223922	0.8947952182266005	1.0	0.9545601009152589	False
15	2042-10-01	FGA	tropics	0.061679796241414654	0.0038043972643824293	3.912393383182499	0.015765233758585344			1	11.0	11.000000165292347	0.1864406779661017	0.15741290161594365	0.1864406779661017	0.15741290161594365	False
14	2043-04-01	FGA	tropics	0.06909548224577544	0.004879540707368677	2.51692180640414	0.02745237538566617	0.6411570274000766	-43.099116872441755	37	1409.0	1409.0052170021359	0.7312438683210417	0.716694088813183	1.0	0.9625641312058036	False
15	2043-04-01	FGA	tropics	0.20139211796427917	0.04062441624727193	11.972473938067504	0.016821261754760286	0.706905093664913	-574.8403259976958	27	1696.0	1695.9959406454848	0.7496357221055973	0.7455284711819707	1.0	0.9998711802927275	False
14	2043-10-01	FGA	tropics	0.11310338037594127	0.012834745642375122	4.57020608885848	0.024747982514764795	-0.5748626992400306	-1017.7396860366895	11	228.0	227.9373552396389	0.3436679673518443	0.32983036278269234	0.6785714285714286	0.5899641202812237	False
15	2043-10-01	FGA	tropics	0.22323037956266284	0.056320499142970604	8.340261791423865	0.026765392399577488	0.2805750732168807	-285.04138832485785	43	2252.0	2251.792670634554	0.8885605460877982	0.8899037275639584	1.0	1.0	False
15	2044-04-01	FGA	tropics	0.19756348447941802	0.05033745367706786	10.336504795927254	0.019113180749189138	-0.6448035511220923	-465.1731410467766	35	740.0	740.0893285131592	0.925271172136644	0.9185964503220134	1.0	0.9940078240056545	False
15	2044-10-01	FGA	tropics	0.011999971079210438	0.00016896550399254264	1.33592503216971	0.008982518322694335	-0.26459223567217005	-5.877793338676181	42	828.0	828.2414631744798	0.7735109724325723	0.772363688944703	1.0	0.8893833824014294	True
16	2044-10-01	FGA	tropics	0.015830560901983832	0.0002572590785610028	2.5645825251602834	0.0061727633042319196	-0.29324204603630194	-38.375664567113404	8	94.0	94.20395737460892	0.3415779411081617	0.3086543313557163	0.4782608695652174	0.35441802059390715	True
15	2045-04-01	FGA	tropics	0.05210685510109952	0.0028741032292330265	5.261071260941757	0.009904229104049835	-0.6311305656983793	-161.45219328398062	27	562.0	562.0222191730448	0.7020284682150879	0.6746329954235664	0.875	0.7629666561970705	False
16	2045-04-01	FGA	tropics	0.2118958335138693	0.044918683924018044	38.29784361659118	0.00553283980255413	0.08012126895889643	-6249.712999559143	9	106.0	105.98927383033109	0.3642308971466488	0.3127972836400036	0.5454545454545454	0.39172735307117496	False
15	2045-10-01	FGA	tropics	0.1642895119570332	0.02713630260822177	18.44378381151959	0.008907581743309174	-0.42791119477671136	-11732.42134357848	3	37.0	36.41481183420191	0.7161616161616161	0.532128460929001	0.7333333333333333	0.5506359753526356	False
17	2045-10-01	FGA	tropics	0.01158074037430437	0.00013869075485638564	0.7288646484258327	0.01588873928693881		-29.300300511696744	18	418.0	418.0002578368253	0.8939943754405076	0.8716561895090349	1.0	0.9810804518854555	False
17	2046-04-01	FGA	tropics	0.17525538147630615	0.048656936985202945	10.498976960792112	0.016692615112004563	0.9629324707561155	-884.5178717451502	43	1506.0	1505.9845617776625	0.9573609572865072	0.9487021824800776	1.0	0.996446832292258	False
17	2046-10-01	FGA	tropics	0.1865033643092412	0.036825253758363825	12.656964907408168	0.014735235949029146	0.8155417680443381	-1442.7620198173522	42	1334.0	1334.0594915416575	0.9769645492008863	0.9732889896770303	1.0	0.9941198647606573	False
17	2047-04-01	FGA	tropics	0.2629324920197379	0.0691492273507251	18.692953884188505	0.01406586105378135	0.08276857469271184	-25840.06553556825	16	258.0	258.0521293312095	0.9610010822510822	0.9656662329716114	1.0	0.9940424715359492	False
18	2047-04-01	FGA	tropics	0.14316394193480936	0.020615326519363555	6.817585495597024	0.020999214755321866	0.8512608915965886	-1458.741582465987	19	703.0	702.9549831952476	0.8661728562862948	0.8495163439178371	0.9850746268656716	0.9809713290599037	False
18	2047-10-01	FGA	tropics	0.09114405157654011	0.009572952714504911	2.9834971349043675	0.030549401408914583	0.9756629738405599	-46.31089198452172	45	2152.0	2151.986972469133	0.8135651557356206	0.8041473455536787	1.0	0.9964187211418744	False
19	2047-10-01	FGA	tropics	0.18027556258293495	0.032531630762523016	9.37879564156635	0.019221611118592108	-0.21119858112024606	-23662.71401037808	12	273.0	273.006755676832	0.4300692947060813	0.4269562270913761	0.7058823529411765	0.7342146819108715	False
18	2048-04-01	FGA	tropics	0.1172023447142828	0.013994499947638775	2.3502660163836113	0.04986769323015773	-0.8804921417676344	-175.64344131978177	29	1335.0	1334.7647424832521	0.6626229408621154	0.6592726280916331	1.0	0.9919704742342952	False
19	2048-04-01	FGA	tropics	0.19720757226028526	0.044201277354597154	2.042884749238994	0.09653387071088966	0.8478511676495645	-94.23685573826654	38	1401.0	1401.0223853594607	0.596966178697292	0.5901801606597686	0.9076923076923077	0.8506214250955371	False
20	2048-04-01	FGA	tropics	0.0635646371500875	0.004066722895603707	3.336656491983022	0.01905039889566521	-0.31192060604516925	-2561.5175585134875	12	349.0	348.7571529127654	0.4770086699955662	0.46708506299309466	0.717391304347826	0.7860805227305266	False
18	2048-10-01	FGA	tropics	0.22223244667597045	0.04940292701301824	11.726714753865087	0.01895095526244666	-0.12401508586051568	-3745.4873825819886	3	35.0	34.71879419228899	0.16664199555160816	0.14455896268587232	0.19117647058823528	0.18608277522556105	False
19	2048-10-01	FGA	tropics	0.2366310375289683	0.056074538067408634	13.642207432984977	0.017345509419306078	0.6198186590450518	-1401.5183235391814	27	1082.0	1081.9609237824236	0.619331116229877	0.6192353533618454	0.9076923076923077	0.8363125988692615	False
20	2048-10-01	FGA	tropics	0.19127101534028038	0.0399139308329704	10.127292775966948	0.018886687644123917	0.8896871860432009	-369.735235287886	38	1600.0	1599.9740751754555	0.7909447422416271	0.7759474803208605	1.0	0.99458328402912	False
19	2049-04-01	FGA	tropics	0.1288271262117842	0.016596428447986974	9.860602002298963	0.013064833788215833			1	14.0	13.704707599000955	0.19444444444444445	0.16308367307887284	0.19444444444444445	0.16308367307887284	False
20	2049-04-01	FGA	tropics	0.2670943580140924	0.07156677873187146	17.13757847337693	0.015585303281267013	0.6431845651556977	-1521.7231719781173	32	1308.0	1307.9209791966418	0.9581087552848522	0.954709513488903	1.0	0.9956041729766907	False
20	2049-10-01	FGA	tropics	0.21128415376937548	0.04472400212437511	14.790709705740179	0.014284923304753758	-0.3735163310184185	-41648.160944478965	6	99.0	98.4554857150786	0.9820075757575758	0.9814574136052879	1.0	0.993513384208109	False
21	2049-10-01	FGA	tropics	0.18018852566969992	0.032486283694404344	8.867860211137291	0.020319278989467855	-0.8730868131614983	-16465.26619328636	9	184.0	183.93684558270772	0.946397241039484	0.9494039016691131	1.0	0.9729470886994271	False
21	2050-04-01	FGA	tropics	0.014603641343284214	0.0003070544912034249	0.7056121279435886	0.02069641487858855	-0.6416532894678435	-0.9487301096818388	35	1826.0	1825.9733656944625	0.9795047800421575	0.9812697335668619	1.0	1.0	True
21	2050-10-01	FGA	tropics	0.03407020037166691	0.001544661362240609	1.4901860831309182	0.022863050968832406	-0.6801469430265904	-10.713700034937975	35	1759.0	1758.8117676489544	0.9938597752034332	0.9925847899497502	1.0	0.9981246310476886	False
21	2051-04-01	FGA	tropics	0.05905843356601406	0.0039814077071651625	2.569104701183427	0.02298794344146796	-0.33636096321716413	-959.723794710204	9	157.0	156.67665674288884	1.0	0.9906024997652101	1.0	1.0	False
22	2051-10-01	FGA	tropics	0.00144625965185961	4.2108691949051196e-06	0.07134038201337692	0.020272664808388945	0.8629968441176633	0.628158964244403	19	588.0	587.9146974188901	0.8476842188069247	0.8412825274737257	1.0	0.902275348673226	True
23	2051-10-01	FGA	tropics	0.003268480925042534	1.7130590261904418e-05	0.18724884491987273	0.017455279504881207	0.9740126337567043	-0.8603098912533795	5	71.0	64.82161836098467	0.2495062492124045	0.1906266781186332	0.3584905660377358	0.19882405496852035	True
22	2052-04-01	FGA	tropics	0.19234220495546697	0.03853461246175475	9.473557721663637	0.020303059379226544	0.8953839852726517	-262.09991877087174	43	1405.0	1405.1446273573672	0.6875085149823114	0.6808799635916597	1.0	0.9189440543255613	False
23	2052-04-01	FGA	tropics	0.1828158289805441	0.03641047156568507	8.258003530719016	0.022138017778811303	0.703064496483589	-524.1518744885045	30	705.0	704.942909082089	0.4326906320719017	0.4236249659711688	0.6756756756756757	0.6247475878848586	False
22	2052-10-01	FGA	tropics	0.028373233273227223	0.0009645781878723749	1.7934901954422744	0.015820121763325496	-0.8609538400749418	-46.65431240471985	23	718.0	717.9839640668829	0.5062255191231387	0.4879411094311953	0.7692307692307693	0.7130681570698572	False
23	2052-10-01	FGA	tropics	0.21263304477530173	0.04560718599239255	6.8521238781260685	0.031031698865527955	-0.8238370469910177	-409.5334548391533	32	731.0	730.7634261781615	0.4996239365114136	0.4758136316782768	0.6756756756756757	0.5657298855511443	False
24	2052-10-01	FGA	tropics	0.006931783208736656	4.975830041970726e-05	0.7537600122271603	0.009196273477356647		-28.12086707005252	17	279.0	278.7679283931692	0.7043937267022473	0.6606136181451429	0.8695652173913043	0.8537937330772855	False
23	2053-04-01	FGA	tropics	0.2524705563066942	0.06374452420901373	14.838477571395098	0.01701458623985757	0.21730649657986445	-23368.540870331457	6	92.0	91.68010647619712	0.5718824653607263	0.4825514639069833	0.6521739130434783	0.5746765792103329	False
24	2053-04-01	FGA	tropics	0.19864648901435333	0.04328198417340299	11.458714831736566	0.017335843672815137	0.7601450065269576	-1439.88532804323	43	833.0	832.8912372392139	0.8061491138666382	0.7907535351222069	1.0	0.9061028819999135	False
24	2053-10-01	FGA	tropics	0.2448031860074608	0.060231096190484223	26.154417208611072	0.009359917449311845	0.5025390942759054	-3101.3839004851725	31	618.0	618.2538553229471	0.8252005947842664	0.8070595659909905	1.0	0.9179763086230067	False
25	2053-10-01	FGA	tropics	0.04226137104380874	0.0018439046806766855	1.6221254061388715	0.026053084973499705	-0.8888872850081571	-338.4751354539294	10	267.0	266.96468303094446	0.42284637446938345	0.4141962248973668	0.5588235294117647	0.5377759488114094	False
26	2053-10-01	FGA	tropics	0.17887307783556058	0.032033546068561215	10.386075887224282	0.017222392728286247	-0.8094904503036853	-4345.262802750115	15	363.0	363.000503332503	0.48216574729689193	0.4623724504903521	0.6153846153846154	0.49092896119867097	False
24	2054-04-01	FGA	tropics	0.008593372040157785	0.00012025582901455669	0.6175190142138848	0.01391596346405193	0.9139247318583084	-20.36969736227375	5	65.0	64.97235880077764	0.5852090701060952	0.5669775449685686	0.7727272727272727	0.7432526966326897	False
25	2054-04-01	FGA	tropics	0.07878472202725281	0.012522967033280765	3.2224334138925363	0.024448828542925533	-0.9300854635899954	-60.5892711179806	36	1837.0	1836.9743826091053	0.5677811906125787	0.5615577753129302	0.7413793103448276	0.6789058116058556	False
26	2054-04-01	FGA	tropics	0.20754014606361806	0.04543651331632539	13.02041809737942	0.015939591533192705	0.07871224048253082	-419.7277295719136	41	1180.0	1179.9264267292442	0.38070098233007377	0.37525459951638723	0.6153846153846154	0.4836612130530662	False
27	2054-04-01	FGA	tropics	0.20276013579276858	0.04111291740767051	13.807788110587843	0.014684476193351463	1.0	-61448.5981815648	2	25.0	24.420615726198733	0.2316666666666667	0.14515763252183025	0.28	0.17362176594202866	False
25	2054-10-01	FGA	tropics	0.1428244094039598	0.023545369517900584	7.452584366251758	0.01916441362954911	-0.12990097229280895	-261.749825591199	29	1554.0	1553.8416089367097	0.5721136461574156	0.5462142287353198	0.7413793103448276	0.6619536561234582	False
26	2054-10-01	FGA	tropics	0.13229947554026747	0.019721401515653516	7.487597058847633	0.017669149995716893	-0.42300964815543457	-265.2794435780008	25	752.0	752.0523829893809	0.3116827537363032	0.29530015975803614	0.449438202247191	0.3592870116831936	False
27	2054-10-01	FGA	tropics	0.2662636486864144	0.07181666527196162	2.3240774672681246	0.11456745845886042	0.2816999338426544	-70.85464471888754	26	1083.0	1082.78753576905	0.33989070293398604	0.32627868608943533	0.6235294117647059	0.4309058640406199	False
28	2054-10-01	FGA	tropics	0.12620225607663463	0.01632064133073767	3.9729571242923525	0.03176532042215615	-0.405572897042359	-56.073508945044104	23	2245.0	2244.995352398021	0.5775535062005822	0.5574526551116301	0.8714285714285714	0.9229040343524529	False
0	2025-04-01	GARW	north	0.5279095900242764	0.30793130388502993	10.541521138764045	0.05007907142385827	-0.6301465462110263	-938.6994723211897	11	1419.0	1418.8358468163779	0.8373653142728835	0.8374135986806753	0.990990990990991	0.9638187027371699	False
1	2025-04-01	GARW	north	0.39484067459120925	0.17851836676149874	12.395005208093561	0.031854821193087544	0.25168331219495865	-1871.1533600567911	10	190.0	189.75237351868384	0.1779972533989272	0.175226911724974	0.45714285714285713	0.41688070201229893	False
0	2025-10-01	GARW	north	0.42767790480581597	0.19656426817624234	9.336740629852928	0.04580591040928945	0.8469441991667592	-684.1431878167191	14	1469.0	1468.8349079864931	0.7520405297578601	0.7338285539953139	0.990990990990991	0.9883778417230116	False
1	2025-10-01	GARW	north	0.3645937873165139	0.16561043741889842	4.350507272596079	0.08380489089470013	-0.02483771929414759	-196.95608308881094	18	335.0	335.0452634918241	0.4620945306586215	0.4455341395387154	1.0	0.809349635696346	False
0	2026-04-01	GARW	north	0.08081965459622342	0.006531816569052858	1.9270184632691434	0.04194025959622343			1	14.0	13.80034433056893	0.4375	0.35753350801431844	0.4375	0.35753350801431844	False
1	2026-04-01	GARW	north	0.17693987687107807	0.04747250745923292	4.8048502253196546	0.03682526375924792	0.40379973736447233	-81.52901238325143	25	1448.0	1448.0314012606384	0.9350277842424868	0.9183810913117151	1.0	1.0	False
1	2026-10-01	GARW	north	0.0018695788222542846	5.322773390720818e-06	0.03729424603378499	0.050130489849845104	0.9979044958842685	0.9939586294930995	27	1712.0	1711.894893677641	0.9855888923790138	0.9793900764438024	1.0	1.0	True
1	2027-04-01	GARW	north	0.0017243367940055398	4.328604091062929e-06	0.03805754310808767	0.04530867347658862	0.9060813169946329	0.8152528970492174	7	213.0	212.89008262345607	0.9626202788612244	0.9556334315466951	1.0	0.9706870891433188	True
3	2027-04-01	GARW	north	0.0034095027448512527	1.6538034462424657e-05	0.060512079950532253	0.056344167109087503	0.9971491171813586	0.9754826658446851	16	2374.0	2374.0101102884064	0.9484411961415729	0.9470881027259379	1.0	0.993669077707272	True
3	2027-10-01	GARW	north	0.07441993625998314	0.008428439690650442	1.2927967248084422	0.05756507177956394	0.09979964761731522	-3.3987858346341957	25	3045.0	3044.9829801267556	0.964602250555039	0.9538873212326565	1.0	0.9998733293727913	False
3	2028-04-01	GARW	north	0.42408802783291355	0.19516327357508173	7.685462371579237	0.05518054832994653	-0.9971327543439319	-7053.628503104503	7	337.0	336.8656240079024	0.9948979591836735	0.9948157443429498	1.0	0.997218192355339	False
4	2030-04-01	GARW	north	0.0065865172977228785	5.829701936825437e-05	0.15730065053606782	0.04187215548871898	0.9969988625710875	0.7439016451604974	14	850.0	849.8904919017866	0.9839402638332386	0.9821962318704535	1.0	0.9985854337472522	True
4	2030-10-01	GARW	north	0.043583461820824815	0.0025096703353637735	1.0355084714159735	0.04208894762708023	-0.27010982609880707	-1.834150002194919	24	1264.0	1263.9684360085917	0.9730890032274648	0.9645294649425455	1.0	1.0	True
4	2031-04-01	GARW	north	0.4685861225487662	0.23136328258651528	11.899774836264802	0.039377730166854974	-0.9959394670915931	-4175.704777620808	8	266.0	265.8987677761488	0.9535860366105902	0.9422642379690571	1.0	0.9819590989628499	False
5	2032-04-01	GARW	north	0.0016253842391273877	3.7712082765847623e-06	0.04499345161680997	0.0361249066413062	0.998360320547135	0.983798485214557	18	1038.0	1037.9193194880372	0.9922951019157737	0.9947180084850333	1.0	0.9963488619824497	True
5	2032-10-01	GARW	north	0.07419194493161765	0.007563949980558995	1.759308416487456	0.04217108509021144	-0.20112281037081878	-8.644815924407213	26	1349.0	1348.9378979597507	0.9940917869749846	0.9897810484559687	1.0	0.9987337433214267	False
5	2033-04-01	GARW	north	0.003641878884349138	1.8270953657116844e-05	0.08617463487845407	0.04226161084971076	0.9842058124722219	0.1095180132461171	5	123.0	123.01977848035318	1.0	0.998997872162007	1.0	1.0	True
6	2034-04-01	GARW	north	0.10260664076364642	0.013044024177675145	2.240259642964811	0.045801227141624726	0.9501589305673985	-14.138773217357933	20	2846.0	2845.9985879178444	0.9882628078900874	0.9867245497426126	1.0	0.9989778739299469	False
6	2034-10-01	GARW	north	0.07929603668053364	0.009781136162265655	1.3117751484828026	0.06044941221233481	0.18734159090834532	-5.532136734593739	25	3025.0	3024.9041244038767	0.9701383419133919	0.9686818092183591	1.0	0.999082729114193	False
6	2035-04-01	GARW	north	0.005203362295643738	2.7184791982410747e-05	0.08557399886796498	0.06080541244393852	1.0	-2.831012832058654	2	34.0	34.14781402340276	0.8898550724637682	0.8809938073767273	0.9130434782608695	0.8981802654637814	True
9	2036-04-01	GARW	north	0.0026883377807841932	1.1763544478068687e-05	0.046396096649541675	0.05794318864991738	0.9970870854054786	0.9939235852834352	21	4076.0	4075.9943340825066	0.9646811859298455	0.9644385608977063	0.993421052631579	0.9744063955661957	True
9	2036-10-01	GARW	north	0.023352712128884814	0.0008072285097389503	0.35638957028768325	0.06552580119006889	0.9551288467993563	0.6362171134936249	23	4130.0	4130.0103758610285	0.9601078577696774	0.9621876337397441	0.993421052631579	0.9732094379203403	True
10	2037-04-01	GARW	north	0.009389248072553676	0.00015228153646783268	0.5026385558472822	0.01867992012018758	0.9223032909751034	-0.9029009501075755	11	183.0	182.9839946448032	0.9956709956709957	0.9886934481053751	1.0	1.0	True
10	2037-10-01	GARW	north	0.003459766369446694	1.7324453036074454e-05	0.18567573031626836	0.01863337962130832	0.9923525917575555	0.8908729810696798	15	243.0	243.147046485759	0.9968253968253968	0.9876318837232415	1.0	0.9902948076886935	True
11	2038-10-01	GARW	north	0.2542007855523176	0.06892112976275919	14.473596114204081	0.01756307026578214	-0.6513183410287249	-492.68271837668004	7	98.0	97.69245185866012	0.7039409720351204	0.6701242706510175	0.8666666666666667	0.7510237462437942	False
11	2039-04-01	GARW	north	0.0014874358525422996	3.6012243939447177e-06	0.03308696341076546	0.04495534492169005	0.9975577000161333	0.9947606948936557	22	1673.0	1673.1993616090533	0.7080929270776443	0.7096146953752597	0.8666666666666667	0.8732680261291476	True
12	2039-04-01	GARW	north	0.0014161876510631348	3.3598425108561917e-06	0.020678582370043	0.06848572236338413	0.9991570514940832	0.9946443158438483	12	871.0	871.0056600403328	0.33697434502096413	0.33653002349928	0.558974358974359	0.5633167571239103	True
11	2039-10-01	GARW	north	0.08720222701785202	0.012110809915381566	1.5979232972512014	0.05457222331501147	0.0035560448068848796	-8.373907594763113	23	1800.0	1800.0001818380729	0.6371206220688812	0.643544690013137	0.8666666666666667	0.8798711929784031	False
12	2039-10-01	GARW	north	0.0887968718297094	0.013356651950316788	1.2987132957286842	0.06837295969922838	-0.510558698439928	-6.302400842483273	22	1216.0	1215.9521069053224	0.4624425279520894	0.46000688516986993	0.8571428571428571	0.7053712191885778	False
11	2040-04-01	GARW	north	0.010696942507216103	0.0001319238443148239	0.15439388468663293	0.06928345982696957	1.0	-2.2042739043483524	2	42.0	42.084199766356285	0.3803947808631649	0.3688000733668476	0.39344262295081966	0.39973184753556706	True
12	2040-04-01	GARW	north	0.006234402818532815	4.883760269661844e-05	0.0981977225246173	0.06348826284611546	0.9053060029712992	0.6392739392995863	6	127.0	127.02378115305076	0.706931898442437	0.6969372743706673	0.8571428571428571	0.7518692723767999	True
13	2041-04-01	GARW	north	0.06147454744596005	0.004712006064630075	1.3302667648554203	0.04621219523036148	0.9947499135628107	-12.066023480280833	14	1348.0	1347.9611427790833	0.9929839715511152	0.9911164287109546	1.0	0.9949061195411291	False
13	2041-10-01	GARW	north	0.002751158352056162	1.3711325428080877e-05	0.0553940657100517	0.04966521804802174	0.9985126164768416	0.98845619855636	24	1829.0	1829.1156292371136	0.9917415186404424	0.9944740808433005	1.0	1.0	True
13	2042-04-01	GARW	north	0.006205667276107657	4.2745537589190264e-05	0.12601274813817134	0.04924634505473386	0.9939656613880439	0.9136443250703846	10	315.0	314.96470025845946	0.8815944086017977	0.8536177282160609	1.0	0.9966807109410343	True
14	2042-04-01	GARW	north	0.00827608828570099	9.61693262887475e-05	0.22878475422731478	0.036174124948369926	0.9828070119304448	-0.3127632973604637	8	147.0	147.00635598432692	0.6309520005856213	0.6610339954300837	0.7575757575757576	0.7051749452602191	True
13	2042-10-01	GARW	north	0.0030334502647321464	9.99308082845971e-06	0.1337154183801882	0.022685867504877017	0.9984506614070063	0.9519636772973414	5	67.0	66.47716027321478	0.3942040717902787	0.272174332727548	0.4827586206896552	0.36311612791910813	True
14	2042-10-01	GARW	north	0.002067699485418987	6.4155172802386615e-06	0.05642274575030711	0.03664655907689023	0.9985658136039341	0.9854851763111994	20	418.0	417.9725733400576	0.7692106628009532	0.788879863892223	1.0	0.9002223492080766	True
13	2043-04-01	GARW	north	0.000672613206184617	4.5240852513395006e-07	0.032445272608948715	0.020730699793815383			1	12.0	12.00095170643555	0.2727272727272727	0.17344577088823188	0.2727272727272727	0.17344577088823188	True
14	2043-04-01	GARW	north	0.006760019846034015	8.02101616946887e-05	0.10521644964485644	0.06424869750739097	0.9727899612332874	0.9097651050005817	23	487.0	486.9925465726297	0.5013333492848862	0.5259077201552945	1.0	0.9223901807788962	True
15	2043-04-01	GARW	north	0.001890857385452199	5.348083672995799e-06	0.026907898416610402	0.07027146290566348	0.9990247083986823	0.997637909233407	17	3941.0	3941.029486183942	0.8861981699309771	0.8324341801792382	0.9812646370023419	1.0	True
14	2043-10-01	GARW	north	0.012255936386289013	0.00043582582344383524	0.16050581185973536	0.07635820936502517	0.9630857678863061	0.6085989573505026	11	242.0	242.00748463685332	0.1997497623283806	0.22817270726762737	0.5714285714285714	0.5376858050008851	True
15	2043-10-01	GARW	north	0.004720497815441332	3.355596175464294e-05	0.059032233638752395	0.07996475017917172	0.9964134757534515	0.9898840341449513	22	4058.0	4058.1159593657208	0.9112505339077029	0.8988988347280636	1.0	1.0	True
17	2046-04-01	GARW	north	0.01615397092545759	0.00040741201983417007	0.3276892830744862	0.049296610416721114	0.9740082436010775	0.5114584382132292	19	2593.0	2592.970549427832	0.997320179301056	0.9935160947596486	1.0	1.0	True
17	2046-10-01	GARW	north	0.05315722304748457	0.003966281075130675	0.9795090785971322	0.054269249983488824	0.5883939661328654	-1.6487534578224023	25	2849.0	2848.9129380503973	0.9974077807132471	0.9974786089907276	1.0	0.9985883025108409	False
17	2047-04-01	GARW	north	0.002245774576023693	7.619704158563206e-06	0.04138641552035671	0.05426356807631879	0.997554486353315	-0.4838680323514255	4	109.0	109.05338630172989	1.0	0.998603969022897	1.0	0.9989782662368939	True
19	2048-04-01	GARW	north	0.0019238744909512403	5.943555633140391e-06	0.028777178234273594	0.06685417434916907	0.999149467492915	0.9973183983704618	26	4740.0	4740.132396297708	0.9419626273444089	0.9273038358278558	1.0	1.0	True
18	2048-10-01	GARW	north	0.2681608176188145	0.07293189033069644	6.221518382650818	0.04310214984923962	0.8574920359265705	-122.23046024813982	8	111.0	110.7123838939391	0.04826038579896236	0.04058850816171061	0.11235955056179775	0.054756264638712596	False
19	2048-10-01	GARW	north	0.17374459283545865	0.07441660338730369	2.509646764983793	0.06923069623169884	0.7966965004386777	-33.9715856317849	23	4680.0	4679.898853867435	0.9407740219349141	0.932097672588462	1.0	0.975222013791051	False
21	2050-04-01	GARW	north	0.19327918725757184	0.04508154735423282	4.2963552455121485	0.04498677977326615	0.912545716927701	-65.60262425530257	19	2492.0	2491.988219471229	0.9930651341771044	0.9617087234838614	1.0	0.9993469454757193	False
21	2050-10-01	GARW	north	0.14478927379764397	0.027306037183183956	2.6060915737120762	0.05555801463699466	-0.24094857529641042	-18.52244047006588	26	2765.0	2765.209521143547	0.9931839616888631	0.9924250411037632	1.0	0.9976948399819546	False
21	2051-04-01	GARW	north	0.4176143765175073	0.18219392582652327	7.671351213157941	0.05443817717551675	-0.9369078388695872	-43952.492307363995	5	130.0	130.1309713399295	0.990909090909091	0.9814572937442556	1.0	0.9955184347027658	False
22	2052-04-01	GARW	north	0.16208483868554607	0.044848445596568	4.066810515297199	0.03985551775177828	0.8520251651455995	-89.78510720403783	20	1658.0	1657.9712873645628	0.7867309266994906	0.7873370396548073	0.9148936170212766	0.8763301793650923	False
23	2052-04-01	GARW	north	0.1789977524746377	0.03343571583171425	3.7742115953716615	0.04742652815071199	0.9785856985803645	-48.05991093080586	14	468.0	467.9689085287287	0.22222054382619896	0.21766359873662514	0.29545454545454547	0.23865926466219442	False
24	2052-04-01	GARW	north	0.060787613855012024	0.0036951339981860496	6.239845399969312	0.00974184614498798			1	11.0	10.654399611825824	0.05188679245283019	0.03509100096388604	0.05188679245283019	0.03509100096388604	False
22	2052-10-01	GARW	north	0.06447917565290323	0.00588201245372743	1.2685715442148389	0.050828174372153	0.3478866698556547	-4.389710771956412	25	1863.0	1863.039296469742	0.7400711745044917	0.738222786240008	0.9148936170212766	0.8553408468883995	False
23	2052-10-01	GARW	north	0.06756057547674316	0.008048328324765465	1.5096855957897233	0.044751420868794814	-0.22802024093065298	-7.632401824416741	18	539.0	538.9375045327072	0.23113787305364988	0.22363789959720679	0.313953488372093	0.23991025103419703	False
24	2052-10-01	GARW	north	0.018820193399953895	0.0003541996796116682	0.534733000668192	0.035195496399953896			1	11.0	10.948514702144026	0.05188679245283019	0.039203572802685646	0.05188679245283019	0.039203572802685646	False
22	2053-04-01	GARW	north	0.0018805665066432345	9.13340034638742e-06	0.03758708626978956	0.05003225025598036	-0.7473545679848121	-26.704635203011904	4	101.0	100.89560495504692	0.5707998302510497	0.5519682067204733	0.6615384615384615	0.5936394448897948	True
23	2053-04-01	GARW	north	0.014679168808281563	0.0002195753802323859	0.29710845966764604	0.049406768237774505	-1.0	-3161.9586278737047	2	24.0	23.928560156151953	0.25277777777777777	0.23655585415865799	0.3055555555555556	0.24308510708126393	True
24	2053-04-01	GARW	north	0.016414747650089673	0.0002735010566838898	2.0844312446936573	0.007874928804620802	1.0	-37.430317776143475	2	27.0	26.81183423872792	0.5450885668276972	0.4138151172506992	0.6086956521739131	0.46254778444356714	True
25	2053-04-01	GARW	north	0.015166223275411318	0.000247430298093789	0.5449087519205263	0.027832592561521707	0.9550510069048517	-11.090565022455953	4	65.0	65.17854199129367	0.6249246854510013	0.5824216865113024	0.696969696969697	0.6147702748257259	True
24	2053-10-01	GARW	north	0.002299814434679045	9.12818688974675e-06	0.09669102414556204	0.023785190559330767	0.9955405838620867	0.9453131980444912	8	94.0	93.9193748507148	0.4531791929889756	0.3861604378511412	0.7692307692307693	0.598884792432914	True
25	2053-10-01	GARW	north	0.004416317128115338	2.664401281083423e-05	0.14930908274084354	0.029578355496167368	0.9977662187161236	0.9008402478484498	17	287.0	287.02263505399424	0.7163569110173831	0.7104171731961431	0.9166666666666666	0.8520192082021008	True
24	2054-04-01	GARW	north	0.013809955274070172	0.00021414657446182272	0.642634271238886	0.02148960286143315	1.0	-4.568191784046143	2	25.0	24.971674903527116	0.36250000000000004	0.2536430264717093	0.4	0.27690540732151286	True
25	2054-04-01	GARW	north	0.012417576176058672	0.0002882179875021898	0.1440186578735055	0.0862219962288864	0.8675294130895054	0.7045678059209426	33	1265.0	1264.9617688045737	0.44576993256997066	0.45060154066473607	0.9166666666666666	0.8464380844868643	True
26	2054-04-01	GARW	north	0.012386664657543147	0.00031626359831960274	0.17596889918981007	0.07039121523504097	0.9888143737578737	0.7782941940329531	19	2683.0	2682.973611303165	0.47070973285962986	0.4463440310752381	0.6577946768060836	0.5289861759428148	True
27	2054-04-01	GARW	north	0.015748156146039142	0.0003294397855334515	0.22260071456377564	0.07074620661887973	0.998515831672351	0.6118030068258775	14	2008.0	2007.9955764244885	0.3542261714139183	0.3585523344331401	0.6583333333333333	0.681991463784423	True
28	2054-04-01	GARW	north	0.03776621290714428	0.0014645849472476012	1.4307304723887042	0.026396455262528207	0.9942245605094933	-6.348533279449267	7	159.0	159.09022322449044	0.060707298749242064	0.056576428706062755	0.09859154929577464	0.08146097271947775	True
25	2054-10-01	GARW	north	0.06367244494366199	0.005639665788498592	1.1603393873343124	0.054873983972860634	0.8120418971825777	-5.630767210909477	21	1077.0	1076.7924339865722	0.2615989281359993	0.24964220010798868	0.6521739130434783	0.6337809634088879	False
26	2054-10-01	GARW	north	0.09307061408394295	0.0111273173929449	1.5128479836573632	0.06152013625251459	0.17869712836857643	-6.053496618532841	23	2773.0	2772.9589029104377	0.41987022809196284	0.4231656109147629	0.6577946768060836	0.59093927371806	False
27	2054-10-01	GARW	north	0.045682429961408984	0.0028160547460783104	0.49410918653827773	0.09245411987066962	0.3594441864803951	-0.26374615435833704	22	2388.0	2387.9528176237422	0.42735035780552516	0.4349236723248294	0.6583333333333333	0.5907537175942615	False
28	2054-10-01	GARW	north	0.05943496144058092	0.004290615549143661	1.0783145508916359	0.055118389519491676	-0.8362001774007927	-4.916527061714307	14	285.0	285.13261610228324	0.15594572569072646	0.15119781661617906	0.5	0.3582487496505325	False
1	2025-10-01	GARW	south	0.009651944258365542	0.00012220077156751877	0.21299086721129235	0.04531623531440232	0.981378776490367	0.19469533340682854	11	561.0	560.9773928451441	0.9978097299525871	0.9883522427422939	1.0	1.0	True
1	2026-04-01	GARW	south	0.10307124140735567	0.016633711973891283	2.1557798271129642	0.04781158080757691	-0.8547262943362641	-20.20709309986633	22	1112.0	1112.0078834563526	0.9982055642769929	0.9946480774341233	1.0	0.9985850828537752	False
1	2026-10-01	GARW	south	0.0019031488011284074	4.614630927580038e-06	0.05434083654701844	0.035022442090704785	0.9972199193515614	0.9922124478375377	21	863.0	863.0507961725608	0.9315425055016744	0.9206685258491272	1.0	0.9986300198799319	True
2	2026-10-01	GARW	south	0.004950026062032531	2.878004442407231e-05	0.162907967866043	0.030385414089155356	0.9988892112719598	0.31588057169045003	3	41.0	40.679182344807415	0.18383621546412243	0.13804524811782834	0.2153846153846154	0.148839455113917	True
1	2027-04-01	GARW	south	0.0022147036537953826	6.094829501361592e-06	0.06311806842791746	0.03508826725780802	0.9964110395707992	0.9888803417693576	22	822.0	822.0784645720961	0.7828142966846269	0.7596688687400188	1.0	0.9247543312483376	True
2	2027-04-01	GARW	south	0.0027106587960823553	7.782885207390518e-06	0.08636450975357617	0.0313862581263609	0.9969290394820054	0.9736031550157014	7	87.0	87.00126737710418	0.2036787243763988	0.18185609309035872	0.25	0.20972291893342554	True
3	2027-04-01	GARW	south	0.005634471601714947	3.326242120778739e-05	0.2504466938682309	0.02249768808958384	1.0	0.847851195400649	2	25.0	24.59439370241862	0.6388888888888888	0.5918581242956689	1.0	0.9900896149686007	True
1	2027-10-01	GARW	south	0.006154556497167054	4.0772253814579036e-05	0.1462451192102768	0.04208384204821084	0.9762410260442376	0.3300590861515509	8	230.0	230.01178851319202	0.6394998460004356	0.6044957668178406	0.7833333333333333	0.7531178249803779	True
2	2027-10-01	GARW	south	0.007289131319394522	5.646824720407824e-05	0.45834351639653953	0.015903205911367735	1.0	-7.778648145392717	2	23.0	22.99535192703882	0.225	0.205643454559309	0.25	0.2067483333672886	True
3	2027-10-01	GARW	south	0.0032588603279949057	1.623206290072847e-05	0.05551731166565839	0.05869989432522819	0.9975048012525257	0.9872611040255329	25	3727.0	3726.9708879024092	0.9637822987949093	0.9479826475687513	1.0	1.0	True
3	2028-04-01	GARW	south	0.36643387736388483	0.1660222819027893	6.053848755718758	0.06052907698061232	0.9785869675773887	-110.36811900009113	27	3765.0	3764.800224003293	0.9915305609866818	0.9870675701829629	1.0	1.0	False
4	2031-04-01	GARW	south	0.001533818058555192	3.897409347876359e-06	0.0779404296258647	0.019679363661682863	0.9910232237897869	0.9740595723015583	13	167.0	166.40164483508585	0.825296130597988	0.7883113999743846	1.0	0.9246682105813497	True
4	2031-10-01	GARW	south	0.00036489509798019217	2.0048044174609448e-07	0.016137526369381015	0.022611588023337705	1.0	0.9343819408336319	2	25.0	24.857451776271134	0.7610294117647058	0.6445157331241937	0.875	0.664915489724635	True
5	2031-10-01	GARW	south	0.0014005125950183161	2.5508340151874095e-06	0.031588017552107515	0.04433683097421464	0.9972069584414092	0.9903488980310781	15	1218.0	1217.9032840413465	0.9886955302641578	0.9905241624904988	1.0	1.0	True
5	2032-04-01	GARW	south	0.0020934500218840126	5.183157163281903e-06	0.04474784805311545	0.04678325579811344	0.9992571006136797	0.9952008215167358	25	1760.0	1759.9842797440324	0.9914487252257226	0.9890055872754817	1.0	0.9985147853110236	True
5	2032-10-01	GARW	south	0.013420489822977685	0.0001969481440885074	0.28724079399861524	0.04672208858691006	0.9880874997264797	-3.652874445005219	7	229.0	229.08592816578172	0.9963369963369964	0.9967031972731863	1.0	0.9982577758954053	True
6	2033-10-01	GARW	south	0.011581899397658246	0.00018093237788730993	0.22540533482362024	0.05138254339331004	0.9408727277698887	0.02257108802190111	13	893.0	892.9406059768136	0.9995131450827655	0.9931245723498107	1.0	1.0	True
6	2034-04-01	GARW	south	0.04533285649822375	0.0043043970719759735	0.8804655007285308	0.05148737396378803	-0.4717626268328774	-2.4262011873703813	27	1728.0	1727.8818072852412	0.9988181160125502	0.9944102639725878	1.0	0.999737017645794	True
6	2034-10-01	GARW	south	0.0015434492760230826	4.77051933218106e-06	0.03361181758649038	0.04591983971266827	0.997324639692377	0.9946213950978534	22	900.0	900.0172134479856	0.7785731810907882	0.7794690969216745	1.0	0.9999080342118148	True
7	2034-10-01	GARW	south	0.0011377226163771566	1.7871826220785526e-06	0.04045734791247088	0.02812153230702639	1.0	0.858912663331759	2	22.0	21.98510298306961	0.09264013692768507	0.08349410204544562	0.0975609756097561	0.08620387208217738	True
8	2034-10-01	GARW	south	0.0021350319883578764	5.276731993729199e-06	0.046554943581367	0.045860478482297955	0.9975031829912373	0.9547423088380111	9	322.0	322.00003173911523	0.41896005849095946	0.3915308270904336	0.4915254237288136	0.4701003284159845	True
6	2035-04-01	GARW	south	0.23539564798617849	0.0631270900159601	6.269773455285684	0.03754452208918809	-0.6318958752953513	-104.20486880679161	22	796.0	795.9334747614159	0.5495251579280682	0.5406474430561867	0.875	0.6524785388857809	False
7	2035-04-01	GARW	south	0.19045132857660516	0.039743192749658	9.57537296381378	0.01988970343989089	-0.9994168622689503	-267.3837302296635	3	37.0	36.877994139452696	0.100519781207604	0.0793280365724109	0.11627906976744186	0.08096202461515538	False
8	2035-04-01	GARW	south	0.2664893283506056	0.08107845599465621	5.557296337212769	0.04795305345985236	-0.8718269932721485	-104.34032198952035	17	588.0	587.9675298896144	0.41277581912148975	0.3994045653014493	0.51	0.4423230414891641	False
6	2035-10-01	GARW	south	0.18144261821073884	0.0334754176809587	5.440048036993527	0.033353127946093304	-0.6794092520246049	-370.20504138964066	9	269.0	269.00230462063524	0.5671676692783084	0.5467836467419533	0.6470588235294118	0.6055337167828074	False
8	2035-10-01	GARW	south	0.1905946894417695	0.03653543695114861	5.946266544466932	0.03205283315446396	-0.7988882106117998	-1903.15774781735	6	154.0	154.08991530994675	0.37728003026540463	0.3744476607964849	0.41935483870967744	0.39893098258242055	False
9	2035-10-01	GARW	south	0.029485624811964338	0.001260160294981031	0.4510751275594731	0.06536743662080267	0.9731653713178603	-2.8135432785539436	10	723.0	723.0419694962586	0.7762533317238308	0.7482591859481759	0.9700598802395209	0.9381690666274559	False
9	2036-04-01	GARW	south	0.0025516440240545037	8.696973674264316e-06	0.04542453698628467	0.0561732533415792	0.9973340090995333	0.9934271388950993	25	1902.0	1901.962715239032	0.900008786852425	0.8617589269895939	1.0	0.9921511164948879	True
9	2036-10-01	GARW	south	0.010836604290194412	0.00014821274855986725	0.26901183321883865	0.04028300227737169	0.8544938628862561	0.6961452870037477	16	923.0	922.8283628638615	0.817207197880493	0.8299068640363789	1.0	0.9935705276848047	True
10	2036-10-01	GARW	south	0.022479026423905236	0.0010893794778417962	0.34973296981896196	0.06427482783662468	0.8431981707565523	-0.07507924666015353	15	2892.0	2891.9995899971073	0.9106552903359797	0.81825499474265	1.0	0.9998015655928376	True
9	2037-04-01	GARW	south	0.007547804780103295	7.756415741927429e-05	0.2674757870970398	0.02821864686153803	0.9500622432815917	-1.056055026678588	3	44.0	43.82959082943844	0.07740902420253624	0.1395280456642801	0.09701492537313433	0.16807738986021237	False
10	2037-04-01	GARW	south	0.11322463232714867	0.020463373833246538	1.821722792660978	0.062152503544055805	-0.5407650066419779	-8.178520018490879	22	3419.0	3419.0142254535895	0.9563330480740685	0.9194282247078351	1.0	0.9992062811758963	False
10	2037-10-01	GARW	south	0.4751935683995539	0.23552160895829158	7.932174021567044	0.05990710328688387	-0.9750245308335024	-18232.593268516608	5	170.0	170.08650898795074	0.9895833333333333	0.9917900633940502	1.0	0.9952555469916485	False
11	2039-10-01	GARW	south	0.09777499595116144	0.009559949833249638	7.930737028820569	0.01232861404883856			1	12.0	11.988686409167336	0.04819277108433735	0.03622803258328883	0.04819277108433735	0.03622803258328883	False
12	2039-10-01	GARW	south	0.05789352131558101	0.005449104104961506	1.3573453399022122	0.042652020538672834	0.9497449033669213	-7.6259657263253455	20	2560.0	2560.001986819302	0.9571560514689864	0.952222444533346	1.0	1.0	False
11	2040-04-01	GARW	south	0.11482985536299518	0.013185895682686393	17.580782674455904	0.00653155536299518			1	12.0	11.877797000811393	0.04819277108433735	0.03838940653313505	0.04819277108433735	0.03838940653313505	False
12	2040-04-01	GARW	south	0.1175434264029866	0.019664846793326342	2.155173451845095	0.05454012358140124	-0.14537584188639058	-14.040388601273667	27	2869.0	2869.0942278808884	0.9670870085092884	0.9610792779750232	1.0	1.0	False
12	2040-10-01	GARW	south	0.0023724927266712895	8.550273337266905e-06	0.04359343089195636	0.05442317060456579	0.9936429575271513	0.31969645538660973	4	108.0	108.10522395773756	1.0	0.9966562834337127	1.0	0.9979764837504337	True
13	2041-10-01	GARW	south	0.007391971071315803	8.137972771406146e-05	0.23819976810378524	0.031032654356300933	0.9216375177445848	0.14113920159840265	16	635.0	634.6560624087007	0.981264205301029	0.9832653752008818	1.0	1.0	True
13	2042-04-01	GARW	south	0.013985022393162936	0.0002581619319575279	0.27497827570888467	0.050858644586049655	0.9052103281582126	0.5894142051352815	27	1130.0	1129.5173392994611	0.9372570739196059	0.9309003079826138	1.0	0.9940038356355064	True
13	2042-10-01	GARW	south	0.008211756046298643	0.00021973964269512365	0.08820895890392523	0.09309435400141908	0.8888028516929167	0.7341129682196058	20	517.0	516.7537572812082	0.46078227450515136	0.4470017208415187	0.9764705882352941	0.958898749584656	True
14	2042-10-01	GARW	south	0.001270643406140134	2.0007360867839468e-06	0.029534710613342965	0.043022036774793805	0.9981662335043612	0.9938349013319104	16	1337.0	1337.0141849394854	0.8603210810156495	0.8538036413335879	0.9126984126984127	0.8824308111877791	True
13	2043-04-01	GARW	south	0.002956806712968258	1.3029052103506222e-05	0.0936669922773025	0.03156722171898707	0.9993785033621578	0.9680499340115813	12	182.0	181.90884633136432	0.12989420563990775	0.13669202879790682	0.22988505747126436	0.1746591596216939	True
14	2043-04-01	GARW	south	0.0016326985259243407	3.4256114845215915e-06	0.03216328047755685	0.05076281093477445	0.9984523241841902	0.9968393841351889	25	1748.0	1748.04589498774	0.8352352496717788	0.7795590690540402	0.9126984126984127	0.857097893888703	True
14	2043-10-01	GARW	south	0.004502118068966722	2.1232164312217586e-05	0.08016303806376616	0.05616201902659285	0.9587866131185379	0.6370435507852669	7	228.0	227.90527608157996	0.7744795539628367	0.6984836371940565	0.8571428571428571	0.8852675248785408	True
15	2043-10-01	GARW	south	0.001007355264883206	1.4107350677862686e-06	0.02478807971938542	0.04063869715956286	0.998969765557894	0.9975280315117899	25	3639.0	3638.973119312417	0.9811836866378612	0.9771301606346414	1.0	0.9999607046563026	True
16	2043-10-01	GARW	south	0.006407822528832944	4.795696624484072e-05	0.16542554658139713	0.03873538677219963	0.9997472449427433	0.8798280200495376	6	76.0	76.00138942280189	0.0514610823899355	0.046284607718424776	0.08333333333333333	0.06588522100732477	True
15	2044-04-01	GARW	south	0.17064223602170553	0.03549957983611549	2.856804075658363	0.05973186522508733	-0.07607496250807486	-26.27450327296683	31	3931.0	3931.012249017011	0.9702037216218847	0.9533916651508038	1.0	0.9999905098955519	False
16	2044-04-01	GARW	south	0.1018971427993638	0.014571068837583648	1.248144947805611	0.08163886973104464	-0.7704298692168037	-11.897295060838049	6	76.0	75.70198477484605	0.0514610823899355	0.06108987116984412	0.08333333333333333	0.09528311460290018	False
15	2044-10-01	GARW	south	0.011613899021269343	0.0001424899109064222	0.18718122915750676	0.06204628035376685	0.9393733392362644	-28.20078464168454	4	95.0	95.02811926866464	0.9506688963210702	0.8578814485685704	1.0	0.8958394606748632	True
17	2046-10-01	GARW	south	0.16744495174650897	0.030935269088741058	4.417800913848084	0.03790233082292919	0.9775045803845317	-93.5893130339328	18	1696.0	1695.9999971787365	0.9960171749039995	0.9956921868041526	1.0	1.0	False
17	2047-04-01	GARW	south	0.03159070197385529	0.0012621137373333656	0.630890420426403	0.05007319964139561	0.49468816470883514	-0.20902474682546446	28	2134.0	2133.9534334203145	0.991162392096057	0.9830704763345468	1.0	1.0	True
17	2047-10-01	GARW	south	0.004417370149001243	2.678364042702678e-05	0.08956498057533838	0.049320282554915905	0.818805647259883	0.5182289363302299	8	252.0	251.9939238895292	0.9806968494468495	0.9722644715513697	1.0	1.0	True
18	2047-10-01	GARW	south	0.011710906073134675	0.00035949305944064317	0.24458839866210302	0.047880055379540716	0.902817867524673	0.6364200876957657	16	508.0	507.89097409660314	0.19284471509929538	0.19440370765612514	0.56	0.43418498110352793	True
19	2047-10-01	GARW	south	0.0038952024496818165	2.6123509894452304e-05	0.054742775184995214	0.07115463979527067	0.99873528585252	0.9868298862560696	16	3542.0	3541.9741864745693	0.8037878844814174	0.7855983440279729	0.9381188118811881	0.9288032571355442	True
18	2048-04-01	GARW	south	0.07545671593819006	0.00911814147948077	0.9946627683773197	0.07586160690551351	0.10313203087020051	-6.101832711216646	16	508.0	507.9585938923893	0.19284471509929538	0.1893111993375599	0.56	0.4770565486345773	False
19	2048-04-01	GARW	south	0.12895472391005186	0.02488391977605822	1.5844468036316441	0.08138785323336835	-0.2674565204281093	-7.184250337127244	22	3842.0	3842.0485932049296	0.8388750915841491	0.83773334487917	1.0	0.9911836617531737	False
19	2048-10-01	GARW	south	0.008632908153639792	0.00010993531854863652	0.12518246601949587	0.06896259858225916	-0.777325427030872	-2.559833376896503	4	115.0	115.0131708986265	0.931682389937107	0.9426947807321497	1.0	0.9489753331981803	True
20	2048-10-01	GARW	south	0.030751038990047396	0.0009456263989674152	10.103966828108316	0.0030434619900473947			1	11.0	10.999364182313798	1.0	0.9946411765818185	1.0	0.9946411765818185	True
20	2049-10-01	GARW	south	0.010869336263712906	0.00013258476924464055	0.3034441264165703	0.0358198934086185	-0.7091739899675034	-0.18987227929687367	3	39.0	38.676835989401766	0.08001389991027297	0.06679306395748813	0.11711711711711711	0.07724900720966019	True
21	2049-10-01	GARW	south	0.011085827380523538	0.0002365044824529896	0.16298482085134244	0.06801754496288252	0.9609102486364325	0.1973189513737994	12	1061.0	1060.997849815076	0.9103811972697246	0.9130727072709485	0.953757225433526	0.9444298077599688	True
20	2050-04-01	GARW	south	0.04105004086683471	0.0017301440148482275	2.6835883474972038	0.015296698133720556	0.7494264099920454	-19.219638887241903	5	65.0	64.86561573587161	0.07340653606974851	0.03467201290310403	0.11711711711711711	0.061444234657328727	True
21	2050-04-01	GARW	south	0.02528988750677586	0.000978490623228641	0.4004192003784862	0.06315852856923751	0.8744232219466596	0.4101611972439909	26	2197.0	2196.9858651741774	0.939200859195221	0.9309815610186664	1.0	0.9745859288777261	True
21	2050-10-01	GARW	south	0.36705352814210673	0.14247889087994745	7.720213733353706	0.047544477500191765	-0.7476747413068364	-1418.751765958516	12	753.0	753.0113580836544	0.9684699127047477	0.9460861122421037	1.0	0.9696874744201782	False
22	2051-10-01	GARW	south	0.0019468237659737014	5.997191354245922e-06	0.04166485986715086	0.04672579656288737	0.996014957018122	0.9910482365643994	20	2445.0	2445.0000209070004	0.9718907230830418	0.9663992023557881	1.0	0.9919116977004094	True
23	2051-10-01	GARW	south	0.0009385895495874971	8.809503425948607e-07	0.09949596291680142	0.009433443549587497			1	10.0	10.001793826204207	0.05434782608695652	0.03839952800664581	0.05434782608695652	0.03839952800664581	True
22	2052-04-01	GARW	south	0.0017979860782827456	5.0939467526458125e-06	0.03465731693061153	0.05187897499054956	0.9982867732916657	0.9959991192539198	25	2764.0	2763.78452708525	0.9702485932080538	0.9718129274345333	1.0	0.9999212160648558	True
22	2052-10-01	GARW	south	0.006546387419325606	4.447951307348096e-05	0.12196816307094115	0.053672919674275885	0.9542673361056229	-1.5051030101773728	4	153.0	152.8370501091579	0.9564986040529518	0.9535822221533574	0.975	0.9680687143796832	True
24	2052-10-01	GARW	south	0.16897784483840603	0.03909395628002012	5.671790695840864	0.029792679931281287	0.9599507309487332	-459.5954782991914	7	97.0	96.93641332124287	0.9580586080586081	0.9579876447322715	1.0	0.9795166721567037	True
24	2053-04-01	GARW	south	0.002013755956336959	7.493063716391637e-06	0.0714600801244005	0.02818015251076313	0.9963377015333513	0.9710455571401099	12	183.0	182.78095855960802	0.9633119658119659	0.9542074574845602	1.0	0.9903206220532951	True
24	2053-10-01	GARW	south	0.027117817745173342	0.001419779991713919	0.34215612985252725	0.07925568294468784	0.2643294041368657	0.04637389510129308	16	308.0	307.8391455814093	0.3326269781474396	0.3366103280263064	1.0	0.9903723505409825	True
25	2053-10-01	GARW	south	0.013722887397563775	0.00037641926157365224	0.2747629499455962	0.0499444608535501	0.8776147320136567	0.4846342511027687	15	1593.0	1592.9940923013924	0.5426174710234495	0.5436050342173802	0.6216216216216216	0.6162373842450466	True
26	2053-10-01	GARW	south	0.011114356030757286	0.00016596307793234608	0.16948512218402226	0.06557717802917017	0.9959316622570039	0.6509714779159419	12	1017.0	1016.993815843164	0.3295070566439831	0.3264005409443908	0.4773413897280967	0.4867047523374065	True
24	2054-04-01	GARW	south	0.0187247432024277	0.0003999452552773951	0.48301955258250695	0.0387660149621567	0.9968056527369272	0.3195762878572056	13	260.0	259.8193170373825	0.10503922394066142	0.07427030530206219	0.2077922077922078	0.1709690630808603	True
25	2054-04-01	GARW	south	0.01616077562927432	0.0003680270067550826	0.2880348935509005	0.056107006446489596	0.9604059454136711	0.770799056084649	24	2086.0	2086.027870574884	0.4886678018465937	0.49252779076883485	0.6216216216216216	0.5845115129102337	True
26	2054-04-01	GARW	south	0.01753820275812655	0.0004169383161464205	0.2630193306159551	0.06668028055981472	0.951273574501346	0.749142981444146	23	1670.0	1669.9611630824177	0.460124291859292	0.45207968296791934	0.8666666666666667	0.6240140729494753	True
25	2054-10-01	GARW	south	0.35963588993722956	0.1342125681412028	6.5720763750279465	0.054721806232159054	-0.9584751616303553	-4234.683404913626	7	241.0	241.22338436413457	0.3738656582973258	0.3547470783224657	0.4375	0.4115716504517808	False
26	2054-10-01	GARW	south	0.39234127534803215	0.15662959264099235	7.889943680149819	0.049726752338564495	-0.923569346983861	-1431.3002689869995	9	401.0	400.97329371497136	0.62836429105641	0.6076042499070896	0.8666666666666667	0.6518980180450314	False
27	2054-10-01	GARW	south	0.0526022470668255	0.007270880688728403	0.968797970583436	0.054296405095839564	0.24496222827479636	-3.6180456004395776	18	1080.0	1079.9541314437815	0.3260301499804048	0.3199349486484173	0.8387096774193549	0.5818497070517076	False
28	2054-10-01	GARW	south	0.11611648246723609	0.016890608897363553	1.7842480077806093	0.06507866729338321	0.9586563418605382	-7.409662182408493	17	3330.0	3329.998929798446	0.725013279806268	0.7095321594999884	0.8947368421052632	0.8529904944410794	False
1	2025-10-01	GARW	tropics	0.14374278336689247	0.024723357273825967	4.4859458440426225	0.03204291544397136	0.9137263434841689	-2141.290251295983	14	618.0	618.062805132809	0.9640240518943052	0.9654659815649527	1.0	0.9920048025560885	False
1	2026-04-01	GARW	tropics	0.035486027405095474	0.003326739187770857	1.0937171508571288	0.03244534236048656	-0.48550133687950026	-5.807221126409517	38	2923.0	2923.125784119905	0.9828851020034538	0.9747154495288947	1.0	1.0	True
1	2026-10-01	GARW	tropics	0.29637723537689437	0.11197429610285586	10.966151611817516	0.027026549136664104	0.5039302679612663	-753.7835900854063	24	2097.0	2096.943254658178	0.9946083976182661	0.9944024309390781	1.0	0.9955821134092433	False
3	2027-04-01	GARW	tropics	0.0016568451225272424	5.116509488571134e-06	0.06276535533686484	0.026397446706624552	0.9649048086764769	0.6734984836528833	14	578.0	577.9992491912687	0.9609205277363859	0.9595836872872743	1.0	0.9933427861063631	True
3	2027-10-01	GARW	tropics	0.0010508297043012988	1.4515300095239446e-06	0.037566316520562464	0.02797265746632657	0.9980600976678857	0.9955380881570532	39	2406.0	2406.0013464902368	0.9803809776712011	0.9749467123264094	1.0	0.9976448509958737	True
3	2028-04-01	GARW	tropics	0.12104803082416815	0.022265850673574374	4.888756618473952	0.024760494389666272	0.8103024332185862	-251.7669611000598	26	1648.0	1647.9957612771213	0.9866611698145322	0.9885094304869065	1.0	0.9956561442110529	False
4	2029-10-01	GARW	tropics	0.00304076363671764	1.1016868657520135e-05	0.18761169528664112	0.0162077509724105	-0.38079493534084385	-0.34836600676168405	22	650.0	649.7532939528085	0.9976351537150084	0.9976015750953693	1.0	0.999258063980635	True
4	2030-04-01	GARW	tropics	0.030515278844798738	0.0026531669785596766	1.8924852748887238	0.016124447175206162	-0.41388512581496156	-26.192228385260467	46	1494.0	1494.057351584977	0.9772063895580603	0.9770663891243422	1.0	0.9992720055554376	True
4	2030-10-01	GARW	tropics	0.0025911072028652867	1.2869839318244813e-05	0.1672010173624378	0.015496958354317922	0.8688189206937857	0.5240283942991812	26	788.0	787.6232718124073	0.9433960662131271	0.9412026661458981	1.0	0.9958098012802262	True
5	2031-10-01	GARW	tropics	0.0016708026672192654	4.546949897758801e-06	0.1886594391552346	0.008856183791813774	-0.01954240204160132	-0.08178888192958955	10	134.0	133.90166837032976	1.0	0.9966568978903421	1.0	1.0	True
5	2032-04-01	GARW	tropics	0.0014792125044851422	3.2767771734092226e-06	0.16567684836076987	0.008928299391983125	0.8177632275132508	0.6684207437345391	35	558.0	557.2697160363867	1.0	0.9955481084925017	1.0	1.0	True
5	2032-10-01	GARW	tropics	0.025610795226991657	0.002056763000803602	3.2618956848129	0.0078515065169721	-0.6082875891068417	-175.39917655508313	36	574.0	573.8520951504528	0.9811623318202266	0.9746916504301554	1.0	0.9998206400319782	True
5	2033-04-01	GARW	tropics	0.002242727919412144	7.97467052464073e-06	0.25672371592398335	0.008735959244514138	0.4794970399787786	-0.13184202010342005	11	167.0	166.58315742914337	0.9453424565864758	0.9542561558573766	1.0	0.9790617686080171	True
6	2033-04-01	GARW	tropics	0.0013663266664822602	2.3161744954819866e-06	0.08653495713695512	0.015789303094237792	0.38479676202064095	0.007858596803243745	6	74.0	73.80538211920124	0.8139297385620914	0.8039598960871849	1.0	0.8514725161009243	True
6	2033-10-01	GARW	tropics	0.004346984740996737	2.4883296877131326e-05	0.26833918774255316	0.016199589696780592	-0.011037701672240052	-0.03882335472724652	32	1414.0	1414.0000001012904	0.9181858933793292	0.9169033626030216	1.0	0.9915165797214577	True
6	2034-04-01	GARW	tropics	0.03562671474066059	0.0028223175001199094	2.1554946936999633	0.01652832402918441	-0.21959357550364347	-18.18768682216835	44	2172.0	2171.7673062535637	0.9709448941888816	0.963922324546223	1.0	0.9955463090589077	True
6	2034-10-01	GARW	tropics	0.001315183518301988	4.634277169702964e-06	0.08446831810879446	0.015570139760662016	-0.5297579414304525	-0.032081487645379214	18	643.0	642.9553304745782	0.9838577196543654	0.9705868850975818	1.0	0.9898009194586271	True
7	2034-10-01	GARW	tropics	0.003993225598459287	1.594585068019053e-05	0.30915994491325366	0.012916374401540713			1	10.0	10.000184999778412	0.625	0.4803511372298505	0.625	0.4803511372298505	True
6	2035-04-01	GARW	tropics	0.004914795709447115	2.5407053695494688e-05	0.3172738313778437	0.01549070620827234	0.9953479335279796	-0.3081993538133967	4	42.0	42.18938550800113	0.231052036199095	0.17355791865396905	0.28205128205128205	0.21705922290836138	True
7	2035-04-01	GARW	tropics	0.0027147571398902317	1.1358386809294593e-05	0.1810043847344724	0.01499829489695895	0.8878348900125791	0.6628906112995914	18	336.0	335.93509868129524	0.45897373266391384	0.45035804964974585	0.625	0.4673354925389073	True
8	2035-04-01	GARW	tropics	0.0015405418581096886	3.5095516155980008e-06	0.14307525902719057	0.01076735326977055	0.893840688729358	0.5920293074112201	17	274.0	273.83231321674094	0.3951914985240987	0.38752277205936025	0.5263157894736842	0.46989228126371224	True
6	2035-10-01	GARW	tropics	0.0017256677049530844	3.397630899445332e-06	0.13707186236623128	0.012589510897155622	0.9926931931822093	0.9388678252360445	8	97.0	96.82756632225775	0.25414393501828114	0.20120446426119792	0.3055555555555556	0.2066503181493193	True
7	2035-10-01	GARW	tropics	0.001342230734289614	3.0762029589653683e-06	0.08624821983609349	0.01556241667179213	0.9932898039369032	0.9564804294638073	30	541.0	540.6338054799116	0.4196851306459241	0.4204535144916876	0.5909090909090909	0.44964013811201387	True
8	2035-10-01	GARW	tropics	0.002321942015813317	7.979692182264537e-06	0.21854848901415386	0.01062437917684684	0.9572885817212313	0.7153395709725934	32	527.0	526.7553779168144	0.4114129104546464	0.39162885437107553	0.5714285714285714	0.48505595042998995	True
6	2036-04-01	GARW	tropics	0.006708527842834835	5.614302433120484e-05	0.7891361717063897	0.008501102957083617	-0.9817316948006154	-5.024229653235345	3	36.0	35.90047703112914	0.2557846893546691	0.22593412433928797	0.3055555555555556	0.2289783263802663	True
7	2036-04-01	GARW	tropics	0.0030183341959751837	1.739290771356794e-05	0.2551429698286397	0.01182997202706534	0.2967277564816231	-0.5060671786955806	11	178.0	177.94283880073712	0.3889156490058196	0.3628211503486765	0.5	0.3851151384892611	True
8	2036-04-01	GARW	tropics	0.0042027056428223545	3.6739028458621576e-05	0.2736432575745453	0.015358338005742616	0.7113882959507085	0.13532738251793563	14	221.0	220.99845666261743	0.44192112429531155	0.4213089150472441	0.5714285714285714	0.4583161160602746	True
9	2036-04-01	GARW	tropics	0.0021487836288274186	6.730430646023094e-06	0.08700202460229188	0.02469808764393758	0.9444633836450866	0.8758743359114726	19	1116.0	1115.9239653008995	0.8929606605781566	0.8647120359565951	1.0	0.9865731975058181	True
9	2036-10-01	GARW	tropics	0.011382508498693775	0.00021095309434016513	0.4542644360751342	0.025057009958867078	0.8423830868453638	0.32703924759814773	41	2268.0	2267.990319726077	0.8061344326688148	0.7967157044920876	1.0	0.9938972539308613	True
10	2036-10-01	GARW	tropics	0.014132716808021658	0.00026940616191121683	0.5635834747223541	0.025076528042246186	-0.9070952393377903	-6.687529671813918	13	401.0	400.9044830086483	0.661458300382552	0.6271792765660058	0.9807692307692307	1.0	True
9	2037-04-01	GARW	tropics	0.006382709281300509	5.514710683598371e-05	0.29714704259702995	0.021479969060154147	-0.03511763843518001	-0.5095210857274128	20	919.0	919.0376853748444	0.7074772451361072	0.6713091484411918	0.9795918367346939	0.979040753331445	True
10	2037-04-01	GARW	tropics	0.006241253616963908	7.131062581391902e-05	0.2759211419862122	0.02261970058559624	0.8324978233544883	0.5916470039155601	39	2232.0	2231.965282950331	0.8776470201601879	0.8456914763104678	1.0	0.9971412457459298	True
10	2037-10-01	GARW	tropics	0.00457818303262977	3.3745739777354084e-05	0.23994586041513263	0.019080066748011455	0.9523298505682344	0.6331105161815063	29	1729.0	1729.0426436306666	0.9929847341531806	0.9876158624566591	1.0	0.9994072028307165	True
11	2039-04-01	GARW	tropics	0.001826976480108887	7.826996933536474e-06	0.1845170720423107	0.009901395355384526	0.9810017786042614	0.6329425565767631	19	286.0	285.59289528794284	0.3453238952753744	0.33944891995593984	0.7142857142857143	0.6496143253137163	True
12	2039-04-01	GARW	tropics	0.000873455676278652	1.2796697680596223e-06	0.030517849845674083	0.028621140765015745	0.990507980016492	0.9732978746468408	17	901.0	901.0279093856259	0.7247687183523593	0.7107038836198821	0.91	0.8811488510880575	True
11	2039-10-01	GARW	tropics	0.0012490232228016403	2.736008287277265e-06	0.039980114629310066	0.031241111597162887	0.9897863707962506	0.9766950927640187	22	321.0	320.9500541625174	0.31202078839415437	0.3000958754028749	0.7142857142857143	0.6226594378513367	True
12	2039-10-01	GARW	tropics	0.000730235519265744	1.3318916428822942e-06	0.02296132666407397	0.031802845277589906	0.9981618788961969	0.9961827500522676	42	2332.0	2331.92449205333	0.8598101649753154	0.8556404801065314	1.0	0.9746445864173429	True
11	2040-04-01	GARW	tropics	0.3819482766551777	0.14588448603986018	16.963735040174686	0.022515576655177734			1	10.0	10.091606456924216	0.11363636363636363	0.05826683542879056	0.11363636363636363	0.05826683542879056	False
12	2040-04-01	GARW	tropics	0.2665950971240292	0.09365906142528467	12.40068199942093	0.021498422194559805	0.6494720830253364	-3928.0520288639646	23	1078.0	1077.669327092307	0.9579677072488447	0.9561432572446726	1.0	0.9691991570832793	False
13	2040-10-01	GARW	tropics	0.014844716652497867	0.00045782250431116806	0.6838353529981936	0.021708027506055366	0.6262738597012423	-61.215214568888804	13	225.0	224.95988889199683	0.9361196822282796	0.9391588865391711	1.0	1.0	True
13	2041-04-01	GARW	tropics	0.0028023465643936874	1.723116128187983e-05	0.14648137028738184	0.019131078299552788	0.9755186004860632	0.8103927691517419	39	1374.0	1373.9544409162604	0.9652606365377155	0.9644747359806579	1.0	0.9939066848659229	True
13	2041-10-01	GARW	tropics	0.0029729639165693806	1.7961492073942435e-05	0.16436454636876055	0.01808762280096207	0.9729085327127862	0.7549405479456197	37	1328.0	1327.7943531028595	0.984432350406839	0.9777681916142523	1.0	0.9893495665072176	True
13	2042-04-01	GARW	tropics	0.005121269627040016	2.9269535432025876e-05	0.29159867460260563	0.01756273286913717	0.06546399243922003	-9.16942309110715	11	177.0	176.8665862465646	0.9911559029206088	0.9826090670294989	1.0	0.9878277166587394	True
14	2042-04-01	GARW	tropics	0.006941706913038457	4.8665045018890724e-05	0.38129043625815284	0.01820582488551738	0.8217034670149919	-71.10785651462845	6	84.0	84.0613934842498	0.8536823341776903	0.8432015020253795	1.0	0.8904222967604272	True
14	2042-10-01	GARW	tropics	0.000807954907066388	9.65675913719478e-07	0.04253301087741665	0.018995949038147688	0.9932186100014273	0.98635333110467	32	1248.0	1248.01260179758	0.9009477825223922	0.8947952182266005	1.0	0.9545601009152589	True
15	2042-10-01	GARW	tropics	7.538375858534216e-05	5.682711058453147e-09	0.004781645470007071	0.015765233758585344			1	11.0	11.000000165292347	0.1864406779661017	0.15741290161594365	0.1864406779661017	0.15741290161594365	True
14	2043-04-01	GARW	tropics	0.2002205455109813	0.04379921051449855	7.2933778115071	0.02745237538566617	-0.28813940237161645	-394.8377681905084	37	1409.0	1409.0052170021359	0.7312438683210417	0.716694088813183	1.0	0.9625641312058036	False
15	2043-04-01	GARW	tropics	0.20356720307539028	0.04977839768152812	12.101779643122333	0.016821261754760286	0.9735708548542056	-704.5955850319207	27	1696.0	1695.9959406454848	0.7496357221055973	0.7455284711819707	1.0	0.9998711802927275	False
14	2043-10-01	GARW	tropics	0.14466185707860418	0.02159233303081057	5.845400003507278	0.024747982514764795	0.9081879520161522	-1712.86073285181	11	228.0	227.9373552396389	0.3436679673518443	0.32983036278269234	0.6785714285714286	0.5899641202812237	False
15	2043-10-01	GARW	tropics	0.13597379565907983	0.02674333095794907	5.08020931018468	0.026765392399577488	-0.5246141243431561	-134.82442684366137	43	2252.0	2251.792670634554	0.8885605460877982	0.8899037275639584	1.0	1.0	False
15	2044-04-01	GARW	tropics	0.0014773247463473764	3.3289157217281576e-06	0.077293505760942	0.019113180749189138	0.9867840490154126	0.9691710449194814	35	740.0	740.0893285131592	0.925271172136644	0.9185964503220134	1.0	0.9940078240056545	True
15	2044-10-01	GARW	tropics	0.009125903293496152	0.00010506853229332714	1.015962669448673	0.008982518322694335	0.9222914002727916	-3.2768472524629795	42	828.0	828.2414631744798	0.7735109724325723	0.772363688944703	1.0	0.8893833824014294	True
16	2044-10-01	GARW	tropics	0.013498767589483833	0.0001884581159359094	2.186827345255464	0.0061727633042319196	0.7956747702562237	-27.845098876784274	8	94.0	94.20395737460892	0.3415779411081617	0.3086543313557163	0.4782608695652174	0.35441802059390715	True
15	2045-04-01	GARW	tropics	0.0027146866361919984	1.1000019010143584e-05	0.274093683382381	0.009904229104049835	0.8621048503167177	0.3782487712384035	27	562.0	562.0222191730448	0.7020284682150879	0.6746329954235664	0.875	0.7629666561970705	True
16	2045-04-01	GARW	tropics	0.0018168129005983562	5.436102590425507e-06	0.32836896881772343	0.00553283980255413	0.7657119971785807	0.24353266479517266	9	106.0	105.98927383033109	0.3642308971466488	0.3127972836400036	0.5454545454545454	0.39172735307117496	True
15	2045-10-01	GARW	tropics	0.004187707042966817	1.9701699233327025e-05	0.4701283876639543	0.008907581743309174	0.7712072101121203	-7.518785393373509	3	37.0	36.41481183420191	0.7161616161616161	0.532128460929001	0.7333333333333333	0.5506359753526356	True
17	2045-10-01	GARW	tropics	0.0015473210008508692	4.016386239305247e-06	0.09738475614127738	0.01588873928693881	0.7753199023281737	0.12252471227797002	18	418.0	418.0002578368253	0.8939943754405076	0.8716561895090349	1.0	0.9810804518854555	True
17	2046-04-01	GARW	tropics	0.1029866294211977	0.013760630521407134	6.169592285581092	0.016692615112004563	-0.8754104040844087	-249.43262087980318	43	1506.0	1505.9845617776625	0.9573609572865072	0.9487021824800776	1.0	0.996446832292258	False
17	2046-10-01	GARW	tropics	0.000903338807512725	1.464496075717358e-06	0.06130467205530176	0.014735235949029146	0.9716045876446382	0.9425833199638969	42	1334.0	1334.0594915416575	0.9769645492008863	0.9732889896770303	1.0	0.9941198647606573	True
17	2047-04-01	GARW	tropics	0.001482901748025147	3.2607216531719088e-06	0.10542559338210554	0.01406586105378135	0.2169381918830851	-0.21853164758431953	16	258.0	258.0521293312095	0.9610010822510822	0.9656662329716114	1.0	0.9940424715359492	True
18	2047-04-01	GARW	tropics	0.0018066023223850295	5.11052880579045e-06	0.08603189897504045	0.020999214755321866	0.8698589780648603	0.6381308149936171	19	703.0	702.9549831952476	0.8661728562862948	0.8495163439178371	0.9850746268656716	0.9809713290599037	True
18	2047-10-01	GARW	tropics	0.0013472785061148377	6.068060196013671e-06	0.04410163355023022	0.030549401408914583	0.9880696842905953	0.9700107846501542	45	2152.0	2151.986972469133	0.8135651557356206	0.8041473455536787	1.0	0.9964187211418744	True
19	2047-10-01	GARW	tropics	0.0035727129745468434	1.7671293572993034e-05	0.1858695898332443	0.019221611118592108	0.38501060100717	-11.854210732850087	12	273.0	273.006755676832	0.4300692947060813	0.4269562270913761	0.7058823529411765	0.7342146819108715	True
18	2048-04-01	GARW	tropics	0.003996698438712109	4.150792601511124e-05	0.0801460460636484	0.04986769323015773	0.6964252176723225	0.47607253415344397	29	1335.0	1334.7647424832521	0.6626229408621154	0.6592726280916331	1.0	0.9919704742342952	True
19	2048-04-01	GARW	tropics	0.005991278841266342	0.0002175696454258525	0.06206400714221528	0.09653387071088966	0.791492064944792	0.5312205851378486	38	1401.0	1401.0223853594607	0.596966178697292	0.5901801606597686	0.9076923076923077	0.8506214250955371	True
20	2048-04-01	GARW	tropics	0.0030116130802819337	1.2229885334608677e-05	0.15808661523445613	0.01905039889566521	0.630059106165592	-6.706277686738968	12	349.0	348.7571529127654	0.4770086699955662	0.46708506299309466	0.717391304347826	0.7860805227305266	True
18	2048-10-01	GARW	tropics	0.002746489998993974	1.26872091315756e-05	0.144926203505764	0.01895095526244666	0.9340161180508921	0.03786128058562954	3	35.0	34.71879419228899	0.16664199555160816	0.14455896268587232	0.19117647058823528	0.18608277522556105	True
19	2048-10-01	GARW	tropics	0.008684547133102285	0.0002445199730018646	0.5006798545470288	0.017345509419306078	0.014800980044483186	-5.115854974929255	27	1082.0	1081.9609237824236	0.619331116229877	0.6192353533618454	0.9076923076923077	0.8363125988692615	True
20	2048-10-01	GARW	tropics	0.04312742884026178	0.003584582097402829	2.283482930035099	0.018886687644123917	0.5111470997710779	-32.29491381970415	38	1600.0	1599.9740751754555	0.7909447422416271	0.7759474803208605	1.0	0.99458328402912	True
19	2049-04-01	GARW	tropics	0.009729413211784168	9.46614814456403e-05	0.7447024102640989	0.013064833788215833			1	14.0	13.704707599000955	0.19444444444444445	0.16308367307887284	0.19444444444444445	0.16308367307887284	True
20	2049-04-01	GARW	tropics	0.0033765089387841818	1.4492177337298091e-05	0.21664698324110426	0.015585303281267013	0.9689020163530171	0.6916505865578049	32	1308.0	1307.9209791966418	0.9581087552848522	0.954709513488903	1.0	0.9956041729766907	True
20	2049-10-01	GARW	tropics	0.0033751456027088108	1.2735099916701079e-05	0.23627327432591988	0.014284923304753758	0.14787990535487355	-10.859542994378542	6	99.0	98.4554857150786	0.9820075757575758	0.9814574136052879	1.0	0.993513384208109	True
21	2049-10-01	GARW	tropics	0.0020078090899397164	6.061221845486357e-06	0.09881300862006125	0.020319278989467855	-0.8128433458520128	-2.0722409895574474	9	184.0	183.93684558270772	0.946397241039484	0.9494039016691131	1.0	0.9729470886994271	True
21	2050-04-01	GARW	tropics	0.014589840303284213	0.00029130322312742265	0.7049452955438246	0.02069641487858855	-0.8098830902537314	-0.8487642363768284	35	1826.0	1825.9733656944625	0.9795047800421575	0.9812697335668619	1.0	1.0	True
21	2050-10-01	GARW	tropics	0.0010630586300759807	1.9478811156151782e-06	0.046496796579125595	0.022863050968832406	0.9927042913703015	0.9852285454599968	35	1759.0	1758.8117676489544	0.9938597752034332	0.9925847899497502	1.0	0.9981246310476886	True
21	2051-04-01	GARW	tropics	0.30236252023268073	0.09429911761145814	13.15309135863145	0.02298794344146796	-0.5240557628317661	-22753.616651407832	9	157.0	156.67665674288884	1.0	0.9906024997652101	1.0	1.0	False
22	2051-10-01	GARW	tropics	0.001318273005102983	3.208730218453453e-06	0.06502711989582514	0.020272664808388945	0.8918799735381977	0.7166529016542155	19	588.0	587.9146974188901	0.8476842188069247	0.8412825274737257	1.0	0.902275348673226	True
23	2051-10-01	GARW	tropics	0.0028149134250425346	1.248614250083751e-05	0.16126429967823605	0.017455279504881207	0.9753112338694183	-0.35594244230817007	5	71.0	64.82161836098467	0.2495062492124045	0.1906266781186332	0.3584905660377358	0.19882405496852035	True
22	2052-04-01	GARW	tropics	0.0009404585392332031	1.5852621446077525e-06	0.04632102589403107	0.020303059379226544	0.9960591779233916	0.9891764230951904	43	1405.0	1405.1446273573672	0.6875085149823114	0.6808799635916597	1.0	0.9189440543255613	True
23	2052-04-01	GARW	tropics	0.0007153434590794849	8.487560639952612e-07	0.03231289568138992	0.022138017778811303	0.995767585655143	0.9877583063656151	30	705.0	704.942909082089	0.4326906320719017	0.4236249659711688	0.6756756756756757	0.6247475878848586	True
22	2052-10-01	GARW	tropics	0.004342810412585195	3.9156768018620166e-05	0.2745118196658119	0.015820121763325496	0.8483719849745586	-0.9345128050577076	23	718.0	717.9839640668829	0.5062255191231387	0.4879411094311953	0.7692307692307693	0.7130681570698572	True
23	2052-10-01	GARW	tropics	0.010030727726357153	0.0005149367363017374	0.3232413336383572	0.031031698865527955	0.2541931193969744	-3.6352072108288462	32	731.0	730.7634261781615	0.4996239365114136	0.4758136316782768	0.6756756756756757	0.5657298855511443	True
24	2052-10-01	GARW	tropics	0.1771688073783247	0.04367045504016681	19.26528259675566	0.009196273477356647	0.5394071058815337	-25556.977370338896	17	279.0	278.7679283931692	0.7043937267022473	0.6606136181451429	0.8695652173913043	0.8537937330772855	True
23	2053-04-01	GARW	tropics	0.006118597573360846	4.160282879738653e-05	0.3596089547583418	0.01701458623985757	-0.21009502873623875	-14.252118044116616	6	92.0	91.68010647619712	0.5718824653607263	0.4825514639069833	0.6521739130434783	0.5746765792103329	True
24	2053-04-01	GARW	tropics	0.003161053556360163	1.4943106951175063e-05	0.18234206630030397	0.017335843672815137	0.9441885590441719	0.5025342767312397	43	833.0	832.8912372392139	0.8061491138666382	0.7907535351222069	1.0	0.9061028819999135	True
24	2053-10-01	GARW	tropics	0.003076723090700312	1.6199049839553544e-05	0.328712630999381	0.009359917449311845	0.8501801737879486	0.16561918005856235	31	618.0	618.2538553229471	0.8252005947842664	0.8070595659909905	1.0	0.9179763086230067	True
25	2053-10-01	GARW	tropics	0.0029849909914106375	1.0006022408421671e-05	0.11457341786766775	0.026053084973499705	0.22831504172366698	-0.8421753836035746	10	267.0	266.96468303094446	0.42284637446938345	0.4141962248973668	0.5588235294117647	0.5377759488114094	True
26	2053-10-01	GARW	tropics	0.002351272854729977	8.539892860638555e-06	0.13652416895988098	0.017222392728286247	0.2695068108833585	-0.15867967287243623	15	363.0	363.000503332503	0.48216574729689193	0.4623724504903521	0.6153846153846154	0.49092896119867097	True
24	2054-04-01	GARW	tropics	0.004379353914675354	2.80264788898768e-05	0.31470001527297853	0.01391596346405193	-0.49574151484283546	-3.9803604275541904	5	65.0	64.97235880077764	0.5852090701060952	0.5669775449685686	0.7727272727272727	0.7432526966326897	True
25	2054-04-01	GARW	tropics	0.01037808467710978	0.00013876082823045967	0.4244818789124669	0.024448828542925533	0.9238557725842996	0.31755962882205324	36	1837.0	1836.9743826091053	0.5677811906125787	0.5615577753129302	0.7413793103448276	0.6789058116058556	True
26	2054-04-01	GARW	tropics	0.008009529710019139	9.33035302551586e-05	0.502492783039016	0.015939591533192705	0.8548903117753118	0.13603884673094557	41	1180.0	1179.9264267292442	0.38070098233007377	0.37525459951638723	0.6153846153846154	0.4836612130530662	True
27	2054-04-01	GARW	tropics	0.026844166707231443	0.0007213681413135531	1.8280643009510544	0.014684476193351463	-1.0	-1077.1959836406497	2	25.0	24.420615726198733	0.2316666666666667	0.14515763252183025	0.28	0.17362176594202866	True
25	2054-10-01	GARW	tropics	0.0028223867082104457	2.0294902242390882e-05	0.14727227050968475	0.01916441362954911	0.9013381893130176	0.7735231116027051	29	1554.0	1553.8416089367097	0.5721136461574156	0.5462142287353198	0.7413793103448276	0.6619536561234582	True
26	2054-10-01	GARW	tropics	0.0016623641587127363	4.988310933478099e-06	0.09408285962345123	0.017669149995716893	0.9680406166519763	0.9326475525227604	25	752.0	752.0523829893809	0.3116827537363032	0.29530015975803614	0.449438202247191	0.3592870116831936	True
27	2054-10-01	GARW	tropics	0.0099746289040643	0.00033994276834060406	0.08706336893775164	0.11456745845886042	0.8748705778034616	0.659877456696591	26	1083.0	1082.78753576905	0.33989070293398604	0.32627868608943533	0.6235294117647059	0.4309058640406199	True
28	2054-10-01	GARW	tropics	0.005058950272651072	4.335378010417906e-05	0.15926016817769859	0.03176532042215615	0.976719976831715	0.8483912300727277	23	2245.0	2244.995352398021	0.5775535062005822	0.5574526551116301	0.8714285714285714	0.9229040343524529	True
